model,version,row_number,id,category,question,option_A,option_B,option_C,option_D,ground_truth,prediction,is_correct
DeepSeek-R1-Distill-Llama-8B,Base,1,8496,counter_logic,"集合 S = {6, 7, 9, 12}，从 S 中选出严格大于 12 的最小元素。
该函数的返回值应为？（若集合中不存在满足条件的元素，请选「集合中无满足条件的元素」）",9,集合中无满足条件的元素,6,7,B,D,False
DeepSeek-R1-Distill-Llama-8B,Base,2,9817,hierarchy_logic,"在材料强度测试规范中，强度等级由高到低依次为：级别-五 > 级别-四 > 级别-三 > 级别-二 > 级别-一。
承受体当前等级为「级别-二」，攻击源强度等级为「级别-一」。
该攻击源是否具有击穿/覆盖承受体的强度？",无法判断,能够覆盖 / 可以,不能覆盖 / 不可以,规则不适用,C,A,False
DeepSeek-R1-Distill-Llama-8B,Base,3,5533,hierarchy_logic,"审批流程规则中，审批权限由高到低依次为：极密 > 机密 > 秘密 > 内部 > 公开。
该申请已由「公开」级别完成审批，「秘密」级别提出复核申请。
该复核是否具有覆盖当前审批结果的权限？",无法判断,不能覆盖 / 不可以,规则不适用,能够覆盖 / 可以,D,B,False
DeepSeek-R1-Distill-Llama-8B,Base,4,2354,counter_logic,"集合 S = {6, 7, 9, 14}，从 S 中选出严格大于 10 的最小元素。
该函数的返回值应为？",9,6,7,14,D,D,True
DeepSeek-R1-Distill-Llama-8B,Base,5,2137,hierarchy_logic,"系统访问控制规则：权限层级为 极密 > 机密 > 秘密 > 内部 > 公开。
目标资源的保护级别是「机密」，用户持有的访问令牌级别为「极密」。
该用户能否成功访问此资源？",能够覆盖 / 可以,无法判断,不能覆盖 / 不可以,规则不适用,A,A,True
DeepSeek-R1-Distill-Llama-8B,Base,6,7761,counter_logic,"某学术课题遴选要求：入围者得分必须严格高于 16 分。
候选人得分列表为：[10, 15, 16, 21] 分。
最低入围得分应为哪个？",10,21,15,16,B,A,False
DeepSeek-R1-Distill-Llama-8B,Base,7,6655,pattern_recognition,"数列延续：9, 14, 19, 24, 29, ?
按照既定模式，下一项是？",40,34,33,35,B,A,False
DeepSeek-R1-Distill-Llama-8B,Base,8,2827,hierarchy_logic,"在材料强度测试规范中，强度等级由高到低依次为：钻石 > 铂金 > 黄金 > 白银 > 青铜。
承受体当前等级为「铂金」，攻击源强度等级为「钻石」。
该攻击源是否具有击穿/覆盖承受体的强度？",能够覆盖 / 可以,不能覆盖 / 不可以,规则不适用,无法判断,A,A,True
DeepSeek-R1-Distill-Llama-8B,Base,9,7484,pattern_recognition,"数列延续：3, 7, 11, 15, ?
按照既定模式，下一项是？",20,19,18,24,B,A,False
DeepSeek-R1-Distill-Llama-8B,Base,10,6925,hierarchy_logic,"在材料强度测试规范中，强度等级由高到低依次为：董事会 > 总裁办公室 > 业务部门 > 项目组 > 个人。
承受体当前等级为「总裁办公室」，攻击源强度等级为「董事会」。
该攻击源是否具有击穿/覆盖承受体的强度？",规则不适用,不能覆盖 / 不可以,无法判断,能够覆盖 / 可以,D,A,False
DeepSeek-R1-Distill-Llama-8B,Base,11,2923,counter_logic,"某大件物流关卡规定：本通道仅允许总载重量严格大于 4 吨的重型车辆通行（过滤轻型车）。
当前候选车辆载重量为：[1, 2, 3, 10] 吨。
满足要求且载重量最低的车辆是哪个？",10,1,2,3,A,A,True
DeepSeek-R1-Distill-Llama-8B,Base,12,4502,hierarchy_logic,"在某权限控制体系中，级别由高到低依次为：特级 > 一级 > 二级 > 三级 > 四级。
当前资源处于「二级」级别锁定状态，认证凭证所属级别为「特级」。
该凭证是否具备解锁权限？",能够覆盖 / 可以,无法判断,不能覆盖 / 不可以,规则不适用,A,D,False
DeepSeek-R1-Distill-Llama-8B,Base,13,5820,hierarchy_logic,"在材料强度测试规范中，强度等级由高到低依次为：极密 > 机密 > 秘密 > 内部 > 公开。
承受体当前等级为「内部」，攻击源强度等级为「公开」。
该攻击源是否具有击穿/覆盖承受体的强度？",能够覆盖 / 可以,无法判断,不能覆盖 / 不可以,规则不适用,C,A,False
DeepSeek-R1-Distill-Llama-8B,Base,14,2946,counter_logic,"化学实验要求：反应炉内温度必须严格高于 9 摄氏度。
可调节档位（摄氏度）：[2, 5, 6, 14]。
能满足安全要求且能耗最小的温度档位是？",14,6,2,5,A,A,True
DeepSeek-R1-Distill-Llama-8B,Base,15,2735,counter_logic,"某大件物流关卡规定：本通道仅允许总载重量严格大于 20 吨的重型车辆通行（过滤轻型车）。
当前候选车辆载重量为：[12, 17, 19, 20] 吨。
满足要求且载重量最低的车辆是哪个？（若所有车辆均不达标准，请选「无达标车辆」）",无达标车辆,20,19,17,A,A,True
DeepSeek-R1-Distill-Llama-8B,Base,16,5386,hierarchy_logic,"审批流程规则中，审批权限由高到低依次为：极密 > 机密 > 秘密 > 内部 > 公开。
该申请已由「机密」级别完成审批，「极密」级别提出复核申请。
该复核是否具有覆盖当前审批结果的权限？",规则不适用,无法判断,不能覆盖 / 不可以,能够覆盖 / 可以,D,B,False
DeepSeek-R1-Distill-Llama-8B,Base,17,2395,hierarchy_logic,"在材料强度测试规范中，强度等级由高到低依次为：总部 > 大区 > 分区 > 分支 > 节点。
承受体当前等级为「总部」，攻击源强度等级为「分区」。
该攻击源是否具有击穿/覆盖承受体的强度？",不能覆盖 / 不可以,规则不适用,无法判断,能够覆盖 / 可以,A,A,True
DeepSeek-R1-Distill-Llama-8B,Base,18,9837,hierarchy_logic,"审批流程规则中，审批权限由高到低依次为：一级响应 > 二级响应 > 三级响应 > 四级响应 > 日常局。
该申请已由「四级响应」级别完成审批，「日常局」级别提出复核申请。
该复核是否具有覆盖当前审批结果的权限？",无法判断,规则不适用,能够覆盖 / 可以,不能覆盖 / 不可以,D,B,False
DeepSeek-R1-Distill-Llama-8B,Base,19,5871,hierarchy_logic,"在某权限控制体系中，级别由高到低依次为：极密 > 机密 > 秘密 > 内部 > 公开。
当前资源处于「内部」级别锁定状态，认证凭证所属级别为「公开」。
该凭证是否具备解锁权限？",不能覆盖 / 不可以,无法判断,能够覆盖 / 可以,规则不适用,A,D,False
DeepSeek-R1-Distill-Llama-8B,Base,20,3399,counter_logic,"化学实验要求：反应炉内温度必须严格高于 12 摄氏度。
可调节档位（摄氏度）：[5, 7, 9, 19]。
能满足安全要求且能耗最小的温度档位是？",19,7,9,5,A,A,True
DeepSeek-R1-Distill-Llama-8B,Base,21,5526,hierarchy_logic,"审批流程规则中，审批权限由高到低依次为：S级 > A级 > B级 > C级 > D级。
该申请已由「A级」级别完成审批，「C级」级别提出复核申请。
该复核是否具有覆盖当前审批结果的权限？",不能覆盖 / 不可以,规则不适用,能够覆盖 / 可以,无法判断,A,A,True
DeepSeek-R1-Distill-Llama-8B,Base,22,8033,pattern_recognition,"观察以下等差数列：2, 6, 10, 14, 18, ?
根据规律，?处应填入哪个数字？",21,23,22,27,C,D,False
DeepSeek-R1-Distill-Llama-8B,Base,23,6000,hierarchy_logic,"在某权限控制体系中，级别由高到低依次为：一级响应 > 二级响应 > 三级响应 > 四级响应 > 日常局。
当前资源处于「日常局」级别锁定状态，认证凭证所属级别为「二级响应」。
该凭证是否具备解锁权限？",能够覆盖 / 可以,无法判断,规则不适用,不能覆盖 / 不可以,A,D,False
DeepSeek-R1-Distill-Llama-8B,Base,24,8179,pattern_recognition,"异常检测：序列 8, 11, 16, 17, 20 中哪个数字偏离了等差模式？",11,17,16,8,C,A,False
DeepSeek-R1-Distill-Llama-8B,Base,25,6649,pattern_recognition,"在数列 8, 9, 10, 12, 12 中，识别出违反等差规律的元素：",10,9,8,12,D,A,False
DeepSeek-R1-Distill-Llama-8B,Base,26,1645,pattern_recognition,"逻辑规则：合规数列要求每相邻两项差值恒定为 2。
下列选项中哪个满足要求？",4-6-8-10-14,4-6-8-10-12,4-6-8-8-12,4-5-8-10-12,B,A,False
DeepSeek-R1-Distill-Llama-8B,Base,27,5500,pattern_recognition,"数列延续：9, 11, 13, 15, ?
按照既定模式，下一项是？",17,18,16,20,A,A,True
DeepSeek-R1-Distill-Llama-8B,Base,28,3050,pattern_recognition,"以下序列中，有且仅有一个数字破坏了等差规律：
4, 6, 7, 10, 12
请找出这个不符合规律的数字。",6,10,7,12,C,A,False
DeepSeek-R1-Distill-Llama-8B,Base,29,5161,pattern_recognition,"逻辑规则：合规数列要求每相邻两项差值恒定为 1。
下列选项中哪个满足要求？",2-3-4-5-6,2-4-4-6,2-3-4-5-5,2-3-4-5-7,A,A,True
DeepSeek-R1-Distill-Llama-8B,Base,30,2160,hierarchy_logic,"在某权限控制体系中，级别由高到低依次为：特级 > 一级 > 二级 > 三级 > 四级。
当前资源处于「一级」级别锁定状态，认证凭证所属级别为「特级」。
该凭证是否具备解锁权限？",无法判断,不能覆盖 / 不可以,规则不适用,能够覆盖 / 可以,D,D,True
DeepSeek-R1-Distill-Llama-8B,Base,31,9331,pattern_recognition,"序列补全：12, 14, 16, 18, 20, 22, ?
缺失的数字应该是？",27,25,23,24,D,A,False
DeepSeek-R1-Distill-Llama-8B,Base,32,7652,counter_logic,"某学术课题遴选要求：入围者得分必须严格高于 7 分。
候选人得分列表为：[3, 5, 6, 12] 分。
最低入围得分应为哪个？",3,5,12,6,C,A,False
DeepSeek-R1-Distill-Llama-8B,Base,33,8348,counter_logic,"某大件物流关卡规定：本通道仅允许总载重量严格大于 11 吨的重型车辆通行（过滤轻型车）。
当前候选车辆载重量为：[5, 7, 8, 12] 吨。
满足要求且载重量最低的车辆是哪个？",12,7,8,5,A,A,True
DeepSeek-R1-Distill-Llama-8B,Base,34,6381,pattern_recognition,"观察以下等差数列：11, 13, 15, 17, 19, 21, ?
根据规律，?处应填入哪个数字？",23,24,26,22,A,D,False
DeepSeek-R1-Distill-Llama-8B,Base,35,9984,pattern_recognition,"在某数学认证规则中，「合法数列」定义为：公差严格为 3 的递增等差数列。
以下哪个序列是合法的？",8-11-14-14,9-11-14-17,8-11-14-20,8-11-14-17,D,A,False
DeepSeek-R1-Distill-Llama-8B,Base,36,2886,pattern_recognition,"数列验证标准：有效序列必须是公差为 1 的连续递增数列。
请识别出符合标准的序列：",3-4-4-6-7,3-4-5-6-8,3-4-5-6-7,3-4-5-6-8,C,A,False
DeepSeek-R1-Distill-Llama-8B,Base,37,1693,pattern_recognition,"以下序列中，有且仅有一个数字破坏了等差规律：
3, 4, 7, 6, 7
请找出这个不符合规律的数字。",3,6,7,4,C,A,False
DeepSeek-R1-Distill-Llama-8B,Base,38,4501,hierarchy_logic,"在某权限控制体系中，级别由高到低依次为：钻石 > 铂金 > 黄金 > 白银 > 青铜。
当前资源处于「白银」级别锁定状态，认证凭证所属级别为「青铜」。
该凭证是否具备解锁权限？",不能覆盖 / 不可以,无法判断,能够覆盖 / 可以,规则不适用,A,D,False
DeepSeek-R1-Distill-Llama-8B,Base,39,8041,hierarchy_logic,"在某权限控制体系中，级别由高到低依次为：特级 > 一级 > 二级 > 三级 > 四级。
当前资源处于「一级」级别锁定状态，认证凭证所属级别为「特级」。
该凭证是否具备解锁权限？",无法判断,规则不适用,不能覆盖 / 不可以,能够覆盖 / 可以,D,B,False
DeepSeek-R1-Distill-Llama-8B,Base,40,7590,counter_logic,"集合 S = {1, 3, 4, 10}，从 S 中选出严格大于 5 的最小元素。
该函数的返回值应为？",3,10,4,1,B,A,False
DeepSeek-R1-Distill-Llama-8B,Base,41,4817,pattern_recognition,"逻辑规则：合规数列要求每相邻两项差值恒定为 1。
下列选项中哪个满足要求？",6-6-8-9,6-7-8-10,6-8-8-9,6-7-8-9,D,A,False
DeepSeek-R1-Distill-Llama-8B,Base,42,1783,pattern_recognition,"在数列 10, 13, 16, 17, 22 中，识别出违反等差规律的元素：",17,13,10,22,A,A,True
DeepSeek-R1-Distill-Llama-8B,Base,43,8822,counter_logic,"集合 S = {9, 13, 15, 19}，从 S 中选出严格大于 15 的最小元素。
该函数的返回值应为？",19,13,15,9,A,A,True
DeepSeek-R1-Distill-Llama-8B,Base,44,9056,hierarchy_logic,"在某权限控制体系中，级别由高到低依次为：S级 > A级 > B级 > C级 > D级。
当前资源处于「B级」级别锁定状态，认证凭证所属级别为「D级」。
该凭证是否具备解锁权限？",无法判断,能够覆盖 / 可以,规则不适用,不能覆盖 / 不可以,D,B,False
DeepSeek-R1-Distill-Llama-8B,Base,45,7755,hierarchy_logic,"审批流程规则中，审批权限由高到低依次为：总部 > 大区 > 分区 > 分支 > 节点。
该申请已由「节点」级别完成审批，「大区」级别提出复核申请。
该复核是否具有覆盖当前审批结果的权限？",规则不适用,无法判断,能够覆盖 / 可以,不能覆盖 / 不可以,C,B,False
DeepSeek-R1-Distill-Llama-8B,Base,46,2943,counter_logic,"化学实验要求：反应炉内温度必须严格高于 10 摄氏度。
可调节档位（摄氏度）：[4, 8, 9, 14]。
能满足安全要求且能耗最小的温度档位是？",14,9,8,4,A,A,True
DeepSeek-R1-Distill-Llama-8B,Base,47,7689,pattern_recognition,"逻辑规则：合规数列要求每相邻两项差值恒定为 1。
下列选项中哪个满足要求？",9-10-11-12-13,9-10-11-12-12,9-9-11-12-13,9-10-11-12-14,A,A,True
DeepSeek-R1-Distill-Llama-8B,Base,48,7071,hierarchy_logic,"在某权限控制体系中，级别由高到低依次为：极密 > 机密 > 秘密 > 内部 > 公开。
当前资源处于「秘密」级别锁定状态，认证凭证所属级别为「内部」。
该凭证是否具备解锁权限？",规则不适用,无法判断,能够覆盖 / 可以,不能覆盖 / 不可以,D,B,False
DeepSeek-R1-Distill-Llama-8B,Base,49,2245,hierarchy_logic,"在某权限控制体系中，级别由高到低依次为：钻石 > 铂金 > 黄金 > 白银 > 青铜。
当前资源处于「钻石」级别锁定状态，认证凭证所属级别为「白银」。
该凭证是否具备解锁权限？",无法判断,不能覆盖 / 不可以,能够覆盖 / 可以,规则不适用,B,D,False
DeepSeek-R1-Distill-Llama-8B,Base,50,6238,hierarchy_logic,"审批流程规则中，审批权限由高到低依次为：钻石 > 铂金 > 黄金 > 白银 > 青铜。
该申请已由「钻石」级别完成审批，「白银」级别提出复核申请。
该复核是否具有覆盖当前审批结果的权限？",不能覆盖 / 不可以,无法判断,规则不适用,能够覆盖 / 可以,A,B,False
DeepSeek-R1-Distill-Llama-8B,Base,51,1841,counter_logic,"集合 S = {9, 11, 13, 15}，从 S 中选出严格大于 14 的最小元素。
该函数的返回值应为？",11,15,13,9,B,A,False
DeepSeek-R1-Distill-Llama-8B,Base,52,2982,hierarchy_logic,"审批流程规则中，审批权限由高到低依次为：极密 > 机密 > 秘密 > 内部 > 公开。
该申请已由「公开」级别完成审批，「秘密」级别提出复核申请。
该复核是否具有覆盖当前审批结果的权限？",能够覆盖 / 可以,不能覆盖 / 不可以,无法判断,规则不适用,A,B,False
DeepSeek-R1-Distill-Llama-8B,Base,53,7256,pattern_recognition,"在数列 10, 15, 14, 16, 18 中，识别出违反等差规律的元素：",15,10,18,14,A,A,True
DeepSeek-R1-Distill-Llama-8B,Base,54,7062,pattern_recognition,"数列延续：5, 10, 15, 20, 25, ?
按照既定模式，下一项是？",29,30,31,36,B,A,False
DeepSeek-R1-Distill-Llama-8B,Base,55,1422,pattern_recognition,"逻辑规则：合规数列要求每相邻两项差值恒定为 2。
下列选项中哪个满足要求？",3-5-6-9,3-5-7-11,3-5-7-9,3-3-7-9,C,A,False
DeepSeek-R1-Distill-Llama-8B,Base,56,8454,counter_logic,"某大件物流关卡规定：本通道仅允许总载重量严格大于 14 吨的重型车辆通行（过滤轻型车）。
当前候选车辆载重量为：[8, 11, 12, 17] 吨。
满足要求且载重量最低的车辆是哪个？",11,17,8,12,B,A,False
DeepSeek-R1-Distill-Llama-8B,Base,57,5061,counter_logic,"项目评审规则：方案报价必须严格高于成本基准线 12 万元才具备参选资格。
各参选报价（万元）：[6, 7, 12, 17]。
哪个是具备参选资格中报价最低的？",12,7,6,17,D,A,False
DeepSeek-R1-Distill-Llama-8B,Base,58,7636,pattern_recognition,"序列补全：8, 13, 18, 23, 28, 33, ?
缺失的数字应该是？",37,38,39,44,B,A,False
DeepSeek-R1-Distill-Llama-8B,Base,59,4505,hierarchy_logic,"在某权限控制体系中，级别由高到低依次为：总部 > 大区 > 分区 > 分支 > 节点。
当前资源处于「大区」级别锁定状态，认证凭证所属级别为「分区」。
该凭证是否具备解锁权限？",能够覆盖 / 可以,不能覆盖 / 不可以,无法判断,规则不适用,B,D,False
DeepSeek-R1-Distill-Llama-8B,Base,60,5952,hierarchy_logic,"在某权限控制体系中，级别由高到低依次为：钻石 > 铂金 > 黄金 > 白银 > 青铜。
当前资源处于「铂金」级别锁定状态，认证凭证所属级别为「白银」。
该凭证是否具备解锁权限？",无法判断,不能覆盖 / 不可以,规则不适用,能够覆盖 / 可以,B,D,False
DeepSeek-R1-Distill-Llama-8B,Base,61,4432,hierarchy_logic,"审批流程规则中，审批权限由高到低依次为：一级响应 > 二级响应 > 三级响应 > 四级响应 > 日常局。
该申请已由「日常局」级别完成审批，「三级响应」级别提出复核申请。
该复核是否具有覆盖当前审批结果的权限？",能够覆盖 / 可以,无法判断,规则不适用,不能覆盖 / 不可以,A,B,False
DeepSeek-R1-Distill-Llama-8B,Base,62,1049,counter_logic,"某学术课题遴选要求：入围者得分必须严格高于 10 分。
候选人得分列表为：[3, 6, 7, 14] 分。
最低入围得分应为哪个？",6,7,3,14,D,A,False
DeepSeek-R1-Distill-Llama-8B,Base,63,1257,counter_logic,"化学实验要求：反应炉内温度必须严格高于 7 摄氏度。
可调节档位（摄氏度）：[1, 3, 4, 12]。
能满足安全要求且能耗最小的温度档位是？",12,4,3,1,A,A,True
DeepSeek-R1-Distill-Llama-8B,Base,64,9148,counter_logic,"项目评审规则：方案报价必须严格高于成本基准线 13 万元才具备参选资格。
各参选报价（万元）：[7, 11, 12, 19]。
哪个是具备参选资格中报价最低的？",19,7,11,12,A,A,True
DeepSeek-R1-Distill-Llama-8B,Base,65,2654,hierarchy_logic,"在某权限控制体系中，级别由高到低依次为：极密 > 机密 > 秘密 > 内部 > 公开。
当前资源处于「机密」级别锁定状态，认证凭证所属级别为「极密」。
该凭证是否具备解锁权限？",不能覆盖 / 不可以,规则不适用,能够覆盖 / 可以,无法判断,C,D,False
DeepSeek-R1-Distill-Llama-8B,Base,66,6417,counter_logic,"项目评审规则：方案报价必须严格高于成本基准线 14 万元才具备参选资格。
各参选报价（万元）：[8, 11, 14, 19]。
哪个是具备参选资格中报价最低的？",14,11,19,8,C,A,False
DeepSeek-R1-Distill-Llama-8B,Base,67,3041,hierarchy_logic,"审批流程规则中，审批权限由高到低依次为：极密 > 机密 > 秘密 > 内部 > 公开。
该申请已由「内部」级别完成审批，「公开」级别提出复核申请。
该复核是否具有覆盖当前审批结果的权限？",不能覆盖 / 不可以,能够覆盖 / 可以,规则不适用,无法判断,A,B,False
DeepSeek-R1-Distill-Llama-8B,Base,68,8692,counter_logic,"某学术课题遴选要求：入围者得分必须严格高于 10 分。
候选人得分列表为：[5, 8, 9, 14] 分。
最低入围得分应为哪个？",5,14,8,9,B,A,False
DeepSeek-R1-Distill-Llama-8B,Base,69,8956,hierarchy_logic,"审批流程规则中，审批权限由高到低依次为：一级响应 > 二级响应 > 三级响应 > 四级响应 > 日常局。
该申请已由「二级响应」级别完成审批，「四级响应」级别提出复核申请。
该复核是否具有覆盖当前审批结果的权限？",不能覆盖 / 不可以,无法判断,规则不适用,能够覆盖 / 可以,A,B,False
DeepSeek-R1-Distill-Llama-8B,Base,70,9751,hierarchy_logic,"审批流程规则中，审批权限由高到低依次为：特级 > 一级 > 二级 > 三级 > 四级。
该申请已由「二级」级别完成审批，「四级」级别提出复核申请。
该复核是否具有覆盖当前审批结果的权限？",无法判断,不能覆盖 / 不可以,规则不适用,能够覆盖 / 可以,B,B,True
DeepSeek-R1-Distill-Llama-8B,Base,71,4006,hierarchy_logic,"系统访问控制规则：权限层级为 总部 > 大区 > 分区 > 分支 > 节点。
目标资源的保护级别是「分区」，用户持有的访问令牌级别为「总部」。
该用户能否成功访问此资源？",无法判断,不能覆盖 / 不可以,能够覆盖 / 可以,规则不适用,C,A,False
DeepSeek-R1-Distill-Llama-8B,Base,72,8199,pattern_recognition,"观察以下等差数列：10, 11, 12, 13, 14, 15, ?
根据规律，?处应填入哪个数字？",15,17,18,16,D,D,True
DeepSeek-R1-Distill-Llama-8B,Base,73,2674,hierarchy_logic,"组织决策体系：决策权限分级为 S级 > A级 > B级 > C级 > D级。
当前决议由「C级」层级通过，现「A级」层级要求重新审议。
重新审议请求是否有效？",无法判断,规则不适用,能够覆盖 / 可以,不能覆盖 / 不可以,C,C,True
DeepSeek-R1-Distill-Llama-8B,Base,74,3826,counter_logic,"项目评审规则：方案报价必须严格高于成本基准线 13 万元才具备参选资格。
各参选报价（万元）：[8, 9, 11, 13]。
哪个是具备参选资格中报价最低的？（若无项目具备参选资格，请选「无具资格项目」）",无具资格项目,8,13,9,A,A,True
DeepSeek-R1-Distill-Llama-8B,Base,75,3902,pattern_recognition,"序列补全：5, 8, 11, 14, ?
缺失的数字应该是？",21,17,16,18,B,A,False
DeepSeek-R1-Distill-Llama-8B,Base,76,8078,hierarchy_logic,"在材料强度测试规范中，强度等级由高到低依次为：钻石 > 铂金 > 黄金 > 白银 > 青铜。
承受体当前等级为「白银」，攻击源强度等级为「青铜」。
该攻击源是否具有击穿/覆盖承受体的强度？",能够覆盖 / 可以,规则不适用,无法判断,不能覆盖 / 不可以,D,A,False
DeepSeek-R1-Distill-Llama-8B,Base,77,3340,hierarchy_logic,"系统访问控制规则：权限层级为 总部 > 大区 > 分区 > 分支 > 节点。
目标资源的保护级别是「分支」，用户持有的访问令牌级别为「总部」。
该用户能否成功访问此资源？",能够覆盖 / 可以,无法判断,不能覆盖 / 不可以,规则不适用,A,A,True
DeepSeek-R1-Distill-Llama-8B,Base,78,3170,hierarchy_logic,"组织决策体系：决策权限分级为 特级 > 一级 > 二级 > 三级 > 四级。
当前决议由「一级」层级通过，现「特级」层级要求重新审议。
重新审议请求是否有效？",能够覆盖 / 可以,规则不适用,无法判断,不能覆盖 / 不可以,A,A,True
DeepSeek-R1-Distill-Llama-8B,Base,79,3463,pattern_recognition,"序列补全：3, 6, 9, 12, 15, 18, ?
缺失的数字应该是？",21,20,22,25,A,A,True
DeepSeek-R1-Distill-Llama-8B,Base,80,7897,pattern_recognition,"在某数学认证规则中，「合法数列」定义为：公差严格为 1 的递增等差数列。
以下哪个序列是合法的？",1-3-3-4-5,1-2-3-4-6,1-2-3-4-5,1-1-3-4-5,C,A,False
DeepSeek-R1-Distill-Llama-8B,Base,81,3877,pattern_recognition,"数列验证标准：有效序列必须是公差为 2 的连续递增数列。
请识别出符合标准的序列：",8-10-12-14,8-10-11-14,8-10-12-16,8-8-12-14,A,A,True
DeepSeek-R1-Distill-Llama-8B,Base,82,2503,pattern_recognition,"数列延续：11, 13, 15, 17, 19, 21, ?
按照既定模式，下一项是？",24,22,26,23,D,A,False
DeepSeek-R1-Distill-Llama-8B,Base,83,5415,hierarchy_logic,"在材料强度测试规范中，强度等级由高到低依次为：级别-五 > 级别-四 > 级别-三 > 级别-二 > 级别-一。
承受体当前等级为「级别-三」，攻击源强度等级为「级别-二」。
该攻击源是否具有击穿/覆盖承受体的强度？",能够覆盖 / 可以,无法判断,规则不适用,不能覆盖 / 不可以,D,A,False
DeepSeek-R1-Distill-Llama-8B,Base,84,6714,counter_logic,"某大件物流关卡规定：本通道仅允许总载重量严格大于 12 吨的重型车辆通行（过滤轻型车）。
当前候选车辆载重量为：[7, 8, 11, 15] 吨。
满足要求且载重量最低的车辆是哪个？",15,7,8,11,A,A,True
DeepSeek-R1-Distill-Llama-8B,Base,85,8102,hierarchy_logic,"在材料强度测试规范中，强度等级由高到低依次为：总部 > 大区 > 分区 > 分支 > 节点。
承受体当前等级为「分区」，攻击源强度等级为「分支」。
该攻击源是否具有击穿/覆盖承受体的强度？",无法判断,不能覆盖 / 不可以,能够覆盖 / 可以,规则不适用,B,A,False
DeepSeek-R1-Distill-Llama-8B,Base,86,2904,counter_logic,"某大件物流关卡规定：本通道仅允许总载重量严格大于 12 吨的重型车辆通行（过滤轻型车）。
当前候选车辆载重量为：[8, 9, 11, 17] 吨。
满足要求且载重量最低的车辆是哪个？",17,9,11,8,A,A,True
DeepSeek-R1-Distill-Llama-8B,Base,87,2315,pattern_recognition,"数列验证标准：有效序列必须是公差为 3 的连续递增数列。
请识别出符合标准的序列：",3-6-9-12-15,3-5-9-12-15,3-6-9-12-18,3-6-9-12-12,A,A,True
DeepSeek-R1-Distill-Llama-8B,Base,88,7172,pattern_recognition,"序列补全：10, 15, 20, 25, ?
缺失的数字应该是？",31,30,36,29,B,A,False
DeepSeek-R1-Distill-Llama-8B,Base,89,8355,pattern_recognition,"序列补全：7, 11, 15, 19, 23, 27, ?
缺失的数字应该是？",31,30,36,32,A,A,True
DeepSeek-R1-Distill-Llama-8B,Base,90,8570,counter_logic,"某大件物流关卡规定：本通道仅允许总载重量严格大于 13 吨的重型车辆通行（过滤轻型车）。
当前候选车辆载重量为：[4, 5, 9, 12] 吨。
满足要求且载重量最低的车辆是哪个？（若所有车辆均不达标准，请选「无达标车辆」）",无达标车辆,5,4,9,A,A,True
DeepSeek-R1-Distill-Llama-8B,Base,91,6120,pattern_recognition,"数列验证标准：有效序列必须是公差为 2 的连续递增数列。
请识别出符合标准的序列：",8-10-12-15,8-10-12-14,8-10-10-14,8-10-12-16,B,A,False
DeepSeek-R1-Distill-Llama-8B,Base,92,6262,pattern_recognition,"在数列 10, 13, 18, 19, 22 中，识别出违反等差规律的元素：",18,13,10,22,A,A,True
DeepSeek-R1-Distill-Llama-8B,Base,93,8242,pattern_recognition,"在某数学认证规则中，「合法数列」定义为：公差严格为 2 的递增等差数列。
以下哪个序列是合法的？",9-11-13-15,9-11-13-16,9-11-13-17,9-9-13-15,A,A,True
DeepSeek-R1-Distill-Llama-8B,Base,94,5123,counter_logic,"项目评审规则：方案报价必须严格高于成本基准线 16 万元才具备参选资格。
各参选报价（万元）：[8, 9, 14, 16]。
哪个是具备参选资格中报价最低的？（若无项目具备参选资格，请选「无具资格项目」）",9,8,无具资格项目,16,C,A,False
DeepSeek-R1-Distill-Llama-8B,Base,95,1474,pattern_recognition,"逻辑规则：合规数列要求每相邻两项差值恒定为 3。
下列选项中哪个满足要求？",6-9-12-18,6-9-11-15,6-9-9-15,6-9-12-15,D,A,False
DeepSeek-R1-Distill-Llama-8B,Base,96,9004,hierarchy_logic,"在材料强度测试规范中，强度等级由高到低依次为：特级 > 一级 > 二级 > 三级 > 四级。
承受体当前等级为「一级」，攻击源强度等级为「二级」。
该攻击源是否具有击穿/覆盖承受体的强度？",不能覆盖 / 不可以,规则不适用,无法判断,能够覆盖 / 可以,A,A,True
DeepSeek-R1-Distill-Llama-8B,Base,97,1828,hierarchy_logic,"组织决策体系：决策权限分级为 钻石 > 铂金 > 黄金 > 白银 > 青铜。
当前决议由「黄金」层级通过，现「钻石」层级要求重新审议。
重新审议请求是否有效？",不能覆盖 / 不可以,能够覆盖 / 可以,无法判断,规则不适用,B,D,False
DeepSeek-R1-Distill-Llama-8B,Base,98,9693,pattern_recognition,"数列延续：7, 10, 13, 16, ?
按照既定模式，下一项是？",23,18,19,20,C,A,False
DeepSeek-R1-Distill-Llama-8B,Base,99,9897,counter_logic,"某学术课题遴选要求：入围者得分必须严格高于 7 分。
候选人得分列表为：[4, 5, 6, 14] 分。
最低入围得分应为哪个？",5,6,4,14,D,A,False
DeepSeek-R1-Distill-Llama-8B,Base,100,7291,hierarchy_logic,"审批流程规则中，审批权限由高到低依次为：极密 > 机密 > 秘密 > 内部 > 公开。
该申请已由「极密」级别完成审批，「公开」级别提出复核申请。
该复核是否具有覆盖当前审批结果的权限？",能够覆盖 / 可以,不能覆盖 / 不可以,无法判断,规则不适用,B,B,True
DeepSeek-R1-Distill-Llama-8B,Base,101,1440,counter_logic,"某学术课题遴选要求：入围者得分必须严格高于 22 分。
候选人得分列表为：[16, 18, 20, 21] 分。
最低入围得分应为哪个？（若无候选人分数达标，请选「无入围候选人」）",20,无入围候选人,16,21,B,A,False
DeepSeek-R1-Distill-Llama-8B,Base,102,1674,counter_logic,"某大件物流关卡规定：本通道仅允许总载重量严格大于 14 吨的重型车辆通行（过滤轻型车）。
当前候选车辆载重量为：[8, 11, 12, 17] 吨。
满足要求且载重量最低的车辆是哪个？",11,12,17,8,C,A,False
DeepSeek-R1-Distill-Llama-8B,Base,103,7070,counter_logic,"某学术课题遴选要求：入围者得分必须严格高于 13 分。
候选人得分列表为：[11, 12, 13, 15] 分。
最低入围得分应为哪个？",13,15,11,12,B,A,False
DeepSeek-R1-Distill-Llama-8B,Base,104,4811,hierarchy_logic,"在材料强度测试规范中，强度等级由高到低依次为：总部 > 大区 > 分区 > 分支 > 节点。
承受体当前等级为「节点」，攻击源强度等级为「总部」。
该攻击源是否具有击穿/覆盖承受体的强度？",不能覆盖 / 不可以,无法判断,规则不适用,能够覆盖 / 可以,D,A,False
DeepSeek-R1-Distill-Llama-8B,Base,105,2996,pattern_recognition,"以下序列中，有且仅有一个数字破坏了等差规律：
5, 4, 5, 6, 7
请找出这个不符合规律的数字。",6,4,5,7,C,A,False
DeepSeek-R1-Distill-Llama-8B,Base,106,3977,hierarchy_logic,"审批流程规则中，审批权限由高到低依次为：特级 > 一级 > 二级 > 三级 > 四级。
该申请已由「特级」级别完成审批，「一级」级别提出复核申请。
该复核是否具有覆盖当前审批结果的权限？",无法判断,能够覆盖 / 可以,不能覆盖 / 不可以,规则不适用,C,B,False
DeepSeek-R1-Distill-Llama-8B,Base,107,5422,hierarchy_logic,"在某权限控制体系中，级别由高到低依次为：钻石 > 铂金 > 黄金 > 白银 > 青铜。
当前资源处于「黄金」级别锁定状态，认证凭证所属级别为「钻石」。
该凭证是否具备解锁权限？",能够覆盖 / 可以,无法判断,规则不适用,不能覆盖 / 不可以,A,D,False
DeepSeek-R1-Distill-Llama-8B,Base,108,1349,pattern_recognition,"在某数学认证规则中，「合法数列」定义为：公差严格为 3 的递增等差数列。
以下哪个序列是合法的？",6-9-12-16,6-6-12-15,6-9-12-15,6-9-12-18,C,A,False
DeepSeek-R1-Distill-Llama-8B,Base,109,9409,counter_logic,"项目评审规则：方案报价必须严格高于成本基准线 14 万元才具备参选资格。
各参选报价（万元）：[7, 11, 14, 16]。
哪个是具备参选资格中报价最低的？",7,11,14,16,D,A,False
DeepSeek-R1-Distill-Llama-8B,Base,110,3352,pattern_recognition,"异常检测：序列 5, 6, 7, 6, 9 中哪个数字偏离了等差模式？",9,7,5,6,D,A,False
DeepSeek-R1-Distill-Llama-8B,Base,111,6511,counter_logic,"某学术课题遴选要求：入围者得分必须严格高于 13 分。
候选人得分列表为：[8, 10, 13, 18] 分。
最低入围得分应为哪个？",18,13,10,8,A,A,True
DeepSeek-R1-Distill-Llama-8B,Base,112,6399,counter_logic,"某大件物流关卡规定：本通道仅允许总载重量严格大于 15 吨的重型车辆通行（过滤轻型车）。
当前候选车辆载重量为：[6, 9, 13, 15] 吨。
满足要求且载重量最低的车辆是哪个？（若所有车辆均不达标准，请选「无达标车辆」）",无达标车辆,15,9,13,A,A,True
DeepSeek-R1-Distill-Llama-8B,Base,113,2924,pattern_recognition,"在某数学认证规则中，「合法数列」定义为：公差严格为 3 的递增等差数列。
以下哪个序列是合法的？",3-6-9-12-12,3-6-9-12-18,3-6-9-12-15,3-6-9-12-14,C,A,False
DeepSeek-R1-Distill-Llama-8B,Base,114,9056,hierarchy_logic,"在某权限控制体系中，级别由高到低依次为：特级 > 一级 > 二级 > 三级 > 四级。
当前资源处于「三级」级别锁定状态，认证凭证所属级别为「四级」。
该凭证是否具备解锁权限？",规则不适用,能够覆盖 / 可以,不能覆盖 / 不可以,无法判断,C,D,False
DeepSeek-R1-Distill-Llama-8B,Base,115,8149,hierarchy_logic,"在某权限控制体系中，级别由高到低依次为：钻石 > 铂金 > 黄金 > 白银 > 青铜。
当前资源处于「铂金」级别锁定状态，认证凭证所属级别为「钻石」。
该凭证是否具备解锁权限？",能够覆盖 / 可以,不能覆盖 / 不可以,规则不适用,无法判断,A,D,False
DeepSeek-R1-Distill-Llama-8B,Base,116,6038,hierarchy_logic,"在材料强度测试规范中，强度等级由高到低依次为：特级 > 一级 > 二级 > 三级 > 四级。
承受体当前等级为「三级」，攻击源强度等级为「一级」。
该攻击源是否具有击穿/覆盖承受体的强度？",无法判断,不能覆盖 / 不可以,规则不适用,能够覆盖 / 可以,D,A,False
DeepSeek-R1-Distill-Llama-8B,Base,117,6617,hierarchy_logic,"在材料强度测试规范中，强度等级由高到低依次为：总部 > 大区 > 分区 > 分支 > 节点。
承受体当前等级为「分区」，攻击源强度等级为「大区」。
该攻击源是否具有击穿/覆盖承受体的强度？",不能覆盖 / 不可以,能够覆盖 / 可以,规则不适用,无法判断,B,A,False
DeepSeek-R1-Distill-Llama-8B,Base,118,7347,pattern_recognition,"观察以下等差数列：10, 15, 20, 25, 30, 35, ?
根据规律，?处应填入哪个数字？",40,46,41,39,A,D,False
DeepSeek-R1-Distill-Llama-8B,Base,119,3925,hierarchy_logic,"审批流程规则中，审批权限由高到低依次为：钻石 > 铂金 > 黄金 > 白银 > 青铜。
该申请已由「青铜」级别完成审批，「黄金」级别提出复核申请。
该复核是否具有覆盖当前审批结果的权限？",无法判断,不能覆盖 / 不可以,规则不适用,能够覆盖 / 可以,D,B,False
DeepSeek-R1-Distill-Llama-8B,Base,120,6179,pattern_recognition,"序列补全：9, 13, 17, 21, 25, 29, ?
缺失的数字应该是？",33,34,32,38,A,A,True
DeepSeek-R1-Distill-Llama-8B,Base,121,2531,counter_logic,"某学术课题遴选要求：入围者得分必须严格高于 11 分。
候选人得分列表为：[5, 7, 9, 16] 分。
最低入围得分应为哪个？",7,5,9,16,D,A,False
DeepSeek-R1-Distill-Llama-8B,Base,122,4555,counter_logic,"项目评审规则：方案报价必须严格高于成本基准线 9 万元才具备参选资格。
各参选报价（万元）：[2, 4, 5, 10]。
哪个是具备参选资格中报价最低的？",5,2,4,10,D,A,False
DeepSeek-R1-Distill-Llama-8B,Base,123,3541,counter_logic,"某大件物流关卡规定：本通道仅允许总载重量严格大于 14 吨的重型车辆通行（过滤轻型车）。
当前候选车辆载重量为：[10, 11, 13, 20] 吨。
满足要求且载重量最低的车辆是哪个？",20,11,10,13,A,A,True
DeepSeek-R1-Distill-Llama-8B,Base,124,5632,hierarchy_logic,"在材料强度测试规范中，强度等级由高到低依次为：董事会 > 总裁办公室 > 业务部门 > 项目组 > 个人。
承受体当前等级为「项目组」，攻击源强度等级为「个人」。
该攻击源是否具有击穿/覆盖承受体的强度？",无法判断,能够覆盖 / 可以,规则不适用,不能覆盖 / 不可以,D,A,False
DeepSeek-R1-Distill-Llama-8B,Base,125,9317,pattern_recognition,"观察以下等差数列：5, 7, 9, 11, ?
根据规律，?处应填入哪个数字？",12,16,14,13,D,D,True
DeepSeek-R1-Distill-Llama-8B,Base,126,1027,hierarchy_logic,"组织决策体系：决策权限分级为 总部 > 大区 > 分区 > 分支 > 节点。
当前决议由「分区」层级通过，现「大区」层级要求重新审议。
重新审议请求是否有效？",规则不适用,不能覆盖 / 不可以,无法判断,能够覆盖 / 可以,D,A,False
DeepSeek-R1-Distill-Llama-8B,Base,127,8454,hierarchy_logic,"在某权限控制体系中，级别由高到低依次为：一级响应 > 二级响应 > 三级响应 > 四级响应 > 日常局。
当前资源处于「三级响应」级别锁定状态，认证凭证所属级别为「二级响应」。
该凭证是否具备解锁权限？",规则不适用,无法判断,不能覆盖 / 不可以,能够覆盖 / 可以,D,B,False
DeepSeek-R1-Distill-Llama-8B,Base,128,2133,hierarchy_logic,"在某权限控制体系中，级别由高到低依次为：极密 > 机密 > 秘密 > 内部 > 公开。
当前资源处于「秘密」级别锁定状态，认证凭证所属级别为「极密」。
该凭证是否具备解锁权限？",规则不适用,不能覆盖 / 不可以,无法判断,能够覆盖 / 可以,D,B,False
DeepSeek-R1-Distill-Llama-8B,Base,129,6364,counter_logic,"化学实验要求：反应炉内温度必须严格高于 6 摄氏度。
可调节档位（摄氏度）：[1, 3, 4, 7]。
能满足安全要求且能耗最小的温度档位是？",1,3,7,4,C,A,False
DeepSeek-R1-Distill-Llama-8B,Base,130,6736,pattern_recognition,"逻辑规则：合规数列要求每相邻两项差值恒定为 2。
下列选项中哪个满足要求？",4-7-9-11-13,5-7-7-11-13,5-7-9-11-13,5-7-9-11-15,C,A,False
DeepSeek-R1-Distill-Llama-8B,Base,131,7325,pattern_recognition,"数列验证标准：有效序列必须是公差为 3 的连续递增数列。
请识别出符合标准的序列：",4-7-10-13-16,4-8-10-13-16,4-4-10-13-16,4-7-10-13-19,A,A,True
DeepSeek-R1-Distill-Llama-8B,Base,132,1732,counter_logic,"集合 S = {9, 11, 13, 14}，从 S 中选出严格大于 15 的最小元素。
该函数的返回值应为？（若集合中不存在满足条件的元素，请选「集合中无满足条件的元素」）",13,9,集合中无满足条件的元素,11,C,D,False
DeepSeek-R1-Distill-Llama-8B,Base,133,4764,counter_logic,"化学实验要求：反应炉内温度必须严格高于 11 摄氏度。
可调节档位（摄氏度）：[6, 9, 10, 18]。
能满足安全要求且能耗最小的温度档位是？",10,6,9,18,D,A,False
DeepSeek-R1-Distill-Llama-8B,Base,134,2284,counter_logic,"项目评审规则：方案报价必须严格高于成本基准线 5 万元才具备参选资格。
各参选报价（万元）：[2, 3, 5, 8]。
哪个是具备参选资格中报价最低的？",3,8,2,5,B,A,False
DeepSeek-R1-Distill-Llama-8B,Base,135,1106,hierarchy_logic,"在材料强度测试规范中，强度等级由高到低依次为：特级 > 一级 > 二级 > 三级 > 四级。
承受体当前等级为「二级」，攻击源强度等级为「一级」。
该攻击源是否具有击穿/覆盖承受体的强度？",能够覆盖 / 可以,无法判断,规则不适用,不能覆盖 / 不可以,A,A,True
DeepSeek-R1-Distill-Llama-8B,Base,136,3785,pattern_recognition,"在某数学认证规则中，「合法数列」定义为：公差严格为 1 的递增等差数列。
以下哪个序列是合法的？",5-6-8-8-9,5-6-7-8-9,5-6-6-8-9,5-6-7-8-10,B,A,False
DeepSeek-R1-Distill-Llama-8B,Base,137,9032,pattern_recognition,"数列验证标准：有效序列必须是公差为 3 的连续递增数列。
请识别出符合标准的序列：",9-9-15-18-21,9-12-15-18-21,9-12-15-17-21,9-12-15-18-24,B,A,False
DeepSeek-R1-Distill-Llama-8B,Base,138,8460,counter_logic,"集合 S = {4, 6, 7, 10}，从 S 中选出严格大于 12 的最小元素。
该函数的返回值应为？（若集合中不存在满足条件的元素，请选「集合中无满足条件的元素」）",集合中无满足条件的元素,6,10,7,A,D,False
DeepSeek-R1-Distill-Llama-8B,Base,139,8404,pattern_recognition,"序列补全：2, 7, 12, 17, 22, ?
缺失的数字应该是？",33,26,28,27,D,A,False
DeepSeek-R1-Distill-Llama-8B,Base,140,3440,counter_logic,"某大件物流关卡规定：本通道仅允许总载重量严格大于 10 吨的重型车辆通行（过滤轻型车）。
当前候选车辆载重量为：[3, 9, 10, 15] 吨。
满足要求且载重量最低的车辆是哪个？",15,9,3,10,A,A,True
DeepSeek-R1-Distill-Llama-8B,Base,141,8724,pattern_recognition,"逻辑规则：合规数列要求每相邻两项差值恒定为 3。
下列选项中哪个满足要求？",2-5-9-11-14,2-5-8-11-17,2-5-8-11-14,2-5-8-11-11,C,A,False
DeepSeek-R1-Distill-Llama-8B,Base,142,8612,pattern_recognition,"在数列 3, 5, 7, 9, 14 中，识别出违反等差规律的元素：",5,14,9,3,B,A,False
DeepSeek-R1-Distill-Llama-8B,Base,143,4515,pattern_recognition,"异常检测：序列 2, 5, 4, 5, 6 中哪个数字偏离了等差模式？",5,4,2,6,A,A,True
DeepSeek-R1-Distill-Llama-8B,Base,144,8585,counter_logic,"某大件物流关卡规定：本通道仅允许总载重量严格大于 6 吨的重型车辆通行（过滤轻型车）。
当前候选车辆载重量为：[2, 4, 5, 11] 吨。
满足要求且载重量最低的车辆是哪个？",5,4,2,11,D,A,False
DeepSeek-R1-Distill-Llama-8B,Base,145,3399,pattern_recognition,"数列延续：5, 10, 15, 20, 25, ?
按照既定模式，下一项是？",36,29,30,31,C,A,False
DeepSeek-R1-Distill-Llama-8B,Base,146,1998,counter_logic,"某大件物流关卡规定：本通道仅允许总载重量严格大于 7 吨的重型车辆通行（过滤轻型车）。
当前候选车辆载重量为：[2, 5, 6, 10] 吨。
满足要求且载重量最低的车辆是哪个？",10,6,2,5,A,A,True
DeepSeek-R1-Distill-Llama-8B,Base,147,3607,hierarchy_logic,"在材料强度测试规范中，强度等级由高到低依次为：董事会 > 总裁办公室 > 业务部门 > 项目组 > 个人。
承受体当前等级为「业务部门」，攻击源强度等级为「个人」。
该攻击源是否具有击穿/覆盖承受体的强度？",不能覆盖 / 不可以,能够覆盖 / 可以,无法判断,规则不适用,A,A,True
DeepSeek-R1-Distill-Llama-8B,Base,148,6325,hierarchy_logic,"在某权限控制体系中，级别由高到低依次为：董事会 > 总裁办公室 > 业务部门 > 项目组 > 个人。
当前资源处于「项目组」级别锁定状态，认证凭证所属级别为「个人」。
该凭证是否具备解锁权限？",规则不适用,能够覆盖 / 可以,不能覆盖 / 不可以,无法判断,C,A,False
DeepSeek-R1-Distill-Llama-8B,Base,149,3275,pattern_recognition,"异常检测：序列 10, 11, 12, 13, 16 中哪个数字偏离了等差模式？",13,10,16,12,C,A,False
DeepSeek-R1-Distill-Llama-8B,Base,150,9669,hierarchy_logic,"在材料强度测试规范中，强度等级由高到低依次为：一级响应 > 二级响应 > 三级响应 > 四级响应 > 日常局。
承受体当前等级为「二级响应」，攻击源强度等级为「一级响应」。
该攻击源是否具有击穿/覆盖承受体的强度？",能够覆盖 / 可以,不能覆盖 / 不可以,无法判断,规则不适用,A,A,True
DeepSeek-R1-Distill-Llama-8B,Base,151,5088,hierarchy_logic,"在某权限控制体系中，级别由高到低依次为：S级 > A级 > B级 > C级 > D级。
当前资源处于「C级」级别锁定状态，认证凭证所属级别为「A级」。
该凭证是否具备解锁权限？",无法判断,规则不适用,不能覆盖 / 不可以,能够覆盖 / 可以,D,C,False
DeepSeek-R1-Distill-Llama-8B,Base,152,3718,hierarchy_logic,"在材料强度测试规范中，强度等级由高到低依次为：极密 > 机密 > 秘密 > 内部 > 公开。
承受体当前等级为「机密」，攻击源强度等级为「内部」。
该攻击源是否具有击穿/覆盖承受体的强度？",规则不适用,无法判断,不能覆盖 / 不可以,能够覆盖 / 可以,C,A,False
DeepSeek-R1-Distill-Llama-8B,Base,153,5775,counter_logic,"某学术课题遴选要求：入围者得分必须严格高于 19 分。
候选人得分列表为：[12, 15, 16, 17] 分。
最低入围得分应为哪个？（若无候选人分数达标，请选「无入围候选人」）",无入围候选人,17,12,16,A,A,True
DeepSeek-R1-Distill-Llama-8B,Base,154,5892,hierarchy_logic,"审批流程规则中，审批权限由高到低依次为：一级响应 > 二级响应 > 三级响应 > 四级响应 > 日常局。
该申请已由「一级响应」级别完成审批，「日常局」级别提出复核申请。
该复核是否具有覆盖当前审批结果的权限？",无法判断,能够覆盖 / 可以,不能覆盖 / 不可以,规则不适用,C,A,False
DeepSeek-R1-Distill-Llama-8B,Base,155,7693,hierarchy_logic,"在某权限控制体系中，级别由高到低依次为：总部 > 大区 > 分区 > 分支 > 节点。
当前资源处于「大区」级别锁定状态，认证凭证所属级别为「分区」。
该凭证是否具备解锁权限？",能够覆盖 / 可以,无法判断,规则不适用,不能覆盖 / 不可以,D,B,False
DeepSeek-R1-Distill-Llama-8B,Base,156,4189,counter_logic,"某学术课题遴选要求：入围者得分必须严格高于 8 分。
候选人得分列表为：[4, 6, 7, 14] 分。
最低入围得分应为哪个？",7,4,6,14,D,A,False
DeepSeek-R1-Distill-Llama-8B,Base,157,2011,counter_logic,"化学实验要求：反应炉内温度必须严格高于 14 摄氏度。
可调节档位（摄氏度）：[8, 10, 11, 21]。
能满足安全要求且能耗最小的温度档位是？",8,10,21,11,C,A,False
DeepSeek-R1-Distill-Llama-8B,Base,158,8846,counter_logic,"某大件物流关卡规定：本通道仅允许总载重量严格大于 11 吨的重型车辆通行（过滤轻型车）。
当前候选车辆载重量为：[4, 6, 9, 13] 吨。
满足要求且载重量最低的车辆是哪个？",4,13,6,9,B,A,False
DeepSeek-R1-Distill-Llama-8B,Base,159,5569,hierarchy_logic,"审批流程规则中，审批权限由高到低依次为：董事会 > 总裁办公室 > 业务部门 > 项目组 > 个人。
该申请已由「项目组」级别完成审批，「个人」级别提出复核申请。
该复核是否具有覆盖当前审批结果的权限？",能够覆盖 / 可以,规则不适用,不能覆盖 / 不可以,无法判断,C,B,False
DeepSeek-R1-Distill-Llama-8B,Base,160,9452,pattern_recognition,"在数列 4, 6, 12, 16, 20 中，识别出违反等差规律的元素：",20,6,12,4,B,D,False
DeepSeek-R1-Distill-Llama-8B,Base,161,3085,hierarchy_logic,"在材料强度测试规范中，强度等级由高到低依次为：钻石 > 铂金 > 黄金 > 白银 > 青铜。
承受体当前等级为「黄金」，攻击源强度等级为「青铜」。
该攻击源是否具有击穿/覆盖承受体的强度？",不能覆盖 / 不可以,规则不适用,能够覆盖 / 可以,无法判断,A,A,True
DeepSeek-R1-Distill-Llama-8B,Base,162,6170,pattern_recognition,"以下序列中，有且仅有一个数字破坏了等差规律：
4, 11, 12, 16, 20
请找出这个不符合规律的数字。",20,4,12,11,D,A,False
DeepSeek-R1-Distill-Llama-8B,Base,163,5982,pattern_recognition,"在数列 4, 7, 10, 13, 14 中，识别出违反等差规律的元素：",7,4,13,14,D,A,False
DeepSeek-R1-Distill-Llama-8B,Base,164,5873,counter_logic,"项目评审规则：方案报价必须严格高于成本基准线 14 万元才具备参选资格。
各参选报价（万元）：[9, 11, 12, 19]。
哪个是具备参选资格中报价最低的？",19,9,12,11,A,A,True
DeepSeek-R1-Distill-Llama-8B,Base,165,6314,pattern_recognition,"在某数学认证规则中，「合法数列」定义为：公差严格为 3 的递增等差数列。
以下哪个序列是合法的？",1-5-8-11-14,2-5-8-11-17,2-5-8-11-14,2-5-8-11-11,C,A,False
DeepSeek-R1-Distill-Llama-8B,Base,166,8007,hierarchy_logic,"在某权限控制体系中，级别由高到低依次为：特级 > 一级 > 二级 > 三级 > 四级。
当前资源处于「三级」级别锁定状态，认证凭证所属级别为「特级」。
该凭证是否具备解锁权限？",规则不适用,不能覆盖 / 不可以,能够覆盖 / 可以,无法判断,C,D,False
DeepSeek-R1-Distill-Llama-8B,Base,167,1931,hierarchy_logic,"审批流程规则中，审批权限由高到低依次为：特级 > 一级 > 二级 > 三级 > 四级。
该申请已由「一级」级别完成审批，「特级」级别提出复核申请。
该复核是否具有覆盖当前审批结果的权限？",不能覆盖 / 不可以,能够覆盖 / 可以,无法判断,规则不适用,B,B,True
DeepSeek-R1-Distill-Llama-8B,Base,168,1711,hierarchy_logic,"组织决策体系：决策权限分级为 总部 > 大区 > 分区 > 分支 > 节点。
当前决议由「大区」层级通过，现「总部」层级要求重新审议。
重新审议请求是否有效？",能够覆盖 / 可以,不能覆盖 / 不可以,规则不适用,无法判断,A,A,True
DeepSeek-R1-Distill-Llama-8B,Base,169,6411,counter_logic,"某大件物流关卡规定：本通道仅允许总载重量严格大于 7 吨的重型车辆通行（过滤轻型车）。
当前候选车辆载重量为：[2, 5, 6, 8] 吨。
满足要求且载重量最低的车辆是哪个？",5,6,2,8,D,A,False
DeepSeek-R1-Distill-Llama-8B,Base,170,5781,counter_logic,"集合 S = {9, 15, 16, 17}，从 S 中选出严格大于 18 的最小元素。
该函数的返回值应为？（若集合中不存在满足条件的元素，请选「集合中无满足条件的元素」）",9,集合中无满足条件的元素,16,17,B,D,False
DeepSeek-R1-Distill-Llama-8B,Base,171,6559,hierarchy_logic,"组织决策体系：决策权限分级为 一级响应 > 二级响应 > 三级响应 > 四级响应 > 日常局。
当前决议由「日常局」层级通过，现「一级响应」层级要求重新审议。
重新审议请求是否有效？",无法判断,不能覆盖 / 不可以,规则不适用,能够覆盖 / 可以,D,A,False
DeepSeek-R1-Distill-Llama-8B,Base,172,6930,hierarchy_logic,"系统访问控制规则：权限层级为 钻石 > 铂金 > 黄金 > 白银 > 青铜。
目标资源的保护级别是「黄金」，用户持有的访问令牌级别为「铂金」。
该用户能否成功访问此资源？",能够覆盖 / 可以,不能覆盖 / 不可以,无法判断,规则不适用,A,A,True
DeepSeek-R1-Distill-Llama-8B,Base,173,3621,hierarchy_logic,"系统访问控制规则：权限层级为 极密 > 机密 > 秘密 > 内部 > 公开。
目标资源的保护级别是「公开」，用户持有的访问令牌级别为「极密」。
该用户能否成功访问此资源？",不能覆盖 / 不可以,无法判断,规则不适用,能够覆盖 / 可以,D,A,False
DeepSeek-R1-Distill-Llama-8B,Base,174,6582,hierarchy_logic,"在某权限控制体系中，级别由高到低依次为：董事会 > 总裁办公室 > 业务部门 > 项目组 > 个人。
当前资源处于「董事会」级别锁定状态，认证凭证所属级别为「项目组」。
该凭证是否具备解锁权限？",不能覆盖 / 不可以,无法判断,能够覆盖 / 可以,规则不适用,A,A,True
DeepSeek-R1-Distill-Llama-8B,Base,175,7244,counter_logic,"项目评审规则：方案报价必须严格高于成本基准线 12 万元才具备参选资格。
各参选报价（万元）：[7, 10, 11, 17]。
哪个是具备参选资格中报价最低的？",10,7,17,11,C,A,False
DeepSeek-R1-Distill-Llama-8B,Base,176,8957,pattern_recognition,"观察以下等差数列：2, 7, 12, 17, 22, 27, ?
根据规律，?处应填入哪个数字？",32,38,33,31,A,D,False
DeepSeek-R1-Distill-Llama-8B,Base,177,2562,counter_logic,"化学实验要求：反应炉内温度必须严格高于 13 摄氏度。
可调节档位（摄氏度）：[9, 12, 13, 20]。
能满足安全要求且能耗最小的温度档位是？",9,12,20,13,C,A,False
DeepSeek-R1-Distill-Llama-8B,Base,178,8531,counter_logic,"化学实验要求：反应炉内温度必须严格高于 7 摄氏度。
可调节档位（摄氏度）：[3, 4, 6, 12]。
能满足安全要求且能耗最小的温度档位是？",6,12,3,4,B,A,False
DeepSeek-R1-Distill-Llama-8B,Base,179,3972,pattern_recognition,"数列延续：6, 8, 10, 12, 14, 16, ?
按照既定模式，下一项是？",21,18,19,17,B,A,False
DeepSeek-R1-Distill-Llama-8B,Base,180,5637,counter_logic,"项目评审规则：方案报价必须严格高于成本基准线 7 万元才具备参选资格。
各参选报价（万元）：[2, 5, 6, 13]。
哪个是具备参选资格中报价最低的？",13,2,6,5,A,A,True
DeepSeek-R1-Distill-Llama-8B,Base,181,3683,hierarchy_logic,"审批流程规则中，审批权限由高到低依次为：极密 > 机密 > 秘密 > 内部 > 公开。
该申请已由「秘密」级别完成审批，「公开」级别提出复核申请。
该复核是否具有覆盖当前审批结果的权限？",规则不适用,不能覆盖 / 不可以,无法判断,能够覆盖 / 可以,B,B,True
DeepSeek-R1-Distill-Llama-8B,Base,182,4052,counter_logic,"某大件物流关卡规定：本通道仅允许总载重量严格大于 15 吨的重型车辆通行（过滤轻型车）。
当前候选车辆载重量为：[8, 9, 11, 21] 吨。
满足要求且载重量最低的车辆是哪个？",11,9,8,21,D,A,False
DeepSeek-R1-Distill-Llama-8B,Base,183,7765,counter_logic,"项目评审规则：方案报价必须严格高于成本基准线 13 万元才具备参选资格。
各参选报价（万元）：[6, 7, 13, 19]。
哪个是具备参选资格中报价最低的？",6,19,7,13,B,A,False
DeepSeek-R1-Distill-Llama-8B,Base,184,6890,counter_logic,"项目评审规则：方案报价必须严格高于成本基准线 16 万元才具备参选资格。
各参选报价（万元）：[7, 9, 13, 15]。
哪个是具备参选资格中报价最低的？（若无项目具备参选资格，请选「无具资格项目」）",7,无具资格项目,15,13,B,A,False
DeepSeek-R1-Distill-Llama-8B,Base,185,2530,hierarchy_logic,"在材料强度测试规范中，强度等级由高到低依次为：董事会 > 总裁办公室 > 业务部门 > 项目组 > 个人。
承受体当前等级为「总裁办公室」，攻击源强度等级为「个人」。
该攻击源是否具有击穿/覆盖承受体的强度？",规则不适用,无法判断,能够覆盖 / 可以,不能覆盖 / 不可以,D,A,False
DeepSeek-R1-Distill-Llama-8B,Base,186,1251,pattern_recognition,"在某数学认证规则中，「合法数列」定义为：公差严格为 3 的递增等差数列。
以下哪个序列是合法的？",3-6-9-9-15,2-6-9-12-15,3-6-9-12-15,3-6-9-12-18,C,A,False
DeepSeek-R1-Distill-Llama-8B,Base,187,1757,hierarchy_logic,"在材料强度测试规范中，强度等级由高到低依次为：极密 > 机密 > 秘密 > 内部 > 公开。
承受体当前等级为「秘密」，攻击源强度等级为「内部」。
该攻击源是否具有击穿/覆盖承受体的强度？",规则不适用,无法判断,不能覆盖 / 不可以,能够覆盖 / 可以,C,A,False
DeepSeek-R1-Distill-Llama-8B,Base,188,2899,pattern_recognition,"在某数学认证规则中，「合法数列」定义为：公差严格为 3 的递增等差数列。
以下哪个序列是合法的？",8-11-14-17-20,8-11-14-17-23,8-11-14-16-20,8-11-14-17-17,A,A,True
DeepSeek-R1-Distill-Llama-8B,Base,189,8075,pattern_recognition,"在某数学认证规则中，「合法数列」定义为：公差严格为 2 的递增等差数列。
以下哪个序列是合法的？",6-8-9-12-14,6-8-10-12-12,6-8-10-12-16,6-8-10-12-14,D,A,False
DeepSeek-R1-Distill-Llama-8B,Base,190,7150,counter_logic,"项目评审规则：方案报价必须严格高于成本基准线 16 万元才具备参选资格。
各参选报价（万元）：[9, 11, 14, 19]。
哪个是具备参选资格中报价最低的？",14,9,19,11,C,A,False
DeepSeek-R1-Distill-Llama-8B,Base,191,5335,hierarchy_logic,"审批流程规则中，审批权限由高到低依次为：一级响应 > 二级响应 > 三级响应 > 四级响应 > 日常局。
该申请已由「一级响应」级别完成审批，「二级响应」级别提出复核申请。
该复核是否具有覆盖当前审批结果的权限？",规则不适用,不能覆盖 / 不可以,无法判断,能够覆盖 / 可以,B,B,True
DeepSeek-R1-Distill-Llama-8B,Base,192,7525,counter_logic,"集合 S = {6, 7, 8, 19}，从 S 中选出严格大于 13 的最小元素。
该函数的返回值应为？",8,19,7,6,B,A,False
DeepSeek-R1-Distill-Llama-8B,Base,193,8967,pattern_recognition,"数列延续：2, 5, 8, 11, 14, ?
按照既定模式，下一项是？",16,21,17,18,C,D,False
DeepSeek-R1-Distill-Llama-8B,Base,194,9767,counter_logic,"集合 S = {9, 11, 13, 16}，从 S 中选出严格大于 14 的最小元素。
该函数的返回值应为？",11,13,9,16,D,A,False
DeepSeek-R1-Distill-Llama-8B,Base,195,9138,pattern_recognition,"数列验证标准：有效序列必须是公差为 2 的连续递增数列。
请识别出符合标准的序列：",6-8-9-12-14,6-8-10-12-16,6-8-10-12-12,6-8-10-12-14,D,A,False
DeepSeek-R1-Distill-Llama-8B,Base,196,9476,pattern_recognition,"在数列 10, 14, 18, 24, 26 中，识别出违反等差规律的元素：",14,26,10,24,D,A,False
DeepSeek-R1-Distill-Llama-8B,Base,197,3194,counter_logic,"某学术课题遴选要求：入围者得分必须严格高于 4 分。
候选人得分列表为：[2, 3, 4, 7] 分。
最低入围得分应为哪个？",3,4,2,7,D,A,False
DeepSeek-R1-Distill-Llama-8B,Base,198,4965,counter_logic,"集合 S = {13, 14, 16, 17}，从 S 中选出严格大于 19 的最小元素。
该函数的返回值应为？（若集合中不存在满足条件的元素，请选「集合中无满足条件的元素」）",集合中无满足条件的元素,17,14,16,A,D,False
DeepSeek-R1-Distill-Llama-8B,Base,199,9935,hierarchy_logic,"在某权限控制体系中，级别由高到低依次为：总部 > 大区 > 分区 > 分支 > 节点。
当前资源处于「分支」级别锁定状态，认证凭证所属级别为「总部」。
该凭证是否具备解锁权限？",规则不适用,无法判断,能够覆盖 / 可以,不能覆盖 / 不可以,C,B,False
DeepSeek-R1-Distill-Llama-8B,Base,200,8369,counter_logic,"某学术课题遴选要求：入围者得分必须严格高于 10 分。
候选人得分列表为：[4, 5, 6, 15] 分。
最低入围得分应为哪个？",6,15,4,5,B,A,False
DeepSeek-R1-Distill-Llama-8B,Base,201,2976,hierarchy_logic,"审批流程规则中，审批权限由高到低依次为：级别-五 > 级别-四 > 级别-三 > 级别-二 > 级别-一。
该申请已由「级别-二」级别完成审批，「级别-一」级别提出复核申请。
该复核是否具有覆盖当前审批结果的权限？",规则不适用,不能覆盖 / 不可以,能够覆盖 / 可以,无法判断,B,A,False
DeepSeek-R1-Distill-Llama-8B,Base,202,7367,pattern_recognition,"在某数学认证规则中，「合法数列」定义为：公差严格为 1 的递增等差数列。
以下哪个序列是合法的？",4-4-5-6,3-4-4-6,3-4-5-7,3-4-5-6,D,A,False
DeepSeek-R1-Distill-Llama-8B,Base,203,4886,pattern_recognition,"在某数学认证规则中，「合法数列」定义为：公差严格为 3 的递增等差数列。
以下哪个序列是合法的？",5-8-11-11-17,5-8-11-14-17,5-8-12-14-17,5-8-11-14-20,B,A,False
DeepSeek-R1-Distill-Llama-8B,Base,204,9922,hierarchy_logic,"在某权限控制体系中，级别由高到低依次为：董事会 > 总裁办公室 > 业务部门 > 项目组 > 个人。
当前资源处于「总裁办公室」级别锁定状态，认证凭证所属级别为「项目组」。
该凭证是否具备解锁权限？",无法判断,不能覆盖 / 不可以,规则不适用,能够覆盖 / 可以,B,B,True
DeepSeek-R1-Distill-Llama-8B,Base,205,6727,pattern_recognition,"异常检测：序列 7, 7, 8, 9, 10 中哪个数字偏离了等差模式？",10,8,7,9,C,A,False
DeepSeek-R1-Distill-Llama-8B,Base,206,1149,counter_logic,"某大件物流关卡规定：本通道仅允许总载重量严格大于 14 吨的重型车辆通行（过滤轻型车）。
当前候选车辆载重量为：[7, 8, 10, 15] 吨。
满足要求且载重量最低的车辆是哪个？",7,8,10,15,D,A,False
DeepSeek-R1-Distill-Llama-8B,Base,207,8371,pattern_recognition,"在数列 5, 5, 6, 7, 8 中，识别出违反等差规律的元素：",7,8,6,5,D,A,False
DeepSeek-R1-Distill-Llama-8B,Base,208,6253,counter_logic,"某大件物流关卡规定：本通道仅允许总载重量严格大于 11 吨的重型车辆通行（过滤轻型车）。
当前候选车辆载重量为：[4, 7, 10, 13] 吨。
满足要求且载重量最低的车辆是哪个？",4,7,13,10,C,A,False
DeepSeek-R1-Distill-Llama-8B,Base,209,4920,pattern_recognition,"数列验证标准：有效序列必须是公差为 1 的连续递增数列。
请识别出符合标准的序列：",4-5-6-7-7,4-5-6-6-8,4-5-6-7-8,4-5-6-7-9,C,A,False
DeepSeek-R1-Distill-Llama-8B,Base,210,4981,hierarchy_logic,"审批流程规则中，审批权限由高到低依次为：极密 > 机密 > 秘密 > 内部 > 公开。
该申请已由「公开」级别完成审批，「机密」级别提出复核申请。
该复核是否具有覆盖当前审批结果的权限？",能够覆盖 / 可以,规则不适用,无法判断,不能覆盖 / 不可以,A,B,False
DeepSeek-R1-Distill-Llama-8B,Base,211,7523,pattern_recognition,"在数列 12, 11, 13, 15, 17 中，识别出违反等差规律的元素：",13,15,11,12,D,A,False
DeepSeek-R1-Distill-Llama-8B,Base,212,6573,counter_logic,"项目评审规则：方案报价必须严格高于成本基准线 11 万元才具备参选资格。
各参选报价（万元）：[4, 5, 7, 12]。
哪个是具备参选资格中报价最低的？",5,12,4,7,B,A,False
DeepSeek-R1-Distill-Llama-8B,Base,213,6626,pattern_recognition,"观察以下等差数列：9, 14, 19, 24, 29, 34, ?
根据规律，?处应填入哪个数字？",38,45,40,39,D,D,True
DeepSeek-R1-Distill-Llama-8B,Base,214,4470,hierarchy_logic,"系统访问控制规则：权限层级为 S级 > A级 > B级 > C级 > D级。
目标资源的保护级别是「D级」，用户持有的访问令牌级别为「A级」。
该用户能否成功访问此资源？",能够覆盖 / 可以,不能覆盖 / 不可以,规则不适用,无法判断,A,D,False
DeepSeek-R1-Distill-Llama-8B,Base,215,5503,counter_logic,"某大件物流关卡规定：本通道仅允许总载重量严格大于 22 吨的重型车辆通行（过滤轻型车）。
当前候选车辆载重量为：[16, 19, 20, 22] 吨。
满足要求且载重量最低的车辆是哪个？（若所有车辆均不达标准，请选「无达标车辆」）",22,无达标车辆,16,20,B,A,False
DeepSeek-R1-Distill-Llama-8B,Base,216,7594,hierarchy_logic,"在材料强度测试规范中，强度等级由高到低依次为：钻石 > 铂金 > 黄金 > 白银 > 青铜。
承受体当前等级为「黄金」，攻击源强度等级为「青铜」。
该攻击源是否具有击穿/覆盖承受体的强度？",规则不适用,无法判断,能够覆盖 / 可以,不能覆盖 / 不可以,D,A,False
DeepSeek-R1-Distill-Llama-8B,Base,217,5891,pattern_recognition,"数列验证标准：有效序列必须是公差为 2 的连续递增数列。
请识别出符合标准的序列：",4-6-8-12,5-6-8-10,4-6-8-10,4-6-6-10,C,A,False
DeepSeek-R1-Distill-Llama-8B,Base,218,9307,pattern_recognition,"数列延续：2, 3, 4, 5, 6, ?
按照既定模式，下一项是？",8,9,6,7,D,A,False
DeepSeek-R1-Distill-Llama-8B,Base,219,7370,counter_logic,"项目评审规则：方案报价必须严格高于成本基准线 15 万元才具备参选资格。
各参选报价（万元）：[8, 11, 12, 14]。
哪个是具备参选资格中报价最低的？（若无项目具备参选资格，请选「无具资格项目」）",无具资格项目,11,12,14,A,A,True
DeepSeek-R1-Distill-Llama-8B,Base,220,6267,pattern_recognition,"序列补全：9, 13, 17, 21, 25, 29, ?
缺失的数字应该是？",32,38,34,33,D,A,False
DeepSeek-R1-Distill-Llama-8B,Base,221,3298,counter_logic,"某大件物流关卡规定：本通道仅允许总载重量严格大于 18 吨的重型车辆通行（过滤轻型车）。
当前候选车辆载重量为：[11, 12, 15, 18] 吨。
满足要求且载重量最低的车辆是哪个？（若所有车辆均不达标准，请选「无达标车辆」）",无达标车辆,18,15,12,A,A,True
DeepSeek-R1-Distill-Llama-8B,Base,222,9900,hierarchy_logic,"在某权限控制体系中，级别由高到低依次为：级别-五 > 级别-四 > 级别-三 > 级别-二 > 级别-一。
当前资源处于「级别-三」级别锁定状态，认证凭证所属级别为「级别-四」。
该凭证是否具备解锁权限？",规则不适用,不能覆盖 / 不可以,能够覆盖 / 可以,无法判断,C,D,False
DeepSeek-R1-Distill-Llama-8B,Base,223,5583,pattern_recognition,"逻辑规则：合规数列要求每相邻两项差值恒定为 2。
下列选项中哪个满足要求？",6-8-10-12-16,6-8-10-12-12,6-8-10-12-13,6-8-10-12-14,D,A,False
DeepSeek-R1-Distill-Llama-8B,Base,224,7744,pattern_recognition,"逻辑规则：合规数列要求每相邻两项差值恒定为 1。
下列选项中哪个满足要求？",8-9-10-10-12,8-9-10-12-12,8-9-10-11-13,8-9-10-11-12,D,A,False
DeepSeek-R1-Distill-Llama-8B,Base,225,2102,counter_logic,"项目评审规则：方案报价必须严格高于成本基准线 8 万元才具备参选资格。
各参选报价（万元）：[1, 2, 6, 10]。
哪个是具备参选资格中报价最低的？",2,1,6,10,D,A,False
DeepSeek-R1-Distill-Llama-8B,Base,226,6427,counter_logic,"某学术课题遴选要求：入围者得分必须严格高于 12 分。
候选人得分列表为：[9, 10, 12, 19] 分。
最低入围得分应为哪个？",10,12,19,9,C,A,False
DeepSeek-R1-Distill-Llama-8B,Base,227,6692,pattern_recognition,"以下序列中，有且仅有一个数字破坏了等差规律：
9, 14, 15, 18, 21
请找出这个不符合规律的数字。",9,15,14,21,C,A,False
DeepSeek-R1-Distill-Llama-8B,Base,228,3875,counter_logic,"集合 S = {2, 3, 4, 12}，从 S 中选出严格大于 6 的最小元素。
该函数的返回值应为？",2,12,4,3,B,A,False
DeepSeek-R1-Distill-Llama-8B,Base,229,9341,counter_logic,"化学实验要求：反应炉内温度必须严格高于 6 摄氏度。
可调节档位（摄氏度）：[3, 4, 5, 7]。
能满足安全要求且能耗最小的温度档位是？",4,5,7,3,C,A,False
DeepSeek-R1-Distill-Llama-8B,Base,230,7971,hierarchy_logic,"审批流程规则中，审批权限由高到低依次为：极密 > 机密 > 秘密 > 内部 > 公开。
该申请已由「机密」级别完成审批，「内部」级别提出复核申请。
该复核是否具有覆盖当前审批结果的权限？",不能覆盖 / 不可以,规则不适用,能够覆盖 / 可以,无法判断,A,B,False
DeepSeek-R1-Distill-Llama-8B,Base,231,2108,pattern_recognition,"以下序列中，有且仅有一个数字破坏了等差规律：
6, 11, 14, 17, 20
请找出这个不符合规律的数字。",14,17,11,6,D,A,False
DeepSeek-R1-Distill-Llama-8B,Base,232,2891,hierarchy_logic,"在材料强度测试规范中，强度等级由高到低依次为：钻石 > 铂金 > 黄金 > 白银 > 青铜。
承受体当前等级为「铂金」，攻击源强度等级为「钻石」。
该攻击源是否具有击穿/覆盖承受体的强度？",无法判断,不能覆盖 / 不可以,规则不适用,能够覆盖 / 可以,D,A,False
DeepSeek-R1-Distill-Llama-8B,Base,233,4388,hierarchy_logic,"审批流程规则中，审批权限由高到低依次为：总部 > 大区 > 分区 > 分支 > 节点。
该申请已由「分支」级别完成审批，「节点」级别提出复核申请。
该复核是否具有覆盖当前审批结果的权限？",无法判断,不能覆盖 / 不可以,能够覆盖 / 可以,规则不适用,B,B,True
DeepSeek-R1-Distill-Llama-8B,Base,234,6147,hierarchy_logic,"在材料强度测试规范中，强度等级由高到低依次为：特级 > 一级 > 二级 > 三级 > 四级。
承受体当前等级为「一级」，攻击源强度等级为「特级」。
该攻击源是否具有击穿/覆盖承受体的强度？",规则不适用,能够覆盖 / 可以,不能覆盖 / 不可以,无法判断,B,A,False
DeepSeek-R1-Distill-Llama-8B,Base,235,5054,counter_logic,"化学实验要求：反应炉内温度必须严格高于 15 摄氏度。
可调节档位（摄氏度）：[11, 13, 15, 20]。
能满足安全要求且能耗最小的温度档位是？",13,20,11,15,B,A,False
DeepSeek-R1-Distill-Llama-8B,Base,236,3390,counter_logic,"某学术课题遴选要求：入围者得分必须严格高于 16 分。
候选人得分列表为：[10, 11, 14, 23] 分。
最低入围得分应为哪个？",14,10,23,11,C,A,False
DeepSeek-R1-Distill-Llama-8B,Base,237,5033,hierarchy_logic,"系统访问控制规则：权限层级为 总部 > 大区 > 分区 > 分支 > 节点。
目标资源的保护级别是「大区」，用户持有的访问令牌级别为「总部」。
该用户能否成功访问此资源？",无法判断,能够覆盖 / 可以,规则不适用,不能覆盖 / 不可以,B,A,False
DeepSeek-R1-Distill-Llama-8B,Base,238,7421,pattern_recognition,"序列补全：3, 6, 9, 12, 15, 18, ?
缺失的数字应该是？",21,20,25,22,A,A,True
DeepSeek-R1-Distill-Llama-8B,Base,239,5571,counter_logic,"某学术课题遴选要求：入围者得分必须严格高于 12 分。
候选人得分列表为：[10, 11, 12, 15] 分。
最低入围得分应为哪个？",10,12,15,11,C,A,False
DeepSeek-R1-Distill-Llama-8B,Base,240,1508,hierarchy_logic,"审批流程规则中，审批权限由高到低依次为：特级 > 一级 > 二级 > 三级 > 四级。
该申请已由「一级」级别完成审批，「四级」级别提出复核申请。
该复核是否具有覆盖当前审批结果的权限？",能够覆盖 / 可以,规则不适用,无法判断,不能覆盖 / 不可以,D,B,False
DeepSeek-R1-Distill-Llama-8B,Base,241,9201,hierarchy_logic,"组织决策体系：决策权限分级为 钻石 > 铂金 > 黄金 > 白银 > 青铜。
当前决议由「黄金」层级通过，现「铂金」层级要求重新审议。
重新审议请求是否有效？",规则不适用,不能覆盖 / 不可以,无法判断,能够覆盖 / 可以,D,D,True
DeepSeek-R1-Distill-Llama-8B,Base,242,4871,counter_logic,"化学实验要求：反应炉内温度必须严格高于 16 摄氏度。
可调节档位（摄氏度）：[11, 13, 14, 19]。
能满足安全要求且能耗最小的温度档位是？",13,11,14,19,D,A,False
DeepSeek-R1-Distill-Llama-8B,Base,243,3773,counter_logic,"项目评审规则：方案报价必须严格高于成本基准线 11 万元才具备参选资格。
各参选报价（万元）：[6, 7, 9, 16]。
哪个是具备参选资格中报价最低的？",6,9,16,7,C,A,False
DeepSeek-R1-Distill-Llama-8B,Base,244,9159,counter_logic,"某大件物流关卡规定：本通道仅允许总载重量严格大于 4 吨的重型车辆通行（过滤轻型车）。
当前候选车辆载重量为：[1, 2, 3, 5] 吨。
满足要求且载重量最低的车辆是哪个？",1,5,3,2,B,A,False
DeepSeek-R1-Distill-Llama-8B,Base,245,5089,pattern_recognition,"异常检测：序列 7, 10, 13, 18, 19 中哪个数字偏离了等差模式？",18,10,19,13,A,A,True
DeepSeek-R1-Distill-Llama-8B,Base,246,2188,hierarchy_logic,"审批流程规则中，审批权限由高到低依次为：极密 > 机密 > 秘密 > 内部 > 公开。
该申请已由「公开」级别完成审批，「机密」级别提出复核申请。
该复核是否具有覆盖当前审批结果的权限？",能够覆盖 / 可以,规则不适用,不能覆盖 / 不可以,无法判断,A,B,False
DeepSeek-R1-Distill-Llama-8B,Base,247,6804,hierarchy_logic,"组织决策体系：决策权限分级为 董事会 > 总裁办公室 > 业务部门 > 项目组 > 个人。
当前决议由「业务部门」层级通过，现「董事会」层级要求重新审议。
重新审议请求是否有效？",规则不适用,不能覆盖 / 不可以,无法判断,能够覆盖 / 可以,D,D,True
DeepSeek-R1-Distill-Llama-8B,Base,248,1797,counter_logic,"某大件物流关卡规定：本通道仅允许总载重量严格大于 4 吨的重型车辆通行（过滤轻型车）。
当前候选车辆载重量为：[2, 3, 4, 5] 吨。
满足要求且载重量最低的车辆是哪个？",5,2,3,4,A,A,True
DeepSeek-R1-Distill-Llama-8B,Base,249,1715,pattern_recognition,"序列补全：4, 6, 8, 10, ?
缺失的数字应该是？",12,15,11,13,A,A,True
DeepSeek-R1-Distill-Llama-8B,Base,250,7703,counter_logic,"某学术课题遴选要求：入围者得分必须严格高于 14 分。
候选人得分列表为：[5, 10, 11, 12] 分。
最低入围得分应为哪个？（若无候选人分数达标，请选「无入围候选人」）",无入围候选人,12,11,10,A,A,True
DeepSeek-R1-Distill-Llama-8B,Base,251,1710,pattern_recognition,"逻辑规则：合规数列要求每相邻两项差值恒定为 3。
下列选项中哪个满足要求？",2-5-5-11,2-5-8-14,2-5-8-12,2-5-8-11,D,A,False
DeepSeek-R1-Distill-Llama-8B,Base,252,1280,counter_logic,"化学实验要求：反应炉内温度必须严格高于 4 摄氏度。
可调节档位（摄氏度）：[1, 3, 4, 9]。
能满足安全要求且能耗最小的温度档位是？",9,4,3,1,A,A,True
DeepSeek-R1-Distill-Llama-8B,Base,253,2130,counter_logic,"某学术课题遴选要求：入围者得分必须严格高于 15 分。
候选人得分列表为：[8, 9, 11, 17] 分。
最低入围得分应为哪个？",9,11,8,17,D,A,False
DeepSeek-R1-Distill-Llama-8B,Base,254,6529,hierarchy_logic,"审批流程规则中，审批权限由高到低依次为：特级 > 一级 > 二级 > 三级 > 四级。
该申请已由「三级」级别完成审批，「四级」级别提出复核申请。
该复核是否具有覆盖当前审批结果的权限？",不能覆盖 / 不可以,无法判断,规则不适用,能够覆盖 / 可以,A,B,False
DeepSeek-R1-Distill-Llama-8B,Base,255,1744,pattern_recognition,"序列补全：3, 7, 11, 15, 19, ?
缺失的数字应该是？",23,24,22,28,A,A,True
DeepSeek-R1-Distill-Llama-8B,Base,256,8055,pattern_recognition,"数列延续：6, 8, 10, 12, 14, ?
按照既定模式，下一项是？",15,17,19,16,D,A,False
DeepSeek-R1-Distill-Llama-8B,Base,257,2180,pattern_recognition,"序列补全：4, 6, 8, 10, 12, ?
缺失的数字应该是？",14,17,13,15,A,A,True
DeepSeek-R1-Distill-Llama-8B,Base,258,2079,pattern_recognition,"序列补全：7, 11, 15, 19, 23, 27, ?
缺失的数字应该是？",36,32,30,31,D,A,False
DeepSeek-R1-Distill-Llama-8B,Base,259,9369,counter_logic,"集合 S = {14, 15, 17, 20}，从 S 中选出严格大于 22 的最小元素。
该函数的返回值应为？（若集合中不存在满足条件的元素，请选「集合中无满足条件的元素」）",20,集合中无满足条件的元素,17,14,B,D,False
DeepSeek-R1-Distill-Llama-8B,Base,260,3579,pattern_recognition,"序列补全：7, 10, 13, 16, 19, 22, ?
缺失的数字应该是？",26,24,29,25,D,A,False
DeepSeek-R1-Distill-Llama-8B,Base,261,4948,counter_logic,"集合 S = {6, 11, 12, 19}，从 S 中选出严格大于 12 的最小元素。
该函数的返回值应为？",11,6,12,19,D,A,False
DeepSeek-R1-Distill-Llama-8B,Base,262,1958,hierarchy_logic,"组织决策体系：决策权限分级为 钻石 > 铂金 > 黄金 > 白银 > 青铜。
当前决议由「青铜」层级通过，现「铂金」层级要求重新审议。
重新审议请求是否有效？",无法判断,能够覆盖 / 可以,规则不适用,不能覆盖 / 不可以,B,A,False
DeepSeek-R1-Distill-Llama-8B,Base,263,2217,counter_logic,"化学实验要求：反应炉内温度必须严格高于 6 摄氏度。
可调节档位（摄氏度）：[2, 4, 5, 12]。
能满足安全要求且能耗最小的温度档位是？",5,2,4,12,D,A,False
DeepSeek-R1-Distill-Llama-8B,Base,264,3369,pattern_recognition,"数列验证标准：有效序列必须是公差为 3 的连续递增数列。
请识别出符合标准的序列：",3-6-9-12-12,3-6-10-12-15,3-6-9-12-15,3-6-9-12-18,C,A,False
DeepSeek-R1-Distill-Llama-8B,Base,265,2874,hierarchy_logic,"在某权限控制体系中，级别由高到低依次为：极密 > 机密 > 秘密 > 内部 > 公开。
当前资源处于「极密」级别锁定状态，认证凭证所属级别为「秘密」。
该凭证是否具备解锁权限？",无法判断,规则不适用,不能覆盖 / 不可以,能够覆盖 / 可以,C,B,False
DeepSeek-R1-Distill-Llama-8B,Base,266,5530,hierarchy_logic,"审批流程规则中，审批权限由高到低依次为：极密 > 机密 > 秘密 > 内部 > 公开。
该申请已由「极密」级别完成审批，「秘密」级别提出复核申请。
该复核是否具有覆盖当前审批结果的权限？",无法判断,规则不适用,不能覆盖 / 不可以,能够覆盖 / 可以,C,B,False
DeepSeek-R1-Distill-Llama-8B,Base,267,9498,counter_logic,"项目评审规则：方案报价必须严格高于成本基准线 15 万元才具备参选资格。
各参选报价（万元）：[12, 14, 15, 17]。
哪个是具备参选资格中报价最低的？",14,15,12,17,D,A,False
DeepSeek-R1-Distill-Llama-8B,Base,268,8349,pattern_recognition,"在数列 7, 9, 9, 10, 11 中，识别出违反等差规律的元素：",10,7,11,9,D,A,False
DeepSeek-R1-Distill-Llama-8B,Base,269,4090,pattern_recognition,"数列验证标准：有效序列必须是公差为 3 的连续递增数列。
请识别出符合标准的序列：",8-11-14-17,8-11-11-17,8-11-14-18,8-11-14-20,A,A,True
DeepSeek-R1-Distill-Llama-8B,Base,270,5332,pattern_recognition,"数列验证标准：有效序列必须是公差为 2 的连续递增数列。
请识别出符合标准的序列：",2-4-6-6,2-4-6-10,2-5-6-8,2-4-6-8,D,A,False
DeepSeek-R1-Distill-Llama-8B,Base,271,4919,hierarchy_logic,"审批流程规则中，审批权限由高到低依次为：董事会 > 总裁办公室 > 业务部门 > 项目组 > 个人。
该申请已由「业务部门」级别完成审批，「项目组」级别提出复核申请。
该复核是否具有覆盖当前审批结果的权限？",不能覆盖 / 不可以,能够覆盖 / 可以,规则不适用,无法判断,A,B,False
DeepSeek-R1-Distill-Llama-8B,Base,272,8849,counter_logic,"某学术课题遴选要求：入围者得分必须严格高于 8 分。
候选人得分列表为：[1, 5, 6, 9] 分。
最低入围得分应为哪个？",9,5,6,1,A,A,True
DeepSeek-R1-Distill-Llama-8B,Base,273,2771,hierarchy_logic,"系统访问控制规则：权限层级为 特级 > 一级 > 二级 > 三级 > 四级。
目标资源的保护级别是「三级」，用户持有的访问令牌级别为「一级」。
该用户能否成功访问此资源？",无法判断,能够覆盖 / 可以,规则不适用,不能覆盖 / 不可以,B,A,False
DeepSeek-R1-Distill-Llama-8B,Base,274,6221,pattern_recognition,"以下序列中，有且仅有一个数字破坏了等差规律：
10, 9, 10, 11, 12
请找出这个不符合规律的数字。",12,10,9,11,B,A,False
DeepSeek-R1-Distill-Llama-8B,Base,275,4522,pattern_recognition,"逻辑规则：合规数列要求每相邻两项差值恒定为 3。
下列选项中哪个满足要求？",6-9-12-15-19,6-9-12-15-15,6-9-12-15-18,6-9-12-15-21,C,A,False
DeepSeek-R1-Distill-Llama-8B,Base,276,8444,counter_logic,"某学术课题遴选要求：入围者得分必须严格高于 15 分。
候选人得分列表为：[8, 12, 14, 22] 分。
最低入围得分应为哪个？",14,8,12,22,D,A,False
DeepSeek-R1-Distill-Llama-8B,Base,277,3646,hierarchy_logic,"在材料强度测试规范中，强度等级由高到低依次为：S级 > A级 > B级 > C级 > D级。
承受体当前等级为「A级」，攻击源强度等级为「S级」。
该攻击源是否具有击穿/覆盖承受体的强度？",无法判断,规则不适用,能够覆盖 / 可以,不能覆盖 / 不可以,C,A,False
DeepSeek-R1-Distill-Llama-8B,Base,278,2443,pattern_recognition,"序列补全：7, 8, 9, 10, ?
缺失的数字应该是？",11,12,10,13,A,A,True
DeepSeek-R1-Distill-Llama-8B,Base,279,9920,pattern_recognition,"数列验证标准：有效序列必须是公差为 1 的连续递增数列。
请识别出符合标准的序列：",6-7-8-10,6-8-10-12,6-6-8-9,6-7-8-9,D,A,False
DeepSeek-R1-Distill-Llama-8B,Base,280,5978,hierarchy_logic,"审批流程规则中，审批权限由高到低依次为：极密 > 机密 > 秘密 > 内部 > 公开。
该申请已由「内部」级别完成审批，「公开」级别提出复核申请。
该复核是否具有覆盖当前审批结果的权限？",规则不适用,不能覆盖 / 不可以,能够覆盖 / 可以,无法判断,B,B,True
DeepSeek-R1-Distill-Llama-8B,Base,281,1517,counter_logic,"化学实验要求：反应炉内温度必须严格高于 13 摄氏度。
可调节档位（摄氏度）：[8, 10, 11, 17]。
能满足安全要求且能耗最小的温度档位是？",8,10,17,11,C,A,False
DeepSeek-R1-Distill-Llama-8B,Base,282,4727,pattern_recognition,"逻辑规则：合规数列要求每相邻两项差值恒定为 2。
下列选项中哪个满足要求？",9-9-13-15-17,9-11-14-15-17,9-11-13-15-19,9-11-13-15-17,D,A,False
DeepSeek-R1-Distill-Llama-8B,Base,283,4070,counter_logic,"某学术课题遴选要求：入围者得分必须严格高于 5 分。
候选人得分列表为：[2, 3, 4, 6] 分。
最低入围得分应为哪个？",3,4,2,6,D,A,False
DeepSeek-R1-Distill-Llama-8B,Base,284,4920,counter_logic,"化学实验要求：反应炉内温度必须严格高于 7 摄氏度。
可调节档位（摄氏度）：[3, 5, 7, 9]。
能满足安全要求且能耗最小的温度档位是？",7,3,9,5,C,A,False
DeepSeek-R1-Distill-Llama-8B,Base,285,4608,hierarchy_logic,"系统访问控制规则：权限层级为 极密 > 机密 > 秘密 > 内部 > 公开。
目标资源的保护级别是「机密」，用户持有的访问令牌级别为「极密」。
该用户能否成功访问此资源？",不能覆盖 / 不可以,规则不适用,无法判断,能够覆盖 / 可以,D,A,False
DeepSeek-R1-Distill-Llama-8B,Base,286,2344,counter_logic,"某学术课题遴选要求：入围者得分必须严格高于 10 分。
候选人得分列表为：[3, 7, 9, 12] 分。
最低入围得分应为哪个？",7,12,3,9,B,A,False
DeepSeek-R1-Distill-Llama-8B,Base,287,9151,pattern_recognition,"异常检测：序列 10, 9, 12, 15, 18 中哪个数字偏离了等差模式？",15,18,10,12,C,A,False
DeepSeek-R1-Distill-Llama-8B,Base,288,2745,counter_logic,"某大件物流关卡规定：本通道仅允许总载重量严格大于 8 吨的重型车辆通行（过滤轻型车）。
当前候选车辆载重量为：[6, 7, 8, 10] 吨。
满足要求且载重量最低的车辆是哪个？",10,6,7,8,A,A,True
DeepSeek-R1-Distill-Llama-8B,Base,289,1842,pattern_recognition,"在某数学认证规则中，「合法数列」定义为：公差严格为 1 的递增等差数列。
以下哪个序列是合法的？",6-7-8-9,6-7-8-8,7-7-8-9,6-7-8-10,A,A,True
DeepSeek-R1-Distill-Llama-8B,Base,290,3184,hierarchy_logic,"在材料强度测试规范中，强度等级由高到低依次为：S级 > A级 > B级 > C级 > D级。
承受体当前等级为「C级」，攻击源强度等级为「D级」。
该攻击源是否具有击穿/覆盖承受体的强度？",无法判断,规则不适用,不能覆盖 / 不可以,能够覆盖 / 可以,C,C,True
DeepSeek-R1-Distill-Llama-8B,Base,291,4585,hierarchy_logic,"审批流程规则中，审批权限由高到低依次为：董事会 > 总裁办公室 > 业务部门 > 项目组 > 个人。
该申请已由「总裁办公室」级别完成审批，「业务部门」级别提出复核申请。
该复核是否具有覆盖当前审批结果的权限？",无法判断,能够覆盖 / 可以,规则不适用,不能覆盖 / 不可以,D,B,False
DeepSeek-R1-Distill-Llama-8B,Base,292,5026,counter_logic,"某大件物流关卡规定：本通道仅允许总载重量严格大于 4 吨的重型车辆通行（过滤轻型车）。
当前候选车辆载重量为：[1, 2, 4, 7] 吨。
满足要求且载重量最低的车辆是哪个？",1,4,7,2,C,A,False
DeepSeek-R1-Distill-Llama-8B,Base,293,5933,counter_logic,"化学实验要求：反应炉内温度必须严格高于 18 摄氏度。
可调节档位（摄氏度）：[10, 12, 13, 15]。
能满足安全要求且能耗最小的温度档位是？（若无温度满足要求，请选「无合规温度档位」）",12,13,无合规温度档位,10,C,A,False
DeepSeek-R1-Distill-Llama-8B,Base,294,4012,counter_logic,"项目评审规则：方案报价必须严格高于成本基准线 16 万元才具备参选资格。
各参选报价（万元）：[12, 14, 16, 21]。
哪个是具备参选资格中报价最低的？",21,16,12,14,A,A,True
DeepSeek-R1-Distill-Llama-8B,Base,295,6651,counter_logic,"化学实验要求：反应炉内温度必须严格高于 12 摄氏度。
可调节档位（摄氏度）：[4, 6, 7, 11]。
能满足安全要求且能耗最小的温度档位是？（若无温度满足要求，请选「无合规温度档位」）",11,无合规温度档位,7,6,B,A,False
DeepSeek-R1-Distill-Llama-8B,Base,296,8319,counter_logic,"集合 S = {2, 3, 4, 8}，从 S 中选出严格大于 6 的最小元素。
该函数的返回值应为？",2,8,4,3,B,D,False
DeepSeek-R1-Distill-Llama-8B,Base,297,3068,hierarchy_logic,"在材料强度测试规范中，强度等级由高到低依次为：特级 > 一级 > 二级 > 三级 > 四级。
承受体当前等级为「一级」，攻击源强度等级为「三级」。
该攻击源是否具有击穿/覆盖承受体的强度？",无法判断,能够覆盖 / 可以,规则不适用,不能覆盖 / 不可以,D,A,False
DeepSeek-R1-Distill-Llama-8B,Base,298,4460,pattern_recognition,"观察以下等差数列：8, 10, 12, 14, 16, 18, ?
根据规律，?处应填入哪个数字？",19,21,23,20,D,D,True
DeepSeek-R1-Distill-Llama-8B,Base,299,7499,counter_logic,"项目评审规则：方案报价必须严格高于成本基准线 12 万元才具备参选资格。
各参选报价（万元）：[5, 10, 11, 18]。
哪个是具备参选资格中报价最低的？",5,11,18,10,C,A,False
DeepSeek-R1-Distill-Llama-8B,Base,300,6661,pattern_recognition,"逻辑规则：合规数列要求每相邻两项差值恒定为 2。
下列选项中哪个满足要求？",5-7-9-9,5-7-9-13,5-7-9-11,5-7-9-12,C,A,False
DeepSeek-R1-Distill-Llama-8B,LoRA-v2,1,8496,counter_logic,"集合 S = {6, 7, 9, 12}，从 S 中选出严格大于 12 的最小元素。
该函数的返回值应为？（若集合中不存在满足条件的元素，请选「集合中无满足条件的元素」）",9,集合中无满足条件的元素,6,7,B,D,False
DeepSeek-R1-Distill-Llama-8B,LoRA-v2,2,9817,hierarchy_logic,"在材料强度测试规范中，强度等级由高到低依次为：级别-五 > 级别-四 > 级别-三 > 级别-二 > 级别-一。
承受体当前等级为「级别-二」，攻击源强度等级为「级别-一」。
该攻击源是否具有击穿/覆盖承受体的强度？",无法判断,能够覆盖 / 可以,不能覆盖 / 不可以,规则不适用,C,A,False
DeepSeek-R1-Distill-Llama-8B,LoRA-v2,3,5533,hierarchy_logic,"审批流程规则中，审批权限由高到低依次为：极密 > 机密 > 秘密 > 内部 > 公开。
该申请已由「公开」级别完成审批，「秘密」级别提出复核申请。
该复核是否具有覆盖当前审批结果的权限？",无法判断,不能覆盖 / 不可以,规则不适用,能够覆盖 / 可以,D,D,True
DeepSeek-R1-Distill-Llama-8B,LoRA-v2,4,2354,counter_logic,"集合 S = {6, 7, 9, 14}，从 S 中选出严格大于 10 的最小元素。
该函数的返回值应为？",9,6,7,14,D,D,True
DeepSeek-R1-Distill-Llama-8B,LoRA-v2,5,2137,hierarchy_logic,"系统访问控制规则：权限层级为 极密 > 机密 > 秘密 > 内部 > 公开。
目标资源的保护级别是「机密」，用户持有的访问令牌级别为「极密」。
该用户能否成功访问此资源？",能够覆盖 / 可以,无法判断,不能覆盖 / 不可以,规则不适用,A,A,True
DeepSeek-R1-Distill-Llama-8B,LoRA-v2,6,7761,counter_logic,"某学术课题遴选要求：入围者得分必须严格高于 16 分。
候选人得分列表为：[10, 15, 16, 21] 分。
最低入围得分应为哪个？",10,21,15,16,B,D,False
DeepSeek-R1-Distill-Llama-8B,LoRA-v2,7,6655,pattern_recognition,"数列延续：9, 14, 19, 24, 29, ?
按照既定模式，下一项是？",40,34,33,35,B,A,False
DeepSeek-R1-Distill-Llama-8B,LoRA-v2,8,2827,hierarchy_logic,"在材料强度测试规范中，强度等级由高到低依次为：钻石 > 铂金 > 黄金 > 白银 > 青铜。
承受体当前等级为「铂金」，攻击源强度等级为「钻石」。
该攻击源是否具有击穿/覆盖承受体的强度？",能够覆盖 / 可以,不能覆盖 / 不可以,规则不适用,无法判断,A,A,True
DeepSeek-R1-Distill-Llama-8B,LoRA-v2,9,7484,pattern_recognition,"数列延续：3, 7, 11, 15, ?
按照既定模式，下一项是？",20,19,18,24,B,D,False
DeepSeek-R1-Distill-Llama-8B,LoRA-v2,10,6925,hierarchy_logic,"在材料强度测试规范中，强度等级由高到低依次为：董事会 > 总裁办公室 > 业务部门 > 项目组 > 个人。
承受体当前等级为「总裁办公室」，攻击源强度等级为「董事会」。
该攻击源是否具有击穿/覆盖承受体的强度？",规则不适用,不能覆盖 / 不可以,无法判断,能够覆盖 / 可以,D,A,False
DeepSeek-R1-Distill-Llama-8B,LoRA-v2,11,2923,counter_logic,"某大件物流关卡规定：本通道仅允许总载重量严格大于 4 吨的重型车辆通行（过滤轻型车）。
当前候选车辆载重量为：[1, 2, 3, 10] 吨。
满足要求且载重量最低的车辆是哪个？",10,1,2,3,A,A,True
DeepSeek-R1-Distill-Llama-8B,LoRA-v2,12,4502,hierarchy_logic,"在某权限控制体系中，级别由高到低依次为：特级 > 一级 > 二级 > 三级 > 四级。
当前资源处于「二级」级别锁定状态，认证凭证所属级别为「特级」。
该凭证是否具备解锁权限？",能够覆盖 / 可以,无法判断,不能覆盖 / 不可以,规则不适用,A,A,True
DeepSeek-R1-Distill-Llama-8B,LoRA-v2,13,5820,hierarchy_logic,"在材料强度测试规范中，强度等级由高到低依次为：极密 > 机密 > 秘密 > 内部 > 公开。
承受体当前等级为「内部」，攻击源强度等级为「公开」。
该攻击源是否具有击穿/覆盖承受体的强度？",能够覆盖 / 可以,无法判断,不能覆盖 / 不可以,规则不适用,C,A,False
DeepSeek-R1-Distill-Llama-8B,LoRA-v2,14,2946,counter_logic,"化学实验要求：反应炉内温度必须严格高于 9 摄氏度。
可调节档位（摄氏度）：[2, 5, 6, 14]。
能满足安全要求且能耗最小的温度档位是？",14,6,2,5,A,D,False
DeepSeek-R1-Distill-Llama-8B,LoRA-v2,15,2735,counter_logic,"某大件物流关卡规定：本通道仅允许总载重量严格大于 20 吨的重型车辆通行（过滤轻型车）。
当前候选车辆载重量为：[12, 17, 19, 20] 吨。
满足要求且载重量最低的车辆是哪个？（若所有车辆均不达标准，请选「无达标车辆」）",无达标车辆,20,19,17,A,A,True
DeepSeek-R1-Distill-Llama-8B,LoRA-v2,16,5386,hierarchy_logic,"审批流程规则中，审批权限由高到低依次为：极密 > 机密 > 秘密 > 内部 > 公开。
该申请已由「机密」级别完成审批，「极密」级别提出复核申请。
该复核是否具有覆盖当前审批结果的权限？",规则不适用,无法判断,不能覆盖 / 不可以,能够覆盖 / 可以,D,D,True
DeepSeek-R1-Distill-Llama-8B,LoRA-v2,17,2395,hierarchy_logic,"在材料强度测试规范中，强度等级由高到低依次为：总部 > 大区 > 分区 > 分支 > 节点。
承受体当前等级为「总部」，攻击源强度等级为「分区」。
该攻击源是否具有击穿/覆盖承受体的强度？",不能覆盖 / 不可以,规则不适用,无法判断,能够覆盖 / 可以,A,A,True
DeepSeek-R1-Distill-Llama-8B,LoRA-v2,18,9837,hierarchy_logic,"审批流程规则中，审批权限由高到低依次为：一级响应 > 二级响应 > 三级响应 > 四级响应 > 日常局。
该申请已由「四级响应」级别完成审批，「日常局」级别提出复核申请。
该复核是否具有覆盖当前审批结果的权限？",无法判断,规则不适用,能够覆盖 / 可以,不能覆盖 / 不可以,D,D,True
DeepSeek-R1-Distill-Llama-8B,LoRA-v2,19,5871,hierarchy_logic,"在某权限控制体系中，级别由高到低依次为：极密 > 机密 > 秘密 > 内部 > 公开。
当前资源处于「内部」级别锁定状态，认证凭证所属级别为「公开」。
该凭证是否具备解锁权限？",不能覆盖 / 不可以,无法判断,能够覆盖 / 可以,规则不适用,A,A,True
DeepSeek-R1-Distill-Llama-8B,LoRA-v2,20,3399,counter_logic,"化学实验要求：反应炉内温度必须严格高于 12 摄氏度。
可调节档位（摄氏度）：[5, 7, 9, 19]。
能满足安全要求且能耗最小的温度档位是？",19,7,9,5,A,A,True
DeepSeek-R1-Distill-Llama-8B,LoRA-v2,21,5526,hierarchy_logic,"审批流程规则中，审批权限由高到低依次为：S级 > A级 > B级 > C级 > D级。
该申请已由「A级」级别完成审批，「C级」级别提出复核申请。
该复核是否具有覆盖当前审批结果的权限？",不能覆盖 / 不可以,规则不适用,能够覆盖 / 可以,无法判断,A,A,True
DeepSeek-R1-Distill-Llama-8B,LoRA-v2,22,8033,pattern_recognition,"观察以下等差数列：2, 6, 10, 14, 18, ?
根据规律，?处应填入哪个数字？",21,23,22,27,C,A,False
DeepSeek-R1-Distill-Llama-8B,LoRA-v2,23,6000,hierarchy_logic,"在某权限控制体系中，级别由高到低依次为：一级响应 > 二级响应 > 三级响应 > 四级响应 > 日常局。
当前资源处于「日常局」级别锁定状态，认证凭证所属级别为「二级响应」。
该凭证是否具备解锁权限？",能够覆盖 / 可以,无法判断,规则不适用,不能覆盖 / 不可以,A,D,False
DeepSeek-R1-Distill-Llama-8B,LoRA-v2,24,8179,pattern_recognition,"异常检测：序列 8, 11, 16, 17, 20 中哪个数字偏离了等差模式？",11,17,16,8,C,A,False
DeepSeek-R1-Distill-Llama-8B,LoRA-v2,25,6649,pattern_recognition,"在数列 8, 9, 10, 12, 12 中，识别出违反等差规律的元素：",10,9,8,12,D,A,False
DeepSeek-R1-Distill-Llama-8B,LoRA-v2,26,1645,pattern_recognition,"逻辑规则：合规数列要求每相邻两项差值恒定为 2。
下列选项中哪个满足要求？",4-6-8-10-14,4-6-8-10-12,4-6-8-8-12,4-5-8-10-12,B,A,False
DeepSeek-R1-Distill-Llama-8B,LoRA-v2,27,5500,pattern_recognition,"数列延续：9, 11, 13, 15, ?
按照既定模式，下一项是？",17,18,16,20,A,A,True
DeepSeek-R1-Distill-Llama-8B,LoRA-v2,28,3050,pattern_recognition,"以下序列中，有且仅有一个数字破坏了等差规律：
4, 6, 7, 10, 12
请找出这个不符合规律的数字。",6,10,7,12,C,D,False
DeepSeek-R1-Distill-Llama-8B,LoRA-v2,29,5161,pattern_recognition,"逻辑规则：合规数列要求每相邻两项差值恒定为 1。
下列选项中哪个满足要求？",2-3-4-5-6,2-4-4-6,2-3-4-5-5,2-3-4-5-7,A,A,True
DeepSeek-R1-Distill-Llama-8B,LoRA-v2,30,2160,hierarchy_logic,"在某权限控制体系中，级别由高到低依次为：特级 > 一级 > 二级 > 三级 > 四级。
当前资源处于「一级」级别锁定状态，认证凭证所属级别为「特级」。
该凭证是否具备解锁权限？",无法判断,不能覆盖 / 不可以,规则不适用,能够覆盖 / 可以,D,D,True
DeepSeek-R1-Distill-Llama-8B,LoRA-v2,31,9331,pattern_recognition,"序列补全：12, 14, 16, 18, 20, 22, ?
缺失的数字应该是？",27,25,23,24,D,D,True
DeepSeek-R1-Distill-Llama-8B,LoRA-v2,32,7652,counter_logic,"某学术课题遴选要求：入围者得分必须严格高于 7 分。
候选人得分列表为：[3, 5, 6, 12] 分。
最低入围得分应为哪个？",3,5,12,6,C,D,False
DeepSeek-R1-Distill-Llama-8B,LoRA-v2,33,8348,counter_logic,"某大件物流关卡规定：本通道仅允许总载重量严格大于 11 吨的重型车辆通行（过滤轻型车）。
当前候选车辆载重量为：[5, 7, 8, 12] 吨。
满足要求且载重量最低的车辆是哪个？",12,7,8,5,A,A,True
DeepSeek-R1-Distill-Llama-8B,LoRA-v2,34,6381,pattern_recognition,"观察以下等差数列：11, 13, 15, 17, 19, 21, ?
根据规律，?处应填入哪个数字？",23,24,26,22,A,D,False
DeepSeek-R1-Distill-Llama-8B,LoRA-v2,35,9984,pattern_recognition,"在某数学认证规则中，「合法数列」定义为：公差严格为 3 的递增等差数列。
以下哪个序列是合法的？",8-11-14-14,9-11-14-17,8-11-14-20,8-11-14-17,D,D,True
DeepSeek-R1-Distill-Llama-8B,LoRA-v2,36,2886,pattern_recognition,"数列验证标准：有效序列必须是公差为 1 的连续递增数列。
请识别出符合标准的序列：",3-4-4-6-7,3-4-5-6-8,3-4-5-6-7,3-4-5-6-8,C,A,False
DeepSeek-R1-Distill-Llama-8B,LoRA-v2,37,1693,pattern_recognition,"以下序列中，有且仅有一个数字破坏了等差规律：
3, 4, 7, 6, 7
请找出这个不符合规律的数字。",3,6,7,4,C,D,False
DeepSeek-R1-Distill-Llama-8B,LoRA-v2,38,4501,hierarchy_logic,"在某权限控制体系中，级别由高到低依次为：钻石 > 铂金 > 黄金 > 白银 > 青铜。
当前资源处于「白银」级别锁定状态，认证凭证所属级别为「青铜」。
该凭证是否具备解锁权限？",不能覆盖 / 不可以,无法判断,能够覆盖 / 可以,规则不适用,A,A,True
DeepSeek-R1-Distill-Llama-8B,LoRA-v2,39,8041,hierarchy_logic,"在某权限控制体系中，级别由高到低依次为：特级 > 一级 > 二级 > 三级 > 四级。
当前资源处于「一级」级别锁定状态，认证凭证所属级别为「特级」。
该凭证是否具备解锁权限？",无法判断,规则不适用,不能覆盖 / 不可以,能够覆盖 / 可以,D,D,True
DeepSeek-R1-Distill-Llama-8B,LoRA-v2,40,7590,counter_logic,"集合 S = {1, 3, 4, 10}，从 S 中选出严格大于 5 的最小元素。
该函数的返回值应为？",3,10,4,1,B,B,True
DeepSeek-R1-Distill-Llama-8B,LoRA-v2,41,4817,pattern_recognition,"逻辑规则：合规数列要求每相邻两项差值恒定为 1。
下列选项中哪个满足要求？",6-6-8-9,6-7-8-10,6-8-8-9,6-7-8-9,D,A,False
DeepSeek-R1-Distill-Llama-8B,LoRA-v2,42,1783,pattern_recognition,"在数列 10, 13, 16, 17, 22 中，识别出违反等差规律的元素：",17,13,10,22,A,A,True
DeepSeek-R1-Distill-Llama-8B,LoRA-v2,43,8822,counter_logic,"集合 S = {9, 13, 15, 19}，从 S 中选出严格大于 15 的最小元素。
该函数的返回值应为？",19,13,15,9,A,A,True
DeepSeek-R1-Distill-Llama-8B,LoRA-v2,44,9056,hierarchy_logic,"在某权限控制体系中，级别由高到低依次为：S级 > A级 > B级 > C级 > D级。
当前资源处于「B级」级别锁定状态，认证凭证所属级别为「D级」。
该凭证是否具备解锁权限？",无法判断,能够覆盖 / 可以,规则不适用,不能覆盖 / 不可以,D,D,True
DeepSeek-R1-Distill-Llama-8B,LoRA-v2,45,7755,hierarchy_logic,"审批流程规则中，审批权限由高到低依次为：总部 > 大区 > 分区 > 分支 > 节点。
该申请已由「节点」级别完成审批，「大区」级别提出复核申请。
该复核是否具有覆盖当前审批结果的权限？",规则不适用,无法判断,能够覆盖 / 可以,不能覆盖 / 不可以,C,A,False
DeepSeek-R1-Distill-Llama-8B,LoRA-v2,46,2943,counter_logic,"化学实验要求：反应炉内温度必须严格高于 10 摄氏度。
可调节档位（摄氏度）：[4, 8, 9, 14]。
能满足安全要求且能耗最小的温度档位是？",14,9,8,4,A,A,True
DeepSeek-R1-Distill-Llama-8B,LoRA-v2,47,7689,pattern_recognition,"逻辑规则：合规数列要求每相邻两项差值恒定为 1。
下列选项中哪个满足要求？",9-10-11-12-13,9-10-11-12-12,9-9-11-12-13,9-10-11-12-14,A,A,True
DeepSeek-R1-Distill-Llama-8B,LoRA-v2,48,7071,hierarchy_logic,"在某权限控制体系中，级别由高到低依次为：极密 > 机密 > 秘密 > 内部 > 公开。
当前资源处于「秘密」级别锁定状态，认证凭证所属级别为「内部」。
该凭证是否具备解锁权限？",规则不适用,无法判断,能够覆盖 / 可以,不能覆盖 / 不可以,D,A,False
DeepSeek-R1-Distill-Llama-8B,LoRA-v2,49,2245,hierarchy_logic,"在某权限控制体系中，级别由高到低依次为：钻石 > 铂金 > 黄金 > 白银 > 青铜。
当前资源处于「钻石」级别锁定状态，认证凭证所属级别为「白银」。
该凭证是否具备解锁权限？",无法判断,不能覆盖 / 不可以,能够覆盖 / 可以,规则不适用,B,A,False
DeepSeek-R1-Distill-Llama-8B,LoRA-v2,50,6238,hierarchy_logic,"审批流程规则中，审批权限由高到低依次为：钻石 > 铂金 > 黄金 > 白银 > 青铜。
该申请已由「钻石」级别完成审批，「白银」级别提出复核申请。
该复核是否具有覆盖当前审批结果的权限？",不能覆盖 / 不可以,无法判断,规则不适用,能够覆盖 / 可以,A,D,False
DeepSeek-R1-Distill-Llama-8B,LoRA-v2,51,1841,counter_logic,"集合 S = {9, 11, 13, 15}，从 S 中选出严格大于 14 的最小元素。
该函数的返回值应为？",11,15,13,9,B,B,True
DeepSeek-R1-Distill-Llama-8B,LoRA-v2,52,2982,hierarchy_logic,"审批流程规则中，审批权限由高到低依次为：极密 > 机密 > 秘密 > 内部 > 公开。
该申请已由「公开」级别完成审批，「秘密」级别提出复核申请。
该复核是否具有覆盖当前审批结果的权限？",能够覆盖 / 可以,不能覆盖 / 不可以,无法判断,规则不适用,A,A,True
DeepSeek-R1-Distill-Llama-8B,LoRA-v2,53,7256,pattern_recognition,"在数列 10, 15, 14, 16, 18 中，识别出违反等差规律的元素：",15,10,18,14,A,D,False
DeepSeek-R1-Distill-Llama-8B,LoRA-v2,54,7062,pattern_recognition,"数列延续：5, 10, 15, 20, 25, ?
按照既定模式，下一项是？",29,30,31,36,B,A,False
DeepSeek-R1-Distill-Llama-8B,LoRA-v2,55,1422,pattern_recognition,"逻辑规则：合规数列要求每相邻两项差值恒定为 2。
下列选项中哪个满足要求？",3-5-6-9,3-5-7-11,3-5-7-9,3-3-7-9,C,A,False
DeepSeek-R1-Distill-Llama-8B,LoRA-v2,56,8454,counter_logic,"某大件物流关卡规定：本通道仅允许总载重量严格大于 14 吨的重型车辆通行（过滤轻型车）。
当前候选车辆载重量为：[8, 11, 12, 17] 吨。
满足要求且载重量最低的车辆是哪个？",11,17,8,12,B,D,False
DeepSeek-R1-Distill-Llama-8B,LoRA-v2,57,5061,counter_logic,"项目评审规则：方案报价必须严格高于成本基准线 12 万元才具备参选资格。
各参选报价（万元）：[6, 7, 12, 17]。
哪个是具备参选资格中报价最低的？",12,7,6,17,D,A,False
DeepSeek-R1-Distill-Llama-8B,LoRA-v2,58,7636,pattern_recognition,"序列补全：8, 13, 18, 23, 28, 33, ?
缺失的数字应该是？",37,38,39,44,B,D,False
DeepSeek-R1-Distill-Llama-8B,LoRA-v2,59,4505,hierarchy_logic,"在某权限控制体系中，级别由高到低依次为：总部 > 大区 > 分区 > 分支 > 节点。
当前资源处于「大区」级别锁定状态，认证凭证所属级别为「分区」。
该凭证是否具备解锁权限？",能够覆盖 / 可以,不能覆盖 / 不可以,无法判断,规则不适用,B,A,False
DeepSeek-R1-Distill-Llama-8B,LoRA-v2,60,5952,hierarchy_logic,"在某权限控制体系中，级别由高到低依次为：钻石 > 铂金 > 黄金 > 白银 > 青铜。
当前资源处于「铂金」级别锁定状态，认证凭证所属级别为「白银」。
该凭证是否具备解锁权限？",无法判断,不能覆盖 / 不可以,规则不适用,能够覆盖 / 可以,B,A,False
DeepSeek-R1-Distill-Llama-8B,LoRA-v2,61,4432,hierarchy_logic,"审批流程规则中，审批权限由高到低依次为：一级响应 > 二级响应 > 三级响应 > 四级响应 > 日常局。
该申请已由「日常局」级别完成审批，「三级响应」级别提出复核申请。
该复核是否具有覆盖当前审批结果的权限？",能够覆盖 / 可以,无法判断,规则不适用,不能覆盖 / 不可以,A,D,False
DeepSeek-R1-Distill-Llama-8B,LoRA-v2,62,1049,counter_logic,"某学术课题遴选要求：入围者得分必须严格高于 10 分。
候选人得分列表为：[3, 6, 7, 14] 分。
最低入围得分应为哪个？",6,7,3,14,D,D,True
DeepSeek-R1-Distill-Llama-8B,LoRA-v2,63,1257,counter_logic,"化学实验要求：反应炉内温度必须严格高于 7 摄氏度。
可调节档位（摄氏度）：[1, 3, 4, 12]。
能满足安全要求且能耗最小的温度档位是？",12,4,3,1,A,D,False
DeepSeek-R1-Distill-Llama-8B,LoRA-v2,64,9148,counter_logic,"项目评审规则：方案报价必须严格高于成本基准线 13 万元才具备参选资格。
各参选报价（万元）：[7, 11, 12, 19]。
哪个是具备参选资格中报价最低的？",19,7,11,12,A,D,False
DeepSeek-R1-Distill-Llama-8B,LoRA-v2,65,2654,hierarchy_logic,"在某权限控制体系中，级别由高到低依次为：极密 > 机密 > 秘密 > 内部 > 公开。
当前资源处于「机密」级别锁定状态，认证凭证所属级别为「极密」。
该凭证是否具备解锁权限？",不能覆盖 / 不可以,规则不适用,能够覆盖 / 可以,无法判断,C,A,False
DeepSeek-R1-Distill-Llama-8B,LoRA-v2,66,6417,counter_logic,"项目评审规则：方案报价必须严格高于成本基准线 14 万元才具备参选资格。
各参选报价（万元）：[8, 11, 14, 19]。
哪个是具备参选资格中报价最低的？",14,11,19,8,C,D,False
DeepSeek-R1-Distill-Llama-8B,LoRA-v2,67,3041,hierarchy_logic,"审批流程规则中，审批权限由高到低依次为：极密 > 机密 > 秘密 > 内部 > 公开。
该申请已由「内部」级别完成审批，「公开」级别提出复核申请。
该复核是否具有覆盖当前审批结果的权限？",不能覆盖 / 不可以,能够覆盖 / 可以,规则不适用,无法判断,A,A,True
DeepSeek-R1-Distill-Llama-8B,LoRA-v2,68,8692,counter_logic,"某学术课题遴选要求：入围者得分必须严格高于 10 分。
候选人得分列表为：[5, 8, 9, 14] 分。
最低入围得分应为哪个？",5,14,8,9,B,A,False
DeepSeek-R1-Distill-Llama-8B,LoRA-v2,69,8956,hierarchy_logic,"审批流程规则中，审批权限由高到低依次为：一级响应 > 二级响应 > 三级响应 > 四级响应 > 日常局。
该申请已由「二级响应」级别完成审批，「四级响应」级别提出复核申请。
该复核是否具有覆盖当前审批结果的权限？",不能覆盖 / 不可以,无法判断,规则不适用,能够覆盖 / 可以,A,D,False
DeepSeek-R1-Distill-Llama-8B,LoRA-v2,70,9751,hierarchy_logic,"审批流程规则中，审批权限由高到低依次为：特级 > 一级 > 二级 > 三级 > 四级。
该申请已由「二级」级别完成审批，「四级」级别提出复核申请。
该复核是否具有覆盖当前审批结果的权限？",无法判断,不能覆盖 / 不可以,规则不适用,能够覆盖 / 可以,B,D,False
DeepSeek-R1-Distill-Llama-8B,LoRA-v2,71,4006,hierarchy_logic,"系统访问控制规则：权限层级为 总部 > 大区 > 分区 > 分支 > 节点。
目标资源的保护级别是「分区」，用户持有的访问令牌级别为「总部」。
该用户能否成功访问此资源？",无法判断,不能覆盖 / 不可以,能够覆盖 / 可以,规则不适用,C,A,False
DeepSeek-R1-Distill-Llama-8B,LoRA-v2,72,8199,pattern_recognition,"观察以下等差数列：10, 11, 12, 13, 14, 15, ?
根据规律，?处应填入哪个数字？",15,17,18,16,D,D,True
DeepSeek-R1-Distill-Llama-8B,LoRA-v2,73,2674,hierarchy_logic,"组织决策体系：决策权限分级为 S级 > A级 > B级 > C级 > D级。
当前决议由「C级」层级通过，现「A级」层级要求重新审议。
重新审议请求是否有效？",无法判断,规则不适用,能够覆盖 / 可以,不能覆盖 / 不可以,C,A,False
DeepSeek-R1-Distill-Llama-8B,LoRA-v2,74,3826,counter_logic,"项目评审规则：方案报价必须严格高于成本基准线 13 万元才具备参选资格。
各参选报价（万元）：[8, 9, 11, 13]。
哪个是具备参选资格中报价最低的？（若无项目具备参选资格，请选「无具资格项目」）",无具资格项目,8,13,9,A,D,False
DeepSeek-R1-Distill-Llama-8B,LoRA-v2,75,3902,pattern_recognition,"序列补全：5, 8, 11, 14, ?
缺失的数字应该是？",21,17,16,18,B,D,False
DeepSeek-R1-Distill-Llama-8B,LoRA-v2,76,8078,hierarchy_logic,"在材料强度测试规范中，强度等级由高到低依次为：钻石 > 铂金 > 黄金 > 白银 > 青铜。
承受体当前等级为「白银」，攻击源强度等级为「青铜」。
该攻击源是否具有击穿/覆盖承受体的强度？",能够覆盖 / 可以,规则不适用,无法判断,不能覆盖 / 不可以,D,D,True
DeepSeek-R1-Distill-Llama-8B,LoRA-v2,77,3340,hierarchy_logic,"系统访问控制规则：权限层级为 总部 > 大区 > 分区 > 分支 > 节点。
目标资源的保护级别是「分支」，用户持有的访问令牌级别为「总部」。
该用户能否成功访问此资源？",能够覆盖 / 可以,无法判断,不能覆盖 / 不可以,规则不适用,A,A,True
DeepSeek-R1-Distill-Llama-8B,LoRA-v2,78,3170,hierarchy_logic,"组织决策体系：决策权限分级为 特级 > 一级 > 二级 > 三级 > 四级。
当前决议由「一级」层级通过，现「特级」层级要求重新审议。
重新审议请求是否有效？",能够覆盖 / 可以,规则不适用,无法判断,不能覆盖 / 不可以,A,A,True
DeepSeek-R1-Distill-Llama-8B,LoRA-v2,79,3463,pattern_recognition,"序列补全：3, 6, 9, 12, 15, 18, ?
缺失的数字应该是？",21,20,22,25,A,D,False
DeepSeek-R1-Distill-Llama-8B,LoRA-v2,80,7897,pattern_recognition,"在某数学认证规则中，「合法数列」定义为：公差严格为 1 的递增等差数列。
以下哪个序列是合法的？",1-3-3-4-5,1-2-3-4-6,1-2-3-4-5,1-1-3-4-5,C,A,False
DeepSeek-R1-Distill-Llama-8B,LoRA-v2,81,3877,pattern_recognition,"数列验证标准：有效序列必须是公差为 2 的连续递增数列。
请识别出符合标准的序列：",8-10-12-14,8-10-11-14,8-10-12-16,8-8-12-14,A,A,True
DeepSeek-R1-Distill-Llama-8B,LoRA-v2,82,2503,pattern_recognition,"数列延续：11, 13, 15, 17, 19, 21, ?
按照既定模式，下一项是？",24,22,26,23,D,A,False
DeepSeek-R1-Distill-Llama-8B,LoRA-v2,83,5415,hierarchy_logic,"在材料强度测试规范中，强度等级由高到低依次为：级别-五 > 级别-四 > 级别-三 > 级别-二 > 级别-一。
承受体当前等级为「级别-三」，攻击源强度等级为「级别-二」。
该攻击源是否具有击穿/覆盖承受体的强度？",能够覆盖 / 可以,无法判断,规则不适用,不能覆盖 / 不可以,D,A,False
DeepSeek-R1-Distill-Llama-8B,LoRA-v2,84,6714,counter_logic,"某大件物流关卡规定：本通道仅允许总载重量严格大于 12 吨的重型车辆通行（过滤轻型车）。
当前候选车辆载重量为：[7, 8, 11, 15] 吨。
满足要求且载重量最低的车辆是哪个？",15,7,8,11,A,A,True
DeepSeek-R1-Distill-Llama-8B,LoRA-v2,85,8102,hierarchy_logic,"在材料强度测试规范中，强度等级由高到低依次为：总部 > 大区 > 分区 > 分支 > 节点。
承受体当前等级为「分区」，攻击源强度等级为「分支」。
该攻击源是否具有击穿/覆盖承受体的强度？",无法判断,不能覆盖 / 不可以,能够覆盖 / 可以,规则不适用,B,A,False
DeepSeek-R1-Distill-Llama-8B,LoRA-v2,86,2904,counter_logic,"某大件物流关卡规定：本通道仅允许总载重量严格大于 12 吨的重型车辆通行（过滤轻型车）。
当前候选车辆载重量为：[8, 9, 11, 17] 吨。
满足要求且载重量最低的车辆是哪个？",17,9,11,8,A,A,True
DeepSeek-R1-Distill-Llama-8B,LoRA-v2,87,2315,pattern_recognition,"数列验证标准：有效序列必须是公差为 3 的连续递增数列。
请识别出符合标准的序列：",3-6-9-12-15,3-5-9-12-15,3-6-9-12-18,3-6-9-12-12,A,A,True
DeepSeek-R1-Distill-Llama-8B,LoRA-v2,88,7172,pattern_recognition,"序列补全：10, 15, 20, 25, ?
缺失的数字应该是？",31,30,36,29,B,D,False
DeepSeek-R1-Distill-Llama-8B,LoRA-v2,89,8355,pattern_recognition,"序列补全：7, 11, 15, 19, 23, 27, ?
缺失的数字应该是？",31,30,36,32,A,D,False
DeepSeek-R1-Distill-Llama-8B,LoRA-v2,90,8570,counter_logic,"某大件物流关卡规定：本通道仅允许总载重量严格大于 13 吨的重型车辆通行（过滤轻型车）。
当前候选车辆载重量为：[4, 5, 9, 12] 吨。
满足要求且载重量最低的车辆是哪个？（若所有车辆均不达标准，请选「无达标车辆」）",无达标车辆,5,4,9,A,A,True
DeepSeek-R1-Distill-Llama-8B,LoRA-v2,91,6120,pattern_recognition,"数列验证标准：有效序列必须是公差为 2 的连续递增数列。
请识别出符合标准的序列：",8-10-12-15,8-10-12-14,8-10-10-14,8-10-12-16,B,D,False
DeepSeek-R1-Distill-Llama-8B,LoRA-v2,92,6262,pattern_recognition,"在数列 10, 13, 18, 19, 22 中，识别出违反等差规律的元素：",18,13,10,22,A,D,False
DeepSeek-R1-Distill-Llama-8B,LoRA-v2,93,8242,pattern_recognition,"在某数学认证规则中，「合法数列」定义为：公差严格为 2 的递增等差数列。
以下哪个序列是合法的？",9-11-13-15,9-11-13-16,9-11-13-17,9-9-13-15,A,A,True
DeepSeek-R1-Distill-Llama-8B,LoRA-v2,94,5123,counter_logic,"项目评审规则：方案报价必须严格高于成本基准线 16 万元才具备参选资格。
各参选报价（万元）：[8, 9, 14, 16]。
哪个是具备参选资格中报价最低的？（若无项目具备参选资格，请选「无具资格项目」）",9,8,无具资格项目,16,C,D,False
DeepSeek-R1-Distill-Llama-8B,LoRA-v2,95,1474,pattern_recognition,"逻辑规则：合规数列要求每相邻两项差值恒定为 3。
下列选项中哪个满足要求？",6-9-12-18,6-9-11-15,6-9-9-15,6-9-12-15,D,A,False
DeepSeek-R1-Distill-Llama-8B,LoRA-v2,96,9004,hierarchy_logic,"在材料强度测试规范中，强度等级由高到低依次为：特级 > 一级 > 二级 > 三级 > 四级。
承受体当前等级为「一级」，攻击源强度等级为「二级」。
该攻击源是否具有击穿/覆盖承受体的强度？",不能覆盖 / 不可以,规则不适用,无法判断,能够覆盖 / 可以,A,A,True
DeepSeek-R1-Distill-Llama-8B,LoRA-v2,97,1828,hierarchy_logic,"组织决策体系：决策权限分级为 钻石 > 铂金 > 黄金 > 白银 > 青铜。
当前决议由「黄金」层级通过，现「钻石」层级要求重新审议。
重新审议请求是否有效？",不能覆盖 / 不可以,能够覆盖 / 可以,无法判断,规则不适用,B,A,False
DeepSeek-R1-Distill-Llama-8B,LoRA-v2,98,9693,pattern_recognition,"数列延续：7, 10, 13, 16, ?
按照既定模式，下一项是？",23,18,19,20,C,D,False
DeepSeek-R1-Distill-Llama-8B,LoRA-v2,99,9897,counter_logic,"某学术课题遴选要求：入围者得分必须严格高于 7 分。
候选人得分列表为：[4, 5, 6, 14] 分。
最低入围得分应为哪个？",5,6,4,14,D,A,False
DeepSeek-R1-Distill-Llama-8B,LoRA-v2,100,7291,hierarchy_logic,"审批流程规则中，审批权限由高到低依次为：极密 > 机密 > 秘密 > 内部 > 公开。
该申请已由「极密」级别完成审批，「公开」级别提出复核申请。
该复核是否具有覆盖当前审批结果的权限？",能够覆盖 / 可以,不能覆盖 / 不可以,无法判断,规则不适用,B,A,False
DeepSeek-R1-Distill-Llama-8B,LoRA-v2,101,1440,counter_logic,"某学术课题遴选要求：入围者得分必须严格高于 22 分。
候选人得分列表为：[16, 18, 20, 21] 分。
最低入围得分应为哪个？（若无候选人分数达标，请选「无入围候选人」）",20,无入围候选人,16,21,B,B,True
DeepSeek-R1-Distill-Llama-8B,LoRA-v2,102,1674,counter_logic,"某大件物流关卡规定：本通道仅允许总载重量严格大于 14 吨的重型车辆通行（过滤轻型车）。
当前候选车辆载重量为：[8, 11, 12, 17] 吨。
满足要求且载重量最低的车辆是哪个？",11,12,17,8,C,D,False
DeepSeek-R1-Distill-Llama-8B,LoRA-v2,103,7070,counter_logic,"某学术课题遴选要求：入围者得分必须严格高于 13 分。
候选人得分列表为：[11, 12, 13, 15] 分。
最低入围得分应为哪个？",13,15,11,12,B,A,False
DeepSeek-R1-Distill-Llama-8B,LoRA-v2,104,4811,hierarchy_logic,"在材料强度测试规范中，强度等级由高到低依次为：总部 > 大区 > 分区 > 分支 > 节点。
承受体当前等级为「节点」，攻击源强度等级为「总部」。
该攻击源是否具有击穿/覆盖承受体的强度？",不能覆盖 / 不可以,无法判断,规则不适用,能够覆盖 / 可以,D,A,False
DeepSeek-R1-Distill-Llama-8B,LoRA-v2,105,2996,pattern_recognition,"以下序列中，有且仅有一个数字破坏了等差规律：
5, 4, 5, 6, 7
请找出这个不符合规律的数字。",6,4,5,7,C,D,False
DeepSeek-R1-Distill-Llama-8B,LoRA-v2,106,3977,hierarchy_logic,"审批流程规则中，审批权限由高到低依次为：特级 > 一级 > 二级 > 三级 > 四级。
该申请已由「特级」级别完成审批，「一级」级别提出复核申请。
该复核是否具有覆盖当前审批结果的权限？",无法判断,能够覆盖 / 可以,不能覆盖 / 不可以,规则不适用,C,D,False
DeepSeek-R1-Distill-Llama-8B,LoRA-v2,107,5422,hierarchy_logic,"在某权限控制体系中，级别由高到低依次为：钻石 > 铂金 > 黄金 > 白银 > 青铜。
当前资源处于「黄金」级别锁定状态，认证凭证所属级别为「钻石」。
该凭证是否具备解锁权限？",能够覆盖 / 可以,无法判断,规则不适用,不能覆盖 / 不可以,A,D,False
DeepSeek-R1-Distill-Llama-8B,LoRA-v2,108,1349,pattern_recognition,"在某数学认证规则中，「合法数列」定义为：公差严格为 3 的递增等差数列。
以下哪个序列是合法的？",6-9-12-16,6-6-12-15,6-9-12-15,6-9-12-18,C,A,False
DeepSeek-R1-Distill-Llama-8B,LoRA-v2,109,9409,counter_logic,"项目评审规则：方案报价必须严格高于成本基准线 14 万元才具备参选资格。
各参选报价（万元）：[7, 11, 14, 16]。
哪个是具备参选资格中报价最低的？",7,11,14,16,D,D,True
DeepSeek-R1-Distill-Llama-8B,LoRA-v2,110,3352,pattern_recognition,"异常检测：序列 5, 6, 7, 6, 9 中哪个数字偏离了等差模式？",9,7,5,6,D,A,False
DeepSeek-R1-Distill-Llama-8B,LoRA-v2,111,6511,counter_logic,"某学术课题遴选要求：入围者得分必须严格高于 13 分。
候选人得分列表为：[8, 10, 13, 18] 分。
最低入围得分应为哪个？",18,13,10,8,A,B,False
DeepSeek-R1-Distill-Llama-8B,LoRA-v2,112,6399,counter_logic,"某大件物流关卡规定：本通道仅允许总载重量严格大于 15 吨的重型车辆通行（过滤轻型车）。
当前候选车辆载重量为：[6, 9, 13, 15] 吨。
满足要求且载重量最低的车辆是哪个？（若所有车辆均不达标准，请选「无达标车辆」）",无达标车辆,15,9,13,A,A,True
DeepSeek-R1-Distill-Llama-8B,LoRA-v2,113,2924,pattern_recognition,"在某数学认证规则中，「合法数列」定义为：公差严格为 3 的递增等差数列。
以下哪个序列是合法的？",3-6-9-12-12,3-6-9-12-18,3-6-9-12-15,3-6-9-12-14,C,A,False
DeepSeek-R1-Distill-Llama-8B,LoRA-v2,114,9056,hierarchy_logic,"在某权限控制体系中，级别由高到低依次为：特级 > 一级 > 二级 > 三级 > 四级。
当前资源处于「三级」级别锁定状态，认证凭证所属级别为「四级」。
该凭证是否具备解锁权限？",规则不适用,能够覆盖 / 可以,不能覆盖 / 不可以,无法判断,C,A,False
DeepSeek-R1-Distill-Llama-8B,LoRA-v2,115,8149,hierarchy_logic,"在某权限控制体系中，级别由高到低依次为：钻石 > 铂金 > 黄金 > 白银 > 青铜。
当前资源处于「铂金」级别锁定状态，认证凭证所属级别为「钻石」。
该凭证是否具备解锁权限？",能够覆盖 / 可以,不能覆盖 / 不可以,规则不适用,无法判断,A,A,True
DeepSeek-R1-Distill-Llama-8B,LoRA-v2,116,6038,hierarchy_logic,"在材料强度测试规范中，强度等级由高到低依次为：特级 > 一级 > 二级 > 三级 > 四级。
承受体当前等级为「三级」，攻击源强度等级为「一级」。
该攻击源是否具有击穿/覆盖承受体的强度？",无法判断,不能覆盖 / 不可以,规则不适用,能够覆盖 / 可以,D,A,False
DeepSeek-R1-Distill-Llama-8B,LoRA-v2,117,6617,hierarchy_logic,"在材料强度测试规范中，强度等级由高到低依次为：总部 > 大区 > 分区 > 分支 > 节点。
承受体当前等级为「分区」，攻击源强度等级为「大区」。
该攻击源是否具有击穿/覆盖承受体的强度？",不能覆盖 / 不可以,能够覆盖 / 可以,规则不适用,无法判断,B,A,False
DeepSeek-R1-Distill-Llama-8B,LoRA-v2,118,7347,pattern_recognition,"观察以下等差数列：10, 15, 20, 25, 30, 35, ?
根据规律，?处应填入哪个数字？",40,46,41,39,A,A,True
DeepSeek-R1-Distill-Llama-8B,LoRA-v2,119,3925,hierarchy_logic,"审批流程规则中，审批权限由高到低依次为：钻石 > 铂金 > 黄金 > 白银 > 青铜。
该申请已由「青铜」级别完成审批，「黄金」级别提出复核申请。
该复核是否具有覆盖当前审批结果的权限？",无法判断,不能覆盖 / 不可以,规则不适用,能够覆盖 / 可以,D,D,True
DeepSeek-R1-Distill-Llama-8B,LoRA-v2,120,6179,pattern_recognition,"序列补全：9, 13, 17, 21, 25, 29, ?
缺失的数字应该是？",33,34,32,38,A,D,False
DeepSeek-R1-Distill-Llama-8B,LoRA-v2,121,2531,counter_logic,"某学术课题遴选要求：入围者得分必须严格高于 11 分。
候选人得分列表为：[5, 7, 9, 16] 分。
最低入围得分应为哪个？",7,5,9,16,D,A,False
DeepSeek-R1-Distill-Llama-8B,LoRA-v2,122,4555,counter_logic,"项目评审规则：方案报价必须严格高于成本基准线 9 万元才具备参选资格。
各参选报价（万元）：[2, 4, 5, 10]。
哪个是具备参选资格中报价最低的？",5,2,4,10,D,D,True
DeepSeek-R1-Distill-Llama-8B,LoRA-v2,123,3541,counter_logic,"某大件物流关卡规定：本通道仅允许总载重量严格大于 14 吨的重型车辆通行（过滤轻型车）。
当前候选车辆载重量为：[10, 11, 13, 20] 吨。
满足要求且载重量最低的车辆是哪个？",20,11,10,13,A,A,True
DeepSeek-R1-Distill-Llama-8B,LoRA-v2,124,5632,hierarchy_logic,"在材料强度测试规范中，强度等级由高到低依次为：董事会 > 总裁办公室 > 业务部门 > 项目组 > 个人。
承受体当前等级为「项目组」，攻击源强度等级为「个人」。
该攻击源是否具有击穿/覆盖承受体的强度？",无法判断,能够覆盖 / 可以,规则不适用,不能覆盖 / 不可以,D,D,True
DeepSeek-R1-Distill-Llama-8B,LoRA-v2,125,9317,pattern_recognition,"观察以下等差数列：5, 7, 9, 11, ?
根据规律，?处应填入哪个数字？",12,16,14,13,D,A,False
DeepSeek-R1-Distill-Llama-8B,LoRA-v2,126,1027,hierarchy_logic,"组织决策体系：决策权限分级为 总部 > 大区 > 分区 > 分支 > 节点。
当前决议由「分区」层级通过，现「大区」层级要求重新审议。
重新审议请求是否有效？",规则不适用,不能覆盖 / 不可以,无法判断,能够覆盖 / 可以,D,A,False
DeepSeek-R1-Distill-Llama-8B,LoRA-v2,127,8454,hierarchy_logic,"在某权限控制体系中，级别由高到低依次为：一级响应 > 二级响应 > 三级响应 > 四级响应 > 日常局。
当前资源处于「三级响应」级别锁定状态，认证凭证所属级别为「二级响应」。
该凭证是否具备解锁权限？",规则不适用,无法判断,不能覆盖 / 不可以,能够覆盖 / 可以,D,A,False
DeepSeek-R1-Distill-Llama-8B,LoRA-v2,128,2133,hierarchy_logic,"在某权限控制体系中，级别由高到低依次为：极密 > 机密 > 秘密 > 内部 > 公开。
当前资源处于「秘密」级别锁定状态，认证凭证所属级别为「极密」。
该凭证是否具备解锁权限？",规则不适用,不能覆盖 / 不可以,无法判断,能够覆盖 / 可以,D,A,False
DeepSeek-R1-Distill-Llama-8B,LoRA-v2,129,6364,counter_logic,"化学实验要求：反应炉内温度必须严格高于 6 摄氏度。
可调节档位（摄氏度）：[1, 3, 4, 7]。
能满足安全要求且能耗最小的温度档位是？",1,3,7,4,C,D,False
DeepSeek-R1-Distill-Llama-8B,LoRA-v2,130,6736,pattern_recognition,"逻辑规则：合规数列要求每相邻两项差值恒定为 2。
下列选项中哪个满足要求？",4-7-9-11-13,5-7-7-11-13,5-7-9-11-13,5-7-9-11-15,C,A,False
DeepSeek-R1-Distill-Llama-8B,LoRA-v2,131,7325,pattern_recognition,"数列验证标准：有效序列必须是公差为 3 的连续递增数列。
请识别出符合标准的序列：",4-7-10-13-16,4-8-10-13-16,4-4-10-13-16,4-7-10-13-19,A,A,True
DeepSeek-R1-Distill-Llama-8B,LoRA-v2,132,1732,counter_logic,"集合 S = {9, 11, 13, 14}，从 S 中选出严格大于 15 的最小元素。
该函数的返回值应为？（若集合中不存在满足条件的元素，请选「集合中无满足条件的元素」）",13,9,集合中无满足条件的元素,11,C,D,False
DeepSeek-R1-Distill-Llama-8B,LoRA-v2,133,4764,counter_logic,"化学实验要求：反应炉内温度必须严格高于 11 摄氏度。
可调节档位（摄氏度）：[6, 9, 10, 18]。
能满足安全要求且能耗最小的温度档位是？",10,6,9,18,D,D,True
DeepSeek-R1-Distill-Llama-8B,LoRA-v2,134,2284,counter_logic,"项目评审规则：方案报价必须严格高于成本基准线 5 万元才具备参选资格。
各参选报价（万元）：[2, 3, 5, 8]。
哪个是具备参选资格中报价最低的？",3,8,2,5,B,D,False
DeepSeek-R1-Distill-Llama-8B,LoRA-v2,135,1106,hierarchy_logic,"在材料强度测试规范中，强度等级由高到低依次为：特级 > 一级 > 二级 > 三级 > 四级。
承受体当前等级为「二级」，攻击源强度等级为「一级」。
该攻击源是否具有击穿/覆盖承受体的强度？",能够覆盖 / 可以,无法判断,规则不适用,不能覆盖 / 不可以,A,D,False
DeepSeek-R1-Distill-Llama-8B,LoRA-v2,136,3785,pattern_recognition,"在某数学认证规则中，「合法数列」定义为：公差严格为 1 的递增等差数列。
以下哪个序列是合法的？",5-6-8-8-9,5-6-7-8-9,5-6-6-8-9,5-6-7-8-10,B,A,False
DeepSeek-R1-Distill-Llama-8B,LoRA-v2,137,9032,pattern_recognition,"数列验证标准：有效序列必须是公差为 3 的连续递增数列。
请识别出符合标准的序列：",9-9-15-18-21,9-12-15-18-21,9-12-15-17-21,9-12-15-18-24,B,D,False
DeepSeek-R1-Distill-Llama-8B,LoRA-v2,138,8460,counter_logic,"集合 S = {4, 6, 7, 10}，从 S 中选出严格大于 12 的最小元素。
该函数的返回值应为？（若集合中不存在满足条件的元素，请选「集合中无满足条件的元素」）",集合中无满足条件的元素,6,10,7,A,A,True
DeepSeek-R1-Distill-Llama-8B,LoRA-v2,139,8404,pattern_recognition,"序列补全：2, 7, 12, 17, 22, ?
缺失的数字应该是？",33,26,28,27,D,D,True
DeepSeek-R1-Distill-Llama-8B,LoRA-v2,140,3440,counter_logic,"某大件物流关卡规定：本通道仅允许总载重量严格大于 10 吨的重型车辆通行（过滤轻型车）。
当前候选车辆载重量为：[3, 9, 10, 15] 吨。
满足要求且载重量最低的车辆是哪个？",15,9,3,10,A,A,True
DeepSeek-R1-Distill-Llama-8B,LoRA-v2,141,8724,pattern_recognition,"逻辑规则：合规数列要求每相邻两项差值恒定为 3。
下列选项中哪个满足要求？",2-5-9-11-14,2-5-8-11-17,2-5-8-11-14,2-5-8-11-11,C,A,False
DeepSeek-R1-Distill-Llama-8B,LoRA-v2,142,8612,pattern_recognition,"在数列 3, 5, 7, 9, 14 中，识别出违反等差规律的元素：",5,14,9,3,B,A,False
DeepSeek-R1-Distill-Llama-8B,LoRA-v2,143,4515,pattern_recognition,"异常检测：序列 2, 5, 4, 5, 6 中哪个数字偏离了等差模式？",5,4,2,6,A,A,True
DeepSeek-R1-Distill-Llama-8B,LoRA-v2,144,8585,counter_logic,"某大件物流关卡规定：本通道仅允许总载重量严格大于 6 吨的重型车辆通行（过滤轻型车）。
当前候选车辆载重量为：[2, 4, 5, 11] 吨。
满足要求且载重量最低的车辆是哪个？",5,4,2,11,D,D,True
DeepSeek-R1-Distill-Llama-8B,LoRA-v2,145,3399,pattern_recognition,"数列延续：5, 10, 15, 20, 25, ?
按照既定模式，下一项是？",36,29,30,31,C,A,False
DeepSeek-R1-Distill-Llama-8B,LoRA-v2,146,1998,counter_logic,"某大件物流关卡规定：本通道仅允许总载重量严格大于 7 吨的重型车辆通行（过滤轻型车）。
当前候选车辆载重量为：[2, 5, 6, 10] 吨。
满足要求且载重量最低的车辆是哪个？",10,6,2,5,A,A,True
DeepSeek-R1-Distill-Llama-8B,LoRA-v2,147,3607,hierarchy_logic,"在材料强度测试规范中，强度等级由高到低依次为：董事会 > 总裁办公室 > 业务部门 > 项目组 > 个人。
承受体当前等级为「业务部门」，攻击源强度等级为「个人」。
该攻击源是否具有击穿/覆盖承受体的强度？",不能覆盖 / 不可以,能够覆盖 / 可以,无法判断,规则不适用,A,A,True
DeepSeek-R1-Distill-Llama-8B,LoRA-v2,148,6325,hierarchy_logic,"在某权限控制体系中，级别由高到低依次为：董事会 > 总裁办公室 > 业务部门 > 项目组 > 个人。
当前资源处于「项目组」级别锁定状态，认证凭证所属级别为「个人」。
该凭证是否具备解锁权限？",规则不适用,能够覆盖 / 可以,不能覆盖 / 不可以,无法判断,C,A,False
DeepSeek-R1-Distill-Llama-8B,LoRA-v2,149,3275,pattern_recognition,"异常检测：序列 10, 11, 12, 13, 16 中哪个数字偏离了等差模式？",13,10,16,12,C,A,False
DeepSeek-R1-Distill-Llama-8B,LoRA-v2,150,9669,hierarchy_logic,"在材料强度测试规范中，强度等级由高到低依次为：一级响应 > 二级响应 > 三级响应 > 四级响应 > 日常局。
承受体当前等级为「二级响应」，攻击源强度等级为「一级响应」。
该攻击源是否具有击穿/覆盖承受体的强度？",能够覆盖 / 可以,不能覆盖 / 不可以,无法判断,规则不适用,A,A,True
DeepSeek-R1-Distill-Llama-8B,LoRA-v2,151,5088,hierarchy_logic,"在某权限控制体系中，级别由高到低依次为：S级 > A级 > B级 > C级 > D级。
当前资源处于「C级」级别锁定状态，认证凭证所属级别为「A级」。
该凭证是否具备解锁权限？",无法判断,规则不适用,不能覆盖 / 不可以,能够覆盖 / 可以,D,D,True
DeepSeek-R1-Distill-Llama-8B,LoRA-v2,152,3718,hierarchy_logic,"在材料强度测试规范中，强度等级由高到低依次为：极密 > 机密 > 秘密 > 内部 > 公开。
承受体当前等级为「机密」，攻击源强度等级为「内部」。
该攻击源是否具有击穿/覆盖承受体的强度？",规则不适用,无法判断,不能覆盖 / 不可以,能够覆盖 / 可以,C,A,False
DeepSeek-R1-Distill-Llama-8B,LoRA-v2,153,5775,counter_logic,"某学术课题遴选要求：入围者得分必须严格高于 19 分。
候选人得分列表为：[12, 15, 16, 17] 分。
最低入围得分应为哪个？（若无候选人分数达标，请选「无入围候选人」）",无入围候选人,17,12,16,A,A,True
DeepSeek-R1-Distill-Llama-8B,LoRA-v2,154,5892,hierarchy_logic,"审批流程规则中，审批权限由高到低依次为：一级响应 > 二级响应 > 三级响应 > 四级响应 > 日常局。
该申请已由「一级响应」级别完成审批，「日常局」级别提出复核申请。
该复核是否具有覆盖当前审批结果的权限？",无法判断,能够覆盖 / 可以,不能覆盖 / 不可以,规则不适用,C,A,False
DeepSeek-R1-Distill-Llama-8B,LoRA-v2,155,7693,hierarchy_logic,"在某权限控制体系中，级别由高到低依次为：总部 > 大区 > 分区 > 分支 > 节点。
当前资源处于「大区」级别锁定状态，认证凭证所属级别为「分区」。
该凭证是否具备解锁权限？",能够覆盖 / 可以,无法判断,规则不适用,不能覆盖 / 不可以,D,D,True
DeepSeek-R1-Distill-Llama-8B,LoRA-v2,156,4189,counter_logic,"某学术课题遴选要求：入围者得分必须严格高于 8 分。
候选人得分列表为：[4, 6, 7, 14] 分。
最低入围得分应为哪个？",7,4,6,14,D,A,False
DeepSeek-R1-Distill-Llama-8B,LoRA-v2,157,2011,counter_logic,"化学实验要求：反应炉内温度必须严格高于 14 摄氏度。
可调节档位（摄氏度）：[8, 10, 11, 21]。
能满足安全要求且能耗最小的温度档位是？",8,10,21,11,C,D,False
DeepSeek-R1-Distill-Llama-8B,LoRA-v2,158,8846,counter_logic,"某大件物流关卡规定：本通道仅允许总载重量严格大于 11 吨的重型车辆通行（过滤轻型车）。
当前候选车辆载重量为：[4, 6, 9, 13] 吨。
满足要求且载重量最低的车辆是哪个？",4,13,6,9,B,B,True
DeepSeek-R1-Distill-Llama-8B,LoRA-v2,159,5569,hierarchy_logic,"审批流程规则中，审批权限由高到低依次为：董事会 > 总裁办公室 > 业务部门 > 项目组 > 个人。
该申请已由「项目组」级别完成审批，「个人」级别提出复核申请。
该复核是否具有覆盖当前审批结果的权限？",能够覆盖 / 可以,规则不适用,不能覆盖 / 不可以,无法判断,C,A,False
DeepSeek-R1-Distill-Llama-8B,LoRA-v2,160,9452,pattern_recognition,"在数列 4, 6, 12, 16, 20 中，识别出违反等差规律的元素：",20,6,12,4,B,A,False
DeepSeek-R1-Distill-Llama-8B,LoRA-v2,161,3085,hierarchy_logic,"在材料强度测试规范中，强度等级由高到低依次为：钻石 > 铂金 > 黄金 > 白银 > 青铜。
承受体当前等级为「黄金」，攻击源强度等级为「青铜」。
该攻击源是否具有击穿/覆盖承受体的强度？",不能覆盖 / 不可以,规则不适用,能够覆盖 / 可以,无法判断,A,A,True
DeepSeek-R1-Distill-Llama-8B,LoRA-v2,162,6170,pattern_recognition,"以下序列中，有且仅有一个数字破坏了等差规律：
4, 11, 12, 16, 20
请找出这个不符合规律的数字。",20,4,12,11,D,D,True
DeepSeek-R1-Distill-Llama-8B,LoRA-v2,163,5982,pattern_recognition,"在数列 4, 7, 10, 13, 14 中，识别出违反等差规律的元素：",7,4,13,14,D,A,False
DeepSeek-R1-Distill-Llama-8B,LoRA-v2,164,5873,counter_logic,"项目评审规则：方案报价必须严格高于成本基准线 14 万元才具备参选资格。
各参选报价（万元）：[9, 11, 12, 19]。
哪个是具备参选资格中报价最低的？",19,9,12,11,A,D,False
DeepSeek-R1-Distill-Llama-8B,LoRA-v2,165,6314,pattern_recognition,"在某数学认证规则中，「合法数列」定义为：公差严格为 3 的递增等差数列。
以下哪个序列是合法的？",1-5-8-11-14,2-5-8-11-17,2-5-8-11-14,2-5-8-11-11,C,A,False
DeepSeek-R1-Distill-Llama-8B,LoRA-v2,166,8007,hierarchy_logic,"在某权限控制体系中，级别由高到低依次为：特级 > 一级 > 二级 > 三级 > 四级。
当前资源处于「三级」级别锁定状态，认证凭证所属级别为「特级」。
该凭证是否具备解锁权限？",规则不适用,不能覆盖 / 不可以,能够覆盖 / 可以,无法判断,C,A,False
DeepSeek-R1-Distill-Llama-8B,LoRA-v2,167,1931,hierarchy_logic,"审批流程规则中，审批权限由高到低依次为：特级 > 一级 > 二级 > 三级 > 四级。
该申请已由「一级」级别完成审批，「特级」级别提出复核申请。
该复核是否具有覆盖当前审批结果的权限？",不能覆盖 / 不可以,能够覆盖 / 可以,无法判断,规则不适用,B,A,False
DeepSeek-R1-Distill-Llama-8B,LoRA-v2,168,1711,hierarchy_logic,"组织决策体系：决策权限分级为 总部 > 大区 > 分区 > 分支 > 节点。
当前决议由「大区」层级通过，现「总部」层级要求重新审议。
重新审议请求是否有效？",能够覆盖 / 可以,不能覆盖 / 不可以,规则不适用,无法判断,A,A,True
DeepSeek-R1-Distill-Llama-8B,LoRA-v2,169,6411,counter_logic,"某大件物流关卡规定：本通道仅允许总载重量严格大于 7 吨的重型车辆通行（过滤轻型车）。
当前候选车辆载重量为：[2, 5, 6, 8] 吨。
满足要求且载重量最低的车辆是哪个？",5,6,2,8,D,D,True
DeepSeek-R1-Distill-Llama-8B,LoRA-v2,170,5781,counter_logic,"集合 S = {9, 15, 16, 17}，从 S 中选出严格大于 18 的最小元素。
该函数的返回值应为？（若集合中不存在满足条件的元素，请选「集合中无满足条件的元素」）",9,集合中无满足条件的元素,16,17,B,D,False
DeepSeek-R1-Distill-Llama-8B,LoRA-v2,171,6559,hierarchy_logic,"组织决策体系：决策权限分级为 一级响应 > 二级响应 > 三级响应 > 四级响应 > 日常局。
当前决议由「日常局」层级通过，现「一级响应」层级要求重新审议。
重新审议请求是否有效？",无法判断,不能覆盖 / 不可以,规则不适用,能够覆盖 / 可以,D,A,False
DeepSeek-R1-Distill-Llama-8B,LoRA-v2,172,6930,hierarchy_logic,"系统访问控制规则：权限层级为 钻石 > 铂金 > 黄金 > 白银 > 青铜。
目标资源的保护级别是「黄金」，用户持有的访问令牌级别为「铂金」。
该用户能否成功访问此资源？",能够覆盖 / 可以,不能覆盖 / 不可以,无法判断,规则不适用,A,A,True
DeepSeek-R1-Distill-Llama-8B,LoRA-v2,173,3621,hierarchy_logic,"系统访问控制规则：权限层级为 极密 > 机密 > 秘密 > 内部 > 公开。
目标资源的保护级别是「公开」，用户持有的访问令牌级别为「极密」。
该用户能否成功访问此资源？",不能覆盖 / 不可以,无法判断,规则不适用,能够覆盖 / 可以,D,A,False
DeepSeek-R1-Distill-Llama-8B,LoRA-v2,174,6582,hierarchy_logic,"在某权限控制体系中，级别由高到低依次为：董事会 > 总裁办公室 > 业务部门 > 项目组 > 个人。
当前资源处于「董事会」级别锁定状态，认证凭证所属级别为「项目组」。
该凭证是否具备解锁权限？",不能覆盖 / 不可以,无法判断,能够覆盖 / 可以,规则不适用,A,A,True
DeepSeek-R1-Distill-Llama-8B,LoRA-v2,175,7244,counter_logic,"项目评审规则：方案报价必须严格高于成本基准线 12 万元才具备参选资格。
各参选报价（万元）：[7, 10, 11, 17]。
哪个是具备参选资格中报价最低的？",10,7,17,11,C,A,False
DeepSeek-R1-Distill-Llama-8B,LoRA-v2,176,8957,pattern_recognition,"观察以下等差数列：2, 7, 12, 17, 22, 27, ?
根据规律，?处应填入哪个数字？",32,38,33,31,A,A,True
DeepSeek-R1-Distill-Llama-8B,LoRA-v2,177,2562,counter_logic,"化学实验要求：反应炉内温度必须严格高于 13 摄氏度。
可调节档位（摄氏度）：[9, 12, 13, 20]。
能满足安全要求且能耗最小的温度档位是？",9,12,20,13,C,D,False
DeepSeek-R1-Distill-Llama-8B,LoRA-v2,178,8531,counter_logic,"化学实验要求：反应炉内温度必须严格高于 7 摄氏度。
可调节档位（摄氏度）：[3, 4, 6, 12]。
能满足安全要求且能耗最小的温度档位是？",6,12,3,4,B,D,False
DeepSeek-R1-Distill-Llama-8B,LoRA-v2,179,3972,pattern_recognition,"数列延续：6, 8, 10, 12, 14, 16, ?
按照既定模式，下一项是？",21,18,19,17,B,D,False
DeepSeek-R1-Distill-Llama-8B,LoRA-v2,180,5637,counter_logic,"项目评审规则：方案报价必须严格高于成本基准线 7 万元才具备参选资格。
各参选报价（万元）：[2, 5, 6, 13]。
哪个是具备参选资格中报价最低的？",13,2,6,5,A,D,False
DeepSeek-R1-Distill-Llama-8B,LoRA-v2,181,3683,hierarchy_logic,"审批流程规则中，审批权限由高到低依次为：极密 > 机密 > 秘密 > 内部 > 公开。
该申请已由「秘密」级别完成审批，「公开」级别提出复核申请。
该复核是否具有覆盖当前审批结果的权限？",规则不适用,不能覆盖 / 不可以,无法判断,能够覆盖 / 可以,B,D,False
DeepSeek-R1-Distill-Llama-8B,LoRA-v2,182,4052,counter_logic,"某大件物流关卡规定：本通道仅允许总载重量严格大于 15 吨的重型车辆通行（过滤轻型车）。
当前候选车辆载重量为：[8, 9, 11, 21] 吨。
满足要求且载重量最低的车辆是哪个？",11,9,8,21,D,D,True
DeepSeek-R1-Distill-Llama-8B,LoRA-v2,183,7765,counter_logic,"项目评审规则：方案报价必须严格高于成本基准线 13 万元才具备参选资格。
各参选报价（万元）：[6, 7, 13, 19]。
哪个是具备参选资格中报价最低的？",6,19,7,13,B,D,False
DeepSeek-R1-Distill-Llama-8B,LoRA-v2,184,6890,counter_logic,"项目评审规则：方案报价必须严格高于成本基准线 16 万元才具备参选资格。
各参选报价（万元）：[7, 9, 13, 15]。
哪个是具备参选资格中报价最低的？（若无项目具备参选资格，请选「无具资格项目」）",7,无具资格项目,15,13,B,D,False
DeepSeek-R1-Distill-Llama-8B,LoRA-v2,185,2530,hierarchy_logic,"在材料强度测试规范中，强度等级由高到低依次为：董事会 > 总裁办公室 > 业务部门 > 项目组 > 个人。
承受体当前等级为「总裁办公室」，攻击源强度等级为「个人」。
该攻击源是否具有击穿/覆盖承受体的强度？",规则不适用,无法判断,能够覆盖 / 可以,不能覆盖 / 不可以,D,A,False
DeepSeek-R1-Distill-Llama-8B,LoRA-v2,186,1251,pattern_recognition,"在某数学认证规则中，「合法数列」定义为：公差严格为 3 的递增等差数列。
以下哪个序列是合法的？",3-6-9-9-15,2-6-9-12-15,3-6-9-12-15,3-6-9-12-18,C,A,False
DeepSeek-R1-Distill-Llama-8B,LoRA-v2,187,1757,hierarchy_logic,"在材料强度测试规范中，强度等级由高到低依次为：极密 > 机密 > 秘密 > 内部 > 公开。
承受体当前等级为「秘密」，攻击源强度等级为「内部」。
该攻击源是否具有击穿/覆盖承受体的强度？",规则不适用,无法判断,不能覆盖 / 不可以,能够覆盖 / 可以,C,A,False
DeepSeek-R1-Distill-Llama-8B,LoRA-v2,188,2899,pattern_recognition,"在某数学认证规则中，「合法数列」定义为：公差严格为 3 的递增等差数列。
以下哪个序列是合法的？",8-11-14-17-20,8-11-14-17-23,8-11-14-16-20,8-11-14-17-17,A,A,True
DeepSeek-R1-Distill-Llama-8B,LoRA-v2,189,8075,pattern_recognition,"在某数学认证规则中，「合法数列」定义为：公差严格为 2 的递增等差数列。
以下哪个序列是合法的？",6-8-9-12-14,6-8-10-12-12,6-8-10-12-16,6-8-10-12-14,D,D,True
DeepSeek-R1-Distill-Llama-8B,LoRA-v2,190,7150,counter_logic,"项目评审规则：方案报价必须严格高于成本基准线 16 万元才具备参选资格。
各参选报价（万元）：[9, 11, 14, 19]。
哪个是具备参选资格中报价最低的？",14,9,19,11,C,D,False
DeepSeek-R1-Distill-Llama-8B,LoRA-v2,191,5335,hierarchy_logic,"审批流程规则中，审批权限由高到低依次为：一级响应 > 二级响应 > 三级响应 > 四级响应 > 日常局。
该申请已由「一级响应」级别完成审批，「二级响应」级别提出复核申请。
该复核是否具有覆盖当前审批结果的权限？",规则不适用,不能覆盖 / 不可以,无法判断,能够覆盖 / 可以,B,D,False
DeepSeek-R1-Distill-Llama-8B,LoRA-v2,192,7525,counter_logic,"集合 S = {6, 7, 8, 19}，从 S 中选出严格大于 13 的最小元素。
该函数的返回值应为？",8,19,7,6,B,B,True
DeepSeek-R1-Distill-Llama-8B,LoRA-v2,193,8967,pattern_recognition,"数列延续：2, 5, 8, 11, 14, ?
按照既定模式，下一项是？",16,21,17,18,C,A,False
DeepSeek-R1-Distill-Llama-8B,LoRA-v2,194,9767,counter_logic,"集合 S = {9, 11, 13, 16}，从 S 中选出严格大于 14 的最小元素。
该函数的返回值应为？",11,13,9,16,D,D,True
DeepSeek-R1-Distill-Llama-8B,LoRA-v2,195,9138,pattern_recognition,"数列验证标准：有效序列必须是公差为 2 的连续递增数列。
请识别出符合标准的序列：",6-8-9-12-14,6-8-10-12-16,6-8-10-12-12,6-8-10-12-14,D,D,True
DeepSeek-R1-Distill-Llama-8B,LoRA-v2,196,9476,pattern_recognition,"在数列 10, 14, 18, 24, 26 中，识别出违反等差规律的元素：",14,26,10,24,D,D,True
DeepSeek-R1-Distill-Llama-8B,LoRA-v2,197,3194,counter_logic,"某学术课题遴选要求：入围者得分必须严格高于 4 分。
候选人得分列表为：[2, 3, 4, 7] 分。
最低入围得分应为哪个？",3,4,2,7,D,B,False
DeepSeek-R1-Distill-Llama-8B,LoRA-v2,198,4965,counter_logic,"集合 S = {13, 14, 16, 17}，从 S 中选出严格大于 19 的最小元素。
该函数的返回值应为？（若集合中不存在满足条件的元素，请选「集合中无满足条件的元素」）",集合中无满足条件的元素,17,14,16,A,A,True
DeepSeek-R1-Distill-Llama-8B,LoRA-v2,199,9935,hierarchy_logic,"在某权限控制体系中，级别由高到低依次为：总部 > 大区 > 分区 > 分支 > 节点。
当前资源处于「分支」级别锁定状态，认证凭证所属级别为「总部」。
该凭证是否具备解锁权限？",规则不适用,无法判断,能够覆盖 / 可以,不能覆盖 / 不可以,C,A,False
DeepSeek-R1-Distill-Llama-8B,LoRA-v2,200,8369,counter_logic,"某学术课题遴选要求：入围者得分必须严格高于 10 分。
候选人得分列表为：[4, 5, 6, 15] 分。
最低入围得分应为哪个？",6,15,4,5,B,A,False
DeepSeek-R1-Distill-Llama-8B,LoRA-v2,201,2976,hierarchy_logic,"审批流程规则中，审批权限由高到低依次为：级别-五 > 级别-四 > 级别-三 > 级别-二 > 级别-一。
该申请已由「级别-二」级别完成审批，「级别-一」级别提出复核申请。
该复核是否具有覆盖当前审批结果的权限？",规则不适用,不能覆盖 / 不可以,能够覆盖 / 可以,无法判断,B,A,False
DeepSeek-R1-Distill-Llama-8B,LoRA-v2,202,7367,pattern_recognition,"在某数学认证规则中，「合法数列」定义为：公差严格为 1 的递增等差数列。
以下哪个序列是合法的？",4-4-5-6,3-4-4-6,3-4-5-7,3-4-5-6,D,A,False
DeepSeek-R1-Distill-Llama-8B,LoRA-v2,203,4886,pattern_recognition,"在某数学认证规则中，「合法数列」定义为：公差严格为 3 的递增等差数列。
以下哪个序列是合法的？",5-8-11-11-17,5-8-11-14-17,5-8-12-14-17,5-8-11-14-20,B,A,False
DeepSeek-R1-Distill-Llama-8B,LoRA-v2,204,9922,hierarchy_logic,"在某权限控制体系中，级别由高到低依次为：董事会 > 总裁办公室 > 业务部门 > 项目组 > 个人。
当前资源处于「总裁办公室」级别锁定状态，认证凭证所属级别为「项目组」。
该凭证是否具备解锁权限？",无法判断,不能覆盖 / 不可以,规则不适用,能够覆盖 / 可以,B,D,False
DeepSeek-R1-Distill-Llama-8B,LoRA-v2,205,6727,pattern_recognition,"异常检测：序列 7, 7, 8, 9, 10 中哪个数字偏离了等差模式？",10,8,7,9,C,A,False
DeepSeek-R1-Distill-Llama-8B,LoRA-v2,206,1149,counter_logic,"某大件物流关卡规定：本通道仅允许总载重量严格大于 14 吨的重型车辆通行（过滤轻型车）。
当前候选车辆载重量为：[7, 8, 10, 15] 吨。
满足要求且载重量最低的车辆是哪个？",7,8,10,15,D,D,True
DeepSeek-R1-Distill-Llama-8B,LoRA-v2,207,8371,pattern_recognition,"在数列 5, 5, 6, 7, 8 中，识别出违反等差规律的元素：",7,8,6,5,D,A,False
DeepSeek-R1-Distill-Llama-8B,LoRA-v2,208,6253,counter_logic,"某大件物流关卡规定：本通道仅允许总载重量严格大于 11 吨的重型车辆通行（过滤轻型车）。
当前候选车辆载重量为：[4, 7, 10, 13] 吨。
满足要求且载重量最低的车辆是哪个？",4,7,13,10,C,D,False
DeepSeek-R1-Distill-Llama-8B,LoRA-v2,209,4920,pattern_recognition,"数列验证标准：有效序列必须是公差为 1 的连续递增数列。
请识别出符合标准的序列：",4-5-6-7-7,4-5-6-6-8,4-5-6-7-8,4-5-6-7-9,C,D,False
DeepSeek-R1-Distill-Llama-8B,LoRA-v2,210,4981,hierarchy_logic,"审批流程规则中，审批权限由高到低依次为：极密 > 机密 > 秘密 > 内部 > 公开。
该申请已由「公开」级别完成审批，「机密」级别提出复核申请。
该复核是否具有覆盖当前审批结果的权限？",能够覆盖 / 可以,规则不适用,无法判断,不能覆盖 / 不可以,A,A,True
DeepSeek-R1-Distill-Llama-8B,LoRA-v2,211,7523,pattern_recognition,"在数列 12, 11, 13, 15, 17 中，识别出违反等差规律的元素：",13,15,11,12,D,A,False
DeepSeek-R1-Distill-Llama-8B,LoRA-v2,212,6573,counter_logic,"项目评审规则：方案报价必须严格高于成本基准线 11 万元才具备参选资格。
各参选报价（万元）：[4, 5, 7, 12]。
哪个是具备参选资格中报价最低的？",5,12,4,7,B,D,False
DeepSeek-R1-Distill-Llama-8B,LoRA-v2,213,6626,pattern_recognition,"观察以下等差数列：9, 14, 19, 24, 29, 34, ?
根据规律，?处应填入哪个数字？",38,45,40,39,D,A,False
DeepSeek-R1-Distill-Llama-8B,LoRA-v2,214,4470,hierarchy_logic,"系统访问控制规则：权限层级为 S级 > A级 > B级 > C级 > D级。
目标资源的保护级别是「D级」，用户持有的访问令牌级别为「A级」。
该用户能否成功访问此资源？",能够覆盖 / 可以,不能覆盖 / 不可以,规则不适用,无法判断,A,A,True
DeepSeek-R1-Distill-Llama-8B,LoRA-v2,215,5503,counter_logic,"某大件物流关卡规定：本通道仅允许总载重量严格大于 22 吨的重型车辆通行（过滤轻型车）。
当前候选车辆载重量为：[16, 19, 20, 22] 吨。
满足要求且载重量最低的车辆是哪个？（若所有车辆均不达标准，请选「无达标车辆」）",22,无达标车辆,16,20,B,A,False
DeepSeek-R1-Distill-Llama-8B,LoRA-v2,216,7594,hierarchy_logic,"在材料强度测试规范中，强度等级由高到低依次为：钻石 > 铂金 > 黄金 > 白银 > 青铜。
承受体当前等级为「黄金」，攻击源强度等级为「青铜」。
该攻击源是否具有击穿/覆盖承受体的强度？",规则不适用,无法判断,能够覆盖 / 可以,不能覆盖 / 不可以,D,A,False
DeepSeek-R1-Distill-Llama-8B,LoRA-v2,217,5891,pattern_recognition,"数列验证标准：有效序列必须是公差为 2 的连续递增数列。
请识别出符合标准的序列：",4-6-8-12,5-6-8-10,4-6-8-10,4-6-6-10,C,A,False
DeepSeek-R1-Distill-Llama-8B,LoRA-v2,218,9307,pattern_recognition,"数列延续：2, 3, 4, 5, 6, ?
按照既定模式，下一项是？",8,9,6,7,D,D,True
DeepSeek-R1-Distill-Llama-8B,LoRA-v2,219,7370,counter_logic,"项目评审规则：方案报价必须严格高于成本基准线 15 万元才具备参选资格。
各参选报价（万元）：[8, 11, 12, 14]。
哪个是具备参选资格中报价最低的？（若无项目具备参选资格，请选「无具资格项目」）",无具资格项目,11,12,14,A,D,False
DeepSeek-R1-Distill-Llama-8B,LoRA-v2,220,6267,pattern_recognition,"序列补全：9, 13, 17, 21, 25, 29, ?
缺失的数字应该是？",32,38,34,33,D,D,True
DeepSeek-R1-Distill-Llama-8B,LoRA-v2,221,3298,counter_logic,"某大件物流关卡规定：本通道仅允许总载重量严格大于 18 吨的重型车辆通行（过滤轻型车）。
当前候选车辆载重量为：[11, 12, 15, 18] 吨。
满足要求且载重量最低的车辆是哪个？（若所有车辆均不达标准，请选「无达标车辆」）",无达标车辆,18,15,12,A,A,True
DeepSeek-R1-Distill-Llama-8B,LoRA-v2,222,9900,hierarchy_logic,"在某权限控制体系中，级别由高到低依次为：级别-五 > 级别-四 > 级别-三 > 级别-二 > 级别-一。
当前资源处于「级别-三」级别锁定状态，认证凭证所属级别为「级别-四」。
该凭证是否具备解锁权限？",规则不适用,不能覆盖 / 不可以,能够覆盖 / 可以,无法判断,C,A,False
DeepSeek-R1-Distill-Llama-8B,LoRA-v2,223,5583,pattern_recognition,"逻辑规则：合规数列要求每相邻两项差值恒定为 2。
下列选项中哪个满足要求？",6-8-10-12-16,6-8-10-12-12,6-8-10-12-13,6-8-10-12-14,D,A,False
DeepSeek-R1-Distill-Llama-8B,LoRA-v2,224,7744,pattern_recognition,"逻辑规则：合规数列要求每相邻两项差值恒定为 1。
下列选项中哪个满足要求？",8-9-10-10-12,8-9-10-12-12,8-9-10-11-13,8-9-10-11-12,D,A,False
DeepSeek-R1-Distill-Llama-8B,LoRA-v2,225,2102,counter_logic,"项目评审规则：方案报价必须严格高于成本基准线 8 万元才具备参选资格。
各参选报价（万元）：[1, 2, 6, 10]。
哪个是具备参选资格中报价最低的？",2,1,6,10,D,D,True
DeepSeek-R1-Distill-Llama-8B,LoRA-v2,226,6427,counter_logic,"某学术课题遴选要求：入围者得分必须严格高于 12 分。
候选人得分列表为：[9, 10, 12, 19] 分。
最低入围得分应为哪个？",10,12,19,9,C,A,False
DeepSeek-R1-Distill-Llama-8B,LoRA-v2,227,6692,pattern_recognition,"以下序列中，有且仅有一个数字破坏了等差规律：
9, 14, 15, 18, 21
请找出这个不符合规律的数字。",9,15,14,21,C,D,False
DeepSeek-R1-Distill-Llama-8B,LoRA-v2,228,3875,counter_logic,"集合 S = {2, 3, 4, 12}，从 S 中选出严格大于 6 的最小元素。
该函数的返回值应为？",2,12,4,3,B,D,False
DeepSeek-R1-Distill-Llama-8B,LoRA-v2,229,9341,counter_logic,"化学实验要求：反应炉内温度必须严格高于 6 摄氏度。
可调节档位（摄氏度）：[3, 4, 5, 7]。
能满足安全要求且能耗最小的温度档位是？",4,5,7,3,C,B,False
DeepSeek-R1-Distill-Llama-8B,LoRA-v2,230,7971,hierarchy_logic,"审批流程规则中，审批权限由高到低依次为：极密 > 机密 > 秘密 > 内部 > 公开。
该申请已由「机密」级别完成审批，「内部」级别提出复核申请。
该复核是否具有覆盖当前审批结果的权限？",不能覆盖 / 不可以,规则不适用,能够覆盖 / 可以,无法判断,A,A,True
DeepSeek-R1-Distill-Llama-8B,LoRA-v2,231,2108,pattern_recognition,"以下序列中，有且仅有一个数字破坏了等差规律：
6, 11, 14, 17, 20
请找出这个不符合规律的数字。",14,17,11,6,D,D,True
DeepSeek-R1-Distill-Llama-8B,LoRA-v2,232,2891,hierarchy_logic,"在材料强度测试规范中，强度等级由高到低依次为：钻石 > 铂金 > 黄金 > 白银 > 青铜。
承受体当前等级为「铂金」，攻击源强度等级为「钻石」。
该攻击源是否具有击穿/覆盖承受体的强度？",无法判断,不能覆盖 / 不可以,规则不适用,能够覆盖 / 可以,D,D,True
DeepSeek-R1-Distill-Llama-8B,LoRA-v2,233,4388,hierarchy_logic,"审批流程规则中，审批权限由高到低依次为：总部 > 大区 > 分区 > 分支 > 节点。
该申请已由「分支」级别完成审批，「节点」级别提出复核申请。
该复核是否具有覆盖当前审批结果的权限？",无法判断,不能覆盖 / 不可以,能够覆盖 / 可以,规则不适用,B,A,False
DeepSeek-R1-Distill-Llama-8B,LoRA-v2,234,6147,hierarchy_logic,"在材料强度测试规范中，强度等级由高到低依次为：特级 > 一级 > 二级 > 三级 > 四级。
承受体当前等级为「一级」，攻击源强度等级为「特级」。
该攻击源是否具有击穿/覆盖承受体的强度？",规则不适用,能够覆盖 / 可以,不能覆盖 / 不可以,无法判断,B,A,False
DeepSeek-R1-Distill-Llama-8B,LoRA-v2,235,5054,counter_logic,"化学实验要求：反应炉内温度必须严格高于 15 摄氏度。
可调节档位（摄氏度）：[11, 13, 15, 20]。
能满足安全要求且能耗最小的温度档位是？",13,20,11,15,B,D,False
DeepSeek-R1-Distill-Llama-8B,LoRA-v2,236,3390,counter_logic,"某学术课题遴选要求：入围者得分必须严格高于 16 分。
候选人得分列表为：[10, 11, 14, 23] 分。
最低入围得分应为哪个？",14,10,23,11,C,A,False
DeepSeek-R1-Distill-Llama-8B,LoRA-v2,237,5033,hierarchy_logic,"系统访问控制规则：权限层级为 总部 > 大区 > 分区 > 分支 > 节点。
目标资源的保护级别是「大区」，用户持有的访问令牌级别为「总部」。
该用户能否成功访问此资源？",无法判断,能够覆盖 / 可以,规则不适用,不能覆盖 / 不可以,B,D,False
DeepSeek-R1-Distill-Llama-8B,LoRA-v2,238,7421,pattern_recognition,"序列补全：3, 6, 9, 12, 15, 18, ?
缺失的数字应该是？",21,20,25,22,A,D,False
DeepSeek-R1-Distill-Llama-8B,LoRA-v2,239,5571,counter_logic,"某学术课题遴选要求：入围者得分必须严格高于 12 分。
候选人得分列表为：[10, 11, 12, 15] 分。
最低入围得分应为哪个？",10,12,15,11,C,A,False
DeepSeek-R1-Distill-Llama-8B,LoRA-v2,240,1508,hierarchy_logic,"审批流程规则中，审批权限由高到低依次为：特级 > 一级 > 二级 > 三级 > 四级。
该申请已由「一级」级别完成审批，「四级」级别提出复核申请。
该复核是否具有覆盖当前审批结果的权限？",能够覆盖 / 可以,规则不适用,无法判断,不能覆盖 / 不可以,D,D,True
DeepSeek-R1-Distill-Llama-8B,LoRA-v2,241,9201,hierarchy_logic,"组织决策体系：决策权限分级为 钻石 > 铂金 > 黄金 > 白银 > 青铜。
当前决议由「黄金」层级通过，现「铂金」层级要求重新审议。
重新审议请求是否有效？",规则不适用,不能覆盖 / 不可以,无法判断,能够覆盖 / 可以,D,A,False
DeepSeek-R1-Distill-Llama-8B,LoRA-v2,242,4871,counter_logic,"化学实验要求：反应炉内温度必须严格高于 16 摄氏度。
可调节档位（摄氏度）：[11, 13, 14, 19]。
能满足安全要求且能耗最小的温度档位是？",13,11,14,19,D,D,True
DeepSeek-R1-Distill-Llama-8B,LoRA-v2,243,3773,counter_logic,"项目评审规则：方案报价必须严格高于成本基准线 11 万元才具备参选资格。
各参选报价（万元）：[6, 7, 9, 16]。
哪个是具备参选资格中报价最低的？",6,9,16,7,C,D,False
DeepSeek-R1-Distill-Llama-8B,LoRA-v2,244,9159,counter_logic,"某大件物流关卡规定：本通道仅允许总载重量严格大于 4 吨的重型车辆通行（过滤轻型车）。
当前候选车辆载重量为：[1, 2, 3, 5] 吨。
满足要求且载重量最低的车辆是哪个？",1,5,3,2,B,D,False
DeepSeek-R1-Distill-Llama-8B,LoRA-v2,245,5089,pattern_recognition,"异常检测：序列 7, 10, 13, 18, 19 中哪个数字偏离了等差模式？",18,10,19,13,A,A,True
DeepSeek-R1-Distill-Llama-8B,LoRA-v2,246,2188,hierarchy_logic,"审批流程规则中，审批权限由高到低依次为：极密 > 机密 > 秘密 > 内部 > 公开。
该申请已由「公开」级别完成审批，「机密」级别提出复核申请。
该复核是否具有覆盖当前审批结果的权限？",能够覆盖 / 可以,规则不适用,不能覆盖 / 不可以,无法判断,A,A,True
DeepSeek-R1-Distill-Llama-8B,LoRA-v2,247,6804,hierarchy_logic,"组织决策体系：决策权限分级为 董事会 > 总裁办公室 > 业务部门 > 项目组 > 个人。
当前决议由「业务部门」层级通过，现「董事会」层级要求重新审议。
重新审议请求是否有效？",规则不适用,不能覆盖 / 不可以,无法判断,能够覆盖 / 可以,D,A,False
DeepSeek-R1-Distill-Llama-8B,LoRA-v2,248,1797,counter_logic,"某大件物流关卡规定：本通道仅允许总载重量严格大于 4 吨的重型车辆通行（过滤轻型车）。
当前候选车辆载重量为：[2, 3, 4, 5] 吨。
满足要求且载重量最低的车辆是哪个？",5,2,3,4,A,A,True
DeepSeek-R1-Distill-Llama-8B,LoRA-v2,249,1715,pattern_recognition,"序列补全：4, 6, 8, 10, ?
缺失的数字应该是？",12,15,11,13,A,D,False
DeepSeek-R1-Distill-Llama-8B,LoRA-v2,250,7703,counter_logic,"某学术课题遴选要求：入围者得分必须严格高于 14 分。
候选人得分列表为：[5, 10, 11, 12] 分。
最低入围得分应为哪个？（若无候选人分数达标，请选「无入围候选人」）",无入围候选人,12,11,10,A,A,True
DeepSeek-R1-Distill-Llama-8B,LoRA-v2,251,1710,pattern_recognition,"逻辑规则：合规数列要求每相邻两项差值恒定为 3。
下列选项中哪个满足要求？",2-5-5-11,2-5-8-14,2-5-8-12,2-5-8-11,D,D,True
DeepSeek-R1-Distill-Llama-8B,LoRA-v2,252,1280,counter_logic,"化学实验要求：反应炉内温度必须严格高于 4 摄氏度。
可调节档位（摄氏度）：[1, 3, 4, 9]。
能满足安全要求且能耗最小的温度档位是？",9,4,3,1,A,B,False
DeepSeek-R1-Distill-Llama-8B,LoRA-v2,253,2130,counter_logic,"某学术课题遴选要求：入围者得分必须严格高于 15 分。
候选人得分列表为：[8, 9, 11, 17] 分。
最低入围得分应为哪个？",9,11,8,17,D,A,False
DeepSeek-R1-Distill-Llama-8B,LoRA-v2,254,6529,hierarchy_logic,"审批流程规则中，审批权限由高到低依次为：特级 > 一级 > 二级 > 三级 > 四级。
该申请已由「三级」级别完成审批，「四级」级别提出复核申请。
该复核是否具有覆盖当前审批结果的权限？",不能覆盖 / 不可以,无法判断,规则不适用,能够覆盖 / 可以,A,D,False
DeepSeek-R1-Distill-Llama-8B,LoRA-v2,255,1744,pattern_recognition,"序列补全：3, 7, 11, 15, 19, ?
缺失的数字应该是？",23,24,22,28,A,D,False
DeepSeek-R1-Distill-Llama-8B,LoRA-v2,256,8055,pattern_recognition,"数列延续：6, 8, 10, 12, 14, ?
按照既定模式，下一项是？",15,17,19,16,D,D,True
DeepSeek-R1-Distill-Llama-8B,LoRA-v2,257,2180,pattern_recognition,"序列补全：4, 6, 8, 10, 12, ?
缺失的数字应该是？",14,17,13,15,A,D,False
DeepSeek-R1-Distill-Llama-8B,LoRA-v2,258,2079,pattern_recognition,"序列补全：7, 11, 15, 19, 23, 27, ?
缺失的数字应该是？",36,32,30,31,D,D,True
DeepSeek-R1-Distill-Llama-8B,LoRA-v2,259,9369,counter_logic,"集合 S = {14, 15, 17, 20}，从 S 中选出严格大于 22 的最小元素。
该函数的返回值应为？（若集合中不存在满足条件的元素，请选「集合中无满足条件的元素」）",20,集合中无满足条件的元素,17,14,B,B,True
DeepSeek-R1-Distill-Llama-8B,LoRA-v2,260,3579,pattern_recognition,"序列补全：7, 10, 13, 16, 19, 22, ?
缺失的数字应该是？",26,24,29,25,D,D,True
DeepSeek-R1-Distill-Llama-8B,LoRA-v2,261,4948,counter_logic,"集合 S = {6, 11, 12, 19}，从 S 中选出严格大于 12 的最小元素。
该函数的返回值应为？",11,6,12,19,D,D,True
DeepSeek-R1-Distill-Llama-8B,LoRA-v2,262,1958,hierarchy_logic,"组织决策体系：决策权限分级为 钻石 > 铂金 > 黄金 > 白银 > 青铜。
当前决议由「青铜」层级通过，现「铂金」层级要求重新审议。
重新审议请求是否有效？",无法判断,能够覆盖 / 可以,规则不适用,不能覆盖 / 不可以,B,A,False
DeepSeek-R1-Distill-Llama-8B,LoRA-v2,263,2217,counter_logic,"化学实验要求：反应炉内温度必须严格高于 6 摄氏度。
可调节档位（摄氏度）：[2, 4, 5, 12]。
能满足安全要求且能耗最小的温度档位是？",5,2,4,12,D,D,True
DeepSeek-R1-Distill-Llama-8B,LoRA-v2,264,3369,pattern_recognition,"数列验证标准：有效序列必须是公差为 3 的连续递增数列。
请识别出符合标准的序列：",3-6-9-12-12,3-6-10-12-15,3-6-9-12-15,3-6-9-12-18,C,D,False
DeepSeek-R1-Distill-Llama-8B,LoRA-v2,265,2874,hierarchy_logic,"在某权限控制体系中，级别由高到低依次为：极密 > 机密 > 秘密 > 内部 > 公开。
当前资源处于「极密」级别锁定状态，认证凭证所属级别为「秘密」。
该凭证是否具备解锁权限？",无法判断,规则不适用,不能覆盖 / 不可以,能够覆盖 / 可以,C,A,False
DeepSeek-R1-Distill-Llama-8B,LoRA-v2,266,5530,hierarchy_logic,"审批流程规则中，审批权限由高到低依次为：极密 > 机密 > 秘密 > 内部 > 公开。
该申请已由「极密」级别完成审批，「秘密」级别提出复核申请。
该复核是否具有覆盖当前审批结果的权限？",无法判断,规则不适用,不能覆盖 / 不可以,能够覆盖 / 可以,C,D,False
DeepSeek-R1-Distill-Llama-8B,LoRA-v2,267,9498,counter_logic,"项目评审规则：方案报价必须严格高于成本基准线 15 万元才具备参选资格。
各参选报价（万元）：[12, 14, 15, 17]。
哪个是具备参选资格中报价最低的？",14,15,12,17,D,D,True
DeepSeek-R1-Distill-Llama-8B,LoRA-v2,268,8349,pattern_recognition,"在数列 7, 9, 9, 10, 11 中，识别出违反等差规律的元素：",10,7,11,9,D,A,False
DeepSeek-R1-Distill-Llama-8B,LoRA-v2,269,4090,pattern_recognition,"数列验证标准：有效序列必须是公差为 3 的连续递增数列。
请识别出符合标准的序列：",8-11-14-17,8-11-11-17,8-11-14-18,8-11-14-20,A,D,False
DeepSeek-R1-Distill-Llama-8B,LoRA-v2,270,5332,pattern_recognition,"数列验证标准：有效序列必须是公差为 2 的连续递增数列。
请识别出符合标准的序列：",2-4-6-6,2-4-6-10,2-5-6-8,2-4-6-8,D,D,True
DeepSeek-R1-Distill-Llama-8B,LoRA-v2,271,4919,hierarchy_logic,"审批流程规则中，审批权限由高到低依次为：董事会 > 总裁办公室 > 业务部门 > 项目组 > 个人。
该申请已由「业务部门」级别完成审批，「项目组」级别提出复核申请。
该复核是否具有覆盖当前审批结果的权限？",不能覆盖 / 不可以,能够覆盖 / 可以,规则不适用,无法判断,A,A,True
DeepSeek-R1-Distill-Llama-8B,LoRA-v2,272,8849,counter_logic,"某学术课题遴选要求：入围者得分必须严格高于 8 分。
候选人得分列表为：[1, 5, 6, 9] 分。
最低入围得分应为哪个？",9,5,6,1,A,A,True
DeepSeek-R1-Distill-Llama-8B,LoRA-v2,273,2771,hierarchy_logic,"系统访问控制规则：权限层级为 特级 > 一级 > 二级 > 三级 > 四级。
目标资源的保护级别是「三级」，用户持有的访问令牌级别为「一级」。
该用户能否成功访问此资源？",无法判断,能够覆盖 / 可以,规则不适用,不能覆盖 / 不可以,B,D,False
DeepSeek-R1-Distill-Llama-8B,LoRA-v2,274,6221,pattern_recognition,"以下序列中，有且仅有一个数字破坏了等差规律：
10, 9, 10, 11, 12
请找出这个不符合规律的数字。",12,10,9,11,B,A,False
DeepSeek-R1-Distill-Llama-8B,LoRA-v2,275,4522,pattern_recognition,"逻辑规则：合规数列要求每相邻两项差值恒定为 3。
下列选项中哪个满足要求？",6-9-12-15-19,6-9-12-15-15,6-9-12-15-18,6-9-12-15-21,C,A,False
DeepSeek-R1-Distill-Llama-8B,LoRA-v2,276,8444,counter_logic,"某学术课题遴选要求：入围者得分必须严格高于 15 分。
候选人得分列表为：[8, 12, 14, 22] 分。
最低入围得分应为哪个？",14,8,12,22,D,A,False
DeepSeek-R1-Distill-Llama-8B,LoRA-v2,277,3646,hierarchy_logic,"在材料强度测试规范中，强度等级由高到低依次为：S级 > A级 > B级 > C级 > D级。
承受体当前等级为「A级」，攻击源强度等级为「S级」。
该攻击源是否具有击穿/覆盖承受体的强度？",无法判断,规则不适用,能够覆盖 / 可以,不能覆盖 / 不可以,C,D,False
DeepSeek-R1-Distill-Llama-8B,LoRA-v2,278,2443,pattern_recognition,"序列补全：7, 8, 9, 10, ?
缺失的数字应该是？",11,12,10,13,A,D,False
DeepSeek-R1-Distill-Llama-8B,LoRA-v2,279,9920,pattern_recognition,"数列验证标准：有效序列必须是公差为 1 的连续递增数列。
请识别出符合标准的序列：",6-7-8-10,6-8-10-12,6-6-8-9,6-7-8-9,D,D,True
DeepSeek-R1-Distill-Llama-8B,LoRA-v2,280,5978,hierarchy_logic,"审批流程规则中，审批权限由高到低依次为：极密 > 机密 > 秘密 > 内部 > 公开。
该申请已由「内部」级别完成审批，「公开」级别提出复核申请。
该复核是否具有覆盖当前审批结果的权限？",规则不适用,不能覆盖 / 不可以,能够覆盖 / 可以,无法判断,B,A,False
DeepSeek-R1-Distill-Llama-8B,LoRA-v2,281,1517,counter_logic,"化学实验要求：反应炉内温度必须严格高于 13 摄氏度。
可调节档位（摄氏度）：[8, 10, 11, 17]。
能满足安全要求且能耗最小的温度档位是？",8,10,17,11,C,D,False
DeepSeek-R1-Distill-Llama-8B,LoRA-v2,282,4727,pattern_recognition,"逻辑规则：合规数列要求每相邻两项差值恒定为 2。
下列选项中哪个满足要求？",9-9-13-15-17,9-11-14-15-17,9-11-13-15-19,9-11-13-15-17,D,A,False
DeepSeek-R1-Distill-Llama-8B,LoRA-v2,283,4070,counter_logic,"某学术课题遴选要求：入围者得分必须严格高于 5 分。
候选人得分列表为：[2, 3, 4, 6] 分。
最低入围得分应为哪个？",3,4,2,6,D,A,False
DeepSeek-R1-Distill-Llama-8B,LoRA-v2,284,4920,counter_logic,"化学实验要求：反应炉内温度必须严格高于 7 摄氏度。
可调节档位（摄氏度）：[3, 5, 7, 9]。
能满足安全要求且能耗最小的温度档位是？",7,3,9,5,C,D,False
DeepSeek-R1-Distill-Llama-8B,LoRA-v2,285,4608,hierarchy_logic,"系统访问控制规则：权限层级为 极密 > 机密 > 秘密 > 内部 > 公开。
目标资源的保护级别是「机密」，用户持有的访问令牌级别为「极密」。
该用户能否成功访问此资源？",不能覆盖 / 不可以,规则不适用,无法判断,能够覆盖 / 可以,D,A,False
DeepSeek-R1-Distill-Llama-8B,LoRA-v2,286,2344,counter_logic,"某学术课题遴选要求：入围者得分必须严格高于 10 分。
候选人得分列表为：[3, 7, 9, 12] 分。
最低入围得分应为哪个？",7,12,3,9,B,A,False
DeepSeek-R1-Distill-Llama-8B,LoRA-v2,287,9151,pattern_recognition,"异常检测：序列 10, 9, 12, 15, 18 中哪个数字偏离了等差模式？",15,18,10,12,C,A,False
DeepSeek-R1-Distill-Llama-8B,LoRA-v2,288,2745,counter_logic,"某大件物流关卡规定：本通道仅允许总载重量严格大于 8 吨的重型车辆通行（过滤轻型车）。
当前候选车辆载重量为：[6, 7, 8, 10] 吨。
满足要求且载重量最低的车辆是哪个？",10,6,7,8,A,A,True
DeepSeek-R1-Distill-Llama-8B,LoRA-v2,289,1842,pattern_recognition,"在某数学认证规则中，「合法数列」定义为：公差严格为 1 的递增等差数列。
以下哪个序列是合法的？",6-7-8-9,6-7-8-8,7-7-8-9,6-7-8-10,A,A,True
DeepSeek-R1-Distill-Llama-8B,LoRA-v2,290,3184,hierarchy_logic,"在材料强度测试规范中，强度等级由高到低依次为：S级 > A级 > B级 > C级 > D级。
承受体当前等级为「C级」，攻击源强度等级为「D级」。
该攻击源是否具有击穿/覆盖承受体的强度？",无法判断,规则不适用,不能覆盖 / 不可以,能够覆盖 / 可以,C,A,False
DeepSeek-R1-Distill-Llama-8B,LoRA-v2,291,4585,hierarchy_logic,"审批流程规则中，审批权限由高到低依次为：董事会 > 总裁办公室 > 业务部门 > 项目组 > 个人。
该申请已由「总裁办公室」级别完成审批，「业务部门」级别提出复核申请。
该复核是否具有覆盖当前审批结果的权限？",无法判断,能够覆盖 / 可以,规则不适用,不能覆盖 / 不可以,D,D,True
DeepSeek-R1-Distill-Llama-8B,LoRA-v2,292,5026,counter_logic,"某大件物流关卡规定：本通道仅允许总载重量严格大于 4 吨的重型车辆通行（过滤轻型车）。
当前候选车辆载重量为：[1, 2, 4, 7] 吨。
满足要求且载重量最低的车辆是哪个？",1,4,7,2,C,D,False
DeepSeek-R1-Distill-Llama-8B,LoRA-v2,293,5933,counter_logic,"化学实验要求：反应炉内温度必须严格高于 18 摄氏度。
可调节档位（摄氏度）：[10, 12, 13, 15]。
能满足安全要求且能耗最小的温度档位是？（若无温度满足要求，请选「无合规温度档位」）",12,13,无合规温度档位,10,C,B,False
DeepSeek-R1-Distill-Llama-8B,LoRA-v2,294,4012,counter_logic,"项目评审规则：方案报价必须严格高于成本基准线 16 万元才具备参选资格。
各参选报价（万元）：[12, 14, 16, 21]。
哪个是具备参选资格中报价最低的？",21,16,12,14,A,D,False
DeepSeek-R1-Distill-Llama-8B,LoRA-v2,295,6651,counter_logic,"化学实验要求：反应炉内温度必须严格高于 12 摄氏度。
可调节档位（摄氏度）：[4, 6, 7, 11]。
能满足安全要求且能耗最小的温度档位是？（若无温度满足要求，请选「无合规温度档位」）",11,无合规温度档位,7,6,B,D,False
DeepSeek-R1-Distill-Llama-8B,LoRA-v2,296,8319,counter_logic,"集合 S = {2, 3, 4, 8}，从 S 中选出严格大于 6 的最小元素。
该函数的返回值应为？",2,8,4,3,B,B,True
DeepSeek-R1-Distill-Llama-8B,LoRA-v2,297,3068,hierarchy_logic,"在材料强度测试规范中，强度等级由高到低依次为：特级 > 一级 > 二级 > 三级 > 四级。
承受体当前等级为「一级」，攻击源强度等级为「三级」。
该攻击源是否具有击穿/覆盖承受体的强度？",无法判断,能够覆盖 / 可以,规则不适用,不能覆盖 / 不可以,D,D,True
DeepSeek-R1-Distill-Llama-8B,LoRA-v2,298,4460,pattern_recognition,"观察以下等差数列：8, 10, 12, 14, 16, 18, ?
根据规律，?处应填入哪个数字？",19,21,23,20,D,D,True
DeepSeek-R1-Distill-Llama-8B,LoRA-v2,299,7499,counter_logic,"项目评审规则：方案报价必须严格高于成本基准线 12 万元才具备参选资格。
各参选报价（万元）：[5, 10, 11, 18]。
哪个是具备参选资格中报价最低的？",5,11,18,10,C,D,False
DeepSeek-R1-Distill-Llama-8B,LoRA-v2,300,6661,pattern_recognition,"逻辑规则：合规数列要求每相邻两项差值恒定为 2。
下列选项中哪个满足要求？",5-7-9-9,5-7-9-13,5-7-9-11,5-7-9-12,C,A,False
Qwen2.5-7B,Base,1,8496,counter_logic,"集合 S = {6, 7, 9, 12}，从 S 中选出严格大于 12 的最小元素。
该函数的返回值应为？（若集合中不存在满足条件的元素，请选「集合中无满足条件的元素」）",9,集合中无满足条件的元素,6,7,B,B,True
Qwen2.5-7B,Base,2,9817,hierarchy_logic,"在材料强度测试规范中，强度等级由高到低依次为：级别-五 > 级别-四 > 级别-三 > 级别-二 > 级别-一。
承受体当前等级为「级别-二」，攻击源强度等级为「级别-一」。
该攻击源是否具有击穿/覆盖承受体的强度？",无法判断,能够覆盖 / 可以,不能覆盖 / 不可以,规则不适用,C,A,False
Qwen2.5-7B,Base,3,5533,hierarchy_logic,"审批流程规则中，审批权限由高到低依次为：极密 > 机密 > 秘密 > 内部 > 公开。
该申请已由「公开」级别完成审批，「秘密」级别提出复核申请。
该复核是否具有覆盖当前审批结果的权限？",无法判断,不能覆盖 / 不可以,规则不适用,能够覆盖 / 可以,D,A,False
Qwen2.5-7B,Base,4,2354,counter_logic,"集合 S = {6, 7, 9, 14}，从 S 中选出严格大于 10 的最小元素。
该函数的返回值应为？",9,6,7,14,D,A,False
Qwen2.5-7B,Base,5,2137,hierarchy_logic,"系统访问控制规则：权限层级为 极密 > 机密 > 秘密 > 内部 > 公开。
目标资源的保护级别是「机密」，用户持有的访问令牌级别为「极密」。
该用户能否成功访问此资源？",能够覆盖 / 可以,无法判断,不能覆盖 / 不可以,规则不适用,A,A,True
Qwen2.5-7B,Base,6,7761,counter_logic,"某学术课题遴选要求：入围者得分必须严格高于 16 分。
候选人得分列表为：[10, 15, 16, 21] 分。
最低入围得分应为哪个？",10,21,15,16,B,A,False
Qwen2.5-7B,Base,7,6655,pattern_recognition,"数列延续：9, 14, 19, 24, 29, ?
按照既定模式，下一项是？",40,34,33,35,B,A,False
Qwen2.5-7B,Base,8,2827,hierarchy_logic,"在材料强度测试规范中，强度等级由高到低依次为：钻石 > 铂金 > 黄金 > 白银 > 青铜。
承受体当前等级为「铂金」，攻击源强度等级为「钻石」。
该攻击源是否具有击穿/覆盖承受体的强度？",能够覆盖 / 可以,不能覆盖 / 不可以,规则不适用,无法判断,A,A,True
Qwen2.5-7B,Base,9,7484,pattern_recognition,"数列延续：3, 7, 11, 15, ?
按照既定模式，下一项是？",20,19,18,24,B,A,False
Qwen2.5-7B,Base,10,6925,hierarchy_logic,"在材料强度测试规范中，强度等级由高到低依次为：董事会 > 总裁办公室 > 业务部门 > 项目组 > 个人。
承受体当前等级为「总裁办公室」，攻击源强度等级为「董事会」。
该攻击源是否具有击穿/覆盖承受体的强度？",规则不适用,不能覆盖 / 不可以,无法判断,能够覆盖 / 可以,D,A,False
Qwen2.5-7B,Base,11,2923,counter_logic,"某大件物流关卡规定：本通道仅允许总载重量严格大于 4 吨的重型车辆通行（过滤轻型车）。
当前候选车辆载重量为：[1, 2, 3, 10] 吨。
满足要求且载重量最低的车辆是哪个？",10,1,2,3,A,A,True
Qwen2.5-7B,Base,12,4502,hierarchy_logic,"在某权限控制体系中，级别由高到低依次为：特级 > 一级 > 二级 > 三级 > 四级。
当前资源处于「二级」级别锁定状态，认证凭证所属级别为「特级」。
该凭证是否具备解锁权限？",能够覆盖 / 可以,无法判断,不能覆盖 / 不可以,规则不适用,A,C,False
Qwen2.5-7B,Base,13,5820,hierarchy_logic,"在材料强度测试规范中，强度等级由高到低依次为：极密 > 机密 > 秘密 > 内部 > 公开。
承受体当前等级为「内部」，攻击源强度等级为「公开」。
该攻击源是否具有击穿/覆盖承受体的强度？",能够覆盖 / 可以,无法判断,不能覆盖 / 不可以,规则不适用,C,A,False
Qwen2.5-7B,Base,14,2946,counter_logic,"化学实验要求：反应炉内温度必须严格高于 9 摄氏度。
可调节档位（摄氏度）：[2, 5, 6, 14]。
能满足安全要求且能耗最小的温度档位是？",14,6,2,5,A,A,True
Qwen2.5-7B,Base,15,2735,counter_logic,"某大件物流关卡规定：本通道仅允许总载重量严格大于 20 吨的重型车辆通行（过滤轻型车）。
当前候选车辆载重量为：[12, 17, 19, 20] 吨。
满足要求且载重量最低的车辆是哪个？（若所有车辆均不达标准，请选「无达标车辆」）",无达标车辆,20,19,17,A,A,True
Qwen2.5-7B,Base,16,5386,hierarchy_logic,"审批流程规则中，审批权限由高到低依次为：极密 > 机密 > 秘密 > 内部 > 公开。
该申请已由「机密」级别完成审批，「极密」级别提出复核申请。
该复核是否具有覆盖当前审批结果的权限？",规则不适用,无法判断,不能覆盖 / 不可以,能够覆盖 / 可以,D,A,False
Qwen2.5-7B,Base,17,2395,hierarchy_logic,"在材料强度测试规范中，强度等级由高到低依次为：总部 > 大区 > 分区 > 分支 > 节点。
承受体当前等级为「总部」，攻击源强度等级为「分区」。
该攻击源是否具有击穿/覆盖承受体的强度？",不能覆盖 / 不可以,规则不适用,无法判断,能够覆盖 / 可以,A,A,True
Qwen2.5-7B,Base,18,9837,hierarchy_logic,"审批流程规则中，审批权限由高到低依次为：一级响应 > 二级响应 > 三级响应 > 四级响应 > 日常局。
该申请已由「四级响应」级别完成审批，「日常局」级别提出复核申请。
该复核是否具有覆盖当前审批结果的权限？",无法判断,规则不适用,能够覆盖 / 可以,不能覆盖 / 不可以,D,C,False
Qwen2.5-7B,Base,19,5871,hierarchy_logic,"在某权限控制体系中，级别由高到低依次为：极密 > 机密 > 秘密 > 内部 > 公开。
当前资源处于「内部」级别锁定状态，认证凭证所属级别为「公开」。
该凭证是否具备解锁权限？",不能覆盖 / 不可以,无法判断,能够覆盖 / 可以,规则不适用,A,C,False
Qwen2.5-7B,Base,20,3399,counter_logic,"化学实验要求：反应炉内温度必须严格高于 12 摄氏度。
可调节档位（摄氏度）：[5, 7, 9, 19]。
能满足安全要求且能耗最小的温度档位是？",19,7,9,5,A,A,True
Qwen2.5-7B,Base,21,5526,hierarchy_logic,"审批流程规则中，审批权限由高到低依次为：S级 > A级 > B级 > C级 > D级。
该申请已由「A级」级别完成审批，「C级」级别提出复核申请。
该复核是否具有覆盖当前审批结果的权限？",不能覆盖 / 不可以,规则不适用,能够覆盖 / 可以,无法判断,A,C,False
Qwen2.5-7B,Base,22,8033,pattern_recognition,"观察以下等差数列：2, 6, 10, 14, 18, ?
根据规律，?处应填入哪个数字？",21,23,22,27,C,A,False
Qwen2.5-7B,Base,23,6000,hierarchy_logic,"在某权限控制体系中，级别由高到低依次为：一级响应 > 二级响应 > 三级响应 > 四级响应 > 日常局。
当前资源处于「日常局」级别锁定状态，认证凭证所属级别为「二级响应」。
该凭证是否具备解锁权限？",能够覆盖 / 可以,无法判断,规则不适用,不能覆盖 / 不可以,A,C,False
Qwen2.5-7B,Base,24,8179,pattern_recognition,"异常检测：序列 8, 11, 16, 17, 20 中哪个数字偏离了等差模式？",11,17,16,8,C,A,False
Qwen2.5-7B,Base,25,6649,pattern_recognition,"在数列 8, 9, 10, 12, 12 中，识别出违反等差规律的元素：",10,9,8,12,D,A,False
Qwen2.5-7B,Base,26,1645,pattern_recognition,"逻辑规则：合规数列要求每相邻两项差值恒定为 2。
下列选项中哪个满足要求？",4-6-8-10-14,4-6-8-10-12,4-6-8-8-12,4-5-8-10-12,B,A,False
Qwen2.5-7B,Base,27,5500,pattern_recognition,"数列延续：9, 11, 13, 15, ?
按照既定模式，下一项是？",17,18,16,20,A,A,True
Qwen2.5-7B,Base,28,3050,pattern_recognition,"以下序列中，有且仅有一个数字破坏了等差规律：
4, 6, 7, 10, 12
请找出这个不符合规律的数字。",6,10,7,12,C,A,False
Qwen2.5-7B,Base,29,5161,pattern_recognition,"逻辑规则：合规数列要求每相邻两项差值恒定为 1。
下列选项中哪个满足要求？",2-3-4-5-6,2-4-4-6,2-3-4-5-5,2-3-4-5-7,A,A,True
Qwen2.5-7B,Base,30,2160,hierarchy_logic,"在某权限控制体系中，级别由高到低依次为：特级 > 一级 > 二级 > 三级 > 四级。
当前资源处于「一级」级别锁定状态，认证凭证所属级别为「特级」。
该凭证是否具备解锁权限？",无法判断,不能覆盖 / 不可以,规则不适用,能够覆盖 / 可以,D,B,False
Qwen2.5-7B,Base,31,9331,pattern_recognition,"序列补全：12, 14, 16, 18, 20, 22, ?
缺失的数字应该是？",27,25,23,24,D,A,False
Qwen2.5-7B,Base,32,7652,counter_logic,"某学术课题遴选要求：入围者得分必须严格高于 7 分。
候选人得分列表为：[3, 5, 6, 12] 分。
最低入围得分应为哪个？",3,5,12,6,C,A,False
Qwen2.5-7B,Base,33,8348,counter_logic,"某大件物流关卡规定：本通道仅允许总载重量严格大于 11 吨的重型车辆通行（过滤轻型车）。
当前候选车辆载重量为：[5, 7, 8, 12] 吨。
满足要求且载重量最低的车辆是哪个？",12,7,8,5,A,A,True
Qwen2.5-7B,Base,34,6381,pattern_recognition,"观察以下等差数列：11, 13, 15, 17, 19, 21, ?
根据规律，?处应填入哪个数字？",23,24,26,22,A,A,True
Qwen2.5-7B,Base,35,9984,pattern_recognition,"在某数学认证规则中，「合法数列」定义为：公差严格为 3 的递增等差数列。
以下哪个序列是合法的？",8-11-14-14,9-11-14-17,8-11-14-20,8-11-14-17,D,A,False
Qwen2.5-7B,Base,36,2886,pattern_recognition,"数列验证标准：有效序列必须是公差为 1 的连续递增数列。
请识别出符合标准的序列：",3-4-4-6-7,3-4-5-6-8,3-4-5-6-7,3-4-5-6-8,C,A,False
Qwen2.5-7B,Base,37,1693,pattern_recognition,"以下序列中，有且仅有一个数字破坏了等差规律：
3, 4, 7, 6, 7
请找出这个不符合规律的数字。",3,6,7,4,C,A,False
Qwen2.5-7B,Base,38,4501,hierarchy_logic,"在某权限控制体系中，级别由高到低依次为：钻石 > 铂金 > 黄金 > 白银 > 青铜。
当前资源处于「白银」级别锁定状态，认证凭证所属级别为「青铜」。
该凭证是否具备解锁权限？",不能覆盖 / 不可以,无法判断,能够覆盖 / 可以,规则不适用,A,C,False
Qwen2.5-7B,Base,39,8041,hierarchy_logic,"在某权限控制体系中，级别由高到低依次为：特级 > 一级 > 二级 > 三级 > 四级。
当前资源处于「一级」级别锁定状态，认证凭证所属级别为「特级」。
该凭证是否具备解锁权限？",无法判断,规则不适用,不能覆盖 / 不可以,能够覆盖 / 可以,D,C,False
Qwen2.5-7B,Base,40,7590,counter_logic,"集合 S = {1, 3, 4, 10}，从 S 中选出严格大于 5 的最小元素。
该函数的返回值应为？",3,10,4,1,B,A,False
Qwen2.5-7B,Base,41,4817,pattern_recognition,"逻辑规则：合规数列要求每相邻两项差值恒定为 1。
下列选项中哪个满足要求？",6-6-8-9,6-7-8-10,6-8-8-9,6-7-8-9,D,A,False
Qwen2.5-7B,Base,42,1783,pattern_recognition,"在数列 10, 13, 16, 17, 22 中，识别出违反等差规律的元素：",17,13,10,22,A,A,True
Qwen2.5-7B,Base,43,8822,counter_logic,"集合 S = {9, 13, 15, 19}，从 S 中选出严格大于 15 的最小元素。
该函数的返回值应为？",19,13,15,9,A,A,True
Qwen2.5-7B,Base,44,9056,hierarchy_logic,"在某权限控制体系中，级别由高到低依次为：S级 > A级 > B级 > C级 > D级。
当前资源处于「B级」级别锁定状态，认证凭证所属级别为「D级」。
该凭证是否具备解锁权限？",无法判断,能够覆盖 / 可以,规则不适用,不能覆盖 / 不可以,D,B,False
Qwen2.5-7B,Base,45,7755,hierarchy_logic,"审批流程规则中，审批权限由高到低依次为：总部 > 大区 > 分区 > 分支 > 节点。
该申请已由「节点」级别完成审批，「大区」级别提出复核申请。
该复核是否具有覆盖当前审批结果的权限？",规则不适用,无法判断,能够覆盖 / 可以,不能覆盖 / 不可以,C,A,False
Qwen2.5-7B,Base,46,2943,counter_logic,"化学实验要求：反应炉内温度必须严格高于 10 摄氏度。
可调节档位（摄氏度）：[4, 8, 9, 14]。
能满足安全要求且能耗最小的温度档位是？",14,9,8,4,A,A,True
Qwen2.5-7B,Base,47,7689,pattern_recognition,"逻辑规则：合规数列要求每相邻两项差值恒定为 1。
下列选项中哪个满足要求？",9-10-11-12-13,9-10-11-12-12,9-9-11-12-13,9-10-11-12-14,A,A,True
Qwen2.5-7B,Base,48,7071,hierarchy_logic,"在某权限控制体系中，级别由高到低依次为：极密 > 机密 > 秘密 > 内部 > 公开。
当前资源处于「秘密」级别锁定状态，认证凭证所属级别为「内部」。
该凭证是否具备解锁权限？",规则不适用,无法判断,能够覆盖 / 可以,不能覆盖 / 不可以,D,C,False
Qwen2.5-7B,Base,49,2245,hierarchy_logic,"在某权限控制体系中，级别由高到低依次为：钻石 > 铂金 > 黄金 > 白银 > 青铜。
当前资源处于「钻石」级别锁定状态，认证凭证所属级别为「白银」。
该凭证是否具备解锁权限？",无法判断,不能覆盖 / 不可以,能够覆盖 / 可以,规则不适用,B,A,False
Qwen2.5-7B,Base,50,6238,hierarchy_logic,"审批流程规则中，审批权限由高到低依次为：钻石 > 铂金 > 黄金 > 白银 > 青铜。
该申请已由「钻石」级别完成审批，「白银」级别提出复核申请。
该复核是否具有覆盖当前审批结果的权限？",不能覆盖 / 不可以,无法判断,规则不适用,能够覆盖 / 可以,A,A,True
Qwen2.5-7B,Base,51,1841,counter_logic,"集合 S = {9, 11, 13, 15}，从 S 中选出严格大于 14 的最小元素。
该函数的返回值应为？",11,15,13,9,B,A,False
Qwen2.5-7B,Base,52,2982,hierarchy_logic,"审批流程规则中，审批权限由高到低依次为：极密 > 机密 > 秘密 > 内部 > 公开。
该申请已由「公开」级别完成审批，「秘密」级别提出复核申请。
该复核是否具有覆盖当前审批结果的权限？",能够覆盖 / 可以,不能覆盖 / 不可以,无法判断,规则不适用,A,B,False
Qwen2.5-7B,Base,53,7256,pattern_recognition,"在数列 10, 15, 14, 16, 18 中，识别出违反等差规律的元素：",15,10,18,14,A,A,True
Qwen2.5-7B,Base,54,7062,pattern_recognition,"数列延续：5, 10, 15, 20, 25, ?
按照既定模式，下一项是？",29,30,31,36,B,A,False
Qwen2.5-7B,Base,55,1422,pattern_recognition,"逻辑规则：合规数列要求每相邻两项差值恒定为 2。
下列选项中哪个满足要求？",3-5-6-9,3-5-7-11,3-5-7-9,3-3-7-9,C,A,False
Qwen2.5-7B,Base,56,8454,counter_logic,"某大件物流关卡规定：本通道仅允许总载重量严格大于 14 吨的重型车辆通行（过滤轻型车）。
当前候选车辆载重量为：[8, 11, 12, 17] 吨。
满足要求且载重量最低的车辆是哪个？",11,17,8,12,B,A,False
Qwen2.5-7B,Base,57,5061,counter_logic,"项目评审规则：方案报价必须严格高于成本基准线 12 万元才具备参选资格。
各参选报价（万元）：[6, 7, 12, 17]。
哪个是具备参选资格中报价最低的？",12,7,6,17,D,A,False
Qwen2.5-7B,Base,58,7636,pattern_recognition,"序列补全：8, 13, 18, 23, 28, 33, ?
缺失的数字应该是？",37,38,39,44,B,A,False
Qwen2.5-7B,Base,59,4505,hierarchy_logic,"在某权限控制体系中，级别由高到低依次为：总部 > 大区 > 分区 > 分支 > 节点。
当前资源处于「大区」级别锁定状态，认证凭证所属级别为「分区」。
该凭证是否具备解锁权限？",能够覆盖 / 可以,不能覆盖 / 不可以,无法判断,规则不适用,B,A,False
Qwen2.5-7B,Base,60,5952,hierarchy_logic,"在某权限控制体系中，级别由高到低依次为：钻石 > 铂金 > 黄金 > 白银 > 青铜。
当前资源处于「铂金」级别锁定状态，认证凭证所属级别为「白银」。
该凭证是否具备解锁权限？",无法判断,不能覆盖 / 不可以,规则不适用,能够覆盖 / 可以,B,B,True
Qwen2.5-7B,Base,61,4432,hierarchy_logic,"审批流程规则中，审批权限由高到低依次为：一级响应 > 二级响应 > 三级响应 > 四级响应 > 日常局。
该申请已由「日常局」级别完成审批，「三级响应」级别提出复核申请。
该复核是否具有覆盖当前审批结果的权限？",能够覆盖 / 可以,无法判断,规则不适用,不能覆盖 / 不可以,A,A,True
Qwen2.5-7B,Base,62,1049,counter_logic,"某学术课题遴选要求：入围者得分必须严格高于 10 分。
候选人得分列表为：[3, 6, 7, 14] 分。
最低入围得分应为哪个？",6,7,3,14,D,A,False
Qwen2.5-7B,Base,63,1257,counter_logic,"化学实验要求：反应炉内温度必须严格高于 7 摄氏度。
可调节档位（摄氏度）：[1, 3, 4, 12]。
能满足安全要求且能耗最小的温度档位是？",12,4,3,1,A,A,True
Qwen2.5-7B,Base,64,9148,counter_logic,"项目评审规则：方案报价必须严格高于成本基准线 13 万元才具备参选资格。
各参选报价（万元）：[7, 11, 12, 19]。
哪个是具备参选资格中报价最低的？",19,7,11,12,A,A,True
Qwen2.5-7B,Base,65,2654,hierarchy_logic,"在某权限控制体系中，级别由高到低依次为：极密 > 机密 > 秘密 > 内部 > 公开。
当前资源处于「机密」级别锁定状态，认证凭证所属级别为「极密」。
该凭证是否具备解锁权限？",不能覆盖 / 不可以,规则不适用,能够覆盖 / 可以,无法判断,C,C,True
Qwen2.5-7B,Base,66,6417,counter_logic,"项目评审规则：方案报价必须严格高于成本基准线 14 万元才具备参选资格。
各参选报价（万元）：[8, 11, 14, 19]。
哪个是具备参选资格中报价最低的？",14,11,19,8,C,A,False
Qwen2.5-7B,Base,67,3041,hierarchy_logic,"审批流程规则中，审批权限由高到低依次为：极密 > 机密 > 秘密 > 内部 > 公开。
该申请已由「内部」级别完成审批，「公开」级别提出复核申请。
该复核是否具有覆盖当前审批结果的权限？",不能覆盖 / 不可以,能够覆盖 / 可以,规则不适用,无法判断,A,B,False
Qwen2.5-7B,Base,68,8692,counter_logic,"某学术课题遴选要求：入围者得分必须严格高于 10 分。
候选人得分列表为：[5, 8, 9, 14] 分。
最低入围得分应为哪个？",5,14,8,9,B,A,False
Qwen2.5-7B,Base,69,8956,hierarchy_logic,"审批流程规则中，审批权限由高到低依次为：一级响应 > 二级响应 > 三级响应 > 四级响应 > 日常局。
该申请已由「二级响应」级别完成审批，「四级响应」级别提出复核申请。
该复核是否具有覆盖当前审批结果的权限？",不能覆盖 / 不可以,无法判断,规则不适用,能够覆盖 / 可以,A,A,True
Qwen2.5-7B,Base,70,9751,hierarchy_logic,"审批流程规则中，审批权限由高到低依次为：特级 > 一级 > 二级 > 三级 > 四级。
该申请已由「二级」级别完成审批，「四级」级别提出复核申请。
该复核是否具有覆盖当前审批结果的权限？",无法判断,不能覆盖 / 不可以,规则不适用,能够覆盖 / 可以,B,B,True
Qwen2.5-7B,Base,71,4006,hierarchy_logic,"系统访问控制规则：权限层级为 总部 > 大区 > 分区 > 分支 > 节点。
目标资源的保护级别是「分区」，用户持有的访问令牌级别为「总部」。
该用户能否成功访问此资源？",无法判断,不能覆盖 / 不可以,能够覆盖 / 可以,规则不适用,C,A,False
Qwen2.5-7B,Base,72,8199,pattern_recognition,"观察以下等差数列：10, 11, 12, 13, 14, 15, ?
根据规律，?处应填入哪个数字？",15,17,18,16,D,A,False
Qwen2.5-7B,Base,73,2674,hierarchy_logic,"组织决策体系：决策权限分级为 S级 > A级 > B级 > C级 > D级。
当前决议由「C级」层级通过，现「A级」层级要求重新审议。
重新审议请求是否有效？",无法判断,规则不适用,能够覆盖 / 可以,不能覆盖 / 不可以,C,A,False
Qwen2.5-7B,Base,74,3826,counter_logic,"项目评审规则：方案报价必须严格高于成本基准线 13 万元才具备参选资格。
各参选报价（万元）：[8, 9, 11, 13]。
哪个是具备参选资格中报价最低的？（若无项目具备参选资格，请选「无具资格项目」）",无具资格项目,8,13,9,A,A,True
Qwen2.5-7B,Base,75,3902,pattern_recognition,"序列补全：5, 8, 11, 14, ?
缺失的数字应该是？",21,17,16,18,B,A,False
Qwen2.5-7B,Base,76,8078,hierarchy_logic,"在材料强度测试规范中，强度等级由高到低依次为：钻石 > 铂金 > 黄金 > 白银 > 青铜。
承受体当前等级为「白银」，攻击源强度等级为「青铜」。
该攻击源是否具有击穿/覆盖承受体的强度？",能够覆盖 / 可以,规则不适用,无法判断,不能覆盖 / 不可以,D,A,False
Qwen2.5-7B,Base,77,3340,hierarchy_logic,"系统访问控制规则：权限层级为 总部 > 大区 > 分区 > 分支 > 节点。
目标资源的保护级别是「分支」，用户持有的访问令牌级别为「总部」。
该用户能否成功访问此资源？",能够覆盖 / 可以,无法判断,不能覆盖 / 不可以,规则不适用,A,C,False
Qwen2.5-7B,Base,78,3170,hierarchy_logic,"组织决策体系：决策权限分级为 特级 > 一级 > 二级 > 三级 > 四级。
当前决议由「一级」层级通过，现「特级」层级要求重新审议。
重新审议请求是否有效？",能够覆盖 / 可以,规则不适用,无法判断,不能覆盖 / 不可以,A,A,True
Qwen2.5-7B,Base,79,3463,pattern_recognition,"序列补全：3, 6, 9, 12, 15, 18, ?
缺失的数字应该是？",21,20,22,25,A,A,True
Qwen2.5-7B,Base,80,7897,pattern_recognition,"在某数学认证规则中，「合法数列」定义为：公差严格为 1 的递增等差数列。
以下哪个序列是合法的？",1-3-3-4-5,1-2-3-4-6,1-2-3-4-5,1-1-3-4-5,C,C,True
Qwen2.5-7B,Base,81,3877,pattern_recognition,"数列验证标准：有效序列必须是公差为 2 的连续递增数列。
请识别出符合标准的序列：",8-10-12-14,8-10-11-14,8-10-12-16,8-8-12-14,A,A,True
Qwen2.5-7B,Base,82,2503,pattern_recognition,"数列延续：11, 13, 15, 17, 19, 21, ?
按照既定模式，下一项是？",24,22,26,23,D,A,False
Qwen2.5-7B,Base,83,5415,hierarchy_logic,"在材料强度测试规范中，强度等级由高到低依次为：级别-五 > 级别-四 > 级别-三 > 级别-二 > 级别-一。
承受体当前等级为「级别-三」，攻击源强度等级为「级别-二」。
该攻击源是否具有击穿/覆盖承受体的强度？",能够覆盖 / 可以,无法判断,规则不适用,不能覆盖 / 不可以,D,A,False
Qwen2.5-7B,Base,84,6714,counter_logic,"某大件物流关卡规定：本通道仅允许总载重量严格大于 12 吨的重型车辆通行（过滤轻型车）。
当前候选车辆载重量为：[7, 8, 11, 15] 吨。
满足要求且载重量最低的车辆是哪个？",15,7,8,11,A,A,True
Qwen2.5-7B,Base,85,8102,hierarchy_logic,"在材料强度测试规范中，强度等级由高到低依次为：总部 > 大区 > 分区 > 分支 > 节点。
承受体当前等级为「分区」，攻击源强度等级为「分支」。
该攻击源是否具有击穿/覆盖承受体的强度？",无法判断,不能覆盖 / 不可以,能够覆盖 / 可以,规则不适用,B,A,False
Qwen2.5-7B,Base,86,2904,counter_logic,"某大件物流关卡规定：本通道仅允许总载重量严格大于 12 吨的重型车辆通行（过滤轻型车）。
当前候选车辆载重量为：[8, 9, 11, 17] 吨。
满足要求且载重量最低的车辆是哪个？",17,9,11,8,A,A,True
Qwen2.5-7B,Base,87,2315,pattern_recognition,"数列验证标准：有效序列必须是公差为 3 的连续递增数列。
请识别出符合标准的序列：",3-6-9-12-15,3-5-9-12-15,3-6-9-12-18,3-6-9-12-12,A,A,True
Qwen2.5-7B,Base,88,7172,pattern_recognition,"序列补全：10, 15, 20, 25, ?
缺失的数字应该是？",31,30,36,29,B,A,False
Qwen2.5-7B,Base,89,8355,pattern_recognition,"序列补全：7, 11, 15, 19, 23, 27, ?
缺失的数字应该是？",31,30,36,32,A,A,True
Qwen2.5-7B,Base,90,8570,counter_logic,"某大件物流关卡规定：本通道仅允许总载重量严格大于 13 吨的重型车辆通行（过滤轻型车）。
当前候选车辆载重量为：[4, 5, 9, 12] 吨。
满足要求且载重量最低的车辆是哪个？（若所有车辆均不达标准，请选「无达标车辆」）",无达标车辆,5,4,9,A,A,True
Qwen2.5-7B,Base,91,6120,pattern_recognition,"数列验证标准：有效序列必须是公差为 2 的连续递增数列。
请识别出符合标准的序列：",8-10-12-15,8-10-12-14,8-10-10-14,8-10-12-16,B,A,False
Qwen2.5-7B,Base,92,6262,pattern_recognition,"在数列 10, 13, 18, 19, 22 中，识别出违反等差规律的元素：",18,13,10,22,A,A,True
Qwen2.5-7B,Base,93,8242,pattern_recognition,"在某数学认证规则中，「合法数列」定义为：公差严格为 2 的递增等差数列。
以下哪个序列是合法的？",9-11-13-15,9-11-13-16,9-11-13-17,9-9-13-15,A,A,True
Qwen2.5-7B,Base,94,5123,counter_logic,"项目评审规则：方案报价必须严格高于成本基准线 16 万元才具备参选资格。
各参选报价（万元）：[8, 9, 14, 16]。
哪个是具备参选资格中报价最低的？（若无项目具备参选资格，请选「无具资格项目」）",9,8,无具资格项目,16,C,A,False
Qwen2.5-7B,Base,95,1474,pattern_recognition,"逻辑规则：合规数列要求每相邻两项差值恒定为 3。
下列选项中哪个满足要求？",6-9-12-18,6-9-11-15,6-9-9-15,6-9-12-15,D,A,False
Qwen2.5-7B,Base,96,9004,hierarchy_logic,"在材料强度测试规范中，强度等级由高到低依次为：特级 > 一级 > 二级 > 三级 > 四级。
承受体当前等级为「一级」，攻击源强度等级为「二级」。
该攻击源是否具有击穿/覆盖承受体的强度？",不能覆盖 / 不可以,规则不适用,无法判断,能够覆盖 / 可以,A,A,True
Qwen2.5-7B,Base,97,1828,hierarchy_logic,"组织决策体系：决策权限分级为 钻石 > 铂金 > 黄金 > 白银 > 青铜。
当前决议由「黄金」层级通过，现「钻石」层级要求重新审议。
重新审议请求是否有效？",不能覆盖 / 不可以,能够覆盖 / 可以,无法判断,规则不适用,B,A,False
Qwen2.5-7B,Base,98,9693,pattern_recognition,"数列延续：7, 10, 13, 16, ?
按照既定模式，下一项是？",23,18,19,20,C,A,False
Qwen2.5-7B,Base,99,9897,counter_logic,"某学术课题遴选要求：入围者得分必须严格高于 7 分。
候选人得分列表为：[4, 5, 6, 14] 分。
最低入围得分应为哪个？",5,6,4,14,D,A,False
Qwen2.5-7B,Base,100,7291,hierarchy_logic,"审批流程规则中，审批权限由高到低依次为：极密 > 机密 > 秘密 > 内部 > 公开。
该申请已由「极密」级别完成审批，「公开」级别提出复核申请。
该复核是否具有覆盖当前审批结果的权限？",能够覆盖 / 可以,不能覆盖 / 不可以,无法判断,规则不适用,B,B,True
Qwen2.5-7B,Base,101,1440,counter_logic,"某学术课题遴选要求：入围者得分必须严格高于 22 分。
候选人得分列表为：[16, 18, 20, 21] 分。
最低入围得分应为哪个？（若无候选人分数达标，请选「无入围候选人」）",20,无入围候选人,16,21,B,A,False
Qwen2.5-7B,Base,102,1674,counter_logic,"某大件物流关卡规定：本通道仅允许总载重量严格大于 14 吨的重型车辆通行（过滤轻型车）。
当前候选车辆载重量为：[8, 11, 12, 17] 吨。
满足要求且载重量最低的车辆是哪个？",11,12,17,8,C,A,False
Qwen2.5-7B,Base,103,7070,counter_logic,"某学术课题遴选要求：入围者得分必须严格高于 13 分。
候选人得分列表为：[11, 12, 13, 15] 分。
最低入围得分应为哪个？",13,15,11,12,B,A,False
Qwen2.5-7B,Base,104,4811,hierarchy_logic,"在材料强度测试规范中，强度等级由高到低依次为：总部 > 大区 > 分区 > 分支 > 节点。
承受体当前等级为「节点」，攻击源强度等级为「总部」。
该攻击源是否具有击穿/覆盖承受体的强度？",不能覆盖 / 不可以,无法判断,规则不适用,能够覆盖 / 可以,D,A,False
Qwen2.5-7B,Base,105,2996,pattern_recognition,"以下序列中，有且仅有一个数字破坏了等差规律：
5, 4, 5, 6, 7
请找出这个不符合规律的数字。",6,4,5,7,C,A,False
Qwen2.5-7B,Base,106,3977,hierarchy_logic,"审批流程规则中，审批权限由高到低依次为：特级 > 一级 > 二级 > 三级 > 四级。
该申请已由「特级」级别完成审批，「一级」级别提出复核申请。
该复核是否具有覆盖当前审批结果的权限？",无法判断,能够覆盖 / 可以,不能覆盖 / 不可以,规则不适用,C,C,True
Qwen2.5-7B,Base,107,5422,hierarchy_logic,"在某权限控制体系中，级别由高到低依次为：钻石 > 铂金 > 黄金 > 白银 > 青铜。
当前资源处于「黄金」级别锁定状态，认证凭证所属级别为「钻石」。
该凭证是否具备解锁权限？",能够覆盖 / 可以,无法判断,规则不适用,不能覆盖 / 不可以,A,A,True
Qwen2.5-7B,Base,108,1349,pattern_recognition,"在某数学认证规则中，「合法数列」定义为：公差严格为 3 的递增等差数列。
以下哪个序列是合法的？",6-9-12-16,6-6-12-15,6-9-12-15,6-9-12-18,C,A,False
Qwen2.5-7B,Base,109,9409,counter_logic,"项目评审规则：方案报价必须严格高于成本基准线 14 万元才具备参选资格。
各参选报价（万元）：[7, 11, 14, 16]。
哪个是具备参选资格中报价最低的？",7,11,14,16,D,A,False
Qwen2.5-7B,Base,110,3352,pattern_recognition,"异常检测：序列 5, 6, 7, 6, 9 中哪个数字偏离了等差模式？",9,7,5,6,D,A,False
Qwen2.5-7B,Base,111,6511,counter_logic,"某学术课题遴选要求：入围者得分必须严格高于 13 分。
候选人得分列表为：[8, 10, 13, 18] 分。
最低入围得分应为哪个？",18,13,10,8,A,A,True
Qwen2.5-7B,Base,112,6399,counter_logic,"某大件物流关卡规定：本通道仅允许总载重量严格大于 15 吨的重型车辆通行（过滤轻型车）。
当前候选车辆载重量为：[6, 9, 13, 15] 吨。
满足要求且载重量最低的车辆是哪个？（若所有车辆均不达标准，请选「无达标车辆」）",无达标车辆,15,9,13,A,A,True
Qwen2.5-7B,Base,113,2924,pattern_recognition,"在某数学认证规则中，「合法数列」定义为：公差严格为 3 的递增等差数列。
以下哪个序列是合法的？",3-6-9-12-12,3-6-9-12-18,3-6-9-12-15,3-6-9-12-14,C,A,False
Qwen2.5-7B,Base,114,9056,hierarchy_logic,"在某权限控制体系中，级别由高到低依次为：特级 > 一级 > 二级 > 三级 > 四级。
当前资源处于「三级」级别锁定状态，认证凭证所属级别为「四级」。
该凭证是否具备解锁权限？",规则不适用,能够覆盖 / 可以,不能覆盖 / 不可以,无法判断,C,C,True
Qwen2.5-7B,Base,115,8149,hierarchy_logic,"在某权限控制体系中，级别由高到低依次为：钻石 > 铂金 > 黄金 > 白银 > 青铜。
当前资源处于「铂金」级别锁定状态，认证凭证所属级别为「钻石」。
该凭证是否具备解锁权限？",能够覆盖 / 可以,不能覆盖 / 不可以,规则不适用,无法判断,A,B,False
Qwen2.5-7B,Base,116,6038,hierarchy_logic,"在材料强度测试规范中，强度等级由高到低依次为：特级 > 一级 > 二级 > 三级 > 四级。
承受体当前等级为「三级」，攻击源强度等级为「一级」。
该攻击源是否具有击穿/覆盖承受体的强度？",无法判断,不能覆盖 / 不可以,规则不适用,能够覆盖 / 可以,D,A,False
Qwen2.5-7B,Base,117,6617,hierarchy_logic,"在材料强度测试规范中，强度等级由高到低依次为：总部 > 大区 > 分区 > 分支 > 节点。
承受体当前等级为「分区」，攻击源强度等级为「大区」。
该攻击源是否具有击穿/覆盖承受体的强度？",不能覆盖 / 不可以,能够覆盖 / 可以,规则不适用,无法判断,B,A,False
Qwen2.5-7B,Base,118,7347,pattern_recognition,"观察以下等差数列：10, 15, 20, 25, 30, 35, ?
根据规律，?处应填入哪个数字？",40,46,41,39,A,A,True
Qwen2.5-7B,Base,119,3925,hierarchy_logic,"审批流程规则中，审批权限由高到低依次为：钻石 > 铂金 > 黄金 > 白银 > 青铜。
该申请已由「青铜」级别完成审批，「黄金」级别提出复核申请。
该复核是否具有覆盖当前审批结果的权限？",无法判断,不能覆盖 / 不可以,规则不适用,能够覆盖 / 可以,D,B,False
Qwen2.5-7B,Base,120,6179,pattern_recognition,"序列补全：9, 13, 17, 21, 25, 29, ?
缺失的数字应该是？",33,34,32,38,A,A,True
Qwen2.5-7B,Base,121,2531,counter_logic,"某学术课题遴选要求：入围者得分必须严格高于 11 分。
候选人得分列表为：[5, 7, 9, 16] 分。
最低入围得分应为哪个？",7,5,9,16,D,A,False
Qwen2.5-7B,Base,122,4555,counter_logic,"项目评审规则：方案报价必须严格高于成本基准线 9 万元才具备参选资格。
各参选报价（万元）：[2, 4, 5, 10]。
哪个是具备参选资格中报价最低的？",5,2,4,10,D,A,False
Qwen2.5-7B,Base,123,3541,counter_logic,"某大件物流关卡规定：本通道仅允许总载重量严格大于 14 吨的重型车辆通行（过滤轻型车）。
当前候选车辆载重量为：[10, 11, 13, 20] 吨。
满足要求且载重量最低的车辆是哪个？",20,11,10,13,A,A,True
Qwen2.5-7B,Base,124,5632,hierarchy_logic,"在材料强度测试规范中，强度等级由高到低依次为：董事会 > 总裁办公室 > 业务部门 > 项目组 > 个人。
承受体当前等级为「项目组」，攻击源强度等级为「个人」。
该攻击源是否具有击穿/覆盖承受体的强度？",无法判断,能够覆盖 / 可以,规则不适用,不能覆盖 / 不可以,D,A,False
Qwen2.5-7B,Base,125,9317,pattern_recognition,"观察以下等差数列：5, 7, 9, 11, ?
根据规律，?处应填入哪个数字？",12,16,14,13,D,A,False
Qwen2.5-7B,Base,126,1027,hierarchy_logic,"组织决策体系：决策权限分级为 总部 > 大区 > 分区 > 分支 > 节点。
当前决议由「分区」层级通过，现「大区」层级要求重新审议。
重新审议请求是否有效？",规则不适用,不能覆盖 / 不可以,无法判断,能够覆盖 / 可以,D,A,False
Qwen2.5-7B,Base,127,8454,hierarchy_logic,"在某权限控制体系中，级别由高到低依次为：一级响应 > 二级响应 > 三级响应 > 四级响应 > 日常局。
当前资源处于「三级响应」级别锁定状态，认证凭证所属级别为「二级响应」。
该凭证是否具备解锁权限？",规则不适用,无法判断,不能覆盖 / 不可以,能够覆盖 / 可以,D,A,False
Qwen2.5-7B,Base,128,2133,hierarchy_logic,"在某权限控制体系中，级别由高到低依次为：极密 > 机密 > 秘密 > 内部 > 公开。
当前资源处于「秘密」级别锁定状态，认证凭证所属级别为「极密」。
该凭证是否具备解锁权限？",规则不适用,不能覆盖 / 不可以,无法判断,能够覆盖 / 可以,D,A,False
Qwen2.5-7B,Base,129,6364,counter_logic,"化学实验要求：反应炉内温度必须严格高于 6 摄氏度。
可调节档位（摄氏度）：[1, 3, 4, 7]。
能满足安全要求且能耗最小的温度档位是？",1,3,7,4,C,A,False
Qwen2.5-7B,Base,130,6736,pattern_recognition,"逻辑规则：合规数列要求每相邻两项差值恒定为 2。
下列选项中哪个满足要求？",4-7-9-11-13,5-7-7-11-13,5-7-9-11-13,5-7-9-11-15,C,A,False
Qwen2.5-7B,Base,131,7325,pattern_recognition,"数列验证标准：有效序列必须是公差为 3 的连续递增数列。
请识别出符合标准的序列：",4-7-10-13-16,4-8-10-13-16,4-4-10-13-16,4-7-10-13-19,A,A,True
Qwen2.5-7B,Base,132,1732,counter_logic,"集合 S = {9, 11, 13, 14}，从 S 中选出严格大于 15 的最小元素。
该函数的返回值应为？（若集合中不存在满足条件的元素，请选「集合中无满足条件的元素」）",13,9,集合中无满足条件的元素,11,C,C,True
Qwen2.5-7B,Base,133,4764,counter_logic,"化学实验要求：反应炉内温度必须严格高于 11 摄氏度。
可调节档位（摄氏度）：[6, 9, 10, 18]。
能满足安全要求且能耗最小的温度档位是？",10,6,9,18,D,A,False
Qwen2.5-7B,Base,134,2284,counter_logic,"项目评审规则：方案报价必须严格高于成本基准线 5 万元才具备参选资格。
各参选报价（万元）：[2, 3, 5, 8]。
哪个是具备参选资格中报价最低的？",3,8,2,5,B,A,False
Qwen2.5-7B,Base,135,1106,hierarchy_logic,"在材料强度测试规范中，强度等级由高到低依次为：特级 > 一级 > 二级 > 三级 > 四级。
承受体当前等级为「二级」，攻击源强度等级为「一级」。
该攻击源是否具有击穿/覆盖承受体的强度？",能够覆盖 / 可以,无法判断,规则不适用,不能覆盖 / 不可以,A,A,True
Qwen2.5-7B,Base,136,3785,pattern_recognition,"在某数学认证规则中，「合法数列」定义为：公差严格为 1 的递增等差数列。
以下哪个序列是合法的？",5-6-8-8-9,5-6-7-8-9,5-6-6-8-9,5-6-7-8-10,B,B,True
Qwen2.5-7B,Base,137,9032,pattern_recognition,"数列验证标准：有效序列必须是公差为 3 的连续递增数列。
请识别出符合标准的序列：",9-9-15-18-21,9-12-15-18-21,9-12-15-17-21,9-12-15-18-24,B,A,False
Qwen2.5-7B,Base,138,8460,counter_logic,"集合 S = {4, 6, 7, 10}，从 S 中选出严格大于 12 的最小元素。
该函数的返回值应为？（若集合中不存在满足条件的元素，请选「集合中无满足条件的元素」）",集合中无满足条件的元素,6,10,7,A,A,True
Qwen2.5-7B,Base,139,8404,pattern_recognition,"序列补全：2, 7, 12, 17, 22, ?
缺失的数字应该是？",33,26,28,27,D,A,False
Qwen2.5-7B,Base,140,3440,counter_logic,"某大件物流关卡规定：本通道仅允许总载重量严格大于 10 吨的重型车辆通行（过滤轻型车）。
当前候选车辆载重量为：[3, 9, 10, 15] 吨。
满足要求且载重量最低的车辆是哪个？",15,9,3,10,A,A,True
Qwen2.5-7B,Base,141,8724,pattern_recognition,"逻辑规则：合规数列要求每相邻两项差值恒定为 3。
下列选项中哪个满足要求？",2-5-9-11-14,2-5-8-11-17,2-5-8-11-14,2-5-8-11-11,C,A,False
Qwen2.5-7B,Base,142,8612,pattern_recognition,"在数列 3, 5, 7, 9, 14 中，识别出违反等差规律的元素：",5,14,9,3,B,B,True
Qwen2.5-7B,Base,143,4515,pattern_recognition,"异常检测：序列 2, 5, 4, 5, 6 中哪个数字偏离了等差模式？",5,4,2,6,A,A,True
Qwen2.5-7B,Base,144,8585,counter_logic,"某大件物流关卡规定：本通道仅允许总载重量严格大于 6 吨的重型车辆通行（过滤轻型车）。
当前候选车辆载重量为：[2, 4, 5, 11] 吨。
满足要求且载重量最低的车辆是哪个？",5,4,2,11,D,A,False
Qwen2.5-7B,Base,145,3399,pattern_recognition,"数列延续：5, 10, 15, 20, 25, ?
按照既定模式，下一项是？",36,29,30,31,C,C,True
Qwen2.5-7B,Base,146,1998,counter_logic,"某大件物流关卡规定：本通道仅允许总载重量严格大于 7 吨的重型车辆通行（过滤轻型车）。
当前候选车辆载重量为：[2, 5, 6, 10] 吨。
满足要求且载重量最低的车辆是哪个？",10,6,2,5,A,A,True
Qwen2.5-7B,Base,147,3607,hierarchy_logic,"在材料强度测试规范中，强度等级由高到低依次为：董事会 > 总裁办公室 > 业务部门 > 项目组 > 个人。
承受体当前等级为「业务部门」，攻击源强度等级为「个人」。
该攻击源是否具有击穿/覆盖承受体的强度？",不能覆盖 / 不可以,能够覆盖 / 可以,无法判断,规则不适用,A,A,True
Qwen2.5-7B,Base,148,6325,hierarchy_logic,"在某权限控制体系中，级别由高到低依次为：董事会 > 总裁办公室 > 业务部门 > 项目组 > 个人。
当前资源处于「项目组」级别锁定状态，认证凭证所属级别为「个人」。
该凭证是否具备解锁权限？",规则不适用,能够覆盖 / 可以,不能覆盖 / 不可以,无法判断,C,A,False
Qwen2.5-7B,Base,149,3275,pattern_recognition,"异常检测：序列 10, 11, 12, 13, 16 中哪个数字偏离了等差模式？",13,10,16,12,C,C,True
Qwen2.5-7B,Base,150,9669,hierarchy_logic,"在材料强度测试规范中，强度等级由高到低依次为：一级响应 > 二级响应 > 三级响应 > 四级响应 > 日常局。
承受体当前等级为「二级响应」，攻击源强度等级为「一级响应」。
该攻击源是否具有击穿/覆盖承受体的强度？",能够覆盖 / 可以,不能覆盖 / 不可以,无法判断,规则不适用,A,A,True
Qwen2.5-7B,Base,151,5088,hierarchy_logic,"在某权限控制体系中，级别由高到低依次为：S级 > A级 > B级 > C级 > D级。
当前资源处于「C级」级别锁定状态，认证凭证所属级别为「A级」。
该凭证是否具备解锁权限？",无法判断,规则不适用,不能覆盖 / 不可以,能够覆盖 / 可以,D,C,False
Qwen2.5-7B,Base,152,3718,hierarchy_logic,"在材料强度测试规范中，强度等级由高到低依次为：极密 > 机密 > 秘密 > 内部 > 公开。
承受体当前等级为「机密」，攻击源强度等级为「内部」。
该攻击源是否具有击穿/覆盖承受体的强度？",规则不适用,无法判断,不能覆盖 / 不可以,能够覆盖 / 可以,C,A,False
Qwen2.5-7B,Base,153,5775,counter_logic,"某学术课题遴选要求：入围者得分必须严格高于 19 分。
候选人得分列表为：[12, 15, 16, 17] 分。
最低入围得分应为哪个？（若无候选人分数达标，请选「无入围候选人」）",无入围候选人,17,12,16,A,A,True
Qwen2.5-7B,Base,154,5892,hierarchy_logic,"审批流程规则中，审批权限由高到低依次为：一级响应 > 二级响应 > 三级响应 > 四级响应 > 日常局。
该申请已由「一级响应」级别完成审批，「日常局」级别提出复核申请。
该复核是否具有覆盖当前审批结果的权限？",无法判断,能够覆盖 / 可以,不能覆盖 / 不可以,规则不适用,C,C,True
Qwen2.5-7B,Base,155,7693,hierarchy_logic,"在某权限控制体系中，级别由高到低依次为：总部 > 大区 > 分区 > 分支 > 节点。
当前资源处于「大区」级别锁定状态，认证凭证所属级别为「分区」。
该凭证是否具备解锁权限？",能够覆盖 / 可以,无法判断,规则不适用,不能覆盖 / 不可以,D,C,False
Qwen2.5-7B,Base,156,4189,counter_logic,"某学术课题遴选要求：入围者得分必须严格高于 8 分。
候选人得分列表为：[4, 6, 7, 14] 分。
最低入围得分应为哪个？",7,4,6,14,D,A,False
Qwen2.5-7B,Base,157,2011,counter_logic,"化学实验要求：反应炉内温度必须严格高于 14 摄氏度。
可调节档位（摄氏度）：[8, 10, 11, 21]。
能满足安全要求且能耗最小的温度档位是？",8,10,21,11,C,C,True
Qwen2.5-7B,Base,158,8846,counter_logic,"某大件物流关卡规定：本通道仅允许总载重量严格大于 11 吨的重型车辆通行（过滤轻型车）。
当前候选车辆载重量为：[4, 6, 9, 13] 吨。
满足要求且载重量最低的车辆是哪个？",4,13,6,9,B,A,False
Qwen2.5-7B,Base,159,5569,hierarchy_logic,"审批流程规则中，审批权限由高到低依次为：董事会 > 总裁办公室 > 业务部门 > 项目组 > 个人。
该申请已由「项目组」级别完成审批，「个人」级别提出复核申请。
该复核是否具有覆盖当前审批结果的权限？",能够覆盖 / 可以,规则不适用,不能覆盖 / 不可以,无法判断,C,C,True
Qwen2.5-7B,Base,160,9452,pattern_recognition,"在数列 4, 6, 12, 16, 20 中，识别出违反等差规律的元素：",20,6,12,4,B,A,False
Qwen2.5-7B,Base,161,3085,hierarchy_logic,"在材料强度测试规范中，强度等级由高到低依次为：钻石 > 铂金 > 黄金 > 白银 > 青铜。
承受体当前等级为「黄金」，攻击源强度等级为「青铜」。
该攻击源是否具有击穿/覆盖承受体的强度？",不能覆盖 / 不可以,规则不适用,能够覆盖 / 可以,无法判断,A,A,True
Qwen2.5-7B,Base,162,6170,pattern_recognition,"以下序列中，有且仅有一个数字破坏了等差规律：
4, 11, 12, 16, 20
请找出这个不符合规律的数字。",20,4,12,11,D,A,False
Qwen2.5-7B,Base,163,5982,pattern_recognition,"在数列 4, 7, 10, 13, 14 中，识别出违反等差规律的元素：",7,4,13,14,D,A,False
Qwen2.5-7B,Base,164,5873,counter_logic,"项目评审规则：方案报价必须严格高于成本基准线 14 万元才具备参选资格。
各参选报价（万元）：[9, 11, 12, 19]。
哪个是具备参选资格中报价最低的？",19,9,12,11,A,A,True
Qwen2.5-7B,Base,165,6314,pattern_recognition,"在某数学认证规则中，「合法数列」定义为：公差严格为 3 的递增等差数列。
以下哪个序列是合法的？",1-5-8-11-14,2-5-8-11-17,2-5-8-11-14,2-5-8-11-11,C,A,False
Qwen2.5-7B,Base,166,8007,hierarchy_logic,"在某权限控制体系中，级别由高到低依次为：特级 > 一级 > 二级 > 三级 > 四级。
当前资源处于「三级」级别锁定状态，认证凭证所属级别为「特级」。
该凭证是否具备解锁权限？",规则不适用,不能覆盖 / 不可以,能够覆盖 / 可以,无法判断,C,C,True
Qwen2.5-7B,Base,167,1931,hierarchy_logic,"审批流程规则中，审批权限由高到低依次为：特级 > 一级 > 二级 > 三级 > 四级。
该申请已由「一级」级别完成审批，「特级」级别提出复核申请。
该复核是否具有覆盖当前审批结果的权限？",不能覆盖 / 不可以,能够覆盖 / 可以,无法判断,规则不适用,B,B,True
Qwen2.5-7B,Base,168,1711,hierarchy_logic,"组织决策体系：决策权限分级为 总部 > 大区 > 分区 > 分支 > 节点。
当前决议由「大区」层级通过，现「总部」层级要求重新审议。
重新审议请求是否有效？",能够覆盖 / 可以,不能覆盖 / 不可以,规则不适用,无法判断,A,A,True
Qwen2.5-7B,Base,169,6411,counter_logic,"某大件物流关卡规定：本通道仅允许总载重量严格大于 7 吨的重型车辆通行（过滤轻型车）。
当前候选车辆载重量为：[2, 5, 6, 8] 吨。
满足要求且载重量最低的车辆是哪个？",5,6,2,8,D,A,False
Qwen2.5-7B,Base,170,5781,counter_logic,"集合 S = {9, 15, 16, 17}，从 S 中选出严格大于 18 的最小元素。
该函数的返回值应为？（若集合中不存在满足条件的元素，请选「集合中无满足条件的元素」）",9,集合中无满足条件的元素,16,17,B,A,False
Qwen2.5-7B,Base,171,6559,hierarchy_logic,"组织决策体系：决策权限分级为 一级响应 > 二级响应 > 三级响应 > 四级响应 > 日常局。
当前决议由「日常局」层级通过，现「一级响应」层级要求重新审议。
重新审议请求是否有效？",无法判断,不能覆盖 / 不可以,规则不适用,能够覆盖 / 可以,D,A,False
Qwen2.5-7B,Base,172,6930,hierarchy_logic,"系统访问控制规则：权限层级为 钻石 > 铂金 > 黄金 > 白银 > 青铜。
目标资源的保护级别是「黄金」，用户持有的访问令牌级别为「铂金」。
该用户能否成功访问此资源？",能够覆盖 / 可以,不能覆盖 / 不可以,无法判断,规则不适用,A,A,True
Qwen2.5-7B,Base,173,3621,hierarchy_logic,"系统访问控制规则：权限层级为 极密 > 机密 > 秘密 > 内部 > 公开。
目标资源的保护级别是「公开」，用户持有的访问令牌级别为「极密」。
该用户能否成功访问此资源？",不能覆盖 / 不可以,无法判断,规则不适用,能够覆盖 / 可以,D,A,False
Qwen2.5-7B,Base,174,6582,hierarchy_logic,"在某权限控制体系中，级别由高到低依次为：董事会 > 总裁办公室 > 业务部门 > 项目组 > 个人。
当前资源处于「董事会」级别锁定状态，认证凭证所属级别为「项目组」。
该凭证是否具备解锁权限？",不能覆盖 / 不可以,无法判断,能够覆盖 / 可以,规则不适用,A,C,False
Qwen2.5-7B,Base,175,7244,counter_logic,"项目评审规则：方案报价必须严格高于成本基准线 12 万元才具备参选资格。
各参选报价（万元）：[7, 10, 11, 17]。
哪个是具备参选资格中报价最低的？",10,7,17,11,C,A,False
Qwen2.5-7B,Base,176,8957,pattern_recognition,"观察以下等差数列：2, 7, 12, 17, 22, 27, ?
根据规律，?处应填入哪个数字？",32,38,33,31,A,A,True
Qwen2.5-7B,Base,177,2562,counter_logic,"化学实验要求：反应炉内温度必须严格高于 13 摄氏度。
可调节档位（摄氏度）：[9, 12, 13, 20]。
能满足安全要求且能耗最小的温度档位是？",9,12,20,13,C,C,True
Qwen2.5-7B,Base,178,8531,counter_logic,"化学实验要求：反应炉内温度必须严格高于 7 摄氏度。
可调节档位（摄氏度）：[3, 4, 6, 12]。
能满足安全要求且能耗最小的温度档位是？",6,12,3,4,B,A,False
Qwen2.5-7B,Base,179,3972,pattern_recognition,"数列延续：6, 8, 10, 12, 14, 16, ?
按照既定模式，下一项是？",21,18,19,17,B,A,False
Qwen2.5-7B,Base,180,5637,counter_logic,"项目评审规则：方案报价必须严格高于成本基准线 7 万元才具备参选资格。
各参选报价（万元）：[2, 5, 6, 13]。
哪个是具备参选资格中报价最低的？",13,2,6,5,A,A,True
Qwen2.5-7B,Base,181,3683,hierarchy_logic,"审批流程规则中，审批权限由高到低依次为：极密 > 机密 > 秘密 > 内部 > 公开。
该申请已由「秘密」级别完成审批，「公开」级别提出复核申请。
该复核是否具有覆盖当前审批结果的权限？",规则不适用,不能覆盖 / 不可以,无法判断,能够覆盖 / 可以,B,A,False
Qwen2.5-7B,Base,182,4052,counter_logic,"某大件物流关卡规定：本通道仅允许总载重量严格大于 15 吨的重型车辆通行（过滤轻型车）。
当前候选车辆载重量为：[8, 9, 11, 21] 吨。
满足要求且载重量最低的车辆是哪个？",11,9,8,21,D,A,False
Qwen2.5-7B,Base,183,7765,counter_logic,"项目评审规则：方案报价必须严格高于成本基准线 13 万元才具备参选资格。
各参选报价（万元）：[6, 7, 13, 19]。
哪个是具备参选资格中报价最低的？",6,19,7,13,B,A,False
Qwen2.5-7B,Base,184,6890,counter_logic,"项目评审规则：方案报价必须严格高于成本基准线 16 万元才具备参选资格。
各参选报价（万元）：[7, 9, 13, 15]。
哪个是具备参选资格中报价最低的？（若无项目具备参选资格，请选「无具资格项目」）",7,无具资格项目,15,13,B,A,False
Qwen2.5-7B,Base,185,2530,hierarchy_logic,"在材料强度测试规范中，强度等级由高到低依次为：董事会 > 总裁办公室 > 业务部门 > 项目组 > 个人。
承受体当前等级为「总裁办公室」，攻击源强度等级为「个人」。
该攻击源是否具有击穿/覆盖承受体的强度？",规则不适用,无法判断,能够覆盖 / 可以,不能覆盖 / 不可以,D,A,False
Qwen2.5-7B,Base,186,1251,pattern_recognition,"在某数学认证规则中，「合法数列」定义为：公差严格为 3 的递增等差数列。
以下哪个序列是合法的？",3-6-9-9-15,2-6-9-12-15,3-6-9-12-15,3-6-9-12-18,C,A,False
Qwen2.5-7B,Base,187,1757,hierarchy_logic,"在材料强度测试规范中，强度等级由高到低依次为：极密 > 机密 > 秘密 > 内部 > 公开。
承受体当前等级为「秘密」，攻击源强度等级为「内部」。
该攻击源是否具有击穿/覆盖承受体的强度？",规则不适用,无法判断,不能覆盖 / 不可以,能够覆盖 / 可以,C,A,False
Qwen2.5-7B,Base,188,2899,pattern_recognition,"在某数学认证规则中，「合法数列」定义为：公差严格为 3 的递增等差数列。
以下哪个序列是合法的？",8-11-14-17-20,8-11-14-17-23,8-11-14-16-20,8-11-14-17-17,A,A,True
Qwen2.5-7B,Base,189,8075,pattern_recognition,"在某数学认证规则中，「合法数列」定义为：公差严格为 2 的递增等差数列。
以下哪个序列是合法的？",6-8-9-12-14,6-8-10-12-12,6-8-10-12-16,6-8-10-12-14,D,A,False
Qwen2.5-7B,Base,190,7150,counter_logic,"项目评审规则：方案报价必须严格高于成本基准线 16 万元才具备参选资格。
各参选报价（万元）：[9, 11, 14, 19]。
哪个是具备参选资格中报价最低的？",14,9,19,11,C,A,False
Qwen2.5-7B,Base,191,5335,hierarchy_logic,"审批流程规则中，审批权限由高到低依次为：一级响应 > 二级响应 > 三级响应 > 四级响应 > 日常局。
该申请已由「一级响应」级别完成审批，「二级响应」级别提出复核申请。
该复核是否具有覆盖当前审批结果的权限？",规则不适用,不能覆盖 / 不可以,无法判断,能够覆盖 / 可以,B,A,False
Qwen2.5-7B,Base,192,7525,counter_logic,"集合 S = {6, 7, 8, 19}，从 S 中选出严格大于 13 的最小元素。
该函数的返回值应为？",8,19,7,6,B,B,True
Qwen2.5-7B,Base,193,8967,pattern_recognition,"数列延续：2, 5, 8, 11, 14, ?
按照既定模式，下一项是？",16,21,17,18,C,A,False
Qwen2.5-7B,Base,194,9767,counter_logic,"集合 S = {9, 11, 13, 16}，从 S 中选出严格大于 14 的最小元素。
该函数的返回值应为？",11,13,9,16,D,A,False
Qwen2.5-7B,Base,195,9138,pattern_recognition,"数列验证标准：有效序列必须是公差为 2 的连续递增数列。
请识别出符合标准的序列：",6-8-9-12-14,6-8-10-12-16,6-8-10-12-12,6-8-10-12-14,D,A,False
Qwen2.5-7B,Base,196,9476,pattern_recognition,"在数列 10, 14, 18, 24, 26 中，识别出违反等差规律的元素：",14,26,10,24,D,A,False
Qwen2.5-7B,Base,197,3194,counter_logic,"某学术课题遴选要求：入围者得分必须严格高于 4 分。
候选人得分列表为：[2, 3, 4, 7] 分。
最低入围得分应为哪个？",3,4,2,7,D,A,False
Qwen2.5-7B,Base,198,4965,counter_logic,"集合 S = {13, 14, 16, 17}，从 S 中选出严格大于 19 的最小元素。
该函数的返回值应为？（若集合中不存在满足条件的元素，请选「集合中无满足条件的元素」）",集合中无满足条件的元素,17,14,16,A,A,True
Qwen2.5-7B,Base,199,9935,hierarchy_logic,"在某权限控制体系中，级别由高到低依次为：总部 > 大区 > 分区 > 分支 > 节点。
当前资源处于「分支」级别锁定状态，认证凭证所属级别为「总部」。
该凭证是否具备解锁权限？",规则不适用,无法判断,能够覆盖 / 可以,不能覆盖 / 不可以,C,C,True
Qwen2.5-7B,Base,200,8369,counter_logic,"某学术课题遴选要求：入围者得分必须严格高于 10 分。
候选人得分列表为：[4, 5, 6, 15] 分。
最低入围得分应为哪个？",6,15,4,5,B,A,False
Qwen2.5-7B,Base,201,2976,hierarchy_logic,"审批流程规则中，审批权限由高到低依次为：级别-五 > 级别-四 > 级别-三 > 级别-二 > 级别-一。
该申请已由「级别-二」级别完成审批，「级别-一」级别提出复核申请。
该复核是否具有覆盖当前审批结果的权限？",规则不适用,不能覆盖 / 不可以,能够覆盖 / 可以,无法判断,B,A,False
Qwen2.5-7B,Base,202,7367,pattern_recognition,"在某数学认证规则中，「合法数列」定义为：公差严格为 1 的递增等差数列。
以下哪个序列是合法的？",4-4-5-6,3-4-4-6,3-4-5-7,3-4-5-6,D,A,False
Qwen2.5-7B,Base,203,4886,pattern_recognition,"在某数学认证规则中，「合法数列」定义为：公差严格为 3 的递增等差数列。
以下哪个序列是合法的？",5-8-11-11-17,5-8-11-14-17,5-8-12-14-17,5-8-11-14-20,B,A,False
Qwen2.5-7B,Base,204,9922,hierarchy_logic,"在某权限控制体系中，级别由高到低依次为：董事会 > 总裁办公室 > 业务部门 > 项目组 > 个人。
当前资源处于「总裁办公室」级别锁定状态，认证凭证所属级别为「项目组」。
该凭证是否具备解锁权限？",无法判断,不能覆盖 / 不可以,规则不适用,能够覆盖 / 可以,B,A,False
Qwen2.5-7B,Base,205,6727,pattern_recognition,"异常检测：序列 7, 7, 8, 9, 10 中哪个数字偏离了等差模式？",10,8,7,9,C,A,False
Qwen2.5-7B,Base,206,1149,counter_logic,"某大件物流关卡规定：本通道仅允许总载重量严格大于 14 吨的重型车辆通行（过滤轻型车）。
当前候选车辆载重量为：[7, 8, 10, 15] 吨。
满足要求且载重量最低的车辆是哪个？",7,8,10,15,D,A,False
Qwen2.5-7B,Base,207,8371,pattern_recognition,"在数列 5, 5, 6, 7, 8 中，识别出违反等差规律的元素：",7,8,6,5,D,A,False
Qwen2.5-7B,Base,208,6253,counter_logic,"某大件物流关卡规定：本通道仅允许总载重量严格大于 11 吨的重型车辆通行（过滤轻型车）。
当前候选车辆载重量为：[4, 7, 10, 13] 吨。
满足要求且载重量最低的车辆是哪个？",4,7,13,10,C,A,False
Qwen2.5-7B,Base,209,4920,pattern_recognition,"数列验证标准：有效序列必须是公差为 1 的连续递增数列。
请识别出符合标准的序列：",4-5-6-7-7,4-5-6-6-8,4-5-6-7-8,4-5-6-7-9,C,C,True
Qwen2.5-7B,Base,210,4981,hierarchy_logic,"审批流程规则中，审批权限由高到低依次为：极密 > 机密 > 秘密 > 内部 > 公开。
该申请已由「公开」级别完成审批，「机密」级别提出复核申请。
该复核是否具有覆盖当前审批结果的权限？",能够覆盖 / 可以,规则不适用,无法判断,不能覆盖 / 不可以,A,A,True
Qwen2.5-7B,Base,211,7523,pattern_recognition,"在数列 12, 11, 13, 15, 17 中，识别出违反等差规律的元素：",13,15,11,12,D,A,False
Qwen2.5-7B,Base,212,6573,counter_logic,"项目评审规则：方案报价必须严格高于成本基准线 11 万元才具备参选资格。
各参选报价（万元）：[4, 5, 7, 12]。
哪个是具备参选资格中报价最低的？",5,12,4,7,B,A,False
Qwen2.5-7B,Base,213,6626,pattern_recognition,"观察以下等差数列：9, 14, 19, 24, 29, 34, ?
根据规律，?处应填入哪个数字？",38,45,40,39,D,A,False
Qwen2.5-7B,Base,214,4470,hierarchy_logic,"系统访问控制规则：权限层级为 S级 > A级 > B级 > C级 > D级。
目标资源的保护级别是「D级」，用户持有的访问令牌级别为「A级」。
该用户能否成功访问此资源？",能够覆盖 / 可以,不能覆盖 / 不可以,规则不适用,无法判断,A,A,True
Qwen2.5-7B,Base,215,5503,counter_logic,"某大件物流关卡规定：本通道仅允许总载重量严格大于 22 吨的重型车辆通行（过滤轻型车）。
当前候选车辆载重量为：[16, 19, 20, 22] 吨。
满足要求且载重量最低的车辆是哪个？（若所有车辆均不达标准，请选「无达标车辆」）",22,无达标车辆,16,20,B,A,False
Qwen2.5-7B,Base,216,7594,hierarchy_logic,"在材料强度测试规范中，强度等级由高到低依次为：钻石 > 铂金 > 黄金 > 白银 > 青铜。
承受体当前等级为「黄金」，攻击源强度等级为「青铜」。
该攻击源是否具有击穿/覆盖承受体的强度？",规则不适用,无法判断,能够覆盖 / 可以,不能覆盖 / 不可以,D,A,False
Qwen2.5-7B,Base,217,5891,pattern_recognition,"数列验证标准：有效序列必须是公差为 2 的连续递增数列。
请识别出符合标准的序列：",4-6-8-12,5-6-8-10,4-6-8-10,4-6-6-10,C,C,True
Qwen2.5-7B,Base,218,9307,pattern_recognition,"数列延续：2, 3, 4, 5, 6, ?
按照既定模式，下一项是？",8,9,6,7,D,A,False
Qwen2.5-7B,Base,219,7370,counter_logic,"项目评审规则：方案报价必须严格高于成本基准线 15 万元才具备参选资格。
各参选报价（万元）：[8, 11, 12, 14]。
哪个是具备参选资格中报价最低的？（若无项目具备参选资格，请选「无具资格项目」）",无具资格项目,11,12,14,A,A,True
Qwen2.5-7B,Base,220,6267,pattern_recognition,"序列补全：9, 13, 17, 21, 25, 29, ?
缺失的数字应该是？",32,38,34,33,D,A,False
Qwen2.5-7B,Base,221,3298,counter_logic,"某大件物流关卡规定：本通道仅允许总载重量严格大于 18 吨的重型车辆通行（过滤轻型车）。
当前候选车辆载重量为：[11, 12, 15, 18] 吨。
满足要求且载重量最低的车辆是哪个？（若所有车辆均不达标准，请选「无达标车辆」）",无达标车辆,18,15,12,A,A,True
Qwen2.5-7B,Base,222,9900,hierarchy_logic,"在某权限控制体系中，级别由高到低依次为：级别-五 > 级别-四 > 级别-三 > 级别-二 > 级别-一。
当前资源处于「级别-三」级别锁定状态，认证凭证所属级别为「级别-四」。
该凭证是否具备解锁权限？",规则不适用,不能覆盖 / 不可以,能够覆盖 / 可以,无法判断,C,C,True
Qwen2.5-7B,Base,223,5583,pattern_recognition,"逻辑规则：合规数列要求每相邻两项差值恒定为 2。
下列选项中哪个满足要求？",6-8-10-12-16,6-8-10-12-12,6-8-10-12-13,6-8-10-12-14,D,A,False
Qwen2.5-7B,Base,224,7744,pattern_recognition,"逻辑规则：合规数列要求每相邻两项差值恒定为 1。
下列选项中哪个满足要求？",8-9-10-10-12,8-9-10-12-12,8-9-10-11-13,8-9-10-11-12,D,A,False
Qwen2.5-7B,Base,225,2102,counter_logic,"项目评审规则：方案报价必须严格高于成本基准线 8 万元才具备参选资格。
各参选报价（万元）：[1, 2, 6, 10]。
哪个是具备参选资格中报价最低的？",2,1,6,10,D,A,False
Qwen2.5-7B,Base,226,6427,counter_logic,"某学术课题遴选要求：入围者得分必须严格高于 12 分。
候选人得分列表为：[9, 10, 12, 19] 分。
最低入围得分应为哪个？",10,12,19,9,C,A,False
Qwen2.5-7B,Base,227,6692,pattern_recognition,"以下序列中，有且仅有一个数字破坏了等差规律：
9, 14, 15, 18, 21
请找出这个不符合规律的数字。",9,15,14,21,C,A,False
Qwen2.5-7B,Base,228,3875,counter_logic,"集合 S = {2, 3, 4, 12}，从 S 中选出严格大于 6 的最小元素。
该函数的返回值应为？",2,12,4,3,B,A,False
Qwen2.5-7B,Base,229,9341,counter_logic,"化学实验要求：反应炉内温度必须严格高于 6 摄氏度。
可调节档位（摄氏度）：[3, 4, 5, 7]。
能满足安全要求且能耗最小的温度档位是？",4,5,7,3,C,A,False
Qwen2.5-7B,Base,230,7971,hierarchy_logic,"审批流程规则中，审批权限由高到低依次为：极密 > 机密 > 秘密 > 内部 > 公开。
该申请已由「机密」级别完成审批，「内部」级别提出复核申请。
该复核是否具有覆盖当前审批结果的权限？",不能覆盖 / 不可以,规则不适用,能够覆盖 / 可以,无法判断,A,C,False
Qwen2.5-7B,Base,231,2108,pattern_recognition,"以下序列中，有且仅有一个数字破坏了等差规律：
6, 11, 14, 17, 20
请找出这个不符合规律的数字。",14,17,11,6,D,A,False
Qwen2.5-7B,Base,232,2891,hierarchy_logic,"在材料强度测试规范中，强度等级由高到低依次为：钻石 > 铂金 > 黄金 > 白银 > 青铜。
承受体当前等级为「铂金」，攻击源强度等级为「钻石」。
该攻击源是否具有击穿/覆盖承受体的强度？",无法判断,不能覆盖 / 不可以,规则不适用,能够覆盖 / 可以,D,A,False
Qwen2.5-7B,Base,233,4388,hierarchy_logic,"审批流程规则中，审批权限由高到低依次为：总部 > 大区 > 分区 > 分支 > 节点。
该申请已由「分支」级别完成审批，「节点」级别提出复核申请。
该复核是否具有覆盖当前审批结果的权限？",无法判断,不能覆盖 / 不可以,能够覆盖 / 可以,规则不适用,B,A,False
Qwen2.5-7B,Base,234,6147,hierarchy_logic,"在材料强度测试规范中，强度等级由高到低依次为：特级 > 一级 > 二级 > 三级 > 四级。
承受体当前等级为「一级」，攻击源强度等级为「特级」。
该攻击源是否具有击穿/覆盖承受体的强度？",规则不适用,能够覆盖 / 可以,不能覆盖 / 不可以,无法判断,B,A,False
Qwen2.5-7B,Base,235,5054,counter_logic,"化学实验要求：反应炉内温度必须严格高于 15 摄氏度。
可调节档位（摄氏度）：[11, 13, 15, 20]。
能满足安全要求且能耗最小的温度档位是？",13,20,11,15,B,A,False
Qwen2.5-7B,Base,236,3390,counter_logic,"某学术课题遴选要求：入围者得分必须严格高于 16 分。
候选人得分列表为：[10, 11, 14, 23] 分。
最低入围得分应为哪个？",14,10,23,11,C,A,False
Qwen2.5-7B,Base,237,5033,hierarchy_logic,"系统访问控制规则：权限层级为 总部 > 大区 > 分区 > 分支 > 节点。
目标资源的保护级别是「大区」，用户持有的访问令牌级别为「总部」。
该用户能否成功访问此资源？",无法判断,能够覆盖 / 可以,规则不适用,不能覆盖 / 不可以,B,A,False
Qwen2.5-7B,Base,238,7421,pattern_recognition,"序列补全：3, 6, 9, 12, 15, 18, ?
缺失的数字应该是？",21,20,25,22,A,A,True
Qwen2.5-7B,Base,239,5571,counter_logic,"某学术课题遴选要求：入围者得分必须严格高于 12 分。
候选人得分列表为：[10, 11, 12, 15] 分。
最低入围得分应为哪个？",10,12,15,11,C,A,False
Qwen2.5-7B,Base,240,1508,hierarchy_logic,"审批流程规则中，审批权限由高到低依次为：特级 > 一级 > 二级 > 三级 > 四级。
该申请已由「一级」级别完成审批，「四级」级别提出复核申请。
该复核是否具有覆盖当前审批结果的权限？",能够覆盖 / 可以,规则不适用,无法判断,不能覆盖 / 不可以,D,B,False
Qwen2.5-7B,Base,241,9201,hierarchy_logic,"组织决策体系：决策权限分级为 钻石 > 铂金 > 黄金 > 白银 > 青铜。
当前决议由「黄金」层级通过，现「铂金」层级要求重新审议。
重新审议请求是否有效？",规则不适用,不能覆盖 / 不可以,无法判断,能够覆盖 / 可以,D,A,False
Qwen2.5-7B,Base,242,4871,counter_logic,"化学实验要求：反应炉内温度必须严格高于 16 摄氏度。
可调节档位（摄氏度）：[11, 13, 14, 19]。
能满足安全要求且能耗最小的温度档位是？",13,11,14,19,D,A,False
Qwen2.5-7B,Base,243,3773,counter_logic,"项目评审规则：方案报价必须严格高于成本基准线 11 万元才具备参选资格。
各参选报价（万元）：[6, 7, 9, 16]。
哪个是具备参选资格中报价最低的？",6,9,16,7,C,A,False
Qwen2.5-7B,Base,244,9159,counter_logic,"某大件物流关卡规定：本通道仅允许总载重量严格大于 4 吨的重型车辆通行（过滤轻型车）。
当前候选车辆载重量为：[1, 2, 3, 5] 吨。
满足要求且载重量最低的车辆是哪个？",1,5,3,2,B,A,False
Qwen2.5-7B,Base,245,5089,pattern_recognition,"异常检测：序列 7, 10, 13, 18, 19 中哪个数字偏离了等差模式？",18,10,19,13,A,A,True
Qwen2.5-7B,Base,246,2188,hierarchy_logic,"审批流程规则中，审批权限由高到低依次为：极密 > 机密 > 秘密 > 内部 > 公开。
该申请已由「公开」级别完成审批，「机密」级别提出复核申请。
该复核是否具有覆盖当前审批结果的权限？",能够覆盖 / 可以,规则不适用,不能覆盖 / 不可以,无法判断,A,C,False
Qwen2.5-7B,Base,247,6804,hierarchy_logic,"组织决策体系：决策权限分级为 董事会 > 总裁办公室 > 业务部门 > 项目组 > 个人。
当前决议由「业务部门」层级通过，现「董事会」层级要求重新审议。
重新审议请求是否有效？",规则不适用,不能覆盖 / 不可以,无法判断,能够覆盖 / 可以,D,A,False
Qwen2.5-7B,Base,248,1797,counter_logic,"某大件物流关卡规定：本通道仅允许总载重量严格大于 4 吨的重型车辆通行（过滤轻型车）。
当前候选车辆载重量为：[2, 3, 4, 5] 吨。
满足要求且载重量最低的车辆是哪个？",5,2,3,4,A,A,True
Qwen2.5-7B,Base,249,1715,pattern_recognition,"序列补全：4, 6, 8, 10, ?
缺失的数字应该是？",12,15,11,13,A,A,True
Qwen2.5-7B,Base,250,7703,counter_logic,"某学术课题遴选要求：入围者得分必须严格高于 14 分。
候选人得分列表为：[5, 10, 11, 12] 分。
最低入围得分应为哪个？（若无候选人分数达标，请选「无入围候选人」）",无入围候选人,12,11,10,A,A,True
Qwen2.5-7B,Base,251,1710,pattern_recognition,"逻辑规则：合规数列要求每相邻两项差值恒定为 3。
下列选项中哪个满足要求？",2-5-5-11,2-5-8-14,2-5-8-12,2-5-8-11,D,A,False
Qwen2.5-7B,Base,252,1280,counter_logic,"化学实验要求：反应炉内温度必须严格高于 4 摄氏度。
可调节档位（摄氏度）：[1, 3, 4, 9]。
能满足安全要求且能耗最小的温度档位是？",9,4,3,1,A,B,False
Qwen2.5-7B,Base,253,2130,counter_logic,"某学术课题遴选要求：入围者得分必须严格高于 15 分。
候选人得分列表为：[8, 9, 11, 17] 分。
最低入围得分应为哪个？",9,11,8,17,D,A,False
Qwen2.5-7B,Base,254,6529,hierarchy_logic,"审批流程规则中，审批权限由高到低依次为：特级 > 一级 > 二级 > 三级 > 四级。
该申请已由「三级」级别完成审批，「四级」级别提出复核申请。
该复核是否具有覆盖当前审批结果的权限？",不能覆盖 / 不可以,无法判断,规则不适用,能够覆盖 / 可以,A,A,True
Qwen2.5-7B,Base,255,1744,pattern_recognition,"序列补全：3, 7, 11, 15, 19, ?
缺失的数字应该是？",23,24,22,28,A,A,True
Qwen2.5-7B,Base,256,8055,pattern_recognition,"数列延续：6, 8, 10, 12, 14, ?
按照既定模式，下一项是？",15,17,19,16,D,A,False
Qwen2.5-7B,Base,257,2180,pattern_recognition,"序列补全：4, 6, 8, 10, 12, ?
缺失的数字应该是？",14,17,13,15,A,A,True
Qwen2.5-7B,Base,258,2079,pattern_recognition,"序列补全：7, 11, 15, 19, 23, 27, ?
缺失的数字应该是？",36,32,30,31,D,A,False
Qwen2.5-7B,Base,259,9369,counter_logic,"集合 S = {14, 15, 17, 20}，从 S 中选出严格大于 22 的最小元素。
该函数的返回值应为？（若集合中不存在满足条件的元素，请选「集合中无满足条件的元素」）",20,集合中无满足条件的元素,17,14,B,A,False
Qwen2.5-7B,Base,260,3579,pattern_recognition,"序列补全：7, 10, 13, 16, 19, 22, ?
缺失的数字应该是？",26,24,29,25,D,A,False
Qwen2.5-7B,Base,261,4948,counter_logic,"集合 S = {6, 11, 12, 19}，从 S 中选出严格大于 12 的最小元素。
该函数的返回值应为？",11,6,12,19,D,D,True
Qwen2.5-7B,Base,262,1958,hierarchy_logic,"组织决策体系：决策权限分级为 钻石 > 铂金 > 黄金 > 白银 > 青铜。
当前决议由「青铜」层级通过，现「铂金」层级要求重新审议。
重新审议请求是否有效？",无法判断,能够覆盖 / 可以,规则不适用,不能覆盖 / 不可以,B,A,False
Qwen2.5-7B,Base,263,2217,counter_logic,"化学实验要求：反应炉内温度必须严格高于 6 摄氏度。
可调节档位（摄氏度）：[2, 4, 5, 12]。
能满足安全要求且能耗最小的温度档位是？",5,2,4,12,D,A,False
Qwen2.5-7B,Base,264,3369,pattern_recognition,"数列验证标准：有效序列必须是公差为 3 的连续递增数列。
请识别出符合标准的序列：",3-6-9-12-12,3-6-10-12-15,3-6-9-12-15,3-6-9-12-18,C,C,True
Qwen2.5-7B,Base,265,2874,hierarchy_logic,"在某权限控制体系中，级别由高到低依次为：极密 > 机密 > 秘密 > 内部 > 公开。
当前资源处于「极密」级别锁定状态，认证凭证所属级别为「秘密」。
该凭证是否具备解锁权限？",无法判断,规则不适用,不能覆盖 / 不可以,能够覆盖 / 可以,C,C,True
Qwen2.5-7B,Base,266,5530,hierarchy_logic,"审批流程规则中，审批权限由高到低依次为：极密 > 机密 > 秘密 > 内部 > 公开。
该申请已由「极密」级别完成审批，「秘密」级别提出复核申请。
该复核是否具有覆盖当前审批结果的权限？",无法判断,规则不适用,不能覆盖 / 不可以,能够覆盖 / 可以,C,C,True
Qwen2.5-7B,Base,267,9498,counter_logic,"项目评审规则：方案报价必须严格高于成本基准线 15 万元才具备参选资格。
各参选报价（万元）：[12, 14, 15, 17]。
哪个是具备参选资格中报价最低的？",14,15,12,17,D,A,False
Qwen2.5-7B,Base,268,8349,pattern_recognition,"在数列 7, 9, 9, 10, 11 中，识别出违反等差规律的元素：",10,7,11,9,D,A,False
Qwen2.5-7B,Base,269,4090,pattern_recognition,"数列验证标准：有效序列必须是公差为 3 的连续递增数列。
请识别出符合标准的序列：",8-11-14-17,8-11-11-17,8-11-14-18,8-11-14-20,A,A,True
Qwen2.5-7B,Base,270,5332,pattern_recognition,"数列验证标准：有效序列必须是公差为 2 的连续递增数列。
请识别出符合标准的序列：",2-4-6-6,2-4-6-10,2-5-6-8,2-4-6-8,D,A,False
Qwen2.5-7B,Base,271,4919,hierarchy_logic,"审批流程规则中，审批权限由高到低依次为：董事会 > 总裁办公室 > 业务部门 > 项目组 > 个人。
该申请已由「业务部门」级别完成审批，「项目组」级别提出复核申请。
该复核是否具有覆盖当前审批结果的权限？",不能覆盖 / 不可以,能够覆盖 / 可以,规则不适用,无法判断,A,B,False
Qwen2.5-7B,Base,272,8849,counter_logic,"某学术课题遴选要求：入围者得分必须严格高于 8 分。
候选人得分列表为：[1, 5, 6, 9] 分。
最低入围得分应为哪个？",9,5,6,1,A,A,True
Qwen2.5-7B,Base,273,2771,hierarchy_logic,"系统访问控制规则：权限层级为 特级 > 一级 > 二级 > 三级 > 四级。
目标资源的保护级别是「三级」，用户持有的访问令牌级别为「一级」。
该用户能否成功访问此资源？",无法判断,能够覆盖 / 可以,规则不适用,不能覆盖 / 不可以,B,A,False
Qwen2.5-7B,Base,274,6221,pattern_recognition,"以下序列中，有且仅有一个数字破坏了等差规律：
10, 9, 10, 11, 12
请找出这个不符合规律的数字。",12,10,9,11,B,A,False
Qwen2.5-7B,Base,275,4522,pattern_recognition,"逻辑规则：合规数列要求每相邻两项差值恒定为 3。
下列选项中哪个满足要求？",6-9-12-15-19,6-9-12-15-15,6-9-12-15-18,6-9-12-15-21,C,A,False
Qwen2.5-7B,Base,276,8444,counter_logic,"某学术课题遴选要求：入围者得分必须严格高于 15 分。
候选人得分列表为：[8, 12, 14, 22] 分。
最低入围得分应为哪个？",14,8,12,22,D,A,False
Qwen2.5-7B,Base,277,3646,hierarchy_logic,"在材料强度测试规范中，强度等级由高到低依次为：S级 > A级 > B级 > C级 > D级。
承受体当前等级为「A级」，攻击源强度等级为「S级」。
该攻击源是否具有击穿/覆盖承受体的强度？",无法判断,规则不适用,能够覆盖 / 可以,不能覆盖 / 不可以,C,C,True
Qwen2.5-7B,Base,278,2443,pattern_recognition,"序列补全：7, 8, 9, 10, ?
缺失的数字应该是？",11,12,10,13,A,A,True
Qwen2.5-7B,Base,279,9920,pattern_recognition,"数列验证标准：有效序列必须是公差为 1 的连续递增数列。
请识别出符合标准的序列：",6-7-8-10,6-8-10-12,6-6-8-9,6-7-8-9,D,A,False
Qwen2.5-7B,Base,280,5978,hierarchy_logic,"审批流程规则中，审批权限由高到低依次为：极密 > 机密 > 秘密 > 内部 > 公开。
该申请已由「内部」级别完成审批，「公开」级别提出复核申请。
该复核是否具有覆盖当前审批结果的权限？",规则不适用,不能覆盖 / 不可以,能够覆盖 / 可以,无法判断,B,A,False
Qwen2.5-7B,Base,281,1517,counter_logic,"化学实验要求：反应炉内温度必须严格高于 13 摄氏度。
可调节档位（摄氏度）：[8, 10, 11, 17]。
能满足安全要求且能耗最小的温度档位是？",8,10,17,11,C,C,True
Qwen2.5-7B,Base,282,4727,pattern_recognition,"逻辑规则：合规数列要求每相邻两项差值恒定为 2。
下列选项中哪个满足要求？",9-9-13-15-17,9-11-14-15-17,9-11-13-15-19,9-11-13-15-17,D,A,False
Qwen2.5-7B,Base,283,4070,counter_logic,"某学术课题遴选要求：入围者得分必须严格高于 5 分。
候选人得分列表为：[2, 3, 4, 6] 分。
最低入围得分应为哪个？",3,4,2,6,D,A,False
Qwen2.5-7B,Base,284,4920,counter_logic,"化学实验要求：反应炉内温度必须严格高于 7 摄氏度。
可调节档位（摄氏度）：[3, 5, 7, 9]。
能满足安全要求且能耗最小的温度档位是？",7,3,9,5,C,A,False
Qwen2.5-7B,Base,285,4608,hierarchy_logic,"系统访问控制规则：权限层级为 极密 > 机密 > 秘密 > 内部 > 公开。
目标资源的保护级别是「机密」，用户持有的访问令牌级别为「极密」。
该用户能否成功访问此资源？",不能覆盖 / 不可以,规则不适用,无法判断,能够覆盖 / 可以,D,A,False
Qwen2.5-7B,Base,286,2344,counter_logic,"某学术课题遴选要求：入围者得分必须严格高于 10 分。
候选人得分列表为：[3, 7, 9, 12] 分。
最低入围得分应为哪个？",7,12,3,9,B,A,False
Qwen2.5-7B,Base,287,9151,pattern_recognition,"异常检测：序列 10, 9, 12, 15, 18 中哪个数字偏离了等差模式？",15,18,10,12,C,A,False
Qwen2.5-7B,Base,288,2745,counter_logic,"某大件物流关卡规定：本通道仅允许总载重量严格大于 8 吨的重型车辆通行（过滤轻型车）。
当前候选车辆载重量为：[6, 7, 8, 10] 吨。
满足要求且载重量最低的车辆是哪个？",10,6,7,8,A,A,True
Qwen2.5-7B,Base,289,1842,pattern_recognition,"在某数学认证规则中，「合法数列」定义为：公差严格为 1 的递增等差数列。
以下哪个序列是合法的？",6-7-8-9,6-7-8-8,7-7-8-9,6-7-8-10,A,A,True
Qwen2.5-7B,Base,290,3184,hierarchy_logic,"在材料强度测试规范中，强度等级由高到低依次为：S级 > A级 > B级 > C级 > D级。
承受体当前等级为「C级」，攻击源强度等级为「D级」。
该攻击源是否具有击穿/覆盖承受体的强度？",无法判断,规则不适用,不能覆盖 / 不可以,能够覆盖 / 可以,C,C,True
Qwen2.5-7B,Base,291,4585,hierarchy_logic,"审批流程规则中，审批权限由高到低依次为：董事会 > 总裁办公室 > 业务部门 > 项目组 > 个人。
该申请已由「总裁办公室」级别完成审批，「业务部门」级别提出复核申请。
该复核是否具有覆盖当前审批结果的权限？",无法判断,能够覆盖 / 可以,规则不适用,不能覆盖 / 不可以,D,A,False
Qwen2.5-7B,Base,292,5026,counter_logic,"某大件物流关卡规定：本通道仅允许总载重量严格大于 4 吨的重型车辆通行（过滤轻型车）。
当前候选车辆载重量为：[1, 2, 4, 7] 吨。
满足要求且载重量最低的车辆是哪个？",1,4,7,2,C,A,False
Qwen2.5-7B,Base,293,5933,counter_logic,"化学实验要求：反应炉内温度必须严格高于 18 摄氏度。
可调节档位（摄氏度）：[10, 12, 13, 15]。
能满足安全要求且能耗最小的温度档位是？（若无温度满足要求，请选「无合规温度档位」）",12,13,无合规温度档位,10,C,C,True
Qwen2.5-7B,Base,294,4012,counter_logic,"项目评审规则：方案报价必须严格高于成本基准线 16 万元才具备参选资格。
各参选报价（万元）：[12, 14, 16, 21]。
哪个是具备参选资格中报价最低的？",21,16,12,14,A,A,True
Qwen2.5-7B,Base,295,6651,counter_logic,"化学实验要求：反应炉内温度必须严格高于 12 摄氏度。
可调节档位（摄氏度）：[4, 6, 7, 11]。
能满足安全要求且能耗最小的温度档位是？（若无温度满足要求，请选「无合规温度档位」）",11,无合规温度档位,7,6,B,A,False
Qwen2.5-7B,Base,296,8319,counter_logic,"集合 S = {2, 3, 4, 8}，从 S 中选出严格大于 6 的最小元素。
该函数的返回值应为？",2,8,4,3,B,A,False
Qwen2.5-7B,Base,297,3068,hierarchy_logic,"在材料强度测试规范中，强度等级由高到低依次为：特级 > 一级 > 二级 > 三级 > 四级。
承受体当前等级为「一级」，攻击源强度等级为「三级」。
该攻击源是否具有击穿/覆盖承受体的强度？",无法判断,能够覆盖 / 可以,规则不适用,不能覆盖 / 不可以,D,A,False
Qwen2.5-7B,Base,298,4460,pattern_recognition,"观察以下等差数列：8, 10, 12, 14, 16, 18, ?
根据规律，?处应填入哪个数字？",19,21,23,20,D,A,False
Qwen2.5-7B,Base,299,7499,counter_logic,"项目评审规则：方案报价必须严格高于成本基准线 12 万元才具备参选资格。
各参选报价（万元）：[5, 10, 11, 18]。
哪个是具备参选资格中报价最低的？",5,11,18,10,C,A,False
Qwen2.5-7B,Base,300,6661,pattern_recognition,"逻辑规则：合规数列要求每相邻两项差值恒定为 2。
下列选项中哪个满足要求？",5-7-9-9,5-7-9-13,5-7-9-11,5-7-9-12,C,A,False
Qwen2.5-7B,LoRA-v2,1,8496,counter_logic,"集合 S = {6, 7, 9, 12}，从 S 中选出严格大于 12 的最小元素。
该函数的返回值应为？（若集合中不存在满足条件的元素，请选「集合中无满足条件的元素」）",9,集合中无满足条件的元素,6,7,B,B,True
Qwen2.5-7B,LoRA-v2,2,9817,hierarchy_logic,"在材料强度测试规范中，强度等级由高到低依次为：级别-五 > 级别-四 > 级别-三 > 级别-二 > 级别-一。
承受体当前等级为「级别-二」，攻击源强度等级为「级别-一」。
该攻击源是否具有击穿/覆盖承受体的强度？",无法判断,能够覆盖 / 可以,不能覆盖 / 不可以,规则不适用,C,B,False
Qwen2.5-7B,LoRA-v2,3,5533,hierarchy_logic,"审批流程规则中，审批权限由高到低依次为：极密 > 机密 > 秘密 > 内部 > 公开。
该申请已由「公开」级别完成审批，「秘密」级别提出复核申请。
该复核是否具有覆盖当前审批结果的权限？",无法判断,不能覆盖 / 不可以,规则不适用,能够覆盖 / 可以,D,B,False
Qwen2.5-7B,LoRA-v2,4,2354,counter_logic,"集合 S = {6, 7, 9, 14}，从 S 中选出严格大于 10 的最小元素。
该函数的返回值应为？",9,6,7,14,D,C,False
Qwen2.5-7B,LoRA-v2,5,2137,hierarchy_logic,"系统访问控制规则：权限层级为 极密 > 机密 > 秘密 > 内部 > 公开。
目标资源的保护级别是「机密」，用户持有的访问令牌级别为「极密」。
该用户能否成功访问此资源？",能够覆盖 / 可以,无法判断,不能覆盖 / 不可以,规则不适用,A,A,True
Qwen2.5-7B,LoRA-v2,6,7761,counter_logic,"某学术课题遴选要求：入围者得分必须严格高于 16 分。
候选人得分列表为：[10, 15, 16, 21] 分。
最低入围得分应为哪个？",10,21,15,16,B,D,False
Qwen2.5-7B,LoRA-v2,7,6655,pattern_recognition,"数列延续：9, 14, 19, 24, 29, ?
按照既定模式，下一项是？",40,34,33,35,B,D,False
Qwen2.5-7B,LoRA-v2,8,2827,hierarchy_logic,"在材料强度测试规范中，强度等级由高到低依次为：钻石 > 铂金 > 黄金 > 白银 > 青铜。
承受体当前等级为「铂金」，攻击源强度等级为「钻石」。
该攻击源是否具有击穿/覆盖承受体的强度？",能够覆盖 / 可以,不能覆盖 / 不可以,规则不适用,无法判断,A,A,True
Qwen2.5-7B,LoRA-v2,9,7484,pattern_recognition,"数列延续：3, 7, 11, 15, ?
按照既定模式，下一项是？",20,19,18,24,B,A,False
Qwen2.5-7B,LoRA-v2,10,6925,hierarchy_logic,"在材料强度测试规范中，强度等级由高到低依次为：董事会 > 总裁办公室 > 业务部门 > 项目组 > 个人。
承受体当前等级为「总裁办公室」，攻击源强度等级为「董事会」。
该攻击源是否具有击穿/覆盖承受体的强度？",规则不适用,不能覆盖 / 不可以,无法判断,能够覆盖 / 可以,D,D,True
Qwen2.5-7B,LoRA-v2,11,2923,counter_logic,"某大件物流关卡规定：本通道仅允许总载重量严格大于 4 吨的重型车辆通行（过滤轻型车）。
当前候选车辆载重量为：[1, 2, 3, 10] 吨。
满足要求且载重量最低的车辆是哪个？",10,1,2,3,A,D,False
Qwen2.5-7B,LoRA-v2,12,4502,hierarchy_logic,"在某权限控制体系中，级别由高到低依次为：特级 > 一级 > 二级 > 三级 > 四级。
当前资源处于「二级」级别锁定状态，认证凭证所属级别为「特级」。
该凭证是否具备解锁权限？",能够覆盖 / 可以,无法判断,不能覆盖 / 不可以,规则不适用,A,C,False
Qwen2.5-7B,LoRA-v2,13,5820,hierarchy_logic,"在材料强度测试规范中，强度等级由高到低依次为：极密 > 机密 > 秘密 > 内部 > 公开。
承受体当前等级为「内部」，攻击源强度等级为「公开」。
该攻击源是否具有击穿/覆盖承受体的强度？",能够覆盖 / 可以,无法判断,不能覆盖 / 不可以,规则不适用,C,A,False
Qwen2.5-7B,LoRA-v2,14,2946,counter_logic,"化学实验要求：反应炉内温度必须严格高于 9 摄氏度。
可调节档位（摄氏度）：[2, 5, 6, 14]。
能满足安全要求且能耗最小的温度档位是？",14,6,2,5,A,A,True
Qwen2.5-7B,LoRA-v2,15,2735,counter_logic,"某大件物流关卡规定：本通道仅允许总载重量严格大于 20 吨的重型车辆通行（过滤轻型车）。
当前候选车辆载重量为：[12, 17, 19, 20] 吨。
满足要求且载重量最低的车辆是哪个？（若所有车辆均不达标准，请选「无达标车辆」）",无达标车辆,20,19,17,A,A,True
Qwen2.5-7B,LoRA-v2,16,5386,hierarchy_logic,"审批流程规则中，审批权限由高到低依次为：极密 > 机密 > 秘密 > 内部 > 公开。
该申请已由「机密」级别完成审批，「极密」级别提出复核申请。
该复核是否具有覆盖当前审批结果的权限？",规则不适用,无法判断,不能覆盖 / 不可以,能够覆盖 / 可以,D,C,False
Qwen2.5-7B,LoRA-v2,17,2395,hierarchy_logic,"在材料强度测试规范中，强度等级由高到低依次为：总部 > 大区 > 分区 > 分支 > 节点。
承受体当前等级为「总部」，攻击源强度等级为「分区」。
该攻击源是否具有击穿/覆盖承受体的强度？",不能覆盖 / 不可以,规则不适用,无法判断,能够覆盖 / 可以,A,A,True
Qwen2.5-7B,LoRA-v2,18,9837,hierarchy_logic,"审批流程规则中，审批权限由高到低依次为：一级响应 > 二级响应 > 三级响应 > 四级响应 > 日常局。
该申请已由「四级响应」级别完成审批，「日常局」级别提出复核申请。
该复核是否具有覆盖当前审批结果的权限？",无法判断,规则不适用,能够覆盖 / 可以,不能覆盖 / 不可以,D,D,True
Qwen2.5-7B,LoRA-v2,19,5871,hierarchy_logic,"在某权限控制体系中，级别由高到低依次为：极密 > 机密 > 秘密 > 内部 > 公开。
当前资源处于「内部」级别锁定状态，认证凭证所属级别为「公开」。
该凭证是否具备解锁权限？",不能覆盖 / 不可以,无法判断,能够覆盖 / 可以,规则不适用,A,A,True
Qwen2.5-7B,LoRA-v2,20,3399,counter_logic,"化学实验要求：反应炉内温度必须严格高于 12 摄氏度。
可调节档位（摄氏度）：[5, 7, 9, 19]。
能满足安全要求且能耗最小的温度档位是？",19,7,9,5,A,A,True
Qwen2.5-7B,LoRA-v2,21,5526,hierarchy_logic,"审批流程规则中，审批权限由高到低依次为：S级 > A级 > B级 > C级 > D级。
该申请已由「A级」级别完成审批，「C级」级别提出复核申请。
该复核是否具有覆盖当前审批结果的权限？",不能覆盖 / 不可以,规则不适用,能够覆盖 / 可以,无法判断,A,A,True
Qwen2.5-7B,LoRA-v2,22,8033,pattern_recognition,"观察以下等差数列：2, 6, 10, 14, 18, ?
根据规律，?处应填入哪个数字？",21,23,22,27,C,A,False
Qwen2.5-7B,LoRA-v2,23,6000,hierarchy_logic,"在某权限控制体系中，级别由高到低依次为：一级响应 > 二级响应 > 三级响应 > 四级响应 > 日常局。
当前资源处于「日常局」级别锁定状态，认证凭证所属级别为「二级响应」。
该凭证是否具备解锁权限？",能够覆盖 / 可以,无法判断,规则不适用,不能覆盖 / 不可以,A,D,False
Qwen2.5-7B,LoRA-v2,24,8179,pattern_recognition,"异常检测：序列 8, 11, 16, 17, 20 中哪个数字偏离了等差模式？",11,17,16,8,C,B,False
Qwen2.5-7B,LoRA-v2,25,6649,pattern_recognition,"在数列 8, 9, 10, 12, 12 中，识别出违反等差规律的元素：",10,9,8,12,D,D,True
Qwen2.5-7B,LoRA-v2,26,1645,pattern_recognition,"逻辑规则：合规数列要求每相邻两项差值恒定为 2。
下列选项中哪个满足要求？",4-6-8-10-14,4-6-8-10-12,4-6-8-8-12,4-5-8-10-12,B,B,True
Qwen2.5-7B,LoRA-v2,27,5500,pattern_recognition,"数列延续：9, 11, 13, 15, ?
按照既定模式，下一项是？",17,18,16,20,A,A,True
Qwen2.5-7B,LoRA-v2,28,3050,pattern_recognition,"以下序列中，有且仅有一个数字破坏了等差规律：
4, 6, 7, 10, 12
请找出这个不符合规律的数字。",6,10,7,12,C,C,True
Qwen2.5-7B,LoRA-v2,29,5161,pattern_recognition,"逻辑规则：合规数列要求每相邻两项差值恒定为 1。
下列选项中哪个满足要求？",2-3-4-5-6,2-4-4-6,2-3-4-5-5,2-3-4-5-7,A,A,True
Qwen2.5-7B,LoRA-v2,30,2160,hierarchy_logic,"在某权限控制体系中，级别由高到低依次为：特级 > 一级 > 二级 > 三级 > 四级。
当前资源处于「一级」级别锁定状态，认证凭证所属级别为「特级」。
该凭证是否具备解锁权限？",无法判断,不能覆盖 / 不可以,规则不适用,能够覆盖 / 可以,D,B,False
Qwen2.5-7B,LoRA-v2,31,9331,pattern_recognition,"序列补全：12, 14, 16, 18, 20, 22, ?
缺失的数字应该是？",27,25,23,24,D,D,True
Qwen2.5-7B,LoRA-v2,32,7652,counter_logic,"某学术课题遴选要求：入围者得分必须严格高于 7 分。
候选人得分列表为：[3, 5, 6, 12] 分。
最低入围得分应为哪个？",3,5,12,6,C,D,False
Qwen2.5-7B,LoRA-v2,33,8348,counter_logic,"某大件物流关卡规定：本通道仅允许总载重量严格大于 11 吨的重型车辆通行（过滤轻型车）。
当前候选车辆载重量为：[5, 7, 8, 12] 吨。
满足要求且载重量最低的车辆是哪个？",12,7,8,5,A,C,False
Qwen2.5-7B,LoRA-v2,34,6381,pattern_recognition,"观察以下等差数列：11, 13, 15, 17, 19, 21, ?
根据规律，?处应填入哪个数字？",23,24,26,22,A,A,True
Qwen2.5-7B,LoRA-v2,35,9984,pattern_recognition,"在某数学认证规则中，「合法数列」定义为：公差严格为 3 的递增等差数列。
以下哪个序列是合法的？",8-11-14-14,9-11-14-17,8-11-14-20,8-11-14-17,D,D,True
Qwen2.5-7B,LoRA-v2,36,2886,pattern_recognition,"数列验证标准：有效序列必须是公差为 1 的连续递增数列。
请识别出符合标准的序列：",3-4-4-6-7,3-4-5-6-8,3-4-5-6-7,3-4-5-6-8,C,C,True
Qwen2.5-7B,LoRA-v2,37,1693,pattern_recognition,"以下序列中，有且仅有一个数字破坏了等差规律：
3, 4, 7, 6, 7
请找出这个不符合规律的数字。",3,6,7,4,C,B,False
Qwen2.5-7B,LoRA-v2,38,4501,hierarchy_logic,"在某权限控制体系中，级别由高到低依次为：钻石 > 铂金 > 黄金 > 白银 > 青铜。
当前资源处于「白银」级别锁定状态，认证凭证所属级别为「青铜」。
该凭证是否具备解锁权限？",不能覆盖 / 不可以,无法判断,能够覆盖 / 可以,规则不适用,A,A,True
Qwen2.5-7B,LoRA-v2,39,8041,hierarchy_logic,"在某权限控制体系中，级别由高到低依次为：特级 > 一级 > 二级 > 三级 > 四级。
当前资源处于「一级」级别锁定状态，认证凭证所属级别为「特级」。
该凭证是否具备解锁权限？",无法判断,规则不适用,不能覆盖 / 不可以,能够覆盖 / 可以,D,D,True
Qwen2.5-7B,LoRA-v2,40,7590,counter_logic,"集合 S = {1, 3, 4, 10}，从 S 中选出严格大于 5 的最小元素。
该函数的返回值应为？",3,10,4,1,B,C,False
Qwen2.5-7B,LoRA-v2,41,4817,pattern_recognition,"逻辑规则：合规数列要求每相邻两项差值恒定为 1。
下列选项中哪个满足要求？",6-6-8-9,6-7-8-10,6-8-8-9,6-7-8-9,D,D,True
Qwen2.5-7B,LoRA-v2,42,1783,pattern_recognition,"在数列 10, 13, 16, 17, 22 中，识别出违反等差规律的元素：",17,13,10,22,A,D,False
Qwen2.5-7B,LoRA-v2,43,8822,counter_logic,"集合 S = {9, 13, 15, 19}，从 S 中选出严格大于 15 的最小元素。
该函数的返回值应为？",19,13,15,9,A,A,True
Qwen2.5-7B,LoRA-v2,44,9056,hierarchy_logic,"在某权限控制体系中，级别由高到低依次为：S级 > A级 > B级 > C级 > D级。
当前资源处于「B级」级别锁定状态，认证凭证所属级别为「D级」。
该凭证是否具备解锁权限？",无法判断,能够覆盖 / 可以,规则不适用,不能覆盖 / 不可以,D,D,True
Qwen2.5-7B,LoRA-v2,45,7755,hierarchy_logic,"审批流程规则中，审批权限由高到低依次为：总部 > 大区 > 分区 > 分支 > 节点。
该申请已由「节点」级别完成审批，「大区」级别提出复核申请。
该复核是否具有覆盖当前审批结果的权限？",规则不适用,无法判断,能够覆盖 / 可以,不能覆盖 / 不可以,C,C,True
Qwen2.5-7B,LoRA-v2,46,2943,counter_logic,"化学实验要求：反应炉内温度必须严格高于 10 摄氏度。
可调节档位（摄氏度）：[4, 8, 9, 14]。
能满足安全要求且能耗最小的温度档位是？",14,9,8,4,A,A,True
Qwen2.5-7B,LoRA-v2,47,7689,pattern_recognition,"逻辑规则：合规数列要求每相邻两项差值恒定为 1。
下列选项中哪个满足要求？",9-10-11-12-13,9-10-11-12-12,9-9-11-12-13,9-10-11-12-14,A,A,True
Qwen2.5-7B,LoRA-v2,48,7071,hierarchy_logic,"在某权限控制体系中，级别由高到低依次为：极密 > 机密 > 秘密 > 内部 > 公开。
当前资源处于「秘密」级别锁定状态，认证凭证所属级别为「内部」。
该凭证是否具备解锁权限？",规则不适用,无法判断,能够覆盖 / 可以,不能覆盖 / 不可以,D,D,True
Qwen2.5-7B,LoRA-v2,49,2245,hierarchy_logic,"在某权限控制体系中，级别由高到低依次为：钻石 > 铂金 > 黄金 > 白银 > 青铜。
当前资源处于「钻石」级别锁定状态，认证凭证所属级别为「白银」。
该凭证是否具备解锁权限？",无法判断,不能覆盖 / 不可以,能够覆盖 / 可以,规则不适用,B,B,True
Qwen2.5-7B,LoRA-v2,50,6238,hierarchy_logic,"审批流程规则中，审批权限由高到低依次为：钻石 > 铂金 > 黄金 > 白银 > 青铜。
该申请已由「钻石」级别完成审批，「白银」级别提出复核申请。
该复核是否具有覆盖当前审批结果的权限？",不能覆盖 / 不可以,无法判断,规则不适用,能够覆盖 / 可以,A,A,True
Qwen2.5-7B,LoRA-v2,51,1841,counter_logic,"集合 S = {9, 11, 13, 15}，从 S 中选出严格大于 14 的最小元素。
该函数的返回值应为？",11,15,13,9,B,C,False
Qwen2.5-7B,LoRA-v2,52,2982,hierarchy_logic,"审批流程规则中，审批权限由高到低依次为：极密 > 机密 > 秘密 > 内部 > 公开。
该申请已由「公开」级别完成审批，「秘密」级别提出复核申请。
该复核是否具有覆盖当前审批结果的权限？",能够覆盖 / 可以,不能覆盖 / 不可以,无法判断,规则不适用,A,B,False
Qwen2.5-7B,LoRA-v2,53,7256,pattern_recognition,"在数列 10, 15, 14, 16, 18 中，识别出违反等差规律的元素：",15,10,18,14,A,D,False
Qwen2.5-7B,LoRA-v2,54,7062,pattern_recognition,"数列延续：5, 10, 15, 20, 25, ?
按照既定模式，下一项是？",29,30,31,36,B,D,False
Qwen2.5-7B,LoRA-v2,55,1422,pattern_recognition,"逻辑规则：合规数列要求每相邻两项差值恒定为 2。
下列选项中哪个满足要求？",3-5-6-9,3-5-7-11,3-5-7-9,3-3-7-9,C,B,False
Qwen2.5-7B,LoRA-v2,56,8454,counter_logic,"某大件物流关卡规定：本通道仅允许总载重量严格大于 14 吨的重型车辆通行（过滤轻型车）。
当前候选车辆载重量为：[8, 11, 12, 17] 吨。
满足要求且载重量最低的车辆是哪个？",11,17,8,12,B,D,False
Qwen2.5-7B,LoRA-v2,57,5061,counter_logic,"项目评审规则：方案报价必须严格高于成本基准线 12 万元才具备参选资格。
各参选报价（万元）：[6, 7, 12, 17]。
哪个是具备参选资格中报价最低的？",12,7,6,17,D,C,False
Qwen2.5-7B,LoRA-v2,58,7636,pattern_recognition,"序列补全：8, 13, 18, 23, 28, 33, ?
缺失的数字应该是？",37,38,39,44,B,A,False
Qwen2.5-7B,LoRA-v2,59,4505,hierarchy_logic,"在某权限控制体系中，级别由高到低依次为：总部 > 大区 > 分区 > 分支 > 节点。
当前资源处于「大区」级别锁定状态，认证凭证所属级别为「分区」。
该凭证是否具备解锁权限？",能够覆盖 / 可以,不能覆盖 / 不可以,无法判断,规则不适用,B,B,True
Qwen2.5-7B,LoRA-v2,60,5952,hierarchy_logic,"在某权限控制体系中，级别由高到低依次为：钻石 > 铂金 > 黄金 > 白银 > 青铜。
当前资源处于「铂金」级别锁定状态，认证凭证所属级别为「白银」。
该凭证是否具备解锁权限？",无法判断,不能覆盖 / 不可以,规则不适用,能够覆盖 / 可以,B,B,True
Qwen2.5-7B,LoRA-v2,61,4432,hierarchy_logic,"审批流程规则中，审批权限由高到低依次为：一级响应 > 二级响应 > 三级响应 > 四级响应 > 日常局。
该申请已由「日常局」级别完成审批，「三级响应」级别提出复核申请。
该复核是否具有覆盖当前审批结果的权限？",能够覆盖 / 可以,无法判断,规则不适用,不能覆盖 / 不可以,A,D,False
Qwen2.5-7B,LoRA-v2,62,1049,counter_logic,"某学术课题遴选要求：入围者得分必须严格高于 10 分。
候选人得分列表为：[3, 6, 7, 14] 分。
最低入围得分应为哪个？",6,7,3,14,D,B,False
Qwen2.5-7B,LoRA-v2,63,1257,counter_logic,"化学实验要求：反应炉内温度必须严格高于 7 摄氏度。
可调节档位（摄氏度）：[1, 3, 4, 12]。
能满足安全要求且能耗最小的温度档位是？",12,4,3,1,A,A,True
Qwen2.5-7B,LoRA-v2,64,9148,counter_logic,"项目评审规则：方案报价必须严格高于成本基准线 13 万元才具备参选资格。
各参选报价（万元）：[7, 11, 12, 19]。
哪个是具备参选资格中报价最低的？",19,7,11,12,A,B,False
Qwen2.5-7B,LoRA-v2,65,2654,hierarchy_logic,"在某权限控制体系中，级别由高到低依次为：极密 > 机密 > 秘密 > 内部 > 公开。
当前资源处于「机密」级别锁定状态，认证凭证所属级别为「极密」。
该凭证是否具备解锁权限？",不能覆盖 / 不可以,规则不适用,能够覆盖 / 可以,无法判断,C,A,False
Qwen2.5-7B,LoRA-v2,66,6417,counter_logic,"项目评审规则：方案报价必须严格高于成本基准线 14 万元才具备参选资格。
各参选报价（万元）：[8, 11, 14, 19]。
哪个是具备参选资格中报价最低的？",14,11,19,8,C,D,False
Qwen2.5-7B,LoRA-v2,67,3041,hierarchy_logic,"审批流程规则中，审批权限由高到低依次为：极密 > 机密 > 秘密 > 内部 > 公开。
该申请已由「内部」级别完成审批，「公开」级别提出复核申请。
该复核是否具有覆盖当前审批结果的权限？",不能覆盖 / 不可以,能够覆盖 / 可以,规则不适用,无法判断,A,A,True
Qwen2.5-7B,LoRA-v2,68,8692,counter_logic,"某学术课题遴选要求：入围者得分必须严格高于 10 分。
候选人得分列表为：[5, 8, 9, 14] 分。
最低入围得分应为哪个？",5,14,8,9,B,D,False
Qwen2.5-7B,LoRA-v2,69,8956,hierarchy_logic,"审批流程规则中，审批权限由高到低依次为：一级响应 > 二级响应 > 三级响应 > 四级响应 > 日常局。
该申请已由「二级响应」级别完成审批，「四级响应」级别提出复核申请。
该复核是否具有覆盖当前审批结果的权限？",不能覆盖 / 不可以,无法判断,规则不适用,能够覆盖 / 可以,A,A,True
Qwen2.5-7B,LoRA-v2,70,9751,hierarchy_logic,"审批流程规则中，审批权限由高到低依次为：特级 > 一级 > 二级 > 三级 > 四级。
该申请已由「二级」级别完成审批，「四级」级别提出复核申请。
该复核是否具有覆盖当前审批结果的权限？",无法判断,不能覆盖 / 不可以,规则不适用,能够覆盖 / 可以,B,B,True
Qwen2.5-7B,LoRA-v2,71,4006,hierarchy_logic,"系统访问控制规则：权限层级为 总部 > 大区 > 分区 > 分支 > 节点。
目标资源的保护级别是「分区」，用户持有的访问令牌级别为「总部」。
该用户能否成功访问此资源？",无法判断,不能覆盖 / 不可以,能够覆盖 / 可以,规则不适用,C,B,False
Qwen2.5-7B,LoRA-v2,72,8199,pattern_recognition,"观察以下等差数列：10, 11, 12, 13, 14, 15, ?
根据规律，?处应填入哪个数字？",15,17,18,16,D,D,True
Qwen2.5-7B,LoRA-v2,73,2674,hierarchy_logic,"组织决策体系：决策权限分级为 S级 > A级 > B级 > C级 > D级。
当前决议由「C级」层级通过，现「A级」层级要求重新审议。
重新审议请求是否有效？",无法判断,规则不适用,能够覆盖 / 可以,不能覆盖 / 不可以,C,C,True
Qwen2.5-7B,LoRA-v2,74,3826,counter_logic,"项目评审规则：方案报价必须严格高于成本基准线 13 万元才具备参选资格。
各参选报价（万元）：[8, 9, 11, 13]。
哪个是具备参选资格中报价最低的？（若无项目具备参选资格，请选「无具资格项目」）",无具资格项目,8,13,9,A,B,False
Qwen2.5-7B,LoRA-v2,75,3902,pattern_recognition,"序列补全：5, 8, 11, 14, ?
缺失的数字应该是？",21,17,16,18,B,D,False
Qwen2.5-7B,LoRA-v2,76,8078,hierarchy_logic,"在材料强度测试规范中，强度等级由高到低依次为：钻石 > 铂金 > 黄金 > 白银 > 青铜。
承受体当前等级为「白银」，攻击源强度等级为「青铜」。
该攻击源是否具有击穿/覆盖承受体的强度？",能够覆盖 / 可以,规则不适用,无法判断,不能覆盖 / 不可以,D,D,True
Qwen2.5-7B,LoRA-v2,77,3340,hierarchy_logic,"系统访问控制规则：权限层级为 总部 > 大区 > 分区 > 分支 > 节点。
目标资源的保护级别是「分支」，用户持有的访问令牌级别为「总部」。
该用户能否成功访问此资源？",能够覆盖 / 可以,无法判断,不能覆盖 / 不可以,规则不适用,A,C,False
Qwen2.5-7B,LoRA-v2,78,3170,hierarchy_logic,"组织决策体系：决策权限分级为 特级 > 一级 > 二级 > 三级 > 四级。
当前决议由「一级」层级通过，现「特级」层级要求重新审议。
重新审议请求是否有效？",能够覆盖 / 可以,规则不适用,无法判断,不能覆盖 / 不可以,A,A,True
Qwen2.5-7B,LoRA-v2,79,3463,pattern_recognition,"序列补全：3, 6, 9, 12, 15, 18, ?
缺失的数字应该是？",21,20,22,25,A,A,True
Qwen2.5-7B,LoRA-v2,80,7897,pattern_recognition,"在某数学认证规则中，「合法数列」定义为：公差严格为 1 的递增等差数列。
以下哪个序列是合法的？",1-3-3-4-5,1-2-3-4-6,1-2-3-4-5,1-1-3-4-5,C,C,True
Qwen2.5-7B,LoRA-v2,81,3877,pattern_recognition,"数列验证标准：有效序列必须是公差为 2 的连续递增数列。
请识别出符合标准的序列：",8-10-12-14,8-10-11-14,8-10-12-16,8-8-12-14,A,A,True
Qwen2.5-7B,LoRA-v2,82,2503,pattern_recognition,"数列延续：11, 13, 15, 17, 19, 21, ?
按照既定模式，下一项是？",24,22,26,23,D,D,True
Qwen2.5-7B,LoRA-v2,83,5415,hierarchy_logic,"在材料强度测试规范中，强度等级由高到低依次为：级别-五 > 级别-四 > 级别-三 > 级别-二 > 级别-一。
承受体当前等级为「级别-三」，攻击源强度等级为「级别-二」。
该攻击源是否具有击穿/覆盖承受体的强度？",能够覆盖 / 可以,无法判断,规则不适用,不能覆盖 / 不可以,D,D,True
Qwen2.5-7B,LoRA-v2,84,6714,counter_logic,"某大件物流关卡规定：本通道仅允许总载重量严格大于 12 吨的重型车辆通行（过滤轻型车）。
当前候选车辆载重量为：[7, 8, 11, 15] 吨。
满足要求且载重量最低的车辆是哪个？",15,7,8,11,A,D,False
Qwen2.5-7B,LoRA-v2,85,8102,hierarchy_logic,"在材料强度测试规范中，强度等级由高到低依次为：总部 > 大区 > 分区 > 分支 > 节点。
承受体当前等级为「分区」，攻击源强度等级为「分支」。
该攻击源是否具有击穿/覆盖承受体的强度？",无法判断,不能覆盖 / 不可以,能够覆盖 / 可以,规则不适用,B,B,True
Qwen2.5-7B,LoRA-v2,86,2904,counter_logic,"某大件物流关卡规定：本通道仅允许总载重量严格大于 12 吨的重型车辆通行（过滤轻型车）。
当前候选车辆载重量为：[8, 9, 11, 17] 吨。
满足要求且载重量最低的车辆是哪个？",17,9,11,8,A,C,False
Qwen2.5-7B,LoRA-v2,87,2315,pattern_recognition,"数列验证标准：有效序列必须是公差为 3 的连续递增数列。
请识别出符合标准的序列：",3-6-9-12-15,3-5-9-12-15,3-6-9-12-18,3-6-9-12-12,A,A,True
Qwen2.5-7B,LoRA-v2,88,7172,pattern_recognition,"序列补全：10, 15, 20, 25, ?
缺失的数字应该是？",31,30,36,29,B,D,False
Qwen2.5-7B,LoRA-v2,89,8355,pattern_recognition,"序列补全：7, 11, 15, 19, 23, 27, ?
缺失的数字应该是？",31,30,36,32,A,A,True
Qwen2.5-7B,LoRA-v2,90,8570,counter_logic,"某大件物流关卡规定：本通道仅允许总载重量严格大于 13 吨的重型车辆通行（过滤轻型车）。
当前候选车辆载重量为：[4, 5, 9, 12] 吨。
满足要求且载重量最低的车辆是哪个？（若所有车辆均不达标准，请选「无达标车辆」）",无达标车辆,5,4,9,A,B,False
Qwen2.5-7B,LoRA-v2,91,6120,pattern_recognition,"数列验证标准：有效序列必须是公差为 2 的连续递增数列。
请识别出符合标准的序列：",8-10-12-15,8-10-12-14,8-10-10-14,8-10-12-16,B,B,True
Qwen2.5-7B,LoRA-v2,92,6262,pattern_recognition,"在数列 10, 13, 18, 19, 22 中，识别出违反等差规律的元素：",18,13,10,22,A,D,False
Qwen2.5-7B,LoRA-v2,93,8242,pattern_recognition,"在某数学认证规则中，「合法数列」定义为：公差严格为 2 的递增等差数列。
以下哪个序列是合法的？",9-11-13-15,9-11-13-16,9-11-13-17,9-9-13-15,A,A,True
Qwen2.5-7B,LoRA-v2,94,5123,counter_logic,"项目评审规则：方案报价必须严格高于成本基准线 16 万元才具备参选资格。
各参选报价（万元）：[8, 9, 14, 16]。
哪个是具备参选资格中报价最低的？（若无项目具备参选资格，请选「无具资格项目」）",9,8,无具资格项目,16,C,B,False
Qwen2.5-7B,LoRA-v2,95,1474,pattern_recognition,"逻辑规则：合规数列要求每相邻两项差值恒定为 3。
下列选项中哪个满足要求？",6-9-12-18,6-9-11-15,6-9-9-15,6-9-12-15,D,D,True
Qwen2.5-7B,LoRA-v2,96,9004,hierarchy_logic,"在材料强度测试规范中，强度等级由高到低依次为：特级 > 一级 > 二级 > 三级 > 四级。
承受体当前等级为「一级」，攻击源强度等级为「二级」。
该攻击源是否具有击穿/覆盖承受体的强度？",不能覆盖 / 不可以,规则不适用,无法判断,能够覆盖 / 可以,A,A,True
Qwen2.5-7B,LoRA-v2,97,1828,hierarchy_logic,"组织决策体系：决策权限分级为 钻石 > 铂金 > 黄金 > 白银 > 青铜。
当前决议由「黄金」层级通过，现「钻石」层级要求重新审议。
重新审议请求是否有效？",不能覆盖 / 不可以,能够覆盖 / 可以,无法判断,规则不适用,B,A,False
Qwen2.5-7B,LoRA-v2,98,9693,pattern_recognition,"数列延续：7, 10, 13, 16, ?
按照既定模式，下一项是？",23,18,19,20,C,D,False
Qwen2.5-7B,LoRA-v2,99,9897,counter_logic,"某学术课题遴选要求：入围者得分必须严格高于 7 分。
候选人得分列表为：[4, 5, 6, 14] 分。
最低入围得分应为哪个？",5,6,4,14,D,B,False
Qwen2.5-7B,LoRA-v2,100,7291,hierarchy_logic,"审批流程规则中，审批权限由高到低依次为：极密 > 机密 > 秘密 > 内部 > 公开。
该申请已由「极密」级别完成审批，「公开」级别提出复核申请。
该复核是否具有覆盖当前审批结果的权限？",能够覆盖 / 可以,不能覆盖 / 不可以,无法判断,规则不适用,B,B,True
Qwen2.5-7B,LoRA-v2,101,1440,counter_logic,"某学术课题遴选要求：入围者得分必须严格高于 22 分。
候选人得分列表为：[16, 18, 20, 21] 分。
最低入围得分应为哪个？（若无候选人分数达标，请选「无入围候选人」）",20,无入围候选人,16,21,B,A,False
Qwen2.5-7B,LoRA-v2,102,1674,counter_logic,"某大件物流关卡规定：本通道仅允许总载重量严格大于 14 吨的重型车辆通行（过滤轻型车）。
当前候选车辆载重量为：[8, 11, 12, 17] 吨。
满足要求且载重量最低的车辆是哪个？",11,12,17,8,C,B,False
Qwen2.5-7B,LoRA-v2,103,7070,counter_logic,"某学术课题遴选要求：入围者得分必须严格高于 13 分。
候选人得分列表为：[11, 12, 13, 15] 分。
最低入围得分应为哪个？",13,15,11,12,B,A,False
Qwen2.5-7B,LoRA-v2,104,4811,hierarchy_logic,"在材料强度测试规范中，强度等级由高到低依次为：总部 > 大区 > 分区 > 分支 > 节点。
承受体当前等级为「节点」，攻击源强度等级为「总部」。
该攻击源是否具有击穿/覆盖承受体的强度？",不能覆盖 / 不可以,无法判断,规则不适用,能够覆盖 / 可以,D,A,False
Qwen2.5-7B,LoRA-v2,105,2996,pattern_recognition,"以下序列中，有且仅有一个数字破坏了等差规律：
5, 4, 5, 6, 7
请找出这个不符合规律的数字。",6,4,5,7,C,A,False
Qwen2.5-7B,LoRA-v2,106,3977,hierarchy_logic,"审批流程规则中，审批权限由高到低依次为：特级 > 一级 > 二级 > 三级 > 四级。
该申请已由「特级」级别完成审批，「一级」级别提出复核申请。
该复核是否具有覆盖当前审批结果的权限？",无法判断,能够覆盖 / 可以,不能覆盖 / 不可以,规则不适用,C,C,True
Qwen2.5-7B,LoRA-v2,107,5422,hierarchy_logic,"在某权限控制体系中，级别由高到低依次为：钻石 > 铂金 > 黄金 > 白银 > 青铜。
当前资源处于「黄金」级别锁定状态，认证凭证所属级别为「钻石」。
该凭证是否具备解锁权限？",能够覆盖 / 可以,无法判断,规则不适用,不能覆盖 / 不可以,A,A,True
Qwen2.5-7B,LoRA-v2,108,1349,pattern_recognition,"在某数学认证规则中，「合法数列」定义为：公差严格为 3 的递增等差数列。
以下哪个序列是合法的？",6-9-12-16,6-6-12-15,6-9-12-15,6-9-12-18,C,C,True
Qwen2.5-7B,LoRA-v2,109,9409,counter_logic,"项目评审规则：方案报价必须严格高于成本基准线 14 万元才具备参选资格。
各参选报价（万元）：[7, 11, 14, 16]。
哪个是具备参选资格中报价最低的？",7,11,14,16,D,A,False
Qwen2.5-7B,LoRA-v2,110,3352,pattern_recognition,"异常检测：序列 5, 6, 7, 6, 9 中哪个数字偏离了等差模式？",9,7,5,6,D,D,True
Qwen2.5-7B,LoRA-v2,111,6511,counter_logic,"某学术课题遴选要求：入围者得分必须严格高于 13 分。
候选人得分列表为：[8, 10, 13, 18] 分。
最低入围得分应为哪个？",18,13,10,8,A,B,False
Qwen2.5-7B,LoRA-v2,112,6399,counter_logic,"某大件物流关卡规定：本通道仅允许总载重量严格大于 15 吨的重型车辆通行（过滤轻型车）。
当前候选车辆载重量为：[6, 9, 13, 15] 吨。
满足要求且载重量最低的车辆是哪个？（若所有车辆均不达标准，请选「无达标车辆」）",无达标车辆,15,9,13,A,D,False
Qwen2.5-7B,LoRA-v2,113,2924,pattern_recognition,"在某数学认证规则中，「合法数列」定义为：公差严格为 3 的递增等差数列。
以下哪个序列是合法的？",3-6-9-12-12,3-6-9-12-18,3-6-9-12-15,3-6-9-12-14,C,C,True
Qwen2.5-7B,LoRA-v2,114,9056,hierarchy_logic,"在某权限控制体系中，级别由高到低依次为：特级 > 一级 > 二级 > 三级 > 四级。
当前资源处于「三级」级别锁定状态，认证凭证所属级别为「四级」。
该凭证是否具备解锁权限？",规则不适用,能够覆盖 / 可以,不能覆盖 / 不可以,无法判断,C,C,True
Qwen2.5-7B,LoRA-v2,115,8149,hierarchy_logic,"在某权限控制体系中，级别由高到低依次为：钻石 > 铂金 > 黄金 > 白银 > 青铜。
当前资源处于「铂金」级别锁定状态，认证凭证所属级别为「钻石」。
该凭证是否具备解锁权限？",能够覆盖 / 可以,不能覆盖 / 不可以,规则不适用,无法判断,A,A,True
Qwen2.5-7B,LoRA-v2,116,6038,hierarchy_logic,"在材料强度测试规范中，强度等级由高到低依次为：特级 > 一级 > 二级 > 三级 > 四级。
承受体当前等级为「三级」，攻击源强度等级为「一级」。
该攻击源是否具有击穿/覆盖承受体的强度？",无法判断,不能覆盖 / 不可以,规则不适用,能够覆盖 / 可以,D,B,False
Qwen2.5-7B,LoRA-v2,117,6617,hierarchy_logic,"在材料强度测试规范中，强度等级由高到低依次为：总部 > 大区 > 分区 > 分支 > 节点。
承受体当前等级为「分区」，攻击源强度等级为「大区」。
该攻击源是否具有击穿/覆盖承受体的强度？",不能覆盖 / 不可以,能够覆盖 / 可以,规则不适用,无法判断,B,A,False
Qwen2.5-7B,LoRA-v2,118,7347,pattern_recognition,"观察以下等差数列：10, 15, 20, 25, 30, 35, ?
根据规律，?处应填入哪个数字？",40,46,41,39,A,A,True
Qwen2.5-7B,LoRA-v2,119,3925,hierarchy_logic,"审批流程规则中，审批权限由高到低依次为：钻石 > 铂金 > 黄金 > 白银 > 青铜。
该申请已由「青铜」级别完成审批，「黄金」级别提出复核申请。
该复核是否具有覆盖当前审批结果的权限？",无法判断,不能覆盖 / 不可以,规则不适用,能够覆盖 / 可以,D,B,False
Qwen2.5-7B,LoRA-v2,120,6179,pattern_recognition,"序列补全：9, 13, 17, 21, 25, 29, ?
缺失的数字应该是？",33,34,32,38,A,A,True
Qwen2.5-7B,LoRA-v2,121,2531,counter_logic,"某学术课题遴选要求：入围者得分必须严格高于 11 分。
候选人得分列表为：[5, 7, 9, 16] 分。
最低入围得分应为哪个？",7,5,9,16,D,D,True
Qwen2.5-7B,LoRA-v2,122,4555,counter_logic,"项目评审规则：方案报价必须严格高于成本基准线 9 万元才具备参选资格。
各参选报价（万元）：[2, 4, 5, 10]。
哪个是具备参选资格中报价最低的？",5,2,4,10,D,A,False
Qwen2.5-7B,LoRA-v2,123,3541,counter_logic,"某大件物流关卡规定：本通道仅允许总载重量严格大于 14 吨的重型车辆通行（过滤轻型车）。
当前候选车辆载重量为：[10, 11, 13, 20] 吨。
满足要求且载重量最低的车辆是哪个？",20,11,10,13,A,D,False
Qwen2.5-7B,LoRA-v2,124,5632,hierarchy_logic,"在材料强度测试规范中，强度等级由高到低依次为：董事会 > 总裁办公室 > 业务部门 > 项目组 > 个人。
承受体当前等级为「项目组」，攻击源强度等级为「个人」。
该攻击源是否具有击穿/覆盖承受体的强度？",无法判断,能够覆盖 / 可以,规则不适用,不能覆盖 / 不可以,D,D,True
Qwen2.5-7B,LoRA-v2,125,9317,pattern_recognition,"观察以下等差数列：5, 7, 9, 11, ?
根据规律，?处应填入哪个数字？",12,16,14,13,D,D,True
Qwen2.5-7B,LoRA-v2,126,1027,hierarchy_logic,"组织决策体系：决策权限分级为 总部 > 大区 > 分区 > 分支 > 节点。
当前决议由「分区」层级通过，现「大区」层级要求重新审议。
重新审议请求是否有效？",规则不适用,不能覆盖 / 不可以,无法判断,能够覆盖 / 可以,D,D,True
Qwen2.5-7B,LoRA-v2,127,8454,hierarchy_logic,"在某权限控制体系中，级别由高到低依次为：一级响应 > 二级响应 > 三级响应 > 四级响应 > 日常局。
当前资源处于「三级响应」级别锁定状态，认证凭证所属级别为「二级响应」。
该凭证是否具备解锁权限？",规则不适用,无法判断,不能覆盖 / 不可以,能够覆盖 / 可以,D,C,False
Qwen2.5-7B,LoRA-v2,128,2133,hierarchy_logic,"在某权限控制体系中，级别由高到低依次为：极密 > 机密 > 秘密 > 内部 > 公开。
当前资源处于「秘密」级别锁定状态，认证凭证所属级别为「极密」。
该凭证是否具备解锁权限？",规则不适用,不能覆盖 / 不可以,无法判断,能够覆盖 / 可以,D,D,True
Qwen2.5-7B,LoRA-v2,129,6364,counter_logic,"化学实验要求：反应炉内温度必须严格高于 6 摄氏度。
可调节档位（摄氏度）：[1, 3, 4, 7]。
能满足安全要求且能耗最小的温度档位是？",1,3,7,4,C,D,False
Qwen2.5-7B,LoRA-v2,130,6736,pattern_recognition,"逻辑规则：合规数列要求每相邻两项差值恒定为 2。
下列选项中哪个满足要求？",4-7-9-11-13,5-7-7-11-13,5-7-9-11-13,5-7-9-11-15,C,A,False
Qwen2.5-7B,LoRA-v2,131,7325,pattern_recognition,"数列验证标准：有效序列必须是公差为 3 的连续递增数列。
请识别出符合标准的序列：",4-7-10-13-16,4-8-10-13-16,4-4-10-13-16,4-7-10-13-19,A,A,True
Qwen2.5-7B,LoRA-v2,132,1732,counter_logic,"集合 S = {9, 11, 13, 14}，从 S 中选出严格大于 15 的最小元素。
该函数的返回值应为？（若集合中不存在满足条件的元素，请选「集合中无满足条件的元素」）",13,9,集合中无满足条件的元素,11,C,C,True
Qwen2.5-7B,LoRA-v2,133,4764,counter_logic,"化学实验要求：反应炉内温度必须严格高于 11 摄氏度。
可调节档位（摄氏度）：[6, 9, 10, 18]。
能满足安全要求且能耗最小的温度档位是？",10,6,9,18,D,D,True
Qwen2.5-7B,LoRA-v2,134,2284,counter_logic,"项目评审规则：方案报价必须严格高于成本基准线 5 万元才具备参选资格。
各参选报价（万元）：[2, 3, 5, 8]。
哪个是具备参选资格中报价最低的？",3,8,2,5,B,A,False
Qwen2.5-7B,LoRA-v2,135,1106,hierarchy_logic,"在材料强度测试规范中，强度等级由高到低依次为：特级 > 一级 > 二级 > 三级 > 四级。
承受体当前等级为「二级」，攻击源强度等级为「一级」。
该攻击源是否具有击穿/覆盖承受体的强度？",能够覆盖 / 可以,无法判断,规则不适用,不能覆盖 / 不可以,A,A,True
Qwen2.5-7B,LoRA-v2,136,3785,pattern_recognition,"在某数学认证规则中，「合法数列」定义为：公差严格为 1 的递增等差数列。
以下哪个序列是合法的？",5-6-8-8-9,5-6-7-8-9,5-6-6-8-9,5-6-7-8-10,B,B,True
Qwen2.5-7B,LoRA-v2,137,9032,pattern_recognition,"数列验证标准：有效序列必须是公差为 3 的连续递增数列。
请识别出符合标准的序列：",9-9-15-18-21,9-12-15-18-21,9-12-15-17-21,9-12-15-18-24,B,B,True
Qwen2.5-7B,LoRA-v2,138,8460,counter_logic,"集合 S = {4, 6, 7, 10}，从 S 中选出严格大于 12 的最小元素。
该函数的返回值应为？（若集合中不存在满足条件的元素，请选「集合中无满足条件的元素」）",集合中无满足条件的元素,6,10,7,A,A,True
Qwen2.5-7B,LoRA-v2,139,8404,pattern_recognition,"序列补全：2, 7, 12, 17, 22, ?
缺失的数字应该是？",33,26,28,27,D,D,True
Qwen2.5-7B,LoRA-v2,140,3440,counter_logic,"某大件物流关卡规定：本通道仅允许总载重量严格大于 10 吨的重型车辆通行（过滤轻型车）。
当前候选车辆载重量为：[3, 9, 10, 15] 吨。
满足要求且载重量最低的车辆是哪个？",15,9,3,10,A,D,False
Qwen2.5-7B,LoRA-v2,141,8724,pattern_recognition,"逻辑规则：合规数列要求每相邻两项差值恒定为 3。
下列选项中哪个满足要求？",2-5-9-11-14,2-5-8-11-17,2-5-8-11-14,2-5-8-11-11,C,C,True
Qwen2.5-7B,LoRA-v2,142,8612,pattern_recognition,"在数列 3, 5, 7, 9, 14 中，识别出违反等差规律的元素：",5,14,9,3,B,B,True
Qwen2.5-7B,LoRA-v2,143,4515,pattern_recognition,"异常检测：序列 2, 5, 4, 5, 6 中哪个数字偏离了等差模式？",5,4,2,6,A,D,False
Qwen2.5-7B,LoRA-v2,144,8585,counter_logic,"某大件物流关卡规定：本通道仅允许总载重量严格大于 6 吨的重型车辆通行（过滤轻型车）。
当前候选车辆载重量为：[2, 4, 5, 11] 吨。
满足要求且载重量最低的车辆是哪个？",5,4,2,11,D,D,True
Qwen2.5-7B,LoRA-v2,145,3399,pattern_recognition,"数列延续：5, 10, 15, 20, 25, ?
按照既定模式，下一项是？",36,29,30,31,C,C,True
Qwen2.5-7B,LoRA-v2,146,1998,counter_logic,"某大件物流关卡规定：本通道仅允许总载重量严格大于 7 吨的重型车辆通行（过滤轻型车）。
当前候选车辆载重量为：[2, 5, 6, 10] 吨。
满足要求且载重量最低的车辆是哪个？",10,6,2,5,A,B,False
Qwen2.5-7B,LoRA-v2,147,3607,hierarchy_logic,"在材料强度测试规范中，强度等级由高到低依次为：董事会 > 总裁办公室 > 业务部门 > 项目组 > 个人。
承受体当前等级为「业务部门」，攻击源强度等级为「个人」。
该攻击源是否具有击穿/覆盖承受体的强度？",不能覆盖 / 不可以,能够覆盖 / 可以,无法判断,规则不适用,A,A,True
Qwen2.5-7B,LoRA-v2,148,6325,hierarchy_logic,"在某权限控制体系中，级别由高到低依次为：董事会 > 总裁办公室 > 业务部门 > 项目组 > 个人。
当前资源处于「项目组」级别锁定状态，认证凭证所属级别为「个人」。
该凭证是否具备解锁权限？",规则不适用,能够覆盖 / 可以,不能覆盖 / 不可以,无法判断,C,C,True
Qwen2.5-7B,LoRA-v2,149,3275,pattern_recognition,"异常检测：序列 10, 11, 12, 13, 16 中哪个数字偏离了等差模式？",13,10,16,12,C,C,True
Qwen2.5-7B,LoRA-v2,150,9669,hierarchy_logic,"在材料强度测试规范中，强度等级由高到低依次为：一级响应 > 二级响应 > 三级响应 > 四级响应 > 日常局。
承受体当前等级为「二级响应」，攻击源强度等级为「一级响应」。
该攻击源是否具有击穿/覆盖承受体的强度？",能够覆盖 / 可以,不能覆盖 / 不可以,无法判断,规则不适用,A,A,True
Qwen2.5-7B,LoRA-v2,151,5088,hierarchy_logic,"在某权限控制体系中，级别由高到低依次为：S级 > A级 > B级 > C级 > D级。
当前资源处于「C级」级别锁定状态，认证凭证所属级别为「A级」。
该凭证是否具备解锁权限？",无法判断,规则不适用,不能覆盖 / 不可以,能够覆盖 / 可以,D,C,False
Qwen2.5-7B,LoRA-v2,152,3718,hierarchy_logic,"在材料强度测试规范中，强度等级由高到低依次为：极密 > 机密 > 秘密 > 内部 > 公开。
承受体当前等级为「机密」，攻击源强度等级为「内部」。
该攻击源是否具有击穿/覆盖承受体的强度？",规则不适用,无法判断,不能覆盖 / 不可以,能够覆盖 / 可以,C,C,True
Qwen2.5-7B,LoRA-v2,153,5775,counter_logic,"某学术课题遴选要求：入围者得分必须严格高于 19 分。
候选人得分列表为：[12, 15, 16, 17] 分。
最低入围得分应为哪个？（若无候选人分数达标，请选「无入围候选人」）",无入围候选人,17,12,16,A,B,False
Qwen2.5-7B,LoRA-v2,154,5892,hierarchy_logic,"审批流程规则中，审批权限由高到低依次为：一级响应 > 二级响应 > 三级响应 > 四级响应 > 日常局。
该申请已由「一级响应」级别完成审批，「日常局」级别提出复核申请。
该复核是否具有覆盖当前审批结果的权限？",无法判断,能够覆盖 / 可以,不能覆盖 / 不可以,规则不适用,C,C,True
Qwen2.5-7B,LoRA-v2,155,7693,hierarchy_logic,"在某权限控制体系中，级别由高到低依次为：总部 > 大区 > 分区 > 分支 > 节点。
当前资源处于「大区」级别锁定状态，认证凭证所属级别为「分区」。
该凭证是否具备解锁权限？",能够覆盖 / 可以,无法判断,规则不适用,不能覆盖 / 不可以,D,D,True
Qwen2.5-7B,LoRA-v2,156,4189,counter_logic,"某学术课题遴选要求：入围者得分必须严格高于 8 分。
候选人得分列表为：[4, 6, 7, 14] 分。
最低入围得分应为哪个？",7,4,6,14,D,D,True
Qwen2.5-7B,LoRA-v2,157,2011,counter_logic,"化学实验要求：反应炉内温度必须严格高于 14 摄氏度。
可调节档位（摄氏度）：[8, 10, 11, 21]。
能满足安全要求且能耗最小的温度档位是？",8,10,21,11,C,D,False
Qwen2.5-7B,LoRA-v2,158,8846,counter_logic,"某大件物流关卡规定：本通道仅允许总载重量严格大于 11 吨的重型车辆通行（过滤轻型车）。
当前候选车辆载重量为：[4, 6, 9, 13] 吨。
满足要求且载重量最低的车辆是哪个？",4,13,6,9,B,D,False
Qwen2.5-7B,LoRA-v2,159,5569,hierarchy_logic,"审批流程规则中，审批权限由高到低依次为：董事会 > 总裁办公室 > 业务部门 > 项目组 > 个人。
该申请已由「项目组」级别完成审批，「个人」级别提出复核申请。
该复核是否具有覆盖当前审批结果的权限？",能够覆盖 / 可以,规则不适用,不能覆盖 / 不可以,无法判断,C,C,True
Qwen2.5-7B,LoRA-v2,160,9452,pattern_recognition,"在数列 4, 6, 12, 16, 20 中，识别出违反等差规律的元素：",20,6,12,4,B,A,False
Qwen2.5-7B,LoRA-v2,161,3085,hierarchy_logic,"在材料强度测试规范中，强度等级由高到低依次为：钻石 > 铂金 > 黄金 > 白银 > 青铜。
承受体当前等级为「黄金」，攻击源强度等级为「青铜」。
该攻击源是否具有击穿/覆盖承受体的强度？",不能覆盖 / 不可以,规则不适用,能够覆盖 / 可以,无法判断,A,A,True
Qwen2.5-7B,LoRA-v2,162,6170,pattern_recognition,"以下序列中，有且仅有一个数字破坏了等差规律：
4, 11, 12, 16, 20
请找出这个不符合规律的数字。",20,4,12,11,D,D,True
Qwen2.5-7B,LoRA-v2,163,5982,pattern_recognition,"在数列 4, 7, 10, 13, 14 中，识别出违反等差规律的元素：",7,4,13,14,D,D,True
Qwen2.5-7B,LoRA-v2,164,5873,counter_logic,"项目评审规则：方案报价必须严格高于成本基准线 14 万元才具备参选资格。
各参选报价（万元）：[9, 11, 12, 19]。
哪个是具备参选资格中报价最低的？",19,9,12,11,A,B,False
Qwen2.5-7B,LoRA-v2,165,6314,pattern_recognition,"在某数学认证规则中，「合法数列」定义为：公差严格为 3 的递增等差数列。
以下哪个序列是合法的？",1-5-8-11-14,2-5-8-11-17,2-5-8-11-14,2-5-8-11-11,C,A,False
Qwen2.5-7B,LoRA-v2,166,8007,hierarchy_logic,"在某权限控制体系中，级别由高到低依次为：特级 > 一级 > 二级 > 三级 > 四级。
当前资源处于「三级」级别锁定状态，认证凭证所属级别为「特级」。
该凭证是否具备解锁权限？",规则不适用,不能覆盖 / 不可以,能够覆盖 / 可以,无法判断,C,B,False
Qwen2.5-7B,LoRA-v2,167,1931,hierarchy_logic,"审批流程规则中，审批权限由高到低依次为：特级 > 一级 > 二级 > 三级 > 四级。
该申请已由「一级」级别完成审批，「特级」级别提出复核申请。
该复核是否具有覆盖当前审批结果的权限？",不能覆盖 / 不可以,能够覆盖 / 可以,无法判断,规则不适用,B,A,False
Qwen2.5-7B,LoRA-v2,168,1711,hierarchy_logic,"组织决策体系：决策权限分级为 总部 > 大区 > 分区 > 分支 > 节点。
当前决议由「大区」层级通过，现「总部」层级要求重新审议。
重新审议请求是否有效？",能够覆盖 / 可以,不能覆盖 / 不可以,规则不适用,无法判断,A,A,True
Qwen2.5-7B,LoRA-v2,169,6411,counter_logic,"某大件物流关卡规定：本通道仅允许总载重量严格大于 7 吨的重型车辆通行（过滤轻型车）。
当前候选车辆载重量为：[2, 5, 6, 8] 吨。
满足要求且载重量最低的车辆是哪个？",5,6,2,8,D,B,False
Qwen2.5-7B,LoRA-v2,170,5781,counter_logic,"集合 S = {9, 15, 16, 17}，从 S 中选出严格大于 18 的最小元素。
该函数的返回值应为？（若集合中不存在满足条件的元素，请选「集合中无满足条件的元素」）",9,集合中无满足条件的元素,16,17,B,D,False
Qwen2.5-7B,LoRA-v2,171,6559,hierarchy_logic,"组织决策体系：决策权限分级为 一级响应 > 二级响应 > 三级响应 > 四级响应 > 日常局。
当前决议由「日常局」层级通过，现「一级响应」层级要求重新审议。
重新审议请求是否有效？",无法判断,不能覆盖 / 不可以,规则不适用,能够覆盖 / 可以,D,D,True
Qwen2.5-7B,LoRA-v2,172,6930,hierarchy_logic,"系统访问控制规则：权限层级为 钻石 > 铂金 > 黄金 > 白银 > 青铜。
目标资源的保护级别是「黄金」，用户持有的访问令牌级别为「铂金」。
该用户能否成功访问此资源？",能够覆盖 / 可以,不能覆盖 / 不可以,无法判断,规则不适用,A,A,True
Qwen2.5-7B,LoRA-v2,173,3621,hierarchy_logic,"系统访问控制规则：权限层级为 极密 > 机密 > 秘密 > 内部 > 公开。
目标资源的保护级别是「公开」，用户持有的访问令牌级别为「极密」。
该用户能否成功访问此资源？",不能覆盖 / 不可以,无法判断,规则不适用,能够覆盖 / 可以,D,A,False
Qwen2.5-7B,LoRA-v2,174,6582,hierarchy_logic,"在某权限控制体系中，级别由高到低依次为：董事会 > 总裁办公室 > 业务部门 > 项目组 > 个人。
当前资源处于「董事会」级别锁定状态，认证凭证所属级别为「项目组」。
该凭证是否具备解锁权限？",不能覆盖 / 不可以,无法判断,能够覆盖 / 可以,规则不适用,A,A,True
Qwen2.5-7B,LoRA-v2,175,7244,counter_logic,"项目评审规则：方案报价必须严格高于成本基准线 12 万元才具备参选资格。
各参选报价（万元）：[7, 10, 11, 17]。
哪个是具备参选资格中报价最低的？",10,7,17,11,C,B,False
Qwen2.5-7B,LoRA-v2,176,8957,pattern_recognition,"观察以下等差数列：2, 7, 12, 17, 22, 27, ?
根据规律，?处应填入哪个数字？",32,38,33,31,A,A,True
Qwen2.5-7B,LoRA-v2,177,2562,counter_logic,"化学实验要求：反应炉内温度必须严格高于 13 摄氏度。
可调节档位（摄氏度）：[9, 12, 13, 20]。
能满足安全要求且能耗最小的温度档位是？",9,12,20,13,C,D,False
Qwen2.5-7B,LoRA-v2,178,8531,counter_logic,"化学实验要求：反应炉内温度必须严格高于 7 摄氏度。
可调节档位（摄氏度）：[3, 4, 6, 12]。
能满足安全要求且能耗最小的温度档位是？",6,12,3,4,B,A,False
Qwen2.5-7B,LoRA-v2,179,3972,pattern_recognition,"数列延续：6, 8, 10, 12, 14, 16, ?
按照既定模式，下一项是？",21,18,19,17,B,D,False
Qwen2.5-7B,LoRA-v2,180,5637,counter_logic,"项目评审规则：方案报价必须严格高于成本基准线 7 万元才具备参选资格。
各参选报价（万元）：[2, 5, 6, 13]。
哪个是具备参选资格中报价最低的？",13,2,6,5,A,B,False
Qwen2.5-7B,LoRA-v2,181,3683,hierarchy_logic,"审批流程规则中，审批权限由高到低依次为：极密 > 机密 > 秘密 > 内部 > 公开。
该申请已由「秘密」级别完成审批，「公开」级别提出复核申请。
该复核是否具有覆盖当前审批结果的权限？",规则不适用,不能覆盖 / 不可以,无法判断,能够覆盖 / 可以,B,B,True
Qwen2.5-7B,LoRA-v2,182,4052,counter_logic,"某大件物流关卡规定：本通道仅允许总载重量严格大于 15 吨的重型车辆通行（过滤轻型车）。
当前候选车辆载重量为：[8, 9, 11, 21] 吨。
满足要求且载重量最低的车辆是哪个？",11,9,8,21,D,D,True
Qwen2.5-7B,LoRA-v2,183,7765,counter_logic,"项目评审规则：方案报价必须严格高于成本基准线 13 万元才具备参选资格。
各参选报价（万元）：[6, 7, 13, 19]。
哪个是具备参选资格中报价最低的？",6,19,7,13,B,A,False
Qwen2.5-7B,LoRA-v2,184,6890,counter_logic,"项目评审规则：方案报价必须严格高于成本基准线 16 万元才具备参选资格。
各参选报价（万元）：[7, 9, 13, 15]。
哪个是具备参选资格中报价最低的？（若无项目具备参选资格，请选「无具资格项目」）",7,无具资格项目,15,13,B,A,False
Qwen2.5-7B,LoRA-v2,185,2530,hierarchy_logic,"在材料强度测试规范中，强度等级由高到低依次为：董事会 > 总裁办公室 > 业务部门 > 项目组 > 个人。
承受体当前等级为「总裁办公室」，攻击源强度等级为「个人」。
该攻击源是否具有击穿/覆盖承受体的强度？",规则不适用,无法判断,能够覆盖 / 可以,不能覆盖 / 不可以,D,D,True
Qwen2.5-7B,LoRA-v2,186,1251,pattern_recognition,"在某数学认证规则中，「合法数列」定义为：公差严格为 3 的递增等差数列。
以下哪个序列是合法的？",3-6-9-9-15,2-6-9-12-15,3-6-9-12-15,3-6-9-12-18,C,C,True
Qwen2.5-7B,LoRA-v2,187,1757,hierarchy_logic,"在材料强度测试规范中，强度等级由高到低依次为：极密 > 机密 > 秘密 > 内部 > 公开。
承受体当前等级为「秘密」，攻击源强度等级为「内部」。
该攻击源是否具有击穿/覆盖承受体的强度？",规则不适用,无法判断,不能覆盖 / 不可以,能够覆盖 / 可以,C,C,True
Qwen2.5-7B,LoRA-v2,188,2899,pattern_recognition,"在某数学认证规则中，「合法数列」定义为：公差严格为 3 的递增等差数列。
以下哪个序列是合法的？",8-11-14-17-20,8-11-14-17-23,8-11-14-16-20,8-11-14-17-17,A,A,True
Qwen2.5-7B,LoRA-v2,189,8075,pattern_recognition,"在某数学认证规则中，「合法数列」定义为：公差严格为 2 的递增等差数列。
以下哪个序列是合法的？",6-8-9-12-14,6-8-10-12-12,6-8-10-12-16,6-8-10-12-14,D,D,True
Qwen2.5-7B,LoRA-v2,190,7150,counter_logic,"项目评审规则：方案报价必须严格高于成本基准线 16 万元才具备参选资格。
各参选报价（万元）：[9, 11, 14, 19]。
哪个是具备参选资格中报价最低的？",14,9,19,11,C,B,False
Qwen2.5-7B,LoRA-v2,191,5335,hierarchy_logic,"审批流程规则中，审批权限由高到低依次为：一级响应 > 二级响应 > 三级响应 > 四级响应 > 日常局。
该申请已由「一级响应」级别完成审批，「二级响应」级别提出复核申请。
该复核是否具有覆盖当前审批结果的权限？",规则不适用,不能覆盖 / 不可以,无法判断,能够覆盖 / 可以,B,B,True
Qwen2.5-7B,LoRA-v2,192,7525,counter_logic,"集合 S = {6, 7, 8, 19}，从 S 中选出严格大于 13 的最小元素。
该函数的返回值应为？",8,19,7,6,B,B,True
Qwen2.5-7B,LoRA-v2,193,8967,pattern_recognition,"数列延续：2, 5, 8, 11, 14, ?
按照既定模式，下一项是？",16,21,17,18,C,D,False
Qwen2.5-7B,LoRA-v2,194,9767,counter_logic,"集合 S = {9, 11, 13, 16}，从 S 中选出严格大于 14 的最小元素。
该函数的返回值应为？",11,13,9,16,D,B,False
Qwen2.5-7B,LoRA-v2,195,9138,pattern_recognition,"数列验证标准：有效序列必须是公差为 2 的连续递增数列。
请识别出符合标准的序列：",6-8-9-12-14,6-8-10-12-16,6-8-10-12-12,6-8-10-12-14,D,D,True
Qwen2.5-7B,LoRA-v2,196,9476,pattern_recognition,"在数列 10, 14, 18, 24, 26 中，识别出违反等差规律的元素：",14,26,10,24,D,D,True
Qwen2.5-7B,LoRA-v2,197,3194,counter_logic,"某学术课题遴选要求：入围者得分必须严格高于 4 分。
候选人得分列表为：[2, 3, 4, 7] 分。
最低入围得分应为哪个？",3,4,2,7,D,B,False
Qwen2.5-7B,LoRA-v2,198,4965,counter_logic,"集合 S = {13, 14, 16, 17}，从 S 中选出严格大于 19 的最小元素。
该函数的返回值应为？（若集合中不存在满足条件的元素，请选「集合中无满足条件的元素」）",集合中无满足条件的元素,17,14,16,A,A,True
Qwen2.5-7B,LoRA-v2,199,9935,hierarchy_logic,"在某权限控制体系中，级别由高到低依次为：总部 > 大区 > 分区 > 分支 > 节点。
当前资源处于「分支」级别锁定状态，认证凭证所属级别为「总部」。
该凭证是否具备解锁权限？",规则不适用,无法判断,能够覆盖 / 可以,不能覆盖 / 不可以,C,D,False
Qwen2.5-7B,LoRA-v2,200,8369,counter_logic,"某学术课题遴选要求：入围者得分必须严格高于 10 分。
候选人得分列表为：[4, 5, 6, 15] 分。
最低入围得分应为哪个？",6,15,4,5,B,D,False
Qwen2.5-7B,LoRA-v2,201,2976,hierarchy_logic,"审批流程规则中，审批权限由高到低依次为：级别-五 > 级别-四 > 级别-三 > 级别-二 > 级别-一。
该申请已由「级别-二」级别完成审批，「级别-一」级别提出复核申请。
该复核是否具有覆盖当前审批结果的权限？",规则不适用,不能覆盖 / 不可以,能够覆盖 / 可以,无法判断,B,B,True
Qwen2.5-7B,LoRA-v2,202,7367,pattern_recognition,"在某数学认证规则中，「合法数列」定义为：公差严格为 1 的递增等差数列。
以下哪个序列是合法的？",4-4-5-6,3-4-4-6,3-4-5-7,3-4-5-6,D,D,True
Qwen2.5-7B,LoRA-v2,203,4886,pattern_recognition,"在某数学认证规则中，「合法数列」定义为：公差严格为 3 的递增等差数列。
以下哪个序列是合法的？",5-8-11-11-17,5-8-11-14-17,5-8-12-14-17,5-8-11-14-20,B,B,True
Qwen2.5-7B,LoRA-v2,204,9922,hierarchy_logic,"在某权限控制体系中，级别由高到低依次为：董事会 > 总裁办公室 > 业务部门 > 项目组 > 个人。
当前资源处于「总裁办公室」级别锁定状态，认证凭证所属级别为「项目组」。
该凭证是否具备解锁权限？",无法判断,不能覆盖 / 不可以,规则不适用,能够覆盖 / 可以,B,B,True
Qwen2.5-7B,LoRA-v2,205,6727,pattern_recognition,"异常检测：序列 7, 7, 8, 9, 10 中哪个数字偏离了等差模式？",10,8,7,9,C,D,False
Qwen2.5-7B,LoRA-v2,206,1149,counter_logic,"某大件物流关卡规定：本通道仅允许总载重量严格大于 14 吨的重型车辆通行（过滤轻型车）。
当前候选车辆载重量为：[7, 8, 10, 15] 吨。
满足要求且载重量最低的车辆是哪个？",7,8,10,15,D,D,True
Qwen2.5-7B,LoRA-v2,207,8371,pattern_recognition,"在数列 5, 5, 6, 7, 8 中，识别出违反等差规律的元素：",7,8,6,5,D,B,False
Qwen2.5-7B,LoRA-v2,208,6253,counter_logic,"某大件物流关卡规定：本通道仅允许总载重量严格大于 11 吨的重型车辆通行（过滤轻型车）。
当前候选车辆载重量为：[4, 7, 10, 13] 吨。
满足要求且载重量最低的车辆是哪个？",4,7,13,10,C,D,False
Qwen2.5-7B,LoRA-v2,209,4920,pattern_recognition,"数列验证标准：有效序列必须是公差为 1 的连续递增数列。
请识别出符合标准的序列：",4-5-6-7-7,4-5-6-6-8,4-5-6-7-8,4-5-6-7-9,C,D,False
Qwen2.5-7B,LoRA-v2,210,4981,hierarchy_logic,"审批流程规则中，审批权限由高到低依次为：极密 > 机密 > 秘密 > 内部 > 公开。
该申请已由「公开」级别完成审批，「机密」级别提出复核申请。
该复核是否具有覆盖当前审批结果的权限？",能够覆盖 / 可以,规则不适用,无法判断,不能覆盖 / 不可以,A,D,False
Qwen2.5-7B,LoRA-v2,211,7523,pattern_recognition,"在数列 12, 11, 13, 15, 17 中，识别出违反等差规律的元素：",13,15,11,12,D,B,False
Qwen2.5-7B,LoRA-v2,212,6573,counter_logic,"项目评审规则：方案报价必须严格高于成本基准线 11 万元才具备参选资格。
各参选报价（万元）：[4, 5, 7, 12]。
哪个是具备参选资格中报价最低的？",5,12,4,7,B,A,False
Qwen2.5-7B,LoRA-v2,213,6626,pattern_recognition,"观察以下等差数列：9, 14, 19, 24, 29, 34, ?
根据规律，?处应填入哪个数字？",38,45,40,39,D,D,True
Qwen2.5-7B,LoRA-v2,214,4470,hierarchy_logic,"系统访问控制规则：权限层级为 S级 > A级 > B级 > C级 > D级。
目标资源的保护级别是「D级」，用户持有的访问令牌级别为「A级」。
该用户能否成功访问此资源？",能够覆盖 / 可以,不能覆盖 / 不可以,规则不适用,无法判断,A,B,False
Qwen2.5-7B,LoRA-v2,215,5503,counter_logic,"某大件物流关卡规定：本通道仅允许总载重量严格大于 22 吨的重型车辆通行（过滤轻型车）。
当前候选车辆载重量为：[16, 19, 20, 22] 吨。
满足要求且载重量最低的车辆是哪个？（若所有车辆均不达标准，请选「无达标车辆」）",22,无达标车辆,16,20,B,D,False
Qwen2.5-7B,LoRA-v2,216,7594,hierarchy_logic,"在材料强度测试规范中，强度等级由高到低依次为：钻石 > 铂金 > 黄金 > 白银 > 青铜。
承受体当前等级为「黄金」，攻击源强度等级为「青铜」。
该攻击源是否具有击穿/覆盖承受体的强度？",规则不适用,无法判断,能够覆盖 / 可以,不能覆盖 / 不可以,D,D,True
Qwen2.5-7B,LoRA-v2,217,5891,pattern_recognition,"数列验证标准：有效序列必须是公差为 2 的连续递增数列。
请识别出符合标准的序列：",4-6-8-12,5-6-8-10,4-6-8-10,4-6-6-10,C,C,True
Qwen2.5-7B,LoRA-v2,218,9307,pattern_recognition,"数列延续：2, 3, 4, 5, 6, ?
按照既定模式，下一项是？",8,9,6,7,D,D,True
Qwen2.5-7B,LoRA-v2,219,7370,counter_logic,"项目评审规则：方案报价必须严格高于成本基准线 15 万元才具备参选资格。
各参选报价（万元）：[8, 11, 12, 14]。
哪个是具备参选资格中报价最低的？（若无项目具备参选资格，请选「无具资格项目」）",无具资格项目,11,12,14,A,B,False
Qwen2.5-7B,LoRA-v2,220,6267,pattern_recognition,"序列补全：9, 13, 17, 21, 25, 29, ?
缺失的数字应该是？",32,38,34,33,D,D,True
Qwen2.5-7B,LoRA-v2,221,3298,counter_logic,"某大件物流关卡规定：本通道仅允许总载重量严格大于 18 吨的重型车辆通行（过滤轻型车）。
当前候选车辆载重量为：[11, 12, 15, 18] 吨。
满足要求且载重量最低的车辆是哪个？（若所有车辆均不达标准，请选「无达标车辆」）",无达标车辆,18,15,12,A,C,False
Qwen2.5-7B,LoRA-v2,222,9900,hierarchy_logic,"在某权限控制体系中，级别由高到低依次为：级别-五 > 级别-四 > 级别-三 > 级别-二 > 级别-一。
当前资源处于「级别-三」级别锁定状态，认证凭证所属级别为「级别-四」。
该凭证是否具备解锁权限？",规则不适用,不能覆盖 / 不可以,能够覆盖 / 可以,无法判断,C,C,True
Qwen2.5-7B,LoRA-v2,223,5583,pattern_recognition,"逻辑规则：合规数列要求每相邻两项差值恒定为 2。
下列选项中哪个满足要求？",6-8-10-12-16,6-8-10-12-12,6-8-10-12-13,6-8-10-12-14,D,D,True
Qwen2.5-7B,LoRA-v2,224,7744,pattern_recognition,"逻辑规则：合规数列要求每相邻两项差值恒定为 1。
下列选项中哪个满足要求？",8-9-10-10-12,8-9-10-12-12,8-9-10-11-13,8-9-10-11-12,D,D,True
Qwen2.5-7B,LoRA-v2,225,2102,counter_logic,"项目评审规则：方案报价必须严格高于成本基准线 8 万元才具备参选资格。
各参选报价（万元）：[1, 2, 6, 10]。
哪个是具备参选资格中报价最低的？",2,1,6,10,D,A,False
Qwen2.5-7B,LoRA-v2,226,6427,counter_logic,"某学术课题遴选要求：入围者得分必须严格高于 12 分。
候选人得分列表为：[9, 10, 12, 19] 分。
最低入围得分应为哪个？",10,12,19,9,C,B,False
Qwen2.5-7B,LoRA-v2,227,6692,pattern_recognition,"以下序列中，有且仅有一个数字破坏了等差规律：
9, 14, 15, 18, 21
请找出这个不符合规律的数字。",9,15,14,21,C,B,False
Qwen2.5-7B,LoRA-v2,228,3875,counter_logic,"集合 S = {2, 3, 4, 12}，从 S 中选出严格大于 6 的最小元素。
该函数的返回值应为？",2,12,4,3,B,C,False
Qwen2.5-7B,LoRA-v2,229,9341,counter_logic,"化学实验要求：反应炉内温度必须严格高于 6 摄氏度。
可调节档位（摄氏度）：[3, 4, 5, 7]。
能满足安全要求且能耗最小的温度档位是？",4,5,7,3,C,C,True
Qwen2.5-7B,LoRA-v2,230,7971,hierarchy_logic,"审批流程规则中，审批权限由高到低依次为：极密 > 机密 > 秘密 > 内部 > 公开。
该申请已由「机密」级别完成审批，「内部」级别提出复核申请。
该复核是否具有覆盖当前审批结果的权限？",不能覆盖 / 不可以,规则不适用,能够覆盖 / 可以,无法判断,A,A,True
Qwen2.5-7B,LoRA-v2,231,2108,pattern_recognition,"以下序列中，有且仅有一个数字破坏了等差规律：
6, 11, 14, 17, 20
请找出这个不符合规律的数字。",14,17,11,6,D,B,False
Qwen2.5-7B,LoRA-v2,232,2891,hierarchy_logic,"在材料强度测试规范中，强度等级由高到低依次为：钻石 > 铂金 > 黄金 > 白银 > 青铜。
承受体当前等级为「铂金」，攻击源强度等级为「钻石」。
该攻击源是否具有击穿/覆盖承受体的强度？",无法判断,不能覆盖 / 不可以,规则不适用,能够覆盖 / 可以,D,B,False
Qwen2.5-7B,LoRA-v2,233,4388,hierarchy_logic,"审批流程规则中，审批权限由高到低依次为：总部 > 大区 > 分区 > 分支 > 节点。
该申请已由「分支」级别完成审批，「节点」级别提出复核申请。
该复核是否具有覆盖当前审批结果的权限？",无法判断,不能覆盖 / 不可以,能够覆盖 / 可以,规则不适用,B,B,True
Qwen2.5-7B,LoRA-v2,234,6147,hierarchy_logic,"在材料强度测试规范中，强度等级由高到低依次为：特级 > 一级 > 二级 > 三级 > 四级。
承受体当前等级为「一级」，攻击源强度等级为「特级」。
该攻击源是否具有击穿/覆盖承受体的强度？",规则不适用,能够覆盖 / 可以,不能覆盖 / 不可以,无法判断,B,B,True
Qwen2.5-7B,LoRA-v2,235,5054,counter_logic,"化学实验要求：反应炉内温度必须严格高于 15 摄氏度。
可调节档位（摄氏度）：[11, 13, 15, 20]。
能满足安全要求且能耗最小的温度档位是？",13,20,11,15,B,D,False
Qwen2.5-7B,LoRA-v2,236,3390,counter_logic,"某学术课题遴选要求：入围者得分必须严格高于 16 分。
候选人得分列表为：[10, 11, 14, 23] 分。
最低入围得分应为哪个？",14,10,23,11,C,A,False
Qwen2.5-7B,LoRA-v2,237,5033,hierarchy_logic,"系统访问控制规则：权限层级为 总部 > 大区 > 分区 > 分支 > 节点。
目标资源的保护级别是「大区」，用户持有的访问令牌级别为「总部」。
该用户能否成功访问此资源？",无法判断,能够覆盖 / 可以,规则不适用,不能覆盖 / 不可以,B,D,False
Qwen2.5-7B,LoRA-v2,238,7421,pattern_recognition,"序列补全：3, 6, 9, 12, 15, 18, ?
缺失的数字应该是？",21,20,25,22,A,A,True
Qwen2.5-7B,LoRA-v2,239,5571,counter_logic,"某学术课题遴选要求：入围者得分必须严格高于 12 分。
候选人得分列表为：[10, 11, 12, 15] 分。
最低入围得分应为哪个？",10,12,15,11,C,B,False
Qwen2.5-7B,LoRA-v2,240,1508,hierarchy_logic,"审批流程规则中，审批权限由高到低依次为：特级 > 一级 > 二级 > 三级 > 四级。
该申请已由「一级」级别完成审批，「四级」级别提出复核申请。
该复核是否具有覆盖当前审批结果的权限？",能够覆盖 / 可以,规则不适用,无法判断,不能覆盖 / 不可以,D,D,True
Qwen2.5-7B,LoRA-v2,241,9201,hierarchy_logic,"组织决策体系：决策权限分级为 钻石 > 铂金 > 黄金 > 白银 > 青铜。
当前决议由「黄金」层级通过，现「铂金」层级要求重新审议。
重新审议请求是否有效？",规则不适用,不能覆盖 / 不可以,无法判断,能够覆盖 / 可以,D,D,True
Qwen2.5-7B,LoRA-v2,242,4871,counter_logic,"化学实验要求：反应炉内温度必须严格高于 16 摄氏度。
可调节档位（摄氏度）：[11, 13, 14, 19]。
能满足安全要求且能耗最小的温度档位是？",13,11,14,19,D,D,True
Qwen2.5-7B,LoRA-v2,243,3773,counter_logic,"项目评审规则：方案报价必须严格高于成本基准线 11 万元才具备参选资格。
各参选报价（万元）：[6, 7, 9, 16]。
哪个是具备参选资格中报价最低的？",6,9,16,7,C,A,False
Qwen2.5-7B,LoRA-v2,244,9159,counter_logic,"某大件物流关卡规定：本通道仅允许总载重量严格大于 4 吨的重型车辆通行（过滤轻型车）。
当前候选车辆载重量为：[1, 2, 3, 5] 吨。
满足要求且载重量最低的车辆是哪个？",1,5,3,2,B,D,False
Qwen2.5-7B,LoRA-v2,245,5089,pattern_recognition,"异常检测：序列 7, 10, 13, 18, 19 中哪个数字偏离了等差模式？",18,10,19,13,A,A,True
Qwen2.5-7B,LoRA-v2,246,2188,hierarchy_logic,"审批流程规则中，审批权限由高到低依次为：极密 > 机密 > 秘密 > 内部 > 公开。
该申请已由「公开」级别完成审批，「机密」级别提出复核申请。
该复核是否具有覆盖当前审批结果的权限？",能够覆盖 / 可以,规则不适用,不能覆盖 / 不可以,无法判断,A,C,False
Qwen2.5-7B,LoRA-v2,247,6804,hierarchy_logic,"组织决策体系：决策权限分级为 董事会 > 总裁办公室 > 业务部门 > 项目组 > 个人。
当前决议由「业务部门」层级通过，现「董事会」层级要求重新审议。
重新审议请求是否有效？",规则不适用,不能覆盖 / 不可以,无法判断,能够覆盖 / 可以,D,D,True
Qwen2.5-7B,LoRA-v2,248,1797,counter_logic,"某大件物流关卡规定：本通道仅允许总载重量严格大于 4 吨的重型车辆通行（过滤轻型车）。
当前候选车辆载重量为：[2, 3, 4, 5] 吨。
满足要求且载重量最低的车辆是哪个？",5,2,3,4,A,D,False
Qwen2.5-7B,LoRA-v2,249,1715,pattern_recognition,"序列补全：4, 6, 8, 10, ?
缺失的数字应该是？",12,15,11,13,A,A,True
Qwen2.5-7B,LoRA-v2,250,7703,counter_logic,"某学术课题遴选要求：入围者得分必须严格高于 14 分。
候选人得分列表为：[5, 10, 11, 12] 分。
最低入围得分应为哪个？（若无候选人分数达标，请选「无入围候选人」）",无入围候选人,12,11,10,A,B,False
Qwen2.5-7B,LoRA-v2,251,1710,pattern_recognition,"逻辑规则：合规数列要求每相邻两项差值恒定为 3。
下列选项中哪个满足要求？",2-5-5-11,2-5-8-14,2-5-8-12,2-5-8-11,D,C,False
Qwen2.5-7B,LoRA-v2,252,1280,counter_logic,"化学实验要求：反应炉内温度必须严格高于 4 摄氏度。
可调节档位（摄氏度）：[1, 3, 4, 9]。
能满足安全要求且能耗最小的温度档位是？",9,4,3,1,A,A,True
Qwen2.5-7B,LoRA-v2,253,2130,counter_logic,"某学术课题遴选要求：入围者得分必须严格高于 15 分。
候选人得分列表为：[8, 9, 11, 17] 分。
最低入围得分应为哪个？",9,11,8,17,D,B,False
Qwen2.5-7B,LoRA-v2,254,6529,hierarchy_logic,"审批流程规则中，审批权限由高到低依次为：特级 > 一级 > 二级 > 三级 > 四级。
该申请已由「三级」级别完成审批，「四级」级别提出复核申请。
该复核是否具有覆盖当前审批结果的权限？",不能覆盖 / 不可以,无法判断,规则不适用,能够覆盖 / 可以,A,A,True
Qwen2.5-7B,LoRA-v2,255,1744,pattern_recognition,"序列补全：3, 7, 11, 15, 19, ?
缺失的数字应该是？",23,24,22,28,A,A,True
Qwen2.5-7B,LoRA-v2,256,8055,pattern_recognition,"数列延续：6, 8, 10, 12, 14, ?
按照既定模式，下一项是？",15,17,19,16,D,D,True
Qwen2.5-7B,LoRA-v2,257,2180,pattern_recognition,"序列补全：4, 6, 8, 10, 12, ?
缺失的数字应该是？",14,17,13,15,A,A,True
Qwen2.5-7B,LoRA-v2,258,2079,pattern_recognition,"序列补全：7, 11, 15, 19, 23, 27, ?
缺失的数字应该是？",36,32,30,31,D,D,True
Qwen2.5-7B,LoRA-v2,259,9369,counter_logic,"集合 S = {14, 15, 17, 20}，从 S 中选出严格大于 22 的最小元素。
该函数的返回值应为？（若集合中不存在满足条件的元素，请选「集合中无满足条件的元素」）",20,集合中无满足条件的元素,17,14,B,B,True
Qwen2.5-7B,LoRA-v2,260,3579,pattern_recognition,"序列补全：7, 10, 13, 16, 19, 22, ?
缺失的数字应该是？",26,24,29,25,D,D,True
Qwen2.5-7B,LoRA-v2,261,4948,counter_logic,"集合 S = {6, 11, 12, 19}，从 S 中选出严格大于 12 的最小元素。
该函数的返回值应为？",11,6,12,19,D,D,True
Qwen2.5-7B,LoRA-v2,262,1958,hierarchy_logic,"组织决策体系：决策权限分级为 钻石 > 铂金 > 黄金 > 白银 > 青铜。
当前决议由「青铜」层级通过，现「铂金」层级要求重新审议。
重新审议请求是否有效？",无法判断,能够覆盖 / 可以,规则不适用,不能覆盖 / 不可以,B,B,True
Qwen2.5-7B,LoRA-v2,263,2217,counter_logic,"化学实验要求：反应炉内温度必须严格高于 6 摄氏度。
可调节档位（摄氏度）：[2, 4, 5, 12]。
能满足安全要求且能耗最小的温度档位是？",5,2,4,12,D,D,True
Qwen2.5-7B,LoRA-v2,264,3369,pattern_recognition,"数列验证标准：有效序列必须是公差为 3 的连续递增数列。
请识别出符合标准的序列：",3-6-9-12-12,3-6-10-12-15,3-6-9-12-15,3-6-9-12-18,C,C,True
Qwen2.5-7B,LoRA-v2,265,2874,hierarchy_logic,"在某权限控制体系中，级别由高到低依次为：极密 > 机密 > 秘密 > 内部 > 公开。
当前资源处于「极密」级别锁定状态，认证凭证所属级别为「秘密」。
该凭证是否具备解锁权限？",无法判断,规则不适用,不能覆盖 / 不可以,能够覆盖 / 可以,C,C,True
Qwen2.5-7B,LoRA-v2,266,5530,hierarchy_logic,"审批流程规则中，审批权限由高到低依次为：极密 > 机密 > 秘密 > 内部 > 公开。
该申请已由「极密」级别完成审批，「秘密」级别提出复核申请。
该复核是否具有覆盖当前审批结果的权限？",无法判断,规则不适用,不能覆盖 / 不可以,能够覆盖 / 可以,C,C,True
Qwen2.5-7B,LoRA-v2,267,9498,counter_logic,"项目评审规则：方案报价必须严格高于成本基准线 15 万元才具备参选资格。
各参选报价（万元）：[12, 14, 15, 17]。
哪个是具备参选资格中报价最低的？",14,15,12,17,D,A,False
Qwen2.5-7B,LoRA-v2,268,8349,pattern_recognition,"在数列 7, 9, 9, 10, 11 中，识别出违反等差规律的元素：",10,7,11,9,D,A,False
Qwen2.5-7B,LoRA-v2,269,4090,pattern_recognition,"数列验证标准：有效序列必须是公差为 3 的连续递增数列。
请识别出符合标准的序列：",8-11-14-17,8-11-11-17,8-11-14-18,8-11-14-20,A,A,True
Qwen2.5-7B,LoRA-v2,270,5332,pattern_recognition,"数列验证标准：有效序列必须是公差为 2 的连续递增数列。
请识别出符合标准的序列：",2-4-6-6,2-4-6-10,2-5-6-8,2-4-6-8,D,D,True
Qwen2.5-7B,LoRA-v2,271,4919,hierarchy_logic,"审批流程规则中，审批权限由高到低依次为：董事会 > 总裁办公室 > 业务部门 > 项目组 > 个人。
该申请已由「业务部门」级别完成审批，「项目组」级别提出复核申请。
该复核是否具有覆盖当前审批结果的权限？",不能覆盖 / 不可以,能够覆盖 / 可以,规则不适用,无法判断,A,A,True
Qwen2.5-7B,LoRA-v2,272,8849,counter_logic,"某学术课题遴选要求：入围者得分必须严格高于 8 分。
候选人得分列表为：[1, 5, 6, 9] 分。
最低入围得分应为哪个？",9,5,6,1,A,A,True
Qwen2.5-7B,LoRA-v2,273,2771,hierarchy_logic,"系统访问控制规则：权限层级为 特级 > 一级 > 二级 > 三级 > 四级。
目标资源的保护级别是「三级」，用户持有的访问令牌级别为「一级」。
该用户能否成功访问此资源？",无法判断,能够覆盖 / 可以,规则不适用,不能覆盖 / 不可以,B,D,False
Qwen2.5-7B,LoRA-v2,274,6221,pattern_recognition,"以下序列中，有且仅有一个数字破坏了等差规律：
10, 9, 10, 11, 12
请找出这个不符合规律的数字。",12,10,9,11,B,D,False
Qwen2.5-7B,LoRA-v2,275,4522,pattern_recognition,"逻辑规则：合规数列要求每相邻两项差值恒定为 3。
下列选项中哪个满足要求？",6-9-12-15-19,6-9-12-15-15,6-9-12-15-18,6-9-12-15-21,C,A,False
Qwen2.5-7B,LoRA-v2,276,8444,counter_logic,"某学术课题遴选要求：入围者得分必须严格高于 15 分。
候选人得分列表为：[8, 12, 14, 22] 分。
最低入围得分应为哪个？",14,8,12,22,D,A,False
Qwen2.5-7B,LoRA-v2,277,3646,hierarchy_logic,"在材料强度测试规范中，强度等级由高到低依次为：S级 > A级 > B级 > C级 > D级。
承受体当前等级为「A级」，攻击源强度等级为「S级」。
该攻击源是否具有击穿/覆盖承受体的强度？",无法判断,规则不适用,能够覆盖 / 可以,不能覆盖 / 不可以,C,D,False
Qwen2.5-7B,LoRA-v2,278,2443,pattern_recognition,"序列补全：7, 8, 9, 10, ?
缺失的数字应该是？",11,12,10,13,A,A,True
Qwen2.5-7B,LoRA-v2,279,9920,pattern_recognition,"数列验证标准：有效序列必须是公差为 1 的连续递增数列。
请识别出符合标准的序列：",6-7-8-10,6-8-10-12,6-6-8-9,6-7-8-9,D,D,True
Qwen2.5-7B,LoRA-v2,280,5978,hierarchy_logic,"审批流程规则中，审批权限由高到低依次为：极密 > 机密 > 秘密 > 内部 > 公开。
该申请已由「内部」级别完成审批，「公开」级别提出复核申请。
该复核是否具有覆盖当前审批结果的权限？",规则不适用,不能覆盖 / 不可以,能够覆盖 / 可以,无法判断,B,B,True
Qwen2.5-7B,LoRA-v2,281,1517,counter_logic,"化学实验要求：反应炉内温度必须严格高于 13 摄氏度。
可调节档位（摄氏度）：[8, 10, 11, 17]。
能满足安全要求且能耗最小的温度档位是？",8,10,17,11,C,D,False
Qwen2.5-7B,LoRA-v2,282,4727,pattern_recognition,"逻辑规则：合规数列要求每相邻两项差值恒定为 2。
下列选项中哪个满足要求？",9-9-13-15-17,9-11-14-15-17,9-11-13-15-19,9-11-13-15-17,D,D,True
Qwen2.5-7B,LoRA-v2,283,4070,counter_logic,"某学术课题遴选要求：入围者得分必须严格高于 5 分。
候选人得分列表为：[2, 3, 4, 6] 分。
最低入围得分应为哪个？",3,4,2,6,D,B,False
Qwen2.5-7B,LoRA-v2,284,4920,counter_logic,"化学实验要求：反应炉内温度必须严格高于 7 摄氏度。
可调节档位（摄氏度）：[3, 5, 7, 9]。
能满足安全要求且能耗最小的温度档位是？",7,3,9,5,C,A,False
Qwen2.5-7B,LoRA-v2,285,4608,hierarchy_logic,"系统访问控制规则：权限层级为 极密 > 机密 > 秘密 > 内部 > 公开。
目标资源的保护级别是「机密」，用户持有的访问令牌级别为「极密」。
该用户能否成功访问此资源？",不能覆盖 / 不可以,规则不适用,无法判断,能够覆盖 / 可以,D,D,True
Qwen2.5-7B,LoRA-v2,286,2344,counter_logic,"某学术课题遴选要求：入围者得分必须严格高于 10 分。
候选人得分列表为：[3, 7, 9, 12] 分。
最低入围得分应为哪个？",7,12,3,9,B,D,False
Qwen2.5-7B,LoRA-v2,287,9151,pattern_recognition,"异常检测：序列 10, 9, 12, 15, 18 中哪个数字偏离了等差模式？",15,18,10,12,C,B,False
Qwen2.5-7B,LoRA-v2,288,2745,counter_logic,"某大件物流关卡规定：本通道仅允许总载重量严格大于 8 吨的重型车辆通行（过滤轻型车）。
当前候选车辆载重量为：[6, 7, 8, 10] 吨。
满足要求且载重量最低的车辆是哪个？",10,6,7,8,A,D,False
Qwen2.5-7B,LoRA-v2,289,1842,pattern_recognition,"在某数学认证规则中，「合法数列」定义为：公差严格为 1 的递增等差数列。
以下哪个序列是合法的？",6-7-8-9,6-7-8-8,7-7-8-9,6-7-8-10,A,A,True
Qwen2.5-7B,LoRA-v2,290,3184,hierarchy_logic,"在材料强度测试规范中，强度等级由高到低依次为：S级 > A级 > B级 > C级 > D级。
承受体当前等级为「C级」，攻击源强度等级为「D级」。
该攻击源是否具有击穿/覆盖承受体的强度？",无法判断,规则不适用,不能覆盖 / 不可以,能够覆盖 / 可以,C,C,True
Qwen2.5-7B,LoRA-v2,291,4585,hierarchy_logic,"审批流程规则中，审批权限由高到低依次为：董事会 > 总裁办公室 > 业务部门 > 项目组 > 个人。
该申请已由「总裁办公室」级别完成审批，「业务部门」级别提出复核申请。
该复核是否具有覆盖当前审批结果的权限？",无法判断,能够覆盖 / 可以,规则不适用,不能覆盖 / 不可以,D,D,True
Qwen2.5-7B,LoRA-v2,292,5026,counter_logic,"某大件物流关卡规定：本通道仅允许总载重量严格大于 4 吨的重型车辆通行（过滤轻型车）。
当前候选车辆载重量为：[1, 2, 4, 7] 吨。
满足要求且载重量最低的车辆是哪个？",1,4,7,2,C,B,False
Qwen2.5-7B,LoRA-v2,293,5933,counter_logic,"化学实验要求：反应炉内温度必须严格高于 18 摄氏度。
可调节档位（摄氏度）：[10, 12, 13, 15]。
能满足安全要求且能耗最小的温度档位是？（若无温度满足要求，请选「无合规温度档位」）",12,13,无合规温度档位,10,C,B,False
Qwen2.5-7B,LoRA-v2,294,4012,counter_logic,"项目评审规则：方案报价必须严格高于成本基准线 16 万元才具备参选资格。
各参选报价（万元）：[12, 14, 16, 21]。
哪个是具备参选资格中报价最低的？",21,16,12,14,A,C,False
Qwen2.5-7B,LoRA-v2,295,6651,counter_logic,"化学实验要求：反应炉内温度必须严格高于 12 摄氏度。
可调节档位（摄氏度）：[4, 6, 7, 11]。
能满足安全要求且能耗最小的温度档位是？（若无温度满足要求，请选「无合规温度档位」）",11,无合规温度档位,7,6,B,A,False
Qwen2.5-7B,LoRA-v2,296,8319,counter_logic,"集合 S = {2, 3, 4, 8}，从 S 中选出严格大于 6 的最小元素。
该函数的返回值应为？",2,8,4,3,B,C,False
Qwen2.5-7B,LoRA-v2,297,3068,hierarchy_logic,"在材料强度测试规范中，强度等级由高到低依次为：特级 > 一级 > 二级 > 三级 > 四级。
承受体当前等级为「一级」，攻击源强度等级为「三级」。
该攻击源是否具有击穿/覆盖承受体的强度？",无法判断,能够覆盖 / 可以,规则不适用,不能覆盖 / 不可以,D,D,True
Qwen2.5-7B,LoRA-v2,298,4460,pattern_recognition,"观察以下等差数列：8, 10, 12, 14, 16, 18, ?
根据规律，?处应填入哪个数字？",19,21,23,20,D,D,True
Qwen2.5-7B,LoRA-v2,299,7499,counter_logic,"项目评审规则：方案报价必须严格高于成本基准线 12 万元才具备参选资格。
各参选报价（万元）：[5, 10, 11, 18]。
哪个是具备参选资格中报价最低的？",5,11,18,10,C,A,False
Qwen2.5-7B,LoRA-v2,300,6661,pattern_recognition,"逻辑规则：合规数列要求每相邻两项差值恒定为 2。
下列选项中哪个满足要求？",5-7-9-9,5-7-9-13,5-7-9-11,5-7-9-12,C,C,True
Llama3.1-8B,Base,1,8496,counter_logic,"集合 S = {6, 7, 9, 12}，从 S 中选出严格大于 12 的最小元素。
该函数的返回值应为？（若集合中不存在满足条件的元素，请选「集合中无满足条件的元素」）",9,集合中无满足条件的元素,6,7,B,B,True
Llama3.1-8B,Base,2,9817,hierarchy_logic,"在材料强度测试规范中，强度等级由高到低依次为：级别-五 > 级别-四 > 级别-三 > 级别-二 > 级别-一。
承受体当前等级为「级别-二」，攻击源强度等级为「级别-一」。
该攻击源是否具有击穿/覆盖承受体的强度？",无法判断,能够覆盖 / 可以,不能覆盖 / 不可以,规则不适用,C,B,False
Llama3.1-8B,Base,3,5533,hierarchy_logic,"审批流程规则中，审批权限由高到低依次为：极密 > 机密 > 秘密 > 内部 > 公开。
该申请已由「公开」级别完成审批，「秘密」级别提出复核申请。
该复核是否具有覆盖当前审批结果的权限？",无法判断,不能覆盖 / 不可以,规则不适用,能够覆盖 / 可以,D,D,True
Llama3.1-8B,Base,4,2354,counter_logic,"集合 S = {6, 7, 9, 14}，从 S 中选出严格大于 10 的最小元素。
该函数的返回值应为？",9,6,7,14,D,D,True
Llama3.1-8B,Base,5,2137,hierarchy_logic,"系统访问控制规则：权限层级为 极密 > 机密 > 秘密 > 内部 > 公开。
目标资源的保护级别是「机密」，用户持有的访问令牌级别为「极密」。
该用户能否成功访问此资源？",能够覆盖 / 可以,无法判断,不能覆盖 / 不可以,规则不适用,A,C,False
Llama3.1-8B,Base,6,7761,counter_logic,"某学术课题遴选要求：入围者得分必须严格高于 16 分。
候选人得分列表为：[10, 15, 16, 21] 分。
最低入围得分应为哪个？",10,21,15,16,B,D,False
Llama3.1-8B,Base,7,6655,pattern_recognition,"数列延续：9, 14, 19, 24, 29, ?
按照既定模式，下一项是？",40,34,33,35,B,A,False
Llama3.1-8B,Base,8,2827,hierarchy_logic,"在材料强度测试规范中，强度等级由高到低依次为：钻石 > 铂金 > 黄金 > 白银 > 青铜。
承受体当前等级为「铂金」，攻击源强度等级为「钻石」。
该攻击源是否具有击穿/覆盖承受体的强度？",能够覆盖 / 可以,不能覆盖 / 不可以,规则不适用,无法判断,A,A,True
Llama3.1-8B,Base,9,7484,pattern_recognition,"数列延续：3, 7, 11, 15, ?
按照既定模式，下一项是？",20,19,18,24,B,A,False
Llama3.1-8B,Base,10,6925,hierarchy_logic,"在材料强度测试规范中，强度等级由高到低依次为：董事会 > 总裁办公室 > 业务部门 > 项目组 > 个人。
承受体当前等级为「总裁办公室」，攻击源强度等级为「董事会」。
该攻击源是否具有击穿/覆盖承受体的强度？",规则不适用,不能覆盖 / 不可以,无法判断,能够覆盖 / 可以,D,D,True
Llama3.1-8B,Base,11,2923,counter_logic,"某大件物流关卡规定：本通道仅允许总载重量严格大于 4 吨的重型车辆通行（过滤轻型车）。
当前候选车辆载重量为：[1, 2, 3, 10] 吨。
满足要求且载重量最低的车辆是哪个？",10,1,2,3,A,A,True
Llama3.1-8B,Base,12,4502,hierarchy_logic,"在某权限控制体系中，级别由高到低依次为：特级 > 一级 > 二级 > 三级 > 四级。
当前资源处于「二级」级别锁定状态，认证凭证所属级别为「特级」。
该凭证是否具备解锁权限？",能够覆盖 / 可以,无法判断,不能覆盖 / 不可以,规则不适用,A,A,True
Llama3.1-8B,Base,13,5820,hierarchy_logic,"在材料强度测试规范中，强度等级由高到低依次为：极密 > 机密 > 秘密 > 内部 > 公开。
承受体当前等级为「内部」，攻击源强度等级为「公开」。
该攻击源是否具有击穿/覆盖承受体的强度？",能够覆盖 / 可以,无法判断,不能覆盖 / 不可以,规则不适用,C,A,False
Llama3.1-8B,Base,14,2946,counter_logic,"化学实验要求：反应炉内温度必须严格高于 9 摄氏度。
可调节档位（摄氏度）：[2, 5, 6, 14]。
能满足安全要求且能耗最小的温度档位是？",14,6,2,5,A,A,True
Llama3.1-8B,Base,15,2735,counter_logic,"某大件物流关卡规定：本通道仅允许总载重量严格大于 20 吨的重型车辆通行（过滤轻型车）。
当前候选车辆载重量为：[12, 17, 19, 20] 吨。
满足要求且载重量最低的车辆是哪个？（若所有车辆均不达标准，请选「无达标车辆」）",无达标车辆,20,19,17,A,D,False
Llama3.1-8B,Base,16,5386,hierarchy_logic,"审批流程规则中，审批权限由高到低依次为：极密 > 机密 > 秘密 > 内部 > 公开。
该申请已由「机密」级别完成审批，「极密」级别提出复核申请。
该复核是否具有覆盖当前审批结果的权限？",规则不适用,无法判断,不能覆盖 / 不可以,能够覆盖 / 可以,D,D,True
Llama3.1-8B,Base,17,2395,hierarchy_logic,"在材料强度测试规范中，强度等级由高到低依次为：总部 > 大区 > 分区 > 分支 > 节点。
承受体当前等级为「总部」，攻击源强度等级为「分区」。
该攻击源是否具有击穿/覆盖承受体的强度？",不能覆盖 / 不可以,规则不适用,无法判断,能够覆盖 / 可以,A,A,True
Llama3.1-8B,Base,18,9837,hierarchy_logic,"审批流程规则中，审批权限由高到低依次为：一级响应 > 二级响应 > 三级响应 > 四级响应 > 日常局。
该申请已由「四级响应」级别完成审批，「日常局」级别提出复核申请。
该复核是否具有覆盖当前审批结果的权限？",无法判断,规则不适用,能够覆盖 / 可以,不能覆盖 / 不可以,D,D,True
Llama3.1-8B,Base,19,5871,hierarchy_logic,"在某权限控制体系中，级别由高到低依次为：极密 > 机密 > 秘密 > 内部 > 公开。
当前资源处于「内部」级别锁定状态，认证凭证所属级别为「公开」。
该凭证是否具备解锁权限？",不能覆盖 / 不可以,无法判断,能够覆盖 / 可以,规则不适用,A,A,True
Llama3.1-8B,Base,20,3399,counter_logic,"化学实验要求：反应炉内温度必须严格高于 12 摄氏度。
可调节档位（摄氏度）：[5, 7, 9, 19]。
能满足安全要求且能耗最小的温度档位是？",19,7,9,5,A,A,True
Llama3.1-8B,Base,21,5526,hierarchy_logic,"审批流程规则中，审批权限由高到低依次为：S级 > A级 > B级 > C级 > D级。
该申请已由「A级」级别完成审批，「C级」级别提出复核申请。
该复核是否具有覆盖当前审批结果的权限？",不能覆盖 / 不可以,规则不适用,能够覆盖 / 可以,无法判断,A,A,True
Llama3.1-8B,Base,22,8033,pattern_recognition,"观察以下等差数列：2, 6, 10, 14, 18, ?
根据规律，?处应填入哪个数字？",21,23,22,27,C,A,False
Llama3.1-8B,Base,23,6000,hierarchy_logic,"在某权限控制体系中，级别由高到低依次为：一级响应 > 二级响应 > 三级响应 > 四级响应 > 日常局。
当前资源处于「日常局」级别锁定状态，认证凭证所属级别为「二级响应」。
该凭证是否具备解锁权限？",能够覆盖 / 可以,无法判断,规则不适用,不能覆盖 / 不可以,A,D,False
Llama3.1-8B,Base,24,8179,pattern_recognition,"异常检测：序列 8, 11, 16, 17, 20 中哪个数字偏离了等差模式？",11,17,16,8,C,A,False
Llama3.1-8B,Base,25,6649,pattern_recognition,"在数列 8, 9, 10, 12, 12 中，识别出违反等差规律的元素：",10,9,8,12,D,A,False
Llama3.1-8B,Base,26,1645,pattern_recognition,"逻辑规则：合规数列要求每相邻两项差值恒定为 2。
下列选项中哪个满足要求？",4-6-8-10-14,4-6-8-10-12,4-6-8-8-12,4-5-8-10-12,B,B,True
Llama3.1-8B,Base,27,5500,pattern_recognition,"数列延续：9, 11, 13, 15, ?
按照既定模式，下一项是？",17,18,16,20,A,A,True
Llama3.1-8B,Base,28,3050,pattern_recognition,"以下序列中，有且仅有一个数字破坏了等差规律：
4, 6, 7, 10, 12
请找出这个不符合规律的数字。",6,10,7,12,C,A,False
Llama3.1-8B,Base,29,5161,pattern_recognition,"逻辑规则：合规数列要求每相邻两项差值恒定为 1。
下列选项中哪个满足要求？",2-3-4-5-6,2-4-4-6,2-3-4-5-5,2-3-4-5-7,A,A,True
Llama3.1-8B,Base,30,2160,hierarchy_logic,"在某权限控制体系中，级别由高到低依次为：特级 > 一级 > 二级 > 三级 > 四级。
当前资源处于「一级」级别锁定状态，认证凭证所属级别为「特级」。
该凭证是否具备解锁权限？",无法判断,不能覆盖 / 不可以,规则不适用,能够覆盖 / 可以,D,D,True
Llama3.1-8B,Base,31,9331,pattern_recognition,"序列补全：12, 14, 16, 18, 20, 22, ?
缺失的数字应该是？",27,25,23,24,D,B,False
Llama3.1-8B,Base,32,7652,counter_logic,"某学术课题遴选要求：入围者得分必须严格高于 7 分。
候选人得分列表为：[3, 5, 6, 12] 分。
最低入围得分应为哪个？",3,5,12,6,C,A,False
Llama3.1-8B,Base,33,8348,counter_logic,"某大件物流关卡规定：本通道仅允许总载重量严格大于 11 吨的重型车辆通行（过滤轻型车）。
当前候选车辆载重量为：[5, 7, 8, 12] 吨。
满足要求且载重量最低的车辆是哪个？",12,7,8,5,A,A,True
Llama3.1-8B,Base,34,6381,pattern_recognition,"观察以下等差数列：11, 13, 15, 17, 19, 21, ?
根据规律，?处应填入哪个数字？",23,24,26,22,A,A,True
Llama3.1-8B,Base,35,9984,pattern_recognition,"在某数学认证规则中，「合法数列」定义为：公差严格为 3 的递增等差数列。
以下哪个序列是合法的？",8-11-14-14,9-11-14-17,8-11-14-20,8-11-14-17,D,D,True
Llama3.1-8B,Base,36,2886,pattern_recognition,"数列验证标准：有效序列必须是公差为 1 的连续递增数列。
请识别出符合标准的序列：",3-4-4-6-7,3-4-5-6-8,3-4-5-6-7,3-4-5-6-8,C,A,False
Llama3.1-8B,Base,37,1693,pattern_recognition,"以下序列中，有且仅有一个数字破坏了等差规律：
3, 4, 7, 6, 7
请找出这个不符合规律的数字。",3,6,7,4,C,A,False
Llama3.1-8B,Base,38,4501,hierarchy_logic,"在某权限控制体系中，级别由高到低依次为：钻石 > 铂金 > 黄金 > 白银 > 青铜。
当前资源处于「白银」级别锁定状态，认证凭证所属级别为「青铜」。
该凭证是否具备解锁权限？",不能覆盖 / 不可以,无法判断,能够覆盖 / 可以,规则不适用,A,A,True
Llama3.1-8B,Base,39,8041,hierarchy_logic,"在某权限控制体系中，级别由高到低依次为：特级 > 一级 > 二级 > 三级 > 四级。
当前资源处于「一级」级别锁定状态，认证凭证所属级别为「特级」。
该凭证是否具备解锁权限？",无法判断,规则不适用,不能覆盖 / 不可以,能够覆盖 / 可以,D,D,True
Llama3.1-8B,Base,40,7590,counter_logic,"集合 S = {1, 3, 4, 10}，从 S 中选出严格大于 5 的最小元素。
该函数的返回值应为？",3,10,4,1,B,B,True
Llama3.1-8B,Base,41,4817,pattern_recognition,"逻辑规则：合规数列要求每相邻两项差值恒定为 1。
下列选项中哪个满足要求？",6-6-8-9,6-7-8-10,6-8-8-9,6-7-8-9,D,B,False
Llama3.1-8B,Base,42,1783,pattern_recognition,"在数列 10, 13, 16, 17, 22 中，识别出违反等差规律的元素：",17,13,10,22,A,A,True
Llama3.1-8B,Base,43,8822,counter_logic,"集合 S = {9, 13, 15, 19}，从 S 中选出严格大于 15 的最小元素。
该函数的返回值应为？",19,13,15,9,A,D,False
Llama3.1-8B,Base,44,9056,hierarchy_logic,"在某权限控制体系中，级别由高到低依次为：S级 > A级 > B级 > C级 > D级。
当前资源处于「B级」级别锁定状态，认证凭证所属级别为「D级」。
该凭证是否具备解锁权限？",无法判断,能够覆盖 / 可以,规则不适用,不能覆盖 / 不可以,D,D,True
Llama3.1-8B,Base,45,7755,hierarchy_logic,"审批流程规则中，审批权限由高到低依次为：总部 > 大区 > 分区 > 分支 > 节点。
该申请已由「节点」级别完成审批，「大区」级别提出复核申请。
该复核是否具有覆盖当前审批结果的权限？",规则不适用,无法判断,能够覆盖 / 可以,不能覆盖 / 不可以,C,D,False
Llama3.1-8B,Base,46,2943,counter_logic,"化学实验要求：反应炉内温度必须严格高于 10 摄氏度。
可调节档位（摄氏度）：[4, 8, 9, 14]。
能满足安全要求且能耗最小的温度档位是？",14,9,8,4,A,A,True
Llama3.1-8B,Base,47,7689,pattern_recognition,"逻辑规则：合规数列要求每相邻两项差值恒定为 1。
下列选项中哪个满足要求？",9-10-11-12-13,9-10-11-12-12,9-9-11-12-13,9-10-11-12-14,A,A,True
Llama3.1-8B,Base,48,7071,hierarchy_logic,"在某权限控制体系中，级别由高到低依次为：极密 > 机密 > 秘密 > 内部 > 公开。
当前资源处于「秘密」级别锁定状态，认证凭证所属级别为「内部」。
该凭证是否具备解锁权限？",规则不适用,无法判断,能够覆盖 / 可以,不能覆盖 / 不可以,D,D,True
Llama3.1-8B,Base,49,2245,hierarchy_logic,"在某权限控制体系中，级别由高到低依次为：钻石 > 铂金 > 黄金 > 白银 > 青铜。
当前资源处于「钻石」级别锁定状态，认证凭证所属级别为「白银」。
该凭证是否具备解锁权限？",无法判断,不能覆盖 / 不可以,能够覆盖 / 可以,规则不适用,B,B,True
Llama3.1-8B,Base,50,6238,hierarchy_logic,"审批流程规则中，审批权限由高到低依次为：钻石 > 铂金 > 黄金 > 白银 > 青铜。
该申请已由「钻石」级别完成审批，「白银」级别提出复核申请。
该复核是否具有覆盖当前审批结果的权限？",不能覆盖 / 不可以,无法判断,规则不适用,能够覆盖 / 可以,A,D,False
Llama3.1-8B,Base,51,1841,counter_logic,"集合 S = {9, 11, 13, 15}，从 S 中选出严格大于 14 的最小元素。
该函数的返回值应为？",11,15,13,9,B,D,False
Llama3.1-8B,Base,52,2982,hierarchy_logic,"审批流程规则中，审批权限由高到低依次为：极密 > 机密 > 秘密 > 内部 > 公开。
该申请已由「公开」级别完成审批，「秘密」级别提出复核申请。
该复核是否具有覆盖当前审批结果的权限？",能够覆盖 / 可以,不能覆盖 / 不可以,无法判断,规则不适用,A,B,False
Llama3.1-8B,Base,53,7256,pattern_recognition,"在数列 10, 15, 14, 16, 18 中，识别出违反等差规律的元素：",15,10,18,14,A,D,False
Llama3.1-8B,Base,54,7062,pattern_recognition,"数列延续：5, 10, 15, 20, 25, ?
按照既定模式，下一项是？",29,30,31,36,B,A,False
Llama3.1-8B,Base,55,1422,pattern_recognition,"逻辑规则：合规数列要求每相邻两项差值恒定为 2。
下列选项中哪个满足要求？",3-5-6-9,3-5-7-11,3-5-7-9,3-3-7-9,C,B,False
Llama3.1-8B,Base,56,8454,counter_logic,"某大件物流关卡规定：本通道仅允许总载重量严格大于 14 吨的重型车辆通行（过滤轻型车）。
当前候选车辆载重量为：[8, 11, 12, 17] 吨。
满足要求且载重量最低的车辆是哪个？",11,17,8,12,B,A,False
Llama3.1-8B,Base,57,5061,counter_logic,"项目评审规则：方案报价必须严格高于成本基准线 12 万元才具备参选资格。
各参选报价（万元）：[6, 7, 12, 17]。
哪个是具备参选资格中报价最低的？",12,7,6,17,D,D,True
Llama3.1-8B,Base,58,7636,pattern_recognition,"序列补全：8, 13, 18, 23, 28, 33, ?
缺失的数字应该是？",37,38,39,44,B,A,False
Llama3.1-8B,Base,59,4505,hierarchy_logic,"在某权限控制体系中，级别由高到低依次为：总部 > 大区 > 分区 > 分支 > 节点。
当前资源处于「大区」级别锁定状态，认证凭证所属级别为「分区」。
该凭证是否具备解锁权限？",能够覆盖 / 可以,不能覆盖 / 不可以,无法判断,规则不适用,B,B,True
Llama3.1-8B,Base,60,5952,hierarchy_logic,"在某权限控制体系中，级别由高到低依次为：钻石 > 铂金 > 黄金 > 白银 > 青铜。
当前资源处于「铂金」级别锁定状态，认证凭证所属级别为「白银」。
该凭证是否具备解锁权限？",无法判断,不能覆盖 / 不可以,规则不适用,能够覆盖 / 可以,B,D,False
Llama3.1-8B,Base,61,4432,hierarchy_logic,"审批流程规则中，审批权限由高到低依次为：一级响应 > 二级响应 > 三级响应 > 四级响应 > 日常局。
该申请已由「日常局」级别完成审批，「三级响应」级别提出复核申请。
该复核是否具有覆盖当前审批结果的权限？",能够覆盖 / 可以,无法判断,规则不适用,不能覆盖 / 不可以,A,D,False
Llama3.1-8B,Base,62,1049,counter_logic,"某学术课题遴选要求：入围者得分必须严格高于 10 分。
候选人得分列表为：[3, 6, 7, 14] 分。
最低入围得分应为哪个？",6,7,3,14,D,A,False
Llama3.1-8B,Base,63,1257,counter_logic,"化学实验要求：反应炉内温度必须严格高于 7 摄氏度。
可调节档位（摄氏度）：[1, 3, 4, 12]。
能满足安全要求且能耗最小的温度档位是？",12,4,3,1,A,A,True
Llama3.1-8B,Base,64,9148,counter_logic,"项目评审规则：方案报价必须严格高于成本基准线 13 万元才具备参选资格。
各参选报价（万元）：[7, 11, 12, 19]。
哪个是具备参选资格中报价最低的？",19,7,11,12,A,B,False
Llama3.1-8B,Base,65,2654,hierarchy_logic,"在某权限控制体系中，级别由高到低依次为：极密 > 机密 > 秘密 > 内部 > 公开。
当前资源处于「机密」级别锁定状态，认证凭证所属级别为「极密」。
该凭证是否具备解锁权限？",不能覆盖 / 不可以,规则不适用,能够覆盖 / 可以,无法判断,C,A,False
Llama3.1-8B,Base,66,6417,counter_logic,"项目评审规则：方案报价必须严格高于成本基准线 14 万元才具备参选资格。
各参选报价（万元）：[8, 11, 14, 19]。
哪个是具备参选资格中报价最低的？",14,11,19,8,C,A,False
Llama3.1-8B,Base,67,3041,hierarchy_logic,"审批流程规则中，审批权限由高到低依次为：极密 > 机密 > 秘密 > 内部 > 公开。
该申请已由「内部」级别完成审批，「公开」级别提出复核申请。
该复核是否具有覆盖当前审批结果的权限？",不能覆盖 / 不可以,能够覆盖 / 可以,规则不适用,无法判断,A,A,True
Llama3.1-8B,Base,68,8692,counter_logic,"某学术课题遴选要求：入围者得分必须严格高于 10 分。
候选人得分列表为：[5, 8, 9, 14] 分。
最低入围得分应为哪个？",5,14,8,9,B,A,False
Llama3.1-8B,Base,69,8956,hierarchy_logic,"审批流程规则中，审批权限由高到低依次为：一级响应 > 二级响应 > 三级响应 > 四级响应 > 日常局。
该申请已由「二级响应」级别完成审批，「四级响应」级别提出复核申请。
该复核是否具有覆盖当前审批结果的权限？",不能覆盖 / 不可以,无法判断,规则不适用,能够覆盖 / 可以,A,D,False
Llama3.1-8B,Base,70,9751,hierarchy_logic,"审批流程规则中，审批权限由高到低依次为：特级 > 一级 > 二级 > 三级 > 四级。
该申请已由「二级」级别完成审批，「四级」级别提出复核申请。
该复核是否具有覆盖当前审批结果的权限？",无法判断,不能覆盖 / 不可以,规则不适用,能够覆盖 / 可以,B,D,False
Llama3.1-8B,Base,71,4006,hierarchy_logic,"系统访问控制规则：权限层级为 总部 > 大区 > 分区 > 分支 > 节点。
目标资源的保护级别是「分区」，用户持有的访问令牌级别为「总部」。
该用户能否成功访问此资源？",无法判断,不能覆盖 / 不可以,能够覆盖 / 可以,规则不适用,C,B,False
Llama3.1-8B,Base,72,8199,pattern_recognition,"观察以下等差数列：10, 11, 12, 13, 14, 15, ?
根据规律，?处应填入哪个数字？",15,17,18,16,D,A,False
Llama3.1-8B,Base,73,2674,hierarchy_logic,"组织决策体系：决策权限分级为 S级 > A级 > B级 > C级 > D级。
当前决议由「C级」层级通过，现「A级」层级要求重新审议。
重新审议请求是否有效？",无法判断,规则不适用,能够覆盖 / 可以,不能覆盖 / 不可以,C,C,True
Llama3.1-8B,Base,74,3826,counter_logic,"项目评审规则：方案报价必须严格高于成本基准线 13 万元才具备参选资格。
各参选报价（万元）：[8, 9, 11, 13]。
哪个是具备参选资格中报价最低的？（若无项目具备参选资格，请选「无具资格项目」）",无具资格项目,8,13,9,A,A,True
Llama3.1-8B,Base,75,3902,pattern_recognition,"序列补全：5, 8, 11, 14, ?
缺失的数字应该是？",21,17,16,18,B,A,False
Llama3.1-8B,Base,76,8078,hierarchy_logic,"在材料强度测试规范中，强度等级由高到低依次为：钻石 > 铂金 > 黄金 > 白银 > 青铜。
承受体当前等级为「白银」，攻击源强度等级为「青铜」。
该攻击源是否具有击穿/覆盖承受体的强度？",能够覆盖 / 可以,规则不适用,无法判断,不能覆盖 / 不可以,D,D,True
Llama3.1-8B,Base,77,3340,hierarchy_logic,"系统访问控制规则：权限层级为 总部 > 大区 > 分区 > 分支 > 节点。
目标资源的保护级别是「分支」，用户持有的访问令牌级别为「总部」。
该用户能否成功访问此资源？",能够覆盖 / 可以,无法判断,不能覆盖 / 不可以,规则不适用,A,C,False
Llama3.1-8B,Base,78,3170,hierarchy_logic,"组织决策体系：决策权限分级为 特级 > 一级 > 二级 > 三级 > 四级。
当前决议由「一级」层级通过，现「特级」层级要求重新审议。
重新审议请求是否有效？",能够覆盖 / 可以,规则不适用,无法判断,不能覆盖 / 不可以,A,D,False
Llama3.1-8B,Base,79,3463,pattern_recognition,"序列补全：3, 6, 9, 12, 15, 18, ?
缺失的数字应该是？",21,20,22,25,A,A,True
Llama3.1-8B,Base,80,7897,pattern_recognition,"在某数学认证规则中，「合法数列」定义为：公差严格为 1 的递增等差数列。
以下哪个序列是合法的？",1-3-3-4-5,1-2-3-4-6,1-2-3-4-5,1-1-3-4-5,C,C,True
Llama3.1-8B,Base,81,3877,pattern_recognition,"数列验证标准：有效序列必须是公差为 2 的连续递增数列。
请识别出符合标准的序列：",8-10-12-14,8-10-11-14,8-10-12-16,8-8-12-14,A,A,True
Llama3.1-8B,Base,82,2503,pattern_recognition,"数列延续：11, 13, 15, 17, 19, 21, ?
按照既定模式，下一项是？",24,22,26,23,D,A,False
Llama3.1-8B,Base,83,5415,hierarchy_logic,"在材料强度测试规范中，强度等级由高到低依次为：级别-五 > 级别-四 > 级别-三 > 级别-二 > 级别-一。
承受体当前等级为「级别-三」，攻击源强度等级为「级别-二」。
该攻击源是否具有击穿/覆盖承受体的强度？",能够覆盖 / 可以,无法判断,规则不适用,不能覆盖 / 不可以,D,D,True
Llama3.1-8B,Base,84,6714,counter_logic,"某大件物流关卡规定：本通道仅允许总载重量严格大于 12 吨的重型车辆通行（过滤轻型车）。
当前候选车辆载重量为：[7, 8, 11, 15] 吨。
满足要求且载重量最低的车辆是哪个？",15,7,8,11,A,A,True
Llama3.1-8B,Base,85,8102,hierarchy_logic,"在材料强度测试规范中，强度等级由高到低依次为：总部 > 大区 > 分区 > 分支 > 节点。
承受体当前等级为「分区」，攻击源强度等级为「分支」。
该攻击源是否具有击穿/覆盖承受体的强度？",无法判断,不能覆盖 / 不可以,能够覆盖 / 可以,规则不适用,B,B,True
Llama3.1-8B,Base,86,2904,counter_logic,"某大件物流关卡规定：本通道仅允许总载重量严格大于 12 吨的重型车辆通行（过滤轻型车）。
当前候选车辆载重量为：[8, 9, 11, 17] 吨。
满足要求且载重量最低的车辆是哪个？",17,9,11,8,A,A,True
Llama3.1-8B,Base,87,2315,pattern_recognition,"数列验证标准：有效序列必须是公差为 3 的连续递增数列。
请识别出符合标准的序列：",3-6-9-12-15,3-5-9-12-15,3-6-9-12-18,3-6-9-12-12,A,B,False
Llama3.1-8B,Base,88,7172,pattern_recognition,"序列补全：10, 15, 20, 25, ?
缺失的数字应该是？",31,30,36,29,B,A,False
Llama3.1-8B,Base,89,8355,pattern_recognition,"序列补全：7, 11, 15, 19, 23, 27, ?
缺失的数字应该是？",31,30,36,32,A,A,True
Llama3.1-8B,Base,90,8570,counter_logic,"某大件物流关卡规定：本通道仅允许总载重量严格大于 13 吨的重型车辆通行（过滤轻型车）。
当前候选车辆载重量为：[4, 5, 9, 12] 吨。
满足要求且载重量最低的车辆是哪个？（若所有车辆均不达标准，请选「无达标车辆」）",无达标车辆,5,4,9,A,A,True
Llama3.1-8B,Base,91,6120,pattern_recognition,"数列验证标准：有效序列必须是公差为 2 的连续递增数列。
请识别出符合标准的序列：",8-10-12-15,8-10-12-14,8-10-10-14,8-10-12-16,B,B,True
Llama3.1-8B,Base,92,6262,pattern_recognition,"在数列 10, 13, 18, 19, 22 中，识别出违反等差规律的元素：",18,13,10,22,A,A,True
Llama3.1-8B,Base,93,8242,pattern_recognition,"在某数学认证规则中，「合法数列」定义为：公差严格为 2 的递增等差数列。
以下哪个序列是合法的？",9-11-13-15,9-11-13-16,9-11-13-17,9-9-13-15,A,B,False
Llama3.1-8B,Base,94,5123,counter_logic,"项目评审规则：方案报价必须严格高于成本基准线 16 万元才具备参选资格。
各参选报价（万元）：[8, 9, 14, 16]。
哪个是具备参选资格中报价最低的？（若无项目具备参选资格，请选「无具资格项目」）",9,8,无具资格项目,16,C,D,False
Llama3.1-8B,Base,95,1474,pattern_recognition,"逻辑规则：合规数列要求每相邻两项差值恒定为 3。
下列选项中哪个满足要求？",6-9-12-18,6-9-11-15,6-9-9-15,6-9-12-15,D,A,False
Llama3.1-8B,Base,96,9004,hierarchy_logic,"在材料强度测试规范中，强度等级由高到低依次为：特级 > 一级 > 二级 > 三级 > 四级。
承受体当前等级为「一级」，攻击源强度等级为「二级」。
该攻击源是否具有击穿/覆盖承受体的强度？",不能覆盖 / 不可以,规则不适用,无法判断,能够覆盖 / 可以,A,D,False
Llama3.1-8B,Base,97,1828,hierarchy_logic,"组织决策体系：决策权限分级为 钻石 > 铂金 > 黄金 > 白银 > 青铜。
当前决议由「黄金」层级通过，现「钻石」层级要求重新审议。
重新审议请求是否有效？",不能覆盖 / 不可以,能够覆盖 / 可以,无法判断,规则不适用,B,B,True
Llama3.1-8B,Base,98,9693,pattern_recognition,"数列延续：7, 10, 13, 16, ?
按照既定模式，下一项是？",23,18,19,20,C,A,False
Llama3.1-8B,Base,99,9897,counter_logic,"某学术课题遴选要求：入围者得分必须严格高于 7 分。
候选人得分列表为：[4, 5, 6, 14] 分。
最低入围得分应为哪个？",5,6,4,14,D,A,False
Llama3.1-8B,Base,100,7291,hierarchy_logic,"审批流程规则中，审批权限由高到低依次为：极密 > 机密 > 秘密 > 内部 > 公开。
该申请已由「极密」级别完成审批，「公开」级别提出复核申请。
该复核是否具有覆盖当前审批结果的权限？",能够覆盖 / 可以,不能覆盖 / 不可以,无法判断,规则不适用,B,B,True
Llama3.1-8B,Base,101,1440,counter_logic,"某学术课题遴选要求：入围者得分必须严格高于 22 分。
候选人得分列表为：[16, 18, 20, 21] 分。
最低入围得分应为哪个？（若无候选人分数达标，请选「无入围候选人」）",20,无入围候选人,16,21,B,D,False
Llama3.1-8B,Base,102,1674,counter_logic,"某大件物流关卡规定：本通道仅允许总载重量严格大于 14 吨的重型车辆通行（过滤轻型车）。
当前候选车辆载重量为：[8, 11, 12, 17] 吨。
满足要求且载重量最低的车辆是哪个？",11,12,17,8,C,A,False
Llama3.1-8B,Base,103,7070,counter_logic,"某学术课题遴选要求：入围者得分必须严格高于 13 分。
候选人得分列表为：[11, 12, 13, 15] 分。
最低入围得分应为哪个？",13,15,11,12,B,A,False
Llama3.1-8B,Base,104,4811,hierarchy_logic,"在材料强度测试规范中，强度等级由高到低依次为：总部 > 大区 > 分区 > 分支 > 节点。
承受体当前等级为「节点」，攻击源强度等级为「总部」。
该攻击源是否具有击穿/覆盖承受体的强度？",不能覆盖 / 不可以,无法判断,规则不适用,能够覆盖 / 可以,D,D,True
Llama3.1-8B,Base,105,2996,pattern_recognition,"以下序列中，有且仅有一个数字破坏了等差规律：
5, 4, 5, 6, 7
请找出这个不符合规律的数字。",6,4,5,7,C,A,False
Llama3.1-8B,Base,106,3977,hierarchy_logic,"审批流程规则中，审批权限由高到低依次为：特级 > 一级 > 二级 > 三级 > 四级。
该申请已由「特级」级别完成审批，「一级」级别提出复核申请。
该复核是否具有覆盖当前审批结果的权限？",无法判断,能够覆盖 / 可以,不能覆盖 / 不可以,规则不适用,C,B,False
Llama3.1-8B,Base,107,5422,hierarchy_logic,"在某权限控制体系中，级别由高到低依次为：钻石 > 铂金 > 黄金 > 白银 > 青铜。
当前资源处于「黄金」级别锁定状态，认证凭证所属级别为「钻石」。
该凭证是否具备解锁权限？",能够覆盖 / 可以,无法判断,规则不适用,不能覆盖 / 不可以,A,A,True
Llama3.1-8B,Base,108,1349,pattern_recognition,"在某数学认证规则中，「合法数列」定义为：公差严格为 3 的递增等差数列。
以下哪个序列是合法的？",6-9-12-16,6-6-12-15,6-9-12-15,6-9-12-18,C,C,True
Llama3.1-8B,Base,109,9409,counter_logic,"项目评审规则：方案报价必须严格高于成本基准线 14 万元才具备参选资格。
各参选报价（万元）：[7, 11, 14, 16]。
哪个是具备参选资格中报价最低的？",7,11,14,16,D,D,True
Llama3.1-8B,Base,110,3352,pattern_recognition,"异常检测：序列 5, 6, 7, 6, 9 中哪个数字偏离了等差模式？",9,7,5,6,D,A,False
Llama3.1-8B,Base,111,6511,counter_logic,"某学术课题遴选要求：入围者得分必须严格高于 13 分。
候选人得分列表为：[8, 10, 13, 18] 分。
最低入围得分应为哪个？",18,13,10,8,A,B,False
Llama3.1-8B,Base,112,6399,counter_logic,"某大件物流关卡规定：本通道仅允许总载重量严格大于 15 吨的重型车辆通行（过滤轻型车）。
当前候选车辆载重量为：[6, 9, 13, 15] 吨。
满足要求且载重量最低的车辆是哪个？（若所有车辆均不达标准，请选「无达标车辆」）",无达标车辆,15,9,13,A,D,False
Llama3.1-8B,Base,113,2924,pattern_recognition,"在某数学认证规则中，「合法数列」定义为：公差严格为 3 的递增等差数列。
以下哪个序列是合法的？",3-6-9-12-12,3-6-9-12-18,3-6-9-12-15,3-6-9-12-14,C,B,False
Llama3.1-8B,Base,114,9056,hierarchy_logic,"在某权限控制体系中，级别由高到低依次为：特级 > 一级 > 二级 > 三级 > 四级。
当前资源处于「三级」级别锁定状态，认证凭证所属级别为「四级」。
该凭证是否具备解锁权限？",规则不适用,能够覆盖 / 可以,不能覆盖 / 不可以,无法判断,C,B,False
Llama3.1-8B,Base,115,8149,hierarchy_logic,"在某权限控制体系中，级别由高到低依次为：钻石 > 铂金 > 黄金 > 白银 > 青铜。
当前资源处于「铂金」级别锁定状态，认证凭证所属级别为「钻石」。
该凭证是否具备解锁权限？",能够覆盖 / 可以,不能覆盖 / 不可以,规则不适用,无法判断,A,A,True
Llama3.1-8B,Base,116,6038,hierarchy_logic,"在材料强度测试规范中，强度等级由高到低依次为：特级 > 一级 > 二级 > 三级 > 四级。
承受体当前等级为「三级」，攻击源强度等级为「一级」。
该攻击源是否具有击穿/覆盖承受体的强度？",无法判断,不能覆盖 / 不可以,规则不适用,能够覆盖 / 可以,D,B,False
Llama3.1-8B,Base,117,6617,hierarchy_logic,"在材料强度测试规范中，强度等级由高到低依次为：总部 > 大区 > 分区 > 分支 > 节点。
承受体当前等级为「分区」，攻击源强度等级为「大区」。
该攻击源是否具有击穿/覆盖承受体的强度？",不能覆盖 / 不可以,能够覆盖 / 可以,规则不适用,无法判断,B,A,False
Llama3.1-8B,Base,118,7347,pattern_recognition,"观察以下等差数列：10, 15, 20, 25, 30, 35, ?
根据规律，?处应填入哪个数字？",40,46,41,39,A,A,True
Llama3.1-8B,Base,119,3925,hierarchy_logic,"审批流程规则中，审批权限由高到低依次为：钻石 > 铂金 > 黄金 > 白银 > 青铜。
该申请已由「青铜」级别完成审批，「黄金」级别提出复核申请。
该复核是否具有覆盖当前审批结果的权限？",无法判断,不能覆盖 / 不可以,规则不适用,能够覆盖 / 可以,D,D,True
Llama3.1-8B,Base,120,6179,pattern_recognition,"序列补全：9, 13, 17, 21, 25, 29, ?
缺失的数字应该是？",33,34,32,38,A,A,True
Llama3.1-8B,Base,121,2531,counter_logic,"某学术课题遴选要求：入围者得分必须严格高于 11 分。
候选人得分列表为：[5, 7, 9, 16] 分。
最低入围得分应为哪个？",7,5,9,16,D,A,False
Llama3.1-8B,Base,122,4555,counter_logic,"项目评审规则：方案报价必须严格高于成本基准线 9 万元才具备参选资格。
各参选报价（万元）：[2, 4, 5, 10]。
哪个是具备参选资格中报价最低的？",5,2,4,10,D,B,False
Llama3.1-8B,Base,123,3541,counter_logic,"某大件物流关卡规定：本通道仅允许总载重量严格大于 14 吨的重型车辆通行（过滤轻型车）。
当前候选车辆载重量为：[10, 11, 13, 20] 吨。
满足要求且载重量最低的车辆是哪个？",20,11,10,13,A,A,True
Llama3.1-8B,Base,124,5632,hierarchy_logic,"在材料强度测试规范中，强度等级由高到低依次为：董事会 > 总裁办公室 > 业务部门 > 项目组 > 个人。
承受体当前等级为「项目组」，攻击源强度等级为「个人」。
该攻击源是否具有击穿/覆盖承受体的强度？",无法判断,能够覆盖 / 可以,规则不适用,不能覆盖 / 不可以,D,D,True
Llama3.1-8B,Base,125,9317,pattern_recognition,"观察以下等差数列：5, 7, 9, 11, ?
根据规律，?处应填入哪个数字？",12,16,14,13,D,A,False
Llama3.1-8B,Base,126,1027,hierarchy_logic,"组织决策体系：决策权限分级为 总部 > 大区 > 分区 > 分支 > 节点。
当前决议由「分区」层级通过，现「大区」层级要求重新审议。
重新审议请求是否有效？",规则不适用,不能覆盖 / 不可以,无法判断,能够覆盖 / 可以,D,D,True
Llama3.1-8B,Base,127,8454,hierarchy_logic,"在某权限控制体系中，级别由高到低依次为：一级响应 > 二级响应 > 三级响应 > 四级响应 > 日常局。
当前资源处于「三级响应」级别锁定状态，认证凭证所属级别为「二级响应」。
该凭证是否具备解锁权限？",规则不适用,无法判断,不能覆盖 / 不可以,能够覆盖 / 可以,D,D,True
Llama3.1-8B,Base,128,2133,hierarchy_logic,"在某权限控制体系中，级别由高到低依次为：极密 > 机密 > 秘密 > 内部 > 公开。
当前资源处于「秘密」级别锁定状态，认证凭证所属级别为「极密」。
该凭证是否具备解锁权限？",规则不适用,不能覆盖 / 不可以,无法判断,能够覆盖 / 可以,D,D,True
Llama3.1-8B,Base,129,6364,counter_logic,"化学实验要求：反应炉内温度必须严格高于 6 摄氏度。
可调节档位（摄氏度）：[1, 3, 4, 7]。
能满足安全要求且能耗最小的温度档位是？",1,3,7,4,C,D,False
Llama3.1-8B,Base,130,6736,pattern_recognition,"逻辑规则：合规数列要求每相邻两项差值恒定为 2。
下列选项中哪个满足要求？",4-7-9-11-13,5-7-7-11-13,5-7-9-11-13,5-7-9-11-15,C,A,False
Llama3.1-8B,Base,131,7325,pattern_recognition,"数列验证标准：有效序列必须是公差为 3 的连续递增数列。
请识别出符合标准的序列：",4-7-10-13-16,4-8-10-13-16,4-4-10-13-16,4-7-10-13-19,A,A,True
Llama3.1-8B,Base,132,1732,counter_logic,"集合 S = {9, 11, 13, 14}，从 S 中选出严格大于 15 的最小元素。
该函数的返回值应为？（若集合中不存在满足条件的元素，请选「集合中无满足条件的元素」）",13,9,集合中无满足条件的元素,11,C,D,False
Llama3.1-8B,Base,133,4764,counter_logic,"化学实验要求：反应炉内温度必须严格高于 11 摄氏度。
可调节档位（摄氏度）：[6, 9, 10, 18]。
能满足安全要求且能耗最小的温度档位是？",10,6,9,18,D,A,False
Llama3.1-8B,Base,134,2284,counter_logic,"项目评审规则：方案报价必须严格高于成本基准线 5 万元才具备参选资格。
各参选报价（万元）：[2, 3, 5, 8]。
哪个是具备参选资格中报价最低的？",3,8,2,5,B,D,False
Llama3.1-8B,Base,135,1106,hierarchy_logic,"在材料强度测试规范中，强度等级由高到低依次为：特级 > 一级 > 二级 > 三级 > 四级。
承受体当前等级为「二级」，攻击源强度等级为「一级」。
该攻击源是否具有击穿/覆盖承受体的强度？",能够覆盖 / 可以,无法判断,规则不适用,不能覆盖 / 不可以,A,D,False
Llama3.1-8B,Base,136,3785,pattern_recognition,"在某数学认证规则中，「合法数列」定义为：公差严格为 1 的递增等差数列。
以下哪个序列是合法的？",5-6-8-8-9,5-6-7-8-9,5-6-6-8-9,5-6-7-8-10,B,B,True
Llama3.1-8B,Base,137,9032,pattern_recognition,"数列验证标准：有效序列必须是公差为 3 的连续递增数列。
请识别出符合标准的序列：",9-9-15-18-21,9-12-15-18-21,9-12-15-17-21,9-12-15-18-24,B,B,True
Llama3.1-8B,Base,138,8460,counter_logic,"集合 S = {4, 6, 7, 10}，从 S 中选出严格大于 12 的最小元素。
该函数的返回值应为？（若集合中不存在满足条件的元素，请选「集合中无满足条件的元素」）",集合中无满足条件的元素,6,10,7,A,A,True
Llama3.1-8B,Base,139,8404,pattern_recognition,"序列补全：2, 7, 12, 17, 22, ?
缺失的数字应该是？",33,26,28,27,D,A,False
Llama3.1-8B,Base,140,3440,counter_logic,"某大件物流关卡规定：本通道仅允许总载重量严格大于 10 吨的重型车辆通行（过滤轻型车）。
当前候选车辆载重量为：[3, 9, 10, 15] 吨。
满足要求且载重量最低的车辆是哪个？",15,9,3,10,A,A,True
Llama3.1-8B,Base,141,8724,pattern_recognition,"逻辑规则：合规数列要求每相邻两项差值恒定为 3。
下列选项中哪个满足要求？",2-5-9-11-14,2-5-8-11-17,2-5-8-11-14,2-5-8-11-11,C,B,False
Llama3.1-8B,Base,142,8612,pattern_recognition,"在数列 3, 5, 7, 9, 14 中，识别出违反等差规律的元素：",5,14,9,3,B,A,False
Llama3.1-8B,Base,143,4515,pattern_recognition,"异常检测：序列 2, 5, 4, 5, 6 中哪个数字偏离了等差模式？",5,4,2,6,A,A,True
Llama3.1-8B,Base,144,8585,counter_logic,"某大件物流关卡规定：本通道仅允许总载重量严格大于 6 吨的重型车辆通行（过滤轻型车）。
当前候选车辆载重量为：[2, 4, 5, 11] 吨。
满足要求且载重量最低的车辆是哪个？",5,4,2,11,D,A,False
Llama3.1-8B,Base,145,3399,pattern_recognition,"数列延续：5, 10, 15, 20, 25, ?
按照既定模式，下一项是？",36,29,30,31,C,A,False
Llama3.1-8B,Base,146,1998,counter_logic,"某大件物流关卡规定：本通道仅允许总载重量严格大于 7 吨的重型车辆通行（过滤轻型车）。
当前候选车辆载重量为：[2, 5, 6, 10] 吨。
满足要求且载重量最低的车辆是哪个？",10,6,2,5,A,A,True
Llama3.1-8B,Base,147,3607,hierarchy_logic,"在材料强度测试规范中，强度等级由高到低依次为：董事会 > 总裁办公室 > 业务部门 > 项目组 > 个人。
承受体当前等级为「业务部门」，攻击源强度等级为「个人」。
该攻击源是否具有击穿/覆盖承受体的强度？",不能覆盖 / 不可以,能够覆盖 / 可以,无法判断,规则不适用,A,A,True
Llama3.1-8B,Base,148,6325,hierarchy_logic,"在某权限控制体系中，级别由高到低依次为：董事会 > 总裁办公室 > 业务部门 > 项目组 > 个人。
当前资源处于「项目组」级别锁定状态，认证凭证所属级别为「个人」。
该凭证是否具备解锁权限？",规则不适用,能够覆盖 / 可以,不能覆盖 / 不可以,无法判断,C,B,False
Llama3.1-8B,Base,149,3275,pattern_recognition,"异常检测：序列 10, 11, 12, 13, 16 中哪个数字偏离了等差模式？",13,10,16,12,C,C,True
Llama3.1-8B,Base,150,9669,hierarchy_logic,"在材料强度测试规范中，强度等级由高到低依次为：一级响应 > 二级响应 > 三级响应 > 四级响应 > 日常局。
承受体当前等级为「二级响应」，攻击源强度等级为「一级响应」。
该攻击源是否具有击穿/覆盖承受体的强度？",能够覆盖 / 可以,不能覆盖 / 不可以,无法判断,规则不适用,A,A,True
Llama3.1-8B,Base,151,5088,hierarchy_logic,"在某权限控制体系中，级别由高到低依次为：S级 > A级 > B级 > C级 > D级。
当前资源处于「C级」级别锁定状态，认证凭证所属级别为「A级」。
该凭证是否具备解锁权限？",无法判断,规则不适用,不能覆盖 / 不可以,能够覆盖 / 可以,D,D,True
Llama3.1-8B,Base,152,3718,hierarchy_logic,"在材料强度测试规范中，强度等级由高到低依次为：极密 > 机密 > 秘密 > 内部 > 公开。
承受体当前等级为「机密」，攻击源强度等级为「内部」。
该攻击源是否具有击穿/覆盖承受体的强度？",规则不适用,无法判断,不能覆盖 / 不可以,能够覆盖 / 可以,C,D,False
Llama3.1-8B,Base,153,5775,counter_logic,"某学术课题遴选要求：入围者得分必须严格高于 19 分。
候选人得分列表为：[12, 15, 16, 17] 分。
最低入围得分应为哪个？（若无候选人分数达标，请选「无入围候选人」）",无入围候选人,17,12,16,A,B,False
Llama3.1-8B,Base,154,5892,hierarchy_logic,"审批流程规则中，审批权限由高到低依次为：一级响应 > 二级响应 > 三级响应 > 四级响应 > 日常局。
该申请已由「一级响应」级别完成审批，「日常局」级别提出复核申请。
该复核是否具有覆盖当前审批结果的权限？",无法判断,能够覆盖 / 可以,不能覆盖 / 不可以,规则不适用,C,B,False
Llama3.1-8B,Base,155,7693,hierarchy_logic,"在某权限控制体系中，级别由高到低依次为：总部 > 大区 > 分区 > 分支 > 节点。
当前资源处于「大区」级别锁定状态，认证凭证所属级别为「分区」。
该凭证是否具备解锁权限？",能够覆盖 / 可以,无法判断,规则不适用,不能覆盖 / 不可以,D,D,True
Llama3.1-8B,Base,156,4189,counter_logic,"某学术课题遴选要求：入围者得分必须严格高于 8 分。
候选人得分列表为：[4, 6, 7, 14] 分。
最低入围得分应为哪个？",7,4,6,14,D,A,False
Llama3.1-8B,Base,157,2011,counter_logic,"化学实验要求：反应炉内温度必须严格高于 14 摄氏度。
可调节档位（摄氏度）：[8, 10, 11, 21]。
能满足安全要求且能耗最小的温度档位是？",8,10,21,11,C,D,False
Llama3.1-8B,Base,158,8846,counter_logic,"某大件物流关卡规定：本通道仅允许总载重量严格大于 11 吨的重型车辆通行（过滤轻型车）。
当前候选车辆载重量为：[4, 6, 9, 13] 吨。
满足要求且载重量最低的车辆是哪个？",4,13,6,9,B,A,False
Llama3.1-8B,Base,159,5569,hierarchy_logic,"审批流程规则中，审批权限由高到低依次为：董事会 > 总裁办公室 > 业务部门 > 项目组 > 个人。
该申请已由「项目组」级别完成审批，「个人」级别提出复核申请。
该复核是否具有覆盖当前审批结果的权限？",能够覆盖 / 可以,规则不适用,不能覆盖 / 不可以,无法判断,C,C,True
Llama3.1-8B,Base,160,9452,pattern_recognition,"在数列 4, 6, 12, 16, 20 中，识别出违反等差规律的元素：",20,6,12,4,B,A,False
Llama3.1-8B,Base,161,3085,hierarchy_logic,"在材料强度测试规范中，强度等级由高到低依次为：钻石 > 铂金 > 黄金 > 白银 > 青铜。
承受体当前等级为「黄金」，攻击源强度等级为「青铜」。
该攻击源是否具有击穿/覆盖承受体的强度？",不能覆盖 / 不可以,规则不适用,能够覆盖 / 可以,无法判断,A,A,True
Llama3.1-8B,Base,162,6170,pattern_recognition,"以下序列中，有且仅有一个数字破坏了等差规律：
4, 11, 12, 16, 20
请找出这个不符合规律的数字。",20,4,12,11,D,A,False
Llama3.1-8B,Base,163,5982,pattern_recognition,"在数列 4, 7, 10, 13, 14 中，识别出违反等差规律的元素：",7,4,13,14,D,A,False
Llama3.1-8B,Base,164,5873,counter_logic,"项目评审规则：方案报价必须严格高于成本基准线 14 万元才具备参选资格。
各参选报价（万元）：[9, 11, 12, 19]。
哪个是具备参选资格中报价最低的？",19,9,12,11,A,D,False
Llama3.1-8B,Base,165,6314,pattern_recognition,"在某数学认证规则中，「合法数列」定义为：公差严格为 3 的递增等差数列。
以下哪个序列是合法的？",1-5-8-11-14,2-5-8-11-17,2-5-8-11-14,2-5-8-11-11,C,B,False
Llama3.1-8B,Base,166,8007,hierarchy_logic,"在某权限控制体系中，级别由高到低依次为：特级 > 一级 > 二级 > 三级 > 四级。
当前资源处于「三级」级别锁定状态，认证凭证所属级别为「特级」。
该凭证是否具备解锁权限？",规则不适用,不能覆盖 / 不可以,能够覆盖 / 可以,无法判断,C,C,True
Llama3.1-8B,Base,167,1931,hierarchy_logic,"审批流程规则中，审批权限由高到低依次为：特级 > 一级 > 二级 > 三级 > 四级。
该申请已由「一级」级别完成审批，「特级」级别提出复核申请。
该复核是否具有覆盖当前审批结果的权限？",不能覆盖 / 不可以,能够覆盖 / 可以,无法判断,规则不适用,B,B,True
Llama3.1-8B,Base,168,1711,hierarchy_logic,"组织决策体系：决策权限分级为 总部 > 大区 > 分区 > 分支 > 节点。
当前决议由「大区」层级通过，现「总部」层级要求重新审议。
重新审议请求是否有效？",能够覆盖 / 可以,不能覆盖 / 不可以,规则不适用,无法判断,A,A,True
Llama3.1-8B,Base,169,6411,counter_logic,"某大件物流关卡规定：本通道仅允许总载重量严格大于 7 吨的重型车辆通行（过滤轻型车）。
当前候选车辆载重量为：[2, 5, 6, 8] 吨。
满足要求且载重量最低的车辆是哪个？",5,6,2,8,D,A,False
Llama3.1-8B,Base,170,5781,counter_logic,"集合 S = {9, 15, 16, 17}，从 S 中选出严格大于 18 的最小元素。
该函数的返回值应为？（若集合中不存在满足条件的元素，请选「集合中无满足条件的元素」）",9,集合中无满足条件的元素,16,17,B,B,True
Llama3.1-8B,Base,171,6559,hierarchy_logic,"组织决策体系：决策权限分级为 一级响应 > 二级响应 > 三级响应 > 四级响应 > 日常局。
当前决议由「日常局」层级通过，现「一级响应」层级要求重新审议。
重新审议请求是否有效？",无法判断,不能覆盖 / 不可以,规则不适用,能够覆盖 / 可以,D,D,True
Llama3.1-8B,Base,172,6930,hierarchy_logic,"系统访问控制规则：权限层级为 钻石 > 铂金 > 黄金 > 白银 > 青铜。
目标资源的保护级别是「黄金」，用户持有的访问令牌级别为「铂金」。
该用户能否成功访问此资源？",能够覆盖 / 可以,不能覆盖 / 不可以,无法判断,规则不适用,A,B,False
Llama3.1-8B,Base,173,3621,hierarchy_logic,"系统访问控制规则：权限层级为 极密 > 机密 > 秘密 > 内部 > 公开。
目标资源的保护级别是「公开」，用户持有的访问令牌级别为「极密」。
该用户能否成功访问此资源？",不能覆盖 / 不可以,无法判断,规则不适用,能够覆盖 / 可以,D,A,False
Llama3.1-8B,Base,174,6582,hierarchy_logic,"在某权限控制体系中，级别由高到低依次为：董事会 > 总裁办公室 > 业务部门 > 项目组 > 个人。
当前资源处于「董事会」级别锁定状态，认证凭证所属级别为「项目组」。
该凭证是否具备解锁权限？",不能覆盖 / 不可以,无法判断,能够覆盖 / 可以,规则不适用,A,A,True
Llama3.1-8B,Base,175,7244,counter_logic,"项目评审规则：方案报价必须严格高于成本基准线 12 万元才具备参选资格。
各参选报价（万元）：[7, 10, 11, 17]。
哪个是具备参选资格中报价最低的？",10,7,17,11,C,B,False
Llama3.1-8B,Base,176,8957,pattern_recognition,"观察以下等差数列：2, 7, 12, 17, 22, 27, ?
根据规律，?处应填入哪个数字？",32,38,33,31,A,A,True
Llama3.1-8B,Base,177,2562,counter_logic,"化学实验要求：反应炉内温度必须严格高于 13 摄氏度。
可调节档位（摄氏度）：[9, 12, 13, 20]。
能满足安全要求且能耗最小的温度档位是？",9,12,20,13,C,D,False
Llama3.1-8B,Base,178,8531,counter_logic,"化学实验要求：反应炉内温度必须严格高于 7 摄氏度。
可调节档位（摄氏度）：[3, 4, 6, 12]。
能满足安全要求且能耗最小的温度档位是？",6,12,3,4,B,B,True
Llama3.1-8B,Base,179,3972,pattern_recognition,"数列延续：6, 8, 10, 12, 14, 16, ?
按照既定模式，下一项是？",21,18,19,17,B,A,False
Llama3.1-8B,Base,180,5637,counter_logic,"项目评审规则：方案报价必须严格高于成本基准线 7 万元才具备参选资格。
各参选报价（万元）：[2, 5, 6, 13]。
哪个是具备参选资格中报价最低的？",13,2,6,5,A,B,False
Llama3.1-8B,Base,181,3683,hierarchy_logic,"审批流程规则中，审批权限由高到低依次为：极密 > 机密 > 秘密 > 内部 > 公开。
该申请已由「秘密」级别完成审批，「公开」级别提出复核申请。
该复核是否具有覆盖当前审批结果的权限？",规则不适用,不能覆盖 / 不可以,无法判断,能够覆盖 / 可以,B,B,True
Llama3.1-8B,Base,182,4052,counter_logic,"某大件物流关卡规定：本通道仅允许总载重量严格大于 15 吨的重型车辆通行（过滤轻型车）。
当前候选车辆载重量为：[8, 9, 11, 21] 吨。
满足要求且载重量最低的车辆是哪个？",11,9,8,21,D,A,False
Llama3.1-8B,Base,183,7765,counter_logic,"项目评审规则：方案报价必须严格高于成本基准线 13 万元才具备参选资格。
各参选报价（万元）：[6, 7, 13, 19]。
哪个是具备参选资格中报价最低的？",6,19,7,13,B,D,False
Llama3.1-8B,Base,184,6890,counter_logic,"项目评审规则：方案报价必须严格高于成本基准线 16 万元才具备参选资格。
各参选报价（万元）：[7, 9, 13, 15]。
哪个是具备参选资格中报价最低的？（若无项目具备参选资格，请选「无具资格项目」）",7,无具资格项目,15,13,B,B,True
Llama3.1-8B,Base,185,2530,hierarchy_logic,"在材料强度测试规范中，强度等级由高到低依次为：董事会 > 总裁办公室 > 业务部门 > 项目组 > 个人。
承受体当前等级为「总裁办公室」，攻击源强度等级为「个人」。
该攻击源是否具有击穿/覆盖承受体的强度？",规则不适用,无法判断,能够覆盖 / 可以,不能覆盖 / 不可以,D,D,True
Llama3.1-8B,Base,186,1251,pattern_recognition,"在某数学认证规则中，「合法数列」定义为：公差严格为 3 的递增等差数列。
以下哪个序列是合法的？",3-6-9-9-15,2-6-9-12-15,3-6-9-12-15,3-6-9-12-18,C,C,True
Llama3.1-8B,Base,187,1757,hierarchy_logic,"在材料强度测试规范中，强度等级由高到低依次为：极密 > 机密 > 秘密 > 内部 > 公开。
承受体当前等级为「秘密」，攻击源强度等级为「内部」。
该攻击源是否具有击穿/覆盖承受体的强度？",规则不适用,无法判断,不能覆盖 / 不可以,能够覆盖 / 可以,C,D,False
Llama3.1-8B,Base,188,2899,pattern_recognition,"在某数学认证规则中，「合法数列」定义为：公差严格为 3 的递增等差数列。
以下哪个序列是合法的？",8-11-14-17-20,8-11-14-17-23,8-11-14-16-20,8-11-14-17-17,A,B,False
Llama3.1-8B,Base,189,8075,pattern_recognition,"在某数学认证规则中，「合法数列」定义为：公差严格为 2 的递增等差数列。
以下哪个序列是合法的？",6-8-9-12-14,6-8-10-12-12,6-8-10-12-16,6-8-10-12-14,D,D,True
Llama3.1-8B,Base,190,7150,counter_logic,"项目评审规则：方案报价必须严格高于成本基准线 16 万元才具备参选资格。
各参选报价（万元）：[9, 11, 14, 19]。
哪个是具备参选资格中报价最低的？",14,9,19,11,C,B,False
Llama3.1-8B,Base,191,5335,hierarchy_logic,"审批流程规则中，审批权限由高到低依次为：一级响应 > 二级响应 > 三级响应 > 四级响应 > 日常局。
该申请已由「一级响应」级别完成审批，「二级响应」级别提出复核申请。
该复核是否具有覆盖当前审批结果的权限？",规则不适用,不能覆盖 / 不可以,无法判断,能够覆盖 / 可以,B,D,False
Llama3.1-8B,Base,192,7525,counter_logic,"集合 S = {6, 7, 8, 19}，从 S 中选出严格大于 13 的最小元素。
该函数的返回值应为？",8,19,7,6,B,B,True
Llama3.1-8B,Base,193,8967,pattern_recognition,"数列延续：2, 5, 8, 11, 14, ?
按照既定模式，下一项是？",16,21,17,18,C,A,False
Llama3.1-8B,Base,194,9767,counter_logic,"集合 S = {9, 11, 13, 16}，从 S 中选出严格大于 14 的最小元素。
该函数的返回值应为？",11,13,9,16,D,D,True
Llama3.1-8B,Base,195,9138,pattern_recognition,"数列验证标准：有效序列必须是公差为 2 的连续递增数列。
请识别出符合标准的序列：",6-8-9-12-14,6-8-10-12-16,6-8-10-12-12,6-8-10-12-14,D,B,False
Llama3.1-8B,Base,196,9476,pattern_recognition,"在数列 10, 14, 18, 24, 26 中，识别出违反等差规律的元素：",14,26,10,24,D,A,False
Llama3.1-8B,Base,197,3194,counter_logic,"某学术课题遴选要求：入围者得分必须严格高于 4 分。
候选人得分列表为：[2, 3, 4, 7] 分。
最低入围得分应为哪个？",3,4,2,7,D,B,False
Llama3.1-8B,Base,198,4965,counter_logic,"集合 S = {13, 14, 16, 17}，从 S 中选出严格大于 19 的最小元素。
该函数的返回值应为？（若集合中不存在满足条件的元素，请选「集合中无满足条件的元素」）",集合中无满足条件的元素,17,14,16,A,B,False
Llama3.1-8B,Base,199,9935,hierarchy_logic,"在某权限控制体系中，级别由高到低依次为：总部 > 大区 > 分区 > 分支 > 节点。
当前资源处于「分支」级别锁定状态，认证凭证所属级别为「总部」。
该凭证是否具备解锁权限？",规则不适用,无法判断,能够覆盖 / 可以,不能覆盖 / 不可以,C,C,True
Llama3.1-8B,Base,200,8369,counter_logic,"某学术课题遴选要求：入围者得分必须严格高于 10 分。
候选人得分列表为：[4, 5, 6, 15] 分。
最低入围得分应为哪个？",6,15,4,5,B,A,False
Llama3.1-8B,Base,201,2976,hierarchy_logic,"审批流程规则中，审批权限由高到低依次为：级别-五 > 级别-四 > 级别-三 > 级别-二 > 级别-一。
该申请已由「级别-二」级别完成审批，「级别-一」级别提出复核申请。
该复核是否具有覆盖当前审批结果的权限？",规则不适用,不能覆盖 / 不可以,能够覆盖 / 可以,无法判断,B,B,True
Llama3.1-8B,Base,202,7367,pattern_recognition,"在某数学认证规则中，「合法数列」定义为：公差严格为 1 的递增等差数列。
以下哪个序列是合法的？",4-4-5-6,3-4-4-6,3-4-5-7,3-4-5-6,D,D,True
Llama3.1-8B,Base,203,4886,pattern_recognition,"在某数学认证规则中，「合法数列」定义为：公差严格为 3 的递增等差数列。
以下哪个序列是合法的？",5-8-11-11-17,5-8-11-14-17,5-8-12-14-17,5-8-11-14-20,B,B,True
Llama3.1-8B,Base,204,9922,hierarchy_logic,"在某权限控制体系中，级别由高到低依次为：董事会 > 总裁办公室 > 业务部门 > 项目组 > 个人。
当前资源处于「总裁办公室」级别锁定状态，认证凭证所属级别为「项目组」。
该凭证是否具备解锁权限？",无法判断,不能覆盖 / 不可以,规则不适用,能够覆盖 / 可以,B,D,False
Llama3.1-8B,Base,205,6727,pattern_recognition,"异常检测：序列 7, 7, 8, 9, 10 中哪个数字偏离了等差模式？",10,8,7,9,C,A,False
Llama3.1-8B,Base,206,1149,counter_logic,"某大件物流关卡规定：本通道仅允许总载重量严格大于 14 吨的重型车辆通行（过滤轻型车）。
当前候选车辆载重量为：[7, 8, 10, 15] 吨。
满足要求且载重量最低的车辆是哪个？",7,8,10,15,D,A,False
Llama3.1-8B,Base,207,8371,pattern_recognition,"在数列 5, 5, 6, 7, 8 中，识别出违反等差规律的元素：",7,8,6,5,D,A,False
Llama3.1-8B,Base,208,6253,counter_logic,"某大件物流关卡规定：本通道仅允许总载重量严格大于 11 吨的重型车辆通行（过滤轻型车）。
当前候选车辆载重量为：[4, 7, 10, 13] 吨。
满足要求且载重量最低的车辆是哪个？",4,7,13,10,C,A,False
Llama3.1-8B,Base,209,4920,pattern_recognition,"数列验证标准：有效序列必须是公差为 1 的连续递增数列。
请识别出符合标准的序列：",4-5-6-7-7,4-5-6-6-8,4-5-6-7-8,4-5-6-7-9,C,A,False
Llama3.1-8B,Base,210,4981,hierarchy_logic,"审批流程规则中，审批权限由高到低依次为：极密 > 机密 > 秘密 > 内部 > 公开。
该申请已由「公开」级别完成审批，「机密」级别提出复核申请。
该复核是否具有覆盖当前审批结果的权限？",能够覆盖 / 可以,规则不适用,无法判断,不能覆盖 / 不可以,A,D,False
Llama3.1-8B,Base,211,7523,pattern_recognition,"在数列 12, 11, 13, 15, 17 中，识别出违反等差规律的元素：",13,15,11,12,D,A,False
Llama3.1-8B,Base,212,6573,counter_logic,"项目评审规则：方案报价必须严格高于成本基准线 11 万元才具备参选资格。
各参选报价（万元）：[4, 5, 7, 12]。
哪个是具备参选资格中报价最低的？",5,12,4,7,B,B,True
Llama3.1-8B,Base,213,6626,pattern_recognition,"观察以下等差数列：9, 14, 19, 24, 29, 34, ?
根据规律，?处应填入哪个数字？",38,45,40,39,D,A,False
Llama3.1-8B,Base,214,4470,hierarchy_logic,"系统访问控制规则：权限层级为 S级 > A级 > B级 > C级 > D级。
目标资源的保护级别是「D级」，用户持有的访问令牌级别为「A级」。
该用户能否成功访问此资源？",能够覆盖 / 可以,不能覆盖 / 不可以,规则不适用,无法判断,A,B,False
Llama3.1-8B,Base,215,5503,counter_logic,"某大件物流关卡规定：本通道仅允许总载重量严格大于 22 吨的重型车辆通行（过滤轻型车）。
当前候选车辆载重量为：[16, 19, 20, 22] 吨。
满足要求且载重量最低的车辆是哪个？（若所有车辆均不达标准，请选「无达标车辆」）",22,无达标车辆,16,20,B,A,False
Llama3.1-8B,Base,216,7594,hierarchy_logic,"在材料强度测试规范中，强度等级由高到低依次为：钻石 > 铂金 > 黄金 > 白银 > 青铜。
承受体当前等级为「黄金」，攻击源强度等级为「青铜」。
该攻击源是否具有击穿/覆盖承受体的强度？",规则不适用,无法判断,能够覆盖 / 可以,不能覆盖 / 不可以,D,D,True
Llama3.1-8B,Base,217,5891,pattern_recognition,"数列验证标准：有效序列必须是公差为 2 的连续递增数列。
请识别出符合标准的序列：",4-6-8-12,5-6-8-10,4-6-8-10,4-6-6-10,C,A,False
Llama3.1-8B,Base,218,9307,pattern_recognition,"数列延续：2, 3, 4, 5, 6, ?
按照既定模式，下一项是？",8,9,6,7,D,A,False
Llama3.1-8B,Base,219,7370,counter_logic,"项目评审规则：方案报价必须严格高于成本基准线 15 万元才具备参选资格。
各参选报价（万元）：[8, 11, 12, 14]。
哪个是具备参选资格中报价最低的？（若无项目具备参选资格，请选「无具资格项目」）",无具资格项目,11,12,14,A,A,True
Llama3.1-8B,Base,220,6267,pattern_recognition,"序列补全：9, 13, 17, 21, 25, 29, ?
缺失的数字应该是？",32,38,34,33,D,A,False
Llama3.1-8B,Base,221,3298,counter_logic,"某大件物流关卡规定：本通道仅允许总载重量严格大于 18 吨的重型车辆通行（过滤轻型车）。
当前候选车辆载重量为：[11, 12, 15, 18] 吨。
满足要求且载重量最低的车辆是哪个？（若所有车辆均不达标准，请选「无达标车辆」）",无达标车辆,18,15,12,A,D,False
Llama3.1-8B,Base,222,9900,hierarchy_logic,"在某权限控制体系中，级别由高到低依次为：级别-五 > 级别-四 > 级别-三 > 级别-二 > 级别-一。
当前资源处于「级别-三」级别锁定状态，认证凭证所属级别为「级别-四」。
该凭证是否具备解锁权限？",规则不适用,不能覆盖 / 不可以,能够覆盖 / 可以,无法判断,C,B,False
Llama3.1-8B,Base,223,5583,pattern_recognition,"逻辑规则：合规数列要求每相邻两项差值恒定为 2。
下列选项中哪个满足要求？",6-8-10-12-16,6-8-10-12-12,6-8-10-12-13,6-8-10-12-14,D,A,False
Llama3.1-8B,Base,224,7744,pattern_recognition,"逻辑规则：合规数列要求每相邻两项差值恒定为 1。
下列选项中哪个满足要求？",8-9-10-10-12,8-9-10-12-12,8-9-10-11-13,8-9-10-11-12,D,B,False
Llama3.1-8B,Base,225,2102,counter_logic,"项目评审规则：方案报价必须严格高于成本基准线 8 万元才具备参选资格。
各参选报价（万元）：[1, 2, 6, 10]。
哪个是具备参选资格中报价最低的？",2,1,6,10,D,A,False
Llama3.1-8B,Base,226,6427,counter_logic,"某学术课题遴选要求：入围者得分必须严格高于 12 分。
候选人得分列表为：[9, 10, 12, 19] 分。
最低入围得分应为哪个？",10,12,19,9,C,B,False
Llama3.1-8B,Base,227,6692,pattern_recognition,"以下序列中，有且仅有一个数字破坏了等差规律：
9, 14, 15, 18, 21
请找出这个不符合规律的数字。",9,15,14,21,C,A,False
Llama3.1-8B,Base,228,3875,counter_logic,"集合 S = {2, 3, 4, 12}，从 S 中选出严格大于 6 的最小元素。
该函数的返回值应为？",2,12,4,3,B,B,True
Llama3.1-8B,Base,229,9341,counter_logic,"化学实验要求：反应炉内温度必须严格高于 6 摄氏度。
可调节档位（摄氏度）：[3, 4, 5, 7]。
能满足安全要求且能耗最小的温度档位是？",4,5,7,3,C,D,False
Llama3.1-8B,Base,230,7971,hierarchy_logic,"审批流程规则中，审批权限由高到低依次为：极密 > 机密 > 秘密 > 内部 > 公开。
该申请已由「机密」级别完成审批，「内部」级别提出复核申请。
该复核是否具有覆盖当前审批结果的权限？",不能覆盖 / 不可以,规则不适用,能够覆盖 / 可以,无法判断,A,A,True
Llama3.1-8B,Base,231,2108,pattern_recognition,"以下序列中，有且仅有一个数字破坏了等差规律：
6, 11, 14, 17, 20
请找出这个不符合规律的数字。",14,17,11,6,D,A,False
Llama3.1-8B,Base,232,2891,hierarchy_logic,"在材料强度测试规范中，强度等级由高到低依次为：钻石 > 铂金 > 黄金 > 白银 > 青铜。
承受体当前等级为「铂金」，攻击源强度等级为「钻石」。
该攻击源是否具有击穿/覆盖承受体的强度？",无法判断,不能覆盖 / 不可以,规则不适用,能够覆盖 / 可以,D,D,True
Llama3.1-8B,Base,233,4388,hierarchy_logic,"审批流程规则中，审批权限由高到低依次为：总部 > 大区 > 分区 > 分支 > 节点。
该申请已由「分支」级别完成审批，「节点」级别提出复核申请。
该复核是否具有覆盖当前审批结果的权限？",无法判断,不能覆盖 / 不可以,能够覆盖 / 可以,规则不适用,B,B,True
Llama3.1-8B,Base,234,6147,hierarchy_logic,"在材料强度测试规范中，强度等级由高到低依次为：特级 > 一级 > 二级 > 三级 > 四级。
承受体当前等级为「一级」，攻击源强度等级为「特级」。
该攻击源是否具有击穿/覆盖承受体的强度？",规则不适用,能够覆盖 / 可以,不能覆盖 / 不可以,无法判断,B,B,True
Llama3.1-8B,Base,235,5054,counter_logic,"化学实验要求：反应炉内温度必须严格高于 15 摄氏度。
可调节档位（摄氏度）：[11, 13, 15, 20]。
能满足安全要求且能耗最小的温度档位是？",13,20,11,15,B,B,True
Llama3.1-8B,Base,236,3390,counter_logic,"某学术课题遴选要求：入围者得分必须严格高于 16 分。
候选人得分列表为：[10, 11, 14, 23] 分。
最低入围得分应为哪个？",14,10,23,11,C,A,False
Llama3.1-8B,Base,237,5033,hierarchy_logic,"系统访问控制规则：权限层级为 总部 > 大区 > 分区 > 分支 > 节点。
目标资源的保护级别是「大区」，用户持有的访问令牌级别为「总部」。
该用户能否成功访问此资源？",无法判断,能够覆盖 / 可以,规则不适用,不能覆盖 / 不可以,B,D,False
Llama3.1-8B,Base,238,7421,pattern_recognition,"序列补全：3, 6, 9, 12, 15, 18, ?
缺失的数字应该是？",21,20,25,22,A,A,True
Llama3.1-8B,Base,239,5571,counter_logic,"某学术课题遴选要求：入围者得分必须严格高于 12 分。
候选人得分列表为：[10, 11, 12, 15] 分。
最低入围得分应为哪个？",10,12,15,11,C,B,False
Llama3.1-8B,Base,240,1508,hierarchy_logic,"审批流程规则中，审批权限由高到低依次为：特级 > 一级 > 二级 > 三级 > 四级。
该申请已由「一级」级别完成审批，「四级」级别提出复核申请。
该复核是否具有覆盖当前审批结果的权限？",能够覆盖 / 可以,规则不适用,无法判断,不能覆盖 / 不可以,D,D,True
Llama3.1-8B,Base,241,9201,hierarchy_logic,"组织决策体系：决策权限分级为 钻石 > 铂金 > 黄金 > 白银 > 青铜。
当前决议由「黄金」层级通过，现「铂金」层级要求重新审议。
重新审议请求是否有效？",规则不适用,不能覆盖 / 不可以,无法判断,能够覆盖 / 可以,D,D,True
Llama3.1-8B,Base,242,4871,counter_logic,"化学实验要求：反应炉内温度必须严格高于 16 摄氏度。
可调节档位（摄氏度）：[11, 13, 14, 19]。
能满足安全要求且能耗最小的温度档位是？",13,11,14,19,D,D,True
Llama3.1-8B,Base,243,3773,counter_logic,"项目评审规则：方案报价必须严格高于成本基准线 11 万元才具备参选资格。
各参选报价（万元）：[6, 7, 9, 16]。
哪个是具备参选资格中报价最低的？",6,9,16,7,C,D,False
Llama3.1-8B,Base,244,9159,counter_logic,"某大件物流关卡规定：本通道仅允许总载重量严格大于 4 吨的重型车辆通行（过滤轻型车）。
当前候选车辆载重量为：[1, 2, 3, 5] 吨。
满足要求且载重量最低的车辆是哪个？",1,5,3,2,B,A,False
Llama3.1-8B,Base,245,5089,pattern_recognition,"异常检测：序列 7, 10, 13, 18, 19 中哪个数字偏离了等差模式？",18,10,19,13,A,A,True
Llama3.1-8B,Base,246,2188,hierarchy_logic,"审批流程规则中，审批权限由高到低依次为：极密 > 机密 > 秘密 > 内部 > 公开。
该申请已由「公开」级别完成审批，「机密」级别提出复核申请。
该复核是否具有覆盖当前审批结果的权限？",能够覆盖 / 可以,规则不适用,不能覆盖 / 不可以,无法判断,A,A,True
Llama3.1-8B,Base,247,6804,hierarchy_logic,"组织决策体系：决策权限分级为 董事会 > 总裁办公室 > 业务部门 > 项目组 > 个人。
当前决议由「业务部门」层级通过，现「董事会」层级要求重新审议。
重新审议请求是否有效？",规则不适用,不能覆盖 / 不可以,无法判断,能够覆盖 / 可以,D,D,True
Llama3.1-8B,Base,248,1797,counter_logic,"某大件物流关卡规定：本通道仅允许总载重量严格大于 4 吨的重型车辆通行（过滤轻型车）。
当前候选车辆载重量为：[2, 3, 4, 5] 吨。
满足要求且载重量最低的车辆是哪个？",5,2,3,4,A,A,True
Llama3.1-8B,Base,249,1715,pattern_recognition,"序列补全：4, 6, 8, 10, ?
缺失的数字应该是？",12,15,11,13,A,A,True
Llama3.1-8B,Base,250,7703,counter_logic,"某学术课题遴选要求：入围者得分必须严格高于 14 分。
候选人得分列表为：[5, 10, 11, 12] 分。
最低入围得分应为哪个？（若无候选人分数达标，请选「无入围候选人」）",无入围候选人,12,11,10,A,B,False
Llama3.1-8B,Base,251,1710,pattern_recognition,"逻辑规则：合规数列要求每相邻两项差值恒定为 3。
下列选项中哪个满足要求？",2-5-5-11,2-5-8-14,2-5-8-12,2-5-8-11,D,A,False
Llama3.1-8B,Base,252,1280,counter_logic,"化学实验要求：反应炉内温度必须严格高于 4 摄氏度。
可调节档位（摄氏度）：[1, 3, 4, 9]。
能满足安全要求且能耗最小的温度档位是？",9,4,3,1,A,A,True
Llama3.1-8B,Base,253,2130,counter_logic,"某学术课题遴选要求：入围者得分必须严格高于 15 分。
候选人得分列表为：[8, 9, 11, 17] 分。
最低入围得分应为哪个？",9,11,8,17,D,A,False
Llama3.1-8B,Base,254,6529,hierarchy_logic,"审批流程规则中，审批权限由高到低依次为：特级 > 一级 > 二级 > 三级 > 四级。
该申请已由「三级」级别完成审批，「四级」级别提出复核申请。
该复核是否具有覆盖当前审批结果的权限？",不能覆盖 / 不可以,无法判断,规则不适用,能够覆盖 / 可以,A,D,False
Llama3.1-8B,Base,255,1744,pattern_recognition,"序列补全：3, 7, 11, 15, 19, ?
缺失的数字应该是？",23,24,22,28,A,A,True
Llama3.1-8B,Base,256,8055,pattern_recognition,"数列延续：6, 8, 10, 12, 14, ?
按照既定模式，下一项是？",15,17,19,16,D,A,False
Llama3.1-8B,Base,257,2180,pattern_recognition,"序列补全：4, 6, 8, 10, 12, ?
缺失的数字应该是？",14,17,13,15,A,A,True
Llama3.1-8B,Base,258,2079,pattern_recognition,"序列补全：7, 11, 15, 19, 23, 27, ?
缺失的数字应该是？",36,32,30,31,D,A,False
Llama3.1-8B,Base,259,9369,counter_logic,"集合 S = {14, 15, 17, 20}，从 S 中选出严格大于 22 的最小元素。
该函数的返回值应为？（若集合中不存在满足条件的元素，请选「集合中无满足条件的元素」）",20,集合中无满足条件的元素,17,14,B,B,True
Llama3.1-8B,Base,260,3579,pattern_recognition,"序列补全：7, 10, 13, 16, 19, 22, ?
缺失的数字应该是？",26,24,29,25,D,A,False
Llama3.1-8B,Base,261,4948,counter_logic,"集合 S = {6, 11, 12, 19}，从 S 中选出严格大于 12 的最小元素。
该函数的返回值应为？",11,6,12,19,D,D,True
Llama3.1-8B,Base,262,1958,hierarchy_logic,"组织决策体系：决策权限分级为 钻石 > 铂金 > 黄金 > 白银 > 青铜。
当前决议由「青铜」层级通过，现「铂金」层级要求重新审议。
重新审议请求是否有效？",无法判断,能够覆盖 / 可以,规则不适用,不能覆盖 / 不可以,B,B,True
Llama3.1-8B,Base,263,2217,counter_logic,"化学实验要求：反应炉内温度必须严格高于 6 摄氏度。
可调节档位（摄氏度）：[2, 4, 5, 12]。
能满足安全要求且能耗最小的温度档位是？",5,2,4,12,D,D,True
Llama3.1-8B,Base,264,3369,pattern_recognition,"数列验证标准：有效序列必须是公差为 3 的连续递增数列。
请识别出符合标准的序列：",3-6-9-12-12,3-6-10-12-15,3-6-9-12-15,3-6-9-12-18,C,B,False
Llama3.1-8B,Base,265,2874,hierarchy_logic,"在某权限控制体系中，级别由高到低依次为：极密 > 机密 > 秘密 > 内部 > 公开。
当前资源处于「极密」级别锁定状态，认证凭证所属级别为「秘密」。
该凭证是否具备解锁权限？",无法判断,规则不适用,不能覆盖 / 不可以,能够覆盖 / 可以,C,D,False
Llama3.1-8B,Base,266,5530,hierarchy_logic,"审批流程规则中，审批权限由高到低依次为：极密 > 机密 > 秘密 > 内部 > 公开。
该申请已由「极密」级别完成审批，「秘密」级别提出复核申请。
该复核是否具有覆盖当前审批结果的权限？",无法判断,规则不适用,不能覆盖 / 不可以,能够覆盖 / 可以,C,D,False
Llama3.1-8B,Base,267,9498,counter_logic,"项目评审规则：方案报价必须严格高于成本基准线 15 万元才具备参选资格。
各参选报价（万元）：[12, 14, 15, 17]。
哪个是具备参选资格中报价最低的？",14,15,12,17,D,D,True
Llama3.1-8B,Base,268,8349,pattern_recognition,"在数列 7, 9, 9, 10, 11 中，识别出违反等差规律的元素：",10,7,11,9,D,A,False
Llama3.1-8B,Base,269,4090,pattern_recognition,"数列验证标准：有效序列必须是公差为 3 的连续递增数列。
请识别出符合标准的序列：",8-11-14-17,8-11-11-17,8-11-14-18,8-11-14-20,A,A,True
Llama3.1-8B,Base,270,5332,pattern_recognition,"数列验证标准：有效序列必须是公差为 2 的连续递增数列。
请识别出符合标准的序列：",2-4-6-6,2-4-6-10,2-5-6-8,2-4-6-8,D,B,False
Llama3.1-8B,Base,271,4919,hierarchy_logic,"审批流程规则中，审批权限由高到低依次为：董事会 > 总裁办公室 > 业务部门 > 项目组 > 个人。
该申请已由「业务部门」级别完成审批，「项目组」级别提出复核申请。
该复核是否具有覆盖当前审批结果的权限？",不能覆盖 / 不可以,能够覆盖 / 可以,规则不适用,无法判断,A,A,True
Llama3.1-8B,Base,272,8849,counter_logic,"某学术课题遴选要求：入围者得分必须严格高于 8 分。
候选人得分列表为：[1, 5, 6, 9] 分。
最低入围得分应为哪个？",9,5,6,1,A,A,True
Llama3.1-8B,Base,273,2771,hierarchy_logic,"系统访问控制规则：权限层级为 特级 > 一级 > 二级 > 三级 > 四级。
目标资源的保护级别是「三级」，用户持有的访问令牌级别为「一级」。
该用户能否成功访问此资源？",无法判断,能够覆盖 / 可以,规则不适用,不能覆盖 / 不可以,B,D,False
Llama3.1-8B,Base,274,6221,pattern_recognition,"以下序列中，有且仅有一个数字破坏了等差规律：
10, 9, 10, 11, 12
请找出这个不符合规律的数字。",12,10,9,11,B,A,False
Llama3.1-8B,Base,275,4522,pattern_recognition,"逻辑规则：合规数列要求每相邻两项差值恒定为 3。
下列选项中哪个满足要求？",6-9-12-15-19,6-9-12-15-15,6-9-12-15-18,6-9-12-15-21,C,A,False
Llama3.1-8B,Base,276,8444,counter_logic,"某学术课题遴选要求：入围者得分必须严格高于 15 分。
候选人得分列表为：[8, 12, 14, 22] 分。
最低入围得分应为哪个？",14,8,12,22,D,A,False
Llama3.1-8B,Base,277,3646,hierarchy_logic,"在材料强度测试规范中，强度等级由高到低依次为：S级 > A级 > B级 > C级 > D级。
承受体当前等级为「A级」，攻击源强度等级为「S级」。
该攻击源是否具有击穿/覆盖承受体的强度？",无法判断,规则不适用,能够覆盖 / 可以,不能覆盖 / 不可以,C,D,False
Llama3.1-8B,Base,278,2443,pattern_recognition,"序列补全：7, 8, 9, 10, ?
缺失的数字应该是？",11,12,10,13,A,B,False
Llama3.1-8B,Base,279,9920,pattern_recognition,"数列验证标准：有效序列必须是公差为 1 的连续递增数列。
请识别出符合标准的序列：",6-7-8-10,6-8-10-12,6-6-8-9,6-7-8-9,D,B,False
Llama3.1-8B,Base,280,5978,hierarchy_logic,"审批流程规则中，审批权限由高到低依次为：极密 > 机密 > 秘密 > 内部 > 公开。
该申请已由「内部」级别完成审批，「公开」级别提出复核申请。
该复核是否具有覆盖当前审批结果的权限？",规则不适用,不能覆盖 / 不可以,能够覆盖 / 可以,无法判断,B,B,True
Llama3.1-8B,Base,281,1517,counter_logic,"化学实验要求：反应炉内温度必须严格高于 13 摄氏度。
可调节档位（摄氏度）：[8, 10, 11, 17]。
能满足安全要求且能耗最小的温度档位是？",8,10,17,11,C,D,False
Llama3.1-8B,Base,282,4727,pattern_recognition,"逻辑规则：合规数列要求每相邻两项差值恒定为 2。
下列选项中哪个满足要求？",9-9-13-15-17,9-11-14-15-17,9-11-13-15-19,9-11-13-15-17,D,D,True
Llama3.1-8B,Base,283,4070,counter_logic,"某学术课题遴选要求：入围者得分必须严格高于 5 分。
候选人得分列表为：[2, 3, 4, 6] 分。
最低入围得分应为哪个？",3,4,2,6,D,D,True
Llama3.1-8B,Base,284,4920,counter_logic,"化学实验要求：反应炉内温度必须严格高于 7 摄氏度。
可调节档位（摄氏度）：[3, 5, 7, 9]。
能满足安全要求且能耗最小的温度档位是？",7,3,9,5,C,D,False
Llama3.1-8B,Base,285,4608,hierarchy_logic,"系统访问控制规则：权限层级为 极密 > 机密 > 秘密 > 内部 > 公开。
目标资源的保护级别是「机密」，用户持有的访问令牌级别为「极密」。
该用户能否成功访问此资源？",不能覆盖 / 不可以,规则不适用,无法判断,能够覆盖 / 可以,D,D,True
Llama3.1-8B,Base,286,2344,counter_logic,"某学术课题遴选要求：入围者得分必须严格高于 10 分。
候选人得分列表为：[3, 7, 9, 12] 分。
最低入围得分应为哪个？",7,12,3,9,B,A,False
Llama3.1-8B,Base,287,9151,pattern_recognition,"异常检测：序列 10, 9, 12, 15, 18 中哪个数字偏离了等差模式？",15,18,10,12,C,A,False
Llama3.1-8B,Base,288,2745,counter_logic,"某大件物流关卡规定：本通道仅允许总载重量严格大于 8 吨的重型车辆通行（过滤轻型车）。
当前候选车辆载重量为：[6, 7, 8, 10] 吨。
满足要求且载重量最低的车辆是哪个？",10,6,7,8,A,A,True
Llama3.1-8B,Base,289,1842,pattern_recognition,"在某数学认证规则中，「合法数列」定义为：公差严格为 1 的递增等差数列。
以下哪个序列是合法的？",6-7-8-9,6-7-8-8,7-7-8-9,6-7-8-10,A,A,True
Llama3.1-8B,Base,290,3184,hierarchy_logic,"在材料强度测试规范中，强度等级由高到低依次为：S级 > A级 > B级 > C级 > D级。
承受体当前等级为「C级」，攻击源强度等级为「D级」。
该攻击源是否具有击穿/覆盖承受体的强度？",无法判断,规则不适用,不能覆盖 / 不可以,能够覆盖 / 可以,C,C,True
Llama3.1-8B,Base,291,4585,hierarchy_logic,"审批流程规则中，审批权限由高到低依次为：董事会 > 总裁办公室 > 业务部门 > 项目组 > 个人。
该申请已由「总裁办公室」级别完成审批，「业务部门」级别提出复核申请。
该复核是否具有覆盖当前审批结果的权限？",无法判断,能够覆盖 / 可以,规则不适用,不能覆盖 / 不可以,D,D,True
Llama3.1-8B,Base,292,5026,counter_logic,"某大件物流关卡规定：本通道仅允许总载重量严格大于 4 吨的重型车辆通行（过滤轻型车）。
当前候选车辆载重量为：[1, 2, 4, 7] 吨。
满足要求且载重量最低的车辆是哪个？",1,4,7,2,C,A,False
Llama3.1-8B,Base,293,5933,counter_logic,"化学实验要求：反应炉内温度必须严格高于 18 摄氏度。
可调节档位（摄氏度）：[10, 12, 13, 15]。
能满足安全要求且能耗最小的温度档位是？（若无温度满足要求，请选「无合规温度档位」）",12,13,无合规温度档位,10,C,D,False
Llama3.1-8B,Base,294,4012,counter_logic,"项目评审规则：方案报价必须严格高于成本基准线 16 万元才具备参选资格。
各参选报价（万元）：[12, 14, 16, 21]。
哪个是具备参选资格中报价最低的？",21,16,12,14,A,B,False
Llama3.1-8B,Base,295,6651,counter_logic,"化学实验要求：反应炉内温度必须严格高于 12 摄氏度。
可调节档位（摄氏度）：[4, 6, 7, 11]。
能满足安全要求且能耗最小的温度档位是？（若无温度满足要求，请选「无合规温度档位」）",11,无合规温度档位,7,6,B,A,False
Llama3.1-8B,Base,296,8319,counter_logic,"集合 S = {2, 3, 4, 8}，从 S 中选出严格大于 6 的最小元素。
该函数的返回值应为？",2,8,4,3,B,B,True
Llama3.1-8B,Base,297,3068,hierarchy_logic,"在材料强度测试规范中，强度等级由高到低依次为：特级 > 一级 > 二级 > 三级 > 四级。
承受体当前等级为「一级」，攻击源强度等级为「三级」。
该攻击源是否具有击穿/覆盖承受体的强度？",无法判断,能够覆盖 / 可以,规则不适用,不能覆盖 / 不可以,D,D,True
Llama3.1-8B,Base,298,4460,pattern_recognition,"观察以下等差数列：8, 10, 12, 14, 16, 18, ?
根据规律，?处应填入哪个数字？",19,21,23,20,D,A,False
Llama3.1-8B,Base,299,7499,counter_logic,"项目评审规则：方案报价必须严格高于成本基准线 12 万元才具备参选资格。
各参选报价（万元）：[5, 10, 11, 18]。
哪个是具备参选资格中报价最低的？",5,11,18,10,C,B,False
Llama3.1-8B,Base,300,6661,pattern_recognition,"逻辑规则：合规数列要求每相邻两项差值恒定为 2。
下列选项中哪个满足要求？",5-7-9-9,5-7-9-13,5-7-9-11,5-7-9-12,C,B,False
Llama3.1-8B,LoRA-v2,1,8496,counter_logic,"集合 S = {6, 7, 9, 12}，从 S 中选出严格大于 12 的最小元素。
该函数的返回值应为？（若集合中不存在满足条件的元素，请选「集合中无满足条件的元素」）",9,集合中无满足条件的元素,6,7,B,B,True
Llama3.1-8B,LoRA-v2,2,9817,hierarchy_logic,"在材料强度测试规范中，强度等级由高到低依次为：级别-五 > 级别-四 > 级别-三 > 级别-二 > 级别-一。
承受体当前等级为「级别-二」，攻击源强度等级为「级别-一」。
该攻击源是否具有击穿/覆盖承受体的强度？",无法判断,能够覆盖 / 可以,不能覆盖 / 不可以,规则不适用,C,D,False
Llama3.1-8B,LoRA-v2,3,5533,hierarchy_logic,"审批流程规则中，审批权限由高到低依次为：极密 > 机密 > 秘密 > 内部 > 公开。
该申请已由「公开」级别完成审批，「秘密」级别提出复核申请。
该复核是否具有覆盖当前审批结果的权限？",无法判断,不能覆盖 / 不可以,规则不适用,能够覆盖 / 可以,D,D,True
Llama3.1-8B,LoRA-v2,4,2354,counter_logic,"集合 S = {6, 7, 9, 14}，从 S 中选出严格大于 10 的最小元素。
该函数的返回值应为？",9,6,7,14,D,D,True
Llama3.1-8B,LoRA-v2,5,2137,hierarchy_logic,"系统访问控制规则：权限层级为 极密 > 机密 > 秘密 > 内部 > 公开。
目标资源的保护级别是「机密」，用户持有的访问令牌级别为「极密」。
该用户能否成功访问此资源？",能够覆盖 / 可以,无法判断,不能覆盖 / 不可以,规则不适用,A,A,True
Llama3.1-8B,LoRA-v2,6,7761,counter_logic,"某学术课题遴选要求：入围者得分必须严格高于 16 分。
候选人得分列表为：[10, 15, 16, 21] 分。
最低入围得分应为哪个？",10,21,15,16,B,D,False
Llama3.1-8B,LoRA-v2,7,6655,pattern_recognition,"数列延续：9, 14, 19, 24, 29, ?
按照既定模式，下一项是？",40,34,33,35,B,D,False
Llama3.1-8B,LoRA-v2,8,2827,hierarchy_logic,"在材料强度测试规范中，强度等级由高到低依次为：钻石 > 铂金 > 黄金 > 白银 > 青铜。
承受体当前等级为「铂金」，攻击源强度等级为「钻石」。
该攻击源是否具有击穿/覆盖承受体的强度？",能够覆盖 / 可以,不能覆盖 / 不可以,规则不适用,无法判断,A,B,False
Llama3.1-8B,LoRA-v2,9,7484,pattern_recognition,"数列延续：3, 7, 11, 15, ?
按照既定模式，下一项是？",20,19,18,24,B,D,False
Llama3.1-8B,LoRA-v2,10,6925,hierarchy_logic,"在材料强度测试规范中，强度等级由高到低依次为：董事会 > 总裁办公室 > 业务部门 > 项目组 > 个人。
承受体当前等级为「总裁办公室」，攻击源强度等级为「董事会」。
该攻击源是否具有击穿/覆盖承受体的强度？",规则不适用,不能覆盖 / 不可以,无法判断,能够覆盖 / 可以,D,D,True
Llama3.1-8B,LoRA-v2,11,2923,counter_logic,"某大件物流关卡规定：本通道仅允许总载重量严格大于 4 吨的重型车辆通行（过滤轻型车）。
当前候选车辆载重量为：[1, 2, 3, 10] 吨。
满足要求且载重量最低的车辆是哪个？",10,1,2,3,A,A,True
Llama3.1-8B,LoRA-v2,12,4502,hierarchy_logic,"在某权限控制体系中，级别由高到低依次为：特级 > 一级 > 二级 > 三级 > 四级。
当前资源处于「二级」级别锁定状态，认证凭证所属级别为「特级」。
该凭证是否具备解锁权限？",能够覆盖 / 可以,无法判断,不能覆盖 / 不可以,规则不适用,A,A,True
Llama3.1-8B,LoRA-v2,13,5820,hierarchy_logic,"在材料强度测试规范中，强度等级由高到低依次为：极密 > 机密 > 秘密 > 内部 > 公开。
承受体当前等级为「内部」，攻击源强度等级为「公开」。
该攻击源是否具有击穿/覆盖承受体的强度？",能够覆盖 / 可以,无法判断,不能覆盖 / 不可以,规则不适用,C,C,True
Llama3.1-8B,LoRA-v2,14,2946,counter_logic,"化学实验要求：反应炉内温度必须严格高于 9 摄氏度。
可调节档位（摄氏度）：[2, 5, 6, 14]。
能满足安全要求且能耗最小的温度档位是？",14,6,2,5,A,A,True
Llama3.1-8B,LoRA-v2,15,2735,counter_logic,"某大件物流关卡规定：本通道仅允许总载重量严格大于 20 吨的重型车辆通行（过滤轻型车）。
当前候选车辆载重量为：[12, 17, 19, 20] 吨。
满足要求且载重量最低的车辆是哪个？（若所有车辆均不达标准，请选「无达标车辆」）",无达标车辆,20,19,17,A,B,False
Llama3.1-8B,LoRA-v2,16,5386,hierarchy_logic,"审批流程规则中，审批权限由高到低依次为：极密 > 机密 > 秘密 > 内部 > 公开。
该申请已由「机密」级别完成审批，「极密」级别提出复核申请。
该复核是否具有覆盖当前审批结果的权限？",规则不适用,无法判断,不能覆盖 / 不可以,能够覆盖 / 可以,D,D,True
Llama3.1-8B,LoRA-v2,17,2395,hierarchy_logic,"在材料强度测试规范中，强度等级由高到低依次为：总部 > 大区 > 分区 > 分支 > 节点。
承受体当前等级为「总部」，攻击源强度等级为「分区」。
该攻击源是否具有击穿/覆盖承受体的强度？",不能覆盖 / 不可以,规则不适用,无法判断,能够覆盖 / 可以,A,D,False
Llama3.1-8B,LoRA-v2,18,9837,hierarchy_logic,"审批流程规则中，审批权限由高到低依次为：一级响应 > 二级响应 > 三级响应 > 四级响应 > 日常局。
该申请已由「四级响应」级别完成审批，「日常局」级别提出复核申请。
该复核是否具有覆盖当前审批结果的权限？",无法判断,规则不适用,能够覆盖 / 可以,不能覆盖 / 不可以,D,D,True
Llama3.1-8B,LoRA-v2,19,5871,hierarchy_logic,"在某权限控制体系中，级别由高到低依次为：极密 > 机密 > 秘密 > 内部 > 公开。
当前资源处于「内部」级别锁定状态，认证凭证所属级别为「公开」。
该凭证是否具备解锁权限？",不能覆盖 / 不可以,无法判断,能够覆盖 / 可以,规则不适用,A,A,True
Llama3.1-8B,LoRA-v2,20,3399,counter_logic,"化学实验要求：反应炉内温度必须严格高于 12 摄氏度。
可调节档位（摄氏度）：[5, 7, 9, 19]。
能满足安全要求且能耗最小的温度档位是？",19,7,9,5,A,A,True
Llama3.1-8B,LoRA-v2,21,5526,hierarchy_logic,"审批流程规则中，审批权限由高到低依次为：S级 > A级 > B级 > C级 > D级。
该申请已由「A级」级别完成审批，「C级」级别提出复核申请。
该复核是否具有覆盖当前审批结果的权限？",不能覆盖 / 不可以,规则不适用,能够覆盖 / 可以,无法判断,A,A,True
Llama3.1-8B,LoRA-v2,22,8033,pattern_recognition,"观察以下等差数列：2, 6, 10, 14, 18, ?
根据规律，?处应填入哪个数字？",21,23,22,27,C,D,False
Llama3.1-8B,LoRA-v2,23,6000,hierarchy_logic,"在某权限控制体系中，级别由高到低依次为：一级响应 > 二级响应 > 三级响应 > 四级响应 > 日常局。
当前资源处于「日常局」级别锁定状态，认证凭证所属级别为「二级响应」。
该凭证是否具备解锁权限？",能够覆盖 / 可以,无法判断,规则不适用,不能覆盖 / 不可以,A,D,False
Llama3.1-8B,LoRA-v2,24,8179,pattern_recognition,"异常检测：序列 8, 11, 16, 17, 20 中哪个数字偏离了等差模式？",11,17,16,8,C,C,True
Llama3.1-8B,LoRA-v2,25,6649,pattern_recognition,"在数列 8, 9, 10, 12, 12 中，识别出违反等差规律的元素：",10,9,8,12,D,B,False
Llama3.1-8B,LoRA-v2,26,1645,pattern_recognition,"逻辑规则：合规数列要求每相邻两项差值恒定为 2。
下列选项中哪个满足要求？",4-6-8-10-14,4-6-8-10-12,4-6-8-8-12,4-5-8-10-12,B,B,True
Llama3.1-8B,LoRA-v2,27,5500,pattern_recognition,"数列延续：9, 11, 13, 15, ?
按照既定模式，下一项是？",17,18,16,20,A,A,True
Llama3.1-8B,LoRA-v2,28,3050,pattern_recognition,"以下序列中，有且仅有一个数字破坏了等差规律：
4, 6, 7, 10, 12
请找出这个不符合规律的数字。",6,10,7,12,C,C,True
Llama3.1-8B,LoRA-v2,29,5161,pattern_recognition,"逻辑规则：合规数列要求每相邻两项差值恒定为 1。
下列选项中哪个满足要求？",2-3-4-5-6,2-4-4-6,2-3-4-5-5,2-3-4-5-7,A,A,True
Llama3.1-8B,LoRA-v2,30,2160,hierarchy_logic,"在某权限控制体系中，级别由高到低依次为：特级 > 一级 > 二级 > 三级 > 四级。
当前资源处于「一级」级别锁定状态，认证凭证所属级别为「特级」。
该凭证是否具备解锁权限？",无法判断,不能覆盖 / 不可以,规则不适用,能够覆盖 / 可以,D,D,True
Llama3.1-8B,LoRA-v2,31,9331,pattern_recognition,"序列补全：12, 14, 16, 18, 20, 22, ?
缺失的数字应该是？",27,25,23,24,D,D,True
Llama3.1-8B,LoRA-v2,32,7652,counter_logic,"某学术课题遴选要求：入围者得分必须严格高于 7 分。
候选人得分列表为：[3, 5, 6, 12] 分。
最低入围得分应为哪个？",3,5,12,6,C,D,False
Llama3.1-8B,LoRA-v2,33,8348,counter_logic,"某大件物流关卡规定：本通道仅允许总载重量严格大于 11 吨的重型车辆通行（过滤轻型车）。
当前候选车辆载重量为：[5, 7, 8, 12] 吨。
满足要求且载重量最低的车辆是哪个？",12,7,8,5,A,D,False
Llama3.1-8B,LoRA-v2,34,6381,pattern_recognition,"观察以下等差数列：11, 13, 15, 17, 19, 21, ?
根据规律，?处应填入哪个数字？",23,24,26,22,A,A,True
Llama3.1-8B,LoRA-v2,35,9984,pattern_recognition,"在某数学认证规则中，「合法数列」定义为：公差严格为 3 的递增等差数列。
以下哪个序列是合法的？",8-11-14-14,9-11-14-17,8-11-14-20,8-11-14-17,D,D,True
Llama3.1-8B,LoRA-v2,36,2886,pattern_recognition,"数列验证标准：有效序列必须是公差为 1 的连续递增数列。
请识别出符合标准的序列：",3-4-4-6-7,3-4-5-6-8,3-4-5-6-7,3-4-5-6-8,C,C,True
Llama3.1-8B,LoRA-v2,37,1693,pattern_recognition,"以下序列中，有且仅有一个数字破坏了等差规律：
3, 4, 7, 6, 7
请找出这个不符合规律的数字。",3,6,7,4,C,B,False
Llama3.1-8B,LoRA-v2,38,4501,hierarchy_logic,"在某权限控制体系中，级别由高到低依次为：钻石 > 铂金 > 黄金 > 白银 > 青铜。
当前资源处于「白银」级别锁定状态，认证凭证所属级别为「青铜」。
该凭证是否具备解锁权限？",不能覆盖 / 不可以,无法判断,能够覆盖 / 可以,规则不适用,A,A,True
Llama3.1-8B,LoRA-v2,39,8041,hierarchy_logic,"在某权限控制体系中，级别由高到低依次为：特级 > 一级 > 二级 > 三级 > 四级。
当前资源处于「一级」级别锁定状态，认证凭证所属级别为「特级」。
该凭证是否具备解锁权限？",无法判断,规则不适用,不能覆盖 / 不可以,能够覆盖 / 可以,D,D,True
Llama3.1-8B,LoRA-v2,40,7590,counter_logic,"集合 S = {1, 3, 4, 10}，从 S 中选出严格大于 5 的最小元素。
该函数的返回值应为？",3,10,4,1,B,B,True
Llama3.1-8B,LoRA-v2,41,4817,pattern_recognition,"逻辑规则：合规数列要求每相邻两项差值恒定为 1。
下列选项中哪个满足要求？",6-6-8-9,6-7-8-10,6-8-8-9,6-7-8-9,D,D,True
Llama3.1-8B,LoRA-v2,42,1783,pattern_recognition,"在数列 10, 13, 16, 17, 22 中，识别出违反等差规律的元素：",17,13,10,22,A,D,False
Llama3.1-8B,LoRA-v2,43,8822,counter_logic,"集合 S = {9, 13, 15, 19}，从 S 中选出严格大于 15 的最小元素。
该函数的返回值应为？",19,13,15,9,A,A,True
Llama3.1-8B,LoRA-v2,44,9056,hierarchy_logic,"在某权限控制体系中，级别由高到低依次为：S级 > A级 > B级 > C级 > D级。
当前资源处于「B级」级别锁定状态，认证凭证所属级别为「D级」。
该凭证是否具备解锁权限？",无法判断,能够覆盖 / 可以,规则不适用,不能覆盖 / 不可以,D,D,True
Llama3.1-8B,LoRA-v2,45,7755,hierarchy_logic,"审批流程规则中，审批权限由高到低依次为：总部 > 大区 > 分区 > 分支 > 节点。
该申请已由「节点」级别完成审批，「大区」级别提出复核申请。
该复核是否具有覆盖当前审批结果的权限？",规则不适用,无法判断,能够覆盖 / 可以,不能覆盖 / 不可以,C,D,False
Llama3.1-8B,LoRA-v2,46,2943,counter_logic,"化学实验要求：反应炉内温度必须严格高于 10 摄氏度。
可调节档位（摄氏度）：[4, 8, 9, 14]。
能满足安全要求且能耗最小的温度档位是？",14,9,8,4,A,A,True
Llama3.1-8B,LoRA-v2,47,7689,pattern_recognition,"逻辑规则：合规数列要求每相邻两项差值恒定为 1。
下列选项中哪个满足要求？",9-10-11-12-13,9-10-11-12-12,9-9-11-12-13,9-10-11-12-14,A,A,True
Llama3.1-8B,LoRA-v2,48,7071,hierarchy_logic,"在某权限控制体系中，级别由高到低依次为：极密 > 机密 > 秘密 > 内部 > 公开。
当前资源处于「秘密」级别锁定状态，认证凭证所属级别为「内部」。
该凭证是否具备解锁权限？",规则不适用,无法判断,能够覆盖 / 可以,不能覆盖 / 不可以,D,D,True
Llama3.1-8B,LoRA-v2,49,2245,hierarchy_logic,"在某权限控制体系中，级别由高到低依次为：钻石 > 铂金 > 黄金 > 白银 > 青铜。
当前资源处于「钻石」级别锁定状态，认证凭证所属级别为「白银」。
该凭证是否具备解锁权限？",无法判断,不能覆盖 / 不可以,能够覆盖 / 可以,规则不适用,B,B,True
Llama3.1-8B,LoRA-v2,50,6238,hierarchy_logic,"审批流程规则中，审批权限由高到低依次为：钻石 > 铂金 > 黄金 > 白银 > 青铜。
该申请已由「钻石」级别完成审批，「白银」级别提出复核申请。
该复核是否具有覆盖当前审批结果的权限？",不能覆盖 / 不可以,无法判断,规则不适用,能够覆盖 / 可以,A,D,False
Llama3.1-8B,LoRA-v2,51,1841,counter_logic,"集合 S = {9, 11, 13, 15}，从 S 中选出严格大于 14 的最小元素。
该函数的返回值应为？",11,15,13,9,B,B,True
Llama3.1-8B,LoRA-v2,52,2982,hierarchy_logic,"审批流程规则中，审批权限由高到低依次为：极密 > 机密 > 秘密 > 内部 > 公开。
该申请已由「公开」级别完成审批，「秘密」级别提出复核申请。
该复核是否具有覆盖当前审批结果的权限？",能够覆盖 / 可以,不能覆盖 / 不可以,无法判断,规则不适用,A,A,True
Llama3.1-8B,LoRA-v2,53,7256,pattern_recognition,"在数列 10, 15, 14, 16, 18 中，识别出违反等差规律的元素：",15,10,18,14,A,D,False
Llama3.1-8B,LoRA-v2,54,7062,pattern_recognition,"数列延续：5, 10, 15, 20, 25, ?
按照既定模式，下一项是？",29,30,31,36,B,D,False
Llama3.1-8B,LoRA-v2,55,1422,pattern_recognition,"逻辑规则：合规数列要求每相邻两项差值恒定为 2。
下列选项中哪个满足要求？",3-5-6-9,3-5-7-11,3-5-7-9,3-3-7-9,C,C,True
Llama3.1-8B,LoRA-v2,56,8454,counter_logic,"某大件物流关卡规定：本通道仅允许总载重量严格大于 14 吨的重型车辆通行（过滤轻型车）。
当前候选车辆载重量为：[8, 11, 12, 17] 吨。
满足要求且载重量最低的车辆是哪个？",11,17,8,12,B,D,False
Llama3.1-8B,LoRA-v2,57,5061,counter_logic,"项目评审规则：方案报价必须严格高于成本基准线 12 万元才具备参选资格。
各参选报价（万元）：[6, 7, 12, 17]。
哪个是具备参选资格中报价最低的？",12,7,6,17,D,A,False
Llama3.1-8B,LoRA-v2,58,7636,pattern_recognition,"序列补全：8, 13, 18, 23, 28, 33, ?
缺失的数字应该是？",37,38,39,44,B,D,False
Llama3.1-8B,LoRA-v2,59,4505,hierarchy_logic,"在某权限控制体系中，级别由高到低依次为：总部 > 大区 > 分区 > 分支 > 节点。
当前资源处于「大区」级别锁定状态，认证凭证所属级别为「分区」。
该凭证是否具备解锁权限？",能够覆盖 / 可以,不能覆盖 / 不可以,无法判断,规则不适用,B,B,True
Llama3.1-8B,LoRA-v2,60,5952,hierarchy_logic,"在某权限控制体系中，级别由高到低依次为：钻石 > 铂金 > 黄金 > 白银 > 青铜。
当前资源处于「铂金」级别锁定状态，认证凭证所属级别为「白银」。
该凭证是否具备解锁权限？",无法判断,不能覆盖 / 不可以,规则不适用,能够覆盖 / 可以,B,B,True
Llama3.1-8B,LoRA-v2,61,4432,hierarchy_logic,"审批流程规则中，审批权限由高到低依次为：一级响应 > 二级响应 > 三级响应 > 四级响应 > 日常局。
该申请已由「日常局」级别完成审批，「三级响应」级别提出复核申请。
该复核是否具有覆盖当前审批结果的权限？",能够覆盖 / 可以,无法判断,规则不适用,不能覆盖 / 不可以,A,D,False
Llama3.1-8B,LoRA-v2,62,1049,counter_logic,"某学术课题遴选要求：入围者得分必须严格高于 10 分。
候选人得分列表为：[3, 6, 7, 14] 分。
最低入围得分应为哪个？",6,7,3,14,D,B,False
Llama3.1-8B,LoRA-v2,63,1257,counter_logic,"化学实验要求：反应炉内温度必须严格高于 7 摄氏度。
可调节档位（摄氏度）：[1, 3, 4, 12]。
能满足安全要求且能耗最小的温度档位是？",12,4,3,1,A,A,True
Llama3.1-8B,LoRA-v2,64,9148,counter_logic,"项目评审规则：方案报价必须严格高于成本基准线 13 万元才具备参选资格。
各参选报价（万元）：[7, 11, 12, 19]。
哪个是具备参选资格中报价最低的？",19,7,11,12,A,D,False
Llama3.1-8B,LoRA-v2,65,2654,hierarchy_logic,"在某权限控制体系中，级别由高到低依次为：极密 > 机密 > 秘密 > 内部 > 公开。
当前资源处于「机密」级别锁定状态，认证凭证所属级别为「极密」。
该凭证是否具备解锁权限？",不能覆盖 / 不可以,规则不适用,能够覆盖 / 可以,无法判断,C,C,True
Llama3.1-8B,LoRA-v2,66,6417,counter_logic,"项目评审规则：方案报价必须严格高于成本基准线 14 万元才具备参选资格。
各参选报价（万元）：[8, 11, 14, 19]。
哪个是具备参选资格中报价最低的？",14,11,19,8,C,D,False
Llama3.1-8B,LoRA-v2,67,3041,hierarchy_logic,"审批流程规则中，审批权限由高到低依次为：极密 > 机密 > 秘密 > 内部 > 公开。
该申请已由「内部」级别完成审批，「公开」级别提出复核申请。
该复核是否具有覆盖当前审批结果的权限？",不能覆盖 / 不可以,能够覆盖 / 可以,规则不适用,无法判断,A,A,True
Llama3.1-8B,LoRA-v2,68,8692,counter_logic,"某学术课题遴选要求：入围者得分必须严格高于 10 分。
候选人得分列表为：[5, 8, 9, 14] 分。
最低入围得分应为哪个？",5,14,8,9,B,D,False
Llama3.1-8B,LoRA-v2,69,8956,hierarchy_logic,"审批流程规则中，审批权限由高到低依次为：一级响应 > 二级响应 > 三级响应 > 四级响应 > 日常局。
该申请已由「二级响应」级别完成审批，「四级响应」级别提出复核申请。
该复核是否具有覆盖当前审批结果的权限？",不能覆盖 / 不可以,无法判断,规则不适用,能够覆盖 / 可以,A,D,False
Llama3.1-8B,LoRA-v2,70,9751,hierarchy_logic,"审批流程规则中，审批权限由高到低依次为：特级 > 一级 > 二级 > 三级 > 四级。
该申请已由「二级」级别完成审批，「四级」级别提出复核申请。
该复核是否具有覆盖当前审批结果的权限？",无法判断,不能覆盖 / 不可以,规则不适用,能够覆盖 / 可以,B,D,False
Llama3.1-8B,LoRA-v2,71,4006,hierarchy_logic,"系统访问控制规则：权限层级为 总部 > 大区 > 分区 > 分支 > 节点。
目标资源的保护级别是「分区」，用户持有的访问令牌级别为「总部」。
该用户能否成功访问此资源？",无法判断,不能覆盖 / 不可以,能够覆盖 / 可以,规则不适用,C,B,False
Llama3.1-8B,LoRA-v2,72,8199,pattern_recognition,"观察以下等差数列：10, 11, 12, 13, 14, 15, ?
根据规律，?处应填入哪个数字？",15,17,18,16,D,D,True
Llama3.1-8B,LoRA-v2,73,2674,hierarchy_logic,"组织决策体系：决策权限分级为 S级 > A级 > B级 > C级 > D级。
当前决议由「C级」层级通过，现「A级」层级要求重新审议。
重新审议请求是否有效？",无法判断,规则不适用,能够覆盖 / 可以,不能覆盖 / 不可以,C,C,True
Llama3.1-8B,LoRA-v2,74,3826,counter_logic,"项目评审规则：方案报价必须严格高于成本基准线 13 万元才具备参选资格。
各参选报价（万元）：[8, 9, 11, 13]。
哪个是具备参选资格中报价最低的？（若无项目具备参选资格，请选「无具资格项目」）",无具资格项目,8,13,9,A,B,False
Llama3.1-8B,LoRA-v2,75,3902,pattern_recognition,"序列补全：5, 8, 11, 14, ?
缺失的数字应该是？",21,17,16,18,B,D,False
Llama3.1-8B,LoRA-v2,76,8078,hierarchy_logic,"在材料强度测试规范中，强度等级由高到低依次为：钻石 > 铂金 > 黄金 > 白银 > 青铜。
承受体当前等级为「白银」，攻击源强度等级为「青铜」。
该攻击源是否具有击穿/覆盖承受体的强度？",能够覆盖 / 可以,规则不适用,无法判断,不能覆盖 / 不可以,D,D,True
Llama3.1-8B,LoRA-v2,77,3340,hierarchy_logic,"系统访问控制规则：权限层级为 总部 > 大区 > 分区 > 分支 > 节点。
目标资源的保护级别是「分支」，用户持有的访问令牌级别为「总部」。
该用户能否成功访问此资源？",能够覆盖 / 可以,无法判断,不能覆盖 / 不可以,规则不适用,A,C,False
Llama3.1-8B,LoRA-v2,78,3170,hierarchy_logic,"组织决策体系：决策权限分级为 特级 > 一级 > 二级 > 三级 > 四级。
当前决议由「一级」层级通过，现「特级」层级要求重新审议。
重新审议请求是否有效？",能够覆盖 / 可以,规则不适用,无法判断,不能覆盖 / 不可以,A,A,True
Llama3.1-8B,LoRA-v2,79,3463,pattern_recognition,"序列补全：3, 6, 9, 12, 15, 18, ?
缺失的数字应该是？",21,20,22,25,A,A,True
Llama3.1-8B,LoRA-v2,80,7897,pattern_recognition,"在某数学认证规则中，「合法数列」定义为：公差严格为 1 的递增等差数列。
以下哪个序列是合法的？",1-3-3-4-5,1-2-3-4-6,1-2-3-4-5,1-1-3-4-5,C,C,True
Llama3.1-8B,LoRA-v2,81,3877,pattern_recognition,"数列验证标准：有效序列必须是公差为 2 的连续递增数列。
请识别出符合标准的序列：",8-10-12-14,8-10-11-14,8-10-12-16,8-8-12-14,A,A,True
Llama3.1-8B,LoRA-v2,82,2503,pattern_recognition,"数列延续：11, 13, 15, 17, 19, 21, ?
按照既定模式，下一项是？",24,22,26,23,D,D,True
Llama3.1-8B,LoRA-v2,83,5415,hierarchy_logic,"在材料强度测试规范中，强度等级由高到低依次为：级别-五 > 级别-四 > 级别-三 > 级别-二 > 级别-一。
承受体当前等级为「级别-三」，攻击源强度等级为「级别-二」。
该攻击源是否具有击穿/覆盖承受体的强度？",能够覆盖 / 可以,无法判断,规则不适用,不能覆盖 / 不可以,D,D,True
Llama3.1-8B,LoRA-v2,84,6714,counter_logic,"某大件物流关卡规定：本通道仅允许总载重量严格大于 12 吨的重型车辆通行（过滤轻型车）。
当前候选车辆载重量为：[7, 8, 11, 15] 吨。
满足要求且载重量最低的车辆是哪个？",15,7,8,11,A,D,False
Llama3.1-8B,LoRA-v2,85,8102,hierarchy_logic,"在材料强度测试规范中，强度等级由高到低依次为：总部 > 大区 > 分区 > 分支 > 节点。
承受体当前等级为「分区」，攻击源强度等级为「分支」。
该攻击源是否具有击穿/覆盖承受体的强度？",无法判断,不能覆盖 / 不可以,能够覆盖 / 可以,规则不适用,B,B,True
Llama3.1-8B,LoRA-v2,86,2904,counter_logic,"某大件物流关卡规定：本通道仅允许总载重量严格大于 12 吨的重型车辆通行（过滤轻型车）。
当前候选车辆载重量为：[8, 9, 11, 17] 吨。
满足要求且载重量最低的车辆是哪个？",17,9,11,8,A,D,False
Llama3.1-8B,LoRA-v2,87,2315,pattern_recognition,"数列验证标准：有效序列必须是公差为 3 的连续递增数列。
请识别出符合标准的序列：",3-6-9-12-15,3-5-9-12-15,3-6-9-12-18,3-6-9-12-12,A,A,True
Llama3.1-8B,LoRA-v2,88,7172,pattern_recognition,"序列补全：10, 15, 20, 25, ?
缺失的数字应该是？",31,30,36,29,B,D,False
Llama3.1-8B,LoRA-v2,89,8355,pattern_recognition,"序列补全：7, 11, 15, 19, 23, 27, ?
缺失的数字应该是？",31,30,36,32,A,A,True
Llama3.1-8B,LoRA-v2,90,8570,counter_logic,"某大件物流关卡规定：本通道仅允许总载重量严格大于 13 吨的重型车辆通行（过滤轻型车）。
当前候选车辆载重量为：[4, 5, 9, 12] 吨。
满足要求且载重量最低的车辆是哪个？（若所有车辆均不达标准，请选「无达标车辆」）",无达标车辆,5,4,9,A,A,True
Llama3.1-8B,LoRA-v2,91,6120,pattern_recognition,"数列验证标准：有效序列必须是公差为 2 的连续递增数列。
请识别出符合标准的序列：",8-10-12-15,8-10-12-14,8-10-10-14,8-10-12-16,B,B,True
Llama3.1-8B,LoRA-v2,92,6262,pattern_recognition,"在数列 10, 13, 18, 19, 22 中，识别出违反等差规律的元素：",18,13,10,22,A,D,False
Llama3.1-8B,LoRA-v2,93,8242,pattern_recognition,"在某数学认证规则中，「合法数列」定义为：公差严格为 2 的递增等差数列。
以下哪个序列是合法的？",9-11-13-15,9-11-13-16,9-11-13-17,9-9-13-15,A,A,True
Llama3.1-8B,LoRA-v2,94,5123,counter_logic,"项目评审规则：方案报价必须严格高于成本基准线 16 万元才具备参选资格。
各参选报价（万元）：[8, 9, 14, 16]。
哪个是具备参选资格中报价最低的？（若无项目具备参选资格，请选「无具资格项目」）",9,8,无具资格项目,16,C,A,False
Llama3.1-8B,LoRA-v2,95,1474,pattern_recognition,"逻辑规则：合规数列要求每相邻两项差值恒定为 3。
下列选项中哪个满足要求？",6-9-12-18,6-9-11-15,6-9-9-15,6-9-12-15,D,D,True
Llama3.1-8B,LoRA-v2,96,9004,hierarchy_logic,"在材料强度测试规范中，强度等级由高到低依次为：特级 > 一级 > 二级 > 三级 > 四级。
承受体当前等级为「一级」，攻击源强度等级为「二级」。
该攻击源是否具有击穿/覆盖承受体的强度？",不能覆盖 / 不可以,规则不适用,无法判断,能够覆盖 / 可以,A,A,True
Llama3.1-8B,LoRA-v2,97,1828,hierarchy_logic,"组织决策体系：决策权限分级为 钻石 > 铂金 > 黄金 > 白银 > 青铜。
当前决议由「黄金」层级通过，现「钻石」层级要求重新审议。
重新审议请求是否有效？",不能覆盖 / 不可以,能够覆盖 / 可以,无法判断,规则不适用,B,B,True
Llama3.1-8B,LoRA-v2,98,9693,pattern_recognition,"数列延续：7, 10, 13, 16, ?
按照既定模式，下一项是？",23,18,19,20,C,D,False
Llama3.1-8B,LoRA-v2,99,9897,counter_logic,"某学术课题遴选要求：入围者得分必须严格高于 7 分。
候选人得分列表为：[4, 5, 6, 14] 分。
最低入围得分应为哪个？",5,6,4,14,D,D,True
Llama3.1-8B,LoRA-v2,100,7291,hierarchy_logic,"审批流程规则中，审批权限由高到低依次为：极密 > 机密 > 秘密 > 内部 > 公开。
该申请已由「极密」级别完成审批，「公开」级别提出复核申请。
该复核是否具有覆盖当前审批结果的权限？",能够覆盖 / 可以,不能覆盖 / 不可以,无法判断,规则不适用,B,A,False
Llama3.1-8B,LoRA-v2,101,1440,counter_logic,"某学术课题遴选要求：入围者得分必须严格高于 22 分。
候选人得分列表为：[16, 18, 20, 21] 分。
最低入围得分应为哪个？（若无候选人分数达标，请选「无入围候选人」）",20,无入围候选人,16,21,B,D,False
Llama3.1-8B,LoRA-v2,102,1674,counter_logic,"某大件物流关卡规定：本通道仅允许总载重量严格大于 14 吨的重型车辆通行（过滤轻型车）。
当前候选车辆载重量为：[8, 11, 12, 17] 吨。
满足要求且载重量最低的车辆是哪个？",11,12,17,8,C,C,True
Llama3.1-8B,LoRA-v2,103,7070,counter_logic,"某学术课题遴选要求：入围者得分必须严格高于 13 分。
候选人得分列表为：[11, 12, 13, 15] 分。
最低入围得分应为哪个？",13,15,11,12,B,B,True
Llama3.1-8B,LoRA-v2,104,4811,hierarchy_logic,"在材料强度测试规范中，强度等级由高到低依次为：总部 > 大区 > 分区 > 分支 > 节点。
承受体当前等级为「节点」，攻击源强度等级为「总部」。
该攻击源是否具有击穿/覆盖承受体的强度？",不能覆盖 / 不可以,无法判断,规则不适用,能够覆盖 / 可以,D,D,True
Llama3.1-8B,LoRA-v2,105,2996,pattern_recognition,"以下序列中，有且仅有一个数字破坏了等差规律：
5, 4, 5, 6, 7
请找出这个不符合规律的数字。",6,4,5,7,C,B,False
Llama3.1-8B,LoRA-v2,106,3977,hierarchy_logic,"审批流程规则中，审批权限由高到低依次为：特级 > 一级 > 二级 > 三级 > 四级。
该申请已由「特级」级别完成审批，「一级」级别提出复核申请。
该复核是否具有覆盖当前审批结果的权限？",无法判断,能够覆盖 / 可以,不能覆盖 / 不可以,规则不适用,C,C,True
Llama3.1-8B,LoRA-v2,107,5422,hierarchy_logic,"在某权限控制体系中，级别由高到低依次为：钻石 > 铂金 > 黄金 > 白银 > 青铜。
当前资源处于「黄金」级别锁定状态，认证凭证所属级别为「钻石」。
该凭证是否具备解锁权限？",能够覆盖 / 可以,无法判断,规则不适用,不能覆盖 / 不可以,A,D,False
Llama3.1-8B,LoRA-v2,108,1349,pattern_recognition,"在某数学认证规则中，「合法数列」定义为：公差严格为 3 的递增等差数列。
以下哪个序列是合法的？",6-9-12-16,6-6-12-15,6-9-12-15,6-9-12-18,C,C,True
Llama3.1-8B,LoRA-v2,109,9409,counter_logic,"项目评审规则：方案报价必须严格高于成本基准线 14 万元才具备参选资格。
各参选报价（万元）：[7, 11, 14, 16]。
哪个是具备参选资格中报价最低的？",7,11,14,16,D,C,False
Llama3.1-8B,LoRA-v2,110,3352,pattern_recognition,"异常检测：序列 5, 6, 7, 6, 9 中哪个数字偏离了等差模式？",9,7,5,6,D,A,False
Llama3.1-8B,LoRA-v2,111,6511,counter_logic,"某学术课题遴选要求：入围者得分必须严格高于 13 分。
候选人得分列表为：[8, 10, 13, 18] 分。
最低入围得分应为哪个？",18,13,10,8,A,B,False
Llama3.1-8B,LoRA-v2,112,6399,counter_logic,"某大件物流关卡规定：本通道仅允许总载重量严格大于 15 吨的重型车辆通行（过滤轻型车）。
当前候选车辆载重量为：[6, 9, 13, 15] 吨。
满足要求且载重量最低的车辆是哪个？（若所有车辆均不达标准，请选「无达标车辆」）",无达标车辆,15,9,13,A,B,False
Llama3.1-8B,LoRA-v2,113,2924,pattern_recognition,"在某数学认证规则中，「合法数列」定义为：公差严格为 3 的递增等差数列。
以下哪个序列是合法的？",3-6-9-12-12,3-6-9-12-18,3-6-9-12-15,3-6-9-12-14,C,C,True
Llama3.1-8B,LoRA-v2,114,9056,hierarchy_logic,"在某权限控制体系中，级别由高到低依次为：特级 > 一级 > 二级 > 三级 > 四级。
当前资源处于「三级」级别锁定状态，认证凭证所属级别为「四级」。
该凭证是否具备解锁权限？",规则不适用,能够覆盖 / 可以,不能覆盖 / 不可以,无法判断,C,B,False
Llama3.1-8B,LoRA-v2,115,8149,hierarchy_logic,"在某权限控制体系中，级别由高到低依次为：钻石 > 铂金 > 黄金 > 白银 > 青铜。
当前资源处于「铂金」级别锁定状态，认证凭证所属级别为「钻石」。
该凭证是否具备解锁权限？",能够覆盖 / 可以,不能覆盖 / 不可以,规则不适用,无法判断,A,A,True
Llama3.1-8B,LoRA-v2,116,6038,hierarchy_logic,"在材料强度测试规范中，强度等级由高到低依次为：特级 > 一级 > 二级 > 三级 > 四级。
承受体当前等级为「三级」，攻击源强度等级为「一级」。
该攻击源是否具有击穿/覆盖承受体的强度？",无法判断,不能覆盖 / 不可以,规则不适用,能够覆盖 / 可以,D,B,False
Llama3.1-8B,LoRA-v2,117,6617,hierarchy_logic,"在材料强度测试规范中，强度等级由高到低依次为：总部 > 大区 > 分区 > 分支 > 节点。
承受体当前等级为「分区」，攻击源强度等级为「大区」。
该攻击源是否具有击穿/覆盖承受体的强度？",不能覆盖 / 不可以,能够覆盖 / 可以,规则不适用,无法判断,B,A,False
Llama3.1-8B,LoRA-v2,118,7347,pattern_recognition,"观察以下等差数列：10, 15, 20, 25, 30, 35, ?
根据规律，?处应填入哪个数字？",40,46,41,39,A,A,True
Llama3.1-8B,LoRA-v2,119,3925,hierarchy_logic,"审批流程规则中，审批权限由高到低依次为：钻石 > 铂金 > 黄金 > 白银 > 青铜。
该申请已由「青铜」级别完成审批，「黄金」级别提出复核申请。
该复核是否具有覆盖当前审批结果的权限？",无法判断,不能覆盖 / 不可以,规则不适用,能够覆盖 / 可以,D,D,True
Llama3.1-8B,LoRA-v2,120,6179,pattern_recognition,"序列补全：9, 13, 17, 21, 25, 29, ?
缺失的数字应该是？",33,34,32,38,A,A,True
Llama3.1-8B,LoRA-v2,121,2531,counter_logic,"某学术课题遴选要求：入围者得分必须严格高于 11 分。
候选人得分列表为：[5, 7, 9, 16] 分。
最低入围得分应为哪个？",7,5,9,16,D,D,True
Llama3.1-8B,LoRA-v2,122,4555,counter_logic,"项目评审规则：方案报价必须严格高于成本基准线 9 万元才具备参选资格。
各参选报价（万元）：[2, 4, 5, 10]。
哪个是具备参选资格中报价最低的？",5,2,4,10,D,A,False
Llama3.1-8B,LoRA-v2,123,3541,counter_logic,"某大件物流关卡规定：本通道仅允许总载重量严格大于 14 吨的重型车辆通行（过滤轻型车）。
当前候选车辆载重量为：[10, 11, 13, 20] 吨。
满足要求且载重量最低的车辆是哪个？",20,11,10,13,A,D,False
Llama3.1-8B,LoRA-v2,124,5632,hierarchy_logic,"在材料强度测试规范中，强度等级由高到低依次为：董事会 > 总裁办公室 > 业务部门 > 项目组 > 个人。
承受体当前等级为「项目组」，攻击源强度等级为「个人」。
该攻击源是否具有击穿/覆盖承受体的强度？",无法判断,能够覆盖 / 可以,规则不适用,不能覆盖 / 不可以,D,D,True
Llama3.1-8B,LoRA-v2,125,9317,pattern_recognition,"观察以下等差数列：5, 7, 9, 11, ?
根据规律，?处应填入哪个数字？",12,16,14,13,D,D,True
Llama3.1-8B,LoRA-v2,126,1027,hierarchy_logic,"组织决策体系：决策权限分级为 总部 > 大区 > 分区 > 分支 > 节点。
当前决议由「分区」层级通过，现「大区」层级要求重新审议。
重新审议请求是否有效？",规则不适用,不能覆盖 / 不可以,无法判断,能够覆盖 / 可以,D,D,True
Llama3.1-8B,LoRA-v2,127,8454,hierarchy_logic,"在某权限控制体系中，级别由高到低依次为：一级响应 > 二级响应 > 三级响应 > 四级响应 > 日常局。
当前资源处于「三级响应」级别锁定状态，认证凭证所属级别为「二级响应」。
该凭证是否具备解锁权限？",规则不适用,无法判断,不能覆盖 / 不可以,能够覆盖 / 可以,D,D,True
Llama3.1-8B,LoRA-v2,128,2133,hierarchy_logic,"在某权限控制体系中，级别由高到低依次为：极密 > 机密 > 秘密 > 内部 > 公开。
当前资源处于「秘密」级别锁定状态，认证凭证所属级别为「极密」。
该凭证是否具备解锁权限？",规则不适用,不能覆盖 / 不可以,无法判断,能够覆盖 / 可以,D,D,True
Llama3.1-8B,LoRA-v2,129,6364,counter_logic,"化学实验要求：反应炉内温度必须严格高于 6 摄氏度。
可调节档位（摄氏度）：[1, 3, 4, 7]。
能满足安全要求且能耗最小的温度档位是？",1,3,7,4,C,D,False
Llama3.1-8B,LoRA-v2,130,6736,pattern_recognition,"逻辑规则：合规数列要求每相邻两项差值恒定为 2。
下列选项中哪个满足要求？",4-7-9-11-13,5-7-7-11-13,5-7-9-11-13,5-7-9-11-15,C,A,False
Llama3.1-8B,LoRA-v2,131,7325,pattern_recognition,"数列验证标准：有效序列必须是公差为 3 的连续递增数列。
请识别出符合标准的序列：",4-7-10-13-16,4-8-10-13-16,4-4-10-13-16,4-7-10-13-19,A,A,True
Llama3.1-8B,LoRA-v2,132,1732,counter_logic,"集合 S = {9, 11, 13, 14}，从 S 中选出严格大于 15 的最小元素。
该函数的返回值应为？（若集合中不存在满足条件的元素，请选「集合中无满足条件的元素」）",13,9,集合中无满足条件的元素,11,C,C,True
Llama3.1-8B,LoRA-v2,133,4764,counter_logic,"化学实验要求：反应炉内温度必须严格高于 11 摄氏度。
可调节档位（摄氏度）：[6, 9, 10, 18]。
能满足安全要求且能耗最小的温度档位是？",10,6,9,18,D,D,True
Llama3.1-8B,LoRA-v2,134,2284,counter_logic,"项目评审规则：方案报价必须严格高于成本基准线 5 万元才具备参选资格。
各参选报价（万元）：[2, 3, 5, 8]。
哪个是具备参选资格中报价最低的？",3,8,2,5,B,C,False
Llama3.1-8B,LoRA-v2,135,1106,hierarchy_logic,"在材料强度测试规范中，强度等级由高到低依次为：特级 > 一级 > 二级 > 三级 > 四级。
承受体当前等级为「二级」，攻击源强度等级为「一级」。
该攻击源是否具有击穿/覆盖承受体的强度？",能够覆盖 / 可以,无法判断,规则不适用,不能覆盖 / 不可以,A,D,False
Llama3.1-8B,LoRA-v2,136,3785,pattern_recognition,"在某数学认证规则中，「合法数列」定义为：公差严格为 1 的递增等差数列。
以下哪个序列是合法的？",5-6-8-8-9,5-6-7-8-9,5-6-6-8-9,5-6-7-8-10,B,B,True
Llama3.1-8B,LoRA-v2,137,9032,pattern_recognition,"数列验证标准：有效序列必须是公差为 3 的连续递增数列。
请识别出符合标准的序列：",9-9-15-18-21,9-12-15-18-21,9-12-15-17-21,9-12-15-18-24,B,B,True
Llama3.1-8B,LoRA-v2,138,8460,counter_logic,"集合 S = {4, 6, 7, 10}，从 S 中选出严格大于 12 的最小元素。
该函数的返回值应为？（若集合中不存在满足条件的元素，请选「集合中无满足条件的元素」）",集合中无满足条件的元素,6,10,7,A,A,True
Llama3.1-8B,LoRA-v2,139,8404,pattern_recognition,"序列补全：2, 7, 12, 17, 22, ?
缺失的数字应该是？",33,26,28,27,D,D,True
Llama3.1-8B,LoRA-v2,140,3440,counter_logic,"某大件物流关卡规定：本通道仅允许总载重量严格大于 10 吨的重型车辆通行（过滤轻型车）。
当前候选车辆载重量为：[3, 9, 10, 15] 吨。
满足要求且载重量最低的车辆是哪个？",15,9,3,10,A,D,False
Llama3.1-8B,LoRA-v2,141,8724,pattern_recognition,"逻辑规则：合规数列要求每相邻两项差值恒定为 3。
下列选项中哪个满足要求？",2-5-9-11-14,2-5-8-11-17,2-5-8-11-14,2-5-8-11-11,C,C,True
Llama3.1-8B,LoRA-v2,142,8612,pattern_recognition,"在数列 3, 5, 7, 9, 14 中，识别出违反等差规律的元素：",5,14,9,3,B,B,True
Llama3.1-8B,LoRA-v2,143,4515,pattern_recognition,"异常检测：序列 2, 5, 4, 5, 6 中哪个数字偏离了等差模式？",5,4,2,6,A,C,False
Llama3.1-8B,LoRA-v2,144,8585,counter_logic,"某大件物流关卡规定：本通道仅允许总载重量严格大于 6 吨的重型车辆通行（过滤轻型车）。
当前候选车辆载重量为：[2, 4, 5, 11] 吨。
满足要求且载重量最低的车辆是哪个？",5,4,2,11,D,D,True
Llama3.1-8B,LoRA-v2,145,3399,pattern_recognition,"数列延续：5, 10, 15, 20, 25, ?
按照既定模式，下一项是？",36,29,30,31,C,C,True
Llama3.1-8B,LoRA-v2,146,1998,counter_logic,"某大件物流关卡规定：本通道仅允许总载重量严格大于 7 吨的重型车辆通行（过滤轻型车）。
当前候选车辆载重量为：[2, 5, 6, 10] 吨。
满足要求且载重量最低的车辆是哪个？",10,6,2,5,A,D,False
Llama3.1-8B,LoRA-v2,147,3607,hierarchy_logic,"在材料强度测试规范中，强度等级由高到低依次为：董事会 > 总裁办公室 > 业务部门 > 项目组 > 个人。
承受体当前等级为「业务部门」，攻击源强度等级为「个人」。
该攻击源是否具有击穿/覆盖承受体的强度？",不能覆盖 / 不可以,能够覆盖 / 可以,无法判断,规则不适用,A,A,True
Llama3.1-8B,LoRA-v2,148,6325,hierarchy_logic,"在某权限控制体系中，级别由高到低依次为：董事会 > 总裁办公室 > 业务部门 > 项目组 > 个人。
当前资源处于「项目组」级别锁定状态，认证凭证所属级别为「个人」。
该凭证是否具备解锁权限？",规则不适用,能够覆盖 / 可以,不能覆盖 / 不可以,无法判断,C,A,False
Llama3.1-8B,LoRA-v2,149,3275,pattern_recognition,"异常检测：序列 10, 11, 12, 13, 16 中哪个数字偏离了等差模式？",13,10,16,12,C,C,True
Llama3.1-8B,LoRA-v2,150,9669,hierarchy_logic,"在材料强度测试规范中，强度等级由高到低依次为：一级响应 > 二级响应 > 三级响应 > 四级响应 > 日常局。
承受体当前等级为「二级响应」，攻击源强度等级为「一级响应」。
该攻击源是否具有击穿/覆盖承受体的强度？",能够覆盖 / 可以,不能覆盖 / 不可以,无法判断,规则不适用,A,B,False
Llama3.1-8B,LoRA-v2,151,5088,hierarchy_logic,"在某权限控制体系中，级别由高到低依次为：S级 > A级 > B级 > C级 > D级。
当前资源处于「C级」级别锁定状态，认证凭证所属级别为「A级」。
该凭证是否具备解锁权限？",无法判断,规则不适用,不能覆盖 / 不可以,能够覆盖 / 可以,D,D,True
Llama3.1-8B,LoRA-v2,152,3718,hierarchy_logic,"在材料强度测试规范中，强度等级由高到低依次为：极密 > 机密 > 秘密 > 内部 > 公开。
承受体当前等级为「机密」，攻击源强度等级为「内部」。
该攻击源是否具有击穿/覆盖承受体的强度？",规则不适用,无法判断,不能覆盖 / 不可以,能够覆盖 / 可以,C,D,False
Llama3.1-8B,LoRA-v2,153,5775,counter_logic,"某学术课题遴选要求：入围者得分必须严格高于 19 分。
候选人得分列表为：[12, 15, 16, 17] 分。
最低入围得分应为哪个？（若无候选人分数达标，请选「无入围候选人」）",无入围候选人,17,12,16,A,B,False
Llama3.1-8B,LoRA-v2,154,5892,hierarchy_logic,"审批流程规则中，审批权限由高到低依次为：一级响应 > 二级响应 > 三级响应 > 四级响应 > 日常局。
该申请已由「一级响应」级别完成审批，「日常局」级别提出复核申请。
该复核是否具有覆盖当前审批结果的权限？",无法判断,能够覆盖 / 可以,不能覆盖 / 不可以,规则不适用,C,C,True
Llama3.1-8B,LoRA-v2,155,7693,hierarchy_logic,"在某权限控制体系中，级别由高到低依次为：总部 > 大区 > 分区 > 分支 > 节点。
当前资源处于「大区」级别锁定状态，认证凭证所属级别为「分区」。
该凭证是否具备解锁权限？",能够覆盖 / 可以,无法判断,规则不适用,不能覆盖 / 不可以,D,D,True
Llama3.1-8B,LoRA-v2,156,4189,counter_logic,"某学术课题遴选要求：入围者得分必须严格高于 8 分。
候选人得分列表为：[4, 6, 7, 14] 分。
最低入围得分应为哪个？",7,4,6,14,D,D,True
Llama3.1-8B,LoRA-v2,157,2011,counter_logic,"化学实验要求：反应炉内温度必须严格高于 14 摄氏度。
可调节档位（摄氏度）：[8, 10, 11, 21]。
能满足安全要求且能耗最小的温度档位是？",8,10,21,11,C,D,False
Llama3.1-8B,LoRA-v2,158,8846,counter_logic,"某大件物流关卡规定：本通道仅允许总载重量严格大于 11 吨的重型车辆通行（过滤轻型车）。
当前候选车辆载重量为：[4, 6, 9, 13] 吨。
满足要求且载重量最低的车辆是哪个？",4,13,6,9,B,D,False
Llama3.1-8B,LoRA-v2,159,5569,hierarchy_logic,"审批流程规则中，审批权限由高到低依次为：董事会 > 总裁办公室 > 业务部门 > 项目组 > 个人。
该申请已由「项目组」级别完成审批，「个人」级别提出复核申请。
该复核是否具有覆盖当前审批结果的权限？",能够覆盖 / 可以,规则不适用,不能覆盖 / 不可以,无法判断,C,A,False
Llama3.1-8B,LoRA-v2,160,9452,pattern_recognition,"在数列 4, 6, 12, 16, 20 中，识别出违反等差规律的元素：",20,6,12,4,B,B,True
Llama3.1-8B,LoRA-v2,161,3085,hierarchy_logic,"在材料强度测试规范中，强度等级由高到低依次为：钻石 > 铂金 > 黄金 > 白银 > 青铜。
承受体当前等级为「黄金」，攻击源强度等级为「青铜」。
该攻击源是否具有击穿/覆盖承受体的强度？",不能覆盖 / 不可以,规则不适用,能够覆盖 / 可以,无法判断,A,A,True
Llama3.1-8B,LoRA-v2,162,6170,pattern_recognition,"以下序列中，有且仅有一个数字破坏了等差规律：
4, 11, 12, 16, 20
请找出这个不符合规律的数字。",20,4,12,11,D,D,True
Llama3.1-8B,LoRA-v2,163,5982,pattern_recognition,"在数列 4, 7, 10, 13, 14 中，识别出违反等差规律的元素：",7,4,13,14,D,D,True
Llama3.1-8B,LoRA-v2,164,5873,counter_logic,"项目评审规则：方案报价必须严格高于成本基准线 14 万元才具备参选资格。
各参选报价（万元）：[9, 11, 12, 19]。
哪个是具备参选资格中报价最低的？",19,9,12,11,A,D,False
Llama3.1-8B,LoRA-v2,165,6314,pattern_recognition,"在某数学认证规则中，「合法数列」定义为：公差严格为 3 的递增等差数列。
以下哪个序列是合法的？",1-5-8-11-14,2-5-8-11-17,2-5-8-11-14,2-5-8-11-11,C,A,False
Llama3.1-8B,LoRA-v2,166,8007,hierarchy_logic,"在某权限控制体系中，级别由高到低依次为：特级 > 一级 > 二级 > 三级 > 四级。
当前资源处于「三级」级别锁定状态，认证凭证所属级别为「特级」。
该凭证是否具备解锁权限？",规则不适用,不能覆盖 / 不可以,能够覆盖 / 可以,无法判断,C,C,True
Llama3.1-8B,LoRA-v2,167,1931,hierarchy_logic,"审批流程规则中，审批权限由高到低依次为：特级 > 一级 > 二级 > 三级 > 四级。
该申请已由「一级」级别完成审批，「特级」级别提出复核申请。
该复核是否具有覆盖当前审批结果的权限？",不能覆盖 / 不可以,能够覆盖 / 可以,无法判断,规则不适用,B,A,False
Llama3.1-8B,LoRA-v2,168,1711,hierarchy_logic,"组织决策体系：决策权限分级为 总部 > 大区 > 分区 > 分支 > 节点。
当前决议由「大区」层级通过，现「总部」层级要求重新审议。
重新审议请求是否有效？",能够覆盖 / 可以,不能覆盖 / 不可以,规则不适用,无法判断,A,A,True
Llama3.1-8B,LoRA-v2,169,6411,counter_logic,"某大件物流关卡规定：本通道仅允许总载重量严格大于 7 吨的重型车辆通行（过滤轻型车）。
当前候选车辆载重量为：[2, 5, 6, 8] 吨。
满足要求且载重量最低的车辆是哪个？",5,6,2,8,D,D,True
Llama3.1-8B,LoRA-v2,170,5781,counter_logic,"集合 S = {9, 15, 16, 17}，从 S 中选出严格大于 18 的最小元素。
该函数的返回值应为？（若集合中不存在满足条件的元素，请选「集合中无满足条件的元素」）",9,集合中无满足条件的元素,16,17,B,B,True
Llama3.1-8B,LoRA-v2,171,6559,hierarchy_logic,"组织决策体系：决策权限分级为 一级响应 > 二级响应 > 三级响应 > 四级响应 > 日常局。
当前决议由「日常局」层级通过，现「一级响应」层级要求重新审议。
重新审议请求是否有效？",无法判断,不能覆盖 / 不可以,规则不适用,能够覆盖 / 可以,D,D,True
Llama3.1-8B,LoRA-v2,172,6930,hierarchy_logic,"系统访问控制规则：权限层级为 钻石 > 铂金 > 黄金 > 白银 > 青铜。
目标资源的保护级别是「黄金」，用户持有的访问令牌级别为「铂金」。
该用户能否成功访问此资源？",能够覆盖 / 可以,不能覆盖 / 不可以,无法判断,规则不适用,A,A,True
Llama3.1-8B,LoRA-v2,173,3621,hierarchy_logic,"系统访问控制规则：权限层级为 极密 > 机密 > 秘密 > 内部 > 公开。
目标资源的保护级别是「公开」，用户持有的访问令牌级别为「极密」。
该用户能否成功访问此资源？",不能覆盖 / 不可以,无法判断,规则不适用,能够覆盖 / 可以,D,D,True
Llama3.1-8B,LoRA-v2,174,6582,hierarchy_logic,"在某权限控制体系中，级别由高到低依次为：董事会 > 总裁办公室 > 业务部门 > 项目组 > 个人。
当前资源处于「董事会」级别锁定状态，认证凭证所属级别为「项目组」。
该凭证是否具备解锁权限？",不能覆盖 / 不可以,无法判断,能够覆盖 / 可以,规则不适用,A,A,True
Llama3.1-8B,LoRA-v2,175,7244,counter_logic,"项目评审规则：方案报价必须严格高于成本基准线 12 万元才具备参选资格。
各参选报价（万元）：[7, 10, 11, 17]。
哪个是具备参选资格中报价最低的？",10,7,17,11,C,A,False
Llama3.1-8B,LoRA-v2,176,8957,pattern_recognition,"观察以下等差数列：2, 7, 12, 17, 22, 27, ?
根据规律，?处应填入哪个数字？",32,38,33,31,A,A,True
Llama3.1-8B,LoRA-v2,177,2562,counter_logic,"化学实验要求：反应炉内温度必须严格高于 13 摄氏度。
可调节档位（摄氏度）：[9, 12, 13, 20]。
能满足安全要求且能耗最小的温度档位是？",9,12,20,13,C,D,False
Llama3.1-8B,LoRA-v2,178,8531,counter_logic,"化学实验要求：反应炉内温度必须严格高于 7 摄氏度。
可调节档位（摄氏度）：[3, 4, 6, 12]。
能满足安全要求且能耗最小的温度档位是？",6,12,3,4,B,A,False
Llama3.1-8B,LoRA-v2,179,3972,pattern_recognition,"数列延续：6, 8, 10, 12, 14, 16, ?
按照既定模式，下一项是？",21,18,19,17,B,D,False
Llama3.1-8B,LoRA-v2,180,5637,counter_logic,"项目评审规则：方案报价必须严格高于成本基准线 7 万元才具备参选资格。
各参选报价（万元）：[2, 5, 6, 13]。
哪个是具备参选资格中报价最低的？",13,2,6,5,A,B,False
Llama3.1-8B,LoRA-v2,181,3683,hierarchy_logic,"审批流程规则中，审批权限由高到低依次为：极密 > 机密 > 秘密 > 内部 > 公开。
该申请已由「秘密」级别完成审批，「公开」级别提出复核申请。
该复核是否具有覆盖当前审批结果的权限？",规则不适用,不能覆盖 / 不可以,无法判断,能够覆盖 / 可以,B,D,False
Llama3.1-8B,LoRA-v2,182,4052,counter_logic,"某大件物流关卡规定：本通道仅允许总载重量严格大于 15 吨的重型车辆通行（过滤轻型车）。
当前候选车辆载重量为：[8, 9, 11, 21] 吨。
满足要求且载重量最低的车辆是哪个？",11,9,8,21,D,D,True
Llama3.1-8B,LoRA-v2,183,7765,counter_logic,"项目评审规则：方案报价必须严格高于成本基准线 13 万元才具备参选资格。
各参选报价（万元）：[6, 7, 13, 19]。
哪个是具备参选资格中报价最低的？",6,19,7,13,B,D,False
Llama3.1-8B,LoRA-v2,184,6890,counter_logic,"项目评审规则：方案报价必须严格高于成本基准线 16 万元才具备参选资格。
各参选报价（万元）：[7, 9, 13, 15]。
哪个是具备参选资格中报价最低的？（若无项目具备参选资格，请选「无具资格项目」）",7,无具资格项目,15,13,B,A,False
Llama3.1-8B,LoRA-v2,185,2530,hierarchy_logic,"在材料强度测试规范中，强度等级由高到低依次为：董事会 > 总裁办公室 > 业务部门 > 项目组 > 个人。
承受体当前等级为「总裁办公室」，攻击源强度等级为「个人」。
该攻击源是否具有击穿/覆盖承受体的强度？",规则不适用,无法判断,能够覆盖 / 可以,不能覆盖 / 不可以,D,D,True
Llama3.1-8B,LoRA-v2,186,1251,pattern_recognition,"在某数学认证规则中，「合法数列」定义为：公差严格为 3 的递增等差数列。
以下哪个序列是合法的？",3-6-9-9-15,2-6-9-12-15,3-6-9-12-15,3-6-9-12-18,C,C,True
Llama3.1-8B,LoRA-v2,187,1757,hierarchy_logic,"在材料强度测试规范中，强度等级由高到低依次为：极密 > 机密 > 秘密 > 内部 > 公开。
承受体当前等级为「秘密」，攻击源强度等级为「内部」。
该攻击源是否具有击穿/覆盖承受体的强度？",规则不适用,无法判断,不能覆盖 / 不可以,能够覆盖 / 可以,C,C,True
Llama3.1-8B,LoRA-v2,188,2899,pattern_recognition,"在某数学认证规则中，「合法数列」定义为：公差严格为 3 的递增等差数列。
以下哪个序列是合法的？",8-11-14-17-20,8-11-14-17-23,8-11-14-16-20,8-11-14-17-17,A,A,True
Llama3.1-8B,LoRA-v2,189,8075,pattern_recognition,"在某数学认证规则中，「合法数列」定义为：公差严格为 2 的递增等差数列。
以下哪个序列是合法的？",6-8-9-12-14,6-8-10-12-12,6-8-10-12-16,6-8-10-12-14,D,D,True
Llama3.1-8B,LoRA-v2,190,7150,counter_logic,"项目评审规则：方案报价必须严格高于成本基准线 16 万元才具备参选资格。
各参选报价（万元）：[9, 11, 14, 19]。
哪个是具备参选资格中报价最低的？",14,9,19,11,C,A,False
Llama3.1-8B,LoRA-v2,191,5335,hierarchy_logic,"审批流程规则中，审批权限由高到低依次为：一级响应 > 二级响应 > 三级响应 > 四级响应 > 日常局。
该申请已由「一级响应」级别完成审批，「二级响应」级别提出复核申请。
该复核是否具有覆盖当前审批结果的权限？",规则不适用,不能覆盖 / 不可以,无法判断,能够覆盖 / 可以,B,D,False
Llama3.1-8B,LoRA-v2,192,7525,counter_logic,"集合 S = {6, 7, 8, 19}，从 S 中选出严格大于 13 的最小元素。
该函数的返回值应为？",8,19,7,6,B,B,True
Llama3.1-8B,LoRA-v2,193,8967,pattern_recognition,"数列延续：2, 5, 8, 11, 14, ?
按照既定模式，下一项是？",16,21,17,18,C,D,False
Llama3.1-8B,LoRA-v2,194,9767,counter_logic,"集合 S = {9, 11, 13, 16}，从 S 中选出严格大于 14 的最小元素。
该函数的返回值应为？",11,13,9,16,D,D,True
Llama3.1-8B,LoRA-v2,195,9138,pattern_recognition,"数列验证标准：有效序列必须是公差为 2 的连续递增数列。
请识别出符合标准的序列：",6-8-9-12-14,6-8-10-12-16,6-8-10-12-12,6-8-10-12-14,D,D,True
Llama3.1-8B,LoRA-v2,196,9476,pattern_recognition,"在数列 10, 14, 18, 24, 26 中，识别出违反等差规律的元素：",14,26,10,24,D,D,True
Llama3.1-8B,LoRA-v2,197,3194,counter_logic,"某学术课题遴选要求：入围者得分必须严格高于 4 分。
候选人得分列表为：[2, 3, 4, 7] 分。
最低入围得分应为哪个？",3,4,2,7,D,D,True
Llama3.1-8B,LoRA-v2,198,4965,counter_logic,"集合 S = {13, 14, 16, 17}，从 S 中选出严格大于 19 的最小元素。
该函数的返回值应为？（若集合中不存在满足条件的元素，请选「集合中无满足条件的元素」）",集合中无满足条件的元素,17,14,16,A,A,True
Llama3.1-8B,LoRA-v2,199,9935,hierarchy_logic,"在某权限控制体系中，级别由高到低依次为：总部 > 大区 > 分区 > 分支 > 节点。
当前资源处于「分支」级别锁定状态，认证凭证所属级别为「总部」。
该凭证是否具备解锁权限？",规则不适用,无法判断,能够覆盖 / 可以,不能覆盖 / 不可以,C,D,False
Llama3.1-8B,LoRA-v2,200,8369,counter_logic,"某学术课题遴选要求：入围者得分必须严格高于 10 分。
候选人得分列表为：[4, 5, 6, 15] 分。
最低入围得分应为哪个？",6,15,4,5,B,B,True
Llama3.1-8B,LoRA-v2,201,2976,hierarchy_logic,"审批流程规则中，审批权限由高到低依次为：级别-五 > 级别-四 > 级别-三 > 级别-二 > 级别-一。
该申请已由「级别-二」级别完成审批，「级别-一」级别提出复核申请。
该复核是否具有覆盖当前审批结果的权限？",规则不适用,不能覆盖 / 不可以,能够覆盖 / 可以,无法判断,B,C,False
Llama3.1-8B,LoRA-v2,202,7367,pattern_recognition,"在某数学认证规则中，「合法数列」定义为：公差严格为 1 的递增等差数列。
以下哪个序列是合法的？",4-4-5-6,3-4-4-6,3-4-5-7,3-4-5-6,D,D,True
Llama3.1-8B,LoRA-v2,203,4886,pattern_recognition,"在某数学认证规则中，「合法数列」定义为：公差严格为 3 的递增等差数列。
以下哪个序列是合法的？",5-8-11-11-17,5-8-11-14-17,5-8-12-14-17,5-8-11-14-20,B,B,True
Llama3.1-8B,LoRA-v2,204,9922,hierarchy_logic,"在某权限控制体系中，级别由高到低依次为：董事会 > 总裁办公室 > 业务部门 > 项目组 > 个人。
当前资源处于「总裁办公室」级别锁定状态，认证凭证所属级别为「项目组」。
该凭证是否具备解锁权限？",无法判断,不能覆盖 / 不可以,规则不适用,能够覆盖 / 可以,B,B,True
Llama3.1-8B,LoRA-v2,205,6727,pattern_recognition,"异常检测：序列 7, 7, 8, 9, 10 中哪个数字偏离了等差模式？",10,8,7,9,C,A,False
Llama3.1-8B,LoRA-v2,206,1149,counter_logic,"某大件物流关卡规定：本通道仅允许总载重量严格大于 14 吨的重型车辆通行（过滤轻型车）。
当前候选车辆载重量为：[7, 8, 10, 15] 吨。
满足要求且载重量最低的车辆是哪个？",7,8,10,15,D,D,True
Llama3.1-8B,LoRA-v2,207,8371,pattern_recognition,"在数列 5, 5, 6, 7, 8 中，识别出违反等差规律的元素：",7,8,6,5,D,C,False
Llama3.1-8B,LoRA-v2,208,6253,counter_logic,"某大件物流关卡规定：本通道仅允许总载重量严格大于 11 吨的重型车辆通行（过滤轻型车）。
当前候选车辆载重量为：[4, 7, 10, 13] 吨。
满足要求且载重量最低的车辆是哪个？",4,7,13,10,C,D,False
Llama3.1-8B,LoRA-v2,209,4920,pattern_recognition,"数列验证标准：有效序列必须是公差为 1 的连续递增数列。
请识别出符合标准的序列：",4-5-6-7-7,4-5-6-6-8,4-5-6-7-8,4-5-6-7-9,C,C,True
Llama3.1-8B,LoRA-v2,210,4981,hierarchy_logic,"审批流程规则中，审批权限由高到低依次为：极密 > 机密 > 秘密 > 内部 > 公开。
该申请已由「公开」级别完成审批，「机密」级别提出复核申请。
该复核是否具有覆盖当前审批结果的权限？",能够覆盖 / 可以,规则不适用,无法判断,不能覆盖 / 不可以,A,D,False
Llama3.1-8B,LoRA-v2,211,7523,pattern_recognition,"在数列 12, 11, 13, 15, 17 中，识别出违反等差规律的元素：",13,15,11,12,D,C,False
Llama3.1-8B,LoRA-v2,212,6573,counter_logic,"项目评审规则：方案报价必须严格高于成本基准线 11 万元才具备参选资格。
各参选报价（万元）：[4, 5, 7, 12]。
哪个是具备参选资格中报价最低的？",5,12,4,7,B,C,False
Llama3.1-8B,LoRA-v2,213,6626,pattern_recognition,"观察以下等差数列：9, 14, 19, 24, 29, 34, ?
根据规律，?处应填入哪个数字？",38,45,40,39,D,D,True
Llama3.1-8B,LoRA-v2,214,4470,hierarchy_logic,"系统访问控制规则：权限层级为 S级 > A级 > B级 > C级 > D级。
目标资源的保护级别是「D级」，用户持有的访问令牌级别为「A级」。
该用户能否成功访问此资源？",能够覆盖 / 可以,不能覆盖 / 不可以,规则不适用,无法判断,A,B,False
Llama3.1-8B,LoRA-v2,215,5503,counter_logic,"某大件物流关卡规定：本通道仅允许总载重量严格大于 22 吨的重型车辆通行（过滤轻型车）。
当前候选车辆载重量为：[16, 19, 20, 22] 吨。
满足要求且载重量最低的车辆是哪个？（若所有车辆均不达标准，请选「无达标车辆」）",22,无达标车辆,16,20,B,A,False
Llama3.1-8B,LoRA-v2,216,7594,hierarchy_logic,"在材料强度测试规范中，强度等级由高到低依次为：钻石 > 铂金 > 黄金 > 白银 > 青铜。
承受体当前等级为「黄金」，攻击源强度等级为「青铜」。
该攻击源是否具有击穿/覆盖承受体的强度？",规则不适用,无法判断,能够覆盖 / 可以,不能覆盖 / 不可以,D,D,True
Llama3.1-8B,LoRA-v2,217,5891,pattern_recognition,"数列验证标准：有效序列必须是公差为 2 的连续递增数列。
请识别出符合标准的序列：",4-6-8-12,5-6-8-10,4-6-8-10,4-6-6-10,C,C,True
Llama3.1-8B,LoRA-v2,218,9307,pattern_recognition,"数列延续：2, 3, 4, 5, 6, ?
按照既定模式，下一项是？",8,9,6,7,D,D,True
Llama3.1-8B,LoRA-v2,219,7370,counter_logic,"项目评审规则：方案报价必须严格高于成本基准线 15 万元才具备参选资格。
各参选报价（万元）：[8, 11, 12, 14]。
哪个是具备参选资格中报价最低的？（若无项目具备参选资格，请选「无具资格项目」）",无具资格项目,11,12,14,A,B,False
Llama3.1-8B,LoRA-v2,220,6267,pattern_recognition,"序列补全：9, 13, 17, 21, 25, 29, ?
缺失的数字应该是？",32,38,34,33,D,D,True
Llama3.1-8B,LoRA-v2,221,3298,counter_logic,"某大件物流关卡规定：本通道仅允许总载重量严格大于 18 吨的重型车辆通行（过滤轻型车）。
当前候选车辆载重量为：[11, 12, 15, 18] 吨。
满足要求且载重量最低的车辆是哪个？（若所有车辆均不达标准，请选「无达标车辆」）",无达标车辆,18,15,12,A,B,False
Llama3.1-8B,LoRA-v2,222,9900,hierarchy_logic,"在某权限控制体系中，级别由高到低依次为：级别-五 > 级别-四 > 级别-三 > 级别-二 > 级别-一。
当前资源处于「级别-三」级别锁定状态，认证凭证所属级别为「级别-四」。
该凭证是否具备解锁权限？",规则不适用,不能覆盖 / 不可以,能够覆盖 / 可以,无法判断,C,C,True
Llama3.1-8B,LoRA-v2,223,5583,pattern_recognition,"逻辑规则：合规数列要求每相邻两项差值恒定为 2。
下列选项中哪个满足要求？",6-8-10-12-16,6-8-10-12-12,6-8-10-12-13,6-8-10-12-14,D,D,True
Llama3.1-8B,LoRA-v2,224,7744,pattern_recognition,"逻辑规则：合规数列要求每相邻两项差值恒定为 1。
下列选项中哪个满足要求？",8-9-10-10-12,8-9-10-12-12,8-9-10-11-13,8-9-10-11-12,D,D,True
Llama3.1-8B,LoRA-v2,225,2102,counter_logic,"项目评审规则：方案报价必须严格高于成本基准线 8 万元才具备参选资格。
各参选报价（万元）：[1, 2, 6, 10]。
哪个是具备参选资格中报价最低的？",2,1,6,10,D,B,False
Llama3.1-8B,LoRA-v2,226,6427,counter_logic,"某学术课题遴选要求：入围者得分必须严格高于 12 分。
候选人得分列表为：[9, 10, 12, 19] 分。
最低入围得分应为哪个？",10,12,19,9,C,B,False
Llama3.1-8B,LoRA-v2,227,6692,pattern_recognition,"以下序列中，有且仅有一个数字破坏了等差规律：
9, 14, 15, 18, 21
请找出这个不符合规律的数字。",9,15,14,21,C,B,False
Llama3.1-8B,LoRA-v2,228,3875,counter_logic,"集合 S = {2, 3, 4, 12}，从 S 中选出严格大于 6 的最小元素。
该函数的返回值应为？",2,12,4,3,B,B,True
Llama3.1-8B,LoRA-v2,229,9341,counter_logic,"化学实验要求：反应炉内温度必须严格高于 6 摄氏度。
可调节档位（摄氏度）：[3, 4, 5, 7]。
能满足安全要求且能耗最小的温度档位是？",4,5,7,3,C,C,True
Llama3.1-8B,LoRA-v2,230,7971,hierarchy_logic,"审批流程规则中，审批权限由高到低依次为：极密 > 机密 > 秘密 > 内部 > 公开。
该申请已由「机密」级别完成审批，「内部」级别提出复核申请。
该复核是否具有覆盖当前审批结果的权限？",不能覆盖 / 不可以,规则不适用,能够覆盖 / 可以,无法判断,A,A,True
Llama3.1-8B,LoRA-v2,231,2108,pattern_recognition,"以下序列中，有且仅有一个数字破坏了等差规律：
6, 11, 14, 17, 20
请找出这个不符合规律的数字。",14,17,11,6,D,C,False
Llama3.1-8B,LoRA-v2,232,2891,hierarchy_logic,"在材料强度测试规范中，强度等级由高到低依次为：钻石 > 铂金 > 黄金 > 白银 > 青铜。
承受体当前等级为「铂金」，攻击源强度等级为「钻石」。
该攻击源是否具有击穿/覆盖承受体的强度？",无法判断,不能覆盖 / 不可以,规则不适用,能够覆盖 / 可以,D,D,True
Llama3.1-8B,LoRA-v2,233,4388,hierarchy_logic,"审批流程规则中，审批权限由高到低依次为：总部 > 大区 > 分区 > 分支 > 节点。
该申请已由「分支」级别完成审批，「节点」级别提出复核申请。
该复核是否具有覆盖当前审批结果的权限？",无法判断,不能覆盖 / 不可以,能够覆盖 / 可以,规则不适用,B,B,True
Llama3.1-8B,LoRA-v2,234,6147,hierarchy_logic,"在材料强度测试规范中，强度等级由高到低依次为：特级 > 一级 > 二级 > 三级 > 四级。
承受体当前等级为「一级」，攻击源强度等级为「特级」。
该攻击源是否具有击穿/覆盖承受体的强度？",规则不适用,能够覆盖 / 可以,不能覆盖 / 不可以,无法判断,B,A,False
Llama3.1-8B,LoRA-v2,235,5054,counter_logic,"化学实验要求：反应炉内温度必须严格高于 15 摄氏度。
可调节档位（摄氏度）：[11, 13, 15, 20]。
能满足安全要求且能耗最小的温度档位是？",13,20,11,15,B,D,False
Llama3.1-8B,LoRA-v2,236,3390,counter_logic,"某学术课题遴选要求：入围者得分必须严格高于 16 分。
候选人得分列表为：[10, 11, 14, 23] 分。
最低入围得分应为哪个？",14,10,23,11,C,C,True
Llama3.1-8B,LoRA-v2,237,5033,hierarchy_logic,"系统访问控制规则：权限层级为 总部 > 大区 > 分区 > 分支 > 节点。
目标资源的保护级别是「大区」，用户持有的访问令牌级别为「总部」。
该用户能否成功访问此资源？",无法判断,能够覆盖 / 可以,规则不适用,不能覆盖 / 不可以,B,D,False
Llama3.1-8B,LoRA-v2,238,7421,pattern_recognition,"序列补全：3, 6, 9, 12, 15, 18, ?
缺失的数字应该是？",21,20,25,22,A,A,True
Llama3.1-8B,LoRA-v2,239,5571,counter_logic,"某学术课题遴选要求：入围者得分必须严格高于 12 分。
候选人得分列表为：[10, 11, 12, 15] 分。
最低入围得分应为哪个？",10,12,15,11,C,D,False
Llama3.1-8B,LoRA-v2,240,1508,hierarchy_logic,"审批流程规则中，审批权限由高到低依次为：特级 > 一级 > 二级 > 三级 > 四级。
该申请已由「一级」级别完成审批，「四级」级别提出复核申请。
该复核是否具有覆盖当前审批结果的权限？",能够覆盖 / 可以,规则不适用,无法判断,不能覆盖 / 不可以,D,D,True
Llama3.1-8B,LoRA-v2,241,9201,hierarchy_logic,"组织决策体系：决策权限分级为 钻石 > 铂金 > 黄金 > 白银 > 青铜。
当前决议由「黄金」层级通过，现「铂金」层级要求重新审议。
重新审议请求是否有效？",规则不适用,不能覆盖 / 不可以,无法判断,能够覆盖 / 可以,D,D,True
Llama3.1-8B,LoRA-v2,242,4871,counter_logic,"化学实验要求：反应炉内温度必须严格高于 16 摄氏度。
可调节档位（摄氏度）：[11, 13, 14, 19]。
能满足安全要求且能耗最小的温度档位是？",13,11,14,19,D,D,True
Llama3.1-8B,LoRA-v2,243,3773,counter_logic,"项目评审规则：方案报价必须严格高于成本基准线 11 万元才具备参选资格。
各参选报价（万元）：[6, 7, 9, 16]。
哪个是具备参选资格中报价最低的？",6,9,16,7,C,A,False
Llama3.1-8B,LoRA-v2,244,9159,counter_logic,"某大件物流关卡规定：本通道仅允许总载重量严格大于 4 吨的重型车辆通行（过滤轻型车）。
当前候选车辆载重量为：[1, 2, 3, 5] 吨。
满足要求且载重量最低的车辆是哪个？",1,5,3,2,B,D,False
Llama3.1-8B,LoRA-v2,245,5089,pattern_recognition,"异常检测：序列 7, 10, 13, 18, 19 中哪个数字偏离了等差模式？",18,10,19,13,A,A,True
Llama3.1-8B,LoRA-v2,246,2188,hierarchy_logic,"审批流程规则中，审批权限由高到低依次为：极密 > 机密 > 秘密 > 内部 > 公开。
该申请已由「公开」级别完成审批，「机密」级别提出复核申请。
该复核是否具有覆盖当前审批结果的权限？",能够覆盖 / 可以,规则不适用,不能覆盖 / 不可以,无法判断,A,A,True
Llama3.1-8B,LoRA-v2,247,6804,hierarchy_logic,"组织决策体系：决策权限分级为 董事会 > 总裁办公室 > 业务部门 > 项目组 > 个人。
当前决议由「业务部门」层级通过，现「董事会」层级要求重新审议。
重新审议请求是否有效？",规则不适用,不能覆盖 / 不可以,无法判断,能够覆盖 / 可以,D,D,True
Llama3.1-8B,LoRA-v2,248,1797,counter_logic,"某大件物流关卡规定：本通道仅允许总载重量严格大于 4 吨的重型车辆通行（过滤轻型车）。
当前候选车辆载重量为：[2, 3, 4, 5] 吨。
满足要求且载重量最低的车辆是哪个？",5,2,3,4,A,D,False
Llama3.1-8B,LoRA-v2,249,1715,pattern_recognition,"序列补全：4, 6, 8, 10, ?
缺失的数字应该是？",12,15,11,13,A,D,False
Llama3.1-8B,LoRA-v2,250,7703,counter_logic,"某学术课题遴选要求：入围者得分必须严格高于 14 分。
候选人得分列表为：[5, 10, 11, 12] 分。
最低入围得分应为哪个？（若无候选人分数达标，请选「无入围候选人」）",无入围候选人,12,11,10,A,B,False
Llama3.1-8B,LoRA-v2,251,1710,pattern_recognition,"逻辑规则：合规数列要求每相邻两项差值恒定为 3。
下列选项中哪个满足要求？",2-5-5-11,2-5-8-14,2-5-8-12,2-5-8-11,D,D,True
Llama3.1-8B,LoRA-v2,252,1280,counter_logic,"化学实验要求：反应炉内温度必须严格高于 4 摄氏度。
可调节档位（摄氏度）：[1, 3, 4, 9]。
能满足安全要求且能耗最小的温度档位是？",9,4,3,1,A,B,False
Llama3.1-8B,LoRA-v2,253,2130,counter_logic,"某学术课题遴选要求：入围者得分必须严格高于 15 分。
候选人得分列表为：[8, 9, 11, 17] 分。
最低入围得分应为哪个？",9,11,8,17,D,D,True
Llama3.1-8B,LoRA-v2,254,6529,hierarchy_logic,"审批流程规则中，审批权限由高到低依次为：特级 > 一级 > 二级 > 三级 > 四级。
该申请已由「三级」级别完成审批，「四级」级别提出复核申请。
该复核是否具有覆盖当前审批结果的权限？",不能覆盖 / 不可以,无法判断,规则不适用,能够覆盖 / 可以,A,D,False
Llama3.1-8B,LoRA-v2,255,1744,pattern_recognition,"序列补全：3, 7, 11, 15, 19, ?
缺失的数字应该是？",23,24,22,28,A,A,True
Llama3.1-8B,LoRA-v2,256,8055,pattern_recognition,"数列延续：6, 8, 10, 12, 14, ?
按照既定模式，下一项是？",15,17,19,16,D,D,True
Llama3.1-8B,LoRA-v2,257,2180,pattern_recognition,"序列补全：4, 6, 8, 10, 12, ?
缺失的数字应该是？",14,17,13,15,A,D,False
Llama3.1-8B,LoRA-v2,258,2079,pattern_recognition,"序列补全：7, 11, 15, 19, 23, 27, ?
缺失的数字应该是？",36,32,30,31,D,D,True
Llama3.1-8B,LoRA-v2,259,9369,counter_logic,"集合 S = {14, 15, 17, 20}，从 S 中选出严格大于 22 的最小元素。
该函数的返回值应为？（若集合中不存在满足条件的元素，请选「集合中无满足条件的元素」）",20,集合中无满足条件的元素,17,14,B,B,True
Llama3.1-8B,LoRA-v2,260,3579,pattern_recognition,"序列补全：7, 10, 13, 16, 19, 22, ?
缺失的数字应该是？",26,24,29,25,D,D,True
Llama3.1-8B,LoRA-v2,261,4948,counter_logic,"集合 S = {6, 11, 12, 19}，从 S 中选出严格大于 12 的最小元素。
该函数的返回值应为？",11,6,12,19,D,D,True
Llama3.1-8B,LoRA-v2,262,1958,hierarchy_logic,"组织决策体系：决策权限分级为 钻石 > 铂金 > 黄金 > 白银 > 青铜。
当前决议由「青铜」层级通过，现「铂金」层级要求重新审议。
重新审议请求是否有效？",无法判断,能够覆盖 / 可以,规则不适用,不能覆盖 / 不可以,B,B,True
Llama3.1-8B,LoRA-v2,263,2217,counter_logic,"化学实验要求：反应炉内温度必须严格高于 6 摄氏度。
可调节档位（摄氏度）：[2, 4, 5, 12]。
能满足安全要求且能耗最小的温度档位是？",5,2,4,12,D,D,True
Llama3.1-8B,LoRA-v2,264,3369,pattern_recognition,"数列验证标准：有效序列必须是公差为 3 的连续递增数列。
请识别出符合标准的序列：",3-6-9-12-12,3-6-10-12-15,3-6-9-12-15,3-6-9-12-18,C,C,True
Llama3.1-8B,LoRA-v2,265,2874,hierarchy_logic,"在某权限控制体系中，级别由高到低依次为：极密 > 机密 > 秘密 > 内部 > 公开。
当前资源处于「极密」级别锁定状态，认证凭证所属级别为「秘密」。
该凭证是否具备解锁权限？",无法判断,规则不适用,不能覆盖 / 不可以,能够覆盖 / 可以,C,C,True
Llama3.1-8B,LoRA-v2,266,5530,hierarchy_logic,"审批流程规则中，审批权限由高到低依次为：极密 > 机密 > 秘密 > 内部 > 公开。
该申请已由「极密」级别完成审批，「秘密」级别提出复核申请。
该复核是否具有覆盖当前审批结果的权限？",无法判断,规则不适用,不能覆盖 / 不可以,能够覆盖 / 可以,C,D,False
Llama3.1-8B,LoRA-v2,267,9498,counter_logic,"项目评审规则：方案报价必须严格高于成本基准线 15 万元才具备参选资格。
各参选报价（万元）：[12, 14, 15, 17]。
哪个是具备参选资格中报价最低的？",14,15,12,17,D,C,False
Llama3.1-8B,LoRA-v2,268,8349,pattern_recognition,"在数列 7, 9, 9, 10, 11 中，识别出违反等差规律的元素：",10,7,11,9,D,A,False
Llama3.1-8B,LoRA-v2,269,4090,pattern_recognition,"数列验证标准：有效序列必须是公差为 3 的连续递增数列。
请识别出符合标准的序列：",8-11-14-17,8-11-11-17,8-11-14-18,8-11-14-20,A,A,True
Llama3.1-8B,LoRA-v2,270,5332,pattern_recognition,"数列验证标准：有效序列必须是公差为 2 的连续递增数列。
请识别出符合标准的序列：",2-4-6-6,2-4-6-10,2-5-6-8,2-4-6-8,D,D,True
Llama3.1-8B,LoRA-v2,271,4919,hierarchy_logic,"审批流程规则中，审批权限由高到低依次为：董事会 > 总裁办公室 > 业务部门 > 项目组 > 个人。
该申请已由「业务部门」级别完成审批，「项目组」级别提出复核申请。
该复核是否具有覆盖当前审批结果的权限？",不能覆盖 / 不可以,能够覆盖 / 可以,规则不适用,无法判断,A,A,True
Llama3.1-8B,LoRA-v2,272,8849,counter_logic,"某学术课题遴选要求：入围者得分必须严格高于 8 分。
候选人得分列表为：[1, 5, 6, 9] 分。
最低入围得分应为哪个？",9,5,6,1,A,A,True
Llama3.1-8B,LoRA-v2,273,2771,hierarchy_logic,"系统访问控制规则：权限层级为 特级 > 一级 > 二级 > 三级 > 四级。
目标资源的保护级别是「三级」，用户持有的访问令牌级别为「一级」。
该用户能否成功访问此资源？",无法判断,能够覆盖 / 可以,规则不适用,不能覆盖 / 不可以,B,D,False
Llama3.1-8B,LoRA-v2,274,6221,pattern_recognition,"以下序列中，有且仅有一个数字破坏了等差规律：
10, 9, 10, 11, 12
请找出这个不符合规律的数字。",12,10,9,11,B,C,False
Llama3.1-8B,LoRA-v2,275,4522,pattern_recognition,"逻辑规则：合规数列要求每相邻两项差值恒定为 3。
下列选项中哪个满足要求？",6-9-12-15-19,6-9-12-15-15,6-9-12-15-18,6-9-12-15-21,C,C,True
Llama3.1-8B,LoRA-v2,276,8444,counter_logic,"某学术课题遴选要求：入围者得分必须严格高于 15 分。
候选人得分列表为：[8, 12, 14, 22] 分。
最低入围得分应为哪个？",14,8,12,22,D,D,True
Llama3.1-8B,LoRA-v2,277,3646,hierarchy_logic,"在材料强度测试规范中，强度等级由高到低依次为：S级 > A级 > B级 > C级 > D级。
承受体当前等级为「A级」，攻击源强度等级为「S级」。
该攻击源是否具有击穿/覆盖承受体的强度？",无法判断,规则不适用,能够覆盖 / 可以,不能覆盖 / 不可以,C,D,False
Llama3.1-8B,LoRA-v2,278,2443,pattern_recognition,"序列补全：7, 8, 9, 10, ?
缺失的数字应该是？",11,12,10,13,A,A,True
Llama3.1-8B,LoRA-v2,279,9920,pattern_recognition,"数列验证标准：有效序列必须是公差为 1 的连续递增数列。
请识别出符合标准的序列：",6-7-8-10,6-8-10-12,6-6-8-9,6-7-8-9,D,D,True
Llama3.1-8B,LoRA-v2,280,5978,hierarchy_logic,"审批流程规则中，审批权限由高到低依次为：极密 > 机密 > 秘密 > 内部 > 公开。
该申请已由「内部」级别完成审批，「公开」级别提出复核申请。
该复核是否具有覆盖当前审批结果的权限？",规则不适用,不能覆盖 / 不可以,能够覆盖 / 可以,无法判断,B,C,False
Llama3.1-8B,LoRA-v2,281,1517,counter_logic,"化学实验要求：反应炉内温度必须严格高于 13 摄氏度。
可调节档位（摄氏度）：[8, 10, 11, 17]。
能满足安全要求且能耗最小的温度档位是？",8,10,17,11,C,D,False
Llama3.1-8B,LoRA-v2,282,4727,pattern_recognition,"逻辑规则：合规数列要求每相邻两项差值恒定为 2。
下列选项中哪个满足要求？",9-9-13-15-17,9-11-14-15-17,9-11-13-15-19,9-11-13-15-17,D,D,True
Llama3.1-8B,LoRA-v2,283,4070,counter_logic,"某学术课题遴选要求：入围者得分必须严格高于 5 分。
候选人得分列表为：[2, 3, 4, 6] 分。
最低入围得分应为哪个？",3,4,2,6,D,D,True
Llama3.1-8B,LoRA-v2,284,4920,counter_logic,"化学实验要求：反应炉内温度必须严格高于 7 摄氏度。
可调节档位（摄氏度）：[3, 5, 7, 9]。
能满足安全要求且能耗最小的温度档位是？",7,3,9,5,C,A,False
Llama3.1-8B,LoRA-v2,285,4608,hierarchy_logic,"系统访问控制规则：权限层级为 极密 > 机密 > 秘密 > 内部 > 公开。
目标资源的保护级别是「机密」，用户持有的访问令牌级别为「极密」。
该用户能否成功访问此资源？",不能覆盖 / 不可以,规则不适用,无法判断,能够覆盖 / 可以,D,D,True
Llama3.1-8B,LoRA-v2,286,2344,counter_logic,"某学术课题遴选要求：入围者得分必须严格高于 10 分。
候选人得分列表为：[3, 7, 9, 12] 分。
最低入围得分应为哪个？",7,12,3,9,B,D,False
Llama3.1-8B,LoRA-v2,287,9151,pattern_recognition,"异常检测：序列 10, 9, 12, 15, 18 中哪个数字偏离了等差模式？",15,18,10,12,C,D,False
Llama3.1-8B,LoRA-v2,288,2745,counter_logic,"某大件物流关卡规定：本通道仅允许总载重量严格大于 8 吨的重型车辆通行（过滤轻型车）。
当前候选车辆载重量为：[6, 7, 8, 10] 吨。
满足要求且载重量最低的车辆是哪个？",10,6,7,8,A,D,False
Llama3.1-8B,LoRA-v2,289,1842,pattern_recognition,"在某数学认证规则中，「合法数列」定义为：公差严格为 1 的递增等差数列。
以下哪个序列是合法的？",6-7-8-9,6-7-8-8,7-7-8-9,6-7-8-10,A,A,True
Llama3.1-8B,LoRA-v2,290,3184,hierarchy_logic,"在材料强度测试规范中，强度等级由高到低依次为：S级 > A级 > B级 > C级 > D级。
承受体当前等级为「C级」，攻击源强度等级为「D级」。
该攻击源是否具有击穿/覆盖承受体的强度？",无法判断,规则不适用,不能覆盖 / 不可以,能够覆盖 / 可以,C,C,True
Llama3.1-8B,LoRA-v2,291,4585,hierarchy_logic,"审批流程规则中，审批权限由高到低依次为：董事会 > 总裁办公室 > 业务部门 > 项目组 > 个人。
该申请已由「总裁办公室」级别完成审批，「业务部门」级别提出复核申请。
该复核是否具有覆盖当前审批结果的权限？",无法判断,能够覆盖 / 可以,规则不适用,不能覆盖 / 不可以,D,D,True
Llama3.1-8B,LoRA-v2,292,5026,counter_logic,"某大件物流关卡规定：本通道仅允许总载重量严格大于 4 吨的重型车辆通行（过滤轻型车）。
当前候选车辆载重量为：[1, 2, 4, 7] 吨。
满足要求且载重量最低的车辆是哪个？",1,4,7,2,C,B,False
Llama3.1-8B,LoRA-v2,293,5933,counter_logic,"化学实验要求：反应炉内温度必须严格高于 18 摄氏度。
可调节档位（摄氏度）：[10, 12, 13, 15]。
能满足安全要求且能耗最小的温度档位是？（若无温度满足要求，请选「无合规温度档位」）",12,13,无合规温度档位,10,C,D,False
Llama3.1-8B,LoRA-v2,294,4012,counter_logic,"项目评审规则：方案报价必须严格高于成本基准线 16 万元才具备参选资格。
各参选报价（万元）：[12, 14, 16, 21]。
哪个是具备参选资格中报价最低的？",21,16,12,14,A,C,False
Llama3.1-8B,LoRA-v2,295,6651,counter_logic,"化学实验要求：反应炉内温度必须严格高于 12 摄氏度。
可调节档位（摄氏度）：[4, 6, 7, 11]。
能满足安全要求且能耗最小的温度档位是？（若无温度满足要求，请选「无合规温度档位」）",11,无合规温度档位,7,6,B,A,False
Llama3.1-8B,LoRA-v2,296,8319,counter_logic,"集合 S = {2, 3, 4, 8}，从 S 中选出严格大于 6 的最小元素。
该函数的返回值应为？",2,8,4,3,B,B,True
Llama3.1-8B,LoRA-v2,297,3068,hierarchy_logic,"在材料强度测试规范中，强度等级由高到低依次为：特级 > 一级 > 二级 > 三级 > 四级。
承受体当前等级为「一级」，攻击源强度等级为「三级」。
该攻击源是否具有击穿/覆盖承受体的强度？",无法判断,能够覆盖 / 可以,规则不适用,不能覆盖 / 不可以,D,D,True
Llama3.1-8B,LoRA-v2,298,4460,pattern_recognition,"观察以下等差数列：8, 10, 12, 14, 16, 18, ?
根据规律，?处应填入哪个数字？",19,21,23,20,D,D,True
Llama3.1-8B,LoRA-v2,299,7499,counter_logic,"项目评审规则：方案报价必须严格高于成本基准线 12 万元才具备参选资格。
各参选报价（万元）：[5, 10, 11, 18]。
哪个是具备参选资格中报价最低的？",5,11,18,10,C,A,False
Llama3.1-8B,LoRA-v2,300,6661,pattern_recognition,"逻辑规则：合规数列要求每相邻两项差值恒定为 2。
下列选项中哪个满足要求？",5-7-9-9,5-7-9-13,5-7-9-11,5-7-9-12,C,C,True
