benchmark,row_number,id,category,mode,question,options,answer
Struct Bench v1,1,legality_4112,legality,,"Rule: In this sequence, the letter 'E' must always be followed immediately by 'B'.
Sequence: E B E B E B 3 2 E B 2 1 E B E
Question: Is this sequence legal according to the rule?","{""A"": ""Yes"", ""B"": ""No""}",B
Struct Bench v1,2,legality_3900,legality,,"Rule: In this sequence, the letter 'E' must always be followed immediately by 'X'.
Sequence: E X 4 5 E X E X 2 F
Question: Is this sequence legal according to the rule?","{""A"": ""Yes"", ""B"": ""No""}",B
Struct Bench v1,3,legality_2556,legality,,"Rule: In this sequence, the letter 'P' must always be followed immediately by 'M'.
Sequence: P M P M 8 9 P M 5 1
Question: Is this sequence legal according to the rule?","{""A"": ""Yes"", ""B"": ""No""}",A
Struct Bench v1,4,legality_8559,legality,,"Rule: In this sequence, the letter 'Q' must always be followed immediately by 'J'.
Sequence: Q J Q J 7 5 Q J 5 1 Q J 3
Question: Is this sequence legal according to the rule?","{""A"": ""Yes"", ""B"": ""No""}",B
Struct Bench v1,5,legality_6754,legality,,"Rule: In this sequence, the letter 'L' must always be followed immediately by 'W'.
Sequence: L W 1 7 L W L I
Question: Is this sequence legal according to the rule?","{""A"": ""Yes"", ""B"": ""No""}",B
Struct Bench v1,6,analogy_2072,analogy,,"Analogy Task. Find the transformation rule in the Example and apply it to the Test.
Example: 3-6-4 transforms to 4-6-3
Test: T-Y-D transforms to?
Question: Choose the correct transformation.","{""A"": ""T-Y-D"", ""B"": ""D-Y-T""}",B
Struct Bench v1,7,legality_4156,legality,,"Rule: In this sequence, the letter 'I' must always be followed immediately by 'X'.
Sequence: I X I X 2 0 I X I X I X 1 7 I Y
Question: Is this sequence legal according to the rule?","{""A"": ""Yes"", ""B"": ""No""}",B
Struct Bench v1,8,abstract_2106,abstraction,,"Identify the pattern and complete the sequence:
Sequence: 9 3 % 3 [MASK]
Question: Which symbol should fill the [MASK]?","{""A"": ""9"", ""B"": ""3""}",A
Struct Bench v1,9,analogy_8675,analogy,,"Analogy Task. Find the transformation rule in the Example and apply it to the Test.
Example: 1-8-6 transforms to 6-8-1
Test: T-B-S transforms to?
Question: Choose the correct transformation.","{""A"": ""S-B-T"", ""B"": ""T-B-S""}",A
Struct Bench v1,10,legality_3548,legality,,"Rule: In this sequence, the letter 'X' must always be followed immediately by 'S'.
Sequence: X S 9 5 X S 8 9 X S
Question: Is this sequence legal according to the rule?","{""A"": ""Yes"", ""B"": ""No""}",A
Struct Bench v1,11,analogy_3937,analogy,,"Analogy Task. Find the transformation rule in the Example and apply it to the Test.
Example: 5-4-7 transforms to 7-4-5
Test: B-S-I transforms to?
Question: Choose the correct transformation.","{""A"": ""I-S-B"", ""B"": ""B-S-I""}",A
Struct Bench v1,12,abstract_8364,abstraction,,"Identify the pattern and complete the sequence:
Sequence: 3 4 # 4 [MASK]
Question: Which symbol should fill the [MASK]?","{""A"": ""3"", ""B"": ""4""}",A
Struct Bench v1,13,abstract_2625,abstraction,,"Identify the pattern and complete the sequence:
Sequence: A A C C A A C [MASK]
Question: Which symbol should fill the [MASK]?","{""A"": ""C"", ""B"": ""A""}",A
Struct Bench v1,14,analogy_4176,analogy,,"Analogy Task. Find the transformation rule in the Example and apply it to the Test.
Example: 5-0-1 transforms to 1-0-5
Test: C-M-X transforms to?
Question: Choose the correct transformation.","{""A"": ""X-M-C"", ""B"": ""C-M-X""}",A
Struct Bench v1,15,legality_3005,legality,,"Rule: In this sequence, the letter 'S' must always be followed immediately by 'Y'.
Sequence: S Y S Y S Y 2 5
Question: Is this sequence legal according to the rule?","{""A"": ""Yes"", ""B"": ""No""}",A
Struct Bench v1,16,abstract_2916,abstraction,,"Identify the pattern and complete the sequence:
Sequence: 9 6 * 6 [MASK]
Question: Which symbol should fill the [MASK]?","{""A"": ""9"", ""B"": ""6""}",A
Struct Bench v1,17,abstract_8669,abstraction,,"Identify the pattern and complete the sequence:
Sequence: 5 0 # 0 [MASK]
Question: Which symbol should fill the [MASK]?","{""A"": ""5"", ""B"": ""0""}",A
Struct Bench v1,18,analogy_6858,analogy,,"Analogy Task. Find the transformation rule in the Example and apply it to the Test.
Example: 4-0-6 transforms to 6-0-4
Test: P-U-L transforms to?
Question: Choose the correct transformation.","{""A"": ""L-U-P"", ""B"": ""P-U-L""}",A
Struct Bench v1,19,abstract_4707,abstraction,,"Identify the pattern and complete the sequence:
Sequence: F F Q Q F F Q [MASK]
Question: Which symbol should fill the [MASK]?","{""A"": ""Q"", ""B"": ""F""}",A
Struct Bench v1,20,legality_2362,legality,,"Rule: In this sequence, the letter 'O' must always be followed immediately by 'A'.
Sequence: O A 1 4 O A 9 3 O A 6 2 O A O A
Question: Is this sequence legal according to the rule?","{""A"": ""Yes"", ""B"": ""No""}",A
Struct Bench v1,21,analogy_5177,analogy,,"Analogy Task. Find the transformation rule in the Example and apply it to the Test.
Example: 7-0-6 transforms to 6-0-7
Test: T-V-S transforms to?
Question: Choose the correct transformation.","{""A"": ""S-V-T"", ""B"": ""T-V-S""}",A
Struct Bench v1,22,legality_3103,legality,,"Rule: In this sequence, the letter 'X' must always be followed immediately by 'Q'.
Sequence: X Q 8 7 X Q X Q 1 3 X Q X Q
Question: Is this sequence legal according to the rule?","{""A"": ""Yes"", ""B"": ""No""}",A
Struct Bench v1,23,analogy_6105,analogy,,"Analogy Task. Find the transformation rule in the Example and apply it to the Test.
Example: 9-3-1 transforms to 1-3-9
Test: R-M-U transforms to?
Question: Choose the correct transformation.","{""A"": ""R-M-U"", ""B"": ""U-M-R""}",B
Struct Bench v1,24,legality_4491,legality,,"Rule: In this sequence, the letter 'P' must always be followed immediately by 'S'.
Sequence: P S P S P S 2 3
Question: Is this sequence legal according to the rule?","{""A"": ""Yes"", ""B"": ""No""}",A
Struct Bench v1,25,legality_6995,legality,,"Rule: In this sequence, the letter 'J' must always be followed immediately by 'P'.
Sequence: J P 7 6 J P 1 9 J P J P 6 5 J P 3 4
Question: Is this sequence legal according to the rule?","{""A"": ""Yes"", ""B"": ""No""}",A
Struct Bench v1,26,abstract_3546,abstraction,,"Identify the pattern and complete the sequence:
Sequence: N P N P N P N P N [MASK]
Question: Which symbol should fill the [MASK]?","{""A"": ""P"", ""B"": ""N""}",A
Struct Bench v1,27,legality_9264,legality,,"Rule: In this sequence, the letter 'D' must always be followed immediately by 'V'.
Sequence: D V D V D V 7 3 D V D F
Question: Is this sequence legal according to the rule?","{""A"": ""Yes"", ""B"": ""No""}",B
Struct Bench v1,28,legality_3987,legality,,"Rule: In this sequence, the letter 'O' must always be followed immediately by 'G'.
Sequence: O G 2 1 O G 3 1 O G O G 8 6 O
Question: Is this sequence legal according to the rule?","{""A"": ""Yes"", ""B"": ""No""}",B
Struct Bench v1,29,analogy_1274,analogy,,"Analogy Task. Find the transformation rule in the Example and apply it to the Test.
Example: 9-4-6 transforms to 6-4-9
Test: A-C-X transforms to?
Question: Choose the correct transformation.","{""A"": ""A-C-X"", ""B"": ""X-C-A""}",B
Struct Bench v1,30,legality_7500,legality,,"Rule: In this sequence, the letter 'P' must always be followed immediately by 'V'.
Sequence: P V 0 7 P V P V P V P K
Question: Is this sequence legal according to the rule?","{""A"": ""Yes"", ""B"": ""No""}",B
Struct Bench v1,31,analogy_7214,analogy,,"Analogy Task. Find the transformation rule in the Example and apply it to the Test.
Example: 9-4-1 transforms to 1-4-9
Test: K-L-Z transforms to?
Question: Choose the correct transformation.","{""A"": ""Z-L-K"", ""B"": ""K-L-Z""}",A
Struct Bench v1,32,legality_2318,legality,,"Rule: In this sequence, the letter 'N' must always be followed immediately by 'M'.
Sequence: N M N M N M 4 5 N M N M
Question: Is this sequence legal according to the rule?","{""A"": ""Yes"", ""B"": ""No""}",A
Struct Bench v1,33,analogy_9788,analogy,,"Analogy Task. Find the transformation rule in the Example and apply it to the Test.
Example: 0-5-4 transforms to 4-5-0
Test: I-B-V transforms to?
Question: Choose the correct transformation.","{""A"": ""I-B-V"", ""B"": ""V-B-I""}",B
Struct Bench v1,34,analogy_3714,analogy,,"Analogy Task. Find the transformation rule in the Example and apply it to the Test.
Example: 8-6-7 transforms to 7-6-8
Test: S-X-T transforms to?
Question: Choose the correct transformation.","{""A"": ""T-X-S"", ""B"": ""S-X-T""}",A
Struct Bench v1,35,legality_8984,legality,,"Rule: In this sequence, the letter 'L' must always be followed immediately by 'H'.
Sequence: L H L H L H L H L H L H 1 4
Question: Is this sequence legal according to the rule?","{""A"": ""Yes"", ""B"": ""No""}",A
Struct Bench v1,36,analogy_9769,analogy,,"Analogy Task. Find the transformation rule in the Example and apply it to the Test.
Example: 5-6-9 transforms to 9-6-5
Test: D-K-J transforms to?
Question: Choose the correct transformation.","{""A"": ""J-K-D"", ""B"": ""D-K-J""}",A
Struct Bench v1,37,legality_1705,legality,,"Rule: In this sequence, the letter 'R' must always be followed immediately by 'P'.
Sequence: R P R P 9 3 R P R P R P
Question: Is this sequence legal according to the rule?","{""A"": ""Yes"", ""B"": ""No""}",A
Struct Bench v1,38,abstract_4713,abstraction,,"Identify the pattern and complete the sequence:
Sequence: 1 8 # 8 [MASK]
Question: Which symbol should fill the [MASK]?","{""A"": ""1"", ""B"": ""8""}",A
Struct Bench v1,39,abstract_6956,abstraction,,"Identify the pattern and complete the sequence:
Sequence: A S A S A [MASK]
Question: Which symbol should fill the [MASK]?","{""A"": ""S"", ""B"": ""A""}",A
Struct Bench v1,40,abstract_4693,abstraction,,"Identify the pattern and complete the sequence:
Sequence: D D A A D D A [MASK]
Question: Which symbol should fill the [MASK]?","{""A"": ""A"", ""B"": ""D""}",A
Struct Bench v1,41,abstract_1172,abstraction,,"Identify the pattern and complete the sequence:
Sequence: 7 2 % 2 [MASK]
Question: Which symbol should fill the [MASK]?","{""A"": ""7"", ""B"": ""2""}",A
Struct Bench v1,42,analogy_6437,analogy,,"Analogy Task. Find the transformation rule in the Example and apply it to the Test.
Example: 5-3-1 transforms to 1-3-5
Test: X-T-F transforms to?
Question: Choose the correct transformation.","{""A"": ""X-T-F"", ""B"": ""F-T-X""}",B
Struct Bench v1,43,legality_4725,legality,,"Rule: In this sequence, the letter 'D' must always be followed immediately by 'I'.
Sequence: D I 1 6 D I D I 1 8
Question: Is this sequence legal according to the rule?","{""A"": ""Yes"", ""B"": ""No""}",A
Struct Bench v1,44,analogy_3898,analogy,,"Analogy Task. Find the transformation rule in the Example and apply it to the Test.
Example: 9-5-7 transforms to 7-5-9
Test: X-P-J transforms to?
Question: Choose the correct transformation.","{""A"": ""J-P-X"", ""B"": ""X-P-J""}",A
Struct Bench v1,45,analogy_2409,analogy,,"Analogy Task. Find the transformation rule in the Example and apply it to the Test.
Example: 8-2-7 transforms to 7-2-8
Test: U-G-X transforms to?
Question: Choose the correct transformation.","{""A"": ""X-G-U"", ""B"": ""U-G-X""}",A
Struct Bench v1,46,analogy_9954,analogy,,"Analogy Task. Find the transformation rule in the Example and apply it to the Test.
Example: 5-7-2 transforms to 2-7-5
Test: M-V-I transforms to?
Question: Choose the correct transformation.","{""A"": ""M-V-I"", ""B"": ""I-V-M""}",B
Struct Bench v1,47,legality_5625,legality,,"Rule: In this sequence, the letter 'E' must always be followed immediately by 'X'.
Sequence: E X E X E X E X E X 8 6 E
Question: Is this sequence legal according to the rule?","{""A"": ""Yes"", ""B"": ""No""}",B
Struct Bench v1,48,abstract_5818,abstraction,,"Identify the pattern and complete the sequence:
Sequence: 7 9 @ 9 [MASK]
Question: Which symbol should fill the [MASK]?","{""A"": ""7"", ""B"": ""9""}",A
Struct Bench v1,49,legality_1064,legality,,"Rule: In this sequence, the letter 'L' must always be followed immediately by 'D'.
Sequence: L D L D 0 7 L Y
Question: Is this sequence legal according to the rule?","{""A"": ""Yes"", ""B"": ""No""}",B
Struct Bench v1,50,analogy_4383,analogy,,"Analogy Task. Find the transformation rule in the Example and apply it to the Test.
Example: 0-3-6 transforms to 6-3-0
Test: B-Z-W transforms to?
Question: Choose the correct transformation.","{""A"": ""W-Z-B"", ""B"": ""B-Z-W""}",A
Struct Bench v1,51,abstract_7973,abstraction,,"Identify the pattern and complete the sequence:
Sequence: P P Z Z P P Z Z P P Z [MASK]
Question: Which symbol should fill the [MASK]?","{""A"": ""Z"", ""B"": ""P""}",A
Struct Bench v1,52,legality_5128,legality,,"Rule: In this sequence, the letter 'U' must always be followed immediately by 'H'.
Sequence: U H 0 4 U H 4 5 U H U H 7 0
Question: Is this sequence legal according to the rule?","{""A"": ""Yes"", ""B"": ""No""}",A
Struct Bench v1,53,analogy_7560,analogy,,"Analogy Task. Find the transformation rule in the Example and apply it to the Test.
Example: 9-5-8 transforms to 8-5-9
Test: Z-B-N transforms to?
Question: Choose the correct transformation.","{""A"": ""Z-B-N"", ""B"": ""N-B-Z""}",B
Struct Bench v1,54,analogy_3633,analogy,,"Analogy Task. Find the transformation rule in the Example and apply it to the Test.
Example: 6-5-7 transforms to 7-5-6
Test: S-D-L transforms to?
Question: Choose the correct transformation.","{""A"": ""L-D-S"", ""B"": ""S-D-L""}",A
Struct Bench v1,55,legality_5273,legality,,"Rule: In this sequence, the letter 'N' must always be followed immediately by 'H'.
Sequence: N H N H N H N H 3 6 N H 8
Question: Is this sequence legal according to the rule?","{""A"": ""Yes"", ""B"": ""No""}",B
Struct Bench v1,56,legality_3782,legality,,"Rule: In this sequence, the letter 'L' must always be followed immediately by 'Y'.
Sequence: L Y L Y 5 9 L
Question: Is this sequence legal according to the rule?","{""A"": ""Yes"", ""B"": ""No""}",B
Struct Bench v1,57,abstract_2670,abstraction,,"Identify the pattern and complete the sequence:
Sequence: 5 4 $ 4 [MASK]
Question: Which symbol should fill the [MASK]?","{""A"": ""5"", ""B"": ""4""}",A
Struct Bench v1,58,analogy_9158,analogy,,"Analogy Task. Find the transformation rule in the Example and apply it to the Test.
Example: 5-3-0 transforms to 0-3-5
Test: M-K-Q transforms to?
Question: Choose the correct transformation.","{""A"": ""Q-K-M"", ""B"": ""M-K-Q""}",A
Struct Bench v1,59,abstract_9170,abstraction,,"Identify the pattern and complete the sequence:
Sequence: B B N N B B N N B B N [MASK]
Question: Which symbol should fill the [MASK]?","{""A"": ""N"", ""B"": ""B""}",A
Struct Bench v1,60,abstract_4431,abstraction,,"Identify the pattern and complete the sequence:
Sequence: Z N Z N Z N Z N Z [MASK]
Question: Which symbol should fill the [MASK]?","{""A"": ""N"", ""B"": ""Z""}",A
Struct Bench v1,61,abstract_2400,abstraction,,"Identify the pattern and complete the sequence:
Sequence: Q Q K K Q Q K K Q Q K [MASK]
Question: Which symbol should fill the [MASK]?","{""A"": ""K"", ""B"": ""Q""}",A
Struct Bench v1,62,legality_6345,legality,,"Rule: In this sequence, the letter 'H' must always be followed immediately by 'R'.
Sequence: H R H R 3 1 H R 4 0 H R 8
Question: Is this sequence legal according to the rule?","{""A"": ""Yes"", ""B"": ""No""}",B
Struct Bench v1,63,abstract_3160,abstraction,,"Identify the pattern and complete the sequence:
Sequence: K F K F K F K [MASK]
Question: Which symbol should fill the [MASK]?","{""A"": ""F"", ""B"": ""K""}",A
Struct Bench v1,64,analogy_3145,analogy,,"Analogy Task. Find the transformation rule in the Example and apply it to the Test.
Example: 7-1-0 transforms to 0-1-7
Test: C-E-H transforms to?
Question: Choose the correct transformation.","{""A"": ""H-E-C"", ""B"": ""C-E-H""}",A
Struct Bench v1,65,abstract_8721,abstraction,,"Identify the pattern and complete the sequence:
Sequence: F H F H F [MASK]
Question: Which symbol should fill the [MASK]?","{""A"": ""H"", ""B"": ""F""}",A
Struct Bench v1,66,abstract_3370,abstraction,,"Identify the pattern and complete the sequence:
Sequence: K K N N K K N N K K N [MASK]
Question: Which symbol should fill the [MASK]?","{""A"": ""N"", ""B"": ""K""}",A
Struct Bench v1,67,legality_7958,legality,,"Rule: In this sequence, the letter 'R' must always be followed immediately by 'V'.
Sequence: R V 8 5 R V 1 7 R V 6 2 R V 8 0 R V R V 3 5
Question: Is this sequence legal according to the rule?","{""A"": ""Yes"", ""B"": ""No""}",A
Struct Bench v1,68,abstract_5389,abstraction,,"Identify the pattern and complete the sequence:
Sequence: K K R R K K R R K K R [MASK]
Question: Which symbol should fill the [MASK]?","{""A"": ""R"", ""B"": ""K""}",A
Struct Bench v1,69,abstract_5096,abstraction,,"Identify the pattern and complete the sequence:
Sequence: Q O Q O Q O Q [MASK]
Question: Which symbol should fill the [MASK]?","{""A"": ""O"", ""B"": ""Q""}",A
Struct Bench v1,70,abstract_5399,abstraction,,"Identify the pattern and complete the sequence:
Sequence: O O F F O O F [MASK]
Question: Which symbol should fill the [MASK]?","{""A"": ""F"", ""B"": ""O""}",A
Struct Bench v1,71,analogy_4960,analogy,,"Analogy Task. Find the transformation rule in the Example and apply it to the Test.
Example: 0-7-4 transforms to 4-7-0
Test: H-B-U transforms to?
Question: Choose the correct transformation.","{""A"": ""H-B-U"", ""B"": ""U-B-H""}",B
Struct Bench v1,72,legality_8330,legality,,"Rule: In this sequence, the letter 'U' must always be followed immediately by 'M'.
Sequence: U M U M U M U
Question: Is this sequence legal according to the rule?","{""A"": ""Yes"", ""B"": ""No""}",B
Struct Bench v1,73,legality_4184,legality,,"Rule: In this sequence, the letter 'W' must always be followed immediately by 'T'.
Sequence: W T W T 0 6 W T 8 5 W T W T
Question: Is this sequence legal according to the rule?","{""A"": ""Yes"", ""B"": ""No""}",A
Struct Bench v1,74,legality_2808,legality,,"Rule: In this sequence, the letter 'Y' must always be followed immediately by 'R'.
Sequence: Y R 9 4 Y R 1 9 Y R Y R 0 1
Question: Is this sequence legal according to the rule?","{""A"": ""Yes"", ""B"": ""No""}",A
Struct Bench v1,75,analogy_8665,analogy,,"Analogy Task. Find the transformation rule in the Example and apply it to the Test.
Example: 3-1-8 transforms to 8-1-3
Test: R-Z-S transforms to?
Question: Choose the correct transformation.","{""A"": ""R-Z-S"", ""B"": ""S-Z-R""}",B
Struct Bench v1,76,abstract_2046,abstraction,,"Identify the pattern and complete the sequence:
Sequence: W W L L W W L L W W L [MASK]
Question: Which symbol should fill the [MASK]?","{""A"": ""L"", ""B"": ""W""}",A
Struct Bench v1,77,analogy_1889,analogy,,"Analogy Task. Find the transformation rule in the Example and apply it to the Test.
Example: 0-4-9 transforms to 9-4-0
Test: G-Z-N transforms to?
Question: Choose the correct transformation.","{""A"": ""N-Z-G"", ""B"": ""G-Z-N""}",A
Struct Bench v1,78,abstract_1397,abstraction,,"Identify the pattern and complete the sequence:
Sequence: T T K K T T K K T T K [MASK]
Question: Which symbol should fill the [MASK]?","{""A"": ""K"", ""B"": ""T""}",A
Struct Bench v1,79,legality_8632,legality,,"Rule: In this sequence, the letter 'Q' must always be followed immediately by 'D'.
Sequence: Q D 9 6 Q D 9 8 Q D Q D Q D
Question: Is this sequence legal according to the rule?","{""A"": ""Yes"", ""B"": ""No""}",A
Struct Bench v1,80,abstract_3395,abstraction,,"Identify the pattern and complete the sequence:
Sequence: O K O K O [MASK]
Question: Which symbol should fill the [MASK]?","{""A"": ""K"", ""B"": ""O""}",A
Struct Bench v1,81,abstract_2316,abstraction,,"Identify the pattern and complete the sequence:
Sequence: 3 9 # 9 [MASK]
Question: Which symbol should fill the [MASK]?","{""A"": ""3"", ""B"": ""9""}",A
Struct Bench v1,82,abstract_4559,abstraction,,"Identify the pattern and complete the sequence:
Sequence: Q Q R R Q Q R [MASK]
Question: Which symbol should fill the [MASK]?","{""A"": ""R"", ""B"": ""Q""}",A
Struct Bench v1,83,analogy_8092,analogy,,"Analogy Task. Find the transformation rule in the Example and apply it to the Test.
Example: 2-3-0 transforms to 0-3-2
Test: V-Y-E transforms to?
Question: Choose the correct transformation.","{""A"": ""E-Y-V"", ""B"": ""V-Y-E""}",A
Struct Bench v1,84,analogy_6302,analogy,,"Analogy Task. Find the transformation rule in the Example and apply it to the Test.
Example: 0-7-6 transforms to 6-7-0
Test: M-O-F transforms to?
Question: Choose the correct transformation.","{""A"": ""M-O-F"", ""B"": ""F-O-M""}",B
Struct Bench v1,85,analogy_1253,analogy,,"Analogy Task. Find the transformation rule in the Example and apply it to the Test.
Example: 4-1-7 transforms to 7-1-4
Test: G-T-D transforms to?
Question: Choose the correct transformation.","{""A"": ""G-T-D"", ""B"": ""D-T-G""}",B
Struct Bench v1,86,abstract_6559,abstraction,,"Identify the pattern and complete the sequence:
Sequence: R R S S R R S S R R S [MASK]
Question: Which symbol should fill the [MASK]?","{""A"": ""S"", ""B"": ""R""}",A
Struct Bench v1,87,legality_3466,legality,,"Rule: In this sequence, the letter 'V' must always be followed immediately by 'D'.
Sequence: V D V D V D V D V D 7 8
Question: Is this sequence legal according to the rule?","{""A"": ""Yes"", ""B"": ""No""}",A
Struct Bench v1,88,legality_1147,legality,,"Rule: In this sequence, the letter 'D' must always be followed immediately by 'O'.
Sequence: D O D O D Y
Question: Is this sequence legal according to the rule?","{""A"": ""Yes"", ""B"": ""No""}",B
Struct Bench v1,89,analogy_8102,analogy,,"Analogy Task. Find the transformation rule in the Example and apply it to the Test.
Example: 2-8-1 transforms to 1-8-2
Test: U-L-V transforms to?
Question: Choose the correct transformation.","{""A"": ""U-L-V"", ""B"": ""V-L-U""}",B
Struct Bench v1,90,abstract_6706,abstraction,,"Identify the pattern and complete the sequence:
Sequence: 1 8 * 8 [MASK]
Question: Which symbol should fill the [MASK]?","{""A"": ""1"", ""B"": ""8""}",A
Struct Bench v1,91,abstract_8402,abstraction,,"Identify the pattern and complete the sequence:
Sequence: 9 7 # 7 [MASK]
Question: Which symbol should fill the [MASK]?","{""A"": ""9"", ""B"": ""7""}",A
Struct Bench v1,92,analogy_2700,analogy,,"Analogy Task. Find the transformation rule in the Example and apply it to the Test.
Example: 4-2-7 transforms to 7-2-4
Test: V-H-B transforms to?
Question: Choose the correct transformation.","{""A"": ""B-H-V"", ""B"": ""V-H-B""}",A
Struct Bench v1,93,analogy_4930,analogy,,"Analogy Task. Find the transformation rule in the Example and apply it to the Test.
Example: 0-9-3 transforms to 3-9-0
Test: W-B-E transforms to?
Question: Choose the correct transformation.","{""A"": ""W-B-E"", ""B"": ""E-B-W""}",B
Struct Bench v1,94,abstract_3372,abstraction,,"Identify the pattern and complete the sequence:
Sequence: S Q S Q S [MASK]
Question: Which symbol should fill the [MASK]?","{""A"": ""Q"", ""B"": ""S""}",A
Struct Bench v1,95,legality_6503,legality,,"Rule: In this sequence, the letter 'R' must always be followed immediately by 'D'.
Sequence: R D R D 4 9 R D 7 6 R D R D R D 2 7
Question: Is this sequence legal according to the rule?","{""A"": ""Yes"", ""B"": ""No""}",A
Struct Bench v1,96,analogy_1183,analogy,,"Analogy Task. Find the transformation rule in the Example and apply it to the Test.
Example: 5-4-8 transforms to 8-4-5
Test: D-T-S transforms to?
Question: Choose the correct transformation.","{""A"": ""S-T-D"", ""B"": ""D-T-S""}",A
Struct Bench v1,97,abstract_1851,abstraction,,"Identify the pattern and complete the sequence:
Sequence: 7 3 $ 3 [MASK]
Question: Which symbol should fill the [MASK]?","{""A"": ""7"", ""B"": ""3""}",A
Struct Bench v1,98,analogy_6828,analogy,,"Analogy Task. Find the transformation rule in the Example and apply it to the Test.
Example: 0-4-1 transforms to 1-4-0
Test: L-E-S transforms to?
Question: Choose the correct transformation.","{""A"": ""S-E-L"", ""B"": ""L-E-S""}",A
Struct Bench v1,99,abstract_5306,abstraction,,"Identify the pattern and complete the sequence:
Sequence: I I K K I I K [MASK]
Question: Which symbol should fill the [MASK]?","{""A"": ""K"", ""B"": ""I""}",A
Struct Bench v1,100,analogy_2794,analogy,,"Analogy Task. Find the transformation rule in the Example and apply it to the Test.
Example: 8-2-1 transforms to 1-2-8
Test: O-Z-U transforms to?
Question: Choose the correct transformation.","{""A"": ""O-Z-U"", ""B"": ""U-Z-O""}",B
Struct Bench v1,101,legality_6273,legality,,"Rule: In this sequence, the letter 'C' must always be followed immediately by 'G'.
Sequence: C G 5 9 C G 7 2 C G 7 6 C G 5
Question: Is this sequence legal according to the rule?","{""A"": ""Yes"", ""B"": ""No""}",B
Struct Bench v1,102,legality_2282,legality,,"Rule: In this sequence, the letter 'H' must always be followed immediately by 'Z'.
Sequence: H Z 0 9 H Z H Z H Z 4 5 H Z H Z
Question: Is this sequence legal according to the rule?","{""A"": ""Yes"", ""B"": ""No""}",A
Struct Bench v1,103,legality_9628,legality,,"Rule: In this sequence, the letter 'W' must always be followed immediately by 'M'.
Sequence: W M 6 0 W M 6 2 W M W S
Question: Is this sequence legal according to the rule?","{""A"": ""Yes"", ""B"": ""No""}",B
Struct Bench v1,104,abstract_5835,abstraction,,"Identify the pattern and complete the sequence:
Sequence: Z A Z A Z [MASK]
Question: Which symbol should fill the [MASK]?","{""A"": ""A"", ""B"": ""Z""}",A
Struct Bench v1,105,abstract_6398,abstraction,,"Identify the pattern and complete the sequence:
Sequence: W G W G W G W [MASK]
Question: Which symbol should fill the [MASK]?","{""A"": ""G"", ""B"": ""W""}",A
Struct Bench v1,106,abstract_7221,abstraction,,"Identify the pattern and complete the sequence:
Sequence: 8 6 & 6 [MASK]
Question: Which symbol should fill the [MASK]?","{""A"": ""8"", ""B"": ""6""}",A
Struct Bench v1,107,legality_1823,legality,,"Rule: In this sequence, the letter 'D' must always be followed immediately by 'F'.
Sequence: D F D F D F D F 8 9 D F D
Question: Is this sequence legal according to the rule?","{""A"": ""Yes"", ""B"": ""No""}",B
Struct Bench v1,108,legality_8170,legality,,"Rule: In this sequence, the letter 'N' must always be followed immediately by 'R'.
Sequence: N R N R N R N R N R
Question: Is this sequence legal according to the rule?","{""A"": ""Yes"", ""B"": ""No""}",A
Struct Bench v1,109,legality_7448,legality,,"Rule: In this sequence, the letter 'V' must always be followed immediately by 'Q'.
Sequence: V Q V Q V Q
Question: Is this sequence legal according to the rule?","{""A"": ""Yes"", ""B"": ""No""}",A
Struct Bench v1,110,legality_8797,legality,,"Rule: In this sequence, the letter 'D' must always be followed immediately by 'M'.
Sequence: D M 4 2 D M D M 2 7
Question: Is this sequence legal according to the rule?","{""A"": ""Yes"", ""B"": ""No""}",A
Struct Bench v1,111,abstract_9302,abstraction,,"Identify the pattern and complete the sequence:
Sequence: 6 5 @ 5 [MASK]
Question: Which symbol should fill the [MASK]?","{""A"": ""6"", ""B"": ""5""}",A
Struct Bench v1,112,legality_3574,legality,,"Rule: In this sequence, the letter 'C' must always be followed immediately by 'E'.
Sequence: C E 7 9 C E C E C E 4 6 C
Question: Is this sequence legal according to the rule?","{""A"": ""Yes"", ""B"": ""No""}",B
Struct Bench v1,113,analogy_9393,analogy,,"Analogy Task. Find the transformation rule in the Example and apply it to the Test.
Example: 9-1-6 transforms to 6-1-9
Test: U-D-V transforms to?
Question: Choose the correct transformation.","{""A"": ""V-D-U"", ""B"": ""U-D-V""}",A
Struct Bench v1,114,analogy_5211,analogy,,"Analogy Task. Find the transformation rule in the Example and apply it to the Test.
Example: 4-7-0 transforms to 0-7-4
Test: B-K-J transforms to?
Question: Choose the correct transformation.","{""A"": ""J-K-B"", ""B"": ""B-K-J""}",A
Struct Bench v1,115,analogy_5612,analogy,,"Analogy Task. Find the transformation rule in the Example and apply it to the Test.
Example: 6-9-4 transforms to 4-9-6
Test: V-E-M transforms to?
Question: Choose the correct transformation.","{""A"": ""M-E-V"", ""B"": ""V-E-M""}",A
Struct Bench v1,116,analogy_8568,analogy,,"Analogy Task. Find the transformation rule in the Example and apply it to the Test.
Example: 1-9-7 transforms to 7-9-1
Test: L-Y-O transforms to?
Question: Choose the correct transformation.","{""A"": ""L-Y-O"", ""B"": ""O-Y-L""}",B
Struct Bench v1,117,abstract_9969,abstraction,,"Identify the pattern and complete the sequence:
Sequence: M M X X M M X X M M X [MASK]
Question: Which symbol should fill the [MASK]?","{""A"": ""X"", ""B"": ""M""}",A
Struct Bench v1,118,legality_3347,legality,,"Rule: In this sequence, the letter 'Y' must always be followed immediately by 'I'.
Sequence: Y I Y I 3 5 Y I 2 5 Y I 7 1 Y I Y I 7 6
Question: Is this sequence legal according to the rule?","{""A"": ""Yes"", ""B"": ""No""}",A
Struct Bench v1,119,legality_2553,legality,,"Rule: In this sequence, the letter 'W' must always be followed immediately by 'B'.
Sequence: W B W B W K
Question: Is this sequence legal according to the rule?","{""A"": ""Yes"", ""B"": ""No""}",B
Struct Bench v1,120,analogy_8638,analogy,,"Analogy Task. Find the transformation rule in the Example and apply it to the Test.
Example: 6-3-1 transforms to 1-3-6
Test: V-A-G transforms to?
Question: Choose the correct transformation.","{""A"": ""V-A-G"", ""B"": ""G-A-V""}",B
Struct Bench v1,121,legality_3295,legality,,"Rule: In this sequence, the letter 'L' must always be followed immediately by 'D'.
Sequence: L D L D 0 2 L D L D L D
Question: Is this sequence legal according to the rule?","{""A"": ""Yes"", ""B"": ""No""}",A
Struct Bench v1,122,analogy_7359,analogy,,"Analogy Task. Find the transformation rule in the Example and apply it to the Test.
Example: 6-4-2 transforms to 2-4-6
Test: J-R-D transforms to?
Question: Choose the correct transformation.","{""A"": ""D-R-J"", ""B"": ""J-R-D""}",A
Struct Bench v1,123,legality_1195,legality,,"Rule: In this sequence, the letter 'H' must always be followed immediately by 'R'.
Sequence: H R 0 1 H R 5 0 H R
Question: Is this sequence legal according to the rule?","{""A"": ""Yes"", ""B"": ""No""}",A
Struct Bench v1,124,analogy_7783,analogy,,"Analogy Task. Find the transformation rule in the Example and apply it to the Test.
Example: 6-8-9 transforms to 9-8-6
Test: V-D-L transforms to?
Question: Choose the correct transformation.","{""A"": ""L-D-V"", ""B"": ""V-D-L""}",A
Struct Bench v1,125,analogy_3276,analogy,,"Analogy Task. Find the transformation rule in the Example and apply it to the Test.
Example: 0-6-8 transforms to 8-6-0
Test: Q-L-V transforms to?
Question: Choose the correct transformation.","{""A"": ""Q-L-V"", ""B"": ""V-L-Q""}",B
Struct Bench v1,126,legality_6619,legality,,"Rule: In this sequence, the letter 'Q' must always be followed immediately by 'B'.
Sequence: Q B Q B Q B Q B
Question: Is this sequence legal according to the rule?","{""A"": ""Yes"", ""B"": ""No""}",A
Struct Bench v1,127,legality_7580,legality,,"Rule: In this sequence, the letter 'H' must always be followed immediately by 'A'.
Sequence: H A H A H A H
Question: Is this sequence legal according to the rule?","{""A"": ""Yes"", ""B"": ""No""}",B
Struct Bench v1,128,legality_9369,legality,,"Rule: In this sequence, the letter 'X' must always be followed immediately by 'V'.
Sequence: X V 6 7 X V 8 2 X V 6 1 X V 6 9
Question: Is this sequence legal according to the rule?","{""A"": ""Yes"", ""B"": ""No""}",A
Struct Bench v1,129,analogy_3216,analogy,,"Analogy Task. Find the transformation rule in the Example and apply it to the Test.
Example: 2-0-6 transforms to 6-0-2
Test: Y-Z-X transforms to?
Question: Choose the correct transformation.","{""A"": ""X-Z-Y"", ""B"": ""Y-Z-X""}",A
Struct Bench v1,130,abstract_5704,abstraction,,"Identify the pattern and complete the sequence:
Sequence: 8 6 * 6 [MASK]
Question: Which symbol should fill the [MASK]?","{""A"": ""8"", ""B"": ""6""}",A
Struct Bench v1,131,analogy_8483,analogy,,"Analogy Task. Find the transformation rule in the Example and apply it to the Test.
Example: 5-0-6 transforms to 6-0-5
Test: A-Q-S transforms to?
Question: Choose the correct transformation.","{""A"": ""A-Q-S"", ""B"": ""S-Q-A""}",B
Struct Bench v1,132,legality_7100,legality,,"Rule: In this sequence, the letter 'C' must always be followed immediately by 'D'.
Sequence: C D C D 0 7 C D 1 8 C D 8 7 C D 1 6 C
Question: Is this sequence legal according to the rule?","{""A"": ""Yes"", ""B"": ""No""}",B
Struct Bench v1,133,abstract_6955,abstraction,,"Identify the pattern and complete the sequence:
Sequence: I Y I Y I [MASK]
Question: Which symbol should fill the [MASK]?","{""A"": ""Y"", ""B"": ""I""}",A
Struct Bench v1,134,abstract_2759,abstraction,,"Identify the pattern and complete the sequence:
Sequence: Z Z E E Z Z E [MASK]
Question: Which symbol should fill the [MASK]?","{""A"": ""E"", ""B"": ""Z""}",A
Struct Bench v1,135,analogy_3617,analogy,,"Analogy Task. Find the transformation rule in the Example and apply it to the Test.
Example: 7-4-1 transforms to 1-4-7
Test: F-I-E transforms to?
Question: Choose the correct transformation.","{""A"": ""F-I-E"", ""B"": ""E-I-F""}",B
Struct Bench v1,136,abstract_7371,abstraction,,"Identify the pattern and complete the sequence:
Sequence: A A G G A A G G A A G [MASK]
Question: Which symbol should fill the [MASK]?","{""A"": ""G"", ""B"": ""A""}",A
Struct Bench v1,137,abstract_2038,abstraction,,"Identify the pattern and complete the sequence:
Sequence: 5 1 @ 1 [MASK]
Question: Which symbol should fill the [MASK]?","{""A"": ""5"", ""B"": ""1""}",A
Struct Bench v1,138,analogy_1708,analogy,,"Analogy Task. Find the transformation rule in the Example and apply it to the Test.
Example: 7-0-9 transforms to 9-0-7
Test: R-X-D transforms to?
Question: Choose the correct transformation.","{""A"": ""D-X-R"", ""B"": ""R-X-D""}",A
Struct Bench v1,139,legality_6450,legality,,"Rule: In this sequence, the letter 'J' must always be followed immediately by 'G'.
Sequence: J G 8 9 J G J G
Question: Is this sequence legal according to the rule?","{""A"": ""Yes"", ""B"": ""No""}",A
Struct Bench v1,140,abstract_6991,abstraction,,"Identify the pattern and complete the sequence:
Sequence: 3 5 * 5 [MASK]
Question: Which symbol should fill the [MASK]?","{""A"": ""3"", ""B"": ""5""}",A
Struct Bench v1,141,abstract_6964,abstraction,,"Identify the pattern and complete the sequence:
Sequence: 8 4 @ 4 [MASK]
Question: Which symbol should fill the [MASK]?","{""A"": ""8"", ""B"": ""4""}",A
Struct Bench v1,142,analogy_8808,analogy,,"Analogy Task. Find the transformation rule in the Example and apply it to the Test.
Example: 7-3-1 transforms to 1-3-7
Test: G-Q-J transforms to?
Question: Choose the correct transformation.","{""A"": ""G-Q-J"", ""B"": ""J-Q-G""}",B
Struct Bench v1,143,legality_9501,legality,,"Rule: In this sequence, the letter 'T' must always be followed immediately by 'X'.
Sequence: T X T X T X 8
Question: Is this sequence legal according to the rule?","{""A"": ""Yes"", ""B"": ""No""}",B
Struct Bench v1,144,abstract_4196,abstraction,,"Identify the pattern and complete the sequence:
Sequence: O S O S O [MASK]
Question: Which symbol should fill the [MASK]?","{""A"": ""S"", ""B"": ""O""}",A
Struct Bench v1,145,legality_1483,legality,,"Rule: In this sequence, the letter 'O' must always be followed immediately by 'Z'.
Sequence: O Z O Z 6 4 O Z 5 E
Question: Is this sequence legal according to the rule?","{""A"": ""Yes"", ""B"": ""No""}",B
Struct Bench v1,146,analogy_4575,analogy,,"Analogy Task. Find the transformation rule in the Example and apply it to the Test.
Example: 9-1-8 transforms to 8-1-9
Test: G-D-Q transforms to?
Question: Choose the correct transformation.","{""A"": ""Q-D-G"", ""B"": ""G-D-Q""}",A
Struct Bench v1,147,legality_7332,legality,,"Rule: In this sequence, the letter 'I' must always be followed immediately by 'W'.
Sequence: I W I W 5 1 I W 5
Question: Is this sequence legal according to the rule?","{""A"": ""Yes"", ""B"": ""No""}",B
Struct Bench v1,148,abstract_7971,abstraction,,"Identify the pattern and complete the sequence:
Sequence: T T L L T T L [MASK]
Question: Which symbol should fill the [MASK]?","{""A"": ""L"", ""B"": ""T""}",A
Struct Bench v1,149,analogy_6123,analogy,,"Analogy Task. Find the transformation rule in the Example and apply it to the Test.
Example: 7-5-8 transforms to 8-5-7
Test: S-I-F transforms to?
Question: Choose the correct transformation.","{""A"": ""S-I-F"", ""B"": ""F-I-S""}",B
Struct Bench v1,150,abstract_8961,abstraction,,"Identify the pattern and complete the sequence:
Sequence: 0 9 % 9 [MASK]
Question: Which symbol should fill the [MASK]?","{""A"": ""0"", ""B"": ""9""}",A
Struct Bench v1,151,legality_1794,legality,,"Rule: In this sequence, the letter 'C' must always be followed immediately by 'V'.
Sequence: C V 1 0 C V 0 9 C V 6 8 C V 2 5 C V 1 2
Question: Is this sequence legal according to the rule?","{""A"": ""Yes"", ""B"": ""No""}",A
Struct Bench v1,152,analogy_8533,analogy,,"Analogy Task. Find the transformation rule in the Example and apply it to the Test.
Example: 7-0-8 transforms to 8-0-7
Test: H-X-E transforms to?
Question: Choose the correct transformation.","{""A"": ""E-X-H"", ""B"": ""H-X-E""}",A
Struct Bench v1,153,analogy_7927,analogy,,"Analogy Task. Find the transformation rule in the Example and apply it to the Test.
Example: 9-2-4 transforms to 4-2-9
Test: V-P-T transforms to?
Question: Choose the correct transformation.","{""A"": ""V-P-T"", ""B"": ""T-P-V""}",B
Struct Bench v1,154,abstract_5990,abstraction,,"Identify the pattern and complete the sequence:
Sequence: 7 4 @ 4 [MASK]
Question: Which symbol should fill the [MASK]?","{""A"": ""7"", ""B"": ""4""}",A
Struct Bench v1,155,analogy_4309,analogy,,"Analogy Task. Find the transformation rule in the Example and apply it to the Test.
Example: 5-3-8 transforms to 8-3-5
Test: L-W-G transforms to?
Question: Choose the correct transformation.","{""A"": ""L-W-G"", ""B"": ""G-W-L""}",B
Struct Bench v1,156,analogy_1397,analogy,,"Analogy Task. Find the transformation rule in the Example and apply it to the Test.
Example: 4-5-7 transforms to 7-5-4
Test: B-L-N transforms to?
Question: Choose the correct transformation.","{""A"": ""N-L-B"", ""B"": ""B-L-N""}",A
Struct Bench v1,157,legality_6224,legality,,"Rule: In this sequence, the letter 'I' must always be followed immediately by 'D'.
Sequence: I D 2 4 I D 9 4 I D 5 1 I D I D I D 9 H
Question: Is this sequence legal according to the rule?","{""A"": ""Yes"", ""B"": ""No""}",B
Struct Bench v1,158,analogy_5719,analogy,,"Analogy Task. Find the transformation rule in the Example and apply it to the Test.
Example: 2-5-9 transforms to 9-5-2
Test: S-K-Z transforms to?
Question: Choose the correct transformation.","{""A"": ""Z-K-S"", ""B"": ""S-K-Z""}",A
Struct Bench v1,159,abstract_7073,abstraction,,"Identify the pattern and complete the sequence:
Sequence: G G C C G G C C G G C [MASK]
Question: Which symbol should fill the [MASK]?","{""A"": ""C"", ""B"": ""G""}",A
Struct Bench v1,160,abstract_6716,abstraction,,"Identify the pattern and complete the sequence:
Sequence: 0 3 $ 3 [MASK]
Question: Which symbol should fill the [MASK]?","{""A"": ""0"", ""B"": ""3""}",A
Struct Bench v1,161,legality_5306,legality,,"Rule: In this sequence, the letter 'Y' must always be followed immediately by 'O'.
Sequence: Y O 2 0 Y O Y O 3 6
Question: Is this sequence legal according to the rule?","{""A"": ""Yes"", ""B"": ""No""}",A
Struct Bench v1,162,abstract_3552,abstraction,,"Identify the pattern and complete the sequence:
Sequence: A K A K A K A K A [MASK]
Question: Which symbol should fill the [MASK]?","{""A"": ""K"", ""B"": ""A""}",A
Struct Bench v1,163,analogy_6273,analogy,,"Analogy Task. Find the transformation rule in the Example and apply it to the Test.
Example: 1-3-9 transforms to 9-3-1
Test: I-X-T transforms to?
Question: Choose the correct transformation.","{""A"": ""T-X-I"", ""B"": ""I-X-T""}",A
Struct Bench v1,164,analogy_9091,analogy,,"Analogy Task. Find the transformation rule in the Example and apply it to the Test.
Example: 2-7-4 transforms to 4-7-2
Test: U-O-D transforms to?
Question: Choose the correct transformation.","{""A"": ""D-O-U"", ""B"": ""U-O-D""}",A
Struct Bench v1,165,abstract_1069,abstraction,,"Identify the pattern and complete the sequence:
Sequence: 3 6 $ 6 [MASK]
Question: Which symbol should fill the [MASK]?","{""A"": ""3"", ""B"": ""6""}",A
Struct Bench v1,166,legality_5785,legality,,"Rule: In this sequence, the letter 'T' must always be followed immediately by 'S'.
Sequence: T S T S T S T S T S
Question: Is this sequence legal according to the rule?","{""A"": ""Yes"", ""B"": ""No""}",A
Struct Bench v1,167,legality_3197,legality,,"Rule: In this sequence, the letter 'I' must always be followed immediately by 'J'.
Sequence: I J 0 1 I J 0 9 I J I J I J
Question: Is this sequence legal according to the rule?","{""A"": ""Yes"", ""B"": ""No""}",A
Struct Bench v1,168,analogy_4628,analogy,,"Analogy Task. Find the transformation rule in the Example and apply it to the Test.
Example: 2-6-1 transforms to 1-6-2
Test: M-D-S transforms to?
Question: Choose the correct transformation.","{""A"": ""M-D-S"", ""B"": ""S-D-M""}",B
Struct Bench v1,169,legality_8249,legality,,"Rule: In this sequence, the letter 'F' must always be followed immediately by 'S'.
Sequence: F S 9 6 F S 3 9 F S 3 8
Question: Is this sequence legal according to the rule?","{""A"": ""Yes"", ""B"": ""No""}",A
Struct Bench v1,170,analogy_1242,analogy,,"Analogy Task. Find the transformation rule in the Example and apply it to the Test.
Example: 4-1-2 transforms to 2-1-4
Test: F-E-A transforms to?
Question: Choose the correct transformation.","{""A"": ""F-E-A"", ""B"": ""A-E-F""}",B
Struct Bench v1,171,abstract_9780,abstraction,,"Identify the pattern and complete the sequence:
Sequence: 5 2 $ 2 [MASK]
Question: Which symbol should fill the [MASK]?","{""A"": ""5"", ""B"": ""2""}",A
Struct Bench v1,172,analogy_8185,analogy,,"Analogy Task. Find the transformation rule in the Example and apply it to the Test.
Example: 3-8-7 transforms to 7-8-3
Test: W-N-Y transforms to?
Question: Choose the correct transformation.","{""A"": ""Y-N-W"", ""B"": ""W-N-Y""}",A
Struct Bench v1,173,analogy_9989,analogy,,"Analogy Task. Find the transformation rule in the Example and apply it to the Test.
Example: 0-2-9 transforms to 9-2-0
Test: T-N-E transforms to?
Question: Choose the correct transformation.","{""A"": ""E-N-T"", ""B"": ""T-N-E""}",A
Struct Bench v1,174,legality_7515,legality,,"Rule: In this sequence, the letter 'Y' must always be followed immediately by 'H'.
Sequence: Y H Y H Y H Y H 4 7 Y H Y
Question: Is this sequence legal according to the rule?","{""A"": ""Yes"", ""B"": ""No""}",B
Struct Bench v1,175,abstract_4354,abstraction,,"Identify the pattern and complete the sequence:
Sequence: Y M Y M Y M Y [MASK]
Question: Which symbol should fill the [MASK]?","{""A"": ""M"", ""B"": ""Y""}",A
Struct Bench v1,176,analogy_5255,analogy,,"Analogy Task. Find the transformation rule in the Example and apply it to the Test.
Example: 2-7-8 transforms to 8-7-2
Test: F-S-P transforms to?
Question: Choose the correct transformation.","{""A"": ""P-S-F"", ""B"": ""F-S-P""}",A
Struct Bench v1,177,analogy_6398,analogy,,"Analogy Task. Find the transformation rule in the Example and apply it to the Test.
Example: 2-0-5 transforms to 5-0-2
Test: X-Q-G transforms to?
Question: Choose the correct transformation.","{""A"": ""X-Q-G"", ""B"": ""G-Q-X""}",B
Struct Bench v1,178,abstract_5163,abstraction,,"Identify the pattern and complete the sequence:
Sequence: S S P P S S P P S S P [MASK]
Question: Which symbol should fill the [MASK]?","{""A"": ""P"", ""B"": ""S""}",A
Struct Bench v1,179,analogy_1385,analogy,,"Analogy Task. Find the transformation rule in the Example and apply it to the Test.
Example: 1-2-7 transforms to 7-2-1
Test: I-Y-C transforms to?
Question: Choose the correct transformation.","{""A"": ""I-Y-C"", ""B"": ""C-Y-I""}",B
Struct Bench v1,180,legality_6016,legality,,"Rule: In this sequence, the letter 'Q' must always be followed immediately by 'J'.
Sequence: Q J Q J 8 4 Q J Q J Q J 2 9
Question: Is this sequence legal according to the rule?","{""A"": ""Yes"", ""B"": ""No""}",A
Struct Bench v1,181,analogy_6770,analogy,,"Analogy Task. Find the transformation rule in the Example and apply it to the Test.
Example: 1-2-5 transforms to 5-2-1
Test: Z-Q-B transforms to?
Question: Choose the correct transformation.","{""A"": ""Z-Q-B"", ""B"": ""B-Q-Z""}",B
Struct Bench v1,182,legality_6476,legality,,"Rule: In this sequence, the letter 'I' must always be followed immediately by 'H'.
Sequence: I H I H I H 8 7 I H 2 9 I H 9
Question: Is this sequence legal according to the rule?","{""A"": ""Yes"", ""B"": ""No""}",B
Struct Bench v1,183,abstract_6314,abstraction,,"Identify the pattern and complete the sequence:
Sequence: F F H H F F H H F F H [MASK]
Question: Which symbol should fill the [MASK]?","{""A"": ""H"", ""B"": ""F""}",A
Struct Bench v1,184,legality_5325,legality,,"Rule: In this sequence, the letter 'U' must always be followed immediately by 'C'.
Sequence: U C 9 4 U C U V
Question: Is this sequence legal according to the rule?","{""A"": ""Yes"", ""B"": ""No""}",B
Struct Bench v1,185,analogy_3330,analogy,,"Analogy Task. Find the transformation rule in the Example and apply it to the Test.
Example: 3-0-9 transforms to 9-0-3
Test: Y-M-D transforms to?
Question: Choose the correct transformation.","{""A"": ""Y-M-D"", ""B"": ""D-M-Y""}",B
Struct Bench v1,186,legality_9211,legality,,"Rule: In this sequence, the letter 'Z' must always be followed immediately by 'T'.
Sequence: Z T Z T Z T
Question: Is this sequence legal according to the rule?","{""A"": ""Yes"", ""B"": ""No""}",A
Struct Bench v1,187,legality_1643,legality,,"Rule: In this sequence, the letter 'M' must always be followed immediately by 'U'.
Sequence: M U 1 5 M U M U 0 9
Question: Is this sequence legal according to the rule?","{""A"": ""Yes"", ""B"": ""No""}",A
Struct Bench v1,188,abstract_5016,abstraction,,"Identify the pattern and complete the sequence:
Sequence: D O D O D O D O D [MASK]
Question: Which symbol should fill the [MASK]?","{""A"": ""O"", ""B"": ""D""}",A
Struct Bench v1,189,analogy_3964,analogy,,"Analogy Task. Find the transformation rule in the Example and apply it to the Test.
Example: 1-6-7 transforms to 7-6-1
Test: X-U-N transforms to?
Question: Choose the correct transformation.","{""A"": ""N-U-X"", ""B"": ""X-U-N""}",A
Struct Bench v1,190,analogy_7947,analogy,,"Analogy Task. Find the transformation rule in the Example and apply it to the Test.
Example: 4-2-6 transforms to 6-2-4
Test: G-J-P transforms to?
Question: Choose the correct transformation.","{""A"": ""P-J-G"", ""B"": ""G-J-P""}",A
Struct Bench v1,191,analogy_3365,analogy,,"Analogy Task. Find the transformation rule in the Example and apply it to the Test.
Example: 8-4-7 transforms to 7-4-8
Test: E-G-J transforms to?
Question: Choose the correct transformation.","{""A"": ""E-G-J"", ""B"": ""J-G-E""}",B
Struct Bench v1,192,abstract_6282,abstraction,,"Identify the pattern and complete the sequence:
Sequence: 1 4 $ 4 [MASK]
Question: Which symbol should fill the [MASK]?","{""A"": ""1"", ""B"": ""4""}",A
Struct Bench v1,193,legality_8435,legality,,"Rule: In this sequence, the letter 'O' must always be followed immediately by 'N'.
Sequence: O N 9 8 O N 0 2 O N O N O N 9 5
Question: Is this sequence legal according to the rule?","{""A"": ""Yes"", ""B"": ""No""}",A
Struct Bench v1,194,analogy_5361,analogy,,"Analogy Task. Find the transformation rule in the Example and apply it to the Test.
Example: 7-0-2 transforms to 2-0-7
Test: L-F-G transforms to?
Question: Choose the correct transformation.","{""A"": ""L-F-G"", ""B"": ""G-F-L""}",B
Struct Bench v1,195,analogy_1579,analogy,,"Analogy Task. Find the transformation rule in the Example and apply it to the Test.
Example: 7-5-0 transforms to 0-5-7
Test: Q-U-N transforms to?
Question: Choose the correct transformation.","{""A"": ""N-U-Q"", ""B"": ""Q-U-N""}",A
Struct Bench v1,196,abstract_8873,abstraction,,"Identify the pattern and complete the sequence:
Sequence: T L T L T L T L T [MASK]
Question: Which symbol should fill the [MASK]?","{""A"": ""L"", ""B"": ""T""}",A
Struct Bench v1,197,abstract_9013,abstraction,,"Identify the pattern and complete the sequence:
Sequence: 8 7 @ 7 [MASK]
Question: Which symbol should fill the [MASK]?","{""A"": ""8"", ""B"": ""7""}",A
Struct Bench v1,198,legality_5163,legality,,"Rule: In this sequence, the letter 'V' must always be followed immediately by 'P'.
Sequence: V P 6 3 V P 4 8 V P 7 6 V P 3 0 V P 4 E
Question: Is this sequence legal according to the rule?","{""A"": ""Yes"", ""B"": ""No""}",B
Struct Bench v1,199,legality_6738,legality,,"Rule: In this sequence, the letter 'I' must always be followed immediately by 'R'.
Sequence: I R 1 9 I R I R 3 2 I R 1 8 I R 7 5 I R 8 Z
Question: Is this sequence legal according to the rule?","{""A"": ""Yes"", ""B"": ""No""}",B
Struct Bench v1,200,analogy_1034,analogy,,"Analogy Task. Find the transformation rule in the Example and apply it to the Test.
Example: 2-5-7 transforms to 7-5-2
Test: N-B-M transforms to?
Question: Choose the correct transformation.","{""A"": ""N-B-M"", ""B"": ""M-B-N""}",B
Struct Bench v1,201,legality_6897,legality,,"Rule: In this sequence, the letter 'C' must always be followed immediately by 'R'.
Sequence: C R 7 5 C R C R 4 D
Question: Is this sequence legal according to the rule?","{""A"": ""Yes"", ""B"": ""No""}",B
Struct Bench v1,202,abstract_1072,abstraction,,"Identify the pattern and complete the sequence:
Sequence: 6 1 @ 1 [MASK]
Question: Which symbol should fill the [MASK]?","{""A"": ""6"", ""B"": ""1""}",A
Struct Bench v1,203,legality_9976,legality,,"Rule: In this sequence, the letter 'K' must always be followed immediately by 'J'.
Sequence: K J K J 6 1 K J K J K J 2
Question: Is this sequence legal according to the rule?","{""A"": ""Yes"", ""B"": ""No""}",B
Struct Bench v1,204,analogy_1142,analogy,,"Analogy Task. Find the transformation rule in the Example and apply it to the Test.
Example: 8-9-0 transforms to 0-9-8
Test: H-O-K transforms to?
Question: Choose the correct transformation.","{""A"": ""K-O-H"", ""B"": ""H-O-K""}",A
Struct Bench v1,205,analogy_9698,analogy,,"Analogy Task. Find the transformation rule in the Example and apply it to the Test.
Example: 1-5-3 transforms to 3-5-1
Test: H-D-O transforms to?
Question: Choose the correct transformation.","{""A"": ""H-D-O"", ""B"": ""O-D-H""}",B
Struct Bench v1,206,analogy_1900,analogy,,"Analogy Task. Find the transformation rule in the Example and apply it to the Test.
Example: 4-3-7 transforms to 7-3-4
Test: T-C-E transforms to?
Question: Choose the correct transformation.","{""A"": ""E-C-T"", ""B"": ""T-C-E""}",A
Struct Bench v1,207,abstract_6586,abstraction,,"Identify the pattern and complete the sequence:
Sequence: G G W W G G W W G G W [MASK]
Question: Which symbol should fill the [MASK]?","{""A"": ""W"", ""B"": ""G""}",A
Struct Bench v1,208,analogy_2624,analogy,,"Analogy Task. Find the transformation rule in the Example and apply it to the Test.
Example: 3-6-5 transforms to 5-6-3
Test: W-K-Y transforms to?
Question: Choose the correct transformation.","{""A"": ""W-K-Y"", ""B"": ""Y-K-W""}",B
Struct Bench v1,209,analogy_5073,analogy,,"Analogy Task. Find the transformation rule in the Example and apply it to the Test.
Example: 5-0-9 transforms to 9-0-5
Test: X-T-C transforms to?
Question: Choose the correct transformation.","{""A"": ""X-T-C"", ""B"": ""C-T-X""}",B
Struct Bench v1,210,abstract_3113,abstraction,,"Identify the pattern and complete the sequence:
Sequence: 0 4 & 4 [MASK]
Question: Which symbol should fill the [MASK]?","{""A"": ""0"", ""B"": ""4""}",A
Struct Bench v1,211,analogy_6339,analogy,,"Analogy Task. Find the transformation rule in the Example and apply it to the Test.
Example: 4-0-7 transforms to 7-0-4
Test: H-X-I transforms to?
Question: Choose the correct transformation.","{""A"": ""H-X-I"", ""B"": ""I-X-H""}",B
Struct Bench v1,212,abstract_6748,abstraction,,"Identify the pattern and complete the sequence:
Sequence: J X J X J X J [MASK]
Question: Which symbol should fill the [MASK]?","{""A"": ""X"", ""B"": ""J""}",A
Struct Bench v1,213,analogy_5239,analogy,,"Analogy Task. Find the transformation rule in the Example and apply it to the Test.
Example: 0-9-1 transforms to 1-9-0
Test: P-N-T transforms to?
Question: Choose the correct transformation.","{""A"": ""P-N-T"", ""B"": ""T-N-P""}",B
Struct Bench v1,214,legality_6779,legality,,"Rule: In this sequence, the letter 'H' must always be followed immediately by 'J'.
Sequence: H J 1 3 H J 1 0 H J 6
Question: Is this sequence legal according to the rule?","{""A"": ""Yes"", ""B"": ""No""}",B
Struct Bench v1,215,legality_3205,legality,,"Rule: In this sequence, the letter 'F' must always be followed immediately by 'L'.
Sequence: F L F L 6 4 F L 1 5
Question: Is this sequence legal according to the rule?","{""A"": ""Yes"", ""B"": ""No""}",A
Struct Bench v1,216,abstract_5718,abstraction,,"Identify the pattern and complete the sequence:
Sequence: B F B F B [MASK]
Question: Which symbol should fill the [MASK]?","{""A"": ""F"", ""B"": ""B""}",A
Struct Bench v1,217,abstract_2691,abstraction,,"Identify the pattern and complete the sequence:
Sequence: W R W R W R W [MASK]
Question: Which symbol should fill the [MASK]?","{""A"": ""R"", ""B"": ""W""}",A
Struct Bench v1,218,abstract_5770,abstraction,,"Identify the pattern and complete the sequence:
Sequence: 8 9 # 9 [MASK]
Question: Which symbol should fill the [MASK]?","{""A"": ""8"", ""B"": ""9""}",A
Struct Bench v1,219,legality_2570,legality,,"Rule: In this sequence, the letter 'C' must always be followed immediately by 'J'.
Sequence: C J C J 1 6 C J 6 1 C J C J 9 7
Question: Is this sequence legal according to the rule?","{""A"": ""Yes"", ""B"": ""No""}",A
Struct Bench v1,220,legality_1616,legality,,"Rule: In this sequence, the letter 'S' must always be followed immediately by 'T'.
Sequence: S T S T 1 8 S T 2
Question: Is this sequence legal according to the rule?","{""A"": ""Yes"", ""B"": ""No""}",B
Struct Bench v1,221,abstract_4494,abstraction,,"Identify the pattern and complete the sequence:
Sequence: F T F T F T F [MASK]
Question: Which symbol should fill the [MASK]?","{""A"": ""T"", ""B"": ""F""}",A
Struct Bench v1,222,legality_3122,legality,,"Rule: In this sequence, the letter 'H' must always be followed immediately by 'W'.
Sequence: H W H W 7 3 H W H W
Question: Is this sequence legal according to the rule?","{""A"": ""Yes"", ""B"": ""No""}",A
Struct Bench v1,223,abstract_2832,abstraction,,"Identify the pattern and complete the sequence:
Sequence: 5 1 * 1 [MASK]
Question: Which symbol should fill the [MASK]?","{""A"": ""5"", ""B"": ""1""}",A
Struct Bench v1,224,legality_6139,legality,,"Rule: In this sequence, the letter 'A' must always be followed immediately by 'Y'.
Sequence: A Y A Y A Y A Y A Y A
Question: Is this sequence legal according to the rule?","{""A"": ""Yes"", ""B"": ""No""}",B
Struct Bench v1,225,abstract_3481,abstraction,,"Identify the pattern and complete the sequence:
Sequence: D D R R D D R [MASK]
Question: Which symbol should fill the [MASK]?","{""A"": ""R"", ""B"": ""D""}",A
Struct Bench v1,226,legality_3009,legality,,"Rule: In this sequence, the letter 'J' must always be followed immediately by 'G'.
Sequence: J G J G J G 8 9 J G 1 2 J
Question: Is this sequence legal according to the rule?","{""A"": ""Yes"", ""B"": ""No""}",B
Struct Bench v1,227,analogy_9423,analogy,,"Analogy Task. Find the transformation rule in the Example and apply it to the Test.
Example: 0-3-6 transforms to 6-3-0
Test: J-H-Q transforms to?
Question: Choose the correct transformation.","{""A"": ""J-H-Q"", ""B"": ""Q-H-J""}",B
Struct Bench v1,228,analogy_1288,analogy,,"Analogy Task. Find the transformation rule in the Example and apply it to the Test.
Example: 7-1-0 transforms to 0-1-7
Test: Y-Z-N transforms to?
Question: Choose the correct transformation.","{""A"": ""N-Z-Y"", ""B"": ""Y-Z-N""}",A
Struct Bench v1,229,legality_3619,legality,,"Rule: In this sequence, the letter 'N' must always be followed immediately by 'L'.
Sequence: N L 5 6 N L 3 6 N L 3 7 N L N
Question: Is this sequence legal according to the rule?","{""A"": ""Yes"", ""B"": ""No""}",B
Struct Bench v1,230,analogy_4758,analogy,,"Analogy Task. Find the transformation rule in the Example and apply it to the Test.
Example: 6-2-7 transforms to 7-2-6
Test: O-T-B transforms to?
Question: Choose the correct transformation.","{""A"": ""O-T-B"", ""B"": ""B-T-O""}",B
Struct Bench v1,231,analogy_4965,analogy,,"Analogy Task. Find the transformation rule in the Example and apply it to the Test.
Example: 3-7-8 transforms to 8-7-3
Test: D-U-P transforms to?
Question: Choose the correct transformation.","{""A"": ""P-U-D"", ""B"": ""D-U-P""}",A
Struct Bench v1,232,legality_9109,legality,,"Rule: In this sequence, the letter 'M' must always be followed immediately by 'U'.
Sequence: M U 2 3 M U M U 7 0 M U 9
Question: Is this sequence legal according to the rule?","{""A"": ""Yes"", ""B"": ""No""}",B
Struct Bench v1,233,legality_5484,legality,,"Rule: In this sequence, the letter 'S' must always be followed immediately by 'V'.
Sequence: S V S V 5 9 S V 4 8 S V S V 3 1 S
Question: Is this sequence legal according to the rule?","{""A"": ""Yes"", ""B"": ""No""}",B
Struct Bench v1,234,abstract_6891,abstraction,,"Identify the pattern and complete the sequence:
Sequence: 6 2 & 2 [MASK]
Question: Which symbol should fill the [MASK]?","{""A"": ""6"", ""B"": ""2""}",A
Struct Bench v1,235,analogy_4001,analogy,,"Analogy Task. Find the transformation rule in the Example and apply it to the Test.
Example: 0-6-2 transforms to 2-6-0
Test: W-O-C transforms to?
Question: Choose the correct transformation.","{""A"": ""W-O-C"", ""B"": ""C-O-W""}",B
Struct Bench v1,236,abstract_5383,abstraction,,"Identify the pattern and complete the sequence:
Sequence: K K B B K K B [MASK]
Question: Which symbol should fill the [MASK]?","{""A"": ""B"", ""B"": ""K""}",A
Struct Bench v1,237,analogy_9915,analogy,,"Analogy Task. Find the transformation rule in the Example and apply it to the Test.
Example: 6-0-9 transforms to 9-0-6
Test: T-M-S transforms to?
Question: Choose the correct transformation.","{""A"": ""S-M-T"", ""B"": ""T-M-S""}",A
Struct Bench v1,238,abstract_5389,abstraction,,"Identify the pattern and complete the sequence:
Sequence: J F J F J F J [MASK]
Question: Which symbol should fill the [MASK]?","{""A"": ""F"", ""B"": ""J""}",A
Struct Bench v1,239,legality_4434,legality,,"Rule: In this sequence, the letter 'K' must always be followed immediately by 'Q'.
Sequence: K Q 2 5 K Q K Q 8 2 K Q 0 6 K Q K Q 0
Question: Is this sequence legal according to the rule?","{""A"": ""Yes"", ""B"": ""No""}",B
Struct Bench v1,240,legality_5803,legality,,"Rule: In this sequence, the letter 'W' must always be followed immediately by 'U'.
Sequence: W U 5 4 W U W U 4 J
Question: Is this sequence legal according to the rule?","{""A"": ""Yes"", ""B"": ""No""}",B
Struct Bench v1,241,legality_1055,legality,,"Rule: In this sequence, the letter 'O' must always be followed immediately by 'C'.
Sequence: O C O C O C 5 2 O C 8 2 O C O C
Question: Is this sequence legal according to the rule?","{""A"": ""Yes"", ""B"": ""No""}",A
Struct Bench v1,242,legality_6390,legality,,"Rule: In this sequence, the letter 'S' must always be followed immediately by 'R'.
Sequence: S R 1 3 S R S R 0 7 S R 9 4 S R 4 3
Question: Is this sequence legal according to the rule?","{""A"": ""Yes"", ""B"": ""No""}",A
Struct Bench v1,243,analogy_8848,analogy,,"Analogy Task. Find the transformation rule in the Example and apply it to the Test.
Example: 6-8-7 transforms to 7-8-6
Test: Q-X-B transforms to?
Question: Choose the correct transformation.","{""A"": ""B-X-Q"", ""B"": ""Q-X-B""}",A
Struct Bench v1,244,legality_6460,legality,,"Rule: In this sequence, the letter 'C' must always be followed immediately by 'V'.
Sequence: C V C V C V C V 5 8
Question: Is this sequence legal according to the rule?","{""A"": ""Yes"", ""B"": ""No""}",A
Struct Bench v1,245,abstract_7830,abstraction,,"Identify the pattern and complete the sequence:
Sequence: Z Z V V Z Z V V Z Z V [MASK]
Question: Which symbol should fill the [MASK]?","{""A"": ""V"", ""B"": ""Z""}",A
Struct Bench v1,246,abstract_9556,abstraction,,"Identify the pattern and complete the sequence:
Sequence: 2 0 $ 0 [MASK]
Question: Which symbol should fill the [MASK]?","{""A"": ""2"", ""B"": ""0""}",A
Struct Bench v1,247,abstract_6523,abstraction,,"Identify the pattern and complete the sequence:
Sequence: Z Z Q Q Z Z Q Q Z Z Q [MASK]
Question: Which symbol should fill the [MASK]?","{""A"": ""Q"", ""B"": ""Z""}",A
Struct Bench v1,248,legality_2941,legality,,"Rule: In this sequence, the letter 'M' must always be followed immediately by 'L'.
Sequence: M L 0 1 M L 3 0 M L 0 H
Question: Is this sequence legal according to the rule?","{""A"": ""Yes"", ""B"": ""No""}",B
Struct Bench v1,249,abstract_9635,abstraction,,"Identify the pattern and complete the sequence:
Sequence: X J X J X [MASK]
Question: Which symbol should fill the [MASK]?","{""A"": ""J"", ""B"": ""X""}",A
Struct Bench v1,250,abstract_5976,abstraction,,"Identify the pattern and complete the sequence:
Sequence: W E W E W E W [MASK]
Question: Which symbol should fill the [MASK]?","{""A"": ""E"", ""B"": ""W""}",A
Struct Bench v1,251,abstract_9658,abstraction,,"Identify the pattern and complete the sequence:
Sequence: Z Z N N Z Z N N Z Z N [MASK]
Question: Which symbol should fill the [MASK]?","{""A"": ""N"", ""B"": ""Z""}",A
Struct Bench v1,252,analogy_7227,analogy,,"Analogy Task. Find the transformation rule in the Example and apply it to the Test.
Example: 8-0-9 transforms to 9-0-8
Test: T-U-E transforms to?
Question: Choose the correct transformation.","{""A"": ""E-U-T"", ""B"": ""T-U-E""}",A
Struct Bench v1,253,abstract_5119,abstraction,,"Identify the pattern and complete the sequence:
Sequence: A A K K A A K [MASK]
Question: Which symbol should fill the [MASK]?","{""A"": ""K"", ""B"": ""A""}",A
Struct Bench v1,254,legality_8537,legality,,"Rule: In this sequence, the letter 'Q' must always be followed immediately by 'L'.
Sequence: Q L Q L Q L Q
Question: Is this sequence legal according to the rule?","{""A"": ""Yes"", ""B"": ""No""}",B
Struct Bench v1,255,abstract_3942,abstraction,,"Identify the pattern and complete the sequence:
Sequence: 7 4 * 4 [MASK]
Question: Which symbol should fill the [MASK]?","{""A"": ""7"", ""B"": ""4""}",A
Struct Bench v1,256,analogy_6444,analogy,,"Analogy Task. Find the transformation rule in the Example and apply it to the Test.
Example: 3-0-5 transforms to 5-0-3
Test: F-A-R transforms to?
Question: Choose the correct transformation.","{""A"": ""R-A-F"", ""B"": ""F-A-R""}",A
Struct Bench v1,257,abstract_7650,abstraction,,"Identify the pattern and complete the sequence:
Sequence: T T R R T T R R T T R [MASK]
Question: Which symbol should fill the [MASK]?","{""A"": ""R"", ""B"": ""T""}",A
Struct Bench v1,258,legality_6969,legality,,"Rule: In this sequence, the letter 'R' must always be followed immediately by 'G'.
Sequence: R G 7 2 R G R G R G R G 9
Question: Is this sequence legal according to the rule?","{""A"": ""Yes"", ""B"": ""No""}",B
Struct Bench v1,259,analogy_6664,analogy,,"Analogy Task. Find the transformation rule in the Example and apply it to the Test.
Example: 8-3-4 transforms to 4-3-8
Test: R-O-C transforms to?
Question: Choose the correct transformation.","{""A"": ""R-O-C"", ""B"": ""C-O-R""}",B
Struct Bench v1,260,analogy_6957,analogy,,"Analogy Task. Find the transformation rule in the Example and apply it to the Test.
Example: 3-4-8 transforms to 8-4-3
Test: W-R-G transforms to?
Question: Choose the correct transformation.","{""A"": ""G-R-W"", ""B"": ""W-R-G""}",A
Struct Bench v1,261,analogy_1574,analogy,,"Analogy Task. Find the transformation rule in the Example and apply it to the Test.
Example: 0-7-9 transforms to 9-7-0
Test: V-Z-J transforms to?
Question: Choose the correct transformation.","{""A"": ""J-Z-V"", ""B"": ""V-Z-J""}",A
Struct Bench v1,262,legality_8510,legality,,"Rule: In this sequence, the letter 'A' must always be followed immediately by 'U'.
Sequence: A U 1 9 A U A U 5 6
Question: Is this sequence legal according to the rule?","{""A"": ""Yes"", ""B"": ""No""}",A
Struct Bench v1,263,analogy_1811,analogy,,"Analogy Task. Find the transformation rule in the Example and apply it to the Test.
Example: 2-6-0 transforms to 0-6-2
Test: N-K-S transforms to?
Question: Choose the correct transformation.","{""A"": ""N-K-S"", ""B"": ""S-K-N""}",B
Struct Bench v1,264,abstract_1713,abstraction,,"Identify the pattern and complete the sequence:
Sequence: D D I I D D I I D D I [MASK]
Question: Which symbol should fill the [MASK]?","{""A"": ""I"", ""B"": ""D""}",A
Struct Bench v1,265,abstract_2444,abstraction,,"Identify the pattern and complete the sequence:
Sequence: D W D W D [MASK]
Question: Which symbol should fill the [MASK]?","{""A"": ""W"", ""B"": ""D""}",A
Struct Bench v1,266,analogy_4107,analogy,,"Analogy Task. Find the transformation rule in the Example and apply it to the Test.
Example: 2-7-3 transforms to 3-7-2
Test: X-F-D transforms to?
Question: Choose the correct transformation.","{""A"": ""D-F-X"", ""B"": ""X-F-D""}",A
Struct Bench v1,267,legality_8406,legality,,"Rule: In this sequence, the letter 'S' must always be followed immediately by 'T'.
Sequence: S T 1 5 S T S
Question: Is this sequence legal according to the rule?","{""A"": ""Yes"", ""B"": ""No""}",B
Struct Bench v1,268,abstract_5948,abstraction,,"Identify the pattern and complete the sequence:
Sequence: G O G O G O G O G [MASK]
Question: Which symbol should fill the [MASK]?","{""A"": ""O"", ""B"": ""G""}",A
Struct Bench v1,269,analogy_1280,analogy,,"Analogy Task. Find the transformation rule in the Example and apply it to the Test.
Example: 0-7-9 transforms to 9-7-0
Test: L-J-F transforms to?
Question: Choose the correct transformation.","{""A"": ""L-J-F"", ""B"": ""F-J-L""}",B
Struct Bench v1,270,abstract_6784,abstraction,,"Identify the pattern and complete the sequence:
Sequence: T T Q Q T T Q [MASK]
Question: Which symbol should fill the [MASK]?","{""A"": ""Q"", ""B"": ""T""}",A
Struct Bench v1,271,legality_8105,legality,,"Rule: In this sequence, the letter 'J' must always be followed immediately by 'S'.
Sequence: J S 1 0 J S J S 2 9 J S 5 7 J S 1 9
Question: Is this sequence legal according to the rule?","{""A"": ""Yes"", ""B"": ""No""}",A
Struct Bench v1,272,abstract_4409,abstraction,,"Identify the pattern and complete the sequence:
Sequence: V X V X V X V X V [MASK]
Question: Which symbol should fill the [MASK]?","{""A"": ""X"", ""B"": ""V""}",A
Struct Bench v1,273,abstract_7567,abstraction,,"Identify the pattern and complete the sequence:
Sequence: T T G G T T G G T T G [MASK]
Question: Which symbol should fill the [MASK]?","{""A"": ""G"", ""B"": ""T""}",A
Struct Bench v1,274,abstract_5071,abstraction,,"Identify the pattern and complete the sequence:
Sequence: H H J J H H J J H H J [MASK]
Question: Which symbol should fill the [MASK]?","{""A"": ""J"", ""B"": ""H""}",A
Struct Bench v1,275,abstract_9789,abstraction,,"Identify the pattern and complete the sequence:
Sequence: 9 0 * 0 [MASK]
Question: Which symbol should fill the [MASK]?","{""A"": ""9"", ""B"": ""0""}",A
Struct Bench v1,276,legality_4833,legality,,"Rule: In this sequence, the letter 'Z' must always be followed immediately by 'S'.
Sequence: Z S Z S Z S 0 1 Z S 5 0 Z S 1 8 Z S 3 4
Question: Is this sequence legal according to the rule?","{""A"": ""Yes"", ""B"": ""No""}",A
Struct Bench v1,277,legality_9475,legality,,"Rule: In this sequence, the letter 'S' must always be followed immediately by 'D'.
Sequence: S D S D S D S D S D
Question: Is this sequence legal according to the rule?","{""A"": ""Yes"", ""B"": ""No""}",A
Struct Bench v1,278,abstract_7995,abstraction,,"Identify the pattern and complete the sequence:
Sequence: W W Z Z W W Z [MASK]
Question: Which symbol should fill the [MASK]?","{""A"": ""Z"", ""B"": ""W""}",A
Struct Bench v1,279,abstract_5836,abstraction,,"Identify the pattern and complete the sequence:
Sequence: C C S S C C S [MASK]
Question: Which symbol should fill the [MASK]?","{""A"": ""S"", ""B"": ""C""}",A
Struct Bench v1,280,legality_5507,legality,,"Rule: In this sequence, the letter 'R' must always be followed immediately by 'A'.
Sequence: R A 1 0 R A R A R A 8 1 R A R A
Question: Is this sequence legal according to the rule?","{""A"": ""Yes"", ""B"": ""No""}",A
Struct Bench v1,281,legality_7606,legality,,"Rule: In this sequence, the letter 'W' must always be followed immediately by 'D'.
Sequence: W D 1 4 W D 7 0 W D 4 V
Question: Is this sequence legal according to the rule?","{""A"": ""Yes"", ""B"": ""No""}",B
Struct Bench v1,282,abstract_2490,abstraction,,"Identify the pattern and complete the sequence:
Sequence: 8 5 % 5 [MASK]
Question: Which symbol should fill the [MASK]?","{""A"": ""8"", ""B"": ""5""}",A
Struct Bench v1,283,analogy_8287,analogy,,"Analogy Task. Find the transformation rule in the Example and apply it to the Test.
Example: 0-1-5 transforms to 5-1-0
Test: S-B-Q transforms to?
Question: Choose the correct transformation.","{""A"": ""S-B-Q"", ""B"": ""Q-B-S""}",B
Struct Bench v1,284,analogy_6230,analogy,,"Analogy Task. Find the transformation rule in the Example and apply it to the Test.
Example: 3-2-5 transforms to 5-2-3
Test: O-H-S transforms to?
Question: Choose the correct transformation.","{""A"": ""O-H-S"", ""B"": ""S-H-O""}",B
Struct Bench v1,285,abstract_4271,abstraction,,"Identify the pattern and complete the sequence:
Sequence: W W V V W W V [MASK]
Question: Which symbol should fill the [MASK]?","{""A"": ""V"", ""B"": ""W""}",A
Struct Bench v1,286,analogy_6689,analogy,,"Analogy Task. Find the transformation rule in the Example and apply it to the Test.
Example: 2-4-9 transforms to 9-4-2
Test: D-I-P transforms to?
Question: Choose the correct transformation.","{""A"": ""D-I-P"", ""B"": ""P-I-D""}",B
Struct Bench v1,287,abstract_5145,abstraction,,"Identify the pattern and complete the sequence:
Sequence: P P X X P P X X P P X [MASK]
Question: Which symbol should fill the [MASK]?","{""A"": ""X"", ""B"": ""P""}",A
Struct Bench v1,288,analogy_2273,analogy,,"Analogy Task. Find the transformation rule in the Example and apply it to the Test.
Example: 4-1-5 transforms to 5-1-4
Test: E-L-Z transforms to?
Question: Choose the correct transformation.","{""A"": ""Z-L-E"", ""B"": ""E-L-Z""}",A
Struct Bench v1,289,abstract_8354,abstraction,,"Identify the pattern and complete the sequence:
Sequence: 4 9 $ 9 [MASK]
Question: Which symbol should fill the [MASK]?","{""A"": ""4"", ""B"": ""9""}",A
Struct Bench v1,290,abstract_4609,abstraction,,"Identify the pattern and complete the sequence:
Sequence: J J H H J J H [MASK]
Question: Which symbol should fill the [MASK]?","{""A"": ""H"", ""B"": ""J""}",A
Struct Bench v1,291,legality_7862,legality,,"Rule: In this sequence, the letter 'K' must always be followed immediately by 'C'.
Sequence: K C 4 6 K C K C 5 6 K C 0 5 K C 0 7 K C 7 W
Question: Is this sequence legal according to the rule?","{""A"": ""Yes"", ""B"": ""No""}",B
Struct Bench v1,292,abstract_7995,abstraction,,"Identify the pattern and complete the sequence:
Sequence: K K Q Q K K Q [MASK]
Question: Which symbol should fill the [MASK]?","{""A"": ""Q"", ""B"": ""K""}",A
Struct Bench v1,293,legality_3326,legality,,"Rule: In this sequence, the letter 'U' must always be followed immediately by 'W'.
Sequence: U W U W 3 0 U W 1 9 U W U T
Question: Is this sequence legal according to the rule?","{""A"": ""Yes"", ""B"": ""No""}",B
Struct Bench v1,294,analogy_9084,analogy,,"Analogy Task. Find the transformation rule in the Example and apply it to the Test.
Example: 8-6-4 transforms to 4-6-8
Test: M-F-Y transforms to?
Question: Choose the correct transformation.","{""A"": ""M-F-Y"", ""B"": ""Y-F-M""}",B
Struct Bench v1,295,legality_2986,legality,,"Rule: In this sequence, the letter 'C' must always be followed immediately by 'O'.
Sequence: C O C O C O 1
Question: Is this sequence legal according to the rule?","{""A"": ""Yes"", ""B"": ""No""}",B
Struct Bench v1,296,analogy_2589,analogy,,"Analogy Task. Find the transformation rule in the Example and apply it to the Test.
Example: 5-2-7 transforms to 7-2-5
Test: N-X-T transforms to?
Question: Choose the correct transformation.","{""A"": ""N-X-T"", ""B"": ""T-X-N""}",B
Struct Bench v1,297,analogy_7227,analogy,,"Analogy Task. Find the transformation rule in the Example and apply it to the Test.
Example: 1-0-4 transforms to 4-0-1
Test: P-N-F transforms to?
Question: Choose the correct transformation.","{""A"": ""P-N-F"", ""B"": ""F-N-P""}",B
Struct Bench v1,298,legality_1144,legality,,"Rule: In this sequence, the letter 'S' must always be followed immediately by 'A'.
Sequence: S A 9 3 S A S A S A 5 4 S A S A 7
Question: Is this sequence legal according to the rule?","{""A"": ""Yes"", ""B"": ""No""}",B
Struct Bench v1,299,analogy_4012,analogy,,"Analogy Task. Find the transformation rule in the Example and apply it to the Test.
Example: 1-0-6 transforms to 6-0-1
Test: U-Q-T transforms to?
Question: Choose the correct transformation.","{""A"": ""U-Q-T"", ""B"": ""T-Q-U""}",B
Struct Bench v1,300,legality_4816,legality,,"Rule: In this sequence, the letter 'Y' must always be followed immediately by 'S'.
Sequence: Y S Y S Y S 4 9 Y S Y S
Question: Is this sequence legal according to the rule?","{""A"": ""Yes"", ""B"": ""No""}",A
Struct Bench v2,1,analogy_abstract_47766,analogy,abstract,"Analogy Task. Find the transformation rule in the Example and apply it to the Test.
Example: 1-0-4 transforms to 4-0-1
Test: C-J-T transforms to?
Question: Choose the correct transformation.","{""A"": ""T-J-C"", ""B"": ""T-C-J""}",A
Struct Bench v2,2,analogy_card_95292,analogy,card,"Analogy Task. Find the transformation rule in the Example and apply it to the Test.
Example: 9-J-6 transforms to 6-J-9
Test: Q-2-6 transforms to?
Question: Choose the correct transformation.","{""A"": ""6-2-Q"", ""B"": ""6-Q-2""}",A
Struct Bench v2,3,abstract_abstract_41196,abstraction,abstract,"Identify the pattern and complete the sequence:
Sequence: U U H H U U H H U U H [MASK]
Question: Which symbol should fill the [MASK]?","{""A"": ""H"", ""B"": ""U""}",A
Struct Bench v2,4,abstract_card_92357,abstraction,card,"Identify the pattern and complete the sequence:
Sequence: 7 7 4 4 7 7 4 4 7 7 4 [MASK]
Question: Which symbol should fill the [MASK]?","{""A"": ""4"", ""B"": ""7""}",A
Struct Bench v2,5,legality_abstract_69933,legality,abstract,"Rule: In this sequence, the symbol 'K' must always be followed immediately by 'G'.
Sequence: K G K G K G K G K D
Question: Is this sequence legal according to the rule?","{""A"": ""Yes"", ""B"": ""No""}",B
Struct Bench v2,6,analogy_abstract_66431,analogy,abstract,"Analogy Task. Find the transformation rule in the Example and apply it to the Test.
Example: 5-0-3 transforms to 3-0-5
Test: V-C-X transforms to?
Question: Choose the correct transformation.","{""A"": ""X-C-V"", ""B"": ""X-V-C""}",A
Struct Bench v2,7,abstract_card_98528,abstraction,card,"Identify the pattern and complete the sequence:
Sequence: Q Q 5 5 Q Q 5 5 Q Q 5 [MASK]
Question: Which symbol should fill the [MASK]?","{""A"": ""5"", ""B"": ""Q""}",A
Struct Bench v2,8,abstract_abstract_32471,abstraction,abstract,"Identify the pattern and complete the sequence:
Sequence: B B J J B B J [MASK]
Question: Which symbol should fill the [MASK]?","{""A"": ""J"", ""B"": ""B""}",A
Struct Bench v2,9,analogy_card_44066,analogy,card,"Analogy Task. Find the transformation rule in the Example and apply it to the Test.
Example: 6-8-J transforms to J-8-6
Test: Q-5-4 transforms to?
Question: Choose the correct transformation.","{""A"": ""4-5-Q"", ""B"": ""4-Q-5""}",A
Struct Bench v2,10,analogy_abstract_74667,analogy,abstract,"Analogy Task. Find the transformation rule in the Example and apply it to the Test.
Example: 4-3-9 transforms to 9-3-4
Test: K-V-Y transforms to?
Question: Choose the correct transformation.","{""A"": ""Y-K-V"", ""B"": ""Y-V-K""}",B
Struct Bench v2,11,legality_card_17582,legality,card,"Rule: In this sequence, the symbol '5' must always be followed immediately by '9'.
Sequence: 5 9 5 9 5
Question: Is this sequence legal according to the rule?","{""A"": ""Yes"", ""B"": ""No""}",B
Struct Bench v2,12,legality_card_55148,legality,card,"Rule: In this sequence, the symbol '10' must always be followed immediately by '4'.
Sequence: 10 4 10 4 5 7 10 4 10
Question: Is this sequence legal according to the rule?","{""A"": ""Yes"", ""B"": ""No""}",B
Struct Bench v2,13,abstract_card_67856,abstraction,card,"Identify the pattern and complete the sequence:
Sequence: 8 8 A A 8 8 A [MASK]
Question: Which symbol should fill the [MASK]?","{""A"": ""A"", ""B"": ""8""}",A
Struct Bench v2,14,abstract_card_26028,abstraction,card,"Identify the pattern and complete the sequence:
Sequence: 4 4 J J 4 4 J [MASK]
Question: Which symbol should fill the [MASK]?","{""A"": ""J"", ""B"": ""4""}",A
Struct Bench v2,15,analogy_abstract_35995,analogy,abstract,"Analogy Task. Find the transformation rule in the Example and apply it to the Test.
Example: 6-9-8 transforms to 8-9-6
Test: F-R-E transforms to?
Question: Choose the correct transformation.","{""A"": ""E-R-F"", ""B"": ""E-F-R""}",A
Struct Bench v2,16,analogy_card_60474,analogy,card,"Analogy Task. Find the transformation rule in the Example and apply it to the Test.
Example: 6-Q-4 transforms to 4-Q-6
Test: J-6-K transforms to?
Question: Choose the correct transformation.","{""A"": ""K-6-J"", ""B"": ""K-J-6""}",A
Struct Bench v2,17,analogy_card_62258,analogy,card,"Analogy Task. Find the transformation rule in the Example and apply it to the Test.
Example: 3-7-8 transforms to 8-7-3
Test: A-K-Q transforms to?
Question: Choose the correct transformation.","{""A"": ""Q-A-K"", ""B"": ""Q-K-A""}",B
Struct Bench v2,18,analogy_abstract_38771,analogy,abstract,"Analogy Task. Find the transformation rule in the Example and apply it to the Test.
Example: 5-4-1 transforms to 1-4-5
Test: R-Q-H transforms to?
Question: Choose the correct transformation.","{""A"": ""H-Q-R"", ""B"": ""H-R-Q""}",A
Struct Bench v2,19,legality_abstract_58297,legality,abstract,"Rule: In this sequence, the symbol 'S' must always be followed immediately by 'K'.
Sequence: S K S K S K 2 6 S K
Question: Is this sequence legal according to the rule?","{""A"": ""Yes"", ""B"": ""No""}",A
Struct Bench v2,20,legality_card_92159,legality,card,"Rule: In this sequence, the symbol 'J' must always be followed immediately by '7'.
Sequence: J 7 A 4 J 7 J 7 5 A J 7 J 7 2 K
Question: Is this sequence legal according to the rule?","{""A"": ""Yes"", ""B"": ""No""}",A
Struct Bench v2,21,analogy_card_23639,analogy,card,"Analogy Task. Find the transformation rule in the Example and apply it to the Test.
Example: K-3-6 transforms to 6-3-K
Test: 3-Q-9 transforms to?
Question: Choose the correct transformation.","{""A"": ""9-Q-3"", ""B"": ""9-3-Q""}",A
Struct Bench v2,22,abstract_abstract_51634,abstraction,abstract,"Identify the pattern and complete the sequence:
Sequence: B P B P B P B [MASK]
Question: Which symbol should fill the [MASK]?","{""A"": ""P"", ""B"": ""B""}",A
Struct Bench v2,23,analogy_abstract_94881,analogy,abstract,"Analogy Task. Find the transformation rule in the Example and apply it to the Test.
Example: 4-1-2 transforms to 2-1-4
Test: I-C-L transforms to?
Question: Choose the correct transformation.","{""A"": ""L-I-C"", ""B"": ""L-C-I""}",B
Struct Bench v2,24,analogy_abstract_28570,analogy,abstract,"Analogy Task. Find the transformation rule in the Example and apply it to the Test.
Example: 3-8-9 transforms to 9-8-3
Test: S-Y-J transforms to?
Question: Choose the correct transformation.","{""A"": ""J-S-Y"", ""B"": ""J-Y-S""}",B
Struct Bench v2,25,analogy_card_27062,analogy,card,"Analogy Task. Find the transformation rule in the Example and apply it to the Test.
Example: 2-9-5 transforms to 5-9-2
Test: 7-5-3 transforms to?
Question: Choose the correct transformation.","{""A"": ""3-5-7"", ""B"": ""3-7-5""}",A
Struct Bench v2,26,abstract_card_40527,abstraction,card,"Identify the pattern and complete the sequence:
Sequence: 7 Q 7 Q 7 Q 7 [MASK]
Question: Which symbol should fill the [MASK]?","{""A"": ""Q"", ""B"": ""7""}",A
Struct Bench v2,27,legality_card_54863,legality,card,"Rule: In this sequence, the symbol 'K' must always be followed immediately by 'A'.
Sequence: K A 3 6 K A 3 9 K A K
Question: Is this sequence legal according to the rule?","{""A"": ""Yes"", ""B"": ""No""}",B
Struct Bench v2,28,abstract_abstract_76795,abstraction,abstract,"Identify the pattern and complete the sequence:
Sequence: O A O A O A O [MASK]
Question: Which symbol should fill the [MASK]?","{""A"": ""A"", ""B"": ""O""}",A
Struct Bench v2,29,analogy_abstract_81355,analogy,abstract,"Analogy Task. Find the transformation rule in the Example and apply it to the Test.
Example: 1-9-3 transforms to 3-9-1
Test: I-T-S transforms to?
Question: Choose the correct transformation.","{""A"": ""S-I-T"", ""B"": ""S-T-I""}",B
Struct Bench v2,30,analogy_card_89347,analogy,card,"Analogy Task. Find the transformation rule in the Example and apply it to the Test.
Example: 2-J-9 transforms to 9-J-2
Test: 7-10-2 transforms to?
Question: Choose the correct transformation.","{""A"": ""2-10-7"", ""B"": ""2-7-10""}",A
Struct Bench v2,31,abstract_abstract_94052,abstraction,abstract,"Identify the pattern and complete the sequence:
Sequence: M M V V M M V [MASK]
Question: Which symbol should fill the [MASK]?","{""A"": ""V"", ""B"": ""M""}",A
Struct Bench v2,32,analogy_abstract_73727,analogy,abstract,"Analogy Task. Find the transformation rule in the Example and apply it to the Test.
Example: 7-8-9 transforms to 9-8-7
Test: L-G-A transforms to?
Question: Choose the correct transformation.","{""A"": ""A-G-L"", ""B"": ""A-L-G""}",A
Struct Bench v2,33,abstract_abstract_58572,abstraction,abstract,"Identify the pattern and complete the sequence:
Sequence: T T A A T T A A T T A [MASK]
Question: Which symbol should fill the [MASK]?","{""A"": ""A"", ""B"": ""T""}",A
Struct Bench v2,34,abstract_abstract_40811,abstraction,abstract,"Identify the pattern and complete the sequence:
Sequence: Y U Y U Y [MASK]
Question: Which symbol should fill the [MASK]?","{""A"": ""U"", ""B"": ""Y""}",A
Struct Bench v2,35,analogy_card_83193,analogy,card,"Analogy Task. Find the transformation rule in the Example and apply it to the Test.
Example: 6-2-3 transforms to 3-2-6
Test: 6-4-5 transforms to?
Question: Choose the correct transformation.","{""A"": ""5-4-6"", ""B"": ""5-6-4""}",A
Struct Bench v2,36,analogy_card_65531,analogy,card,"Analogy Task. Find the transformation rule in the Example and apply it to the Test.
Example: J-6-4 transforms to 4-6-J
Test: 10-Q-9 transforms to?
Question: Choose the correct transformation.","{""A"": ""9-Q-10"", ""B"": ""9-10-Q""}",A
Struct Bench v2,37,legality_card_33754,legality,card,"Rule: In this sequence, the symbol 'Q' must always be followed immediately by 'J'.
Sequence: Q J A 6 Q J Q J 5 8
Question: Is this sequence legal according to the rule?","{""A"": ""Yes"", ""B"": ""No""}",A
Struct Bench v2,38,analogy_abstract_49193,analogy,abstract,"Analogy Task. Find the transformation rule in the Example and apply it to the Test.
Example: 2-5-8 transforms to 8-5-2
Test: K-V-A transforms to?
Question: Choose the correct transformation.","{""A"": ""A-K-V"", ""B"": ""A-V-K""}",B
Struct Bench v2,39,legality_card_39932,legality,card,"Rule: In this sequence, the symbol '6' must always be followed immediately by '4'.
Sequence: 6 4 6 4 2 7 6 4 6 4 J Q 6 4
Question: Is this sequence legal according to the rule?","{""A"": ""Yes"", ""B"": ""No""}",A
Struct Bench v2,40,analogy_abstract_80435,analogy,abstract,"Analogy Task. Find the transformation rule in the Example and apply it to the Test.
Example: 0-9-3 transforms to 3-9-0
Test: M-I-A transforms to?
Question: Choose the correct transformation.","{""A"": ""A-M-I"", ""B"": ""A-I-M""}",B
Struct Bench v2,41,analogy_card_17212,analogy,card,"Analogy Task. Find the transformation rule in the Example and apply it to the Test.
Example: 4-Q-K transforms to K-Q-4
Test: 8-Q-7 transforms to?
Question: Choose the correct transformation.","{""A"": ""7-Q-8"", ""B"": ""7-8-Q""}",A
Struct Bench v2,42,abstract_card_62527,abstraction,card,"Identify the pattern and complete the sequence:
Sequence: 8 9 8 9 8 9 8 [MASK]
Question: Which symbol should fill the [MASK]?","{""A"": ""9"", ""B"": ""8""}",A
Struct Bench v2,43,legality_card_17344,legality,card,"Rule: In this sequence, the symbol 'K' must always be followed immediately by '2'.
Sequence: K 2 Q 7 K 2 K 2 K A
Question: Is this sequence legal according to the rule?","{""A"": ""Yes"", ""B"": ""No""}",B
Struct Bench v2,44,analogy_abstract_96595,analogy,abstract,"Analogy Task. Find the transformation rule in the Example and apply it to the Test.
Example: 8-4-5 transforms to 5-4-8
Test: W-D-L transforms to?
Question: Choose the correct transformation.","{""A"": ""L-D-W"", ""B"": ""L-W-D""}",A
Struct Bench v2,45,abstract_abstract_22934,abstraction,abstract,"Identify the pattern and complete the sequence:
Sequence: K H K H K H K [MASK]
Question: Which symbol should fill the [MASK]?","{""A"": ""H"", ""B"": ""K""}",A
Struct Bench v2,46,abstract_abstract_89640,abstraction,abstract,"Identify the pattern and complete the sequence:
Sequence: D R D R D [MASK]
Question: Which symbol should fill the [MASK]?","{""A"": ""R"", ""B"": ""D""}",A
Struct Bench v2,47,legality_abstract_44377,legality,abstract,"Rule: In this sequence, the symbol 'Q' must always be followed immediately by 'G'.
Sequence: Q G 0 1 Q G Q
Question: Is this sequence legal according to the rule?","{""A"": ""Yes"", ""B"": ""No""}",B
Struct Bench v2,48,abstract_abstract_31732,abstraction,abstract,"Identify the pattern and complete the sequence:
Sequence: Y W Y W Y W Y [MASK]
Question: Which symbol should fill the [MASK]?","{""A"": ""W"", ""B"": ""Y""}",A
Struct Bench v2,49,analogy_abstract_50257,analogy,abstract,"Analogy Task. Find the transformation rule in the Example and apply it to the Test.
Example: 0-1-4 transforms to 4-1-0
Test: J-A-N transforms to?
Question: Choose the correct transformation.","{""A"": ""N-A-J"", ""B"": ""N-J-A""}",A
Struct Bench v2,50,legality_abstract_55094,legality,abstract,"Rule: In this sequence, the symbol 'B' must always be followed immediately by 'J'.
Sequence: B J B J 1 6 B J 1 6 B J B J 0
Question: Is this sequence legal according to the rule?","{""A"": ""Yes"", ""B"": ""No""}",B
Struct Bench v2,51,analogy_abstract_10670,analogy,abstract,"Analogy Task. Find the transformation rule in the Example and apply it to the Test.
Example: 4-9-6 transforms to 6-9-4
Test: F-D-B transforms to?
Question: Choose the correct transformation.","{""A"": ""B-D-F"", ""B"": ""B-F-D""}",A
Struct Bench v2,52,abstract_abstract_40415,abstraction,abstract,"Identify the pattern and complete the sequence:
Sequence: Y Y K K Y Y K K Y Y K [MASK]
Question: Which symbol should fill the [MASK]?","{""A"": ""K"", ""B"": ""Y""}",A
Struct Bench v2,53,analogy_card_13654,analogy,card,"Analogy Task. Find the transformation rule in the Example and apply it to the Test.
Example: K-2-3 transforms to 3-2-K
Test: 4-Q-5 transforms to?
Question: Choose the correct transformation.","{""A"": ""5-4-Q"", ""B"": ""5-Q-4""}",B
Struct Bench v2,54,legality_abstract_87101,legality,abstract,"Rule: In this sequence, the symbol 'H' must always be followed immediately by 'J'.
Sequence: H J 3 0 H J 2 4 H J H J 5 8
Question: Is this sequence legal according to the rule?","{""A"": ""Yes"", ""B"": ""No""}",A
Struct Bench v2,55,analogy_abstract_85226,analogy,abstract,"Analogy Task. Find the transformation rule in the Example and apply it to the Test.
Example: 8-7-1 transforms to 1-7-8
Test: J-T-W transforms to?
Question: Choose the correct transformation.","{""A"": ""W-J-T"", ""B"": ""W-T-J""}",B
Struct Bench v2,56,analogy_card_46212,analogy,card,"Analogy Task. Find the transformation rule in the Example and apply it to the Test.
Example: Q-3-6 transforms to 6-3-Q
Test: J-8-K transforms to?
Question: Choose the correct transformation.","{""A"": ""K-8-J"", ""B"": ""K-J-8""}",A
Struct Bench v2,57,abstract_card_38086,abstraction,card,"Identify the pattern and complete the sequence:
Sequence: K K 3 3 K K 3 3 K K 3 [MASK]
Question: Which symbol should fill the [MASK]?","{""A"": ""3"", ""B"": ""K""}",A
Struct Bench v2,58,legality_abstract_12005,legality,abstract,"Rule: In this sequence, the symbol 'L' must always be followed immediately by 'A'.
Sequence: L A 8 9 L A 7 1 L A 8 7 L A L A 5 K
Question: Is this sequence legal according to the rule?","{""A"": ""Yes"", ""B"": ""No""}",B
Struct Bench v2,59,legality_card_85187,legality,card,"Rule: In this sequence, the symbol 'Q' must always be followed immediately by '4'.
Sequence: Q 4 7 8 Q 4 Q 4 Q 4 Q 4 J 5
Question: Is this sequence legal according to the rule?","{""A"": ""Yes"", ""B"": ""No""}",A
Struct Bench v2,60,legality_card_96032,legality,card,"Rule: In this sequence, the symbol 'Q' must always be followed immediately by '2'.
Sequence: Q 2 3 K Q 2 6 5 Q 2 Q 2
Question: Is this sequence legal according to the rule?","{""A"": ""Yes"", ""B"": ""No""}",A
Struct Bench v2,61,analogy_abstract_51708,analogy,abstract,"Analogy Task. Find the transformation rule in the Example and apply it to the Test.
Example: 5-7-8 transforms to 8-7-5
Test: T-U-J transforms to?
Question: Choose the correct transformation.","{""A"": ""J-T-U"", ""B"": ""J-U-T""}",B
Struct Bench v2,62,legality_abstract_14133,legality,abstract,"Rule: In this sequence, the symbol 'L' must always be followed immediately by 'T'.
Sequence: L T 0 9 L T L T L T
Question: Is this sequence legal according to the rule?","{""A"": ""Yes"", ""B"": ""No""}",A
Struct Bench v2,63,legality_card_67297,legality,card,"Rule: In this sequence, the symbol '10' must always be followed immediately by '3'.
Sequence: 10 3 10 3 4 7 10 3 J
Question: Is this sequence legal according to the rule?","{""A"": ""Yes"", ""B"": ""No""}",B
Struct Bench v2,64,analogy_card_84721,analogy,card,"Analogy Task. Find the transformation rule in the Example and apply it to the Test.
Example: 8-7-K transforms to K-7-8
Test: 7-K-5 transforms to?
Question: Choose the correct transformation.","{""A"": ""5-K-7"", ""B"": ""5-7-K""}",A
Struct Bench v2,65,abstract_card_45959,abstraction,card,"Identify the pattern and complete the sequence:
Sequence: K 4 K 4 K [MASK]
Question: Which symbol should fill the [MASK]?","{""A"": ""4"", ""B"": ""K""}",A
Struct Bench v2,66,legality_abstract_35249,legality,abstract,"Rule: In this sequence, the symbol 'O' must always be followed immediately by 'N'.
Sequence: O N O N O N
Question: Is this sequence legal according to the rule?","{""A"": ""Yes"", ""B"": ""No""}",A
Struct Bench v2,67,abstract_card_91765,abstraction,card,"Identify the pattern and complete the sequence:
Sequence: 9 3 9 3 9 3 9 [MASK]
Question: Which symbol should fill the [MASK]?","{""A"": ""3"", ""B"": ""9""}",A
Struct Bench v2,68,legality_abstract_83910,legality,abstract,"Rule: In this sequence, the symbol 'C' must always be followed immediately by 'Y'.
Sequence: C Y 6 8 C Y C
Question: Is this sequence legal according to the rule?","{""A"": ""Yes"", ""B"": ""No""}",B
Struct Bench v2,69,legality_card_27189,legality,card,"Rule: In this sequence, the symbol '7' must always be followed immediately by 'K'.
Sequence: 7 K 3 2 7 K 9 5 7 K 3 9
Question: Is this sequence legal according to the rule?","{""A"": ""Yes"", ""B"": ""No""}",B
Struct Bench v2,70,legality_abstract_31567,legality,abstract,"Rule: In this sequence, the symbol 'Y' must always be followed immediately by 'D'.
Sequence: Y D Y D Y D Y D 6 4 Y D 6 3
Question: Is this sequence legal according to the rule?","{""A"": ""Yes"", ""B"": ""No""}",A
Struct Bench v2,71,abstract_card_30292,abstraction,card,"Identify the pattern and complete the sequence:
Sequence: Q 8 Q 8 Q 8 Q [MASK]
Question: Which symbol should fill the [MASK]?","{""A"": ""8"", ""B"": ""Q""}",A
Struct Bench v2,72,legality_abstract_14567,legality,abstract,"Rule: In this sequence, the symbol 'V' must always be followed immediately by 'Q'.
Sequence: V Q V Q 6 3 V Q 5
Question: Is this sequence legal according to the rule?","{""A"": ""Yes"", ""B"": ""No""}",B
Struct Bench v2,73,abstract_abstract_89499,abstraction,abstract,"Identify the pattern and complete the sequence:
Sequence: X X O O X X O [MASK]
Question: Which symbol should fill the [MASK]?","{""A"": ""O"", ""B"": ""X""}",A
Struct Bench v2,74,abstract_abstract_35435,abstraction,abstract,"Identify the pattern and complete the sequence:
Sequence: P A P A P A P [MASK]
Question: Which symbol should fill the [MASK]?","{""A"": ""A"", ""B"": ""P""}",A
Struct Bench v2,75,abstract_abstract_25621,abstraction,abstract,"Identify the pattern and complete the sequence:
Sequence: E W E W E [MASK]
Question: Which symbol should fill the [MASK]?","{""A"": ""W"", ""B"": ""E""}",A
Struct Bench v2,76,abstract_card_58903,abstraction,card,"Identify the pattern and complete the sequence:
Sequence: 7 7 9 9 7 7 9 9 7 7 9 [MASK]
Question: Which symbol should fill the [MASK]?","{""A"": ""9"", ""B"": ""7""}",A
Struct Bench v2,77,legality_abstract_65158,legality,abstract,"Rule: In this sequence, the symbol 'K' must always be followed immediately by 'E'.
Sequence: K E K E 7 8 K E K E K
Question: Is this sequence legal according to the rule?","{""A"": ""Yes"", ""B"": ""No""}",B
Struct Bench v2,78,abstract_card_82229,abstraction,card,"Identify the pattern and complete the sequence:
Sequence: 6 Q 6 Q 6 [MASK]
Question: Which symbol should fill the [MASK]?","{""A"": ""Q"", ""B"": ""6""}",A
Struct Bench v2,79,legality_abstract_73629,legality,abstract,"Rule: In this sequence, the symbol 'W' must always be followed immediately by 'K'.
Sequence: W K W K W K
Question: Is this sequence legal according to the rule?","{""A"": ""Yes"", ""B"": ""No""}",A
Struct Bench v2,80,abstract_card_23735,abstraction,card,"Identify the pattern and complete the sequence:
Sequence: J 8 J 8 J 8 J [MASK]
Question: Which symbol should fill the [MASK]?","{""A"": ""8"", ""B"": ""J""}",A
Struct Bench v2,81,legality_abstract_36822,legality,abstract,"Rule: In this sequence, the symbol 'S' must always be followed immediately by 'B'.
Sequence: S B 4 1 S B S B 8 9 S B 4 1 S I
Question: Is this sequence legal according to the rule?","{""A"": ""Yes"", ""B"": ""No""}",B
Struct Bench v2,82,abstract_abstract_61912,abstraction,abstract,"Identify the pattern and complete the sequence:
Sequence: O O B B O O B [MASK]
Question: Which symbol should fill the [MASK]?","{""A"": ""B"", ""B"": ""O""}",A
Struct Bench v2,83,analogy_abstract_76238,analogy,abstract,"Analogy Task. Find the transformation rule in the Example and apply it to the Test.
Example: 3-6-0 transforms to 0-6-3
Test: U-W-X transforms to?
Question: Choose the correct transformation.","{""A"": ""X-W-U"", ""B"": ""X-U-W""}",A
Struct Bench v2,84,abstract_abstract_22444,abstraction,abstract,"Identify the pattern and complete the sequence:
Sequence: L F L F L F L [MASK]
Question: Which symbol should fill the [MASK]?","{""A"": ""F"", ""B"": ""L""}",A
Struct Bench v2,85,legality_abstract_40844,legality,abstract,"Rule: In this sequence, the symbol 'G' must always be followed immediately by 'X'.
Sequence: G X G X 3 1 G X
Question: Is this sequence legal according to the rule?","{""A"": ""Yes"", ""B"": ""No""}",A
Struct Bench v2,86,analogy_abstract_21487,analogy,abstract,"Analogy Task. Find the transformation rule in the Example and apply it to the Test.
Example: 7-2-0 transforms to 0-2-7
Test: C-F-U transforms to?
Question: Choose the correct transformation.","{""A"": ""U-C-F"", ""B"": ""U-F-C""}",B
Struct Bench v2,87,legality_abstract_86299,legality,abstract,"Rule: In this sequence, the symbol 'H' must always be followed immediately by 'F'.
Sequence: H F H F 2 3 H F H F H G
Question: Is this sequence legal according to the rule?","{""A"": ""Yes"", ""B"": ""No""}",B
Struct Bench v2,88,analogy_card_25577,analogy,card,"Analogy Task. Find the transformation rule in the Example and apply it to the Test.
Example: Q-5-9 transforms to 9-5-Q
Test: K-J-3 transforms to?
Question: Choose the correct transformation.","{""A"": ""3-J-K"", ""B"": ""3-K-J""}",A
Struct Bench v2,89,legality_card_43025,legality,card,"Rule: In this sequence, the symbol 'A' must always be followed immediately by '9'.
Sequence: A 9 A 9 A 9
Question: Is this sequence legal according to the rule?","{""A"": ""Yes"", ""B"": ""No""}",A
Struct Bench v2,90,abstract_abstract_59102,abstraction,abstract,"Identify the pattern and complete the sequence:
Sequence: K K Q Q K K Q Q K K Q [MASK]
Question: Which symbol should fill the [MASK]?","{""A"": ""Q"", ""B"": ""K""}",A
Struct Bench v2,91,analogy_card_47075,analogy,card,"Analogy Task. Find the transformation rule in the Example and apply it to the Test.
Example: 10-2-5 transforms to 5-2-10
Test: 4-2-5 transforms to?
Question: Choose the correct transformation.","{""A"": ""5-2-4"", ""B"": ""5-4-2""}",A
Struct Bench v2,92,legality_card_66562,legality,card,"Rule: In this sequence, the symbol '10' must always be followed immediately by 'Q'.
Sequence: 10 Q 10 Q A 3 10 Q K 9 10 Q
Question: Is this sequence legal according to the rule?","{""A"": ""Yes"", ""B"": ""No""}",A
Struct Bench v2,93,abstract_abstract_71796,abstraction,abstract,"Identify the pattern and complete the sequence:
Sequence: N I N I N I N [MASK]
Question: Which symbol should fill the [MASK]?","{""A"": ""I"", ""B"": ""N""}",A
Struct Bench v2,94,legality_card_93249,legality,card,"Rule: In this sequence, the symbol '5' must always be followed immediately by 'Q'.
Sequence: 5 Q 5 Q 5 Q 10 8
Question: Is this sequence legal according to the rule?","{""A"": ""Yes"", ""B"": ""No""}",B
Struct Bench v2,95,analogy_abstract_26760,analogy,abstract,"Analogy Task. Find the transformation rule in the Example and apply it to the Test.
Example: 8-2-9 transforms to 9-2-8
Test: Q-O-B transforms to?
Question: Choose the correct transformation.","{""A"": ""B-Q-O"", ""B"": ""B-O-Q""}",B
Struct Bench v2,96,legality_card_54898,legality,card,"Rule: In this sequence, the symbol '7' must always be followed immediately by '2'.
Sequence: 7 2 3 8 7 2 7 2 4 A
Question: Is this sequence legal according to the rule?","{""A"": ""Yes"", ""B"": ""No""}",A
Struct Bench v2,97,abstract_abstract_68028,abstraction,abstract,"Identify the pattern and complete the sequence:
Sequence: U A U A U A U [MASK]
Question: Which symbol should fill the [MASK]?","{""A"": ""A"", ""B"": ""U""}",A
Struct Bench v2,98,analogy_card_27856,analogy,card,"Analogy Task. Find the transformation rule in the Example and apply it to the Test.
Example: K-4-J transforms to J-4-K
Test: J-9-A transforms to?
Question: Choose the correct transformation.","{""A"": ""A-J-9"", ""B"": ""A-9-J""}",B
Struct Bench v2,99,analogy_abstract_55563,analogy,abstract,"Analogy Task. Find the transformation rule in the Example and apply it to the Test.
Example: 5-4-0 transforms to 0-4-5
Test: D-I-J transforms to?
Question: Choose the correct transformation.","{""A"": ""J-I-D"", ""B"": ""J-D-I""}",A
Struct Bench v2,100,analogy_card_87544,analogy,card,"Analogy Task. Find the transformation rule in the Example and apply it to the Test.
Example: 10-7-4 transforms to 4-7-10
Test: 6-4-10 transforms to?
Question: Choose the correct transformation.","{""A"": ""10-4-6"", ""B"": ""10-6-4""}",A
Struct Bench v2,101,abstract_abstract_18262,abstraction,abstract,"Identify the pattern and complete the sequence:
Sequence: J J D D J J D D J J D [MASK]
Question: Which symbol should fill the [MASK]?","{""A"": ""D"", ""B"": ""J""}",A
Struct Bench v2,102,legality_abstract_46999,legality,abstract,"Rule: In this sequence, the symbol 'X' must always be followed immediately by 'D'.
Sequence: X D X D 3 2 X
Question: Is this sequence legal according to the rule?","{""A"": ""Yes"", ""B"": ""No""}",B
Struct Bench v2,103,analogy_abstract_52841,analogy,abstract,"Analogy Task. Find the transformation rule in the Example and apply it to the Test.
Example: 7-1-2 transforms to 2-1-7
Test: G-L-N transforms to?
Question: Choose the correct transformation.","{""A"": ""N-G-L"", ""B"": ""N-L-G""}",B
Struct Bench v2,104,abstract_abstract_52247,abstraction,abstract,"Identify the pattern and complete the sequence:
Sequence: L L C C L L C C L L C [MASK]
Question: Which symbol should fill the [MASK]?","{""A"": ""C"", ""B"": ""L""}",A
Struct Bench v2,105,analogy_card_68073,analogy,card,"Analogy Task. Find the transformation rule in the Example and apply it to the Test.
Example: 10-K-A transforms to A-K-10
Test: 2-4-A transforms to?
Question: Choose the correct transformation.","{""A"": ""A-4-2"", ""B"": ""A-2-4""}",A
Struct Bench v2,106,abstract_card_44906,abstraction,card,"Identify the pattern and complete the sequence:
Sequence: 6 6 K K 6 6 K K 6 6 K [MASK]
Question: Which symbol should fill the [MASK]?","{""A"": ""K"", ""B"": ""6""}",A
Struct Bench v2,107,analogy_abstract_33817,analogy,abstract,"Analogy Task. Find the transformation rule in the Example and apply it to the Test.
Example: 9-7-4 transforms to 4-7-9
Test: J-Z-Y transforms to?
Question: Choose the correct transformation.","{""A"": ""Y-Z-J"", ""B"": ""Y-J-Z""}",A
Struct Bench v2,108,analogy_card_71414,analogy,card,"Analogy Task. Find the transformation rule in the Example and apply it to the Test.
Example: 5-8-Q transforms to Q-8-5
Test: 7-9-6 transforms to?
Question: Choose the correct transformation.","{""A"": ""6-7-9"", ""B"": ""6-9-7""}",B
Struct Bench v2,109,legality_card_67320,legality,card,"Rule: In this sequence, the symbol '7' must always be followed immediately by '10'.
Sequence: 7 10 A 3 7 10 7 10 4 3 7 10
Question: Is this sequence legal according to the rule?","{""A"": ""Yes"", ""B"": ""No""}",A
Struct Bench v2,110,abstract_card_63664,abstraction,card,"Identify the pattern and complete the sequence:
Sequence: A A 6 6 A A 6 [MASK]
Question: Which symbol should fill the [MASK]?","{""A"": ""6"", ""B"": ""A""}",A
Struct Bench v2,111,analogy_abstract_47532,analogy,abstract,"Analogy Task. Find the transformation rule in the Example and apply it to the Test.
Example: 7-2-9 transforms to 9-2-7
Test: K-H-L transforms to?
Question: Choose the correct transformation.","{""A"": ""L-K-H"", ""B"": ""L-H-K""}",B
Struct Bench v2,112,analogy_abstract_46583,analogy,abstract,"Analogy Task. Find the transformation rule in the Example and apply it to the Test.
Example: 0-5-1 transforms to 1-5-0
Test: I-A-U transforms to?
Question: Choose the correct transformation.","{""A"": ""U-I-A"", ""B"": ""U-A-I""}",B
Struct Bench v2,113,analogy_card_46870,analogy,card,"Analogy Task. Find the transformation rule in the Example and apply it to the Test.
Example: 4-J-7 transforms to 7-J-4
Test: 5-4-K transforms to?
Question: Choose the correct transformation.","{""A"": ""K-4-5"", ""B"": ""K-5-4""}",A
Struct Bench v2,114,legality_abstract_71640,legality,abstract,"Rule: In this sequence, the symbol 'T' must always be followed immediately by 'K'.
Sequence: T K T K T K
Question: Is this sequence legal according to the rule?","{""A"": ""Yes"", ""B"": ""No""}",A
Struct Bench v2,115,analogy_card_93840,analogy,card,"Analogy Task. Find the transformation rule in the Example and apply it to the Test.
Example: 2-4-5 transforms to 5-4-2
Test: A-3-4 transforms to?
Question: Choose the correct transformation.","{""A"": ""4-A-3"", ""B"": ""4-3-A""}",B
Struct Bench v2,116,legality_abstract_77569,legality,abstract,"Rule: In this sequence, the symbol 'Y' must always be followed immediately by 'T'.
Sequence: Y T Y T 1 8 Y
Question: Is this sequence legal according to the rule?","{""A"": ""Yes"", ""B"": ""No""}",B
Struct Bench v2,117,abstract_card_95922,abstraction,card,"Identify the pattern and complete the sequence:
Sequence: 6 K 6 K 6 K 6 [MASK]
Question: Which symbol should fill the [MASK]?","{""A"": ""K"", ""B"": ""6""}",A
Struct Bench v2,118,legality_card_71519,legality,card,"Rule: In this sequence, the symbol '6' must always be followed immediately by '8'.
Sequence: 6 8 9 Q 6 8 6
Question: Is this sequence legal according to the rule?","{""A"": ""Yes"", ""B"": ""No""}",B
Struct Bench v2,119,abstract_card_74344,abstraction,card,"Identify the pattern and complete the sequence:
Sequence: Q 8 Q 8 Q [MASK]
Question: Which symbol should fill the [MASK]?","{""A"": ""8"", ""B"": ""Q""}",A
Struct Bench v2,120,legality_card_28438,legality,card,"Rule: In this sequence, the symbol '2' must always be followed immediately by '3'.
Sequence: 2 3 10 K 2 3 9 10 2 10
Question: Is this sequence legal according to the rule?","{""A"": ""Yes"", ""B"": ""No""}",B
Struct Bench v2,121,abstract_card_98050,abstraction,card,"Identify the pattern and complete the sequence:
Sequence: 9 9 7 7 9 9 7 7 9 9 7 [MASK]
Question: Which symbol should fill the [MASK]?","{""A"": ""7"", ""B"": ""9""}",A
Struct Bench v2,122,abstract_card_98011,abstraction,card,"Identify the pattern and complete the sequence:
Sequence: 4 4 Q Q 4 4 Q [MASK]
Question: Which symbol should fill the [MASK]?","{""A"": ""Q"", ""B"": ""4""}",A
Struct Bench v2,123,analogy_card_18998,analogy,card,"Analogy Task. Find the transformation rule in the Example and apply it to the Test.
Example: 6-10-J transforms to J-10-6
Test: 2-10-9 transforms to?
Question: Choose the correct transformation.","{""A"": ""9-2-10"", ""B"": ""9-10-2""}",B
Struct Bench v2,124,legality_abstract_47680,legality,abstract,"Rule: In this sequence, the symbol 'G' must always be followed immediately by 'R'.
Sequence: G R G R G R 9 5 G R 2 4 G
Question: Is this sequence legal according to the rule?","{""A"": ""Yes"", ""B"": ""No""}",B
Struct Bench v2,125,abstract_card_41297,abstraction,card,"Identify the pattern and complete the sequence:
Sequence: 7 7 10 10 7 7 10 10 7 7 10 [MASK]
Question: Which symbol should fill the [MASK]?","{""A"": ""10"", ""B"": ""7""}",A
Struct Bench v2,126,abstract_card_21201,abstraction,card,"Identify the pattern and complete the sequence:
Sequence: 5 10 5 10 5 [MASK]
Question: Which symbol should fill the [MASK]?","{""A"": ""10"", ""B"": ""5""}",A
Struct Bench v2,127,legality_abstract_59385,legality,abstract,"Rule: In this sequence, the symbol 'E' must always be followed immediately by 'S'.
Sequence: E S 6 9 E S E X
Question: Is this sequence legal according to the rule?","{""A"": ""Yes"", ""B"": ""No""}",B
Struct Bench v2,128,abstract_card_29411,abstraction,card,"Identify the pattern and complete the sequence:
Sequence: J J A A J J A [MASK]
Question: Which symbol should fill the [MASK]?","{""A"": ""A"", ""B"": ""J""}",A
Struct Bench v2,129,abstract_abstract_65098,abstraction,abstract,"Identify the pattern and complete the sequence:
Sequence: P P Z Z P P Z Z P P Z [MASK]
Question: Which symbol should fill the [MASK]?","{""A"": ""Z"", ""B"": ""P""}",A
Struct Bench v2,130,analogy_abstract_60160,analogy,abstract,"Analogy Task. Find the transformation rule in the Example and apply it to the Test.
Example: 3-7-5 transforms to 5-7-3
Test: J-G-D transforms to?
Question: Choose the correct transformation.","{""A"": ""D-G-J"", ""B"": ""D-J-G""}",A
Struct Bench v2,131,legality_card_79187,legality,card,"Rule: In this sequence, the symbol '6' must always be followed immediately by '7'.
Sequence: 6 7 10 9 6 7 4 A 6 7 6 7 5
Question: Is this sequence legal according to the rule?","{""A"": ""Yes"", ""B"": ""No""}",B
Struct Bench v2,132,analogy_abstract_84243,analogy,abstract,"Analogy Task. Find the transformation rule in the Example and apply it to the Test.
Example: 7-2-5 transforms to 5-2-7
Test: W-M-B transforms to?
Question: Choose the correct transformation.","{""A"": ""B-M-W"", ""B"": ""B-W-M""}",A
Struct Bench v2,133,analogy_card_73833,analogy,card,"Analogy Task. Find the transformation rule in the Example and apply it to the Test.
Example: Q-K-7 transforms to 7-K-Q
Test: Q-6-J transforms to?
Question: Choose the correct transformation.","{""A"": ""J-6-Q"", ""B"": ""J-Q-6""}",A
Struct Bench v2,134,abstract_abstract_82725,abstraction,abstract,"Identify the pattern and complete the sequence:
Sequence: J J R R J J R [MASK]
Question: Which symbol should fill the [MASK]?","{""A"": ""R"", ""B"": ""J""}",A
Struct Bench v2,135,abstract_abstract_59672,abstraction,abstract,"Identify the pattern and complete the sequence:
Sequence: H H G G H H G G H H G [MASK]
Question: Which symbol should fill the [MASK]?","{""A"": ""G"", ""B"": ""H""}",A
Struct Bench v2,136,analogy_card_15300,analogy,card,"Analogy Task. Find the transformation rule in the Example and apply it to the Test.
Example: A-6-8 transforms to 8-6-A
Test: 9-8-A transforms to?
Question: Choose the correct transformation.","{""A"": ""A-8-9"", ""B"": ""A-9-8""}",A
Struct Bench v2,137,analogy_card_22209,analogy,card,"Analogy Task. Find the transformation rule in the Example and apply it to the Test.
Example: 4-Q-6 transforms to 6-Q-4
Test: K-2-3 transforms to?
Question: Choose the correct transformation.","{""A"": ""3-2-K"", ""B"": ""3-K-2""}",A
Struct Bench v2,138,legality_abstract_17708,legality,abstract,"Rule: In this sequence, the symbol 'W' must always be followed immediately by 'A'.
Sequence: W A W A 3 9 W A
Question: Is this sequence legal according to the rule?","{""A"": ""Yes"", ""B"": ""No""}",A
Struct Bench v2,139,analogy_card_96586,analogy,card,"Analogy Task. Find the transformation rule in the Example and apply it to the Test.
Example: 2-10-Q transforms to Q-10-2
Test: K-8-J transforms to?
Question: Choose the correct transformation.","{""A"": ""J-8-K"", ""B"": ""J-K-8""}",A
Struct Bench v2,140,legality_card_83010,legality,card,"Rule: In this sequence, the symbol '6' must always be followed immediately by '7'.
Sequence: 6 7 6 7 J Q 6 7 J 3 6 7 2 10
Question: Is this sequence legal according to the rule?","{""A"": ""Yes"", ""B"": ""No""}",A
Struct Bench v2,141,analogy_abstract_97781,analogy,abstract,"Analogy Task. Find the transformation rule in the Example and apply it to the Test.
Example: 0-8-1 transforms to 1-8-0
Test: N-G-T transforms to?
Question: Choose the correct transformation.","{""A"": ""T-G-N"", ""B"": ""T-N-G""}",A
Struct Bench v2,142,legality_card_85680,legality,card,"Rule: In this sequence, the symbol '9' must always be followed immediately by '5'.
Sequence: 9 5 9 5 9 3
Question: Is this sequence legal according to the rule?","{""A"": ""Yes"", ""B"": ""No""}",B
Struct Bench v2,143,analogy_card_32345,analogy,card,"Analogy Task. Find the transformation rule in the Example and apply it to the Test.
Example: 7-9-A transforms to A-9-7
Test: Q-5-3 transforms to?
Question: Choose the correct transformation.","{""A"": ""3-5-Q"", ""B"": ""3-Q-5""}",A
Struct Bench v2,144,legality_abstract_29002,legality,abstract,"Rule: In this sequence, the symbol 'V' must always be followed immediately by 'C'.
Sequence: V C V C V C 8 9 V C V P
Question: Is this sequence legal according to the rule?","{""A"": ""Yes"", ""B"": ""No""}",B
Struct Bench v2,145,analogy_abstract_73757,analogy,abstract,"Analogy Task. Find the transformation rule in the Example and apply it to the Test.
Example: 5-3-7 transforms to 7-3-5
Test: A-Z-Q transforms to?
Question: Choose the correct transformation.","{""A"": ""Q-Z-A"", ""B"": ""Q-A-Z""}",A
Struct Bench v2,146,analogy_card_17104,analogy,card,"Analogy Task. Find the transformation rule in the Example and apply it to the Test.
Example: 5-10-8 transforms to 8-10-5
Test: Q-7-3 transforms to?
Question: Choose the correct transformation.","{""A"": ""3-Q-7"", ""B"": ""3-7-Q""}",B
Struct Bench v2,147,analogy_abstract_30903,analogy,abstract,"Analogy Task. Find the transformation rule in the Example and apply it to the Test.
Example: 0-6-1 transforms to 1-6-0
Test: A-D-G transforms to?
Question: Choose the correct transformation.","{""A"": ""G-D-A"", ""B"": ""G-A-D""}",A
Struct Bench v2,148,analogy_abstract_56945,analogy,abstract,"Analogy Task. Find the transformation rule in the Example and apply it to the Test.
Example: 9-3-6 transforms to 6-3-9
Test: Z-V-E transforms to?
Question: Choose the correct transformation.","{""A"": ""E-V-Z"", ""B"": ""E-Z-V""}",A
Struct Bench v2,149,legality_card_22497,legality,card,"Rule: In this sequence, the symbol 'A' must always be followed immediately by 'J'.
Sequence: A J 3 4 A J 7 Q A J A J
Question: Is this sequence legal according to the rule?","{""A"": ""Yes"", ""B"": ""No""}",A
Struct Bench v2,150,legality_abstract_38463,legality,abstract,"Rule: In this sequence, the symbol 'P' must always be followed immediately by 'E'.
Sequence: P E P E 2 9 P
Question: Is this sequence legal according to the rule?","{""A"": ""Yes"", ""B"": ""No""}",B
Struct Bench v2,151,abstract_card_67212,abstraction,card,"Identify the pattern and complete the sequence:
Sequence: 9 9 J J 9 9 J [MASK]
Question: Which symbol should fill the [MASK]?","{""A"": ""J"", ""B"": ""9""}",A
Struct Bench v2,152,legality_abstract_26722,legality,abstract,"Rule: In this sequence, the symbol 'A' must always be followed immediately by 'M'.
Sequence: A M A M 5 0 A M A M A M 0
Question: Is this sequence legal according to the rule?","{""A"": ""Yes"", ""B"": ""No""}",B
Struct Bench v2,153,legality_card_71315,legality,card,"Rule: In this sequence, the symbol '6' must always be followed immediately by '4'.
Sequence: 6 4 J 2 6 4 6 4 6 4 K 10 6 4
Question: Is this sequence legal according to the rule?","{""A"": ""Yes"", ""B"": ""No""}",A
Struct Bench v2,154,abstract_card_43471,abstraction,card,"Identify the pattern and complete the sequence:
Sequence: 2 6 2 6 2 6 2 [MASK]
Question: Which symbol should fill the [MASK]?","{""A"": ""6"", ""B"": ""2""}",A
Struct Bench v2,155,legality_card_46761,legality,card,"Rule: In this sequence, the symbol '4' must always be followed immediately by '7'.
Sequence: 4 7 4 7 4 7 4 Q
Question: Is this sequence legal according to the rule?","{""A"": ""Yes"", ""B"": ""No""}",B
Struct Bench v2,156,analogy_card_80914,analogy,card,"Analogy Task. Find the transformation rule in the Example and apply it to the Test.
Example: Q-9-A transforms to A-9-Q
Test: 10-A-5 transforms to?
Question: Choose the correct transformation.","{""A"": ""5-10-A"", ""B"": ""5-A-10""}",B
Struct Bench v2,157,legality_card_51511,legality,card,"Rule: In this sequence, the symbol 'K' must always be followed immediately by '8'.
Sequence: K 8 J 2 K 8 2 10 K 8
Question: Is this sequence legal according to the rule?","{""A"": ""Yes"", ""B"": ""No""}",A
Struct Bench v2,158,abstract_card_80902,abstraction,card,"Identify the pattern and complete the sequence:
Sequence: 3 2 3 2 3 [MASK]
Question: Which symbol should fill the [MASK]?","{""A"": ""2"", ""B"": ""3""}",A
Struct Bench v2,159,abstract_card_42693,abstraction,card,"Identify the pattern and complete the sequence:
Sequence: 7 7 8 8 7 7 8 8 7 7 8 [MASK]
Question: Which symbol should fill the [MASK]?","{""A"": ""8"", ""B"": ""7""}",A
Struct Bench v2,160,abstract_abstract_93892,abstraction,abstract,"Identify the pattern and complete the sequence:
Sequence: R R P P R R P P R R P [MASK]
Question: Which symbol should fill the [MASK]?","{""A"": ""P"", ""B"": ""R""}",A
Struct Bench v2,161,legality_card_72900,legality,card,"Rule: In this sequence, the symbol '4' must always be followed immediately by 'J'.
Sequence: 4 J A 10 4 J 4 J
Question: Is this sequence legal according to the rule?","{""A"": ""Yes"", ""B"": ""No""}",A
Struct Bench v2,162,legality_abstract_35206,legality,abstract,"Rule: In this sequence, the symbol 'F' must always be followed immediately by 'C'.
Sequence: F C 8 5 F C 8 1 F
Question: Is this sequence legal according to the rule?","{""A"": ""Yes"", ""B"": ""No""}",B
Struct Bench v2,163,analogy_abstract_90942,analogy,abstract,"Analogy Task. Find the transformation rule in the Example and apply it to the Test.
Example: 8-3-1 transforms to 1-3-8
Test: A-G-U transforms to?
Question: Choose the correct transformation.","{""A"": ""U-A-G"", ""B"": ""U-G-A""}",B
Struct Bench v2,164,legality_abstract_69314,legality,abstract,"Rule: In this sequence, the symbol 'C' must always be followed immediately by 'L'.
Sequence: C L C L C
Question: Is this sequence legal according to the rule?","{""A"": ""Yes"", ""B"": ""No""}",B
Struct Bench v2,165,legality_abstract_78756,legality,abstract,"Rule: In this sequence, the symbol 'B' must always be followed immediately by 'M'.
Sequence: B M B M 7 1 B M
Question: Is this sequence legal according to the rule?","{""A"": ""Yes"", ""B"": ""No""}",A
Struct Bench v2,166,legality_abstract_32785,legality,abstract,"Rule: In this sequence, the symbol 'I' must always be followed immediately by 'L'.
Sequence: I L I L 1 0 I L I L 7 4 I L 9 2
Question: Is this sequence legal according to the rule?","{""A"": ""Yes"", ""B"": ""No""}",A
Struct Bench v2,167,abstract_card_86027,abstraction,card,"Identify the pattern and complete the sequence:
Sequence: 4 3 4 3 4 [MASK]
Question: Which symbol should fill the [MASK]?","{""A"": ""3"", ""B"": ""4""}",A
Struct Bench v2,168,legality_card_71842,legality,card,"Rule: In this sequence, the symbol '9' must always be followed immediately by 'A'.
Sequence: 9 A 9 A 9 A 9 A 6 2
Question: Is this sequence legal according to the rule?","{""A"": ""Yes"", ""B"": ""No""}",B
Struct Bench v2,169,analogy_abstract_47338,analogy,abstract,"Analogy Task. Find the transformation rule in the Example and apply it to the Test.
Example: 6-3-7 transforms to 7-3-6
Test: S-K-W transforms to?
Question: Choose the correct transformation.","{""A"": ""W-K-S"", ""B"": ""W-S-K""}",A
Struct Bench v2,170,analogy_card_98877,analogy,card,"Analogy Task. Find the transformation rule in the Example and apply it to the Test.
Example: 4-6-10 transforms to 10-6-4
Test: 3-5-9 transforms to?
Question: Choose the correct transformation.","{""A"": ""9-3-5"", ""B"": ""9-5-3""}",B
Struct Bench v2,171,analogy_abstract_96653,analogy,abstract,"Analogy Task. Find the transformation rule in the Example and apply it to the Test.
Example: 5-3-6 transforms to 6-3-5
Test: H-Q-A transforms to?
Question: Choose the correct transformation.","{""A"": ""A-Q-H"", ""B"": ""A-H-Q""}",A
Struct Bench v2,172,legality_abstract_77379,legality,abstract,"Rule: In this sequence, the symbol 'Z' must always be followed immediately by 'S'.
Sequence: Z S Z S Z S 8 3 Z S 8 7 Z S
Question: Is this sequence legal according to the rule?","{""A"": ""Yes"", ""B"": ""No""}",A
Struct Bench v2,173,analogy_card_28664,analogy,card,"Analogy Task. Find the transformation rule in the Example and apply it to the Test.
Example: 8-5-2 transforms to 2-5-8
Test: 5-3-A transforms to?
Question: Choose the correct transformation.","{""A"": ""A-5-3"", ""B"": ""A-3-5""}",B
Struct Bench v2,174,abstract_abstract_52887,abstraction,abstract,"Identify the pattern and complete the sequence:
Sequence: C C P P C C P [MASK]
Question: Which symbol should fill the [MASK]?","{""A"": ""P"", ""B"": ""C""}",A
Struct Bench v2,175,abstract_card_42927,abstraction,card,"Identify the pattern and complete the sequence:
Sequence: 4 4 6 6 4 4 6 6 4 4 6 [MASK]
Question: Which symbol should fill the [MASK]?","{""A"": ""6"", ""B"": ""4""}",A
Struct Bench v2,176,analogy_abstract_41245,analogy,abstract,"Analogy Task. Find the transformation rule in the Example and apply it to the Test.
Example: 2-9-4 transforms to 4-9-2
Test: F-O-D transforms to?
Question: Choose the correct transformation.","{""A"": ""D-O-F"", ""B"": ""D-F-O""}",A
Struct Bench v2,177,legality_abstract_12398,legality,abstract,"Rule: In this sequence, the symbol 'M' must always be followed immediately by 'B'.
Sequence: M B 4 2 M B 8 2 M B
Question: Is this sequence legal according to the rule?","{""A"": ""Yes"", ""B"": ""No""}",A
Struct Bench v2,178,abstract_abstract_30894,abstraction,abstract,"Identify the pattern and complete the sequence:
Sequence: O O P P O O P P O O P [MASK]
Question: Which symbol should fill the [MASK]?","{""A"": ""P"", ""B"": ""O""}",A
Struct Bench v2,179,legality_abstract_26737,legality,abstract,"Rule: In this sequence, the symbol 'P' must always be followed immediately by 'N'.
Sequence: P N 2 8 P N 2 1 P N 3 7 P N
Question: Is this sequence legal according to the rule?","{""A"": ""Yes"", ""B"": ""No""}",A
Struct Bench v2,180,abstract_card_77338,abstraction,card,"Identify the pattern and complete the sequence:
Sequence: K K 9 9 K K 9 9 K K 9 [MASK]
Question: Which symbol should fill the [MASK]?","{""A"": ""9"", ""B"": ""K""}",A
Struct Bench v2,181,legality_abstract_74657,legality,abstract,"Rule: In this sequence, the symbol 'D' must always be followed immediately by 'O'.
Sequence: D O D O D O 8 2 D
Question: Is this sequence legal according to the rule?","{""A"": ""Yes"", ""B"": ""No""}",B
Struct Bench v2,182,abstract_abstract_66171,abstraction,abstract,"Identify the pattern and complete the sequence:
Sequence: W W L L W W L L W W L [MASK]
Question: Which symbol should fill the [MASK]?","{""A"": ""L"", ""B"": ""W""}",A
Struct Bench v2,183,analogy_card_28366,analogy,card,"Analogy Task. Find the transformation rule in the Example and apply it to the Test.
Example: 9-7-3 transforms to 3-7-9
Test: Q-2-7 transforms to?
Question: Choose the correct transformation.","{""A"": ""7-Q-2"", ""B"": ""7-2-Q""}",B
Struct Bench v2,184,abstract_card_56940,abstraction,card,"Identify the pattern and complete the sequence:
Sequence: Q 10 Q 10 Q [MASK]
Question: Which symbol should fill the [MASK]?","{""A"": ""10"", ""B"": ""Q""}",A
Struct Bench v2,185,abstract_abstract_70749,abstraction,abstract,"Identify the pattern and complete the sequence:
Sequence: V Z V Z V [MASK]
Question: Which symbol should fill the [MASK]?","{""A"": ""Z"", ""B"": ""V""}",A
Struct Bench v2,186,legality_card_49212,legality,card,"Rule: In this sequence, the symbol 'J' must always be followed immediately by '9'.
Sequence: J 9 J 9 J 9 4 A
Question: Is this sequence legal according to the rule?","{""A"": ""Yes"", ""B"": ""No""}",A
Struct Bench v2,187,legality_card_16672,legality,card,"Rule: In this sequence, the symbol 'J' must always be followed immediately by '10'.
Sequence: J 10 7 4 J 10 J 10 J 10 9
Question: Is this sequence legal according to the rule?","{""A"": ""Yes"", ""B"": ""No""}",B
Struct Bench v2,188,abstract_card_11352,abstraction,card,"Identify the pattern and complete the sequence:
Sequence: 10 5 10 5 10 [MASK]
Question: Which symbol should fill the [MASK]?","{""A"": ""5"", ""B"": ""10""}",A
Struct Bench v2,189,analogy_card_39922,analogy,card,"Analogy Task. Find the transformation rule in the Example and apply it to the Test.
Example: 2-6-A transforms to A-6-2
Test: A-10-4 transforms to?
Question: Choose the correct transformation.","{""A"": ""4-A-10"", ""B"": ""4-10-A""}",B
Struct Bench v2,190,abstract_abstract_15908,abstraction,abstract,"Identify the pattern and complete the sequence:
Sequence: S S L L S S L [MASK]
Question: Which symbol should fill the [MASK]?","{""A"": ""L"", ""B"": ""S""}",A
Struct Bench v2,191,abstract_card_37609,abstraction,card,"Identify the pattern and complete the sequence:
Sequence: 6 K 6 K 6 K 6 [MASK]
Question: Which symbol should fill the [MASK]?","{""A"": ""K"", ""B"": ""6""}",A
Struct Bench v2,192,analogy_abstract_36538,analogy,abstract,"Analogy Task. Find the transformation rule in the Example and apply it to the Test.
Example: 2-6-1 transforms to 1-6-2
Test: U-R-M transforms to?
Question: Choose the correct transformation.","{""A"": ""M-U-R"", ""B"": ""M-R-U""}",B
Struct Bench v2,193,abstract_abstract_59139,abstraction,abstract,"Identify the pattern and complete the sequence:
Sequence: T T C C T T C C T T C [MASK]
Question: Which symbol should fill the [MASK]?","{""A"": ""C"", ""B"": ""T""}",A
Struct Bench v2,194,analogy_card_47749,analogy,card,"Analogy Task. Find the transformation rule in the Example and apply it to the Test.
Example: 8-5-K transforms to K-5-8
Test: 5-A-9 transforms to?
Question: Choose the correct transformation.","{""A"": ""9-A-5"", ""B"": ""9-5-A""}",A
Struct Bench v2,195,legality_card_17104,legality,card,"Rule: In this sequence, the symbol '2' must always be followed immediately by 'Q'.
Sequence: 2 Q 2 Q 2 Q 9 10 2 Q 10 J 2 Q 7
Question: Is this sequence legal according to the rule?","{""A"": ""Yes"", ""B"": ""No""}",B
Struct Bench v2,196,legality_card_42395,legality,card,"Rule: In this sequence, the symbol '9' must always be followed immediately by '10'.
Sequence: 9 10 9 10 9 10 3 7 9 10 9 10
Question: Is this sequence legal according to the rule?","{""A"": ""Yes"", ""B"": ""No""}",A
Struct Bench v2,197,legality_abstract_84945,legality,abstract,"Rule: In this sequence, the symbol 'A' must always be followed immediately by 'G'.
Sequence: A G A G A G 8 5 A G A
Question: Is this sequence legal according to the rule?","{""A"": ""Yes"", ""B"": ""No""}",B
Struct Bench v2,198,analogy_abstract_85328,analogy,abstract,"Analogy Task. Find the transformation rule in the Example and apply it to the Test.
Example: 5-3-7 transforms to 7-3-5
Test: Z-G-I transforms to?
Question: Choose the correct transformation.","{""A"": ""I-G-Z"", ""B"": ""I-Z-G""}",A
Struct Bench v2,199,analogy_card_33257,analogy,card,"Analogy Task. Find the transformation rule in the Example and apply it to the Test.
Example: 6-3-A transforms to A-3-6
Test: 6-9-A transforms to?
Question: Choose the correct transformation.","{""A"": ""A-9-6"", ""B"": ""A-6-9""}",A
Struct Bench v2,200,legality_card_76860,legality,card,"Rule: In this sequence, the symbol 'A' must always be followed immediately by '8'.
Sequence: A 8 A 8 A 8 A 8 A 8 K
Question: Is this sequence legal according to the rule?","{""A"": ""Yes"", ""B"": ""No""}",B
Struct Bench v2,201,legality_card_69759,legality,card,"Rule: In this sequence, the symbol '3' must always be followed immediately by '5'.
Sequence: 3 5 3 5 6 7 3 5 4 10 3 5
Question: Is this sequence legal according to the rule?","{""A"": ""Yes"", ""B"": ""No""}",A
Struct Bench v2,202,analogy_abstract_45230,analogy,abstract,"Analogy Task. Find the transformation rule in the Example and apply it to the Test.
Example: 5-1-0 transforms to 0-1-5
Test: G-V-C transforms to?
Question: Choose the correct transformation.","{""A"": ""C-G-V"", ""B"": ""C-V-G""}",B
Struct Bench v2,203,analogy_card_18225,analogy,card,"Analogy Task. Find the transformation rule in the Example and apply it to the Test.
Example: 9-6-3 transforms to 3-6-9
Test: 9-A-5 transforms to?
Question: Choose the correct transformation.","{""A"": ""5-9-A"", ""B"": ""5-A-9""}",B
Struct Bench v2,204,legality_card_90594,legality,card,"Rule: In this sequence, the symbol 'J' must always be followed immediately by '7'.
Sequence: J 7 J 7 A 8 J 7 K 9 J 7 J 7
Question: Is this sequence legal according to the rule?","{""A"": ""Yes"", ""B"": ""No""}",A
Struct Bench v2,205,legality_card_14138,legality,card,"Rule: In this sequence, the symbol '9' must always be followed immediately by 'K'.
Sequence: 9 K 9 K 9 K 7 5 9 K 4 5 9 6
Question: Is this sequence legal according to the rule?","{""A"": ""Yes"", ""B"": ""No""}",B
Struct Bench v2,206,legality_abstract_75776,legality,abstract,"Rule: In this sequence, the symbol 'D' must always be followed immediately by 'J'.
Sequence: D J D J D M
Question: Is this sequence legal according to the rule?","{""A"": ""Yes"", ""B"": ""No""}",B
Struct Bench v2,207,legality_card_61383,legality,card,"Rule: In this sequence, the symbol 'A' must always be followed immediately by 'Q'.
Sequence: A Q A Q A Q A 4
Question: Is this sequence legal according to the rule?","{""A"": ""Yes"", ""B"": ""No""}",B
Struct Bench v2,208,legality_card_53626,legality,card,"Rule: In this sequence, the symbol '6' must always be followed immediately by 'J'.
Sequence: 6 J 6 J 6 J
Question: Is this sequence legal according to the rule?","{""A"": ""Yes"", ""B"": ""No""}",A
Struct Bench v2,209,analogy_abstract_99138,analogy,abstract,"Analogy Task. Find the transformation rule in the Example and apply it to the Test.
Example: 9-3-6 transforms to 6-3-9
Test: O-H-R transforms to?
Question: Choose the correct transformation.","{""A"": ""R-O-H"", ""B"": ""R-H-O""}",B
Struct Bench v2,210,analogy_abstract_84037,analogy,abstract,"Analogy Task. Find the transformation rule in the Example and apply it to the Test.
Example: 5-9-7 transforms to 7-9-5
Test: I-F-S transforms to?
Question: Choose the correct transformation.","{""A"": ""S-F-I"", ""B"": ""S-I-F""}",A
Struct Bench v2,211,abstract_card_61410,abstraction,card,"Identify the pattern and complete the sequence:
Sequence: 9 9 4 4 9 9 4 4 9 9 4 [MASK]
Question: Which symbol should fill the [MASK]?","{""A"": ""4"", ""B"": ""9""}",A
Struct Bench v2,212,abstract_abstract_55245,abstraction,abstract,"Identify the pattern and complete the sequence:
Sequence: C I C I C I C [MASK]
Question: Which symbol should fill the [MASK]?","{""A"": ""I"", ""B"": ""C""}",A
Struct Bench v2,213,legality_card_39689,legality,card,"Rule: In this sequence, the symbol '9' must always be followed immediately by '10'.
Sequence: 9 10 9 10 K 8 9 10
Question: Is this sequence legal according to the rule?","{""A"": ""Yes"", ""B"": ""No""}",A
Struct Bench v2,214,legality_card_48179,legality,card,"Rule: In this sequence, the symbol 'Q' must always be followed immediately by 'J'.
Sequence: Q J 9 6 Q J Q J 3 4
Question: Is this sequence legal according to the rule?","{""A"": ""Yes"", ""B"": ""No""}",B
Struct Bench v2,215,legality_abstract_47474,legality,abstract,"Rule: In this sequence, the symbol 'V' must always be followed immediately by 'C'.
Sequence: V C V C V C
Question: Is this sequence legal according to the rule?","{""A"": ""Yes"", ""B"": ""No""}",A
Struct Bench v2,216,abstract_card_84264,abstraction,card,"Identify the pattern and complete the sequence:
Sequence: A A 9 9 A A 9 [MASK]
Question: Which symbol should fill the [MASK]?","{""A"": ""9"", ""B"": ""A""}",A
Struct Bench v2,217,legality_card_73599,legality,card,"Rule: In this sequence, the symbol 'A' must always be followed immediately by 'J'.
Sequence: A J 3 5 A J 3 7 A J A J A J 2 7
Question: Is this sequence legal according to the rule?","{""A"": ""Yes"", ""B"": ""No""}",B
Struct Bench v2,218,legality_card_40870,legality,card,"Rule: In this sequence, the symbol 'Q' must always be followed immediately by 'A'.
Sequence: Q A Q A Q A Q A Q A 2 4
Question: Is this sequence legal according to the rule?","{""A"": ""Yes"", ""B"": ""No""}",B
Struct Bench v2,219,analogy_card_71705,analogy,card,"Analogy Task. Find the transformation rule in the Example and apply it to the Test.
Example: 9-10-5 transforms to 5-10-9
Test: 5-10-9 transforms to?
Question: Choose the correct transformation.","{""A"": ""9-10-5"", ""B"": ""9-5-10""}",A
Struct Bench v2,220,abstract_card_52066,abstraction,card,"Identify the pattern and complete the sequence:
Sequence: 4 7 4 7 4 7 4 [MASK]
Question: Which symbol should fill the [MASK]?","{""A"": ""7"", ""B"": ""4""}",A
Struct Bench v2,221,analogy_card_78919,analogy,card,"Analogy Task. Find the transformation rule in the Example and apply it to the Test.
Example: 3-8-A transforms to A-8-3
Test: 3-J-7 transforms to?
Question: Choose the correct transformation.","{""A"": ""7-3-J"", ""B"": ""7-J-3""}",B
Struct Bench v2,222,analogy_card_99905,analogy,card,"Analogy Task. Find the transformation rule in the Example and apply it to the Test.
Example: 7-8-2 transforms to 2-8-7
Test: J-4-3 transforms to?
Question: Choose the correct transformation.","{""A"": ""3-4-J"", ""B"": ""3-J-4""}",A
Struct Bench v2,223,analogy_card_78526,analogy,card,"Analogy Task. Find the transformation rule in the Example and apply it to the Test.
Example: 4-6-5 transforms to 5-6-4
Test: Q-8-6 transforms to?
Question: Choose the correct transformation.","{""A"": ""6-8-Q"", ""B"": ""6-Q-8""}",A
Struct Bench v2,224,legality_abstract_88501,legality,abstract,"Rule: In this sequence, the symbol 'V' must always be followed immediately by 'H'.
Sequence: V H V H V H V H 4 0
Question: Is this sequence legal according to the rule?","{""A"": ""Yes"", ""B"": ""No""}",A
Struct Bench v2,225,legality_card_57343,legality,card,"Rule: In this sequence, the symbol '10' must always be followed immediately by '8'.
Sequence: 10 8 10 8 4 A 10 8 10 8 K J 10 8
Question: Is this sequence legal according to the rule?","{""A"": ""Yes"", ""B"": ""No""}",A
Struct Bench v2,226,analogy_card_97011,analogy,card,"Analogy Task. Find the transformation rule in the Example and apply it to the Test.
Example: 7-5-10 transforms to 10-5-7
Test: K-9-5 transforms to?
Question: Choose the correct transformation.","{""A"": ""5-K-9"", ""B"": ""5-9-K""}",B
Struct Bench v2,227,abstract_abstract_40762,abstraction,abstract,"Identify the pattern and complete the sequence:
Sequence: T L T L T L T [MASK]
Question: Which symbol should fill the [MASK]?","{""A"": ""L"", ""B"": ""T""}",A
Struct Bench v2,228,abstract_card_98875,abstraction,card,"Identify the pattern and complete the sequence:
Sequence: 8 8 10 10 8 8 10 [MASK]
Question: Which symbol should fill the [MASK]?","{""A"": ""10"", ""B"": ""8""}",A
Struct Bench v2,229,analogy_abstract_64394,analogy,abstract,"Analogy Task. Find the transformation rule in the Example and apply it to the Test.
Example: 8-0-6 transforms to 6-0-8
Test: D-S-X transforms to?
Question: Choose the correct transformation.","{""A"": ""X-S-D"", ""B"": ""X-D-S""}",A
Struct Bench v2,230,abstract_card_47877,abstraction,card,"Identify the pattern and complete the sequence:
Sequence: 8 J 8 J 8 J 8 [MASK]
Question: Which symbol should fill the [MASK]?","{""A"": ""J"", ""B"": ""8""}",A
Struct Bench v2,231,analogy_card_58105,analogy,card,"Analogy Task. Find the transformation rule in the Example and apply it to the Test.
Example: 10-Q-J transforms to J-Q-10
Test: 4-5-10 transforms to?
Question: Choose the correct transformation.","{""A"": ""10-4-5"", ""B"": ""10-5-4""}",B
Struct Bench v2,232,abstract_abstract_76324,abstraction,abstract,"Identify the pattern and complete the sequence:
Sequence: G G Q Q G G Q [MASK]
Question: Which symbol should fill the [MASK]?","{""A"": ""Q"", ""B"": ""G""}",A
Struct Bench v2,233,analogy_card_78988,analogy,card,"Analogy Task. Find the transformation rule in the Example and apply it to the Test.
Example: 10-J-A transforms to A-J-10
Test: 4-Q-A transforms to?
Question: Choose the correct transformation.","{""A"": ""A-4-Q"", ""B"": ""A-Q-4""}",B
Struct Bench v2,234,analogy_card_15070,analogy,card,"Analogy Task. Find the transformation rule in the Example and apply it to the Test.
Example: J-Q-9 transforms to 9-Q-J
Test: K-J-5 transforms to?
Question: Choose the correct transformation.","{""A"": ""5-J-K"", ""B"": ""5-K-J""}",A
Struct Bench v2,235,analogy_card_72524,analogy,card,"Analogy Task. Find the transformation rule in the Example and apply it to the Test.
Example: Q-J-4 transforms to 4-J-Q
Test: 4-10-K transforms to?
Question: Choose the correct transformation.","{""A"": ""K-4-10"", ""B"": ""K-10-4""}",B
Struct Bench v2,236,analogy_abstract_36063,analogy,abstract,"Analogy Task. Find the transformation rule in the Example and apply it to the Test.
Example: 9-3-4 transforms to 4-3-9
Test: M-A-U transforms to?
Question: Choose the correct transformation.","{""A"": ""U-A-M"", ""B"": ""U-M-A""}",A
Struct Bench v2,237,abstract_abstract_84690,abstraction,abstract,"Identify the pattern and complete the sequence:
Sequence: N N X X N N X [MASK]
Question: Which symbol should fill the [MASK]?","{""A"": ""X"", ""B"": ""N""}",A
Struct Bench v2,238,analogy_abstract_70094,analogy,abstract,"Analogy Task. Find the transformation rule in the Example and apply it to the Test.
Example: 9-5-1 transforms to 1-5-9
Test: N-F-E transforms to?
Question: Choose the correct transformation.","{""A"": ""E-N-F"", ""B"": ""E-F-N""}",B
Struct Bench v2,239,legality_abstract_85943,legality,abstract,"Rule: In this sequence, the symbol 'F' must always be followed immediately by 'H'.
Sequence: F H F H F H 1
Question: Is this sequence legal according to the rule?","{""A"": ""Yes"", ""B"": ""No""}",B
Struct Bench v2,240,analogy_card_80496,analogy,card,"Analogy Task. Find the transformation rule in the Example and apply it to the Test.
Example: 4-A-K transforms to K-A-4
Test: J-9-5 transforms to?
Question: Choose the correct transformation.","{""A"": ""5-9-J"", ""B"": ""5-J-9""}",A
Struct Bench v2,241,abstract_abstract_16738,abstraction,abstract,"Identify the pattern and complete the sequence:
Sequence: T T L L T T L L T T L [MASK]
Question: Which symbol should fill the [MASK]?","{""A"": ""L"", ""B"": ""T""}",A
Struct Bench v2,242,analogy_abstract_25794,analogy,abstract,"Analogy Task. Find the transformation rule in the Example and apply it to the Test.
Example: 5-6-8 transforms to 8-6-5
Test: S-A-I transforms to?
Question: Choose the correct transformation.","{""A"": ""I-A-S"", ""B"": ""I-S-A""}",A
Struct Bench v2,243,legality_card_55276,legality,card,"Rule: In this sequence, the symbol 'A' must always be followed immediately by '10'.
Sequence: A 10 A 10 2 5 A 10 5 2 A 10 A 10 6 9
Question: Is this sequence legal according to the rule?","{""A"": ""Yes"", ""B"": ""No""}",A
Struct Bench v2,244,abstract_abstract_88473,abstraction,abstract,"Identify the pattern and complete the sequence:
Sequence: D I D I D I D [MASK]
Question: Which symbol should fill the [MASK]?","{""A"": ""I"", ""B"": ""D""}",A
Struct Bench v2,245,legality_card_13813,legality,card,"Rule: In this sequence, the symbol '9' must always be followed immediately by 'K'.
Sequence: 9 K 9 K 9 K
Question: Is this sequence legal according to the rule?","{""A"": ""Yes"", ""B"": ""No""}",A
Struct Bench v2,246,legality_card_44486,legality,card,"Rule: In this sequence, the symbol '5' must always be followed immediately by '10'.
Sequence: 5 10 5 10 5 10 5 10
Question: Is this sequence legal according to the rule?","{""A"": ""Yes"", ""B"": ""No""}",A
Struct Bench v2,247,abstract_card_86736,abstraction,card,"Identify the pattern and complete the sequence:
Sequence: A A Q Q A A Q [MASK]
Question: Which symbol should fill the [MASK]?","{""A"": ""Q"", ""B"": ""A""}",A
Struct Bench v2,248,legality_abstract_99627,legality,abstract,"Rule: In this sequence, the symbol 'I' must always be followed immediately by 'N'.
Sequence: I N 2 4 I N 9 6 I N I D
Question: Is this sequence legal according to the rule?","{""A"": ""Yes"", ""B"": ""No""}",B
Struct Bench v2,249,abstract_card_76946,abstraction,card,"Identify the pattern and complete the sequence:
Sequence: 6 7 6 7 6 [MASK]
Question: Which symbol should fill the [MASK]?","{""A"": ""7"", ""B"": ""6""}",A
Struct Bench v2,250,analogy_abstract_56619,analogy,abstract,"Analogy Task. Find the transformation rule in the Example and apply it to the Test.
Example: 6-5-2 transforms to 2-5-6
Test: T-O-L transforms to?
Question: Choose the correct transformation.","{""A"": ""L-T-O"", ""B"": ""L-O-T""}",B
Struct Bench v2,251,legality_abstract_27628,legality,abstract,"Rule: In this sequence, the symbol 'F' must always be followed immediately by 'X'.
Sequence: F X F X F X F X F
Question: Is this sequence legal according to the rule?","{""A"": ""Yes"", ""B"": ""No""}",B
Struct Bench v2,252,analogy_card_76766,analogy,card,"Analogy Task. Find the transformation rule in the Example and apply it to the Test.
Example: 4-9-10 transforms to 10-9-4
Test: 8-Q-6 transforms to?
Question: Choose the correct transformation.","{""A"": ""6-8-Q"", ""B"": ""6-Q-8""}",B
Struct Bench v2,253,abstract_card_23506,abstraction,card,"Identify the pattern and complete the sequence:
Sequence: J 2 J 2 J 2 J [MASK]
Question: Which symbol should fill the [MASK]?","{""A"": ""2"", ""B"": ""J""}",A
Struct Bench v2,254,legality_card_75192,legality,card,"Rule: In this sequence, the symbol 'J' must always be followed immediately by '3'.
Sequence: J 3 J 3 4 A J 3 6 8 J 6
Question: Is this sequence legal according to the rule?","{""A"": ""Yes"", ""B"": ""No""}",B
Struct Bench v2,255,legality_abstract_11982,legality,abstract,"Rule: In this sequence, the symbol 'Y' must always be followed immediately by 'P'.
Sequence: Y P 3 4 Y P 9 8 Y P 7 4 Y P Y J
Question: Is this sequence legal according to the rule?","{""A"": ""Yes"", ""B"": ""No""}",B
Struct Bench v2,256,abstract_abstract_54830,abstraction,abstract,"Identify the pattern and complete the sequence:
Sequence: P A P A P [MASK]
Question: Which symbol should fill the [MASK]?","{""A"": ""A"", ""B"": ""P""}",A
Struct Bench v2,257,abstract_abstract_90703,abstraction,abstract,"Identify the pattern and complete the sequence:
Sequence: E K E K E [MASK]
Question: Which symbol should fill the [MASK]?","{""A"": ""K"", ""B"": ""E""}",A
Struct Bench v2,258,analogy_card_36815,analogy,card,"Analogy Task. Find the transformation rule in the Example and apply it to the Test.
Example: 9-J-5 transforms to 5-J-9
Test: 5-10-8 transforms to?
Question: Choose the correct transformation.","{""A"": ""8-10-5"", ""B"": ""8-5-10""}",A
Struct Bench v2,259,analogy_card_18105,analogy,card,"Analogy Task. Find the transformation rule in the Example and apply it to the Test.
Example: 5-10-7 transforms to 7-10-5
Test: 2-4-6 transforms to?
Question: Choose the correct transformation.","{""A"": ""6-2-4"", ""B"": ""6-4-2""}",B
Struct Bench v2,260,legality_abstract_28661,legality,abstract,"Rule: In this sequence, the symbol 'A' must always be followed immediately by 'X'.
Sequence: A X A X A X A O
Question: Is this sequence legal according to the rule?","{""A"": ""Yes"", ""B"": ""No""}",B
Struct Bench v2,261,legality_card_69383,legality,card,"Rule: In this sequence, the symbol 'J' must always be followed immediately by '3'.
Sequence: J 3 J 3 J 3 K
Question: Is this sequence legal according to the rule?","{""A"": ""Yes"", ""B"": ""No""}",B
Struct Bench v2,262,legality_card_85565,legality,card,"Rule: In this sequence, the symbol 'A' must always be followed immediately by '3'.
Sequence: A 3 A 3 Q 10 A 3 A 3 A 3 Q
Question: Is this sequence legal according to the rule?","{""A"": ""Yes"", ""B"": ""No""}",B
Struct Bench v2,263,analogy_abstract_48490,analogy,abstract,"Analogy Task. Find the transformation rule in the Example and apply it to the Test.
Example: 2-9-6 transforms to 6-9-2
Test: O-X-C transforms to?
Question: Choose the correct transformation.","{""A"": ""C-X-O"", ""B"": ""C-O-X""}",A
Struct Bench v2,264,legality_abstract_31143,legality,abstract,"Rule: In this sequence, the symbol 'B' must always be followed immediately by 'D'.
Sequence: B D B D 0 4 B D 8 7 B
Question: Is this sequence legal according to the rule?","{""A"": ""Yes"", ""B"": ""No""}",B
Struct Bench v2,265,legality_abstract_81428,legality,abstract,"Rule: In this sequence, the symbol 'W' must always be followed immediately by 'A'.
Sequence: W A W A W A W
Question: Is this sequence legal according to the rule?","{""A"": ""Yes"", ""B"": ""No""}",B
Struct Bench v2,266,legality_abstract_76545,legality,abstract,"Rule: In this sequence, the symbol 'B' must always be followed immediately by 'U'.
Sequence: B U 2 1 B U B U 7 5 B U B U 5
Question: Is this sequence legal according to the rule?","{""A"": ""Yes"", ""B"": ""No""}",B
Struct Bench v2,267,legality_abstract_49804,legality,abstract,"Rule: In this sequence, the symbol 'S' must always be followed immediately by 'A'.
Sequence: S A S A 2 3 S A 3 1 S A 8 6
Question: Is this sequence legal according to the rule?","{""A"": ""Yes"", ""B"": ""No""}",A
Struct Bench v2,268,abstract_card_84369,abstraction,card,"Identify the pattern and complete the sequence:
Sequence: 8 8 6 6 8 8 6 [MASK]
Question: Which symbol should fill the [MASK]?","{""A"": ""6"", ""B"": ""8""}",A
Struct Bench v2,269,analogy_abstract_86422,analogy,abstract,"Analogy Task. Find the transformation rule in the Example and apply it to the Test.
Example: 6-3-2 transforms to 2-3-6
Test: D-Z-N transforms to?
Question: Choose the correct transformation.","{""A"": ""N-Z-D"", ""B"": ""N-D-Z""}",A
Struct Bench v2,270,abstract_abstract_29647,abstraction,abstract,"Identify the pattern and complete the sequence:
Sequence: Q W Q W Q W Q [MASK]
Question: Which symbol should fill the [MASK]?","{""A"": ""W"", ""B"": ""Q""}",A
Struct Bench v2,271,abstract_card_67385,abstraction,card,"Identify the pattern and complete the sequence:
Sequence: J J K K J J K K J J K [MASK]
Question: Which symbol should fill the [MASK]?","{""A"": ""K"", ""B"": ""J""}",A
Struct Bench v2,272,legality_card_93229,legality,card,"Rule: In this sequence, the symbol 'A' must always be followed immediately by '7'.
Sequence: A 7 A 7 A 7 A 7
Question: Is this sequence legal according to the rule?","{""A"": ""Yes"", ""B"": ""No""}",A
Struct Bench v2,273,abstract_abstract_81334,abstraction,abstract,"Identify the pattern and complete the sequence:
Sequence: Z V Z V Z V Z [MASK]
Question: Which symbol should fill the [MASK]?","{""A"": ""V"", ""B"": ""Z""}",A
Struct Bench v2,274,analogy_abstract_76724,analogy,abstract,"Analogy Task. Find the transformation rule in the Example and apply it to the Test.
Example: 7-3-5 transforms to 5-3-7
Test: R-I-E transforms to?
Question: Choose the correct transformation.","{""A"": ""E-I-R"", ""B"": ""E-R-I""}",A
Struct Bench v2,275,abstract_card_33764,abstraction,card,"Identify the pattern and complete the sequence:
Sequence: A A 10 10 A A 10 [MASK]
Question: Which symbol should fill the [MASK]?","{""A"": ""10"", ""B"": ""A""}",A
Struct Bench v2,276,abstract_card_30603,abstraction,card,"Identify the pattern and complete the sequence:
Sequence: J J 8 8 J J 8 8 J J 8 [MASK]
Question: Which symbol should fill the [MASK]?","{""A"": ""8"", ""B"": ""J""}",A
Struct Bench v2,277,legality_abstract_41687,legality,abstract,"Rule: In this sequence, the symbol 'W' must always be followed immediately by 'T'.
Sequence: W T W T W T
Question: Is this sequence legal according to the rule?","{""A"": ""Yes"", ""B"": ""No""}",A
Struct Bench v2,278,analogy_card_88008,analogy,card,"Analogy Task. Find the transformation rule in the Example and apply it to the Test.
Example: 4-2-3 transforms to 3-2-4
Test: 3-6-J transforms to?
Question: Choose the correct transformation.","{""A"": ""J-3-6"", ""B"": ""J-6-3""}",B
Struct Bench v2,279,analogy_card_96463,analogy,card,"Analogy Task. Find the transformation rule in the Example and apply it to the Test.
Example: J-10-A transforms to A-10-J
Test: 2-3-5 transforms to?
Question: Choose the correct transformation.","{""A"": ""5-2-3"", ""B"": ""5-3-2""}",B
Struct Bench v2,280,analogy_abstract_41370,analogy,abstract,"Analogy Task. Find the transformation rule in the Example and apply it to the Test.
Example: 0-7-3 transforms to 3-7-0
Test: I-U-K transforms to?
Question: Choose the correct transformation.","{""A"": ""K-U-I"", ""B"": ""K-I-U""}",A
Struct Bench v2,281,legality_card_36599,legality,card,"Rule: In this sequence, the symbol '10' must always be followed immediately by 'Q'.
Sequence: 10 Q 10 Q 10 Q 10 K
Question: Is this sequence legal according to the rule?","{""A"": ""Yes"", ""B"": ""No""}",B
Struct Bench v2,282,abstract_abstract_49684,abstraction,abstract,"Identify the pattern and complete the sequence:
Sequence: Z P Z P Z P Z [MASK]
Question: Which symbol should fill the [MASK]?","{""A"": ""P"", ""B"": ""Z""}",A
Struct Bench v2,283,abstract_card_87803,abstraction,card,"Identify the pattern and complete the sequence:
Sequence: 8 8 A A 8 8 A A 8 8 A [MASK]
Question: Which symbol should fill the [MASK]?","{""A"": ""A"", ""B"": ""8""}",A
Struct Bench v2,284,legality_card_18976,legality,card,"Rule: In this sequence, the symbol 'K' must always be followed immediately by '9'.
Sequence: K 9 K 9 K 9 K 3
Question: Is this sequence legal according to the rule?","{""A"": ""Yes"", ""B"": ""No""}",B
Struct Bench v2,285,abstract_abstract_30121,abstraction,abstract,"Identify the pattern and complete the sequence:
Sequence: K K Y Y K K Y Y K K Y [MASK]
Question: Which symbol should fill the [MASK]?","{""A"": ""Y"", ""B"": ""K""}",A
Struct Bench v2,286,abstract_card_46757,abstraction,card,"Identify the pattern and complete the sequence:
Sequence: 6 6 5 5 6 6 5 [MASK]
Question: Which symbol should fill the [MASK]?","{""A"": ""5"", ""B"": ""6""}",A
Struct Bench v2,287,analogy_abstract_99981,analogy,abstract,"Analogy Task. Find the transformation rule in the Example and apply it to the Test.
Example: 1-5-4 transforms to 4-5-1
Test: E-U-R transforms to?
Question: Choose the correct transformation.","{""A"": ""R-E-U"", ""B"": ""R-U-E""}",B
Struct Bench v2,288,analogy_abstract_91810,analogy,abstract,"Analogy Task. Find the transformation rule in the Example and apply it to the Test.
Example: 1-0-2 transforms to 2-0-1
Test: X-W-D transforms to?
Question: Choose the correct transformation.","{""A"": ""D-W-X"", ""B"": ""D-X-W""}",A
Struct Bench v2,289,analogy_card_90235,analogy,card,"Analogy Task. Find the transformation rule in the Example and apply it to the Test.
Example: 7-J-6 transforms to 6-J-7
Test: J-K-7 transforms to?
Question: Choose the correct transformation.","{""A"": ""7-J-K"", ""B"": ""7-K-J""}",B
Struct Bench v2,290,legality_abstract_15860,legality,abstract,"Rule: In this sequence, the symbol 'I' must always be followed immediately by 'C'.
Sequence: I C 6 7 I C I C 7 5
Question: Is this sequence legal according to the rule?","{""A"": ""Yes"", ""B"": ""No""}",A
Struct Bench v2,291,legality_abstract_69095,legality,abstract,"Rule: In this sequence, the symbol 'Q' must always be followed immediately by 'U'.
Sequence: Q U Q U 9 4 Q U 6 8 Q M
Question: Is this sequence legal according to the rule?","{""A"": ""Yes"", ""B"": ""No""}",B
Struct Bench v2,292,abstract_card_96736,abstraction,card,"Identify the pattern and complete the sequence:
Sequence: 8 A 8 A 8 A 8 [MASK]
Question: Which symbol should fill the [MASK]?","{""A"": ""A"", ""B"": ""8""}",A
Struct Bench v2,293,abstract_card_77875,abstraction,card,"Identify the pattern and complete the sequence:
Sequence: 9 7 9 7 9 7 9 [MASK]
Question: Which symbol should fill the [MASK]?","{""A"": ""7"", ""B"": ""9""}",A
Struct Bench v2,294,legality_abstract_98410,legality,abstract,"Rule: In this sequence, the symbol 'H' must always be followed immediately by 'C'.
Sequence: H C H C H C H C 9
Question: Is this sequence legal according to the rule?","{""A"": ""Yes"", ""B"": ""No""}",B
Struct Bench v2,295,abstract_card_28771,abstraction,card,"Identify the pattern and complete the sequence:
Sequence: 4 4 2 2 4 4 2 [MASK]
Question: Which symbol should fill the [MASK]?","{""A"": ""2"", ""B"": ""4""}",A
Struct Bench v2,296,analogy_card_84798,analogy,card,"Analogy Task. Find the transformation rule in the Example and apply it to the Test.
Example: 2-9-Q transforms to Q-9-2
Test: 3-K-7 transforms to?
Question: Choose the correct transformation.","{""A"": ""7-3-K"", ""B"": ""7-K-3""}",B
Struct Bench v2,297,legality_abstract_50120,legality,abstract,"Rule: In this sequence, the symbol 'Z' must always be followed immediately by 'E'.
Sequence: Z E 1 6 Z E Z E
Question: Is this sequence legal according to the rule?","{""A"": ""Yes"", ""B"": ""No""}",A
Struct Bench v2,298,analogy_abstract_43792,analogy,abstract,"Analogy Task. Find the transformation rule in the Example and apply it to the Test.
Example: 1-6-9 transforms to 9-6-1
Test: R-A-P transforms to?
Question: Choose the correct transformation.","{""A"": ""P-A-R"", ""B"": ""P-R-A""}",A
Struct Bench v2,299,legality_abstract_50674,legality,abstract,"Rule: In this sequence, the symbol 'H' must always be followed immediately by 'X'.
Sequence: H X H X 8 5 H X H X 1 9
Question: Is this sequence legal according to the rule?","{""A"": ""Yes"", ""B"": ""No""}",A
Struct Bench v2,300,legality_card_76971,legality,card,"Rule: In this sequence, the symbol 'K' must always be followed immediately by '9'.
Sequence: K 9 4 2 K 9 K 9 K
Question: Is this sequence legal according to the rule?","{""A"": ""Yes"", ""B"": ""No""}",B
Struct Bench v2,301,abstract_card_93960,abstraction,card,"Identify the pattern and complete the sequence:
Sequence: 10 10 J J 10 10 J J 10 10 J [MASK]
Question: Which symbol should fill the [MASK]?","{""A"": ""J"", ""B"": ""10""}",A
Struct Bench v2,302,abstract_abstract_53171,abstraction,abstract,"Identify the pattern and complete the sequence:
Sequence: O Q O Q O Q O [MASK]
Question: Which symbol should fill the [MASK]?","{""A"": ""Q"", ""B"": ""O""}",A
Struct Bench v2,303,abstract_card_40503,abstraction,card,"Identify the pattern and complete the sequence:
Sequence: 9 9 6 6 9 9 6 6 9 9 6 [MASK]
Question: Which symbol should fill the [MASK]?","{""A"": ""6"", ""B"": ""9""}",A
Struct Bench v2,304,analogy_card_70531,analogy,card,"Analogy Task. Find the transformation rule in the Example and apply it to the Test.
Example: 7-8-9 transforms to 9-8-7
Test: J-5-3 transforms to?
Question: Choose the correct transformation.","{""A"": ""3-5-J"", ""B"": ""3-J-5""}",A
Struct Bench v2,305,abstract_card_51536,abstraction,card,"Identify the pattern and complete the sequence:
Sequence: 8 J 8 J 8 J 8 [MASK]
Question: Which symbol should fill the [MASK]?","{""A"": ""J"", ""B"": ""8""}",A
Struct Bench v2,306,analogy_card_25372,analogy,card,"Analogy Task. Find the transformation rule in the Example and apply it to the Test.
Example: 5-4-10 transforms to 10-4-5
Test: K-Q-8 transforms to?
Question: Choose the correct transformation.","{""A"": ""8-K-Q"", ""B"": ""8-Q-K""}",B
Struct Bench v2,307,legality_card_34987,legality,card,"Rule: In this sequence, the symbol 'Q' must always be followed immediately by '7'.
Sequence: Q 7 5 3 Q 7 6 5 Q 7 Q 7 6 J Q 7 2 5
Question: Is this sequence legal according to the rule?","{""A"": ""Yes"", ""B"": ""No""}",B
Struct Bench v2,308,legality_abstract_69154,legality,abstract,"Rule: In this sequence, the symbol 'X' must always be followed immediately by 'S'.
Sequence: X S X S 2 3 X
Question: Is this sequence legal according to the rule?","{""A"": ""Yes"", ""B"": ""No""}",B
Struct Bench v2,309,abstract_abstract_94662,abstraction,abstract,"Identify the pattern and complete the sequence:
Sequence: Q Q Y Y Q Q Y [MASK]
Question: Which symbol should fill the [MASK]?","{""A"": ""Y"", ""B"": ""Q""}",A
Struct Bench v2,310,analogy_card_67291,analogy,card,"Analogy Task. Find the transformation rule in the Example and apply it to the Test.
Example: 8-Q-9 transforms to 9-Q-8
Test: Q-4-J transforms to?
Question: Choose the correct transformation.","{""A"": ""J-Q-4"", ""B"": ""J-4-Q""}",B
Struct Bench v2,311,analogy_card_78665,analogy,card,"Analogy Task. Find the transformation rule in the Example and apply it to the Test.
Example: 10-2-K transforms to K-2-10
Test: 2-8-10 transforms to?
Question: Choose the correct transformation.","{""A"": ""10-2-8"", ""B"": ""10-8-2""}",B
Struct Bench v2,312,analogy_abstract_25407,analogy,abstract,"Analogy Task. Find the transformation rule in the Example and apply it to the Test.
Example: 3-2-0 transforms to 0-2-3
Test: X-R-Z transforms to?
Question: Choose the correct transformation.","{""A"": ""Z-R-X"", ""B"": ""Z-X-R""}",A
Struct Bench v2,313,legality_abstract_71664,legality,abstract,"Rule: In this sequence, the symbol 'V' must always be followed immediately by 'G'.
Sequence: V G V G V G 0 3
Question: Is this sequence legal according to the rule?","{""A"": ""Yes"", ""B"": ""No""}",A
Struct Bench v2,314,abstract_abstract_15763,abstraction,abstract,"Identify the pattern and complete the sequence:
Sequence: V F V F V F V [MASK]
Question: Which symbol should fill the [MASK]?","{""A"": ""F"", ""B"": ""V""}",A
Struct Bench v2,315,abstract_card_32516,abstraction,card,"Identify the pattern and complete the sequence:
Sequence: Q 4 Q 4 Q 4 Q [MASK]
Question: Which symbol should fill the [MASK]?","{""A"": ""4"", ""B"": ""Q""}",A
Struct Bench v2,316,legality_card_64137,legality,card,"Rule: In this sequence, the symbol 'Q' must always be followed immediately by 'J'.
Sequence: Q J 9 2 Q J Q J 7 A Q J
Question: Is this sequence legal according to the rule?","{""A"": ""Yes"", ""B"": ""No""}",A
Struct Bench v2,317,abstract_abstract_62412,abstraction,abstract,"Identify the pattern and complete the sequence:
Sequence: X X W W X X W W X X W [MASK]
Question: Which symbol should fill the [MASK]?","{""A"": ""W"", ""B"": ""X""}",A
Struct Bench v2,318,legality_card_51391,legality,card,"Rule: In this sequence, the symbol '2' must always be followed immediately by '10'.
Sequence: 2 10 7 A 2 10 J 3 2 10 2 10 2 10 9 A
Question: Is this sequence legal according to the rule?","{""A"": ""Yes"", ""B"": ""No""}",A
Struct Bench v2,319,analogy_card_78902,analogy,card,"Analogy Task. Find the transformation rule in the Example and apply it to the Test.
Example: 3-J-6 transforms to 6-J-3
Test: 9-J-A transforms to?
Question: Choose the correct transformation.","{""A"": ""A-J-9"", ""B"": ""A-9-J""}",A
Struct Bench v2,320,analogy_card_51017,analogy,card,"Analogy Task. Find the transformation rule in the Example and apply it to the Test.
Example: 9-5-2 transforms to 2-5-9
Test: J-K-7 transforms to?
Question: Choose the correct transformation.","{""A"": ""7-J-K"", ""B"": ""7-K-J""}",B
Struct Bench v2,321,analogy_abstract_91226,analogy,abstract,"Analogy Task. Find the transformation rule in the Example and apply it to the Test.
Example: 3-6-0 transforms to 0-6-3
Test: J-I-B transforms to?
Question: Choose the correct transformation.","{""A"": ""B-I-J"", ""B"": ""B-J-I""}",A
Struct Bench v2,322,analogy_card_26346,analogy,card,"Analogy Task. Find the transformation rule in the Example and apply it to the Test.
Example: 3-Q-6 transforms to 6-Q-3
Test: J-5-A transforms to?
Question: Choose the correct transformation.","{""A"": ""A-J-5"", ""B"": ""A-5-J""}",B
Struct Bench v2,323,legality_card_31011,legality,card,"Rule: In this sequence, the symbol 'Q' must always be followed immediately by 'A'.
Sequence: Q A Q A Q A Q A 9
Question: Is this sequence legal according to the rule?","{""A"": ""Yes"", ""B"": ""No""}",B
Struct Bench v2,324,legality_card_45641,legality,card,"Rule: In this sequence, the symbol 'K' must always be followed immediately by 'J'.
Sequence: K J K J 3 A K J K J K J
Question: Is this sequence legal according to the rule?","{""A"": ""Yes"", ""B"": ""No""}",A
Struct Bench v2,325,analogy_card_64777,analogy,card,"Analogy Task. Find the transformation rule in the Example and apply it to the Test.
Example: 8-A-2 transforms to 2-A-8
Test: 6-5-7 transforms to?
Question: Choose the correct transformation.","{""A"": ""7-5-6"", ""B"": ""7-6-5""}",A
Struct Bench v2,326,abstract_card_19022,abstraction,card,"Identify the pattern and complete the sequence:
Sequence: 5 5 8 8 5 5 8 [MASK]
Question: Which symbol should fill the [MASK]?","{""A"": ""8"", ""B"": ""5""}",A
Struct Bench v2,327,analogy_card_70231,analogy,card,"Analogy Task. Find the transformation rule in the Example and apply it to the Test.
Example: 6-K-8 transforms to 8-K-6
Test: 2-3-5 transforms to?
Question: Choose the correct transformation.","{""A"": ""5-2-3"", ""B"": ""5-3-2""}",B
Struct Bench v2,328,analogy_card_96454,analogy,card,"Analogy Task. Find the transformation rule in the Example and apply it to the Test.
Example: 6-J-Q transforms to Q-J-6
Test: 5-9-3 transforms to?
Question: Choose the correct transformation.","{""A"": ""3-5-9"", ""B"": ""3-9-5""}",B
Struct Bench v2,329,legality_card_47736,legality,card,"Rule: In this sequence, the symbol 'K' must always be followed immediately by '8'.
Sequence: K 8 K 8 6 5 K 8 Q 2 K
Question: Is this sequence legal according to the rule?","{""A"": ""Yes"", ""B"": ""No""}",B
Struct Bench v2,330,abstract_abstract_22726,abstraction,abstract,"Identify the pattern and complete the sequence:
Sequence: Z Y Z Y Z Y Z [MASK]
Question: Which symbol should fill the [MASK]?","{""A"": ""Y"", ""B"": ""Z""}",A
Struct Bench v2,331,legality_card_97180,legality,card,"Rule: In this sequence, the symbol '8' must always be followed immediately by 'J'.
Sequence: 8 J 10 2 8 J K 5 8 J 6
Question: Is this sequence legal according to the rule?","{""A"": ""Yes"", ""B"": ""No""}",B
Struct Bench v2,332,analogy_card_56183,analogy,card,"Analogy Task. Find the transformation rule in the Example and apply it to the Test.
Example: K-7-A transforms to A-7-K
Test: 2-A-4 transforms to?
Question: Choose the correct transformation.","{""A"": ""4-A-2"", ""B"": ""4-2-A""}",A
Struct Bench v2,333,abstract_card_98190,abstraction,card,"Identify the pattern and complete the sequence:
Sequence: 7 8 7 8 7 [MASK]
Question: Which symbol should fill the [MASK]?","{""A"": ""8"", ""B"": ""7""}",A
Struct Bench v2,334,abstract_abstract_57048,abstraction,abstract,"Identify the pattern and complete the sequence:
Sequence: K K Q Q K K Q [MASK]
Question: Which symbol should fill the [MASK]?","{""A"": ""Q"", ""B"": ""K""}",A
Struct Bench v2,335,analogy_abstract_44658,analogy,abstract,"Analogy Task. Find the transformation rule in the Example and apply it to the Test.
Example: 7-1-9 transforms to 9-1-7
Test: K-H-J transforms to?
Question: Choose the correct transformation.","{""A"": ""J-H-K"", ""B"": ""J-K-H""}",A
Struct Bench v2,336,abstract_abstract_27642,abstraction,abstract,"Identify the pattern and complete the sequence:
Sequence: G G F F G G F [MASK]
Question: Which symbol should fill the [MASK]?","{""A"": ""F"", ""B"": ""G""}",A
Struct Bench v2,337,abstract_abstract_83908,abstraction,abstract,"Identify the pattern and complete the sequence:
Sequence: Q F Q F Q [MASK]
Question: Which symbol should fill the [MASK]?","{""A"": ""F"", ""B"": ""Q""}",A
Struct Bench v2,338,abstract_card_23312,abstraction,card,"Identify the pattern and complete the sequence:
Sequence: 7 7 5 5 7 7 5 [MASK]
Question: Which symbol should fill the [MASK]?","{""A"": ""5"", ""B"": ""7""}",A
Struct Bench v2,339,analogy_abstract_44340,analogy,abstract,"Analogy Task. Find the transformation rule in the Example and apply it to the Test.
Example: 4-5-0 transforms to 0-5-4
Test: S-E-U transforms to?
Question: Choose the correct transformation.","{""A"": ""U-E-S"", ""B"": ""U-S-E""}",A
Struct Bench v2,340,legality_abstract_18741,legality,abstract,"Rule: In this sequence, the symbol 'T' must always be followed immediately by 'V'.
Sequence: T V T V 9 6 T V 1 8
Question: Is this sequence legal according to the rule?","{""A"": ""Yes"", ""B"": ""No""}",A
Struct Bench v2,341,analogy_abstract_56952,analogy,abstract,"Analogy Task. Find the transformation rule in the Example and apply it to the Test.
Example: 5-3-2 transforms to 2-3-5
Test: B-P-N transforms to?
Question: Choose the correct transformation.","{""A"": ""N-P-B"", ""B"": ""N-B-P""}",A
Struct Bench v2,342,analogy_abstract_16025,analogy,abstract,"Analogy Task. Find the transformation rule in the Example and apply it to the Test.
Example: 3-1-0 transforms to 0-1-3
Test: A-V-T transforms to?
Question: Choose the correct transformation.","{""A"": ""T-A-V"", ""B"": ""T-V-A""}",B
Struct Bench v2,343,analogy_abstract_60105,analogy,abstract,"Analogy Task. Find the transformation rule in the Example and apply it to the Test.
Example: 6-5-7 transforms to 7-5-6
Test: Z-I-S transforms to?
Question: Choose the correct transformation.","{""A"": ""S-I-Z"", ""B"": ""S-Z-I""}",A
Struct Bench v2,344,abstract_card_82361,abstraction,card,"Identify the pattern and complete the sequence:
Sequence: K K 4 4 K K 4 4 K K 4 [MASK]
Question: Which symbol should fill the [MASK]?","{""A"": ""4"", ""B"": ""K""}",A
Struct Bench v2,345,legality_abstract_96357,legality,abstract,"Rule: In this sequence, the symbol 'B' must always be followed immediately by 'N'.
Sequence: B N 1 4 B N B N 8 7 B N
Question: Is this sequence legal according to the rule?","{""A"": ""Yes"", ""B"": ""No""}",A
Struct Bench v2,346,abstract_abstract_84753,abstraction,abstract,"Identify the pattern and complete the sequence:
Sequence: I I H H I I H H I I H [MASK]
Question: Which symbol should fill the [MASK]?","{""A"": ""H"", ""B"": ""I""}",A
Struct Bench v2,347,legality_abstract_61478,legality,abstract,"Rule: In this sequence, the symbol 'O' must always be followed immediately by 'L'.
Sequence: O L O L 5 1 O L
Question: Is this sequence legal according to the rule?","{""A"": ""Yes"", ""B"": ""No""}",A
Struct Bench v2,348,analogy_abstract_27632,analogy,abstract,"Analogy Task. Find the transformation rule in the Example and apply it to the Test.
Example: 1-5-0 transforms to 0-5-1
Test: X-G-B transforms to?
Question: Choose the correct transformation.","{""A"": ""B-X-G"", ""B"": ""B-G-X""}",B
Struct Bench v2,349,analogy_abstract_80846,analogy,abstract,"Analogy Task. Find the transformation rule in the Example and apply it to the Test.
Example: 1-2-3 transforms to 3-2-1
Test: U-M-J transforms to?
Question: Choose the correct transformation.","{""A"": ""J-U-M"", ""B"": ""J-M-U""}",B
Struct Bench v2,350,abstract_abstract_13461,abstraction,abstract,"Identify the pattern and complete the sequence:
Sequence: L L A A L L A [MASK]
Question: Which symbol should fill the [MASK]?","{""A"": ""A"", ""B"": ""L""}",A
Struct Bench v2,351,abstract_card_34329,abstraction,card,"Identify the pattern and complete the sequence:
Sequence: 4 6 4 6 4 6 4 [MASK]
Question: Which symbol should fill the [MASK]?","{""A"": ""6"", ""B"": ""4""}",A
Struct Bench v2,352,analogy_abstract_77717,analogy,abstract,"Analogy Task. Find the transformation rule in the Example and apply it to the Test.
Example: 3-2-8 transforms to 8-2-3
Test: P-U-N transforms to?
Question: Choose the correct transformation.","{""A"": ""N-U-P"", ""B"": ""N-P-U""}",A
Struct Bench v2,353,legality_card_58915,legality,card,"Rule: In this sequence, the symbol '10' must always be followed immediately by '9'.
Sequence: 10 9 10 9 10 9
Question: Is this sequence legal according to the rule?","{""A"": ""Yes"", ""B"": ""No""}",A
Struct Bench v2,354,analogy_abstract_59689,analogy,abstract,"Analogy Task. Find the transformation rule in the Example and apply it to the Test.
Example: 6-9-8 transforms to 8-9-6
Test: F-X-L transforms to?
Question: Choose the correct transformation.","{""A"": ""L-F-X"", ""B"": ""L-X-F""}",B
Struct Bench v2,355,analogy_card_63329,analogy,card,"Analogy Task. Find the transformation rule in the Example and apply it to the Test.
Example: 8-2-A transforms to A-2-8
Test: 8-10-4 transforms to?
Question: Choose the correct transformation.","{""A"": ""4-8-10"", ""B"": ""4-10-8""}",B
Struct Bench v2,356,legality_card_41227,legality,card,"Rule: In this sequence, the symbol '10' must always be followed immediately by '7'.
Sequence: 10 7 10 7 10 7 10 7 10 7 3 8
Question: Is this sequence legal according to the rule?","{""A"": ""Yes"", ""B"": ""No""}",A
Struct Bench v2,357,analogy_abstract_31560,analogy,abstract,"Analogy Task. Find the transformation rule in the Example and apply it to the Test.
Example: 5-3-6 transforms to 6-3-5
Test: A-X-S transforms to?
Question: Choose the correct transformation.","{""A"": ""S-X-A"", ""B"": ""S-A-X""}",A
Struct Bench v2,358,abstract_abstract_61539,abstraction,abstract,"Identify the pattern and complete the sequence:
Sequence: B N B N B [MASK]
Question: Which symbol should fill the [MASK]?","{""A"": ""N"", ""B"": ""B""}",A
Struct Bench v2,359,analogy_abstract_71055,analogy,abstract,"Analogy Task. Find the transformation rule in the Example and apply it to the Test.
Example: 4-2-7 transforms to 7-2-4
Test: R-E-N transforms to?
Question: Choose the correct transformation.","{""A"": ""N-E-R"", ""B"": ""N-R-E""}",A
Struct Bench v2,360,abstract_card_36497,abstraction,card,"Identify the pattern and complete the sequence:
Sequence: 10 10 5 5 10 10 5 [MASK]
Question: Which symbol should fill the [MASK]?","{""A"": ""5"", ""B"": ""10""}",A
Struct Bench v2,361,abstract_card_98611,abstraction,card,"Identify the pattern and complete the sequence:
Sequence: 9 8 9 8 9 8 9 [MASK]
Question: Which symbol should fill the [MASK]?","{""A"": ""8"", ""B"": ""9""}",A
Struct Bench v2,362,abstract_card_81180,abstraction,card,"Identify the pattern and complete the sequence:
Sequence: 10 9 10 9 10 9 10 [MASK]
Question: Which symbol should fill the [MASK]?","{""A"": ""9"", ""B"": ""10""}",A
Struct Bench v2,363,analogy_card_85190,analogy,card,"Analogy Task. Find the transformation rule in the Example and apply it to the Test.
Example: J-10-K transforms to K-10-J
Test: 7-10-J transforms to?
Question: Choose the correct transformation.","{""A"": ""J-10-7"", ""B"": ""J-7-10""}",A
Struct Bench v2,364,legality_abstract_26705,legality,abstract,"Rule: In this sequence, the symbol 'G' must always be followed immediately by 'L'.
Sequence: G L G L 4 7 G L G L G L
Question: Is this sequence legal according to the rule?","{""A"": ""Yes"", ""B"": ""No""}",A
Struct Bench v2,365,analogy_card_65060,analogy,card,"Analogy Task. Find the transformation rule in the Example and apply it to the Test.
Example: 8-K-4 transforms to 4-K-8
Test: 4-J-A transforms to?
Question: Choose the correct transformation.","{""A"": ""A-J-4"", ""B"": ""A-4-J""}",A
Struct Bench v2,366,analogy_abstract_73837,analogy,abstract,"Analogy Task. Find the transformation rule in the Example and apply it to the Test.
Example: 7-3-0 transforms to 0-3-7
Test: X-I-M transforms to?
Question: Choose the correct transformation.","{""A"": ""M-I-X"", ""B"": ""M-X-I""}",A
Struct Bench v2,367,abstract_card_68912,abstraction,card,"Identify the pattern and complete the sequence:
Sequence: 10 2 10 2 10 [MASK]
Question: Which symbol should fill the [MASK]?","{""A"": ""2"", ""B"": ""10""}",A
Struct Bench v2,368,analogy_abstract_50049,analogy,abstract,"Analogy Task. Find the transformation rule in the Example and apply it to the Test.
Example: 5-4-7 transforms to 7-4-5
Test: V-K-W transforms to?
Question: Choose the correct transformation.","{""A"": ""W-K-V"", ""B"": ""W-V-K""}",A
Struct Bench v2,369,legality_abstract_63140,legality,abstract,"Rule: In this sequence, the symbol 'B' must always be followed immediately by 'D'.
Sequence: B D B D B D B D 4 2 B D
Question: Is this sequence legal according to the rule?","{""A"": ""Yes"", ""B"": ""No""}",A
Struct Bench v2,370,abstract_abstract_21309,abstraction,abstract,"Identify the pattern and complete the sequence:
Sequence: C C L L C C L L C C L [MASK]
Question: Which symbol should fill the [MASK]?","{""A"": ""L"", ""B"": ""C""}",A
Struct Bench v2,371,legality_card_67984,legality,card,"Rule: In this sequence, the symbol 'J' must always be followed immediately by '8'.
Sequence: J 8 J 8 J 8 J 8 10 5 J 8 2 5
Question: Is this sequence legal according to the rule?","{""A"": ""Yes"", ""B"": ""No""}",A
Struct Bench v2,372,analogy_abstract_40990,analogy,abstract,"Analogy Task. Find the transformation rule in the Example and apply it to the Test.
Example: 7-4-5 transforms to 5-4-7
Test: V-Q-T transforms to?
Question: Choose the correct transformation.","{""A"": ""T-Q-V"", ""B"": ""T-V-Q""}",A
Struct Bench v2,373,legality_card_15504,legality,card,"Rule: In this sequence, the symbol 'A' must always be followed immediately by 'J'.
Sequence: A J A J A J A J Q 3
Question: Is this sequence legal according to the rule?","{""A"": ""Yes"", ""B"": ""No""}",A
Struct Bench v2,374,legality_abstract_18336,legality,abstract,"Rule: In this sequence, the symbol 'G' must always be followed immediately by 'L'.
Sequence: G L G L 6 9 G L 2 7 G L 8 P
Question: Is this sequence legal according to the rule?","{""A"": ""Yes"", ""B"": ""No""}",B
Struct Bench v2,375,abstract_card_51062,abstraction,card,"Identify the pattern and complete the sequence:
Sequence: K K J J K K J J K K J [MASK]
Question: Which symbol should fill the [MASK]?","{""A"": ""J"", ""B"": ""K""}",A
Struct Bench v2,376,legality_abstract_87242,legality,abstract,"Rule: In this sequence, the symbol 'R' must always be followed immediately by 'B'.
Sequence: R B R B R B 8 I
Question: Is this sequence legal according to the rule?","{""A"": ""Yes"", ""B"": ""No""}",B
Struct Bench v2,377,legality_card_29225,legality,card,"Rule: In this sequence, the symbol '10' must always be followed immediately by '6'.
Sequence: 10 6 10 6 10 6 10 6 10 6 9 9
Question: Is this sequence legal according to the rule?","{""A"": ""Yes"", ""B"": ""No""}",B
Struct Bench v2,378,legality_card_62218,legality,card,"Rule: In this sequence, the symbol '9' must always be followed immediately by '10'.
Sequence: 9 10 9 10 9 10 Q
Question: Is this sequence legal according to the rule?","{""A"": ""Yes"", ""B"": ""No""}",B
Struct Bench v2,379,abstract_card_39193,abstraction,card,"Identify the pattern and complete the sequence:
Sequence: 3 5 3 5 3 [MASK]
Question: Which symbol should fill the [MASK]?","{""A"": ""5"", ""B"": ""3""}",A
Struct Bench v2,380,legality_abstract_90629,legality,abstract,"Rule: In this sequence, the symbol 'K' must always be followed immediately by 'J'.
Sequence: K J K J 5 6 K J K J 7 6 K J
Question: Is this sequence legal according to the rule?","{""A"": ""Yes"", ""B"": ""No""}",A
Struct Bench v2,381,legality_abstract_91957,legality,abstract,"Rule: In this sequence, the symbol 'G' must always be followed immediately by 'F'.
Sequence: G F 9 7 G F G F G F
Question: Is this sequence legal according to the rule?","{""A"": ""Yes"", ""B"": ""No""}",A
Struct Bench v2,382,legality_abstract_82189,legality,abstract,"Rule: In this sequence, the symbol 'P' must always be followed immediately by 'Y'.
Sequence: P Y 7 1 P Y 4 2 P Y P U
Question: Is this sequence legal according to the rule?","{""A"": ""Yes"", ""B"": ""No""}",B
Struct Bench v2,383,abstract_abstract_78404,abstraction,abstract,"Identify the pattern and complete the sequence:
Sequence: P P S S P P S S P P S [MASK]
Question: Which symbol should fill the [MASK]?","{""A"": ""S"", ""B"": ""P""}",A
Struct Bench v2,384,legality_abstract_80525,legality,abstract,"Rule: In this sequence, the symbol 'Z' must always be followed immediately by 'J'.
Sequence: Z J Z J Z J
Question: Is this sequence legal according to the rule?","{""A"": ""Yes"", ""B"": ""No""}",A
Struct Bench v2,385,abstract_card_12874,abstraction,card,"Identify the pattern and complete the sequence:
Sequence: 2 3 2 3 2 3 2 [MASK]
Question: Which symbol should fill the [MASK]?","{""A"": ""3"", ""B"": ""2""}",A
Struct Bench v2,386,analogy_card_62515,analogy,card,"Analogy Task. Find the transformation rule in the Example and apply it to the Test.
Example: 2-6-7 transforms to 7-6-2
Test: J-9-5 transforms to?
Question: Choose the correct transformation.","{""A"": ""5-J-9"", ""B"": ""5-9-J""}",B
Struct Bench v2,387,analogy_card_32461,analogy,card,"Analogy Task. Find the transformation rule in the Example and apply it to the Test.
Example: Q-7-3 transforms to 3-7-Q
Test: 6-Q-2 transforms to?
Question: Choose the correct transformation.","{""A"": ""2-Q-6"", ""B"": ""2-6-Q""}",A
Struct Bench v2,388,analogy_abstract_87804,analogy,abstract,"Analogy Task. Find the transformation rule in the Example and apply it to the Test.
Example: 1-9-6 transforms to 6-9-1
Test: V-J-I transforms to?
Question: Choose the correct transformation.","{""A"": ""I-V-J"", ""B"": ""I-J-V""}",B
Struct Bench v2,389,abstract_card_27456,abstraction,card,"Identify the pattern and complete the sequence:
Sequence: 3 8 3 8 3 [MASK]
Question: Which symbol should fill the [MASK]?","{""A"": ""8"", ""B"": ""3""}",A
Struct Bench v2,390,abstract_abstract_66453,abstraction,abstract,"Identify the pattern and complete the sequence:
Sequence: Y Y F F Y Y F [MASK]
Question: Which symbol should fill the [MASK]?","{""A"": ""F"", ""B"": ""Y""}",A
Struct Bench v2,391,analogy_abstract_17483,analogy,abstract,"Analogy Task. Find the transformation rule in the Example and apply it to the Test.
Example: 8-3-7 transforms to 7-3-8
Test: N-S-K transforms to?
Question: Choose the correct transformation.","{""A"": ""K-S-N"", ""B"": ""K-N-S""}",A
Struct Bench v2,392,legality_card_22958,legality,card,"Rule: In this sequence, the symbol 'J' must always be followed immediately by '9'.
Sequence: J 9 8 A J 9 J 9 4 3 J 9 10 6 J 9 5 7
Question: Is this sequence legal according to the rule?","{""A"": ""Yes"", ""B"": ""No""}",A
Struct Bench v2,393,analogy_card_40543,analogy,card,"Analogy Task. Find the transformation rule in the Example and apply it to the Test.
Example: 6-A-9 transforms to 9-A-6
Test: 8-5-J transforms to?
Question: Choose the correct transformation.","{""A"": ""J-8-5"", ""B"": ""J-5-8""}",B
Struct Bench v2,394,abstract_card_83147,abstraction,card,"Identify the pattern and complete the sequence:
Sequence: 7 7 2 2 7 7 2 2 7 7 2 [MASK]
Question: Which symbol should fill the [MASK]?","{""A"": ""2"", ""B"": ""7""}",A
Struct Bench v2,395,abstract_abstract_56891,abstraction,abstract,"Identify the pattern and complete the sequence:
Sequence: B B L L B B L [MASK]
Question: Which symbol should fill the [MASK]?","{""A"": ""L"", ""B"": ""B""}",A
Struct Bench v2,396,abstract_card_90050,abstraction,card,"Identify the pattern and complete the sequence:
Sequence: 6 3 6 3 6 3 6 [MASK]
Question: Which symbol should fill the [MASK]?","{""A"": ""3"", ""B"": ""6""}",A
Struct Bench v2,397,legality_card_60351,legality,card,"Rule: In this sequence, the symbol '9' must always be followed immediately by 'J'.
Sequence: 9 J 2 6 9 J K A 9 J Q K
Question: Is this sequence legal according to the rule?","{""A"": ""Yes"", ""B"": ""No""}",A
Struct Bench v2,398,analogy_card_97086,analogy,card,"Analogy Task. Find the transformation rule in the Example and apply it to the Test.
Example: 3-6-7 transforms to 7-6-3
Test: 6-8-9 transforms to?
Question: Choose the correct transformation.","{""A"": ""9-8-6"", ""B"": ""9-6-8""}",A
Struct Bench v2,399,analogy_card_26610,analogy,card,"Analogy Task. Find the transformation rule in the Example and apply it to the Test.
Example: 7-Q-3 transforms to 3-Q-7
Test: 5-2-K transforms to?
Question: Choose the correct transformation.","{""A"": ""K-5-2"", ""B"": ""K-2-5""}",B
Struct Bench v2,400,analogy_card_98301,analogy,card,"Analogy Task. Find the transformation rule in the Example and apply it to the Test.
Example: Q-2-A transforms to A-2-Q
Test: 9-10-4 transforms to?
Question: Choose the correct transformation.","{""A"": ""4-9-10"", ""B"": ""4-10-9""}",B
Struct Bench v2,401,abstract_abstract_27034,abstraction,abstract,"Identify the pattern and complete the sequence:
Sequence: D O D O D O D [MASK]
Question: Which symbol should fill the [MASK]?","{""A"": ""O"", ""B"": ""D""}",A
Struct Bench v2,402,legality_abstract_10045,legality,abstract,"Rule: In this sequence, the symbol 'E' must always be followed immediately by 'F'.
Sequence: E F E F 1 5 E F 9 6
Question: Is this sequence legal according to the rule?","{""A"": ""Yes"", ""B"": ""No""}",A
Struct Bench v2,403,abstract_abstract_81032,abstraction,abstract,"Identify the pattern and complete the sequence:
Sequence: Q Q R R Q Q R [MASK]
Question: Which symbol should fill the [MASK]?","{""A"": ""R"", ""B"": ""Q""}",A
Struct Bench v2,404,abstract_card_60537,abstraction,card,"Identify the pattern and complete the sequence:
Sequence: 5 5 3 3 5 5 3 3 5 5 3 [MASK]
Question: Which symbol should fill the [MASK]?","{""A"": ""3"", ""B"": ""5""}",A
Struct Bench v2,405,abstract_card_49721,abstraction,card,"Identify the pattern and complete the sequence:
Sequence: 8 Q 8 Q 8 [MASK]
Question: Which symbol should fill the [MASK]?","{""A"": ""Q"", ""B"": ""8""}",A
Struct Bench v2,406,legality_card_15255,legality,card,"Rule: In this sequence, the symbol 'Q' must always be followed immediately by '2'.
Sequence: Q 2 3 5 Q 2 Q 2
Question: Is this sequence legal according to the rule?","{""A"": ""Yes"", ""B"": ""No""}",A
Struct Bench v2,407,legality_abstract_74861,legality,abstract,"Rule: In this sequence, the symbol 'L' must always be followed immediately by 'D'.
Sequence: L D L D 1 7 L D
Question: Is this sequence legal according to the rule?","{""A"": ""Yes"", ""B"": ""No""}",A
Struct Bench v2,408,analogy_card_47862,analogy,card,"Analogy Task. Find the transformation rule in the Example and apply it to the Test.
Example: 6-2-4 transforms to 4-2-6
Test: A-2-6 transforms to?
Question: Choose the correct transformation.","{""A"": ""6-A-2"", ""B"": ""6-2-A""}",B
Struct Bench v2,409,legality_card_18041,legality,card,"Rule: In this sequence, the symbol '4' must always be followed immediately by '5'.
Sequence: 4 5 10 K 4 5 4 5 4 5 7 8 4 2
Question: Is this sequence legal according to the rule?","{""A"": ""Yes"", ""B"": ""No""}",B
Struct Bench v2,410,legality_card_75696,legality,card,"Rule: In this sequence, the symbol 'K' must always be followed immediately by '10'.
Sequence: K 10 K 10 K 10 7
Question: Is this sequence legal according to the rule?","{""A"": ""Yes"", ""B"": ""No""}",B
Struct Bench v2,411,abstract_abstract_33445,abstraction,abstract,"Identify the pattern and complete the sequence:
Sequence: V E V E V [MASK]
Question: Which symbol should fill the [MASK]?","{""A"": ""E"", ""B"": ""V""}",A
Struct Bench v2,412,abstract_abstract_77920,abstraction,abstract,"Identify the pattern and complete the sequence:
Sequence: R M R M R M R [MASK]
Question: Which symbol should fill the [MASK]?","{""A"": ""M"", ""B"": ""R""}",A
Struct Bench v2,413,analogy_card_24776,analogy,card,"Analogy Task. Find the transformation rule in the Example and apply it to the Test.
Example: 2-A-9 transforms to 9-A-2
Test: 7-3-9 transforms to?
Question: Choose the correct transformation.","{""A"": ""9-3-7"", ""B"": ""9-7-3""}",A
Struct Bench v2,414,analogy_abstract_34216,analogy,abstract,"Analogy Task. Find the transformation rule in the Example and apply it to the Test.
Example: 5-6-8 transforms to 8-6-5
Test: L-S-F transforms to?
Question: Choose the correct transformation.","{""A"": ""F-L-S"", ""B"": ""F-S-L""}",B
Struct Bench v2,415,analogy_card_40991,analogy,card,"Analogy Task. Find the transformation rule in the Example and apply it to the Test.
Example: A-10-K transforms to K-10-A
Test: Q-2-6 transforms to?
Question: Choose the correct transformation.","{""A"": ""6-2-Q"", ""B"": ""6-Q-2""}",A
Struct Bench v2,416,abstract_abstract_52860,abstraction,abstract,"Identify the pattern and complete the sequence:
Sequence: W W K K W W K [MASK]
Question: Which symbol should fill the [MASK]?","{""A"": ""K"", ""B"": ""W""}",A
Struct Bench v2,417,analogy_abstract_58542,analogy,abstract,"Analogy Task. Find the transformation rule in the Example and apply it to the Test.
Example: 1-6-7 transforms to 7-6-1
Test: H-I-C transforms to?
Question: Choose the correct transformation.","{""A"": ""C-H-I"", ""B"": ""C-I-H""}",B
Struct Bench v2,418,abstract_abstract_87912,abstraction,abstract,"Identify the pattern and complete the sequence:
Sequence: F F I I F F I I F F I [MASK]
Question: Which symbol should fill the [MASK]?","{""A"": ""I"", ""B"": ""F""}",A
Struct Bench v2,419,legality_abstract_76388,legality,abstract,"Rule: In this sequence, the symbol 'O' must always be followed immediately by 'X'.
Sequence: O X O X 9 0 O X 9 2 O X 7 4 O X 4
Question: Is this sequence legal according to the rule?","{""A"": ""Yes"", ""B"": ""No""}",B
Struct Bench v2,420,analogy_abstract_70924,analogy,abstract,"Analogy Task. Find the transformation rule in the Example and apply it to the Test.
Example: 7-4-0 transforms to 0-4-7
Test: N-C-T transforms to?
Question: Choose the correct transformation.","{""A"": ""T-C-N"", ""B"": ""T-N-C""}",A
Struct Bench v2,421,legality_abstract_47307,legality,abstract,"Rule: In this sequence, the symbol 'M' must always be followed immediately by 'L'.
Sequence: M L 9 6 M L M L 0 4 M L 5 2 M S
Question: Is this sequence legal according to the rule?","{""A"": ""Yes"", ""B"": ""No""}",B
Struct Bench v2,422,abstract_card_47944,abstraction,card,"Identify the pattern and complete the sequence:
Sequence: K K 6 6 K K 6 6 K K 6 [MASK]
Question: Which symbol should fill the [MASK]?","{""A"": ""6"", ""B"": ""K""}",A
Struct Bench v2,423,abstract_abstract_38106,abstraction,abstract,"Identify the pattern and complete the sequence:
Sequence: R T R T R [MASK]
Question: Which symbol should fill the [MASK]?","{""A"": ""T"", ""B"": ""R""}",A
Struct Bench v2,424,analogy_card_29599,analogy,card,"Analogy Task. Find the transformation rule in the Example and apply it to the Test.
Example: Q-4-8 transforms to 8-4-Q
Test: J-6-K transforms to?
Question: Choose the correct transformation.","{""A"": ""K-6-J"", ""B"": ""K-J-6""}",A
Struct Bench v2,425,legality_abstract_16611,legality,abstract,"Rule: In this sequence, the symbol 'A' must always be followed immediately by 'Y'.
Sequence: A Y 6 7 A Y A Y 4 F
Question: Is this sequence legal according to the rule?","{""A"": ""Yes"", ""B"": ""No""}",B
Struct Bench v2,426,legality_card_50218,legality,card,"Rule: In this sequence, the symbol '9' must always be followed immediately by '6'.
Sequence: 9 6 9 6 4 2 9 4
Question: Is this sequence legal according to the rule?","{""A"": ""Yes"", ""B"": ""No""}",B
Struct Bench v2,427,legality_card_36179,legality,card,"Rule: In this sequence, the symbol '2' must always be followed immediately by 'J'.
Sequence: 2 J 2 J 2 J 2 J 6 Q 2 J 6 Q
Question: Is this sequence legal according to the rule?","{""A"": ""Yes"", ""B"": ""No""}",B
Struct Bench v2,428,legality_card_50217,legality,card,"Rule: In this sequence, the symbol '9' must always be followed immediately by '2'.
Sequence: 9 2 9 2 9 2 A 3 9
Question: Is this sequence legal according to the rule?","{""A"": ""Yes"", ""B"": ""No""}",B
Struct Bench v2,429,legality_card_98580,legality,card,"Rule: In this sequence, the symbol 'Q' must always be followed immediately by '8'.
Sequence: Q 8 Q 8 Q 8 Q 8 7 J Q 8 6
Question: Is this sequence legal according to the rule?","{""A"": ""Yes"", ""B"": ""No""}",B
Struct Bench v2,430,abstract_abstract_21448,abstraction,abstract,"Identify the pattern and complete the sequence:
Sequence: H Q H Q H Q H [MASK]
Question: Which symbol should fill the [MASK]?","{""A"": ""Q"", ""B"": ""H""}",A
Struct Bench v2,431,abstract_card_83775,abstraction,card,"Identify the pattern and complete the sequence:
Sequence: K A K A K A K [MASK]
Question: Which symbol should fill the [MASK]?","{""A"": ""A"", ""B"": ""K""}",A
Struct Bench v2,432,analogy_abstract_42606,analogy,abstract,"Analogy Task. Find the transformation rule in the Example and apply it to the Test.
Example: 1-7-2 transforms to 2-7-1
Test: Z-W-P transforms to?
Question: Choose the correct transformation.","{""A"": ""P-Z-W"", ""B"": ""P-W-Z""}",B
Struct Bench v2,433,legality_card_82154,legality,card,"Rule: In this sequence, the symbol '10' must always be followed immediately by '8'.
Sequence: 10 8 4 K 10 8 Q 5 10 8 K 4
Question: Is this sequence legal according to the rule?","{""A"": ""Yes"", ""B"": ""No""}",B
Struct Bench v2,434,abstract_card_39026,abstraction,card,"Identify the pattern and complete the sequence:
Sequence: 5 7 5 7 5 7 5 [MASK]
Question: Which symbol should fill the [MASK]?","{""A"": ""7"", ""B"": ""5""}",A
Struct Bench v2,435,legality_abstract_37484,legality,abstract,"Rule: In this sequence, the symbol 'K' must always be followed immediately by 'M'.
Sequence: K M 0 6 K M K M
Question: Is this sequence legal according to the rule?","{""A"": ""Yes"", ""B"": ""No""}",A
Struct Bench v2,436,abstract_abstract_25218,abstraction,abstract,"Identify the pattern and complete the sequence:
Sequence: U G U G U G U [MASK]
Question: Which symbol should fill the [MASK]?","{""A"": ""G"", ""B"": ""U""}",A
Struct Bench v2,437,legality_abstract_16288,legality,abstract,"Rule: In this sequence, the symbol 'Z' must always be followed immediately by 'V'.
Sequence: Z V 5 8 Z V Z V Z V 4 8 Z V
Question: Is this sequence legal according to the rule?","{""A"": ""Yes"", ""B"": ""No""}",A
Struct Bench v2,438,abstract_card_82909,abstraction,card,"Identify the pattern and complete the sequence:
Sequence: J 5 J 5 J 5 J [MASK]
Question: Which symbol should fill the [MASK]?","{""A"": ""5"", ""B"": ""J""}",A
Struct Bench v2,439,analogy_card_59653,analogy,card,"Analogy Task. Find the transformation rule in the Example and apply it to the Test.
Example: 5-6-J transforms to J-6-5
Test: 6-8-3 transforms to?
Question: Choose the correct transformation.","{""A"": ""3-6-8"", ""B"": ""3-8-6""}",B
Struct Bench v2,440,legality_abstract_48393,legality,abstract,"Rule: In this sequence, the symbol 'T' must always be followed immediately by 'P'.
Sequence: T P 4 8 T P T P 0 1
Question: Is this sequence legal according to the rule?","{""A"": ""Yes"", ""B"": ""No""}",A
Struct Bench v2,441,analogy_card_99530,analogy,card,"Analogy Task. Find the transformation rule in the Example and apply it to the Test.
Example: A-Q-2 transforms to 2-Q-A
Test: 4-K-8 transforms to?
Question: Choose the correct transformation.","{""A"": ""8-K-4"", ""B"": ""8-4-K""}",A
Struct Bench v2,442,legality_abstract_15105,legality,abstract,"Rule: In this sequence, the symbol 'L' must always be followed immediately by 'W'.
Sequence: L W L W 0 1 L W 9 2 L W L W
Question: Is this sequence legal according to the rule?","{""A"": ""Yes"", ""B"": ""No""}",A
Struct Bench v2,443,abstract_card_81548,abstraction,card,"Identify the pattern and complete the sequence:
Sequence: 3 3 5 5 3 3 5 5 3 3 5 [MASK]
Question: Which symbol should fill the [MASK]?","{""A"": ""5"", ""B"": ""3""}",A
Struct Bench v2,444,legality_abstract_36788,legality,abstract,"Rule: In this sequence, the symbol 'B' must always be followed immediately by 'N'.
Sequence: B N B N 9 8 B N 7 1 B N B Q
Question: Is this sequence legal according to the rule?","{""A"": ""Yes"", ""B"": ""No""}",B
Struct Bench v2,445,legality_abstract_17612,legality,abstract,"Rule: In this sequence, the symbol 'E' must always be followed immediately by 'V'.
Sequence: E V 8 7 E V E V 3 6 E U
Question: Is this sequence legal according to the rule?","{""A"": ""Yes"", ""B"": ""No""}",B
Struct Bench v2,446,abstract_card_40728,abstraction,card,"Identify the pattern and complete the sequence:
Sequence: 10 3 10 3 10 [MASK]
Question: Which symbol should fill the [MASK]?","{""A"": ""3"", ""B"": ""10""}",A
Struct Bench v2,447,legality_card_39754,legality,card,"Rule: In this sequence, the symbol '5' must always be followed immediately by '4'.
Sequence: 5 4 5 4 9 2 5 4 J 10 5 4
Question: Is this sequence legal according to the rule?","{""A"": ""Yes"", ""B"": ""No""}",A
Struct Bench v2,448,analogy_abstract_24827,analogy,abstract,"Analogy Task. Find the transformation rule in the Example and apply it to the Test.
Example: 7-8-4 transforms to 4-8-7
Test: B-E-T transforms to?
Question: Choose the correct transformation.","{""A"": ""T-E-B"", ""B"": ""T-B-E""}",A
Struct Bench v2,449,abstract_card_79002,abstraction,card,"Identify the pattern and complete the sequence:
Sequence: 9 9 3 3 9 9 3 3 9 9 3 [MASK]
Question: Which symbol should fill the [MASK]?","{""A"": ""3"", ""B"": ""9""}",A
Struct Bench v2,450,legality_card_64900,legality,card,"Rule: In this sequence, the symbol '7' must always be followed immediately by 'K'.
Sequence: 7 K J Q 7 K 7 K
Question: Is this sequence legal according to the rule?","{""A"": ""Yes"", ""B"": ""No""}",A
Struct Bench v2,451,analogy_card_48249,analogy,card,"Analogy Task. Find the transformation rule in the Example and apply it to the Test.
Example: 7-9-Q transforms to Q-9-7
Test: 3-10-6 transforms to?
Question: Choose the correct transformation.","{""A"": ""6-3-10"", ""B"": ""6-10-3""}",B
Struct Bench v2,452,abstract_abstract_43028,abstraction,abstract,"Identify the pattern and complete the sequence:
Sequence: P D P D P [MASK]
Question: Which symbol should fill the [MASK]?","{""A"": ""D"", ""B"": ""P""}",A
Struct Bench v2,453,abstract_abstract_62855,abstraction,abstract,"Identify the pattern and complete the sequence:
Sequence: O O A A O O A [MASK]
Question: Which symbol should fill the [MASK]?","{""A"": ""A"", ""B"": ""O""}",A
Struct Bench v2,454,legality_abstract_46553,legality,abstract,"Rule: In this sequence, the symbol 'M' must always be followed immediately by 'G'.
Sequence: M G M G M G
Question: Is this sequence legal according to the rule?","{""A"": ""Yes"", ""B"": ""No""}",A
Struct Bench v2,455,analogy_card_34117,analogy,card,"Analogy Task. Find the transformation rule in the Example and apply it to the Test.
Example: 7-Q-3 transforms to 3-Q-7
Test: K-J-6 transforms to?
Question: Choose the correct transformation.","{""A"": ""6-J-K"", ""B"": ""6-K-J""}",A
Struct Bench v2,456,analogy_abstract_41758,analogy,abstract,"Analogy Task. Find the transformation rule in the Example and apply it to the Test.
Example: 4-9-2 transforms to 2-9-4
Test: D-Z-I transforms to?
Question: Choose the correct transformation.","{""A"": ""I-D-Z"", ""B"": ""I-Z-D""}",B
Struct Bench v2,457,abstract_abstract_41487,abstraction,abstract,"Identify the pattern and complete the sequence:
Sequence: B B L L B B L [MASK]
Question: Which symbol should fill the [MASK]?","{""A"": ""L"", ""B"": ""B""}",A
Struct Bench v2,458,abstract_abstract_28525,abstraction,abstract,"Identify the pattern and complete the sequence:
Sequence: O H O H O [MASK]
Question: Which symbol should fill the [MASK]?","{""A"": ""H"", ""B"": ""O""}",A
Struct Bench v2,459,legality_card_58090,legality,card,"Rule: In this sequence, the symbol '2' must always be followed immediately by '8'.
Sequence: 2 8 2 8 A 5 2 A
Question: Is this sequence legal according to the rule?","{""A"": ""Yes"", ""B"": ""No""}",B
Struct Bench v2,460,legality_card_36425,legality,card,"Rule: In this sequence, the symbol '8' must always be followed immediately by '4'.
Sequence: 8 4 6 9 8 4 8 4 6
Question: Is this sequence legal according to the rule?","{""A"": ""Yes"", ""B"": ""No""}",B
Struct Bench v2,461,legality_abstract_17430,legality,abstract,"Rule: In this sequence, the symbol 'X' must always be followed immediately by 'U'.
Sequence: X U 6 3 X U X U X U 6 4 X S
Question: Is this sequence legal according to the rule?","{""A"": ""Yes"", ""B"": ""No""}",B
Struct Bench v2,462,abstract_card_84197,abstraction,card,"Identify the pattern and complete the sequence:
Sequence: 2 9 2 9 2 [MASK]
Question: Which symbol should fill the [MASK]?","{""A"": ""9"", ""B"": ""2""}",A
Struct Bench v2,463,abstract_abstract_72141,abstraction,abstract,"Identify the pattern and complete the sequence:
Sequence: M M J J M M J [MASK]
Question: Which symbol should fill the [MASK]?","{""A"": ""J"", ""B"": ""M""}",A
Struct Bench v2,464,abstract_abstract_65666,abstraction,abstract,"Identify the pattern and complete the sequence:
Sequence: E E V V E E V [MASK]
Question: Which symbol should fill the [MASK]?","{""A"": ""V"", ""B"": ""E""}",A
Struct Bench v2,465,abstract_abstract_80059,abstraction,abstract,"Identify the pattern and complete the sequence:
Sequence: J J G G J J G G J J G [MASK]
Question: Which symbol should fill the [MASK]?","{""A"": ""G"", ""B"": ""J""}",A
Struct Bench v2,466,analogy_abstract_18078,analogy,abstract,"Analogy Task. Find the transformation rule in the Example and apply it to the Test.
Example: 8-0-2 transforms to 2-0-8
Test: G-O-L transforms to?
Question: Choose the correct transformation.","{""A"": ""L-G-O"", ""B"": ""L-O-G""}",B
Struct Bench v2,467,analogy_abstract_63480,analogy,abstract,"Analogy Task. Find the transformation rule in the Example and apply it to the Test.
Example: 7-1-0 transforms to 0-1-7
Test: O-H-K transforms to?
Question: Choose the correct transformation.","{""A"": ""K-H-O"", ""B"": ""K-O-H""}",A
Struct Bench v2,468,abstract_abstract_38466,abstraction,abstract,"Identify the pattern and complete the sequence:
Sequence: S P S P S [MASK]
Question: Which symbol should fill the [MASK]?","{""A"": ""P"", ""B"": ""S""}",A
Struct Bench v2,469,analogy_abstract_72596,analogy,abstract,"Analogy Task. Find the transformation rule in the Example and apply it to the Test.
Example: 4-8-0 transforms to 0-8-4
Test: R-O-A transforms to?
Question: Choose the correct transformation.","{""A"": ""A-O-R"", ""B"": ""A-R-O""}",A
Struct Bench v2,470,abstract_card_71645,abstraction,card,"Identify the pattern and complete the sequence:
Sequence: 6 6 8 8 6 6 8 8 6 6 8 [MASK]
Question: Which symbol should fill the [MASK]?","{""A"": ""8"", ""B"": ""6""}",A
Struct Bench v2,471,abstract_abstract_70341,abstraction,abstract,"Identify the pattern and complete the sequence:
Sequence: C C K K C C K [MASK]
Question: Which symbol should fill the [MASK]?","{""A"": ""K"", ""B"": ""C""}",A
Struct Bench v2,472,abstract_abstract_72078,abstraction,abstract,"Identify the pattern and complete the sequence:
Sequence: J N J N J N J [MASK]
Question: Which symbol should fill the [MASK]?","{""A"": ""N"", ""B"": ""J""}",A
Struct Bench v2,473,analogy_abstract_68817,analogy,abstract,"Analogy Task. Find the transformation rule in the Example and apply it to the Test.
Example: 8-0-3 transforms to 3-0-8
Test: J-M-C transforms to?
Question: Choose the correct transformation.","{""A"": ""C-J-M"", ""B"": ""C-M-J""}",B
Struct Bench v2,474,abstract_card_70445,abstraction,card,"Identify the pattern and complete the sequence:
Sequence: K K 10 10 K K 10 10 K K 10 [MASK]
Question: Which symbol should fill the [MASK]?","{""A"": ""10"", ""B"": ""K""}",A
Struct Bench v2,475,analogy_abstract_81471,analogy,abstract,"Analogy Task. Find the transformation rule in the Example and apply it to the Test.
Example: 2-7-6 transforms to 6-7-2
Test: I-S-T transforms to?
Question: Choose the correct transformation.","{""A"": ""T-I-S"", ""B"": ""T-S-I""}",B
Struct Bench v2,476,abstract_abstract_23988,abstraction,abstract,"Identify the pattern and complete the sequence:
Sequence: I I B B I I B [MASK]
Question: Which symbol should fill the [MASK]?","{""A"": ""B"", ""B"": ""I""}",A
Struct Bench v2,477,legality_abstract_55597,legality,abstract,"Rule: In this sequence, the symbol 'R' must always be followed immediately by 'V'.
Sequence: R V R V R V R V R V 9 5
Question: Is this sequence legal according to the rule?","{""A"": ""Yes"", ""B"": ""No""}",A
Struct Bench v2,478,legality_card_34173,legality,card,"Rule: In this sequence, the symbol '8' must always be followed immediately by '3'.
Sequence: 8 3 8 3 8 3 8 3
Question: Is this sequence legal according to the rule?","{""A"": ""Yes"", ""B"": ""No""}",A
Struct Bench v2,479,legality_abstract_30424,legality,abstract,"Rule: In this sequence, the symbol 'U' must always be followed immediately by 'Q'.
Sequence: U Q U Q 0 3 U Q 9 0 U
Question: Is this sequence legal according to the rule?","{""A"": ""Yes"", ""B"": ""No""}",B
Struct Bench v2,480,abstract_card_21871,abstraction,card,"Identify the pattern and complete the sequence:
Sequence: 2 J 2 J 2 [MASK]
Question: Which symbol should fill the [MASK]?","{""A"": ""J"", ""B"": ""2""}",A
Struct Bench v2,481,analogy_card_80160,analogy,card,"Analogy Task. Find the transformation rule in the Example and apply it to the Test.
Example: 10-K-Q transforms to Q-K-10
Test: 4-6-7 transforms to?
Question: Choose the correct transformation.","{""A"": ""7-4-6"", ""B"": ""7-6-4""}",B
Struct Bench v2,482,analogy_abstract_89581,analogy,abstract,"Analogy Task. Find the transformation rule in the Example and apply it to the Test.
Example: 0-5-1 transforms to 1-5-0
Test: R-D-L transforms to?
Question: Choose the correct transformation.","{""A"": ""L-R-D"", ""B"": ""L-D-R""}",B
Struct Bench v2,483,legality_abstract_59106,legality,abstract,"Rule: In this sequence, the symbol 'L' must always be followed immediately by 'C'.
Sequence: L C 6 1 L C L C
Question: Is this sequence legal according to the rule?","{""A"": ""Yes"", ""B"": ""No""}",A
Struct Bench v2,484,analogy_card_69821,analogy,card,"Analogy Task. Find the transformation rule in the Example and apply it to the Test.
Example: 2-7-K transforms to K-7-2
Test: 7-5-J transforms to?
Question: Choose the correct transformation.","{""A"": ""J-7-5"", ""B"": ""J-5-7""}",B
Struct Bench v2,485,legality_card_21769,legality,card,"Rule: In this sequence, the symbol 'K' must always be followed immediately by '4'.
Sequence: K 4 3 2 K 4 6 J K 4
Question: Is this sequence legal according to the rule?","{""A"": ""Yes"", ""B"": ""No""}",A
Struct Bench v2,486,abstract_card_18950,abstraction,card,"Identify the pattern and complete the sequence:
Sequence: J 2 J 2 J [MASK]
Question: Which symbol should fill the [MASK]?","{""A"": ""2"", ""B"": ""J""}",A
Struct Bench v2,487,abstract_card_76208,abstraction,card,"Identify the pattern and complete the sequence:
Sequence: J J Q Q J J Q Q J J Q [MASK]
Question: Which symbol should fill the [MASK]?","{""A"": ""Q"", ""B"": ""J""}",A
Struct Bench v2,488,analogy_card_85845,analogy,card,"Analogy Task. Find the transformation rule in the Example and apply it to the Test.
Example: 8-Q-3 transforms to 3-Q-8
Test: J-6-9 transforms to?
Question: Choose the correct transformation.","{""A"": ""9-6-J"", ""B"": ""9-J-6""}",A
Struct Bench v2,489,analogy_abstract_76003,analogy,abstract,"Analogy Task. Find the transformation rule in the Example and apply it to the Test.
Example: 2-4-9 transforms to 9-4-2
Test: V-I-R transforms to?
Question: Choose the correct transformation.","{""A"": ""R-V-I"", ""B"": ""R-I-V""}",B
Struct Bench v2,490,abstract_card_30812,abstraction,card,"Identify the pattern and complete the sequence:
Sequence: 4 A 4 A 4 [MASK]
Question: Which symbol should fill the [MASK]?","{""A"": ""A"", ""B"": ""4""}",A
Struct Bench v2,491,analogy_abstract_63768,analogy,abstract,"Analogy Task. Find the transformation rule in the Example and apply it to the Test.
Example: 5-0-3 transforms to 3-0-5
Test: G-O-T transforms to?
Question: Choose the correct transformation.","{""A"": ""T-G-O"", ""B"": ""T-O-G""}",B
Struct Bench v2,492,legality_card_59870,legality,card,"Rule: In this sequence, the symbol '4' must always be followed immediately by 'J'.
Sequence: 4 J 4 J K 10 4 J A 2
Question: Is this sequence legal according to the rule?","{""A"": ""Yes"", ""B"": ""No""}",A
Struct Bench v2,493,analogy_card_19000,analogy,card,"Analogy Task. Find the transformation rule in the Example and apply it to the Test.
Example: 8-6-2 transforms to 2-6-8
Test: Q-K-5 transforms to?
Question: Choose the correct transformation.","{""A"": ""5-K-Q"", ""B"": ""5-Q-K""}",A
Struct Bench v2,494,legality_abstract_39682,legality,abstract,"Rule: In this sequence, the symbol 'H' must always be followed immediately by 'K'.
Sequence: H K H K H
Question: Is this sequence legal according to the rule?","{""A"": ""Yes"", ""B"": ""No""}",B
Struct Bench v2,495,legality_card_99881,legality,card,"Rule: In this sequence, the symbol '7' must always be followed immediately by '9'.
Sequence: 7 9 10 4 7 9 7 9 6 Q 7 9 4
Question: Is this sequence legal according to the rule?","{""A"": ""Yes"", ""B"": ""No""}",B
Struct Bench v2,496,abstract_card_27098,abstraction,card,"Identify the pattern and complete the sequence:
Sequence: 7 J 7 J 7 [MASK]
Question: Which symbol should fill the [MASK]?","{""A"": ""J"", ""B"": ""7""}",A
Struct Bench v2,497,legality_abstract_76377,legality,abstract,"Rule: In this sequence, the symbol 'Z' must always be followed immediately by 'S'.
Sequence: Z S Z S Z S 6 0
Question: Is this sequence legal according to the rule?","{""A"": ""Yes"", ""B"": ""No""}",A
Struct Bench v2,498,legality_abstract_70889,legality,abstract,"Rule: In this sequence, the symbol 'G' must always be followed immediately by 'U'.
Sequence: G U G U G U G Y
Question: Is this sequence legal according to the rule?","{""A"": ""Yes"", ""B"": ""No""}",B
Struct Bench v2,499,legality_abstract_52170,legality,abstract,"Rule: In this sequence, the symbol 'G' must always be followed immediately by 'F'.
Sequence: G F 5 9 G F G F G F 1 9 G Q
Question: Is this sequence legal according to the rule?","{""A"": ""Yes"", ""B"": ""No""}",B
Struct Bench v2,500,analogy_card_24997,analogy,card,"Analogy Task. Find the transformation rule in the Example and apply it to the Test.
Example: 8-4-10 transforms to 10-4-8
Test: 7-K-4 transforms to?
Question: Choose the correct transformation.","{""A"": ""4-K-7"", ""B"": ""4-7-K""}",A
Struct Bench v2,501,analogy_abstract_98555,analogy,abstract,"Analogy Task. Find the transformation rule in the Example and apply it to the Test.
Example: 3-7-6 transforms to 6-7-3
Test: S-L-D transforms to?
Question: Choose the correct transformation.","{""A"": ""D-L-S"", ""B"": ""D-S-L""}",A
Struct Bench v2,502,analogy_abstract_91980,analogy,abstract,"Analogy Task. Find the transformation rule in the Example and apply it to the Test.
Example: 2-1-5 transforms to 5-1-2
Test: R-W-E transforms to?
Question: Choose the correct transformation.","{""A"": ""E-R-W"", ""B"": ""E-W-R""}",B
Struct Bench v2,503,abstract_abstract_15118,abstraction,abstract,"Identify the pattern and complete the sequence:
Sequence: L L I I L L I I L L I [MASK]
Question: Which symbol should fill the [MASK]?","{""A"": ""I"", ""B"": ""L""}",A
Struct Bench v2,504,abstract_abstract_89868,abstraction,abstract,"Identify the pattern and complete the sequence:
Sequence: M H M H M [MASK]
Question: Which symbol should fill the [MASK]?","{""A"": ""H"", ""B"": ""M""}",A
Struct Bench v2,505,abstract_abstract_25030,abstraction,abstract,"Identify the pattern and complete the sequence:
Sequence: Y N Y N Y N Y [MASK]
Question: Which symbol should fill the [MASK]?","{""A"": ""N"", ""B"": ""Y""}",A
Struct Bench v2,506,legality_card_41610,legality,card,"Rule: In this sequence, the symbol 'A' must always be followed immediately by '9'.
Sequence: A 9 8 3 A 9 A 9 A 5
Question: Is this sequence legal according to the rule?","{""A"": ""Yes"", ""B"": ""No""}",B
Struct Bench v2,507,abstract_abstract_63815,abstraction,abstract,"Identify the pattern and complete the sequence:
Sequence: D R D R D R D [MASK]
Question: Which symbol should fill the [MASK]?","{""A"": ""R"", ""B"": ""D""}",A
Struct Bench v2,508,abstract_abstract_66404,abstraction,abstract,"Identify the pattern and complete the sequence:
Sequence: Q Q L L Q Q L [MASK]
Question: Which symbol should fill the [MASK]?","{""A"": ""L"", ""B"": ""Q""}",A
Struct Bench v2,509,legality_abstract_56875,legality,abstract,"Rule: In this sequence, the symbol 'X' must always be followed immediately by 'H'.
Sequence: X H X H 1 6 X K
Question: Is this sequence legal according to the rule?","{""A"": ""Yes"", ""B"": ""No""}",B
Struct Bench v2,510,legality_card_14201,legality,card,"Rule: In this sequence, the symbol '7' must always be followed immediately by 'Q'.
Sequence: 7 Q 7 Q 7 Q K 3 7 Q 7 Q 9 J
Question: Is this sequence legal according to the rule?","{""A"": ""Yes"", ""B"": ""No""}",A
Struct Bench v2,511,abstract_abstract_80338,abstraction,abstract,"Identify the pattern and complete the sequence:
Sequence: X X Y Y X X Y [MASK]
Question: Which symbol should fill the [MASK]?","{""A"": ""Y"", ""B"": ""X""}",A
Struct Bench v2,512,legality_abstract_48190,legality,abstract,"Rule: In this sequence, the symbol 'V' must always be followed immediately by 'O'.
Sequence: V O V O V O V O 2
Question: Is this sequence legal according to the rule?","{""A"": ""Yes"", ""B"": ""No""}",B
Struct Bench v2,513,legality_abstract_94786,legality,abstract,"Rule: In this sequence, the symbol 'O' must always be followed immediately by 'L'.
Sequence: O L 0 3 O L O
Question: Is this sequence legal according to the rule?","{""A"": ""Yes"", ""B"": ""No""}",B
Struct Bench v2,514,abstract_abstract_69267,abstraction,abstract,"Identify the pattern and complete the sequence:
Sequence: P P A A P P A [MASK]
Question: Which symbol should fill the [MASK]?","{""A"": ""A"", ""B"": ""P""}",A
Struct Bench v2,515,analogy_abstract_83607,analogy,abstract,"Analogy Task. Find the transformation rule in the Example and apply it to the Test.
Example: 8-7-4 transforms to 4-7-8
Test: B-Z-N transforms to?
Question: Choose the correct transformation.","{""A"": ""N-Z-B"", ""B"": ""N-B-Z""}",A
Struct Bench v2,516,analogy_abstract_67682,analogy,abstract,"Analogy Task. Find the transformation rule in the Example and apply it to the Test.
Example: 5-1-2 transforms to 2-1-5
Test: Q-V-M transforms to?
Question: Choose the correct transformation.","{""A"": ""M-V-Q"", ""B"": ""M-Q-V""}",A
Struct Bench v2,517,abstract_abstract_14936,abstraction,abstract,"Identify the pattern and complete the sequence:
Sequence: I I H H I I H [MASK]
Question: Which symbol should fill the [MASK]?","{""A"": ""H"", ""B"": ""I""}",A
Struct Bench v2,518,analogy_card_65632,analogy,card,"Analogy Task. Find the transformation rule in the Example and apply it to the Test.
Example: K-A-6 transforms to 6-A-K
Test: A-9-5 transforms to?
Question: Choose the correct transformation.","{""A"": ""5-9-A"", ""B"": ""5-A-9""}",A
Struct Bench v2,519,legality_card_94990,legality,card,"Rule: In this sequence, the symbol '10' must always be followed immediately by '4'.
Sequence: 10 4 10 4 J 8 10 4 9 K 10 4
Question: Is this sequence legal according to the rule?","{""A"": ""Yes"", ""B"": ""No""}",A
Struct Bench v2,520,abstract_abstract_80981,abstraction,abstract,"Identify the pattern and complete the sequence:
Sequence: T W T W T W T [MASK]
Question: Which symbol should fill the [MASK]?","{""A"": ""W"", ""B"": ""T""}",A
Struct Bench v2,521,abstract_card_88645,abstraction,card,"Identify the pattern and complete the sequence:
Sequence: 9 9 A A 9 9 A A 9 9 A [MASK]
Question: Which symbol should fill the [MASK]?","{""A"": ""A"", ""B"": ""9""}",A
Struct Bench v2,522,legality_abstract_74975,legality,abstract,"Rule: In this sequence, the symbol 'V' must always be followed immediately by 'E'.
Sequence: V E 3 4 V E V E V E
Question: Is this sequence legal according to the rule?","{""A"": ""Yes"", ""B"": ""No""}",A
Struct Bench v2,523,abstract_abstract_21403,abstraction,abstract,"Identify the pattern and complete the sequence:
Sequence: Y L Y L Y [MASK]
Question: Which symbol should fill the [MASK]?","{""A"": ""L"", ""B"": ""Y""}",A
Struct Bench v2,524,legality_card_65865,legality,card,"Rule: In this sequence, the symbol '2' must always be followed immediately by '4'.
Sequence: 2 4 2 4 2 4
Question: Is this sequence legal according to the rule?","{""A"": ""Yes"", ""B"": ""No""}",A
Struct Bench v2,525,analogy_card_22592,analogy,card,"Analogy Task. Find the transformation rule in the Example and apply it to the Test.
Example: K-10-8 transforms to 8-10-K
Test: 3-5-8 transforms to?
Question: Choose the correct transformation.","{""A"": ""8-3-5"", ""B"": ""8-5-3""}",B
Struct Bench v2,526,legality_abstract_29421,legality,abstract,"Rule: In this sequence, the symbol 'P' must always be followed immediately by 'N'.
Sequence: P N 2 6 P N 5 6 P N P N P
Question: Is this sequence legal according to the rule?","{""A"": ""Yes"", ""B"": ""No""}",B
Struct Bench v2,527,abstract_abstract_11163,abstraction,abstract,"Identify the pattern and complete the sequence:
Sequence: E U E U E U E [MASK]
Question: Which symbol should fill the [MASK]?","{""A"": ""U"", ""B"": ""E""}",A
Struct Bench v2,528,abstract_card_67339,abstraction,card,"Identify the pattern and complete the sequence:
Sequence: 9 3 9 3 9 [MASK]
Question: Which symbol should fill the [MASK]?","{""A"": ""3"", ""B"": ""9""}",A
Struct Bench v2,529,analogy_abstract_46344,analogy,abstract,"Analogy Task. Find the transformation rule in the Example and apply it to the Test.
Example: 3-1-9 transforms to 9-1-3
Test: B-A-R transforms to?
Question: Choose the correct transformation.","{""A"": ""R-A-B"", ""B"": ""R-B-A""}",A
Struct Bench v2,530,analogy_card_84190,analogy,card,"Analogy Task. Find the transformation rule in the Example and apply it to the Test.
Example: 3-A-J transforms to J-A-3
Test: 7-5-3 transforms to?
Question: Choose the correct transformation.","{""A"": ""3-7-5"", ""B"": ""3-5-7""}",B
Struct Bench v2,531,abstract_card_74073,abstraction,card,"Identify the pattern and complete the sequence:
Sequence: 10 9 10 9 10 [MASK]
Question: Which symbol should fill the [MASK]?","{""A"": ""9"", ""B"": ""10""}",A
Struct Bench v2,532,abstract_abstract_25922,abstraction,abstract,"Identify the pattern and complete the sequence:
Sequence: F F A A F F A A F F A [MASK]
Question: Which symbol should fill the [MASK]?","{""A"": ""A"", ""B"": ""F""}",A
Struct Bench v2,533,abstract_card_30706,abstraction,card,"Identify the pattern and complete the sequence:
Sequence: K 9 K 9 K 9 K [MASK]
Question: Which symbol should fill the [MASK]?","{""A"": ""9"", ""B"": ""K""}",A
Struct Bench v2,534,analogy_card_45974,analogy,card,"Analogy Task. Find the transformation rule in the Example and apply it to the Test.
Example: J-5-Q transforms to Q-5-J
Test: 8-10-K transforms to?
Question: Choose the correct transformation.","{""A"": ""K-8-10"", ""B"": ""K-10-8""}",B
Struct Bench v2,535,analogy_abstract_42257,analogy,abstract,"Analogy Task. Find the transformation rule in the Example and apply it to the Test.
Example: 3-5-9 transforms to 9-5-3
Test: T-I-Z transforms to?
Question: Choose the correct transformation.","{""A"": ""Z-I-T"", ""B"": ""Z-T-I""}",A
Struct Bench v2,536,abstract_abstract_26037,abstraction,abstract,"Identify the pattern and complete the sequence:
Sequence: K R K R K R K [MASK]
Question: Which symbol should fill the [MASK]?","{""A"": ""R"", ""B"": ""K""}",A
Struct Bench v2,537,legality_abstract_90536,legality,abstract,"Rule: In this sequence, the symbol 'T' must always be followed immediately by 'Z'.
Sequence: T Z T Z 2 1 T Z T Z 1 7
Question: Is this sequence legal according to the rule?","{""A"": ""Yes"", ""B"": ""No""}",A
Struct Bench v2,538,abstract_card_60523,abstraction,card,"Identify the pattern and complete the sequence:
Sequence: Q Q 7 7 Q Q 7 7 Q Q 7 [MASK]
Question: Which symbol should fill the [MASK]?","{""A"": ""7"", ""B"": ""Q""}",A
Struct Bench v2,539,abstract_card_99222,abstraction,card,"Identify the pattern and complete the sequence:
Sequence: 5 10 5 10 5 [MASK]
Question: Which symbol should fill the [MASK]?","{""A"": ""10"", ""B"": ""5""}",A
Struct Bench v2,540,legality_card_11850,legality,card,"Rule: In this sequence, the symbol '7' must always be followed immediately by '8'.
Sequence: 7 8 Q J 7 8 7 8 7 8 4 Q
Question: Is this sequence legal according to the rule?","{""A"": ""Yes"", ""B"": ""No""}",A
Struct Bench v2,541,analogy_card_28432,analogy,card,"Analogy Task. Find the transformation rule in the Example and apply it to the Test.
Example: 9-5-7 transforms to 7-5-9
Test: 3-A-8 transforms to?
Question: Choose the correct transformation.","{""A"": ""8-3-A"", ""B"": ""8-A-3""}",B
Struct Bench v2,542,analogy_abstract_15828,analogy,abstract,"Analogy Task. Find the transformation rule in the Example and apply it to the Test.
Example: 5-7-4 transforms to 4-7-5
Test: J-Q-U transforms to?
Question: Choose the correct transformation.","{""A"": ""U-Q-J"", ""B"": ""U-J-Q""}",A
Struct Bench v2,543,legality_card_71095,legality,card,"Rule: In this sequence, the symbol 'J' must always be followed immediately by '6'.
Sequence: J 6 K 8 J 6 J 6 A 10 J 6 5 K J 6
Question: Is this sequence legal according to the rule?","{""A"": ""Yes"", ""B"": ""No""}",A
Struct Bench v2,544,analogy_abstract_13410,analogy,abstract,"Analogy Task. Find the transformation rule in the Example and apply it to the Test.
Example: 4-3-7 transforms to 7-3-4
Test: T-M-Y transforms to?
Question: Choose the correct transformation.","{""A"": ""Y-M-T"", ""B"": ""Y-T-M""}",A
Struct Bench v2,545,abstract_card_36486,abstraction,card,"Identify the pattern and complete the sequence:
Sequence: K 6 K 6 K [MASK]
Question: Which symbol should fill the [MASK]?","{""A"": ""6"", ""B"": ""K""}",A
Struct Bench v2,546,abstract_card_67612,abstraction,card,"Identify the pattern and complete the sequence:
Sequence: Q Q 8 8 Q Q 8 8 Q Q 8 [MASK]
Question: Which symbol should fill the [MASK]?","{""A"": ""8"", ""B"": ""Q""}",A
Struct Bench v2,547,analogy_card_70057,analogy,card,"Analogy Task. Find the transformation rule in the Example and apply it to the Test.
Example: 3-5-A transforms to A-5-3
Test: 2-6-7 transforms to?
Question: Choose the correct transformation.","{""A"": ""7-2-6"", ""B"": ""7-6-2""}",B
Struct Bench v2,548,abstract_abstract_62378,abstraction,abstract,"Identify the pattern and complete the sequence:
Sequence: X X Q Q X X Q [MASK]
Question: Which symbol should fill the [MASK]?","{""A"": ""Q"", ""B"": ""X""}",A
Struct Bench v2,549,abstract_card_20954,abstraction,card,"Identify the pattern and complete the sequence:
Sequence: 8 6 8 6 8 [MASK]
Question: Which symbol should fill the [MASK]?","{""A"": ""6"", ""B"": ""8""}",A
Struct Bench v2,550,analogy_abstract_11350,analogy,abstract,"Analogy Task. Find the transformation rule in the Example and apply it to the Test.
Example: 0-9-4 transforms to 4-9-0
Test: Y-B-E transforms to?
Question: Choose the correct transformation.","{""A"": ""E-Y-B"", ""B"": ""E-B-Y""}",B
Struct Bench v2,551,abstract_card_96594,abstraction,card,"Identify the pattern and complete the sequence:
Sequence: 10 10 3 3 10 10 3 3 10 10 3 [MASK]
Question: Which symbol should fill the [MASK]?","{""A"": ""3"", ""B"": ""10""}",A
Struct Bench v2,552,legality_card_29921,legality,card,"Rule: In this sequence, the symbol '5' must always be followed immediately by '9'.
Sequence: 5 9 7 8 5 9 5 9 5 9 3 A
Question: Is this sequence legal according to the rule?","{""A"": ""Yes"", ""B"": ""No""}",A
Struct Bench v2,553,analogy_card_18140,analogy,card,"Analogy Task. Find the transformation rule in the Example and apply it to the Test.
Example: J-7-A transforms to A-7-J
Test: 10-6-5 transforms to?
Question: Choose the correct transformation.","{""A"": ""5-6-10"", ""B"": ""5-10-6""}",A
Struct Bench v2,554,abstract_abstract_69127,abstraction,abstract,"Identify the pattern and complete the sequence:
Sequence: J V J V J [MASK]
Question: Which symbol should fill the [MASK]?","{""A"": ""V"", ""B"": ""J""}",A
Struct Bench v2,555,abstract_card_41634,abstraction,card,"Identify the pattern and complete the sequence:
Sequence: 7 6 7 6 7 6 7 [MASK]
Question: Which symbol should fill the [MASK]?","{""A"": ""6"", ""B"": ""7""}",A
Struct Bench v2,556,legality_card_47799,legality,card,"Rule: In this sequence, the symbol '4' must always be followed immediately by '9'.
Sequence: 4 9 4 9 4 9 4 9 4 9
Question: Is this sequence legal according to the rule?","{""A"": ""Yes"", ""B"": ""No""}",A
Struct Bench v2,557,analogy_abstract_50411,analogy,abstract,"Analogy Task. Find the transformation rule in the Example and apply it to the Test.
Example: 8-3-5 transforms to 5-3-8
Test: H-K-Z transforms to?
Question: Choose the correct transformation.","{""A"": ""Z-K-H"", ""B"": ""Z-H-K""}",A
Struct Bench v2,558,analogy_abstract_80025,analogy,abstract,"Analogy Task. Find the transformation rule in the Example and apply it to the Test.
Example: 3-1-9 transforms to 9-1-3
Test: H-M-K transforms to?
Question: Choose the correct transformation.","{""A"": ""K-H-M"", ""B"": ""K-M-H""}",B
Struct Bench v2,559,analogy_card_95365,analogy,card,"Analogy Task. Find the transformation rule in the Example and apply it to the Test.
Example: K-6-8 transforms to 8-6-K
Test: 7-4-2 transforms to?
Question: Choose the correct transformation.","{""A"": ""2-4-7"", ""B"": ""2-7-4""}",A
Struct Bench v2,560,legality_card_56102,legality,card,"Rule: In this sequence, the symbol '5' must always be followed immediately by '10'.
Sequence: 5 10 5 10 5 10 J K 5 10
Question: Is this sequence legal according to the rule?","{""A"": ""Yes"", ""B"": ""No""}",A
Struct Bench v2,561,abstract_card_51126,abstraction,card,"Identify the pattern and complete the sequence:
Sequence: 2 K 2 K 2 [MASK]
Question: Which symbol should fill the [MASK]?","{""A"": ""K"", ""B"": ""2""}",A
Struct Bench v2,562,legality_card_67658,legality,card,"Rule: In this sequence, the symbol '2' must always be followed immediately by 'Q'.
Sequence: 2 Q 2 Q 2 Q 7 J 2
Question: Is this sequence legal according to the rule?","{""A"": ""Yes"", ""B"": ""No""}",B
Struct Bench v2,563,legality_card_10218,legality,card,"Rule: In this sequence, the symbol '7' must always be followed immediately by '9'.
Sequence: 7 9 7 9 7 9 6 10 7 9 8
Question: Is this sequence legal according to the rule?","{""A"": ""Yes"", ""B"": ""No""}",B
Struct Bench v2,564,analogy_abstract_23453,analogy,abstract,"Analogy Task. Find the transformation rule in the Example and apply it to the Test.
Example: 1-5-9 transforms to 9-5-1
Test: Q-K-A transforms to?
Question: Choose the correct transformation.","{""A"": ""A-K-Q"", ""B"": ""A-Q-K""}",A
Struct Bench v2,565,legality_abstract_67005,legality,abstract,"Rule: In this sequence, the symbol 'X' must always be followed immediately by 'N'.
Sequence: X N 6 3 X N 9 5 X N
Question: Is this sequence legal according to the rule?","{""A"": ""Yes"", ""B"": ""No""}",A
Struct Bench v2,566,analogy_card_15968,analogy,card,"Analogy Task. Find the transformation rule in the Example and apply it to the Test.
Example: 3-A-2 transforms to 2-A-3
Test: 7-2-J transforms to?
Question: Choose the correct transformation.","{""A"": ""J-2-7"", ""B"": ""J-7-2""}",A
Struct Bench v2,567,legality_card_85180,legality,card,"Rule: In this sequence, the symbol '6' must always be followed immediately by 'J'.
Sequence: 6 J 6 J 6 J 6 J 9 3 6 J 3 5
Question: Is this sequence legal according to the rule?","{""A"": ""Yes"", ""B"": ""No""}",B
Struct Bench v2,568,abstract_abstract_94119,abstraction,abstract,"Identify the pattern and complete the sequence:
Sequence: A A R R A A R R A A R [MASK]
Question: Which symbol should fill the [MASK]?","{""A"": ""R"", ""B"": ""A""}",A
Struct Bench v2,569,analogy_card_30311,analogy,card,"Analogy Task. Find the transformation rule in the Example and apply it to the Test.
Example: 5-2-4 transforms to 4-2-5
Test: 8-3-A transforms to?
Question: Choose the correct transformation.","{""A"": ""A-8-3"", ""B"": ""A-3-8""}",B
Struct Bench v2,570,analogy_abstract_11265,analogy,abstract,"Analogy Task. Find the transformation rule in the Example and apply it to the Test.
Example: 0-2-7 transforms to 7-2-0
Test: X-I-G transforms to?
Question: Choose the correct transformation.","{""A"": ""G-I-X"", ""B"": ""G-X-I""}",A
Struct Bench v2,571,abstract_card_44087,abstraction,card,"Identify the pattern and complete the sequence:
Sequence: 10 10 J J 10 10 J [MASK]
Question: Which symbol should fill the [MASK]?","{""A"": ""J"", ""B"": ""10""}",A
Struct Bench v2,572,legality_abstract_90433,legality,abstract,"Rule: In this sequence, the symbol 'P' must always be followed immediately by 'D'.
Sequence: P D 7 8 P D P D P D 3 4 P
Question: Is this sequence legal according to the rule?","{""A"": ""Yes"", ""B"": ""No""}",B
Struct Bench v2,573,legality_card_14627,legality,card,"Rule: In this sequence, the symbol '9' must always be followed immediately by 'A'.
Sequence: 9 A 4 J 9 A 9 A 8 J 9 K
Question: Is this sequence legal according to the rule?","{""A"": ""Yes"", ""B"": ""No""}",B
Struct Bench v2,574,analogy_abstract_88264,analogy,abstract,"Analogy Task. Find the transformation rule in the Example and apply it to the Test.
Example: 8-5-2 transforms to 2-5-8
Test: V-F-R transforms to?
Question: Choose the correct transformation.","{""A"": ""R-V-F"", ""B"": ""R-F-V""}",B
Struct Bench v2,575,abstract_abstract_84970,abstraction,abstract,"Identify the pattern and complete the sequence:
Sequence: K K U U K K U [MASK]
Question: Which symbol should fill the [MASK]?","{""A"": ""U"", ""B"": ""K""}",A
Struct Bench v2,576,legality_card_93952,legality,card,"Rule: In this sequence, the symbol '10' must always be followed immediately by '5'.
Sequence: 10 5 Q 7 10 5 10 5 4 2
Question: Is this sequence legal according to the rule?","{""A"": ""Yes"", ""B"": ""No""}",A
Struct Bench v2,577,analogy_card_62996,analogy,card,"Analogy Task. Find the transformation rule in the Example and apply it to the Test.
Example: Q-8-3 transforms to 3-8-Q
Test: 5-Q-10 transforms to?
Question: Choose the correct transformation.","{""A"": ""10-Q-5"", ""B"": ""10-5-Q""}",A
Struct Bench v2,578,analogy_card_35547,analogy,card,"Analogy Task. Find the transformation rule in the Example and apply it to the Test.
Example: 2-4-10 transforms to 10-4-2
Test: 4-K-8 transforms to?
Question: Choose the correct transformation.","{""A"": ""8-4-K"", ""B"": ""8-K-4""}",B
Struct Bench v2,579,legality_abstract_51785,legality,abstract,"Rule: In this sequence, the symbol 'B' must always be followed immediately by 'P'.
Sequence: B P 7 0 B P B P B P B P
Question: Is this sequence legal according to the rule?","{""A"": ""Yes"", ""B"": ""No""}",A
Struct Bench v2,580,abstract_card_24386,abstraction,card,"Identify the pattern and complete the sequence:
Sequence: J J 6 6 J J 6 [MASK]
Question: Which symbol should fill the [MASK]?","{""A"": ""6"", ""B"": ""J""}",A
Struct Bench v2,581,analogy_abstract_95223,analogy,abstract,"Analogy Task. Find the transformation rule in the Example and apply it to the Test.
Example: 7-6-2 transforms to 2-6-7
Test: O-J-R transforms to?
Question: Choose the correct transformation.","{""A"": ""R-J-O"", ""B"": ""R-O-J""}",A
Struct Bench v2,582,abstract_abstract_98371,abstraction,abstract,"Identify the pattern and complete the sequence:
Sequence: K K U U K K U [MASK]
Question: Which symbol should fill the [MASK]?","{""A"": ""U"", ""B"": ""K""}",A
Struct Bench v2,583,analogy_card_32157,analogy,card,"Analogy Task. Find the transformation rule in the Example and apply it to the Test.
Example: 9-J-Q transforms to Q-J-9
Test: 7-Q-5 transforms to?
Question: Choose the correct transformation.","{""A"": ""5-Q-7"", ""B"": ""5-7-Q""}",A
Struct Bench v2,584,legality_abstract_65857,legality,abstract,"Rule: In this sequence, the symbol 'S' must always be followed immediately by 'D'.
Sequence: S D S D S D S W
Question: Is this sequence legal according to the rule?","{""A"": ""Yes"", ""B"": ""No""}",B
Struct Bench v2,585,legality_card_45076,legality,card,"Rule: In this sequence, the symbol '2' must always be followed immediately by '8'.
Sequence: 2 8 Q 9 2 8 K 4 2 8
Question: Is this sequence legal according to the rule?","{""A"": ""Yes"", ""B"": ""No""}",A
Struct Bench v2,586,legality_abstract_68277,legality,abstract,"Rule: In this sequence, the symbol 'D' must always be followed immediately by 'J'.
Sequence: D J 4 0 D J 8 9 D J 7 4 D J D J
Question: Is this sequence legal according to the rule?","{""A"": ""Yes"", ""B"": ""No""}",A
Struct Bench v2,587,legality_abstract_83579,legality,abstract,"Rule: In this sequence, the symbol 'S' must always be followed immediately by 'B'.
Sequence: S B 1 2 S B S B S
Question: Is this sequence legal according to the rule?","{""A"": ""Yes"", ""B"": ""No""}",B
Struct Bench v2,588,legality_card_53210,legality,card,"Rule: In this sequence, the symbol '9' must always be followed immediately by '7'.
Sequence: 9 7 4 6 9 7 10 4 9 7
Question: Is this sequence legal according to the rule?","{""A"": ""Yes"", ""B"": ""No""}",A
Struct Bench v2,589,abstract_abstract_66709,abstraction,abstract,"Identify the pattern and complete the sequence:
Sequence: J U J U J U J [MASK]
Question: Which symbol should fill the [MASK]?","{""A"": ""U"", ""B"": ""J""}",A
Struct Bench v2,590,legality_abstract_82585,legality,abstract,"Rule: In this sequence, the symbol 'U' must always be followed immediately by 'N'.
Sequence: U N U N U N 6 0 U N U N 2 1
Question: Is this sequence legal according to the rule?","{""A"": ""Yes"", ""B"": ""No""}",A
Struct Bench v2,591,legality_abstract_46566,legality,abstract,"Rule: In this sequence, the symbol 'Z' must always be followed immediately by 'D'.
Sequence: Z D Z D 2 6 Z
Question: Is this sequence legal according to the rule?","{""A"": ""Yes"", ""B"": ""No""}",B
Struct Bench v2,592,legality_card_25293,legality,card,"Rule: In this sequence, the symbol 'J' must always be followed immediately by '8'.
Sequence: J 8 J 8 J 8 A 9 J 8 5 2
Question: Is this sequence legal according to the rule?","{""A"": ""Yes"", ""B"": ""No""}",A
Struct Bench v2,593,analogy_card_60107,analogy,card,"Analogy Task. Find the transformation rule in the Example and apply it to the Test.
Example: Q-K-2 transforms to 2-K-Q
Test: 9-5-J transforms to?
Question: Choose the correct transformation.","{""A"": ""J-9-5"", ""B"": ""J-5-9""}",B
Struct Bench v2,594,abstract_card_65606,abstraction,card,"Identify the pattern and complete the sequence:
Sequence: 9 4 9 4 9 4 9 [MASK]
Question: Which symbol should fill the [MASK]?","{""A"": ""4"", ""B"": ""9""}",A
Struct Bench v2,595,analogy_abstract_30041,analogy,abstract,"Analogy Task. Find the transformation rule in the Example and apply it to the Test.
Example: 7-1-4 transforms to 4-1-7
Test: G-Q-F transforms to?
Question: Choose the correct transformation.","{""A"": ""F-G-Q"", ""B"": ""F-Q-G""}",B
Struct Bench v2,596,abstract_abstract_58829,abstraction,abstract,"Identify the pattern and complete the sequence:
Sequence: G G F F G G F [MASK]
Question: Which symbol should fill the [MASK]?","{""A"": ""F"", ""B"": ""G""}",A
Struct Bench v2,597,abstract_abstract_87470,abstraction,abstract,"Identify the pattern and complete the sequence:
Sequence: W M W M W M W [MASK]
Question: Which symbol should fill the [MASK]?","{""A"": ""M"", ""B"": ""W""}",A
Struct Bench v2,598,analogy_abstract_99315,analogy,abstract,"Analogy Task. Find the transformation rule in the Example and apply it to the Test.
Example: 1-7-3 transforms to 3-7-1
Test: R-L-Z transforms to?
Question: Choose the correct transformation.","{""A"": ""Z-R-L"", ""B"": ""Z-L-R""}",B
Struct Bench v2,599,abstract_abstract_35217,abstraction,abstract,"Identify the pattern and complete the sequence:
Sequence: R R I I R R I I R R I [MASK]
Question: Which symbol should fill the [MASK]?","{""A"": ""I"", ""B"": ""R""}",A
Struct Bench v2,600,legality_abstract_56947,legality,abstract,"Rule: In this sequence, the symbol 'Q' must always be followed immediately by 'M'.
Sequence: Q M Q M 2 0 Q M Q
Question: Is this sequence legal according to the rule?","{""A"": ""Yes"", ""B"": ""No""}",B
Multi-hop ACL,1,78645,1_hop,,"已知规则：H > E。
玩家A打出了【H】。玩家B手里有【E】。
根据传递性规则，玩家B能管住玩家A吗？","{""A"": ""能"", ""B"": ""不能"", ""C"": ""无法确定"", ""D"": ""规则无效""}",B
Multi-hop ACL,2,99528,1_hop,,"已知规则：Z > Star。
玩家A打出了【Z】。玩家B手里有【Star】。
根据传递性规则，玩家B能管住玩家A吗？","{""A"": ""能"", ""B"": ""不能"", ""C"": ""无法确定"", ""D"": ""规则无效""}",B
Multi-hop ACL,3,22819,1_hop,,"已知规则：E > C。
玩家A打出了【E】。玩家B手里有【C】。
根据传递性规则，玩家B能管住玩家A吗？","{""A"": ""能"", ""B"": ""不能"", ""C"": ""无法确定"", ""D"": ""规则无效""}",B
Multi-hop ACL,4,18978,1_hop,,"已知规则：G > Moon。
玩家A打出了【Moon】。玩家B手里有【G】。
根据传递性规则，玩家B能管住玩家A吗？","{""A"": ""能"", ""B"": ""不能"", ""C"": ""无法确定"", ""D"": ""规则无效""}",A
Multi-hop ACL,5,45840,1_hop,,"已知规则：G > Y。
玩家A打出了【G】。玩家B手里有【Y】。
根据传递性规则，玩家B能管住玩家A吗？","{""A"": ""能"", ""B"": ""不能"", ""C"": ""无法确定"", ""D"": ""规则无效""}",B
Multi-hop ACL,6,66038,1_hop,,"已知规则：A > Moon。
玩家A打出了【Moon】。玩家B手里有【A】。
根据传递性规则，玩家B能管住玩家A吗？","{""A"": ""能"", ""B"": ""不能"", ""C"": ""无法确定"", ""D"": ""规则无效""}",A
Multi-hop ACL,7,84173,1_hop,,"已知规则：A > B。
玩家A打出了【A】。玩家B手里有【B】。
根据传递性规则，玩家B能管住玩家A吗？","{""A"": ""能"", ""B"": ""不能"", ""C"": ""无法确定"", ""D"": ""规则无效""}",B
Multi-hop ACL,8,65688,1_hop,,"已知规则：D > Y。
玩家A打出了【Y】。玩家B手里有【D】。
根据传递性规则，玩家B能管住玩家A吗？","{""A"": ""能"", ""B"": ""不能"", ""C"": ""无法确定"", ""D"": ""规则无效""}",A
Multi-hop ACL,9,56176,1_hop,,"已知规则：A > H。
玩家A打出了【H】。玩家B手里有【A】。
根据传递性规则，玩家B能管住玩家A吗？","{""A"": ""能"", ""B"": ""不能"", ""C"": ""无法确定"", ""D"": ""规则无效""}",A
Multi-hop ACL,10,17091,1_hop,,"已知规则：Y > E。
玩家A打出了【E】。玩家B手里有【Y】。
根据传递性规则，玩家B能管住玩家A吗？","{""A"": ""能"", ""B"": ""不能"", ""C"": ""无法确定"", ""D"": ""规则无效""}",A
Multi-hop ACL,11,93227,1_hop,,"已知规则：D > G。
玩家A打出了【G】。玩家B手里有【D】。
根据传递性规则，玩家B能管住玩家A吗？","{""A"": ""能"", ""B"": ""不能"", ""C"": ""无法确定"", ""D"": ""规则无效""}",A
Multi-hop ACL,12,75840,1_hop,,"已知规则：H > G。
玩家A打出了【H】。玩家B手里有【G】。
根据传递性规则，玩家B能管住玩家A吗？","{""A"": ""能"", ""B"": ""不能"", ""C"": ""无法确定"", ""D"": ""规则无效""}",B
Multi-hop ACL,13,49382,1_hop,,"已知规则：Z > B。
玩家A打出了【Z】。玩家B手里有【B】。
根据传递性规则，玩家B能管住玩家A吗？","{""A"": ""能"", ""B"": ""不能"", ""C"": ""无法确定"", ""D"": ""规则无效""}",B
Multi-hop ACL,14,66779,1_hop,,"已知规则：A > H。
玩家A打出了【A】。玩家B手里有【H】。
根据传递性规则，玩家B能管住玩家A吗？","{""A"": ""能"", ""B"": ""不能"", ""C"": ""无法确定"", ""D"": ""规则无效""}",B
Multi-hop ACL,15,21444,1_hop,,"已知规则：C > Star。
玩家A打出了【C】。玩家B手里有【Star】。
根据传递性规则，玩家B能管住玩家A吗？","{""A"": ""能"", ""B"": ""不能"", ""C"": ""无法确定"", ""D"": ""规则无效""}",B
Multi-hop ACL,16,66956,1_hop,,"已知规则：H > Moon。
玩家A打出了【Moon】。玩家B手里有【H】。
根据传递性规则，玩家B能管住玩家A吗？","{""A"": ""能"", ""B"": ""不能"", ""C"": ""无法确定"", ""D"": ""规则无效""}",A
Multi-hop ACL,17,72786,1_hop,,"已知规则：Star > Z。
玩家A打出了【Star】。玩家B手里有【Z】。
根据传递性规则，玩家B能管住玩家A吗？","{""A"": ""能"", ""B"": ""不能"", ""C"": ""无法确定"", ""D"": ""规则无效""}",B
Multi-hop ACL,18,40275,1_hop,,"已知规则：E > X。
玩家A打出了【E】。玩家B手里有【X】。
根据传递性规则，玩家B能管住玩家A吗？","{""A"": ""能"", ""B"": ""不能"", ""C"": ""无法确定"", ""D"": ""规则无效""}",B
Multi-hop ACL,19,40539,1_hop,,"已知规则：F > Z。
玩家A打出了【Z】。玩家B手里有【F】。
根据传递性规则，玩家B能管住玩家A吗？","{""A"": ""能"", ""B"": ""不能"", ""C"": ""无法确定"", ""D"": ""规则无效""}",A
Multi-hop ACL,20,11175,1_hop,,"已知规则：Moon > C。
玩家A打出了【C】。玩家B手里有【Moon】。
根据传递性规则，玩家B能管住玩家A吗？","{""A"": ""能"", ""B"": ""不能"", ""C"": ""无法确定"", ""D"": ""规则无效""}",A
Multi-hop ACL,21,27437,1_hop,,"已知规则：Star > F。
玩家A打出了【F】。玩家B手里有【Star】。
根据传递性规则，玩家B能管住玩家A吗？","{""A"": ""能"", ""B"": ""不能"", ""C"": ""无法确定"", ""D"": ""规则无效""}",A
Multi-hop ACL,22,42669,1_hop,,"已知规则：E > Z。
玩家A打出了【E】。玩家B手里有【Z】。
根据传递性规则，玩家B能管住玩家A吗？","{""A"": ""能"", ""B"": ""不能"", ""C"": ""无法确定"", ""D"": ""规则无效""}",B
Multi-hop ACL,23,36895,1_hop,,"已知规则：X > B。
玩家A打出了【X】。玩家B手里有【B】。
根据传递性规则，玩家B能管住玩家A吗？","{""A"": ""能"", ""B"": ""不能"", ""C"": ""无法确定"", ""D"": ""规则无效""}",B
Multi-hop ACL,24,68562,1_hop,,"已知规则：G > Sun。
玩家A打出了【G】。玩家B手里有【Sun】。
根据传递性规则，玩家B能管住玩家A吗？","{""A"": ""能"", ""B"": ""不能"", ""C"": ""无法确定"", ""D"": ""规则无效""}",B
Multi-hop ACL,25,18549,1_hop,,"已知规则：D > Star。
玩家A打出了【D】。玩家B手里有【Star】。
根据传递性规则，玩家B能管住玩家A吗？","{""A"": ""能"", ""B"": ""不能"", ""C"": ""无法确定"", ""D"": ""规则无效""}",B
Multi-hop ACL,26,35065,1_hop,,"已知规则：X > Moon。
玩家A打出了【X】。玩家B手里有【Moon】。
根据传递性规则，玩家B能管住玩家A吗？","{""A"": ""能"", ""B"": ""不能"", ""C"": ""无法确定"", ""D"": ""规则无效""}",B
Multi-hop ACL,27,10256,1_hop,,"已知规则：C > Z。
玩家A打出了【Z】。玩家B手里有【C】。
根据传递性规则，玩家B能管住玩家A吗？","{""A"": ""能"", ""B"": ""不能"", ""C"": ""无法确定"", ""D"": ""规则无效""}",A
Multi-hop ACL,28,53334,1_hop,,"已知规则：H > Z。
玩家A打出了【H】。玩家B手里有【Z】。
根据传递性规则，玩家B能管住玩家A吗？","{""A"": ""能"", ""B"": ""不能"", ""C"": ""无法确定"", ""D"": ""规则无效""}",B
Multi-hop ACL,29,93006,1_hop,,"已知规则：F > Z。
玩家A打出了【F】。玩家B手里有【Z】。
根据传递性规则，玩家B能管住玩家A吗？","{""A"": ""能"", ""B"": ""不能"", ""C"": ""无法确定"", ""D"": ""规则无效""}",B
Multi-hop ACL,30,47124,1_hop,,"已知规则：Z > G。
玩家A打出了【Z】。玩家B手里有【G】。
根据传递性规则，玩家B能管住玩家A吗？","{""A"": ""能"", ""B"": ""不能"", ""C"": ""无法确定"", ""D"": ""规则无效""}",B
Multi-hop ACL,31,98013,1_hop,,"已知规则：F > Y。
玩家A打出了【Y】。玩家B手里有【F】。
根据传递性规则，玩家B能管住玩家A吗？","{""A"": ""能"", ""B"": ""不能"", ""C"": ""无法确定"", ""D"": ""规则无效""}",A
Multi-hop ACL,32,60801,1_hop,,"已知规则：F > B。
玩家A打出了【F】。玩家B手里有【B】。
根据传递性规则，玩家B能管住玩家A吗？","{""A"": ""能"", ""B"": ""不能"", ""C"": ""无法确定"", ""D"": ""规则无效""}",B
Multi-hop ACL,33,89453,1_hop,,"已知规则：B > Y。
玩家A打出了【B】。玩家B手里有【Y】。
根据传递性规则，玩家B能管住玩家A吗？","{""A"": ""能"", ""B"": ""不能"", ""C"": ""无法确定"", ""D"": ""规则无效""}",B
Multi-hop ACL,34,59836,1_hop,,"已知规则：Z > Moon。
玩家A打出了【Z】。玩家B手里有【Moon】。
根据传递性规则，玩家B能管住玩家A吗？","{""A"": ""能"", ""B"": ""不能"", ""C"": ""无法确定"", ""D"": ""规则无效""}",B
Multi-hop ACL,35,51501,1_hop,,"已知规则：B > Star。
玩家A打出了【Star】。玩家B手里有【B】。
根据传递性规则，玩家B能管住玩家A吗？","{""A"": ""能"", ""B"": ""不能"", ""C"": ""无法确定"", ""D"": ""规则无效""}",A
Multi-hop ACL,36,43168,1_hop,,"已知规则：E > D。
玩家A打出了【D】。玩家B手里有【E】。
根据传递性规则，玩家B能管住玩家A吗？","{""A"": ""能"", ""B"": ""不能"", ""C"": ""无法确定"", ""D"": ""规则无效""}",A
Multi-hop ACL,37,91665,1_hop,,"已知规则：Sun > G。
玩家A打出了【G】。玩家B手里有【Sun】。
根据传递性规则，玩家B能管住玩家A吗？","{""A"": ""能"", ""B"": ""不能"", ""C"": ""无法确定"", ""D"": ""规则无效""}",A
Multi-hop ACL,38,22659,1_hop,,"已知规则：H > X。
玩家A打出了【H】。玩家B手里有【X】。
根据传递性规则，玩家B能管住玩家A吗？","{""A"": ""能"", ""B"": ""不能"", ""C"": ""无法确定"", ""D"": ""规则无效""}",B
Multi-hop ACL,39,61178,1_hop,,"已知规则：Star > B。
玩家A打出了【Star】。玩家B手里有【B】。
根据传递性规则，玩家B能管住玩家A吗？","{""A"": ""能"", ""B"": ""不能"", ""C"": ""无法确定"", ""D"": ""规则无效""}",B
Multi-hop ACL,40,17989,1_hop,,"已知规则：B > Moon。
玩家A打出了【Moon】。玩家B手里有【B】。
根据传递性规则，玩家B能管住玩家A吗？","{""A"": ""能"", ""B"": ""不能"", ""C"": ""无法确定"", ""D"": ""规则无效""}",A
Multi-hop ACL,41,45158,1_hop,,"已知规则：X > A。
玩家A打出了【X】。玩家B手里有【A】。
根据传递性规则，玩家B能管住玩家A吗？","{""A"": ""能"", ""B"": ""不能"", ""C"": ""无法确定"", ""D"": ""规则无效""}",B
Multi-hop ACL,42,70891,1_hop,,"已知规则：C > E。
玩家A打出了【E】。玩家B手里有【C】。
根据传递性规则，玩家B能管住玩家A吗？","{""A"": ""能"", ""B"": ""不能"", ""C"": ""无法确定"", ""D"": ""规则无效""}",A
Multi-hop ACL,43,65920,1_hop,,"已知规则：F > X。
玩家A打出了【F】。玩家B手里有【X】。
根据传递性规则，玩家B能管住玩家A吗？","{""A"": ""能"", ""B"": ""不能"", ""C"": ""无法确定"", ""D"": ""规则无效""}",B
Multi-hop ACL,44,58252,1_hop,,"已知规则：Z > Moon。
玩家A打出了【Moon】。玩家B手里有【Z】。
根据传递性规则，玩家B能管住玩家A吗？","{""A"": ""能"", ""B"": ""不能"", ""C"": ""无法确定"", ""D"": ""规则无效""}",A
Multi-hop ACL,45,71108,1_hop,,"已知规则：H > F。
玩家A打出了【F】。玩家B手里有【H】。
根据传递性规则，玩家B能管住玩家A吗？","{""A"": ""能"", ""B"": ""不能"", ""C"": ""无法确定"", ""D"": ""规则无效""}",A
Multi-hop ACL,46,65591,1_hop,,"已知规则：F > H。
玩家A打出了【F】。玩家B手里有【H】。
根据传递性规则，玩家B能管住玩家A吗？","{""A"": ""能"", ""B"": ""不能"", ""C"": ""无法确定"", ""D"": ""规则无效""}",B
Multi-hop ACL,47,88108,1_hop,,"已知规则：C > Star。
玩家A打出了【C】。玩家B手里有【Star】。
根据传递性规则，玩家B能管住玩家A吗？","{""A"": ""能"", ""B"": ""不能"", ""C"": ""无法确定"", ""D"": ""规则无效""}",B
Multi-hop ACL,48,80776,1_hop,,"已知规则：Sun > G。
玩家A打出了【Sun】。玩家B手里有【G】。
根据传递性规则，玩家B能管住玩家A吗？","{""A"": ""能"", ""B"": ""不能"", ""C"": ""无法确定"", ""D"": ""规则无效""}",B
Multi-hop ACL,49,79368,1_hop,,"已知规则：Moon > X。
玩家A打出了【Moon】。玩家B手里有【X】。
根据传递性规则，玩家B能管住玩家A吗？","{""A"": ""能"", ""B"": ""不能"", ""C"": ""无法确定"", ""D"": ""规则无效""}",B
Multi-hop ACL,50,61710,1_hop,,"已知规则：B > X。
玩家A打出了【B】。玩家B手里有【X】。
根据传递性规则，玩家B能管住玩家A吗？","{""A"": ""能"", ""B"": ""不能"", ""C"": ""无法确定"", ""D"": ""规则无效""}",B
Multi-hop ACL,51,43737,1_hop,,"已知规则：F > Moon。
玩家A打出了【Moon】。玩家B手里有【F】。
根据传递性规则，玩家B能管住玩家A吗？","{""A"": ""能"", ""B"": ""不能"", ""C"": ""无法确定"", ""D"": ""规则无效""}",A
Multi-hop ACL,52,34142,1_hop,,"已知规则：B > D。
玩家A打出了【B】。玩家B手里有【D】。
根据传递性规则，玩家B能管住玩家A吗？","{""A"": ""能"", ""B"": ""不能"", ""C"": ""无法确定"", ""D"": ""规则无效""}",B
Multi-hop ACL,53,21215,1_hop,,"已知规则：A > G。
玩家A打出了【G】。玩家B手里有【A】。
根据传递性规则，玩家B能管住玩家A吗？","{""A"": ""能"", ""B"": ""不能"", ""C"": ""无法确定"", ""D"": ""规则无效""}",A
Multi-hop ACL,54,93339,1_hop,,"已知规则：G > A。
玩家A打出了【A】。玩家B手里有【G】。
根据传递性规则，玩家B能管住玩家A吗？","{""A"": ""能"", ""B"": ""不能"", ""C"": ""无法确定"", ""D"": ""规则无效""}",A
Multi-hop ACL,55,17008,1_hop,,"已知规则：E > Star。
玩家A打出了【E】。玩家B手里有【Star】。
根据传递性规则，玩家B能管住玩家A吗？","{""A"": ""能"", ""B"": ""不能"", ""C"": ""无法确定"", ""D"": ""规则无效""}",B
Multi-hop ACL,56,10032,1_hop,,"已知规则：X > Moon。
玩家A打出了【Moon】。玩家B手里有【X】。
根据传递性规则，玩家B能管住玩家A吗？","{""A"": ""能"", ""B"": ""不能"", ""C"": ""无法确定"", ""D"": ""规则无效""}",A
Multi-hop ACL,57,34823,1_hop,,"已知规则：G > Moon。
玩家A打出了【Moon】。玩家B手里有【G】。
根据传递性规则，玩家B能管住玩家A吗？","{""A"": ""能"", ""B"": ""不能"", ""C"": ""无法确定"", ""D"": ""规则无效""}",A
Multi-hop ACL,58,49897,1_hop,,"已知规则：G > X。
玩家A打出了【X】。玩家B手里有【G】。
根据传递性规则，玩家B能管住玩家A吗？","{""A"": ""能"", ""B"": ""不能"", ""C"": ""无法确定"", ""D"": ""规则无效""}",A
Multi-hop ACL,59,18832,1_hop,,"已知规则：Y > E。
玩家A打出了【E】。玩家B手里有【Y】。
根据传递性规则，玩家B能管住玩家A吗？","{""A"": ""能"", ""B"": ""不能"", ""C"": ""无法确定"", ""D"": ""规则无效""}",A
Multi-hop ACL,60,89129,1_hop,,"已知规则：Star > Z。
玩家A打出了【Z】。玩家B手里有【Star】。
根据传递性规则，玩家B能管住玩家A吗？","{""A"": ""能"", ""B"": ""不能"", ""C"": ""无法确定"", ""D"": ""规则无效""}",A
Multi-hop ACL,61,94189,1_hop,,"已知规则：X > Moon。
玩家A打出了【X】。玩家B手里有【Moon】。
根据传递性规则，玩家B能管住玩家A吗？","{""A"": ""能"", ""B"": ""不能"", ""C"": ""无法确定"", ""D"": ""规则无效""}",B
Multi-hop ACL,62,49899,1_hop,,"已知规则：H > F。
玩家A打出了【F】。玩家B手里有【H】。
根据传递性规则，玩家B能管住玩家A吗？","{""A"": ""能"", ""B"": ""不能"", ""C"": ""无法确定"", ""D"": ""规则无效""}",A
Multi-hop ACL,63,41087,1_hop,,"已知规则：X > Star。
玩家A打出了【Star】。玩家B手里有【X】。
根据传递性规则，玩家B能管住玩家A吗？","{""A"": ""能"", ""B"": ""不能"", ""C"": ""无法确定"", ""D"": ""规则无效""}",A
Multi-hop ACL,64,83631,1_hop,,"已知规则：D > Z。
玩家A打出了【Z】。玩家B手里有【D】。
根据传递性规则，玩家B能管住玩家A吗？","{""A"": ""能"", ""B"": ""不能"", ""C"": ""无法确定"", ""D"": ""规则无效""}",A
Multi-hop ACL,65,23780,1_hop,,"已知规则：Z > Y。
玩家A打出了【Y】。玩家B手里有【Z】。
根据传递性规则，玩家B能管住玩家A吗？","{""A"": ""能"", ""B"": ""不能"", ""C"": ""无法确定"", ""D"": ""规则无效""}",A
Multi-hop ACL,66,62491,1_hop,,"已知规则：A > Z。
玩家A打出了【A】。玩家B手里有【Z】。
根据传递性规则，玩家B能管住玩家A吗？","{""A"": ""能"", ""B"": ""不能"", ""C"": ""无法确定"", ""D"": ""规则无效""}",B
Multi-hop ACL,67,51125,1_hop,,"已知规则：F > D。
玩家A打出了【D】。玩家B手里有【F】。
根据传递性规则，玩家B能管住玩家A吗？","{""A"": ""能"", ""B"": ""不能"", ""C"": ""无法确定"", ""D"": ""规则无效""}",A
Multi-hop ACL,68,16809,1_hop,,"已知规则：Star > Sun。
玩家A打出了【Star】。玩家B手里有【Sun】。
根据传递性规则，玩家B能管住玩家A吗？","{""A"": ""能"", ""B"": ""不能"", ""C"": ""无法确定"", ""D"": ""规则无效""}",B
Multi-hop ACL,69,36157,1_hop,,"已知规则：E > Star。
玩家A打出了【E】。玩家B手里有【Star】。
根据传递性规则，玩家B能管住玩家A吗？","{""A"": ""能"", ""B"": ""不能"", ""C"": ""无法确定"", ""D"": ""规则无效""}",B
Multi-hop ACL,70,24806,1_hop,,"已知规则：Star > Y。
玩家A打出了【Y】。玩家B手里有【Star】。
根据传递性规则，玩家B能管住玩家A吗？","{""A"": ""能"", ""B"": ""不能"", ""C"": ""无法确定"", ""D"": ""规则无效""}",A
Multi-hop ACL,71,82051,1_hop,,"已知规则：H > X。
玩家A打出了【X】。玩家B手里有【H】。
根据传递性规则，玩家B能管住玩家A吗？","{""A"": ""能"", ""B"": ""不能"", ""C"": ""无法确定"", ""D"": ""规则无效""}",A
Multi-hop ACL,72,96950,1_hop,,"已知规则：E > B。
玩家A打出了【B】。玩家B手里有【E】。
根据传递性规则，玩家B能管住玩家A吗？","{""A"": ""能"", ""B"": ""不能"", ""C"": ""无法确定"", ""D"": ""规则无效""}",A
Multi-hop ACL,73,17909,1_hop,,"已知规则：H > Y。
玩家A打出了【Y】。玩家B手里有【H】。
根据传递性规则，玩家B能管住玩家A吗？","{""A"": ""能"", ""B"": ""不能"", ""C"": ""无法确定"", ""D"": ""规则无效""}",A
Multi-hop ACL,74,82546,1_hop,,"已知规则：Moon > E。
玩家A打出了【Moon】。玩家B手里有【E】。
根据传递性规则，玩家B能管住玩家A吗？","{""A"": ""能"", ""B"": ""不能"", ""C"": ""无法确定"", ""D"": ""规则无效""}",B
Multi-hop ACL,75,67235,1_hop,,"已知规则：E > X。
玩家A打出了【X】。玩家B手里有【E】。
根据传递性规则，玩家B能管住玩家A吗？","{""A"": ""能"", ""B"": ""不能"", ""C"": ""无法确定"", ""D"": ""规则无效""}",A
Multi-hop ACL,76,24229,1_hop,,"已知规则：Moon > X。
玩家A打出了【X】。玩家B手里有【Moon】。
根据传递性规则，玩家B能管住玩家A吗？","{""A"": ""能"", ""B"": ""不能"", ""C"": ""无法确定"", ""D"": ""规则无效""}",A
Multi-hop ACL,77,81318,1_hop,,"已知规则：A > E。
玩家A打出了【A】。玩家B手里有【E】。
根据传递性规则，玩家B能管住玩家A吗？","{""A"": ""能"", ""B"": ""不能"", ""C"": ""无法确定"", ""D"": ""规则无效""}",B
Multi-hop ACL,78,64444,1_hop,,"已知规则：H > Star。
玩家A打出了【Star】。玩家B手里有【H】。
根据传递性规则，玩家B能管住玩家A吗？","{""A"": ""能"", ""B"": ""不能"", ""C"": ""无法确定"", ""D"": ""规则无效""}",A
Multi-hop ACL,79,53811,1_hop,,"已知规则：Z > X。
玩家A打出了【X】。玩家B手里有【Z】。
根据传递性规则，玩家B能管住玩家A吗？","{""A"": ""能"", ""B"": ""不能"", ""C"": ""无法确定"", ""D"": ""规则无效""}",A
Multi-hop ACL,80,45743,1_hop,,"已知规则：X > G。
玩家A打出了【X】。玩家B手里有【G】。
根据传递性规则，玩家B能管住玩家A吗？","{""A"": ""能"", ""B"": ""不能"", ""C"": ""无法确定"", ""D"": ""规则无效""}",B
Multi-hop ACL,81,25358,1_hop,,"已知规则：X > D。
玩家A打出了【X】。玩家B手里有【D】。
根据传递性规则，玩家B能管住玩家A吗？","{""A"": ""能"", ""B"": ""不能"", ""C"": ""无法确定"", ""D"": ""规则无效""}",B
Multi-hop ACL,82,28243,1_hop,,"已知规则：Moon > G。
玩家A打出了【Moon】。玩家B手里有【G】。
根据传递性规则，玩家B能管住玩家A吗？","{""A"": ""能"", ""B"": ""不能"", ""C"": ""无法确定"", ""D"": ""规则无效""}",B
Multi-hop ACL,83,34722,1_hop,,"已知规则：A > G。
玩家A打出了【A】。玩家B手里有【G】。
根据传递性规则，玩家B能管住玩家A吗？","{""A"": ""能"", ""B"": ""不能"", ""C"": ""无法确定"", ""D"": ""规则无效""}",B
Multi-hop ACL,84,46694,1_hop,,"已知规则：C > Z。
玩家A打出了【Z】。玩家B手里有【C】。
根据传递性规则，玩家B能管住玩家A吗？","{""A"": ""能"", ""B"": ""不能"", ""C"": ""无法确定"", ""D"": ""规则无效""}",A
Multi-hop ACL,85,36870,1_hop,,"已知规则：Z > Star。
玩家A打出了【Z】。玩家B手里有【Star】。
根据传递性规则，玩家B能管住玩家A吗？","{""A"": ""能"", ""B"": ""不能"", ""C"": ""无法确定"", ""D"": ""规则无效""}",B
Multi-hop ACL,86,36416,1_hop,,"已知规则：H > X。
玩家A打出了【H】。玩家B手里有【X】。
根据传递性规则，玩家B能管住玩家A吗？","{""A"": ""能"", ""B"": ""不能"", ""C"": ""无法确定"", ""D"": ""规则无效""}",B
Multi-hop ACL,87,29236,1_hop,,"已知规则：Sun > Moon。
玩家A打出了【Moon】。玩家B手里有【Sun】。
根据传递性规则，玩家B能管住玩家A吗？","{""A"": ""能"", ""B"": ""不能"", ""C"": ""无法确定"", ""D"": ""规则无效""}",A
Multi-hop ACL,88,80105,1_hop,,"已知规则：D > Y。
玩家A打出了【Y】。玩家B手里有【D】。
根据传递性规则，玩家B能管住玩家A吗？","{""A"": ""能"", ""B"": ""不能"", ""C"": ""无法确定"", ""D"": ""规则无效""}",A
Multi-hop ACL,89,71397,1_hop,,"已知规则：Star > Z。
玩家A打出了【Z】。玩家B手里有【Star】。
根据传递性规则，玩家B能管住玩家A吗？","{""A"": ""能"", ""B"": ""不能"", ""C"": ""无法确定"", ""D"": ""规则无效""}",A
Multi-hop ACL,90,58443,1_hop,,"已知规则：G > X。
玩家A打出了【G】。玩家B手里有【X】。
根据传递性规则，玩家B能管住玩家A吗？","{""A"": ""能"", ""B"": ""不能"", ""C"": ""无法确定"", ""D"": ""规则无效""}",B
Multi-hop ACL,91,91244,1_hop,,"已知规则：A > Z。
玩家A打出了【A】。玩家B手里有【Z】。
根据传递性规则，玩家B能管住玩家A吗？","{""A"": ""能"", ""B"": ""不能"", ""C"": ""无法确定"", ""D"": ""规则无效""}",B
Multi-hop ACL,92,97792,1_hop,,"已知规则：Z > H。
玩家A打出了【Z】。玩家B手里有【H】。
根据传递性规则，玩家B能管住玩家A吗？","{""A"": ""能"", ""B"": ""不能"", ""C"": ""无法确定"", ""D"": ""规则无效""}",B
Multi-hop ACL,93,99685,1_hop,,"已知规则：A > X。
玩家A打出了【A】。玩家B手里有【X】。
根据传递性规则，玩家B能管住玩家A吗？","{""A"": ""能"", ""B"": ""不能"", ""C"": ""无法确定"", ""D"": ""规则无效""}",B
Multi-hop ACL,94,17836,1_hop,,"已知规则：Sun > Star。
玩家A打出了【Star】。玩家B手里有【Sun】。
根据传递性规则，玩家B能管住玩家A吗？","{""A"": ""能"", ""B"": ""不能"", ""C"": ""无法确定"", ""D"": ""规则无效""}",A
Multi-hop ACL,95,16909,1_hop,,"已知规则：G > B。
玩家A打出了【G】。玩家B手里有【B】。
根据传递性规则，玩家B能管住玩家A吗？","{""A"": ""能"", ""B"": ""不能"", ""C"": ""无法确定"", ""D"": ""规则无效""}",B
Multi-hop ACL,96,24879,1_hop,,"已知规则：C > X。
玩家A打出了【C】。玩家B手里有【X】。
根据传递性规则，玩家B能管住玩家A吗？","{""A"": ""能"", ""B"": ""不能"", ""C"": ""无法确定"", ""D"": ""规则无效""}",B
Multi-hop ACL,97,24802,1_hop,,"已知规则：Star > Y。
玩家A打出了【Y】。玩家B手里有【Star】。
根据传递性规则，玩家B能管住玩家A吗？","{""A"": ""能"", ""B"": ""不能"", ""C"": ""无法确定"", ""D"": ""规则无效""}",A
Multi-hop ACL,98,98608,1_hop,,"已知规则：E > D。
玩家A打出了【D】。玩家B手里有【E】。
根据传递性规则，玩家B能管住玩家A吗？","{""A"": ""能"", ""B"": ""不能"", ""C"": ""无法确定"", ""D"": ""规则无效""}",A
Multi-hop ACL,99,65627,1_hop,,"已知规则：Z > E。
玩家A打出了【Z】。玩家B手里有【E】。
根据传递性规则，玩家B能管住玩家A吗？","{""A"": ""能"", ""B"": ""不能"", ""C"": ""无法确定"", ""D"": ""规则无效""}",B
Multi-hop ACL,100,83061,1_hop,,"已知规则：A > Star。
玩家A打出了【Star】。玩家B手里有【A】。
根据传递性规则，玩家B能管住玩家A吗？","{""A"": ""能"", ""B"": ""不能"", ""C"": ""无法确定"", ""D"": ""规则无效""}",A
Multi-hop ACL,101,52660,1_hop,,"已知规则：Z > H。
玩家A打出了【Z】。玩家B手里有【H】。
根据传递性规则，玩家B能管住玩家A吗？","{""A"": ""能"", ""B"": ""不能"", ""C"": ""无法确定"", ""D"": ""规则无效""}",B
Multi-hop ACL,102,32594,1_hop,,"已知规则：B > G。
玩家A打出了【B】。玩家B手里有【G】。
根据传递性规则，玩家B能管住玩家A吗？","{""A"": ""能"", ""B"": ""不能"", ""C"": ""无法确定"", ""D"": ""规则无效""}",B
Multi-hop ACL,103,14819,1_hop,,"已知规则：A > Sun。
玩家A打出了【Sun】。玩家B手里有【A】。
根据传递性规则，玩家B能管住玩家A吗？","{""A"": ""能"", ""B"": ""不能"", ""C"": ""无法确定"", ""D"": ""规则无效""}",A
Multi-hop ACL,104,24898,1_hop,,"已知规则：Moon > G。
玩家A打出了【Moon】。玩家B手里有【G】。
根据传递性规则，玩家B能管住玩家A吗？","{""A"": ""能"", ""B"": ""不能"", ""C"": ""无法确定"", ""D"": ""规则无效""}",B
Multi-hop ACL,105,80038,1_hop,,"已知规则：Sun > A。
玩家A打出了【Sun】。玩家B手里有【A】。
根据传递性规则，玩家B能管住玩家A吗？","{""A"": ""能"", ""B"": ""不能"", ""C"": ""无法确定"", ""D"": ""规则无效""}",B
Multi-hop ACL,106,24446,1_hop,,"已知规则：H > F。
玩家A打出了【H】。玩家B手里有【F】。
根据传递性规则，玩家B能管住玩家A吗？","{""A"": ""能"", ""B"": ""不能"", ""C"": ""无法确定"", ""D"": ""规则无效""}",B
Multi-hop ACL,107,37912,1_hop,,"已知规则：Y > Moon。
玩家A打出了【Moon】。玩家B手里有【Y】。
根据传递性规则，玩家B能管住玩家A吗？","{""A"": ""能"", ""B"": ""不能"", ""C"": ""无法确定"", ""D"": ""规则无效""}",A
Multi-hop ACL,108,91681,1_hop,,"已知规则：Moon > Y。
玩家A打出了【Moon】。玩家B手里有【Y】。
根据传递性规则，玩家B能管住玩家A吗？","{""A"": ""能"", ""B"": ""不能"", ""C"": ""无法确定"", ""D"": ""规则无效""}",B
Multi-hop ACL,109,53718,1_hop,,"已知规则：Moon > Sun。
玩家A打出了【Moon】。玩家B手里有【Sun】。
根据传递性规则，玩家B能管住玩家A吗？","{""A"": ""能"", ""B"": ""不能"", ""C"": ""无法确定"", ""D"": ""规则无效""}",B
Multi-hop ACL,110,85724,1_hop,,"已知规则：Sun > E。
玩家A打出了【E】。玩家B手里有【Sun】。
根据传递性规则，玩家B能管住玩家A吗？","{""A"": ""能"", ""B"": ""不能"", ""C"": ""无法确定"", ""D"": ""规则无效""}",A
Multi-hop ACL,111,31273,1_hop,,"已知规则：Star > E。
玩家A打出了【Star】。玩家B手里有【E】。
根据传递性规则，玩家B能管住玩家A吗？","{""A"": ""能"", ""B"": ""不能"", ""C"": ""无法确定"", ""D"": ""规则无效""}",B
Multi-hop ACL,112,19650,1_hop,,"已知规则：Sun > X。
玩家A打出了【Sun】。玩家B手里有【X】。
根据传递性规则，玩家B能管住玩家A吗？","{""A"": ""能"", ""B"": ""不能"", ""C"": ""无法确定"", ""D"": ""规则无效""}",B
Multi-hop ACL,113,22511,1_hop,,"已知规则：C > A。
玩家A打出了【A】。玩家B手里有【C】。
根据传递性规则，玩家B能管住玩家A吗？","{""A"": ""能"", ""B"": ""不能"", ""C"": ""无法确定"", ""D"": ""规则无效""}",A
Multi-hop ACL,114,73764,1_hop,,"已知规则：F > Y。
玩家A打出了【Y】。玩家B手里有【F】。
根据传递性规则，玩家B能管住玩家A吗？","{""A"": ""能"", ""B"": ""不能"", ""C"": ""无法确定"", ""D"": ""规则无效""}",A
Multi-hop ACL,115,85738,1_hop,,"已知规则：G > H。
玩家A打出了【H】。玩家B手里有【G】。
根据传递性规则，玩家B能管住玩家A吗？","{""A"": ""能"", ""B"": ""不能"", ""C"": ""无法确定"", ""D"": ""规则无效""}",A
Multi-hop ACL,116,43322,1_hop,,"已知规则：F > Moon。
玩家A打出了【F】。玩家B手里有【Moon】。
根据传递性规则，玩家B能管住玩家A吗？","{""A"": ""能"", ""B"": ""不能"", ""C"": ""无法确定"", ""D"": ""规则无效""}",B
Multi-hop ACL,117,76746,1_hop,,"已知规则：D > H。
玩家A打出了【H】。玩家B手里有【D】。
根据传递性规则，玩家B能管住玩家A吗？","{""A"": ""能"", ""B"": ""不能"", ""C"": ""无法确定"", ""D"": ""规则无效""}",A
Multi-hop ACL,118,90327,1_hop,,"已知规则：X > Moon。
玩家A打出了【X】。玩家B手里有【Moon】。
根据传递性规则，玩家B能管住玩家A吗？","{""A"": ""能"", ""B"": ""不能"", ""C"": ""无法确定"", ""D"": ""规则无效""}",B
Multi-hop ACL,119,23316,1_hop,,"已知规则：Z > E。
玩家A打出了【Z】。玩家B手里有【E】。
根据传递性规则，玩家B能管住玩家A吗？","{""A"": ""能"", ""B"": ""不能"", ""C"": ""无法确定"", ""D"": ""规则无效""}",B
Multi-hop ACL,120,78886,1_hop,,"已知规则：A > Z。
玩家A打出了【A】。玩家B手里有【Z】。
根据传递性规则，玩家B能管住玩家A吗？","{""A"": ""能"", ""B"": ""不能"", ""C"": ""无法确定"", ""D"": ""规则无效""}",B
Multi-hop ACL,121,67289,1_hop,,"已知规则：B > F。
玩家A打出了【F】。玩家B手里有【B】。
根据传递性规则，玩家B能管住玩家A吗？","{""A"": ""能"", ""B"": ""不能"", ""C"": ""无法确定"", ""D"": ""规则无效""}",A
Multi-hop ACL,122,38203,1_hop,,"已知规则：Star > A。
玩家A打出了【A】。玩家B手里有【Star】。
根据传递性规则，玩家B能管住玩家A吗？","{""A"": ""能"", ""B"": ""不能"", ""C"": ""无法确定"", ""D"": ""规则无效""}",A
Multi-hop ACL,123,88457,1_hop,,"已知规则：C > X。
玩家A打出了【C】。玩家B手里有【X】。
根据传递性规则，玩家B能管住玩家A吗？","{""A"": ""能"", ""B"": ""不能"", ""C"": ""无法确定"", ""D"": ""规则无效""}",B
Multi-hop ACL,124,76422,1_hop,,"已知规则：G > H。
玩家A打出了【H】。玩家B手里有【G】。
根据传递性规则，玩家B能管住玩家A吗？","{""A"": ""能"", ""B"": ""不能"", ""C"": ""无法确定"", ""D"": ""规则无效""}",A
Multi-hop ACL,125,97011,1_hop,,"已知规则：Star > D。
玩家A打出了【Star】。玩家B手里有【D】。
根据传递性规则，玩家B能管住玩家A吗？","{""A"": ""能"", ""B"": ""不能"", ""C"": ""无法确定"", ""D"": ""规则无效""}",B
Multi-hop ACL,126,34080,1_hop,,"已知规则：G > A。
玩家A打出了【A】。玩家B手里有【G】。
根据传递性规则，玩家B能管住玩家A吗？","{""A"": ""能"", ""B"": ""不能"", ""C"": ""无法确定"", ""D"": ""规则无效""}",A
Multi-hop ACL,127,45503,1_hop,,"已知规则：Star > E。
玩家A打出了【Star】。玩家B手里有【E】。
根据传递性规则，玩家B能管住玩家A吗？","{""A"": ""能"", ""B"": ""不能"", ""C"": ""无法确定"", ""D"": ""规则无效""}",B
Multi-hop ACL,128,78940,1_hop,,"已知规则：Sun > F。
玩家A打出了【F】。玩家B手里有【Sun】。
根据传递性规则，玩家B能管住玩家A吗？","{""A"": ""能"", ""B"": ""不能"", ""C"": ""无法确定"", ""D"": ""规则无效""}",A
Multi-hop ACL,129,72950,1_hop,,"已知规则：Star > X。
玩家A打出了【X】。玩家B手里有【Star】。
根据传递性规则，玩家B能管住玩家A吗？","{""A"": ""能"", ""B"": ""不能"", ""C"": ""无法确定"", ""D"": ""规则无效""}",A
Multi-hop ACL,130,97890,1_hop,,"已知规则：Z > G。
玩家A打出了【Z】。玩家B手里有【G】。
根据传递性规则，玩家B能管住玩家A吗？","{""A"": ""能"", ""B"": ""不能"", ""C"": ""无法确定"", ""D"": ""规则无效""}",B
Multi-hop ACL,131,35485,1_hop,,"已知规则：X > B。
玩家A打出了【X】。玩家B手里有【B】。
根据传递性规则，玩家B能管住玩家A吗？","{""A"": ""能"", ""B"": ""不能"", ""C"": ""无法确定"", ""D"": ""规则无效""}",B
Multi-hop ACL,132,24699,1_hop,,"已知规则：E > Z。
玩家A打出了【E】。玩家B手里有【Z】。
根据传递性规则，玩家B能管住玩家A吗？","{""A"": ""能"", ""B"": ""不能"", ""C"": ""无法确定"", ""D"": ""规则无效""}",B
Multi-hop ACL,133,57689,1_hop,,"已知规则：D > Star。
玩家A打出了【D】。玩家B手里有【Star】。
根据传递性规则，玩家B能管住玩家A吗？","{""A"": ""能"", ""B"": ""不能"", ""C"": ""无法确定"", ""D"": ""规则无效""}",B
Multi-hop ACL,134,52530,1_hop,,"已知规则：D > Z。
玩家A打出了【Z】。玩家B手里有【D】。
根据传递性规则，玩家B能管住玩家A吗？","{""A"": ""能"", ""B"": ""不能"", ""C"": ""无法确定"", ""D"": ""规则无效""}",A
Multi-hop ACL,135,32979,1_hop,,"已知规则：E > A。
玩家A打出了【A】。玩家B手里有【E】。
根据传递性规则，玩家B能管住玩家A吗？","{""A"": ""能"", ""B"": ""不能"", ""C"": ""无法确定"", ""D"": ""规则无效""}",A
Multi-hop ACL,136,52534,1_hop,,"已知规则：H > C。
玩家A打出了【C】。玩家B手里有【H】。
根据传递性规则，玩家B能管住玩家A吗？","{""A"": ""能"", ""B"": ""不能"", ""C"": ""无法确定"", ""D"": ""规则无效""}",A
Multi-hop ACL,137,27663,1_hop,,"已知规则：H > Moon。
玩家A打出了【H】。玩家B手里有【Moon】。
根据传递性规则，玩家B能管住玩家A吗？","{""A"": ""能"", ""B"": ""不能"", ""C"": ""无法确定"", ""D"": ""规则无效""}",B
Multi-hop ACL,138,20977,1_hop,,"已知规则：F > Y。
玩家A打出了【Y】。玩家B手里有【F】。
根据传递性规则，玩家B能管住玩家A吗？","{""A"": ""能"", ""B"": ""不能"", ""C"": ""无法确定"", ""D"": ""规则无效""}",A
Multi-hop ACL,139,84151,1_hop,,"已知规则：G > F。
玩家A打出了【G】。玩家B手里有【F】。
根据传递性规则，玩家B能管住玩家A吗？","{""A"": ""能"", ""B"": ""不能"", ""C"": ""无法确定"", ""D"": ""规则无效""}",B
Multi-hop ACL,140,52146,1_hop,,"已知规则：A > Y。
玩家A打出了【Y】。玩家B手里有【A】。
根据传递性规则，玩家B能管住玩家A吗？","{""A"": ""能"", ""B"": ""不能"", ""C"": ""无法确定"", ""D"": ""规则无效""}",A
Multi-hop ACL,141,99124,1_hop,,"已知规则：C > Star。
玩家A打出了【C】。玩家B手里有【Star】。
根据传递性规则，玩家B能管住玩家A吗？","{""A"": ""能"", ""B"": ""不能"", ""C"": ""无法确定"", ""D"": ""规则无效""}",B
Multi-hop ACL,142,36225,1_hop,,"已知规则：Sun > Y。
玩家A打出了【Sun】。玩家B手里有【Y】。
根据传递性规则，玩家B能管住玩家A吗？","{""A"": ""能"", ""B"": ""不能"", ""C"": ""无法确定"", ""D"": ""规则无效""}",B
Multi-hop ACL,143,13718,1_hop,,"已知规则：A > Star。
玩家A打出了【A】。玩家B手里有【Star】。
根据传递性规则，玩家B能管住玩家A吗？","{""A"": ""能"", ""B"": ""不能"", ""C"": ""无法确定"", ""D"": ""规则无效""}",B
Multi-hop ACL,144,58075,1_hop,,"已知规则：Y > X。
玩家A打出了【Y】。玩家B手里有【X】。
根据传递性规则，玩家B能管住玩家A吗？","{""A"": ""能"", ""B"": ""不能"", ""C"": ""无法确定"", ""D"": ""规则无效""}",B
Multi-hop ACL,145,40036,1_hop,,"已知规则：Moon > B。
玩家A打出了【Moon】。玩家B手里有【B】。
根据传递性规则，玩家B能管住玩家A吗？","{""A"": ""能"", ""B"": ""不能"", ""C"": ""无法确定"", ""D"": ""规则无效""}",B
Multi-hop ACL,146,72430,1_hop,,"已知规则：D > A。
玩家A打出了【D】。玩家B手里有【A】。
根据传递性规则，玩家B能管住玩家A吗？","{""A"": ""能"", ""B"": ""不能"", ""C"": ""无法确定"", ""D"": ""规则无效""}",B
Multi-hop ACL,147,68714,1_hop,,"已知规则：X > Z。
玩家A打出了【X】。玩家B手里有【Z】。
根据传递性规则，玩家B能管住玩家A吗？","{""A"": ""能"", ""B"": ""不能"", ""C"": ""无法确定"", ""D"": ""规则无效""}",B
Multi-hop ACL,148,12825,1_hop,,"已知规则：Z > A。
玩家A打出了【A】。玩家B手里有【Z】。
根据传递性规则，玩家B能管住玩家A吗？","{""A"": ""能"", ""B"": ""不能"", ""C"": ""无法确定"", ""D"": ""规则无效""}",A
Multi-hop ACL,149,10186,1_hop,,"已知规则：B > Sun。
玩家A打出了【B】。玩家B手里有【Sun】。
根据传递性规则，玩家B能管住玩家A吗？","{""A"": ""能"", ""B"": ""不能"", ""C"": ""无法确定"", ""D"": ""规则无效""}",B
Multi-hop ACL,150,62665,1_hop,,"已知规则：C > E。
玩家A打出了【C】。玩家B手里有【E】。
根据传递性规则，玩家B能管住玩家A吗？","{""A"": ""能"", ""B"": ""不能"", ""C"": ""无法确定"", ""D"": ""规则无效""}",B
Multi-hop ACL,151,37875,1_hop,,"已知规则：G > Y。
玩家A打出了【Y】。玩家B手里有【G】。
根据传递性规则，玩家B能管住玩家A吗？","{""A"": ""能"", ""B"": ""不能"", ""C"": ""无法确定"", ""D"": ""规则无效""}",A
Multi-hop ACL,152,76640,1_hop,,"已知规则：Z > B。
玩家A打出了【B】。玩家B手里有【Z】。
根据传递性规则，玩家B能管住玩家A吗？","{""A"": ""能"", ""B"": ""不能"", ""C"": ""无法确定"", ""D"": ""规则无效""}",A
Multi-hop ACL,153,93548,1_hop,,"已知规则：Z > Star。
玩家A打出了【Z】。玩家B手里有【Star】。
根据传递性规则，玩家B能管住玩家A吗？","{""A"": ""能"", ""B"": ""不能"", ""C"": ""无法确定"", ""D"": ""规则无效""}",B
Multi-hop ACL,154,22182,1_hop,,"已知规则：D > Z。
玩家A打出了【Z】。玩家B手里有【D】。
根据传递性规则，玩家B能管住玩家A吗？","{""A"": ""能"", ""B"": ""不能"", ""C"": ""无法确定"", ""D"": ""规则无效""}",A
Multi-hop ACL,155,24171,1_hop,,"已知规则：Sun > E。
玩家A打出了【Sun】。玩家B手里有【E】。
根据传递性规则，玩家B能管住玩家A吗？","{""A"": ""能"", ""B"": ""不能"", ""C"": ""无法确定"", ""D"": ""规则无效""}",B
Multi-hop ACL,156,60764,1_hop,,"已知规则：Z > A。
玩家A打出了【A】。玩家B手里有【Z】。
根据传递性规则，玩家B能管住玩家A吗？","{""A"": ""能"", ""B"": ""不能"", ""C"": ""无法确定"", ""D"": ""规则无效""}",A
Multi-hop ACL,157,27567,1_hop,,"已知规则：B > D。
玩家A打出了【D】。玩家B手里有【B】。
根据传递性规则，玩家B能管住玩家A吗？","{""A"": ""能"", ""B"": ""不能"", ""C"": ""无法确定"", ""D"": ""规则无效""}",A
Multi-hop ACL,158,81012,1_hop,,"已知规则：Z > Star。
玩家A打出了【Star】。玩家B手里有【Z】。
根据传递性规则，玩家B能管住玩家A吗？","{""A"": ""能"", ""B"": ""不能"", ""C"": ""无法确定"", ""D"": ""规则无效""}",A
Multi-hop ACL,159,12341,1_hop,,"已知规则：C > Sun。
玩家A打出了【Sun】。玩家B手里有【C】。
根据传递性规则，玩家B能管住玩家A吗？","{""A"": ""能"", ""B"": ""不能"", ""C"": ""无法确定"", ""D"": ""规则无效""}",A
Multi-hop ACL,160,59694,1_hop,,"已知规则：D > Moon。
玩家A打出了【Moon】。玩家B手里有【D】。
根据传递性规则，玩家B能管住玩家A吗？","{""A"": ""能"", ""B"": ""不能"", ""C"": ""无法确定"", ""D"": ""规则无效""}",A
Multi-hop ACL,161,40075,1_hop,,"已知规则：H > Star。
玩家A打出了【Star】。玩家B手里有【H】。
根据传递性规则，玩家B能管住玩家A吗？","{""A"": ""能"", ""B"": ""不能"", ""C"": ""无法确定"", ""D"": ""规则无效""}",A
Multi-hop ACL,162,37897,1_hop,,"已知规则：X > Star。
玩家A打出了【Star】。玩家B手里有【X】。
根据传递性规则，玩家B能管住玩家A吗？","{""A"": ""能"", ""B"": ""不能"", ""C"": ""无法确定"", ""D"": ""规则无效""}",A
Multi-hop ACL,163,46865,1_hop,,"已知规则：E > H。
玩家A打出了【E】。玩家B手里有【H】。
根据传递性规则，玩家B能管住玩家A吗？","{""A"": ""能"", ""B"": ""不能"", ""C"": ""无法确定"", ""D"": ""规则无效""}",B
Multi-hop ACL,164,50183,1_hop,,"已知规则：X > Z。
玩家A打出了【X】。玩家B手里有【Z】。
根据传递性规则，玩家B能管住玩家A吗？","{""A"": ""能"", ""B"": ""不能"", ""C"": ""无法确定"", ""D"": ""规则无效""}",B
Multi-hop ACL,165,63239,1_hop,,"已知规则：D > C。
玩家A打出了【C】。玩家B手里有【D】。
根据传递性规则，玩家B能管住玩家A吗？","{""A"": ""能"", ""B"": ""不能"", ""C"": ""无法确定"", ""D"": ""规则无效""}",A
Multi-hop ACL,166,20686,1_hop,,"已知规则：A > Star。
玩家A打出了【A】。玩家B手里有【Star】。
根据传递性规则，玩家B能管住玩家A吗？","{""A"": ""能"", ""B"": ""不能"", ""C"": ""无法确定"", ""D"": ""规则无效""}",B
Multi-hop ACL,167,31222,1_hop,,"已知规则：H > E。
玩家A打出了【H】。玩家B手里有【E】。
根据传递性规则，玩家B能管住玩家A吗？","{""A"": ""能"", ""B"": ""不能"", ""C"": ""无法确定"", ""D"": ""规则无效""}",B
Multi-hop ACL,168,83514,1_hop,,"已知规则：H > G。
玩家A打出了【G】。玩家B手里有【H】。
根据传递性规则，玩家B能管住玩家A吗？","{""A"": ""能"", ""B"": ""不能"", ""C"": ""无法确定"", ""D"": ""规则无效""}",A
Multi-hop ACL,169,63114,1_hop,,"已知规则：B > A。
玩家A打出了【B】。玩家B手里有【A】。
根据传递性规则，玩家B能管住玩家A吗？","{""A"": ""能"", ""B"": ""不能"", ""C"": ""无法确定"", ""D"": ""规则无效""}",B
Multi-hop ACL,170,16176,1_hop,,"已知规则：C > D。
玩家A打出了【C】。玩家B手里有【D】。
根据传递性规则，玩家B能管住玩家A吗？","{""A"": ""能"", ""B"": ""不能"", ""C"": ""无法确定"", ""D"": ""规则无效""}",B
Multi-hop ACL,171,35039,1_hop,,"已知规则：X > Y。
玩家A打出了【X】。玩家B手里有【Y】。
根据传递性规则，玩家B能管住玩家A吗？","{""A"": ""能"", ""B"": ""不能"", ""C"": ""无法确定"", ""D"": ""规则无效""}",B
Multi-hop ACL,172,90190,1_hop,,"已知规则：Z > B。
玩家A打出了【B】。玩家B手里有【Z】。
根据传递性规则，玩家B能管住玩家A吗？","{""A"": ""能"", ""B"": ""不能"", ""C"": ""无法确定"", ""D"": ""规则无效""}",A
Multi-hop ACL,173,28779,1_hop,,"已知规则：Y > Moon。
玩家A打出了【Moon】。玩家B手里有【Y】。
根据传递性规则，玩家B能管住玩家A吗？","{""A"": ""能"", ""B"": ""不能"", ""C"": ""无法确定"", ""D"": ""规则无效""}",A
Multi-hop ACL,174,73285,1_hop,,"已知规则：Sun > X。
玩家A打出了【Sun】。玩家B手里有【X】。
根据传递性规则，玩家B能管住玩家A吗？","{""A"": ""能"", ""B"": ""不能"", ""C"": ""无法确定"", ""D"": ""规则无效""}",B
Multi-hop ACL,175,30124,1_hop,,"已知规则：D > C。
玩家A打出了【D】。玩家B手里有【C】。
根据传递性规则，玩家B能管住玩家A吗？","{""A"": ""能"", ""B"": ""不能"", ""C"": ""无法确定"", ""D"": ""规则无效""}",B
Multi-hop ACL,176,11683,1_hop,,"已知规则：H > G。
玩家A打出了【H】。玩家B手里有【G】。
根据传递性规则，玩家B能管住玩家A吗？","{""A"": ""能"", ""B"": ""不能"", ""C"": ""无法确定"", ""D"": ""规则无效""}",B
Multi-hop ACL,177,63338,1_hop,,"已知规则：A > H。
玩家A打出了【A】。玩家B手里有【H】。
根据传递性规则，玩家B能管住玩家A吗？","{""A"": ""能"", ""B"": ""不能"", ""C"": ""无法确定"", ""D"": ""规则无效""}",B
Multi-hop ACL,178,40104,1_hop,,"已知规则：X > G。
玩家A打出了【X】。玩家B手里有【G】。
根据传递性规则，玩家B能管住玩家A吗？","{""A"": ""能"", ""B"": ""不能"", ""C"": ""无法确定"", ""D"": ""规则无效""}",B
Multi-hop ACL,179,56225,1_hop,,"已知规则：Z > Y。
玩家A打出了【Z】。玩家B手里有【Y】。
根据传递性规则，玩家B能管住玩家A吗？","{""A"": ""能"", ""B"": ""不能"", ""C"": ""无法确定"", ""D"": ""规则无效""}",B
Multi-hop ACL,180,50295,1_hop,,"已知规则：Sun > G。
玩家A打出了【G】。玩家B手里有【Sun】。
根据传递性规则，玩家B能管住玩家A吗？","{""A"": ""能"", ""B"": ""不能"", ""C"": ""无法确定"", ""D"": ""规则无效""}",A
Multi-hop ACL,181,13024,1_hop,,"已知规则：F > G。
玩家A打出了【F】。玩家B手里有【G】。
根据传递性规则，玩家B能管住玩家A吗？","{""A"": ""能"", ""B"": ""不能"", ""C"": ""无法确定"", ""D"": ""规则无效""}",B
Multi-hop ACL,182,99353,1_hop,,"已知规则：A > Z。
玩家A打出了【A】。玩家B手里有【Z】。
根据传递性规则，玩家B能管住玩家A吗？","{""A"": ""能"", ""B"": ""不能"", ""C"": ""无法确定"", ""D"": ""规则无效""}",B
Multi-hop ACL,183,19909,1_hop,,"已知规则：Moon > E。
玩家A打出了【Moon】。玩家B手里有【E】。
根据传递性规则，玩家B能管住玩家A吗？","{""A"": ""能"", ""B"": ""不能"", ""C"": ""无法确定"", ""D"": ""规则无效""}",B
Multi-hop ACL,184,51329,1_hop,,"已知规则：C > X。
玩家A打出了【X】。玩家B手里有【C】。
根据传递性规则，玩家B能管住玩家A吗？","{""A"": ""能"", ""B"": ""不能"", ""C"": ""无法确定"", ""D"": ""规则无效""}",A
Multi-hop ACL,185,37985,1_hop,,"已知规则：X > D。
玩家A打出了【X】。玩家B手里有【D】。
根据传递性规则，玩家B能管住玩家A吗？","{""A"": ""能"", ""B"": ""不能"", ""C"": ""无法确定"", ""D"": ""规则无效""}",B
Multi-hop ACL,186,32997,1_hop,,"已知规则：G > Y。
玩家A打出了【Y】。玩家B手里有【G】。
根据传递性规则，玩家B能管住玩家A吗？","{""A"": ""能"", ""B"": ""不能"", ""C"": ""无法确定"", ""D"": ""规则无效""}",A
Multi-hop ACL,187,73260,1_hop,,"已知规则：C > Moon。
玩家A打出了【Moon】。玩家B手里有【C】。
根据传递性规则，玩家B能管住玩家A吗？","{""A"": ""能"", ""B"": ""不能"", ""C"": ""无法确定"", ""D"": ""规则无效""}",A
Multi-hop ACL,188,34730,1_hop,,"已知规则：H > A。
玩家A打出了【H】。玩家B手里有【A】。
根据传递性规则，玩家B能管住玩家A吗？","{""A"": ""能"", ""B"": ""不能"", ""C"": ""无法确定"", ""D"": ""规则无效""}",B
Multi-hop ACL,189,58730,1_hop,,"已知规则：X > Star。
玩家A打出了【X】。玩家B手里有【Star】。
根据传递性规则，玩家B能管住玩家A吗？","{""A"": ""能"", ""B"": ""不能"", ""C"": ""无法确定"", ""D"": ""规则无效""}",B
Multi-hop ACL,190,93036,1_hop,,"已知规则：B > H。
玩家A打出了【H】。玩家B手里有【B】。
根据传递性规则，玩家B能管住玩家A吗？","{""A"": ""能"", ""B"": ""不能"", ""C"": ""无法确定"", ""D"": ""规则无效""}",A
Multi-hop ACL,191,75963,1_hop,,"已知规则：F > Z。
玩家A打出了【F】。玩家B手里有【Z】。
根据传递性规则，玩家B能管住玩家A吗？","{""A"": ""能"", ""B"": ""不能"", ""C"": ""无法确定"", ""D"": ""规则无效""}",B
Multi-hop ACL,192,65467,1_hop,,"已知规则：G > F。
玩家A打出了【G】。玩家B手里有【F】。
根据传递性规则，玩家B能管住玩家A吗？","{""A"": ""能"", ""B"": ""不能"", ""C"": ""无法确定"", ""D"": ""规则无效""}",B
Multi-hop ACL,193,23632,1_hop,,"已知规则：B > Star。
玩家A打出了【B】。玩家B手里有【Star】。
根据传递性规则，玩家B能管住玩家A吗？","{""A"": ""能"", ""B"": ""不能"", ""C"": ""无法确定"", ""D"": ""规则无效""}",B
Multi-hop ACL,194,79857,1_hop,,"已知规则：H > B。
玩家A打出了【H】。玩家B手里有【B】。
根据传递性规则，玩家B能管住玩家A吗？","{""A"": ""能"", ""B"": ""不能"", ""C"": ""无法确定"", ""D"": ""规则无效""}",B
Multi-hop ACL,195,58102,1_hop,,"已知规则：D > G。
玩家A打出了【D】。玩家B手里有【G】。
根据传递性规则，玩家B能管住玩家A吗？","{""A"": ""能"", ""B"": ""不能"", ""C"": ""无法确定"", ""D"": ""规则无效""}",B
Multi-hop ACL,196,94760,1_hop,,"已知规则：Moon > B。
玩家A打出了【Moon】。玩家B手里有【B】。
根据传递性规则，玩家B能管住玩家A吗？","{""A"": ""能"", ""B"": ""不能"", ""C"": ""无法确定"", ""D"": ""规则无效""}",B
Multi-hop ACL,197,99002,1_hop,,"已知规则：C > E。
玩家A打出了【C】。玩家B手里有【E】。
根据传递性规则，玩家B能管住玩家A吗？","{""A"": ""能"", ""B"": ""不能"", ""C"": ""无法确定"", ""D"": ""规则无效""}",B
Multi-hop ACL,198,18502,1_hop,,"已知规则：Y > X。
玩家A打出了【X】。玩家B手里有【Y】。
根据传递性规则，玩家B能管住玩家A吗？","{""A"": ""能"", ""B"": ""不能"", ""C"": ""无法确定"", ""D"": ""规则无效""}",A
Multi-hop ACL,199,78054,1_hop,,"已知规则：F > B。
玩家A打出了【B】。玩家B手里有【F】。
根据传递性规则，玩家B能管住玩家A吗？","{""A"": ""能"", ""B"": ""不能"", ""C"": ""无法确定"", ""D"": ""规则无效""}",A
Multi-hop ACL,200,12544,1_hop,,"已知规则：Sun > F。
玩家A打出了【Sun】。玩家B手里有【F】。
根据传递性规则，玩家B能管住玩家A吗？","{""A"": ""能"", ""B"": ""不能"", ""C"": ""无法确定"", ""D"": ""规则无效""}",B
Multi-hop ACL,201,18568,2_hop,,"已知规则：A > F，F > D。
玩家A打出了【D】。玩家B手里有【A】。
根据传递性规则，玩家B能管住玩家A吗？","{""A"": ""能"", ""B"": ""不能"", ""C"": ""无法确定"", ""D"": ""规则无效""}",A
Multi-hop ACL,202,75392,2_hop,,"已知规则：A > Z，Z > E。
玩家A打出了【A】。玩家B手里有【E】。
根据传递性规则，玩家B能管住玩家A吗？","{""A"": ""能"", ""B"": ""不能"", ""C"": ""无法确定"", ""D"": ""规则无效""}",B
Multi-hop ACL,203,99785,2_hop,,"已知规则：B > A，Z > B。
玩家A打出了【Z】。玩家B手里有【A】。
根据传递性规则，玩家B能管住玩家A吗？","{""A"": ""能"", ""B"": ""不能"", ""C"": ""无法确定"", ""D"": ""规则无效""}",B
Multi-hop ACL,204,88010,2_hop,,"已知规则：Sun > H，H > Star。
玩家A打出了【Star】。玩家B手里有【Sun】。
根据传递性规则，玩家B能管住玩家A吗？","{""A"": ""能"", ""B"": ""不能"", ""C"": ""无法确定"", ""D"": ""规则无效""}",A
Multi-hop ACL,205,31161,2_hop,,"已知规则：Z > Moon，Moon > Star。
玩家A打出了【Star】。玩家B手里有【Z】。
根据传递性规则，玩家B能管住玩家A吗？","{""A"": ""能"", ""B"": ""不能"", ""C"": ""无法确定"", ""D"": ""规则无效""}",A
Multi-hop ACL,206,75936,2_hop,,"已知规则：Star > Z，D > Star。
玩家A打出了【D】。玩家B手里有【Z】。
根据传递性规则，玩家B能管住玩家A吗？","{""A"": ""能"", ""B"": ""不能"", ""C"": ""无法确定"", ""D"": ""规则无效""}",B
Multi-hop ACL,207,37464,2_hop,,"已知规则：B > Moon，Moon > G。
玩家A打出了【B】。玩家B手里有【G】。
根据传递性规则，玩家B能管住玩家A吗？","{""A"": ""能"", ""B"": ""不能"", ""C"": ""无法确定"", ""D"": ""规则无效""}",B
Multi-hop ACL,208,55048,2_hop,,"已知规则：G > H，Z > G。
玩家A打出了【H】。玩家B手里有【Z】。
根据传递性规则，玩家B能管住玩家A吗？","{""A"": ""能"", ""B"": ""不能"", ""C"": ""无法确定"", ""D"": ""规则无效""}",A
Multi-hop ACL,209,34064,2_hop,,"已知规则：X > G，G > C。
玩家A打出了【X】。玩家B手里有【C】。
根据传递性规则，玩家B能管住玩家A吗？","{""A"": ""能"", ""B"": ""不能"", ""C"": ""无法确定"", ""D"": ""规则无效""}",B
Multi-hop ACL,210,86235,2_hop,,"已知规则：D > X，Moon > D。
玩家A打出了【Moon】。玩家B手里有【X】。
根据传递性规则，玩家B能管住玩家A吗？","{""A"": ""能"", ""B"": ""不能"", ""C"": ""无法确定"", ""D"": ""规则无效""}",B
Multi-hop ACL,211,81679,2_hop,,"已知规则：Z > F，F > D。
玩家A打出了【D】。玩家B手里有【Z】。
根据传递性规则，玩家B能管住玩家A吗？","{""A"": ""能"", ""B"": ""不能"", ""C"": ""无法确定"", ""D"": ""规则无效""}",A
Multi-hop ACL,212,75897,2_hop,,"已知规则：Y > E，F > Y。
玩家A打出了【E】。玩家B手里有【F】。
根据传递性规则，玩家B能管住玩家A吗？","{""A"": ""能"", ""B"": ""不能"", ""C"": ""无法确定"", ""D"": ""规则无效""}",A
Multi-hop ACL,213,66501,2_hop,,"已知规则：C > E，D > C。
玩家A打出了【D】。玩家B手里有【E】。
根据传递性规则，玩家B能管住玩家A吗？","{""A"": ""能"", ""B"": ""不能"", ""C"": ""无法确定"", ""D"": ""规则无效""}",B
Multi-hop ACL,214,57431,2_hop,,"已知规则：D > Y，X > D。
玩家A打出了【X】。玩家B手里有【Y】。
根据传递性规则，玩家B能管住玩家A吗？","{""A"": ""能"", ""B"": ""不能"", ""C"": ""无法确定"", ""D"": ""规则无效""}",B
Multi-hop ACL,215,42146,2_hop,,"已知规则：Z > Sun，H > Z。
玩家A打出了【H】。玩家B手里有【Sun】。
根据传递性规则，玩家B能管住玩家A吗？","{""A"": ""能"", ""B"": ""不能"", ""C"": ""无法确定"", ""D"": ""规则无效""}",B
Multi-hop ACL,216,69751,2_hop,,"已知规则：F > Y，Moon > F。
玩家A打出了【Y】。玩家B手里有【Moon】。
根据传递性规则，玩家B能管住玩家A吗？","{""A"": ""能"", ""B"": ""不能"", ""C"": ""无法确定"", ""D"": ""规则无效""}",A
Multi-hop ACL,217,65375,2_hop,,"已知规则：H > Sun，X > H。
玩家A打出了【Sun】。玩家B手里有【X】。
根据传递性规则，玩家B能管住玩家A吗？","{""A"": ""能"", ""B"": ""不能"", ""C"": ""无法确定"", ""D"": ""规则无效""}",A
Multi-hop ACL,218,35904,2_hop,,"已知规则：Star > Sun，Sun > A。
玩家A打出了【A】。玩家B手里有【Star】。
根据传递性规则，玩家B能管住玩家A吗？","{""A"": ""能"", ""B"": ""不能"", ""C"": ""无法确定"", ""D"": ""规则无效""}",A
Multi-hop ACL,219,89484,2_hop,,"已知规则：G > D，D > A。
玩家A打出了【G】。玩家B手里有【A】。
根据传递性规则，玩家B能管住玩家A吗？","{""A"": ""能"", ""B"": ""不能"", ""C"": ""无法确定"", ""D"": ""规则无效""}",B
Multi-hop ACL,220,90339,2_hop,,"已知规则：B > Sun，Sun > A。
玩家A打出了【B】。玩家B手里有【A】。
根据传递性规则，玩家B能管住玩家A吗？","{""A"": ""能"", ""B"": ""不能"", ""C"": ""无法确定"", ""D"": ""规则无效""}",B
Multi-hop ACL,221,23588,2_hop,,"已知规则：C > F，F > Z。
玩家A打出了【Z】。玩家B手里有【C】。
根据传递性规则，玩家B能管住玩家A吗？","{""A"": ""能"", ""B"": ""不能"", ""C"": ""无法确定"", ""D"": ""规则无效""}",A
Multi-hop ACL,222,79817,2_hop,,"已知规则：X > D，H > X。
玩家A打出了【H】。玩家B手里有【D】。
根据传递性规则，玩家B能管住玩家A吗？","{""A"": ""能"", ""B"": ""不能"", ""C"": ""无法确定"", ""D"": ""规则无效""}",B
Multi-hop ACL,223,45655,2_hop,,"已知规则：H > Z，Z > C。
玩家A打出了【H】。玩家B手里有【C】。
根据传递性规则，玩家B能管住玩家A吗？","{""A"": ""能"", ""B"": ""不能"", ""C"": ""无法确定"", ""D"": ""规则无效""}",B
Multi-hop ACL,224,10981,2_hop,,"已知规则：Moon > A，H > Moon。
玩家A打出了【A】。玩家B手里有【H】。
根据传递性规则，玩家B能管住玩家A吗？","{""A"": ""能"", ""B"": ""不能"", ""C"": ""无法确定"", ""D"": ""规则无效""}",A
Multi-hop ACL,225,87825,2_hop,,"已知规则：G > E，H > G。
玩家A打出了【E】。玩家B手里有【H】。
根据传递性规则，玩家B能管住玩家A吗？","{""A"": ""能"", ""B"": ""不能"", ""C"": ""无法确定"", ""D"": ""规则无效""}",A
Multi-hop ACL,226,72379,2_hop,,"已知规则：C > F，F > H。
玩家A打出了【C】。玩家B手里有【H】。
根据传递性规则，玩家B能管住玩家A吗？","{""A"": ""能"", ""B"": ""不能"", ""C"": ""无法确定"", ""D"": ""规则无效""}",B
Multi-hop ACL,227,15177,2_hop,,"已知规则：H > B，Star > H。
玩家A打出了【B】。玩家B手里有【Star】。
根据传递性规则，玩家B能管住玩家A吗？","{""A"": ""能"", ""B"": ""不能"", ""C"": ""无法确定"", ""D"": ""规则无效""}",A
Multi-hop ACL,228,22608,2_hop,,"已知规则：Z > D，D > Moon。
玩家A打出了【Moon】。玩家B手里有【Z】。
根据传递性规则，玩家B能管住玩家A吗？","{""A"": ""能"", ""B"": ""不能"", ""C"": ""无法确定"", ""D"": ""规则无效""}",A
Multi-hop ACL,229,80533,2_hop,,"已知规则：Moon > Z，Z > E。
玩家A打出了【Moon】。玩家B手里有【E】。
根据传递性规则，玩家B能管住玩家A吗？","{""A"": ""能"", ""B"": ""不能"", ""C"": ""无法确定"", ""D"": ""规则无效""}",B
Multi-hop ACL,230,26583,2_hop,,"已知规则：F > E，C > F。
玩家A打出了【C】。玩家B手里有【E】。
根据传递性规则，玩家B能管住玩家A吗？","{""A"": ""能"", ""B"": ""不能"", ""C"": ""无法确定"", ""D"": ""规则无效""}",B
Multi-hop ACL,231,17555,2_hop,,"已知规则：G > C，Sun > G。
玩家A打出了【Sun】。玩家B手里有【C】。
根据传递性规则，玩家B能管住玩家A吗？","{""A"": ""能"", ""B"": ""不能"", ""C"": ""无法确定"", ""D"": ""规则无效""}",B
Multi-hop ACL,232,53863,2_hop,,"已知规则：Y > C，D > Y。
玩家A打出了【C】。玩家B手里有【D】。
根据传递性规则，玩家B能管住玩家A吗？","{""A"": ""能"", ""B"": ""不能"", ""C"": ""无法确定"", ""D"": ""规则无效""}",A
Multi-hop ACL,233,14339,2_hop,,"已知规则：Sun > D，D > Star。
玩家A打出了【Star】。玩家B手里有【Sun】。
根据传递性规则，玩家B能管住玩家A吗？","{""A"": ""能"", ""B"": ""不能"", ""C"": ""无法确定"", ""D"": ""规则无效""}",A
Multi-hop ACL,234,43054,2_hop,,"已知规则：X > Moon，E > X。
玩家A打出了【E】。玩家B手里有【Moon】。
根据传递性规则，玩家B能管住玩家A吗？","{""A"": ""能"", ""B"": ""不能"", ""C"": ""无法确定"", ""D"": ""规则无效""}",B
Multi-hop ACL,235,50346,2_hop,,"已知规则：D > B，Sun > D。
玩家A打出了【B】。玩家B手里有【Sun】。
根据传递性规则，玩家B能管住玩家A吗？","{""A"": ""能"", ""B"": ""不能"", ""C"": ""无法确定"", ""D"": ""规则无效""}",A
Multi-hop ACL,236,99034,2_hop,,"已知规则：Sun > D，D > C。
玩家A打出了【C】。玩家B手里有【Sun】。
根据传递性规则，玩家B能管住玩家A吗？","{""A"": ""能"", ""B"": ""不能"", ""C"": ""无法确定"", ""D"": ""规则无效""}",A
Multi-hop ACL,237,58497,2_hop,,"已知规则：E > Star，Star > B。
玩家A打出了【B】。玩家B手里有【E】。
根据传递性规则，玩家B能管住玩家A吗？","{""A"": ""能"", ""B"": ""不能"", ""C"": ""无法确定"", ""D"": ""规则无效""}",A
Multi-hop ACL,238,28263,2_hop,,"已知规则：Sun > G，G > H。
玩家A打出了【H】。玩家B手里有【Sun】。
根据传递性规则，玩家B能管住玩家A吗？","{""A"": ""能"", ""B"": ""不能"", ""C"": ""无法确定"", ""D"": ""规则无效""}",A
Multi-hop ACL,239,29677,2_hop,,"已知规则：C > X，X > Z。
玩家A打出了【Z】。玩家B手里有【C】。
根据传递性规则，玩家B能管住玩家A吗？","{""A"": ""能"", ""B"": ""不能"", ""C"": ""无法确定"", ""D"": ""规则无效""}",A
Multi-hop ACL,240,69460,2_hop,,"已知规则：C > D，B > C。
玩家A打出了【D】。玩家B手里有【B】。
根据传递性规则，玩家B能管住玩家A吗？","{""A"": ""能"", ""B"": ""不能"", ""C"": ""无法确定"", ""D"": ""规则无效""}",A
Multi-hop ACL,241,43046,2_hop,,"已知规则：C > Sun，Sun > Y。
玩家A打出了【Y】。玩家B手里有【C】。
根据传递性规则，玩家B能管住玩家A吗？","{""A"": ""能"", ""B"": ""不能"", ""C"": ""无法确定"", ""D"": ""规则无效""}",A
Multi-hop ACL,242,10471,2_hop,,"已知规则：B > A，A > H。
玩家A打出了【H】。玩家B手里有【B】。
根据传递性规则，玩家B能管住玩家A吗？","{""A"": ""能"", ""B"": ""不能"", ""C"": ""无法确定"", ""D"": ""规则无效""}",A
Multi-hop ACL,243,95768,2_hop,,"已知规则：E > F，G > E。
玩家A打出了【G】。玩家B手里有【F】。
根据传递性规则，玩家B能管住玩家A吗？","{""A"": ""能"", ""B"": ""不能"", ""C"": ""无法确定"", ""D"": ""规则无效""}",B
Multi-hop ACL,244,13597,2_hop,,"已知规则：X > C，C > Y。
玩家A打出了【X】。玩家B手里有【Y】。
根据传递性规则，玩家B能管住玩家A吗？","{""A"": ""能"", ""B"": ""不能"", ""C"": ""无法确定"", ""D"": ""规则无效""}",B
Multi-hop ACL,245,86347,2_hop,,"已知规则：Y > F，B > Y。
玩家A打出了【F】。玩家B手里有【B】。
根据传递性规则，玩家B能管住玩家A吗？","{""A"": ""能"", ""B"": ""不能"", ""C"": ""无法确定"", ""D"": ""规则无效""}",A
Multi-hop ACL,246,44501,2_hop,,"已知规则：G > H，Star > G。
玩家A打出了【H】。玩家B手里有【Star】。
根据传递性规则，玩家B能管住玩家A吗？","{""A"": ""能"", ""B"": ""不能"", ""C"": ""无法确定"", ""D"": ""规则无效""}",A
Multi-hop ACL,247,74997,2_hop,,"已知规则：F > D，D > Sun。
玩家A打出了【F】。玩家B手里有【Sun】。
根据传递性规则，玩家B能管住玩家A吗？","{""A"": ""能"", ""B"": ""不能"", ""C"": ""无法确定"", ""D"": ""规则无效""}",B
Multi-hop ACL,248,87678,2_hop,,"已知规则：Star > F，F > C。
玩家A打出了【Star】。玩家B手里有【C】。
根据传递性规则，玩家B能管住玩家A吗？","{""A"": ""能"", ""B"": ""不能"", ""C"": ""无法确定"", ""D"": ""规则无效""}",B
Multi-hop ACL,249,26988,2_hop,,"已知规则：Z > F，A > Z。
玩家A打出了【A】。玩家B手里有【F】。
根据传递性规则，玩家B能管住玩家A吗？","{""A"": ""能"", ""B"": ""不能"", ""C"": ""无法确定"", ""D"": ""规则无效""}",B
Multi-hop ACL,250,33746,2_hop,,"已知规则：B > X，X > Y。
玩家A打出了【Y】。玩家B手里有【B】。
根据传递性规则，玩家B能管住玩家A吗？","{""A"": ""能"", ""B"": ""不能"", ""C"": ""无法确定"", ""D"": ""规则无效""}",A
Multi-hop ACL,251,65274,2_hop,,"已知规则：H > X，F > H。
玩家A打出了【X】。玩家B手里有【F】。
根据传递性规则，玩家B能管住玩家A吗？","{""A"": ""能"", ""B"": ""不能"", ""C"": ""无法确定"", ""D"": ""规则无效""}",A
Multi-hop ACL,252,44680,2_hop,,"已知规则：H > F，B > H。
玩家A打出了【B】。玩家B手里有【F】。
根据传递性规则，玩家B能管住玩家A吗？","{""A"": ""能"", ""B"": ""不能"", ""C"": ""无法确定"", ""D"": ""规则无效""}",B
Multi-hop ACL,253,67123,2_hop,,"已知规则：Z > Star，Star > Y。
玩家A打出了【Y】。玩家B手里有【Z】。
根据传递性规则，玩家B能管住玩家A吗？","{""A"": ""能"", ""B"": ""不能"", ""C"": ""无法确定"", ""D"": ""规则无效""}",A
Multi-hop ACL,254,22170,2_hop,,"已知规则：G > D，H > G。
玩家A打出了【D】。玩家B手里有【H】。
根据传递性规则，玩家B能管住玩家A吗？","{""A"": ""能"", ""B"": ""不能"", ""C"": ""无法确定"", ""D"": ""规则无效""}",A
Multi-hop ACL,255,89663,2_hop,,"已知规则：X > E，C > X。
玩家A打出了【E】。玩家B手里有【C】。
根据传递性规则，玩家B能管住玩家A吗？","{""A"": ""能"", ""B"": ""不能"", ""C"": ""无法确定"", ""D"": ""规则无效""}",A
Multi-hop ACL,256,85205,2_hop,,"已知规则：A > Z，Z > D。
玩家A打出了【D】。玩家B手里有【A】。
根据传递性规则，玩家B能管住玩家A吗？","{""A"": ""能"", ""B"": ""不能"", ""C"": ""无法确定"", ""D"": ""规则无效""}",A
Multi-hop ACL,257,49517,2_hop,,"已知规则：E > X，B > E。
玩家A打出了【X】。玩家B手里有【B】。
根据传递性规则，玩家B能管住玩家A吗？","{""A"": ""能"", ""B"": ""不能"", ""C"": ""无法确定"", ""D"": ""规则无效""}",A
Multi-hop ACL,258,73514,2_hop,,"已知规则：B > Sun，Sun > G。
玩家A打出了【G】。玩家B手里有【B】。
根据传递性规则，玩家B能管住玩家A吗？","{""A"": ""能"", ""B"": ""不能"", ""C"": ""无法确定"", ""D"": ""规则无效""}",A
Multi-hop ACL,259,29820,2_hop,,"已知规则：F > B，B > H。
玩家A打出了【F】。玩家B手里有【H】。
根据传递性规则，玩家B能管住玩家A吗？","{""A"": ""能"", ""B"": ""不能"", ""C"": ""无法确定"", ""D"": ""规则无效""}",B
Multi-hop ACL,260,66757,2_hop,,"已知规则：D > Z，Z > F。
玩家A打出了【F】。玩家B手里有【D】。
根据传递性规则，玩家B能管住玩家A吗？","{""A"": ""能"", ""B"": ""不能"", ""C"": ""无法确定"", ""D"": ""规则无效""}",A
Multi-hop ACL,261,54098,2_hop,,"已知规则：E > A，Z > E。
玩家A打出了【Z】。玩家B手里有【A】。
根据传递性规则，玩家B能管住玩家A吗？","{""A"": ""能"", ""B"": ""不能"", ""C"": ""无法确定"", ""D"": ""规则无效""}",B
Multi-hop ACL,262,32103,2_hop,,"已知规则：Sun > C，C > Star。
玩家A打出了【Sun】。玩家B手里有【Star】。
根据传递性规则，玩家B能管住玩家A吗？","{""A"": ""能"", ""B"": ""不能"", ""C"": ""无法确定"", ""D"": ""规则无效""}",B
Multi-hop ACL,263,62693,2_hop,,"已知规则：B > F，F > Star。
玩家A打出了【Star】。玩家B手里有【B】。
根据传递性规则，玩家B能管住玩家A吗？","{""A"": ""能"", ""B"": ""不能"", ""C"": ""无法确定"", ""D"": ""规则无效""}",A
Multi-hop ACL,264,55528,2_hop,,"已知规则：Moon > D，C > Moon。
玩家A打出了【C】。玩家B手里有【D】。
根据传递性规则，玩家B能管住玩家A吗？","{""A"": ""能"", ""B"": ""不能"", ""C"": ""无法确定"", ""D"": ""规则无效""}",B
Multi-hop ACL,265,77908,2_hop,,"已知规则：Star > Z，E > Star。
玩家A打出了【E】。玩家B手里有【Z】。
根据传递性规则，玩家B能管住玩家A吗？","{""A"": ""能"", ""B"": ""不能"", ""C"": ""无法确定"", ""D"": ""规则无效""}",B
Multi-hop ACL,266,13439,2_hop,,"已知规则：G > H，Star > G。
玩家A打出了【Star】。玩家B手里有【H】。
根据传递性规则，玩家B能管住玩家A吗？","{""A"": ""能"", ""B"": ""不能"", ""C"": ""无法确定"", ""D"": ""规则无效""}",B
Multi-hop ACL,267,66882,2_hop,,"已知规则：F > B，Star > F。
玩家A打出了【Star】。玩家B手里有【B】。
根据传递性规则，玩家B能管住玩家A吗？","{""A"": ""能"", ""B"": ""不能"", ""C"": ""无法确定"", ""D"": ""规则无效""}",B
Multi-hop ACL,268,57541,2_hop,,"已知规则：Sun > G，F > Sun。
玩家A打出了【G】。玩家B手里有【F】。
根据传递性规则，玩家B能管住玩家A吗？","{""A"": ""能"", ""B"": ""不能"", ""C"": ""无法确定"", ""D"": ""规则无效""}",A
Multi-hop ACL,269,67796,2_hop,,"已知规则：E > H，H > F。
玩家A打出了【E】。玩家B手里有【F】。
根据传递性规则，玩家B能管住玩家A吗？","{""A"": ""能"", ""B"": ""不能"", ""C"": ""无法确定"", ""D"": ""规则无效""}",B
Multi-hop ACL,270,21545,2_hop,,"已知规则：H > Y，Y > G。
玩家A打出了【G】。玩家B手里有【H】。
根据传递性规则，玩家B能管住玩家A吗？","{""A"": ""能"", ""B"": ""不能"", ""C"": ""无法确定"", ""D"": ""规则无效""}",A
Multi-hop ACL,271,84356,2_hop,,"已知规则：Z > Star，Star > X。
玩家A打出了【X】。玩家B手里有【Z】。
根据传递性规则，玩家B能管住玩家A吗？","{""A"": ""能"", ""B"": ""不能"", ""C"": ""无法确定"", ""D"": ""规则无效""}",A
Multi-hop ACL,272,50902,2_hop,,"已知规则：X > B，B > A。
玩家A打出了【A】。玩家B手里有【X】。
根据传递性规则，玩家B能管住玩家A吗？","{""A"": ""能"", ""B"": ""不能"", ""C"": ""无法确定"", ""D"": ""规则无效""}",A
Multi-hop ACL,273,37381,2_hop,,"已知规则：Z > H，H > E。
玩家A打出了【E】。玩家B手里有【Z】。
根据传递性规则，玩家B能管住玩家A吗？","{""A"": ""能"", ""B"": ""不能"", ""C"": ""无法确定"", ""D"": ""规则无效""}",A
Multi-hop ACL,274,67650,2_hop,,"已知规则：Moon > Y，Z > Moon。
玩家A打出了【Z】。玩家B手里有【Y】。
根据传递性规则，玩家B能管住玩家A吗？","{""A"": ""能"", ""B"": ""不能"", ""C"": ""无法确定"", ""D"": ""规则无效""}",B
Multi-hop ACL,275,55246,2_hop,,"已知规则：Sun > Moon，Moon > E。
玩家A打出了【E】。玩家B手里有【Sun】。
根据传递性规则，玩家B能管住玩家A吗？","{""A"": ""能"", ""B"": ""不能"", ""C"": ""无法确定"", ""D"": ""规则无效""}",A
Multi-hop ACL,276,33065,2_hop,,"已知规则：B > Moon，G > B。
玩家A打出了【Moon】。玩家B手里有【G】。
根据传递性规则，玩家B能管住玩家A吗？","{""A"": ""能"", ""B"": ""不能"", ""C"": ""无法确定"", ""D"": ""规则无效""}",A
Multi-hop ACL,277,26356,2_hop,,"已知规则：C > X，F > C。
玩家A打出了【X】。玩家B手里有【F】。
根据传递性规则，玩家B能管住玩家A吗？","{""A"": ""能"", ""B"": ""不能"", ""C"": ""无法确定"", ""D"": ""规则无效""}",A
Multi-hop ACL,278,76941,2_hop,,"已知规则：F > B，X > F。
玩家A打出了【X】。玩家B手里有【B】。
根据传递性规则，玩家B能管住玩家A吗？","{""A"": ""能"", ""B"": ""不能"", ""C"": ""无法确定"", ""D"": ""规则无效""}",B
Multi-hop ACL,279,13258,2_hop,,"已知规则：F > Moon，A > F。
玩家A打出了【A】。玩家B手里有【Moon】。
根据传递性规则，玩家B能管住玩家A吗？","{""A"": ""能"", ""B"": ""不能"", ""C"": ""无法确定"", ""D"": ""规则无效""}",B
Multi-hop ACL,280,17489,2_hop,,"已知规则：Sun > D，D > Star。
玩家A打出了【Star】。玩家B手里有【Sun】。
根据传递性规则，玩家B能管住玩家A吗？","{""A"": ""能"", ""B"": ""不能"", ""C"": ""无法确定"", ""D"": ""规则无效""}",A
Multi-hop ACL,281,84123,2_hop,,"已知规则：F > H，H > X。
玩家A打出了【F】。玩家B手里有【X】。
根据传递性规则，玩家B能管住玩家A吗？","{""A"": ""能"", ""B"": ""不能"", ""C"": ""无法确定"", ""D"": ""规则无效""}",B
Multi-hop ACL,282,68386,2_hop,,"已知规则：C > Moon，Moon > A。
玩家A打出了【C】。玩家B手里有【A】。
根据传递性规则，玩家B能管住玩家A吗？","{""A"": ""能"", ""B"": ""不能"", ""C"": ""无法确定"", ""D"": ""规则无效""}",B
Multi-hop ACL,283,22614,2_hop,,"已知规则：Sun > Z，Z > F。
玩家A打出了【Sun】。玩家B手里有【F】。
根据传递性规则，玩家B能管住玩家A吗？","{""A"": ""能"", ""B"": ""不能"", ""C"": ""无法确定"", ""D"": ""规则无效""}",B
Multi-hop ACL,284,89316,2_hop,,"已知规则：Y > H，H > X。
玩家A打出了【X】。玩家B手里有【Y】。
根据传递性规则，玩家B能管住玩家A吗？","{""A"": ""能"", ""B"": ""不能"", ""C"": ""无法确定"", ""D"": ""规则无效""}",A
Multi-hop ACL,285,32228,2_hop,,"已知规则：C > Y，Sun > C。
玩家A打出了【Sun】。玩家B手里有【Y】。
根据传递性规则，玩家B能管住玩家A吗？","{""A"": ""能"", ""B"": ""不能"", ""C"": ""无法确定"", ""D"": ""规则无效""}",B
Multi-hop ACL,286,67948,2_hop,,"已知规则：Moon > F，F > Y。
玩家A打出了【Y】。玩家B手里有【Moon】。
根据传递性规则，玩家B能管住玩家A吗？","{""A"": ""能"", ""B"": ""不能"", ""C"": ""无法确定"", ""D"": ""规则无效""}",A
Multi-hop ACL,287,99534,2_hop,,"已知规则：A > D，Sun > A。
玩家A打出了【D】。玩家B手里有【Sun】。
根据传递性规则，玩家B能管住玩家A吗？","{""A"": ""能"", ""B"": ""不能"", ""C"": ""无法确定"", ""D"": ""规则无效""}",A
Multi-hop ACL,288,86631,2_hop,,"已知规则：H > X，Z > H。
玩家A打出了【X】。玩家B手里有【Z】。
根据传递性规则，玩家B能管住玩家A吗？","{""A"": ""能"", ""B"": ""不能"", ""C"": ""无法确定"", ""D"": ""规则无效""}",A
Multi-hop ACL,289,23738,2_hop,,"已知规则：E > C，Y > E。
玩家A打出了【C】。玩家B手里有【Y】。
根据传递性规则，玩家B能管住玩家A吗？","{""A"": ""能"", ""B"": ""不能"", ""C"": ""无法确定"", ""D"": ""规则无效""}",A
Multi-hop ACL,290,84153,2_hop,,"已知规则：A > Y，Z > A。
玩家A打出了【Z】。玩家B手里有【Y】。
根据传递性规则，玩家B能管住玩家A吗？","{""A"": ""能"", ""B"": ""不能"", ""C"": ""无法确定"", ""D"": ""规则无效""}",B
Multi-hop ACL,291,31494,2_hop,,"已知规则：Z > E，E > C。
玩家A打出了【C】。玩家B手里有【Z】。
根据传递性规则，玩家B能管住玩家A吗？","{""A"": ""能"", ""B"": ""不能"", ""C"": ""无法确定"", ""D"": ""规则无效""}",A
Multi-hop ACL,292,80974,2_hop,,"已知规则：Z > Star，Moon > Z。
玩家A打出了【Moon】。玩家B手里有【Star】。
根据传递性规则，玩家B能管住玩家A吗？","{""A"": ""能"", ""B"": ""不能"", ""C"": ""无法确定"", ""D"": ""规则无效""}",B
Multi-hop ACL,293,45008,2_hop,,"已知规则：Moon > B，D > Moon。
玩家A打出了【B】。玩家B手里有【D】。
根据传递性规则，玩家B能管住玩家A吗？","{""A"": ""能"", ""B"": ""不能"", ""C"": ""无法确定"", ""D"": ""规则无效""}",A
Multi-hop ACL,294,76146,2_hop,,"已知规则：E > D，Sun > E。
玩家A打出了【D】。玩家B手里有【Sun】。
根据传递性规则，玩家B能管住玩家A吗？","{""A"": ""能"", ""B"": ""不能"", ""C"": ""无法确定"", ""D"": ""规则无效""}",A
Multi-hop ACL,295,79759,2_hop,,"已知规则：X > H，Star > X。
玩家A打出了【H】。玩家B手里有【Star】。
根据传递性规则，玩家B能管住玩家A吗？","{""A"": ""能"", ""B"": ""不能"", ""C"": ""无法确定"", ""D"": ""规则无效""}",A
Multi-hop ACL,296,14148,2_hop,,"已知规则：Z > D，A > Z。
玩家A打出了【D】。玩家B手里有【A】。
根据传递性规则，玩家B能管住玩家A吗？","{""A"": ""能"", ""B"": ""不能"", ""C"": ""无法确定"", ""D"": ""规则无效""}",A
Multi-hop ACL,297,14953,2_hop,,"已知规则：F > Sun，Sun > G。
玩家A打出了【G】。玩家B手里有【F】。
根据传递性规则，玩家B能管住玩家A吗？","{""A"": ""能"", ""B"": ""不能"", ""C"": ""无法确定"", ""D"": ""规则无效""}",A
Multi-hop ACL,298,24883,2_hop,,"已知规则：D > A，A > X。
玩家A打出了【X】。玩家B手里有【D】。
根据传递性规则，玩家B能管住玩家A吗？","{""A"": ""能"", ""B"": ""不能"", ""C"": ""无法确定"", ""D"": ""规则无效""}",A
Multi-hop ACL,299,88285,2_hop,,"已知规则：A > G，F > A。
玩家A打出了【F】。玩家B手里有【G】。
根据传递性规则，玩家B能管住玩家A吗？","{""A"": ""能"", ""B"": ""不能"", ""C"": ""无法确定"", ""D"": ""规则无效""}",B
Multi-hop ACL,300,87906,2_hop,,"已知规则：A > D，G > A。
玩家A打出了【G】。玩家B手里有【D】。
根据传递性规则，玩家B能管住玩家A吗？","{""A"": ""能"", ""B"": ""不能"", ""C"": ""无法确定"", ""D"": ""规则无效""}",B
Multi-hop ACL,301,60134,2_hop,,"已知规则：G > X，X > H。
玩家A打出了【G】。玩家B手里有【H】。
根据传递性规则，玩家B能管住玩家A吗？","{""A"": ""能"", ""B"": ""不能"", ""C"": ""无法确定"", ""D"": ""规则无效""}",B
Multi-hop ACL,302,83342,2_hop,,"已知规则：G > A，A > H。
玩家A打出了【G】。玩家B手里有【H】。
根据传递性规则，玩家B能管住玩家A吗？","{""A"": ""能"", ""B"": ""不能"", ""C"": ""无法确定"", ""D"": ""规则无效""}",B
Multi-hop ACL,303,81217,2_hop,,"已知规则：G > Star，X > G。
玩家A打出了【Star】。玩家B手里有【X】。
根据传递性规则，玩家B能管住玩家A吗？","{""A"": ""能"", ""B"": ""不能"", ""C"": ""无法确定"", ""D"": ""规则无效""}",A
Multi-hop ACL,304,82596,2_hop,,"已知规则：F > D，D > E。
玩家A打出了【F】。玩家B手里有【E】。
根据传递性规则，玩家B能管住玩家A吗？","{""A"": ""能"", ""B"": ""不能"", ""C"": ""无法确定"", ""D"": ""规则无效""}",B
Multi-hop ACL,305,91647,2_hop,,"已知规则：F > Moon，D > F。
玩家A打出了【Moon】。玩家B手里有【D】。
根据传递性规则，玩家B能管住玩家A吗？","{""A"": ""能"", ""B"": ""不能"", ""C"": ""无法确定"", ""D"": ""规则无效""}",A
Multi-hop ACL,306,22272,2_hop,,"已知规则：A > G，E > A。
玩家A打出了【G】。玩家B手里有【E】。
根据传递性规则，玩家B能管住玩家A吗？","{""A"": ""能"", ""B"": ""不能"", ""C"": ""无法确定"", ""D"": ""规则无效""}",A
Multi-hop ACL,307,36555,2_hop,,"已知规则：Sun > Star，E > Sun。
玩家A打出了【Star】。玩家B手里有【E】。
根据传递性规则，玩家B能管住玩家A吗？","{""A"": ""能"", ""B"": ""不能"", ""C"": ""无法确定"", ""D"": ""规则无效""}",A
Multi-hop ACL,308,32872,2_hop,,"已知规则：B > Star，Star > Moon。
玩家A打出了【Moon】。玩家B手里有【B】。
根据传递性规则，玩家B能管住玩家A吗？","{""A"": ""能"", ""B"": ""不能"", ""C"": ""无法确定"", ""D"": ""规则无效""}",A
Multi-hop ACL,309,21727,2_hop,,"已知规则：Moon > X，Y > Moon。
玩家A打出了【Y】。玩家B手里有【X】。
根据传递性规则，玩家B能管住玩家A吗？","{""A"": ""能"", ""B"": ""不能"", ""C"": ""无法确定"", ""D"": ""规则无效""}",B
Multi-hop ACL,310,23318,2_hop,,"已知规则：G > Star，Star > C。
玩家A打出了【G】。玩家B手里有【C】。
根据传递性规则，玩家B能管住玩家A吗？","{""A"": ""能"", ""B"": ""不能"", ""C"": ""无法确定"", ""D"": ""规则无效""}",B
Multi-hop ACL,311,20167,2_hop,,"已知规则：Sun > Star，Star > H。
玩家A打出了【H】。玩家B手里有【Sun】。
根据传递性规则，玩家B能管住玩家A吗？","{""A"": ""能"", ""B"": ""不能"", ""C"": ""无法确定"", ""D"": ""规则无效""}",A
Multi-hop ACL,312,89068,2_hop,,"已知规则：H > D，D > G。
玩家A打出了【G】。玩家B手里有【H】。
根据传递性规则，玩家B能管住玩家A吗？","{""A"": ""能"", ""B"": ""不能"", ""C"": ""无法确定"", ""D"": ""规则无效""}",A
Multi-hop ACL,313,30202,2_hop,,"已知规则：Sun > F，F > D。
玩家A打出了【Sun】。玩家B手里有【D】。
根据传递性规则，玩家B能管住玩家A吗？","{""A"": ""能"", ""B"": ""不能"", ""C"": ""无法确定"", ""D"": ""规则无效""}",B
Multi-hop ACL,314,24122,2_hop,,"已知规则：Y > B，E > Y。
玩家A打出了【B】。玩家B手里有【E】。
根据传递性规则，玩家B能管住玩家A吗？","{""A"": ""能"", ""B"": ""不能"", ""C"": ""无法确定"", ""D"": ""规则无效""}",A
Multi-hop ACL,315,80447,2_hop,,"已知规则：Sun > C，C > H。
玩家A打出了【Sun】。玩家B手里有【H】。
根据传递性规则，玩家B能管住玩家A吗？","{""A"": ""能"", ""B"": ""不能"", ""C"": ""无法确定"", ""D"": ""规则无效""}",B
Multi-hop ACL,316,46017,2_hop,,"已知规则：X > Z，C > X。
玩家A打出了【C】。玩家B手里有【Z】。
根据传递性规则，玩家B能管住玩家A吗？","{""A"": ""能"", ""B"": ""不能"", ""C"": ""无法确定"", ""D"": ""规则无效""}",B
Multi-hop ACL,317,25693,2_hop,,"已知规则：B > X，X > C。
玩家A打出了【B】。玩家B手里有【C】。
根据传递性规则，玩家B能管住玩家A吗？","{""A"": ""能"", ""B"": ""不能"", ""C"": ""无法确定"", ""D"": ""规则无效""}",B
Multi-hop ACL,318,20921,2_hop,,"已知规则：F > D，D > X。
玩家A打出了【X】。玩家B手里有【F】。
根据传递性规则，玩家B能管住玩家A吗？","{""A"": ""能"", ""B"": ""不能"", ""C"": ""无法确定"", ""D"": ""规则无效""}",A
Multi-hop ACL,319,25042,2_hop,,"已知规则：G > F，Star > G。
玩家A打出了【Star】。玩家B手里有【F】。
根据传递性规则，玩家B能管住玩家A吗？","{""A"": ""能"", ""B"": ""不能"", ""C"": ""无法确定"", ""D"": ""规则无效""}",B
Multi-hop ACL,320,85078,2_hop,,"已知规则：H > Z，Z > Sun。
玩家A打出了【H】。玩家B手里有【Sun】。
根据传递性规则，玩家B能管住玩家A吗？","{""A"": ""能"", ""B"": ""不能"", ""C"": ""无法确定"", ""D"": ""规则无效""}",B
Multi-hop ACL,321,66701,2_hop,,"已知规则：G > B，B > X。
玩家A打出了【G】。玩家B手里有【X】。
根据传递性规则，玩家B能管住玩家A吗？","{""A"": ""能"", ""B"": ""不能"", ""C"": ""无法确定"", ""D"": ""规则无效""}",B
Multi-hop ACL,322,26646,2_hop,,"已知规则：Sun > B，B > C。
玩家A打出了【Sun】。玩家B手里有【C】。
根据传递性规则，玩家B能管住玩家A吗？","{""A"": ""能"", ""B"": ""不能"", ""C"": ""无法确定"", ""D"": ""规则无效""}",B
Multi-hop ACL,323,69637,2_hop,,"已知规则：D > Moon，Z > D。
玩家A打出了【Moon】。玩家B手里有【Z】。
根据传递性规则，玩家B能管住玩家A吗？","{""A"": ""能"", ""B"": ""不能"", ""C"": ""无法确定"", ""D"": ""规则无效""}",A
Multi-hop ACL,324,76480,2_hop,,"已知规则：G > Moon，Sun > G。
玩家A打出了【Sun】。玩家B手里有【Moon】。
根据传递性规则，玩家B能管住玩家A吗？","{""A"": ""能"", ""B"": ""不能"", ""C"": ""无法确定"", ""D"": ""规则无效""}",B
Multi-hop ACL,325,46776,2_hop,,"已知规则：H > A，A > G。
玩家A打出了【G】。玩家B手里有【H】。
根据传递性规则，玩家B能管住玩家A吗？","{""A"": ""能"", ""B"": ""不能"", ""C"": ""无法确定"", ""D"": ""规则无效""}",A
Multi-hop ACL,326,97652,2_hop,,"已知规则：H > A，A > E。
玩家A打出了【E】。玩家B手里有【H】。
根据传递性规则，玩家B能管住玩家A吗？","{""A"": ""能"", ""B"": ""不能"", ""C"": ""无法确定"", ""D"": ""规则无效""}",A
Multi-hop ACL,327,96863,2_hop,,"已知规则：Y > Star，Star > H。
玩家A打出了【H】。玩家B手里有【Y】。
根据传递性规则，玩家B能管住玩家A吗？","{""A"": ""能"", ""B"": ""不能"", ""C"": ""无法确定"", ""D"": ""规则无效""}",A
Multi-hop ACL,328,64541,2_hop,,"已知规则：B > Moon，G > B。
玩家A打出了【G】。玩家B手里有【Moon】。
根据传递性规则，玩家B能管住玩家A吗？","{""A"": ""能"", ""B"": ""不能"", ""C"": ""无法确定"", ""D"": ""规则无效""}",B
Multi-hop ACL,329,53177,2_hop,,"已知规则：Y > C，C > A。
玩家A打出了【A】。玩家B手里有【Y】。
根据传递性规则，玩家B能管住玩家A吗？","{""A"": ""能"", ""B"": ""不能"", ""C"": ""无法确定"", ""D"": ""规则无效""}",A
Multi-hop ACL,330,64085,2_hop,,"已知规则：Z > C，C > X。
玩家A打出了【Z】。玩家B手里有【X】。
根据传递性规则，玩家B能管住玩家A吗？","{""A"": ""能"", ""B"": ""不能"", ""C"": ""无法确定"", ""D"": ""规则无效""}",B
Multi-hop ACL,331,84189,2_hop,,"已知规则：G > E，D > G。
玩家A打出了【D】。玩家B手里有【E】。
根据传递性规则，玩家B能管住玩家A吗？","{""A"": ""能"", ""B"": ""不能"", ""C"": ""无法确定"", ""D"": ""规则无效""}",B
Multi-hop ACL,332,96942,2_hop,,"已知规则：H > Y，Y > Z。
玩家A打出了【Z】。玩家B手里有【H】。
根据传递性规则，玩家B能管住玩家A吗？","{""A"": ""能"", ""B"": ""不能"", ""C"": ""无法确定"", ""D"": ""规则无效""}",A
Multi-hop ACL,333,74352,2_hop,,"已知规则：G > C，C > D。
玩家A打出了【G】。玩家B手里有【D】。
根据传递性规则，玩家B能管住玩家A吗？","{""A"": ""能"", ""B"": ""不能"", ""C"": ""无法确定"", ""D"": ""规则无效""}",B
Multi-hop ACL,334,79217,2_hop,,"已知规则：Sun > Z，Z > E。
玩家A打出了【Sun】。玩家B手里有【E】。
根据传递性规则，玩家B能管住玩家A吗？","{""A"": ""能"", ""B"": ""不能"", ""C"": ""无法确定"", ""D"": ""规则无效""}",B
Multi-hop ACL,335,35698,2_hop,,"已知规则：Star > F，F > Moon。
玩家A打出了【Moon】。玩家B手里有【Star】。
根据传递性规则，玩家B能管住玩家A吗？","{""A"": ""能"", ""B"": ""不能"", ""C"": ""无法确定"", ""D"": ""规则无效""}",A
Multi-hop ACL,336,56282,2_hop,,"已知规则：A > Z，Y > A。
玩家A打出了【Z】。玩家B手里有【Y】。
根据传递性规则，玩家B能管住玩家A吗？","{""A"": ""能"", ""B"": ""不能"", ""C"": ""无法确定"", ""D"": ""规则无效""}",A
Multi-hop ACL,337,19973,2_hop,,"已知规则：D > H，X > D。
玩家A打出了【X】。玩家B手里有【H】。
根据传递性规则，玩家B能管住玩家A吗？","{""A"": ""能"", ""B"": ""不能"", ""C"": ""无法确定"", ""D"": ""规则无效""}",B
Multi-hop ACL,338,96806,2_hop,,"已知规则：Y > G，A > Y。
玩家A打出了【A】。玩家B手里有【G】。
根据传递性规则，玩家B能管住玩家A吗？","{""A"": ""能"", ""B"": ""不能"", ""C"": ""无法确定"", ""D"": ""规则无效""}",B
Multi-hop ACL,339,11966,2_hop,,"已知规则：Y > G，E > Y。
玩家A打出了【G】。玩家B手里有【E】。
根据传递性规则，玩家B能管住玩家A吗？","{""A"": ""能"", ""B"": ""不能"", ""C"": ""无法确定"", ""D"": ""规则无效""}",A
Multi-hop ACL,340,33127,2_hop,,"已知规则：F > Z，Z > E。
玩家A打出了【F】。玩家B手里有【E】。
根据传递性规则，玩家B能管住玩家A吗？","{""A"": ""能"", ""B"": ""不能"", ""C"": ""无法确定"", ""D"": ""规则无效""}",B
Multi-hop ACL,341,14737,2_hop,,"已知规则：D > Sun，Y > D。
玩家A打出了【Sun】。玩家B手里有【Y】。
根据传递性规则，玩家B能管住玩家A吗？","{""A"": ""能"", ""B"": ""不能"", ""C"": ""无法确定"", ""D"": ""规则无效""}",A
Multi-hop ACL,342,52433,2_hop,,"已知规则：Sun > C，C > D。
玩家A打出了【Sun】。玩家B手里有【D】。
根据传递性规则，玩家B能管住玩家A吗？","{""A"": ""能"", ""B"": ""不能"", ""C"": ""无法确定"", ""D"": ""规则无效""}",B
Multi-hop ACL,343,57407,2_hop,,"已知规则：D > X，X > E。
玩家A打出了【D】。玩家B手里有【E】。
根据传递性规则，玩家B能管住玩家A吗？","{""A"": ""能"", ""B"": ""不能"", ""C"": ""无法确定"", ""D"": ""规则无效""}",B
Multi-hop ACL,344,78993,2_hop,,"已知规则：Star > C，A > Star。
玩家A打出了【C】。玩家B手里有【A】。
根据传递性规则，玩家B能管住玩家A吗？","{""A"": ""能"", ""B"": ""不能"", ""C"": ""无法确定"", ""D"": ""规则无效""}",A
Multi-hop ACL,345,63918,2_hop,,"已知规则：E > C，Y > E。
玩家A打出了【Y】。玩家B手里有【C】。
根据传递性规则，玩家B能管住玩家A吗？","{""A"": ""能"", ""B"": ""不能"", ""C"": ""无法确定"", ""D"": ""规则无效""}",B
Multi-hop ACL,346,86357,2_hop,,"已知规则：B > D，D > A。
玩家A打出了【A】。玩家B手里有【B】。
根据传递性规则，玩家B能管住玩家A吗？","{""A"": ""能"", ""B"": ""不能"", ""C"": ""无法确定"", ""D"": ""规则无效""}",A
Multi-hop ACL,347,37654,2_hop,,"已知规则：Y > Sun，Sun > A。
玩家A打出了【A】。玩家B手里有【Y】。
根据传递性规则，玩家B能管住玩家A吗？","{""A"": ""能"", ""B"": ""不能"", ""C"": ""无法确定"", ""D"": ""规则无效""}",A
Multi-hop ACL,348,39141,2_hop,,"已知规则：C > F，F > E。
玩家A打出了【E】。玩家B手里有【C】。
根据传递性规则，玩家B能管住玩家A吗？","{""A"": ""能"", ""B"": ""不能"", ""C"": ""无法确定"", ""D"": ""规则无效""}",A
Multi-hop ACL,349,27201,2_hop,,"已知规则：E > C，C > B。
玩家A打出了【B】。玩家B手里有【E】。
根据传递性规则，玩家B能管住玩家A吗？","{""A"": ""能"", ""B"": ""不能"", ""C"": ""无法确定"", ""D"": ""规则无效""}",A
Multi-hop ACL,350,77970,2_hop,,"已知规则：X > Star，Star > D。
玩家A打出了【D】。玩家B手里有【X】。
根据传递性规则，玩家B能管住玩家A吗？","{""A"": ""能"", ""B"": ""不能"", ""C"": ""无法确定"", ""D"": ""规则无效""}",A
Multi-hop ACL,351,98763,2_hop,,"已知规则：A > H，H > E。
玩家A打出了【E】。玩家B手里有【A】。
根据传递性规则，玩家B能管住玩家A吗？","{""A"": ""能"", ""B"": ""不能"", ""C"": ""无法确定"", ""D"": ""规则无效""}",A
Multi-hop ACL,352,81557,2_hop,,"已知规则：X > H，H > Sun。
玩家A打出了【Sun】。玩家B手里有【X】。
根据传递性规则，玩家B能管住玩家A吗？","{""A"": ""能"", ""B"": ""不能"", ""C"": ""无法确定"", ""D"": ""规则无效""}",A
Multi-hop ACL,353,93590,2_hop,,"已知规则：G > Z，Z > D。
玩家A打出了【G】。玩家B手里有【D】。
根据传递性规则，玩家B能管住玩家A吗？","{""A"": ""能"", ""B"": ""不能"", ""C"": ""无法确定"", ""D"": ""规则无效""}",B
Multi-hop ACL,354,51735,2_hop,,"已知规则：Moon > E，E > B。
玩家A打出了【B】。玩家B手里有【Moon】。
根据传递性规则，玩家B能管住玩家A吗？","{""A"": ""能"", ""B"": ""不能"", ""C"": ""无法确定"", ""D"": ""规则无效""}",A
Multi-hop ACL,355,82452,2_hop,,"已知规则：B > Sun，G > B。
玩家A打出了【G】。玩家B手里有【Sun】。
根据传递性规则，玩家B能管住玩家A吗？","{""A"": ""能"", ""B"": ""不能"", ""C"": ""无法确定"", ""D"": ""规则无效""}",B
Multi-hop ACL,356,18631,2_hop,,"已知规则：F > H，Z > F。
玩家A打出了【H】。玩家B手里有【Z】。
根据传递性规则，玩家B能管住玩家A吗？","{""A"": ""能"", ""B"": ""不能"", ""C"": ""无法确定"", ""D"": ""规则无效""}",A
Multi-hop ACL,357,12614,2_hop,,"已知规则：Z > A，A > Y。
玩家A打出了【Z】。玩家B手里有【Y】。
根据传递性规则，玩家B能管住玩家A吗？","{""A"": ""能"", ""B"": ""不能"", ""C"": ""无法确定"", ""D"": ""规则无效""}",B
Multi-hop ACL,358,80102,2_hop,,"已知规则：C > B，Sun > C。
玩家A打出了【Sun】。玩家B手里有【B】。
根据传递性规则，玩家B能管住玩家A吗？","{""A"": ""能"", ""B"": ""不能"", ""C"": ""无法确定"", ""D"": ""规则无效""}",B
Multi-hop ACL,359,48483,2_hop,,"已知规则：X > C，C > Moon。
玩家A打出了【Moon】。玩家B手里有【X】。
根据传递性规则，玩家B能管住玩家A吗？","{""A"": ""能"", ""B"": ""不能"", ""C"": ""无法确定"", ""D"": ""规则无效""}",A
Multi-hop ACL,360,83433,2_hop,,"已知规则：Y > D，C > Y。
玩家A打出了【D】。玩家B手里有【C】。
根据传递性规则，玩家B能管住玩家A吗？","{""A"": ""能"", ""B"": ""不能"", ""C"": ""无法确定"", ""D"": ""规则无效""}",A
Multi-hop ACL,361,37359,2_hop,,"已知规则：G > H，C > G。
玩家A打出了【H】。玩家B手里有【C】。
根据传递性规则，玩家B能管住玩家A吗？","{""A"": ""能"", ""B"": ""不能"", ""C"": ""无法确定"", ""D"": ""规则无效""}",A
Multi-hop ACL,362,57051,2_hop,,"已知规则：Z > B，G > Z。
玩家A打出了【G】。玩家B手里有【B】。
根据传递性规则，玩家B能管住玩家A吗？","{""A"": ""能"", ""B"": ""不能"", ""C"": ""无法确定"", ""D"": ""规则无效""}",B
Multi-hop ACL,363,60787,2_hop,,"已知规则：X > Moon，Z > X。
玩家A打出了【Z】。玩家B手里有【Moon】。
根据传递性规则，玩家B能管住玩家A吗？","{""A"": ""能"", ""B"": ""不能"", ""C"": ""无法确定"", ""D"": ""规则无效""}",B
Multi-hop ACL,364,91721,2_hop,,"已知规则：B > Y，Y > H。
玩家A打出了【B】。玩家B手里有【H】。
根据传递性规则，玩家B能管住玩家A吗？","{""A"": ""能"", ""B"": ""不能"", ""C"": ""无法确定"", ""D"": ""规则无效""}",B
Multi-hop ACL,365,66060,2_hop,,"已知规则：H > Y，Y > E。
玩家A打出了【H】。玩家B手里有【E】。
根据传递性规则，玩家B能管住玩家A吗？","{""A"": ""能"", ""B"": ""不能"", ""C"": ""无法确定"", ""D"": ""规则无效""}",B
Multi-hop ACL,366,13206,2_hop,,"已知规则：G > C，B > G。
玩家A打出了【C】。玩家B手里有【B】。
根据传递性规则，玩家B能管住玩家A吗？","{""A"": ""能"", ""B"": ""不能"", ""C"": ""无法确定"", ""D"": ""规则无效""}",A
Multi-hop ACL,367,25647,2_hop,,"已知规则：C > D，D > Y。
玩家A打出了【C】。玩家B手里有【Y】。
根据传递性规则，玩家B能管住玩家A吗？","{""A"": ""能"", ""B"": ""不能"", ""C"": ""无法确定"", ""D"": ""规则无效""}",B
Multi-hop ACL,368,46489,2_hop,,"已知规则：Y > Star，Star > F。
玩家A打出了【Y】。玩家B手里有【F】。
根据传递性规则，玩家B能管住玩家A吗？","{""A"": ""能"", ""B"": ""不能"", ""C"": ""无法确定"", ""D"": ""规则无效""}",B
Multi-hop ACL,369,19763,2_hop,,"已知规则：Moon > Sun，H > Moon。
玩家A打出了【Sun】。玩家B手里有【H】。
根据传递性规则，玩家B能管住玩家A吗？","{""A"": ""能"", ""B"": ""不能"", ""C"": ""无法确定"", ""D"": ""规则无效""}",A
Multi-hop ACL,370,41182,2_hop,,"已知规则：H > Star，F > H。
玩家A打出了【F】。玩家B手里有【Star】。
根据传递性规则，玩家B能管住玩家A吗？","{""A"": ""能"", ""B"": ""不能"", ""C"": ""无法确定"", ""D"": ""规则无效""}",B
Multi-hop ACL,371,23969,2_hop,,"已知规则：B > F，F > E。
玩家A打出了【B】。玩家B手里有【E】。
根据传递性规则，玩家B能管住玩家A吗？","{""A"": ""能"", ""B"": ""不能"", ""C"": ""无法确定"", ""D"": ""规则无效""}",B
Multi-hop ACL,372,69032,2_hop,,"已知规则：Sun > Star，Star > F。
玩家A打出了【Sun】。玩家B手里有【F】。
根据传递性规则，玩家B能管住玩家A吗？","{""A"": ""能"", ""B"": ""不能"", ""C"": ""无法确定"", ""D"": ""规则无效""}",B
Multi-hop ACL,373,23029,2_hop,,"已知规则：Star > Z，Z > A。
玩家A打出了【A】。玩家B手里有【Star】。
根据传递性规则，玩家B能管住玩家A吗？","{""A"": ""能"", ""B"": ""不能"", ""C"": ""无法确定"", ""D"": ""规则无效""}",A
Multi-hop ACL,374,10176,2_hop,,"已知规则：G > X，C > G。
玩家A打出了【C】。玩家B手里有【X】。
根据传递性规则，玩家B能管住玩家A吗？","{""A"": ""能"", ""B"": ""不能"", ""C"": ""无法确定"", ""D"": ""规则无效""}",B
Multi-hop ACL,375,82424,2_hop,,"已知规则：F > Star，E > F。
玩家A打出了【E】。玩家B手里有【Star】。
根据传递性规则，玩家B能管住玩家A吗？","{""A"": ""能"", ""B"": ""不能"", ""C"": ""无法确定"", ""D"": ""规则无效""}",B
Multi-hop ACL,376,67705,2_hop,,"已知规则：B > H，H > C。
玩家A打出了【B】。玩家B手里有【C】。
根据传递性规则，玩家B能管住玩家A吗？","{""A"": ""能"", ""B"": ""不能"", ""C"": ""无法确定"", ""D"": ""规则无效""}",B
Multi-hop ACL,377,53991,2_hop,,"已知规则：Star > F，F > B。
玩家A打出了【Star】。玩家B手里有【B】。
根据传递性规则，玩家B能管住玩家A吗？","{""A"": ""能"", ""B"": ""不能"", ""C"": ""无法确定"", ""D"": ""规则无效""}",B
Multi-hop ACL,378,85198,2_hop,,"已知规则：Z > C，X > Z。
玩家A打出了【C】。玩家B手里有【X】。
根据传递性规则，玩家B能管住玩家A吗？","{""A"": ""能"", ""B"": ""不能"", ""C"": ""无法确定"", ""D"": ""规则无效""}",A
Multi-hop ACL,379,80170,2_hop,,"已知规则：Z > F，X > Z。
玩家A打出了【F】。玩家B手里有【X】。
根据传递性规则，玩家B能管住玩家A吗？","{""A"": ""能"", ""B"": ""不能"", ""C"": ""无法确定"", ""D"": ""规则无效""}",A
Multi-hop ACL,380,69394,2_hop,,"已知规则：B > C，C > X。
玩家A打出了【B】。玩家B手里有【X】。
根据传递性规则，玩家B能管住玩家A吗？","{""A"": ""能"", ""B"": ""不能"", ""C"": ""无法确定"", ""D"": ""规则无效""}",B
Multi-hop ACL,381,34241,2_hop,,"已知规则：Star > F，G > Star。
玩家A打出了【F】。玩家B手里有【G】。
根据传递性规则，玩家B能管住玩家A吗？","{""A"": ""能"", ""B"": ""不能"", ""C"": ""无法确定"", ""D"": ""规则无效""}",A
Multi-hop ACL,382,19833,2_hop,,"已知规则：D > F，B > D。
玩家A打出了【B】。玩家B手里有【F】。
根据传递性规则，玩家B能管住玩家A吗？","{""A"": ""能"", ""B"": ""不能"", ""C"": ""无法确定"", ""D"": ""规则无效""}",B
Multi-hop ACL,383,63071,2_hop,,"已知规则：H > A，Sun > H。
玩家A打出了【A】。玩家B手里有【Sun】。
根据传递性规则，玩家B能管住玩家A吗？","{""A"": ""能"", ""B"": ""不能"", ""C"": ""无法确定"", ""D"": ""规则无效""}",A
Multi-hop ACL,384,95828,2_hop,,"已知规则：Sun > B，D > Sun。
玩家A打出了【B】。玩家B手里有【D】。
根据传递性规则，玩家B能管住玩家A吗？","{""A"": ""能"", ""B"": ""不能"", ""C"": ""无法确定"", ""D"": ""规则无效""}",A
Multi-hop ACL,385,38492,2_hop,,"已知规则：F > E，Moon > F。
玩家A打出了【E】。玩家B手里有【Moon】。
根据传递性规则，玩家B能管住玩家A吗？","{""A"": ""能"", ""B"": ""不能"", ""C"": ""无法确定"", ""D"": ""规则无效""}",A
Multi-hop ACL,386,71680,2_hop,,"已知规则：F > G，G > Sun。
玩家A打出了【Sun】。玩家B手里有【F】。
根据传递性规则，玩家B能管住玩家A吗？","{""A"": ""能"", ""B"": ""不能"", ""C"": ""无法确定"", ""D"": ""规则无效""}",A
Multi-hop ACL,387,82073,2_hop,,"已知规则：Star > H，X > Star。
玩家A打出了【X】。玩家B手里有【H】。
根据传递性规则，玩家B能管住玩家A吗？","{""A"": ""能"", ""B"": ""不能"", ""C"": ""无法确定"", ""D"": ""规则无效""}",B
Multi-hop ACL,388,16459,2_hop,,"已知规则：H > Y，Z > H。
玩家A打出了【Z】。玩家B手里有【Y】。
根据传递性规则，玩家B能管住玩家A吗？","{""A"": ""能"", ""B"": ""不能"", ""C"": ""无法确定"", ""D"": ""规则无效""}",B
Multi-hop ACL,389,27283,2_hop,,"已知规则：G > E，E > Z。
玩家A打出了【G】。玩家B手里有【Z】。
根据传递性规则，玩家B能管住玩家A吗？","{""A"": ""能"", ""B"": ""不能"", ""C"": ""无法确定"", ""D"": ""规则无效""}",B
Multi-hop ACL,390,32623,2_hop,,"已知规则：X > Z，Z > C。
玩家A打出了【C】。玩家B手里有【X】。
根据传递性规则，玩家B能管住玩家A吗？","{""A"": ""能"", ""B"": ""不能"", ""C"": ""无法确定"", ""D"": ""规则无效""}",A
Multi-hop ACL,391,85866,2_hop,,"已知规则：Star > G，C > Star。
玩家A打出了【C】。玩家B手里有【G】。
根据传递性规则，玩家B能管住玩家A吗？","{""A"": ""能"", ""B"": ""不能"", ""C"": ""无法确定"", ""D"": ""规则无效""}",B
Multi-hop ACL,392,61813,2_hop,,"已知规则：F > B，D > F。
玩家A打出了【D】。玩家B手里有【B】。
根据传递性规则，玩家B能管住玩家A吗？","{""A"": ""能"", ""B"": ""不能"", ""C"": ""无法确定"", ""D"": ""规则无效""}",B
Multi-hop ACL,393,11052,2_hop,,"已知规则：X > E，Y > X。
玩家A打出了【E】。玩家B手里有【Y】。
根据传递性规则，玩家B能管住玩家A吗？","{""A"": ""能"", ""B"": ""不能"", ""C"": ""无法确定"", ""D"": ""规则无效""}",A
Multi-hop ACL,394,20039,2_hop,,"已知规则：Z > A，B > Z。
玩家A打出了【B】。玩家B手里有【A】。
根据传递性规则，玩家B能管住玩家A吗？","{""A"": ""能"", ""B"": ""不能"", ""C"": ""无法确定"", ""D"": ""规则无效""}",B
Multi-hop ACL,395,17102,2_hop,,"已知规则：D > Moon，Moon > B。
玩家A打出了【D】。玩家B手里有【B】。
根据传递性规则，玩家B能管住玩家A吗？","{""A"": ""能"", ""B"": ""不能"", ""C"": ""无法确定"", ""D"": ""规则无效""}",B
Multi-hop ACL,396,12742,2_hop,,"已知规则：Sun > F，F > G。
玩家A打出了【G】。玩家B手里有【Sun】。
根据传递性规则，玩家B能管住玩家A吗？","{""A"": ""能"", ""B"": ""不能"", ""C"": ""无法确定"", ""D"": ""规则无效""}",A
Multi-hop ACL,397,74850,2_hop,,"已知规则：Star > Y，C > Star。
玩家A打出了【Y】。玩家B手里有【C】。
根据传递性规则，玩家B能管住玩家A吗？","{""A"": ""能"", ""B"": ""不能"", ""C"": ""无法确定"", ""D"": ""规则无效""}",A
Multi-hop ACL,398,31346,2_hop,,"已知规则：A > B，Y > A。
玩家A打出了【B】。玩家B手里有【Y】。
根据传递性规则，玩家B能管住玩家A吗？","{""A"": ""能"", ""B"": ""不能"", ""C"": ""无法确定"", ""D"": ""规则无效""}",A
Multi-hop ACL,399,71603,2_hop,,"已知规则：F > X，X > G。
玩家A打出了【G】。玩家B手里有【F】。
根据传递性规则，玩家B能管住玩家A吗？","{""A"": ""能"", ""B"": ""不能"", ""C"": ""无法确定"", ""D"": ""规则无效""}",A
Multi-hop ACL,400,33814,2_hop,,"已知规则：G > A，A > F。
玩家A打出了【F】。玩家B手里有【G】。
根据传递性规则，玩家B能管住玩家A吗？","{""A"": ""能"", ""B"": ""不能"", ""C"": ""无法确定"", ""D"": ""规则无效""}",A
Multi-hop ACL,401,61304,3_hop,,"已知规则：F > Z，Z > Sun，Sun > G。
玩家A打出了【F】。玩家B手里有【G】。
根据传递性规则，玩家B能管住玩家A吗？","{""A"": ""能"", ""B"": ""不能"", ""C"": ""无法确定"", ""D"": ""规则无效""}",B
Multi-hop ACL,402,45417,3_hop,,"已知规则：Star > X，Sun > Y，Y > Star。
玩家A打出了【Sun】。玩家B手里有【X】。
根据传递性规则，玩家B能管住玩家A吗？","{""A"": ""能"", ""B"": ""不能"", ""C"": ""无法确定"", ""D"": ""规则无效""}",B
Multi-hop ACL,403,65624,3_hop,,"已知规则：H > C，Sun > Star，C > Sun。
玩家A打出了【Star】。玩家B手里有【H】。
根据传递性规则，玩家B能管住玩家A吗？","{""A"": ""能"", ""B"": ""不能"", ""C"": ""无法确定"", ""D"": ""规则无效""}",A
Multi-hop ACL,404,12900,3_hop,,"已知规则：A > G，B > Sun，Sun > A。
玩家A打出了【G】。玩家B手里有【B】。
根据传递性规则，玩家B能管住玩家A吗？","{""A"": ""能"", ""B"": ""不能"", ""C"": ""无法确定"", ""D"": ""规则无效""}",A
Multi-hop ACL,405,37393,3_hop,,"已知规则：Sun > Star，Star > G，H > Sun。
玩家A打出了【H】。玩家B手里有【G】。
根据传递性规则，玩家B能管住玩家A吗？","{""A"": ""能"", ""B"": ""不能"", ""C"": ""无法确定"", ""D"": ""规则无效""}",B
Multi-hop ACL,406,45505,3_hop,,"已知规则：Z > D，H > C，D > H。
玩家A打出了【C】。玩家B手里有【Z】。
根据传递性规则，玩家B能管住玩家A吗？","{""A"": ""能"", ""B"": ""不能"", ""C"": ""无法确定"", ""D"": ""规则无效""}",A
Multi-hop ACL,407,37159,3_hop,,"已知规则：C > X，A > C，X > D。
玩家A打出了【D】。玩家B手里有【A】。
根据传递性规则，玩家B能管住玩家A吗？","{""A"": ""能"", ""B"": ""不能"", ""C"": ""无法确定"", ""D"": ""规则无效""}",A
Multi-hop ACL,408,87287,3_hop,,"已知规则：Sun > Moon，Moon > Star，H > Sun。
玩家A打出了【Star】。玩家B手里有【H】。
根据传递性规则，玩家B能管住玩家A吗？","{""A"": ""能"", ""B"": ""不能"", ""C"": ""无法确定"", ""D"": ""规则无效""}",A
Multi-hop ACL,409,91856,3_hop,,"已知规则：Y > A，A > F，F > C。
玩家A打出了【Y】。玩家B手里有【C】。
根据传递性规则，玩家B能管住玩家A吗？","{""A"": ""能"", ""B"": ""不能"", ""C"": ""无法确定"", ""D"": ""规则无效""}",B
Multi-hop ACL,410,32894,3_hop,,"已知规则：G > Moon，F > Sun，Sun > G。
玩家A打出了【Moon】。玩家B手里有【F】。
根据传递性规则，玩家B能管住玩家A吗？","{""A"": ""能"", ""B"": ""不能"", ""C"": ""无法确定"", ""D"": ""规则无效""}",A
Multi-hop ACL,411,85979,3_hop,,"已知规则：E > B，B > D，D > G。
玩家A打出了【G】。玩家B手里有【E】。
根据传递性规则，玩家B能管住玩家A吗？","{""A"": ""能"", ""B"": ""不能"", ""C"": ""无法确定"", ""D"": ""规则无效""}",A
Multi-hop ACL,412,36096,3_hop,,"已知规则：D > A，C > H，H > D。
玩家A打出了【C】。玩家B手里有【A】。
根据传递性规则，玩家B能管住玩家A吗？","{""A"": ""能"", ""B"": ""不能"", ""C"": ""无法确定"", ""D"": ""规则无效""}",B
Multi-hop ACL,413,11893,3_hop,,"已知规则：Y > A，Moon > Y，G > Moon。
玩家A打出了【G】。玩家B手里有【A】。
根据传递性规则，玩家B能管住玩家A吗？","{""A"": ""能"", ""B"": ""不能"", ""C"": ""无法确定"", ""D"": ""规则无效""}",B
Multi-hop ACL,414,10186,3_hop,,"已知规则：F > H，Sun > F，Z > Sun。
玩家A打出了【Z】。玩家B手里有【H】。
根据传递性规则，玩家B能管住玩家A吗？","{""A"": ""能"", ""B"": ""不能"", ""C"": ""无法确定"", ""D"": ""规则无效""}",B
Multi-hop ACL,415,44950,3_hop,,"已知规则：B > A，A > Sun，Star > B。
玩家A打出了【Sun】。玩家B手里有【Star】。
根据传递性规则，玩家B能管住玩家A吗？","{""A"": ""能"", ""B"": ""不能"", ""C"": ""无法确定"", ""D"": ""规则无效""}",A
Multi-hop ACL,416,49119,3_hop,,"已知规则：X > Y，Y > Moon，Moon > Z。
玩家A打出了【X】。玩家B手里有【Z】。
根据传递性规则，玩家B能管住玩家A吗？","{""A"": ""能"", ""B"": ""不能"", ""C"": ""无法确定"", ""D"": ""规则无效""}",B
Multi-hop ACL,417,65175,3_hop,,"已知规则：Y > Star，Star > H，H > G。
玩家A打出了【G】。玩家B手里有【Y】。
根据传递性规则，玩家B能管住玩家A吗？","{""A"": ""能"", ""B"": ""不能"", ""C"": ""无法确定"", ""D"": ""规则无效""}",A
Multi-hop ACL,418,92926,3_hop,,"已知规则：Sun > X，X > Z，Z > A。
玩家A打出了【Sun】。玩家B手里有【A】。
根据传递性规则，玩家B能管住玩家A吗？","{""A"": ""能"", ""B"": ""不能"", ""C"": ""无法确定"", ""D"": ""规则无效""}",B
Multi-hop ACL,419,85628,3_hop,,"已知规则：B > E，E > Star，Sun > B。
玩家A打出了【Star】。玩家B手里有【Sun】。
根据传递性规则，玩家B能管住玩家A吗？","{""A"": ""能"", ""B"": ""不能"", ""C"": ""无法确定"", ""D"": ""规则无效""}",A
Multi-hop ACL,420,50885,3_hop,,"已知规则：D > C，Z > D，C > E。
玩家A打出了【E】。玩家B手里有【Z】。
根据传递性规则，玩家B能管住玩家A吗？","{""A"": ""能"", ""B"": ""不能"", ""C"": ""无法确定"", ""D"": ""规则无效""}",A
Multi-hop ACL,421,25005,3_hop,,"已知规则：D > Moon，Moon > B，B > C。
玩家A打出了【C】。玩家B手里有【D】。
根据传递性规则，玩家B能管住玩家A吗？","{""A"": ""能"", ""B"": ""不能"", ""C"": ""无法确定"", ""D"": ""规则无效""}",A
Multi-hop ACL,422,63315,3_hop,,"已知规则：H > Star，X > H，Moon > X。
玩家A打出了【Moon】。玩家B手里有【Star】。
根据传递性规则，玩家B能管住玩家A吗？","{""A"": ""能"", ""B"": ""不能"", ""C"": ""无法确定"", ""D"": ""规则无效""}",B
Multi-hop ACL,423,13690,3_hop,,"已知规则：E > X，X > Moon，Sun > E。
玩家A打出了【Sun】。玩家B手里有【Moon】。
根据传递性规则，玩家B能管住玩家A吗？","{""A"": ""能"", ""B"": ""不能"", ""C"": ""无法确定"", ""D"": ""规则无效""}",B
Multi-hop ACL,424,32258,3_hop,,"已知规则：B > A，F > B，H > F。
玩家A打出了【A】。玩家B手里有【H】。
根据传递性规则，玩家B能管住玩家A吗？","{""A"": ""能"", ""B"": ""不能"", ""C"": ""无法确定"", ""D"": ""规则无效""}",A
Multi-hop ACL,425,48548,3_hop,,"已知规则：X > Z，F > Star，Star > X。
玩家A打出了【Z】。玩家B手里有【F】。
根据传递性规则，玩家B能管住玩家A吗？","{""A"": ""能"", ""B"": ""不能"", ""C"": ""无法确定"", ""D"": ""规则无效""}",A
Multi-hop ACL,426,41393,3_hop,,"已知规则：E > Y，F > E，Y > X。
玩家A打出了【X】。玩家B手里有【F】。
根据传递性规则，玩家B能管住玩家A吗？","{""A"": ""能"", ""B"": ""不能"", ""C"": ""无法确定"", ""D"": ""规则无效""}",A
Multi-hop ACL,427,21187,3_hop,,"已知规则：Star > D，E > Star，D > H。
玩家A打出了【E】。玩家B手里有【H】。
根据传递性规则，玩家B能管住玩家A吗？","{""A"": ""能"", ""B"": ""不能"", ""C"": ""无法确定"", ""D"": ""规则无效""}",B
Multi-hop ACL,428,72915,3_hop,,"已知规则：Sun > Star，A > Sun，Star > G。
玩家A打出了【G】。玩家B手里有【A】。
根据传递性规则，玩家B能管住玩家A吗？","{""A"": ""能"", ""B"": ""不能"", ""C"": ""无法确定"", ""D"": ""规则无效""}",A
Multi-hop ACL,429,84019,3_hop,,"已知规则：Sun > A，Star > Sun，G > Star。
玩家A打出了【A】。玩家B手里有【G】。
根据传递性规则，玩家B能管住玩家A吗？","{""A"": ""能"", ""B"": ""不能"", ""C"": ""无法确定"", ""D"": ""规则无效""}",A
Multi-hop ACL,430,88519,3_hop,,"已知规则：Sun > Star，Y > Sun，Star > H。
玩家A打出了【Y】。玩家B手里有【H】。
根据传递性规则，玩家B能管住玩家A吗？","{""A"": ""能"", ""B"": ""不能"", ""C"": ""无法确定"", ""D"": ""规则无效""}",B
Multi-hop ACL,431,59520,3_hop,,"已知规则：Z > Star，H > Z，Star > E。
玩家A打出了【E】。玩家B手里有【H】。
根据传递性规则，玩家B能管住玩家A吗？","{""A"": ""能"", ""B"": ""不能"", ""C"": ""无法确定"", ""D"": ""规则无效""}",A
Multi-hop ACL,432,52019,3_hop,,"已知规则：A > Moon，C > A，Sun > C。
玩家A打出了【Moon】。玩家B手里有【Sun】。
根据传递性规则，玩家B能管住玩家A吗？","{""A"": ""能"", ""B"": ""不能"", ""C"": ""无法确定"", ""D"": ""规则无效""}",A
Multi-hop ACL,433,40556,3_hop,,"已知规则：X > Moon，Y > X，Moon > Sun。
玩家A打出了【Y】。玩家B手里有【Sun】。
根据传递性规则，玩家B能管住玩家A吗？","{""A"": ""能"", ""B"": ""不能"", ""C"": ""无法确定"", ""D"": ""规则无效""}",B
Multi-hop ACL,434,31653,3_hop,,"已知规则：E > X，X > G，Star > E。
玩家A打出了【G】。玩家B手里有【Star】。
根据传递性规则，玩家B能管住玩家A吗？","{""A"": ""能"", ""B"": ""不能"", ""C"": ""无法确定"", ""D"": ""规则无效""}",A
Multi-hop ACL,435,41855,3_hop,,"已知规则：H > Star，F > H，Sun > F。
玩家A打出了【Sun】。玩家B手里有【Star】。
根据传递性规则，玩家B能管住玩家A吗？","{""A"": ""能"", ""B"": ""不能"", ""C"": ""无法确定"", ""D"": ""规则无效""}",B
Multi-hop ACL,436,81404,3_hop,,"已知规则：A > Star，F > C，Star > F。
玩家A打出了【C】。玩家B手里有【A】。
根据传递性规则，玩家B能管住玩家A吗？","{""A"": ""能"", ""B"": ""不能"", ""C"": ""无法确定"", ""D"": ""规则无效""}",A
Multi-hop ACL,437,42656,3_hop,,"已知规则：G > D，H > X，D > H。
玩家A打出了【G】。玩家B手里有【X】。
根据传递性规则，玩家B能管住玩家A吗？","{""A"": ""能"", ""B"": ""不能"", ""C"": ""无法确定"", ""D"": ""规则无效""}",B
Multi-hop ACL,438,92812,3_hop,,"已知规则：X > A，C > D，A > C。
玩家A打出了【D】。玩家B手里有【X】。
根据传递性规则，玩家B能管住玩家A吗？","{""A"": ""能"", ""B"": ""不能"", ""C"": ""无法确定"", ""D"": ""规则无效""}",A
Multi-hop ACL,439,90439,3_hop,,"已知规则：H > A，Z > H，A > X。
玩家A打出了【Z】。玩家B手里有【X】。
根据传递性规则，玩家B能管住玩家A吗？","{""A"": ""能"", ""B"": ""不能"", ""C"": ""无法确定"", ""D"": ""规则无效""}",B
Multi-hop ACL,440,49886,3_hop,,"已知规则：Star > B，G > Star，X > G。
玩家A打出了【B】。玩家B手里有【X】。
根据传递性规则，玩家B能管住玩家A吗？","{""A"": ""能"", ""B"": ""不能"", ""C"": ""无法确定"", ""D"": ""规则无效""}",A
Multi-hop ACL,441,91221,3_hop,,"已知规则：D > Sun，C > G，G > D。
玩家A打出了【C】。玩家B手里有【Sun】。
根据传递性规则，玩家B能管住玩家A吗？","{""A"": ""能"", ""B"": ""不能"", ""C"": ""无法确定"", ""D"": ""规则无效""}",B
Multi-hop ACL,442,98710,3_hop,,"已知规则：Y > H，X > Z，Z > Y。
玩家A打出了【X】。玩家B手里有【H】。
根据传递性规则，玩家B能管住玩家A吗？","{""A"": ""能"", ""B"": ""不能"", ""C"": ""无法确定"", ""D"": ""规则无效""}",B
Multi-hop ACL,443,93399,3_hop,,"已知规则：G > A，A > D，Star > G。
玩家A打出了【Star】。玩家B手里有【D】。
根据传递性规则，玩家B能管住玩家A吗？","{""A"": ""能"", ""B"": ""不能"", ""C"": ""无法确定"", ""D"": ""规则无效""}",B
Multi-hop ACL,444,52874,3_hop,,"已知规则：Moon > X，X > Sun，D > Moon。
玩家A打出了【Sun】。玩家B手里有【D】。
根据传递性规则，玩家B能管住玩家A吗？","{""A"": ""能"", ""B"": ""不能"", ""C"": ""无法确定"", ""D"": ""规则无效""}",A
Multi-hop ACL,445,51042,3_hop,,"已知规则：Sun > H，A > Sun，H > X。
玩家A打出了【A】。玩家B手里有【X】。
根据传递性规则，玩家B能管住玩家A吗？","{""A"": ""能"", ""B"": ""不能"", ""C"": ""无法确定"", ""D"": ""规则无效""}",B
Multi-hop ACL,446,12025,3_hop,,"已知规则：G > X，X > Moon，Moon > C。
玩家A打出了【G】。玩家B手里有【C】。
根据传递性规则，玩家B能管住玩家A吗？","{""A"": ""能"", ""B"": ""不能"", ""C"": ""无法确定"", ""D"": ""规则无效""}",B
Multi-hop ACL,447,46263,3_hop,,"已知规则：C > Sun，A > B，Sun > A。
玩家A打出了【C】。玩家B手里有【B】。
根据传递性规则，玩家B能管住玩家A吗？","{""A"": ""能"", ""B"": ""不能"", ""C"": ""无法确定"", ""D"": ""规则无效""}",B
Multi-hop ACL,448,82877,3_hop,,"已知规则：Y > H，B > Y，G > B。
玩家A打出了【H】。玩家B手里有【G】。
根据传递性规则，玩家B能管住玩家A吗？","{""A"": ""能"", ""B"": ""不能"", ""C"": ""无法确定"", ""D"": ""规则无效""}",A
Multi-hop ACL,449,23240,3_hop,,"已知规则：X > H，Z > Star，Star > X。
玩家A打出了【H】。玩家B手里有【Z】。
根据传递性规则，玩家B能管住玩家A吗？","{""A"": ""能"", ""B"": ""不能"", ""C"": ""无法确定"", ""D"": ""规则无效""}",A
Multi-hop ACL,450,98779,3_hop,,"已知规则：A > G，Moon > A，Star > Moon。
玩家A打出了【Star】。玩家B手里有【G】。
根据传递性规则，玩家B能管住玩家A吗？","{""A"": ""能"", ""B"": ""不能"", ""C"": ""无法确定"", ""D"": ""规则无效""}",B
Multi-hop ACL,451,79269,3_hop,,"已知规则：A > Y，Y > X，X > H。
玩家A打出了【A】。玩家B手里有【H】。
根据传递性规则，玩家B能管住玩家A吗？","{""A"": ""能"", ""B"": ""不能"", ""C"": ""无法确定"", ""D"": ""规则无效""}",B
Multi-hop ACL,452,90987,3_hop,,"已知规则：X > Star，F > X，Star > Sun。
玩家A打出了【F】。玩家B手里有【Sun】。
根据传递性规则，玩家B能管住玩家A吗？","{""A"": ""能"", ""B"": ""不能"", ""C"": ""无法确定"", ""D"": ""规则无效""}",B
Multi-hop ACL,453,61629,3_hop,,"已知规则：Z > X，X > Y，C > Z。
玩家A打出了【C】。玩家B手里有【Y】。
根据传递性规则，玩家B能管住玩家A吗？","{""A"": ""能"", ""B"": ""不能"", ""C"": ""无法确定"", ""D"": ""规则无效""}",B
Multi-hop ACL,454,77713,3_hop,,"已知规则：A > Z，G > A，Z > Y。
玩家A打出了【Y】。玩家B手里有【G】。
根据传递性规则，玩家B能管住玩家A吗？","{""A"": ""能"", ""B"": ""不能"", ""C"": ""无法确定"", ""D"": ""规则无效""}",A
Multi-hop ACL,455,50189,3_hop,,"已知规则：Z > B，C > Z，Star > C。
玩家A打出了【Star】。玩家B手里有【B】。
根据传递性规则，玩家B能管住玩家A吗？","{""A"": ""能"", ""B"": ""不能"", ""C"": ""无法确定"", ""D"": ""规则无效""}",B
Multi-hop ACL,456,21542,3_hop,,"已知规则：Y > C，D > Z，Z > Y。
玩家A打出了【D】。玩家B手里有【C】。
根据传递性规则，玩家B能管住玩家A吗？","{""A"": ""能"", ""B"": ""不能"", ""C"": ""无法确定"", ""D"": ""规则无效""}",B
Multi-hop ACL,457,19324,3_hop,,"已知规则：Sun > E，E > Y，Y > Moon。
玩家A打出了【Sun】。玩家B手里有【Moon】。
根据传递性规则，玩家B能管住玩家A吗？","{""A"": ""能"", ""B"": ""不能"", ""C"": ""无法确定"", ""D"": ""规则无效""}",B
Multi-hop ACL,458,24912,3_hop,,"已知规则：Z > B，Sun > Z，B > H。
玩家A打出了【H】。玩家B手里有【Sun】。
根据传递性规则，玩家B能管住玩家A吗？","{""A"": ""能"", ""B"": ""不能"", ""C"": ""无法确定"", ""D"": ""规则无效""}",A
Multi-hop ACL,459,22700,3_hop,,"已知规则：F > X，X > Moon，Moon > H。
玩家A打出了【H】。玩家B手里有【F】。
根据传递性规则，玩家B能管住玩家A吗？","{""A"": ""能"", ""B"": ""不能"", ""C"": ""无法确定"", ""D"": ""规则无效""}",A
Multi-hop ACL,460,18418,3_hop,,"已知规则：E > F，F > B，B > H。
玩家A打出了【E】。玩家B手里有【H】。
根据传递性规则，玩家B能管住玩家A吗？","{""A"": ""能"", ""B"": ""不能"", ""C"": ""无法确定"", ""D"": ""规则无效""}",B
Multi-hop ACL,461,81290,3_hop,,"已知规则：X > H，G > E，E > X。
玩家A打出了【G】。玩家B手里有【H】。
根据传递性规则，玩家B能管住玩家A吗？","{""A"": ""能"", ""B"": ""不能"", ""C"": ""无法确定"", ""D"": ""规则无效""}",B
Multi-hop ACL,462,18458,3_hop,,"已知规则：Y > F，Z > Y，F > X。
玩家A打出了【Z】。玩家B手里有【X】。
根据传递性规则，玩家B能管住玩家A吗？","{""A"": ""能"", ""B"": ""不能"", ""C"": ""无法确定"", ""D"": ""规则无效""}",B
Multi-hop ACL,463,15863,3_hop,,"已知规则：H > Moon，Sun > A，Moon > Sun。
玩家A打出了【A】。玩家B手里有【H】。
根据传递性规则，玩家B能管住玩家A吗？","{""A"": ""能"", ""B"": ""不能"", ""C"": ""无法确定"", ""D"": ""规则无效""}",A
Multi-hop ACL,464,82776,3_hop,,"已知规则：A > F，Sun > D，D > A。
玩家A打出了【Sun】。玩家B手里有【F】。
根据传递性规则，玩家B能管住玩家A吗？","{""A"": ""能"", ""B"": ""不能"", ""C"": ""无法确定"", ""D"": ""规则无效""}",B
Multi-hop ACL,465,16508,3_hop,,"已知规则：Z > E，Sun > B，E > Sun。
玩家A打出了【B】。玩家B手里有【Z】。
根据传递性规则，玩家B能管住玩家A吗？","{""A"": ""能"", ""B"": ""不能"", ""C"": ""无法确定"", ""D"": ""规则无效""}",A
Multi-hop ACL,466,45919,3_hop,,"已知规则：D > Z，Z > A，H > D。
玩家A打出了【H】。玩家B手里有【A】。
根据传递性规则，玩家B能管住玩家A吗？","{""A"": ""能"", ""B"": ""不能"", ""C"": ""无法确定"", ""D"": ""规则无效""}",B
Multi-hop ACL,467,65771,3_hop,,"已知规则：E > Z，A > Y，Y > E。
玩家A打出了【Z】。玩家B手里有【A】。
根据传递性规则，玩家B能管住玩家A吗？","{""A"": ""能"", ""B"": ""不能"", ""C"": ""无法确定"", ""D"": ""规则无效""}",A
Multi-hop ACL,468,53971,3_hop,,"已知规则：Z > E，E > B，B > A。
玩家A打出了【A】。玩家B手里有【Z】。
根据传递性规则，玩家B能管住玩家A吗？","{""A"": ""能"", ""B"": ""不能"", ""C"": ""无法确定"", ""D"": ""规则无效""}",A
Multi-hop ACL,469,12609,3_hop,,"已知规则：Star > Sun，Moon > D，D > Star。
玩家A打出了【Sun】。玩家B手里有【Moon】。
根据传递性规则，玩家B能管住玩家A吗？","{""A"": ""能"", ""B"": ""不能"", ""C"": ""无法确定"", ""D"": ""规则无效""}",A
Multi-hop ACL,470,36257,3_hop,,"已知规则：Sun > F，F > C，Z > Sun。
玩家A打出了【C】。玩家B手里有【Z】。
根据传递性规则，玩家B能管住玩家A吗？","{""A"": ""能"", ""B"": ""不能"", ""C"": ""无法确定"", ""D"": ""规则无效""}",A
Multi-hop ACL,471,11636,3_hop,,"已知规则：C > A，B > Moon，A > B。
玩家A打出了【Moon】。玩家B手里有【C】。
根据传递性规则，玩家B能管住玩家A吗？","{""A"": ""能"", ""B"": ""不能"", ""C"": ""无法确定"", ""D"": ""规则无效""}",A
Multi-hop ACL,472,36396,3_hop,,"已知规则：H > Z，Star > H，Z > E。
玩家A打出了【E】。玩家B手里有【Star】。
根据传递性规则，玩家B能管住玩家A吗？","{""A"": ""能"", ""B"": ""不能"", ""C"": ""无法确定"", ""D"": ""规则无效""}",A
Multi-hop ACL,473,64128,3_hop,,"已知规则：Star > E，E > C，C > Sun。
玩家A打出了【Star】。玩家B手里有【Sun】。
根据传递性规则，玩家B能管住玩家A吗？","{""A"": ""能"", ""B"": ""不能"", ""C"": ""无法确定"", ""D"": ""规则无效""}",B
Multi-hop ACL,474,58482,3_hop,,"已知规则：D > Sun，Moon > D，Sun > F。
玩家A打出了【F】。玩家B手里有【Moon】。
根据传递性规则，玩家B能管住玩家A吗？","{""A"": ""能"", ""B"": ""不能"", ""C"": ""无法确定"", ""D"": ""规则无效""}",A
Multi-hop ACL,475,46988,3_hop,,"已知规则：F > G，Z > Moon，G > Z。
玩家A打出了【Moon】。玩家B手里有【F】。
根据传递性规则，玩家B能管住玩家A吗？","{""A"": ""能"", ""B"": ""不能"", ""C"": ""无法确定"", ""D"": ""规则无效""}",A
Multi-hop ACL,476,90767,3_hop,,"已知规则：E > B，D > G，G > E。
玩家A打出了【D】。玩家B手里有【B】。
根据传递性规则，玩家B能管住玩家A吗？","{""A"": ""能"", ""B"": ""不能"", ""C"": ""无法确定"", ""D"": ""规则无效""}",B
Multi-hop ACL,477,49491,3_hop,,"已知规则：A > Star，C > A，Z > C。
玩家A打出了【Star】。玩家B手里有【Z】。
根据传递性规则，玩家B能管住玩家A吗？","{""A"": ""能"", ""B"": ""不能"", ""C"": ""无法确定"", ""D"": ""规则无效""}",A
Multi-hop ACL,478,25138,3_hop,,"已知规则：Sun > C，Moon > Sun，C > D。
玩家A打出了【D】。玩家B手里有【Moon】。
根据传递性规则，玩家B能管住玩家A吗？","{""A"": ""能"", ""B"": ""不能"", ""C"": ""无法确定"", ""D"": ""规则无效""}",A
Multi-hop ACL,479,12318,3_hop,,"已知规则：A > F，E > B，F > E。
玩家A打出了【B】。玩家B手里有【A】。
根据传递性规则，玩家B能管住玩家A吗？","{""A"": ""能"", ""B"": ""不能"", ""C"": ""无法确定"", ""D"": ""规则无效""}",A
Multi-hop ACL,480,40121,3_hop,,"已知规则：F > Star，C > F，Z > C。
玩家A打出了【Z】。玩家B手里有【Star】。
根据传递性规则，玩家B能管住玩家A吗？","{""A"": ""能"", ""B"": ""不能"", ""C"": ""无法确定"", ""D"": ""规则无效""}",B
Multi-hop ACL,481,52962,3_hop,,"已知规则：C > F，F > H，Moon > C。
玩家A打出了【H】。玩家B手里有【Moon】。
根据传递性规则，玩家B能管住玩家A吗？","{""A"": ""能"", ""B"": ""不能"", ""C"": ""无法确定"", ""D"": ""规则无效""}",A
Multi-hop ACL,482,43897,3_hop,,"已知规则：Star > X，Sun > H，X > Sun。
玩家A打出了【Star】。玩家B手里有【H】。
根据传递性规则，玩家B能管住玩家A吗？","{""A"": ""能"", ""B"": ""不能"", ""C"": ""无法确定"", ""D"": ""规则无效""}",B
Multi-hop ACL,483,86587,3_hop,,"已知规则：Star > E，Y > Z，E > Y。
玩家A打出了【Z】。玩家B手里有【Star】。
根据传递性规则，玩家B能管住玩家A吗？","{""A"": ""能"", ""B"": ""不能"", ""C"": ""无法确定"", ""D"": ""规则无效""}",A
Multi-hop ACL,484,98242,3_hop,,"已知规则：Z > A，B > Star，A > B。
玩家A打出了【Star】。玩家B手里有【Z】。
根据传递性规则，玩家B能管住玩家A吗？","{""A"": ""能"", ""B"": ""不能"", ""C"": ""无法确定"", ""D"": ""规则无效""}",A
Multi-hop ACL,485,12143,3_hop,,"已知规则：B > F，F > G，X > B。
玩家A打出了【X】。玩家B手里有【G】。
根据传递性规则，玩家B能管住玩家A吗？","{""A"": ""能"", ""B"": ""不能"", ""C"": ""无法确定"", ""D"": ""规则无效""}",B
Multi-hop ACL,486,28760,3_hop,,"已知规则：B > E，Moon > C，C > B。
玩家A打出了【E】。玩家B手里有【Moon】。
根据传递性规则，玩家B能管住玩家A吗？","{""A"": ""能"", ""B"": ""不能"", ""C"": ""无法确定"", ""D"": ""规则无效""}",A
Multi-hop ACL,487,33061,3_hop,,"已知规则：F > A，A > C，G > F。
玩家A打出了【G】。玩家B手里有【C】。
根据传递性规则，玩家B能管住玩家A吗？","{""A"": ""能"", ""B"": ""不能"", ""C"": ""无法确定"", ""D"": ""规则无效""}",B
Multi-hop ACL,488,43307,3_hop,,"已知规则：C > E，E > D，D > B。
玩家A打出了【C】。玩家B手里有【B】。
根据传递性规则，玩家B能管住玩家A吗？","{""A"": ""能"", ""B"": ""不能"", ""C"": ""无法确定"", ""D"": ""规则无效""}",B
Multi-hop ACL,489,81932,3_hop,,"已知规则：A > C，C > Z，G > A。
玩家A打出了【Z】。玩家B手里有【G】。
根据传递性规则，玩家B能管住玩家A吗？","{""A"": ""能"", ""B"": ""不能"", ""C"": ""无法确定"", ""D"": ""规则无效""}",A
Multi-hop ACL,490,87971,3_hop,,"已知规则：X > C，C > A，A > Z。
玩家A打出了【X】。玩家B手里有【Z】。
根据传递性规则，玩家B能管住玩家A吗？","{""A"": ""能"", ""B"": ""不能"", ""C"": ""无法确定"", ""D"": ""规则无效""}",B
Multi-hop ACL,491,29834,3_hop,,"已知规则：Sun > D，Moon > Star，D > Moon。
玩家A打出了【Star】。玩家B手里有【Sun】。
根据传递性规则，玩家B能管住玩家A吗？","{""A"": ""能"", ""B"": ""不能"", ""C"": ""无法确定"", ""D"": ""规则无效""}",A
Multi-hop ACL,492,39598,3_hop,,"已知规则：Y > D，Moon > C，D > Moon。
玩家A打出了【C】。玩家B手里有【Y】。
根据传递性规则，玩家B能管住玩家A吗？","{""A"": ""能"", ""B"": ""不能"", ""C"": ""无法确定"", ""D"": ""规则无效""}",A
Multi-hop ACL,493,87390,3_hop,,"已知规则：D > F，F > X，X > Star。
玩家A打出了【Star】。玩家B手里有【D】。
根据传递性规则，玩家B能管住玩家A吗？","{""A"": ""能"", ""B"": ""不能"", ""C"": ""无法确定"", ""D"": ""规则无效""}",A
Multi-hop ACL,494,22380,3_hop,,"已知规则：E > D，H > E，D > Star。
玩家A打出了【H】。玩家B手里有【Star】。
根据传递性规则，玩家B能管住玩家A吗？","{""A"": ""能"", ""B"": ""不能"", ""C"": ""无法确定"", ""D"": ""规则无效""}",B
Multi-hop ACL,495,88295,3_hop,,"已知规则：H > Star，Sun > Y，Y > H。
玩家A打出了【Star】。玩家B手里有【Sun】。
根据传递性规则，玩家B能管住玩家A吗？","{""A"": ""能"", ""B"": ""不能"", ""C"": ""无法确定"", ""D"": ""规则无效""}",A
Multi-hop ACL,496,38779,3_hop,,"已知规则：C > F，F > H，A > C。
玩家A打出了【H】。玩家B手里有【A】。
根据传递性规则，玩家B能管住玩家A吗？","{""A"": ""能"", ""B"": ""不能"", ""C"": ""无法确定"", ""D"": ""规则无效""}",A
Multi-hop ACL,497,49987,3_hop,,"已知规则：B > F，F > H，H > D。
玩家A打出了【D】。玩家B手里有【B】。
根据传递性规则，玩家B能管住玩家A吗？","{""A"": ""能"", ""B"": ""不能"", ""C"": ""无法确定"", ""D"": ""规则无效""}",A
Multi-hop ACL,498,41810,3_hop,,"已知规则：D > Sun，Star > D，E > Star。
玩家A打出了【Sun】。玩家B手里有【E】。
根据传递性规则，玩家B能管住玩家A吗？","{""A"": ""能"", ""B"": ""不能"", ""C"": ""无法确定"", ""D"": ""规则无效""}",A
Multi-hop ACL,499,73405,3_hop,,"已知规则：X > F，H > X，F > Moon。
玩家A打出了【H】。玩家B手里有【Moon】。
根据传递性规则，玩家B能管住玩家A吗？","{""A"": ""能"", ""B"": ""不能"", ""C"": ""无法确定"", ""D"": ""规则无效""}",B
Multi-hop ACL,500,96755,3_hop,,"已知规则：Moon > E，Star > Moon，E > Z。
玩家A打出了【Z】。玩家B手里有【Star】。
根据传递性规则，玩家B能管住玩家A吗？","{""A"": ""能"", ""B"": ""不能"", ""C"": ""无法确定"", ""D"": ""规则无效""}",A
Multi-hop ACL,501,63223,3_hop,,"已知规则：Z > C，C > X，X > A。
玩家A打出了【A】。玩家B手里有【Z】。
根据传递性规则，玩家B能管住玩家A吗？","{""A"": ""能"", ""B"": ""不能"", ""C"": ""无法确定"", ""D"": ""规则无效""}",A
Multi-hop ACL,502,32090,3_hop,,"已知规则：F > X，X > Moon，A > F。
玩家A打出了【Moon】。玩家B手里有【A】。
根据传递性规则，玩家B能管住玩家A吗？","{""A"": ""能"", ""B"": ""不能"", ""C"": ""无法确定"", ""D"": ""规则无效""}",A
Multi-hop ACL,503,63662,3_hop,,"已知规则：Z > Y，C > Z，Sun > C。
玩家A打出了【Sun】。玩家B手里有【Y】。
根据传递性规则，玩家B能管住玩家A吗？","{""A"": ""能"", ""B"": ""不能"", ""C"": ""无法确定"", ""D"": ""规则无效""}",B
Multi-hop ACL,504,29336,3_hop,,"已知规则：Y > C，C > B，B > Star。
玩家A打出了【Star】。玩家B手里有【Y】。
根据传递性规则，玩家B能管住玩家A吗？","{""A"": ""能"", ""B"": ""不能"", ""C"": ""无法确定"", ""D"": ""规则无效""}",A
Multi-hop ACL,505,82818,3_hop,,"已知规则：Sun > D，A > Sun，D > F。
玩家A打出了【F】。玩家B手里有【A】。
根据传递性规则，玩家B能管住玩家A吗？","{""A"": ""能"", ""B"": ""不能"", ""C"": ""无法确定"", ""D"": ""规则无效""}",A
Multi-hop ACL,506,64003,3_hop,,"已知规则：D > X，Y > E，X > Y。
玩家A打出了【E】。玩家B手里有【D】。
根据传递性规则，玩家B能管住玩家A吗？","{""A"": ""能"", ""B"": ""不能"", ""C"": ""无法确定"", ""D"": ""规则无效""}",A
Multi-hop ACL,507,44354,3_hop,,"已知规则：B > E，Sun > F，E > Sun。
玩家A打出了【B】。玩家B手里有【F】。
根据传递性规则，玩家B能管住玩家A吗？","{""A"": ""能"", ""B"": ""不能"", ""C"": ""无法确定"", ""D"": ""规则无效""}",B
Multi-hop ACL,508,56269,3_hop,,"已知规则：Star > Y，Moon > Star，Z > Moon。
玩家A打出了【Z】。玩家B手里有【Y】。
根据传递性规则，玩家B能管住玩家A吗？","{""A"": ""能"", ""B"": ""不能"", ""C"": ""无法确定"", ""D"": ""规则无效""}",B
Multi-hop ACL,509,91052,3_hop,,"已知规则：G > Z，Z > Moon，Moon > D。
玩家A打出了【D】。玩家B手里有【G】。
根据传递性规则，玩家B能管住玩家A吗？","{""A"": ""能"", ""B"": ""不能"", ""C"": ""无法确定"", ""D"": ""规则无效""}",A
Multi-hop ACL,510,50900,3_hop,,"已知规则：F > E，Sun > F，E > X。
玩家A打出了【Sun】。玩家B手里有【X】。
根据传递性规则，玩家B能管住玩家A吗？","{""A"": ""能"", ""B"": ""不能"", ""C"": ""无法确定"", ""D"": ""规则无效""}",B
Multi-hop ACL,511,59732,3_hop,,"已知规则：Y > E，Star > H，H > Y。
玩家A打出了【E】。玩家B手里有【Star】。
根据传递性规则，玩家B能管住玩家A吗？","{""A"": ""能"", ""B"": ""不能"", ""C"": ""无法确定"", ""D"": ""规则无效""}",A
Multi-hop ACL,512,69800,3_hop,,"已知规则：B > C，F > B，E > F。
玩家A打出了【C】。玩家B手里有【E】。
根据传递性规则，玩家B能管住玩家A吗？","{""A"": ""能"", ""B"": ""不能"", ""C"": ""无法确定"", ""D"": ""规则无效""}",A
Multi-hop ACL,513,25385,3_hop,,"已知规则：G > H，B > X，H > B。
玩家A打出了【G】。玩家B手里有【X】。
根据传递性规则，玩家B能管住玩家A吗？","{""A"": ""能"", ""B"": ""不能"", ""C"": ""无法确定"", ""D"": ""规则无效""}",B
Multi-hop ACL,514,16257,3_hop,,"已知规则：F > X，D > Sun，X > D。
玩家A打出了【Sun】。玩家B手里有【F】。
根据传递性规则，玩家B能管住玩家A吗？","{""A"": ""能"", ""B"": ""不能"", ""C"": ""无法确定"", ""D"": ""规则无效""}",A
Multi-hop ACL,515,92355,3_hop,,"已知规则：Sun > Star，Star > Moon，C > Sun。
玩家A打出了【C】。玩家B手里有【Moon】。
根据传递性规则，玩家B能管住玩家A吗？","{""A"": ""能"", ""B"": ""不能"", ""C"": ""无法确定"", ""D"": ""规则无效""}",B
Multi-hop ACL,516,27476,3_hop,,"已知规则：H > Y，Sun > F，Y > Sun。
玩家A打出了【F】。玩家B手里有【H】。
根据传递性规则，玩家B能管住玩家A吗？","{""A"": ""能"", ""B"": ""不能"", ""C"": ""无法确定"", ""D"": ""规则无效""}",A
Multi-hop ACL,517,26834,3_hop,,"已知规则：G > A，Y > G，H > Y。
玩家A打出了【A】。玩家B手里有【H】。
根据传递性规则，玩家B能管住玩家A吗？","{""A"": ""能"", ""B"": ""不能"", ""C"": ""无法确定"", ""D"": ""规则无效""}",A
Multi-hop ACL,518,61223,3_hop,,"已知规则：G > X，X > F，F > C。
玩家A打出了【G】。玩家B手里有【C】。
根据传递性规则，玩家B能管住玩家A吗？","{""A"": ""能"", ""B"": ""不能"", ""C"": ""无法确定"", ""D"": ""规则无效""}",B
Multi-hop ACL,519,40873,3_hop,,"已知规则：H > Z，D > H，Z > Star。
玩家A打出了【Star】。玩家B手里有【D】。
根据传递性规则，玩家B能管住玩家A吗？","{""A"": ""能"", ""B"": ""不能"", ""C"": ""无法确定"", ""D"": ""规则无效""}",A
Multi-hop ACL,520,37413,3_hop,,"已知规则：G > Y，Y > F，B > G。
玩家A打出了【F】。玩家B手里有【B】。
根据传递性规则，玩家B能管住玩家A吗？","{""A"": ""能"", ""B"": ""不能"", ""C"": ""无法确定"", ""D"": ""规则无效""}",A
Multi-hop ACL,521,65173,3_hop,,"已知规则：F > A，G > F，Y > G。
玩家A打出了【A】。玩家B手里有【Y】。
根据传递性规则，玩家B能管住玩家A吗？","{""A"": ""能"", ""B"": ""不能"", ""C"": ""无法确定"", ""D"": ""规则无效""}",A
Multi-hop ACL,522,20495,3_hop,,"已知规则：Z > A，A > Moon，Moon > B。
玩家A打出了【B】。玩家B手里有【Z】。
根据传递性规则，玩家B能管住玩家A吗？","{""A"": ""能"", ""B"": ""不能"", ""C"": ""无法确定"", ""D"": ""规则无效""}",A
Multi-hop ACL,523,17689,3_hop,,"已知规则：A > F，Sun > B，B > A。
玩家A打出了【F】。玩家B手里有【Sun】。
根据传递性规则，玩家B能管住玩家A吗？","{""A"": ""能"", ""B"": ""不能"", ""C"": ""无法确定"", ""D"": ""规则无效""}",A
Multi-hop ACL,524,13890,3_hop,,"已知规则：Moon > X，E > Moon，X > F。
玩家A打出了【E】。玩家B手里有【F】。
根据传递性规则，玩家B能管住玩家A吗？","{""A"": ""能"", ""B"": ""不能"", ""C"": ""无法确定"", ""D"": ""规则无效""}",B
Multi-hop ACL,525,71844,3_hop,,"已知规则：G > E，E > Sun，Sun > Y。
玩家A打出了【G】。玩家B手里有【Y】。
根据传递性规则，玩家B能管住玩家A吗？","{""A"": ""能"", ""B"": ""不能"", ""C"": ""无法确定"", ""D"": ""规则无效""}",B
Multi-hop ACL,526,23566,3_hop,,"已知规则：A > Y，X > A，Moon > X。
玩家A打出了【Moon】。玩家B手里有【Y】。
根据传递性规则，玩家B能管住玩家A吗？","{""A"": ""能"", ""B"": ""不能"", ""C"": ""无法确定"", ""D"": ""规则无效""}",B
Multi-hop ACL,527,47348,3_hop,,"已知规则：Z > Moon，Y > X，X > Z。
玩家A打出了【Y】。玩家B手里有【Moon】。
根据传递性规则，玩家B能管住玩家A吗？","{""A"": ""能"", ""B"": ""不能"", ""C"": ""无法确定"", ""D"": ""规则无效""}",B
Multi-hop ACL,528,94052,3_hop,,"已知规则：B > E，E > G，G > X。
玩家A打出了【B】。玩家B手里有【X】。
根据传递性规则，玩家B能管住玩家A吗？","{""A"": ""能"", ""B"": ""不能"", ""C"": ""无法确定"", ""D"": ""规则无效""}",B
Multi-hop ACL,529,14279,3_hop,,"已知规则：Star > E，E > G，C > Star。
玩家A打出了【G】。玩家B手里有【C】。
根据传递性规则，玩家B能管住玩家A吗？","{""A"": ""能"", ""B"": ""不能"", ""C"": ""无法确定"", ""D"": ""规则无效""}",A
Multi-hop ACL,530,63072,3_hop,,"已知规则：Star > B，E > A，A > Star。
玩家A打出了【B】。玩家B手里有【E】。
根据传递性规则，玩家B能管住玩家A吗？","{""A"": ""能"", ""B"": ""不能"", ""C"": ""无法确定"", ""D"": ""规则无效""}",A
Multi-hop ACL,531,15741,3_hop,,"已知规则：F > Y，Y > Star，X > F。
玩家A打出了【Star】。玩家B手里有【X】。
根据传递性规则，玩家B能管住玩家A吗？","{""A"": ""能"", ""B"": ""不能"", ""C"": ""无法确定"", ""D"": ""规则无效""}",A
Multi-hop ACL,532,23184,3_hop,,"已知规则：Y > Sun，Sun > Star，Star > B。
玩家A打出了【Y】。玩家B手里有【B】。
根据传递性规则，玩家B能管住玩家A吗？","{""A"": ""能"", ""B"": ""不能"", ""C"": ""无法确定"", ""D"": ""规则无效""}",B
Multi-hop ACL,533,83190,3_hop,,"已知规则：Y > Star，Moon > D，Star > Moon。
玩家A打出了【Y】。玩家B手里有【D】。
根据传递性规则，玩家B能管住玩家A吗？","{""A"": ""能"", ""B"": ""不能"", ""C"": ""无法确定"", ""D"": ""规则无效""}",B
Multi-hop ACL,534,49227,3_hop,,"已知规则：D > H，Z > Star，Star > D。
玩家A打出了【Z】。玩家B手里有【H】。
根据传递性规则，玩家B能管住玩家A吗？","{""A"": ""能"", ""B"": ""不能"", ""C"": ""无法确定"", ""D"": ""规则无效""}",B
Multi-hop ACL,535,22864,3_hop,,"已知规则：C > X，Sun > C，X > B。
玩家A打出了【Sun】。玩家B手里有【B】。
根据传递性规则，玩家B能管住玩家A吗？","{""A"": ""能"", ""B"": ""不能"", ""C"": ""无法确定"", ""D"": ""规则无效""}",B
Multi-hop ACL,536,41634,3_hop,,"已知规则：Moon > Sun，X > Moon，Sun > C。
玩家A打出了【C】。玩家B手里有【X】。
根据传递性规则，玩家B能管住玩家A吗？","{""A"": ""能"", ""B"": ""不能"", ""C"": ""无法确定"", ""D"": ""规则无效""}",A
Multi-hop ACL,537,39814,3_hop,,"已知规则：H > F，Sun > Star，F > Sun。
玩家A打出了【Star】。玩家B手里有【H】。
根据传递性规则，玩家B能管住玩家A吗？","{""A"": ""能"", ""B"": ""不能"", ""C"": ""无法确定"", ""D"": ""规则无效""}",A
Multi-hop ACL,538,87768,3_hop,,"已知规则：Star > C，X > Star，F > X。
玩家A打出了【C】。玩家B手里有【F】。
根据传递性规则，玩家B能管住玩家A吗？","{""A"": ""能"", ""B"": ""不能"", ""C"": ""无法确定"", ""D"": ""规则无效""}",A
Multi-hop ACL,539,18714,3_hop,,"已知规则：X > E，Sun > X，D > Sun。
玩家A打出了【E】。玩家B手里有【D】。
根据传递性规则，玩家B能管住玩家A吗？","{""A"": ""能"", ""B"": ""不能"", ""C"": ""无法确定"", ""D"": ""规则无效""}",A
Multi-hop ACL,540,73811,3_hop,,"已知规则：E > B，Moon > E，B > Z。
玩家A打出了【Z】。玩家B手里有【Moon】。
根据传递性规则，玩家B能管住玩家A吗？","{""A"": ""能"", ""B"": ""不能"", ""C"": ""无法确定"", ""D"": ""规则无效""}",A
Multi-hop ACL,541,50874,3_hop,,"已知规则：Sun > H，C > E，H > C。
玩家A打出了【Sun】。玩家B手里有【E】。
根据传递性规则，玩家B能管住玩家A吗？","{""A"": ""能"", ""B"": ""不能"", ""C"": ""无法确定"", ""D"": ""规则无效""}",B
Multi-hop ACL,542,54976,3_hop,,"已知规则：F > E，E > D，D > G。
玩家A打出了【F】。玩家B手里有【G】。
根据传递性规则，玩家B能管住玩家A吗？","{""A"": ""能"", ""B"": ""不能"", ""C"": ""无法确定"", ""D"": ""规则无效""}",B
Multi-hop ACL,543,37387,3_hop,,"已知规则：G > F，F > Moon，Moon > Star。
玩家A打出了【G】。玩家B手里有【Star】。
根据传递性规则，玩家B能管住玩家A吗？","{""A"": ""能"", ""B"": ""不能"", ""C"": ""无法确定"", ""D"": ""规则无效""}",B
Multi-hop ACL,544,39046,3_hop,,"已知规则：Moon > G，G > D，C > Moon。
玩家A打出了【C】。玩家B手里有【D】。
根据传递性规则，玩家B能管住玩家A吗？","{""A"": ""能"", ""B"": ""不能"", ""C"": ""无法确定"", ""D"": ""规则无效""}",B
Multi-hop ACL,545,55462,3_hop,,"已知规则：Z > B，Y > Z，B > X。
玩家A打出了【Y】。玩家B手里有【X】。
根据传递性规则，玩家B能管住玩家A吗？","{""A"": ""能"", ""B"": ""不能"", ""C"": ""无法确定"", ""D"": ""规则无效""}",B
Multi-hop ACL,546,69598,3_hop,,"已知规则：Sun > H，E > Z，Z > Sun。
玩家A打出了【H】。玩家B手里有【E】。
根据传递性规则，玩家B能管住玩家A吗？","{""A"": ""能"", ""B"": ""不能"", ""C"": ""无法确定"", ""D"": ""规则无效""}",A
Multi-hop ACL,547,52211,3_hop,,"已知规则：Moon > F，F > H，Star > Moon。
玩家A打出了【Star】。玩家B手里有【H】。
根据传递性规则，玩家B能管住玩家A吗？","{""A"": ""能"", ""B"": ""不能"", ""C"": ""无法确定"", ""D"": ""规则无效""}",B
Multi-hop ACL,548,88012,3_hop,,"已知规则：B > Moon，Moon > Y，Y > F。
玩家A打出了【F】。玩家B手里有【B】。
根据传递性规则，玩家B能管住玩家A吗？","{""A"": ""能"", ""B"": ""不能"", ""C"": ""无法确定"", ""D"": ""规则无效""}",A
Multi-hop ACL,549,45692,3_hop,,"已知规则：Y > G，Star > C，G > Star。
玩家A打出了【Y】。玩家B手里有【C】。
根据传递性规则，玩家B能管住玩家A吗？","{""A"": ""能"", ""B"": ""不能"", ""C"": ""无法确定"", ""D"": ""规则无效""}",B
Multi-hop ACL,550,29782,3_hop,,"已知规则：C > D，Y > F，F > C。
玩家A打出了【D】。玩家B手里有【Y】。
根据传递性规则，玩家B能管住玩家A吗？","{""A"": ""能"", ""B"": ""不能"", ""C"": ""无法确定"", ""D"": ""规则无效""}",A
Multi-hop ACL,551,86600,3_hop,,"已知规则：G > Star，Star > Y，Y > E。
玩家A打出了【E】。玩家B手里有【G】。
根据传递性规则，玩家B能管住玩家A吗？","{""A"": ""能"", ""B"": ""不能"", ""C"": ""无法确定"", ""D"": ""规则无效""}",A
Multi-hop ACL,552,79029,3_hop,,"已知规则：Y > A，Sun > Z，Z > Y。
玩家A打出了【A】。玩家B手里有【Sun】。
根据传递性规则，玩家B能管住玩家A吗？","{""A"": ""能"", ""B"": ""不能"", ""C"": ""无法确定"", ""D"": ""规则无效""}",A
Multi-hop ACL,553,67081,3_hop,,"已知规则：Y > D，G > Y，D > Star。
玩家A打出了【Star】。玩家B手里有【G】。
根据传递性规则，玩家B能管住玩家A吗？","{""A"": ""能"", ""B"": ""不能"", ""C"": ""无法确定"", ""D"": ""规则无效""}",A
Multi-hop ACL,554,69487,3_hop,,"已知规则：E > A，A > Y，Y > H。
玩家A打出了【H】。玩家B手里有【E】。
根据传递性规则，玩家B能管住玩家A吗？","{""A"": ""能"", ""B"": ""不能"", ""C"": ""无法确定"", ""D"": ""规则无效""}",A
Multi-hop ACL,555,11701,3_hop,,"已知规则：G > D，B > C，C > G。
玩家A打出了【D】。玩家B手里有【B】。
根据传递性规则，玩家B能管住玩家A吗？","{""A"": ""能"", ""B"": ""不能"", ""C"": ""无法确定"", ""D"": ""规则无效""}",A
Multi-hop ACL,556,74888,3_hop,,"已知规则：Z > Star，H > E，E > Z。
玩家A打出了【H】。玩家B手里有【Star】。
根据传递性规则，玩家B能管住玩家A吗？","{""A"": ""能"", ""B"": ""不能"", ""C"": ""无法确定"", ""D"": ""规则无效""}",B
Multi-hop ACL,557,33910,3_hop,,"已知规则：Z > F，A > Z，F > D。
玩家A打出了【D】。玩家B手里有【A】。
根据传递性规则，玩家B能管住玩家A吗？","{""A"": ""能"", ""B"": ""不能"", ""C"": ""无法确定"", ""D"": ""规则无效""}",A
Multi-hop ACL,558,19226,3_hop,,"已知规则：G > D，D > B，E > G。
玩家A打出了【B】。玩家B手里有【E】。
根据传递性规则，玩家B能管住玩家A吗？","{""A"": ""能"", ""B"": ""不能"", ""C"": ""无法确定"", ""D"": ""规则无效""}",A
Multi-hop ACL,559,17196,3_hop,,"已知规则：D > Y，G > C，Y > G。
玩家A打出了【C】。玩家B手里有【D】。
根据传递性规则，玩家B能管住玩家A吗？","{""A"": ""能"", ""B"": ""不能"", ""C"": ""无法确定"", ""D"": ""规则无效""}",A
Multi-hop ACL,560,99978,3_hop,,"已知规则：Sun > C，C > D，D > Star。
玩家A打出了【Star】。玩家B手里有【Sun】。
根据传递性规则，玩家B能管住玩家A吗？","{""A"": ""能"", ""B"": ""不能"", ""C"": ""无法确定"", ""D"": ""规则无效""}",A
Multi-hop ACL,561,30719,3_hop,,"已知规则：Z > E，B > Sun，E > B。
玩家A打出了【Z】。玩家B手里有【Sun】。
根据传递性规则，玩家B能管住玩家A吗？","{""A"": ""能"", ""B"": ""不能"", ""C"": ""无法确定"", ""D"": ""规则无效""}",B
Multi-hop ACL,562,96513,3_hop,,"已知规则：Moon > B，Sun > Moon，B > Y。
玩家A打出了【Sun】。玩家B手里有【Y】。
根据传递性规则，玩家B能管住玩家A吗？","{""A"": ""能"", ""B"": ""不能"", ""C"": ""无法确定"", ""D"": ""规则无效""}",B
Multi-hop ACL,563,35242,3_hop,,"已知规则：G > A，Moon > Star，Star > G。
玩家A打出了【A】。玩家B手里有【Moon】。
根据传递性规则，玩家B能管住玩家A吗？","{""A"": ""能"", ""B"": ""不能"", ""C"": ""无法确定"", ""D"": ""规则无效""}",A
Multi-hop ACL,564,47375,3_hop,,"已知规则：Star > B，G > H，H > Star。
玩家A打出了【B】。玩家B手里有【G】。
根据传递性规则，玩家B能管住玩家A吗？","{""A"": ""能"", ""B"": ""不能"", ""C"": ""无法确定"", ""D"": ""规则无效""}",A
Multi-hop ACL,565,18999,3_hop,,"已知规则：Moon > H，D > F，H > D。
玩家A打出了【Moon】。玩家B手里有【F】。
根据传递性规则，玩家B能管住玩家A吗？","{""A"": ""能"", ""B"": ""不能"", ""C"": ""无法确定"", ""D"": ""规则无效""}",B
Multi-hop ACL,566,20616,3_hop,,"已知规则：D > Y，Star > Sun，Sun > D。
玩家A打出了【Star】。玩家B手里有【Y】。
根据传递性规则，玩家B能管住玩家A吗？","{""A"": ""能"", ""B"": ""不能"", ""C"": ""无法确定"", ""D"": ""规则无效""}",B
Multi-hop ACL,567,30859,3_hop,,"已知规则：Star > E，E > B，B > C。
玩家A打出了【C】。玩家B手里有【Star】。
根据传递性规则，玩家B能管住玩家A吗？","{""A"": ""能"", ""B"": ""不能"", ""C"": ""无法确定"", ""D"": ""规则无效""}",A
Multi-hop ACL,568,54975,3_hop,,"已知规则：Star > Moon，D > Star，B > D。
玩家A打出了【Moon】。玩家B手里有【B】。
根据传递性规则，玩家B能管住玩家A吗？","{""A"": ""能"", ""B"": ""不能"", ""C"": ""无法确定"", ""D"": ""规则无效""}",A
Multi-hop ACL,569,12958,3_hop,,"已知规则：Moon > D，D > H，G > Moon。
玩家A打出了【G】。玩家B手里有【H】。
根据传递性规则，玩家B能管住玩家A吗？","{""A"": ""能"", ""B"": ""不能"", ""C"": ""无法确定"", ""D"": ""规则无效""}",B
Multi-hop ACL,570,60635,3_hop,,"已知规则：Star > Z，Z > F，F > Y。
玩家A打出了【Y】。玩家B手里有【Star】。
根据传递性规则，玩家B能管住玩家A吗？","{""A"": ""能"", ""B"": ""不能"", ""C"": ""无法确定"", ""D"": ""规则无效""}",A
Multi-hop ACL,571,13678,3_hop,,"已知规则：Y > H，H > Z，D > Y。
玩家A打出了【Z】。玩家B手里有【D】。
根据传递性规则，玩家B能管住玩家A吗？","{""A"": ""能"", ""B"": ""不能"", ""C"": ""无法确定"", ""D"": ""规则无效""}",A
Multi-hop ACL,572,41071,3_hop,,"已知规则：A > B，B > Sun，E > A。
玩家A打出了【Sun】。玩家B手里有【E】。
根据传递性规则，玩家B能管住玩家A吗？","{""A"": ""能"", ""B"": ""不能"", ""C"": ""无法确定"", ""D"": ""规则无效""}",A
Multi-hop ACL,573,79786,3_hop,,"已知规则：F > D，H > C，D > H。
玩家A打出了【C】。玩家B手里有【F】。
根据传递性规则，玩家B能管住玩家A吗？","{""A"": ""能"", ""B"": ""不能"", ""C"": ""无法确定"", ""D"": ""规则无效""}",A
Multi-hop ACL,574,15119,3_hop,,"已知规则：Z > E，Sun > A，A > Z。
玩家A打出了【E】。玩家B手里有【Sun】。
根据传递性规则，玩家B能管住玩家A吗？","{""A"": ""能"", ""B"": ""不能"", ""C"": ""无法确定"", ""D"": ""规则无效""}",A
Multi-hop ACL,575,92697,3_hop,,"已知规则：E > X，X > F，B > E。
玩家A打出了【F】。玩家B手里有【B】。
根据传递性规则，玩家B能管住玩家A吗？","{""A"": ""能"", ""B"": ""不能"", ""C"": ""无法确定"", ""D"": ""规则无效""}",A
Multi-hop ACL,576,75053,3_hop,,"已知规则：H > A，F > Z，Z > H。
玩家A打出了【A】。玩家B手里有【F】。
根据传递性规则，玩家B能管住玩家A吗？","{""A"": ""能"", ""B"": ""不能"", ""C"": ""无法确定"", ""D"": ""规则无效""}",A
Multi-hop ACL,577,13981,3_hop,,"已知规则：A > D，Sun > A，Star > Sun。
玩家A打出了【D】。玩家B手里有【Star】。
根据传递性规则，玩家B能管住玩家A吗？","{""A"": ""能"", ""B"": ""不能"", ""C"": ""无法确定"", ""D"": ""规则无效""}",A
Multi-hop ACL,578,88098,3_hop,,"已知规则：Star > A，A > H，H > X。
玩家A打出了【Star】。玩家B手里有【X】。
根据传递性规则，玩家B能管住玩家A吗？","{""A"": ""能"", ""B"": ""不能"", ""C"": ""无法确定"", ""D"": ""规则无效""}",B
Multi-hop ACL,579,54246,3_hop,,"已知规则：C > E，A > X，E > A。
玩家A打出了【X】。玩家B手里有【C】。
根据传递性规则，玩家B能管住玩家A吗？","{""A"": ""能"", ""B"": ""不能"", ""C"": ""无法确定"", ""D"": ""规则无效""}",A
Multi-hop ACL,580,81128,3_hop,,"已知规则：X > H，H > Moon，Moon > C。
玩家A打出了【X】。玩家B手里有【C】。
根据传递性规则，玩家B能管住玩家A吗？","{""A"": ""能"", ""B"": ""不能"", ""C"": ""无法确定"", ""D"": ""规则无效""}",B
Multi-hop ACL,581,88760,3_hop,,"已知规则：F > H，Star > F，H > G。
玩家A打出了【Star】。玩家B手里有【G】。
根据传递性规则，玩家B能管住玩家A吗？","{""A"": ""能"", ""B"": ""不能"", ""C"": ""无法确定"", ""D"": ""规则无效""}",B
Multi-hop ACL,582,48472,3_hop,,"已知规则：D > A，Z > G，G > D。
玩家A打出了【Z】。玩家B手里有【A】。
根据传递性规则，玩家B能管住玩家A吗？","{""A"": ""能"", ""B"": ""不能"", ""C"": ""无法确定"", ""D"": ""规则无效""}",B
Multi-hop ACL,583,14884,3_hop,,"已知规则：F > B，D > F，B > H。
玩家A打出了【H】。玩家B手里有【D】。
根据传递性规则，玩家B能管住玩家A吗？","{""A"": ""能"", ""B"": ""不能"", ""C"": ""无法确定"", ""D"": ""规则无效""}",A
Multi-hop ACL,584,93802,3_hop,,"已知规则：Y > H，H > Star，Star > Sun。
玩家A打出了【Y】。玩家B手里有【Sun】。
根据传递性规则，玩家B能管住玩家A吗？","{""A"": ""能"", ""B"": ""不能"", ""C"": ""无法确定"", ""D"": ""规则无效""}",B
Multi-hop ACL,585,72470,3_hop,,"已知规则：Sun > H，H > F，F > Y。
玩家A打出了【Y】。玩家B手里有【Sun】。
根据传递性规则，玩家B能管住玩家A吗？","{""A"": ""能"", ""B"": ""不能"", ""C"": ""无法确定"", ""D"": ""规则无效""}",A
Multi-hop ACL,586,20477,3_hop,,"已知规则：G > E，B > Star，Star > G。
玩家A打出了【E】。玩家B手里有【B】。
根据传递性规则，玩家B能管住玩家A吗？","{""A"": ""能"", ""B"": ""不能"", ""C"": ""无法确定"", ""D"": ""规则无效""}",A
Multi-hop ACL,587,92792,3_hop,,"已知规则：G > Star，C > G，Star > X。
玩家A打出了【C】。玩家B手里有【X】。
根据传递性规则，玩家B能管住玩家A吗？","{""A"": ""能"", ""B"": ""不能"", ""C"": ""无法确定"", ""D"": ""规则无效""}",B
Multi-hop ACL,588,27491,3_hop,,"已知规则：Sun > B，E > Sun，H > E。
玩家A打出了【B】。玩家B手里有【H】。
根据传递性规则，玩家B能管住玩家A吗？","{""A"": ""能"", ""B"": ""不能"", ""C"": ""无法确定"", ""D"": ""规则无效""}",A
Multi-hop ACL,589,71534,3_hop,,"已知规则：Star > C，C > Z，Z > G。
玩家A打出了【Star】。玩家B手里有【G】。
根据传递性规则，玩家B能管住玩家A吗？","{""A"": ""能"", ""B"": ""不能"", ""C"": ""无法确定"", ""D"": ""规则无效""}",B
Multi-hop ACL,590,16626,3_hop,,"已知规则：B > Sun，Y > B，Sun > G。
玩家A打出了【G】。玩家B手里有【Y】。
根据传递性规则，玩家B能管住玩家A吗？","{""A"": ""能"", ""B"": ""不能"", ""C"": ""无法确定"", ""D"": ""规则无效""}",A
Multi-hop ACL,591,55027,3_hop,,"已知规则：Star > A，A > F，D > Star。
玩家A打出了【D】。玩家B手里有【F】。
根据传递性规则，玩家B能管住玩家A吗？","{""A"": ""能"", ""B"": ""不能"", ""C"": ""无法确定"", ""D"": ""规则无效""}",B
Multi-hop ACL,592,48967,3_hop,,"已知规则：G > X，Star > A，X > Star。
玩家A打出了【A】。玩家B手里有【G】。
根据传递性规则，玩家B能管住玩家A吗？","{""A"": ""能"", ""B"": ""不能"", ""C"": ""无法确定"", ""D"": ""规则无效""}",A
Multi-hop ACL,593,22205,3_hop,,"已知规则：Star > C，F > Star，C > D。
玩家A打出了【D】。玩家B手里有【F】。
根据传递性规则，玩家B能管住玩家A吗？","{""A"": ""能"", ""B"": ""不能"", ""C"": ""无法确定"", ""D"": ""规则无效""}",A
Multi-hop ACL,594,62147,3_hop,,"已知规则：Star > B，H > Star，B > G。
玩家A打出了【G】。玩家B手里有【H】。
根据传递性规则，玩家B能管住玩家A吗？","{""A"": ""能"", ""B"": ""不能"", ""C"": ""无法确定"", ""D"": ""规则无效""}",A
Multi-hop ACL,595,20791,3_hop,,"已知规则：Sun > A，C > Star，Star > Sun。
玩家A打出了【C】。玩家B手里有【A】。
根据传递性规则，玩家B能管住玩家A吗？","{""A"": ""能"", ""B"": ""不能"", ""C"": ""无法确定"", ""D"": ""规则无效""}",B
Multi-hop ACL,596,33657,3_hop,,"已知规则：C > D，Star > C，D > X。
玩家A打出了【X】。玩家B手里有【Star】。
根据传递性规则，玩家B能管住玩家A吗？","{""A"": ""能"", ""B"": ""不能"", ""C"": ""无法确定"", ""D"": ""规则无效""}",A
Multi-hop ACL,597,94731,3_hop,,"已知规则：A > E，C > Sun，Sun > A。
玩家A打出了【E】。玩家B手里有【C】。
根据传递性规则，玩家B能管住玩家A吗？","{""A"": ""能"", ""B"": ""不能"", ""C"": ""无法确定"", ""D"": ""规则无效""}",A
Multi-hop ACL,598,50622,3_hop,,"已知规则：X > D，C > X，D > F。
玩家A打出了【F】。玩家B手里有【C】。
根据传递性规则，玩家B能管住玩家A吗？","{""A"": ""能"", ""B"": ""不能"", ""C"": ""无法确定"", ""D"": ""规则无效""}",A
Multi-hop ACL,599,83970,3_hop,,"已知规则：X > H，H > F，E > X。
玩家A打出了【E】。玩家B手里有【F】。
根据传递性规则，玩家B能管住玩家A吗？","{""A"": ""能"", ""B"": ""不能"", ""C"": ""无法确定"", ""D"": ""规则无效""}",B
Multi-hop ACL,600,84046,3_hop,,"已知规则：D > Z，Z > H，C > D。
玩家A打出了【C】。玩家B手里有【H】。
根据传递性规则，玩家B能管住玩家A吗？","{""A"": ""能"", ""B"": ""不能"", ""C"": ""无法确定"", ""D"": ""规则无效""}",B
Anomaly Bench,1,intruder_89743,intruder_detection,,"Identify the group of cards that does not fit the 'Trios' (three of a kind) pattern.
Sequence: 7, 7, 7 | 8, 8, 8 | 9, 9 | 10, 10, 10
Question: Which group is the intruder?","{""A"": ""10, 10, 10"", ""B"": ""8, 8, 8"", ""C"": ""9, 9"", ""D"": ""7, 7, 7""}",C
Anomaly Bench,2,straight_25558,broken_straight,,"Identify the anomaly (the card that does not fit the pattern) in the sequence.
Sequence: 8, 9, 2, J, Q
Question: Which card is the anomaly?","{""A"": ""2"", ""B"": ""9"", ""C"": ""Q"", ""D"": ""8""}",A
Anomaly Bench,3,pair_80672,broken_pair,,"The sequence is composed of pairs. Find the card that breaks the pair pattern.
Sequence: 8, 8, 9, 2, 10, 10, J, J
Question: Which card is the anomaly?","{""A"": ""J"", ""B"": ""2"", ""C"": ""8"", ""D"": ""10""}",B
Anomaly Bench,4,intruder_23929,intruder_detection,,"Identify the group of cards that does not fit the 'Trios' (three of a kind) pattern.
Sequence: 4, 4, 4 | 5, 5 | 6, 6, 6 | 7, 7, 7
Question: Which group is the intruder?","{""A"": ""5, 5"", ""B"": ""6, 6, 6"", ""C"": ""4, 4, 4"", ""D"": ""7, 7, 7""}",A
Anomaly Bench,5,intruder_28484,intruder_detection,,"Identify the group of cards that does not fit the 'Trios' (three of a kind) pattern.
Sequence: 8, 8, 8 | 9, 9 | 10, 10, 10 | J, J, J
Question: Which group is the intruder?","{""A"": ""9, 9"", ""B"": ""J, J, J"", ""C"": ""10, 10, 10"", ""D"": ""8, 8, 8""}",A
Anomaly Bench,6,intruder_47840,intruder_detection,,"Identify the group of cards that does not fit the 'Trios' (three of a kind) pattern.
Sequence: 8, 8, 8 | 9, 9, 9 | 10, 10 | J, J, J
Question: Which group is the intruder?","{""A"": ""10, 10"", ""B"": ""9, 9, 9"", ""C"": ""J, J, J"", ""D"": ""8, 8, 8""}",A
Anomaly Bench,7,intruder_82341,intruder_detection,,"Identify the group of cards that does not fit the 'Trios' (three of a kind) pattern.
Sequence: 8, 8, 8 | 9, 9, 9 | 10, 10 | J, J, J
Question: Which group is the intruder?","{""A"": ""9, 9, 9"", ""B"": ""10, 10"", ""C"": ""J, J, J"", ""D"": ""8, 8, 8""}",B
Anomaly Bench,8,pair_13432,broken_pair,,"The sequence is composed of pairs. Find the card that breaks the pair pattern.
Sequence: 7, 7, 8, 8, 9, J, 10, 10
Question: Which card is the anomaly?","{""A"": ""7"", ""B"": ""8"", ""C"": ""J"", ""D"": ""9""}",C
Anomaly Bench,9,straight_16008,broken_straight,,"Identify the anomaly (the card that does not fit the pattern) in the sequence.
Sequence: 8, 9, 10, 3, Q
Question: Which card is the anomaly?","{""A"": ""Q"", ""B"": ""3"", ""C"": ""8"", ""D"": ""10""}",B
Anomaly Bench,10,intruder_81073,intruder_detection,,"Identify the group of cards that does not fit the 'Trios' (three of a kind) pattern.
Sequence: 6, 6, 6 | 7, 7 | 8, 8, 8 | 9, 9, 9
Question: Which group is the intruder?","{""A"": ""6, 6, 6"", ""B"": ""8, 8, 8"", ""C"": ""9, 9, 9"", ""D"": ""7, 7""}",D
Anomaly Bench,11,intruder_38731,intruder_detection,,"Identify the group of cards that does not fit the 'Trios' (three of a kind) pattern.
Sequence: 6, 6, 6 | 7, 7, 7 | 8, 8 | 9, 9, 9
Question: Which group is the intruder?","{""A"": ""9, 9, 9"", ""B"": ""7, 7, 7"", ""C"": ""6, 6, 6"", ""D"": ""8, 8""}",D
Anomaly Bench,12,straight_57725,broken_straight,,"Identify the anomaly (the card that does not fit the pattern) in the sequence.
Sequence: 7, 8, 6, 10, J
Question: Which card is the anomaly?","{""A"": ""7"", ""B"": ""8"", ""C"": ""10"", ""D"": ""6""}",D
Anomaly Bench,13,pair_33967,broken_pair,,"The sequence is composed of pairs. Find the card that breaks the pair pattern.
Sequence: 4, 4, 5, 2, 6, 6, 7, 7
Question: Which card is the anomaly?","{""A"": ""4"", ""B"": ""5"", ""C"": ""6"", ""D"": ""2""}",D
Anomaly Bench,14,pair_14222,broken_pair,,"The sequence is composed of pairs. Find the card that breaks the pair pattern.
Sequence: 5, 5, 6, 6, 7, 9, 8, 8
Question: Which card is the anomaly?","{""A"": ""5"", ""B"": ""8"", ""C"": ""9"", ""D"": ""6""}",C
Anomaly Bench,15,straight_68805,broken_straight,,"Identify the anomaly (the card that does not fit the pattern) in the sequence.
Sequence: 8, 9, 10, 2, Q
Question: Which card is the anomaly?","{""A"": ""2"", ""B"": ""Q"", ""C"": ""10"", ""D"": ""9""}",A
Anomaly Bench,16,intruder_10629,intruder_detection,,"Identify the group of cards that does not fit the 'Trios' (three of a kind) pattern.
Sequence: 3, 3, 3 | 4, 4 | 5, 5, 5 | 6, 6, 6
Question: Which group is the intruder?","{""A"": ""4, 4"", ""B"": ""6, 6, 6"", ""C"": ""3, 3, 3"", ""D"": ""5, 5, 5""}",A
Anomaly Bench,17,intruder_42690,intruder_detection,,"Identify the group of cards that does not fit the 'Trios' (three of a kind) pattern.
Sequence: 4, 4, 4 | 5, 5, 5 | 6, 6 | 7, 7, 7
Question: Which group is the intruder?","{""A"": ""7, 7, 7"", ""B"": ""5, 5, 5"", ""C"": ""6, 6"", ""D"": ""4, 4, 4""}",C
Anomaly Bench,18,straight_68544,broken_straight,,"Identify the anomaly (the card that does not fit the pattern) in the sequence.
Sequence: 9, 10, 4, Q, K
Question: Which card is the anomaly?","{""A"": ""K"", ""B"": ""4"", ""C"": ""Q"", ""D"": ""10""}",B
Anomaly Bench,19,pair_15551,broken_pair,,"The sequence is composed of pairs. Find the card that breaks the pair pattern.
Sequence: 3, 3, 4, 4, 5, 9, 6, 6
Question: Which card is the anomaly?","{""A"": ""9"", ""B"": ""5"", ""C"": ""4"", ""D"": ""3""}",A
Anomaly Bench,20,pair_97988,broken_pair,,"The sequence is composed of pairs. Find the card that breaks the pair pattern.
Sequence: 5, 5, 6, 6, 7, 9, 8, 8
Question: Which card is the anomaly?","{""A"": ""7"", ""B"": ""6"", ""C"": ""9"", ""D"": ""8""}",C
Anomaly Bench,21,straight_84334,broken_straight,,"Identify the anomaly (the card that does not fit the pattern) in the sequence.
Sequence: 5, J, 7, 8, 9
Question: Which card is the anomaly?","{""A"": ""5"", ""B"": ""J"", ""C"": ""7"", ""D"": ""8""}",B
Anomaly Bench,22,pair_10624,broken_pair,,"The sequence is composed of pairs. Find the card that breaks the pair pattern.
Sequence: 3, 3, 4, 9, 5, 5, 6, 6
Question: Which card is the anomaly?","{""A"": ""5"", ""B"": ""4"", ""C"": ""9"", ""D"": ""3""}",C
Anomaly Bench,23,pair_69405,broken_pair,,"The sequence is composed of pairs. Find the card that breaks the pair pattern.
Sequence: 6, 6, 7, A, 8, 8, 9, 9
Question: Which card is the anomaly?","{""A"": ""7"", ""B"": ""6"", ""C"": ""9"", ""D"": ""A""}",D
Anomaly Bench,24,pair_39586,broken_pair,,"The sequence is composed of pairs. Find the card that breaks the pair pattern.
Sequence: 7, 7, 8, 2, 9, 9, 10, 10
Question: Which card is the anomaly?","{""A"": ""2"", ""B"": ""8"", ""C"": ""7"", ""D"": ""9""}",A
Anomaly Bench,25,intruder_40029,intruder_detection,,"Identify the group of cards that does not fit the 'Trios' (three of a kind) pattern.
Sequence: 5, 5, 5 | 6, 6, 6 | 7, 7 | 8, 8, 8
Question: Which group is the intruder?","{""A"": ""8, 8, 8"", ""B"": ""5, 5, 5"", ""C"": ""6, 6, 6"", ""D"": ""7, 7""}",D
Anomaly Bench,26,straight_49210,broken_straight,,"Identify the anomaly (the card that does not fit the pattern) in the sequence.
Sequence: 9, 10, 5, Q, K
Question: Which card is the anomaly?","{""A"": ""9"", ""B"": ""Q"", ""C"": ""5"", ""D"": ""10""}",C
Anomaly Bench,27,pair_78660,broken_pair,,"The sequence is composed of pairs. Find the card that breaks the pair pattern.
Sequence: 9, 9, 10, 10, J, 3, Q, Q
Question: Which card is the anomaly?","{""A"": ""3"", ""B"": ""J"", ""C"": ""Q"", ""D"": ""9""}",A
Anomaly Bench,28,straight_89888,broken_straight,,"Identify the anomaly (the card that does not fit the pattern) in the sequence.
Sequence: 3, 2, 5, 6, 7
Question: Which card is the anomaly?","{""A"": ""3"", ""B"": ""6"", ""C"": ""5"", ""D"": ""2""}",D
Anomaly Bench,29,intruder_14012,intruder_detection,,"Identify the group of cards that does not fit the 'Trios' (three of a kind) pattern.
Sequence: 8, 8, 8 | 9, 9 | 10, 10, 10 | J, J, J
Question: Which group is the intruder?","{""A"": ""J, J, J"", ""B"": ""10, 10, 10"", ""C"": ""9, 9"", ""D"": ""8, 8, 8""}",C
Anomaly Bench,30,intruder_62885,intruder_detection,,"Identify the group of cards that does not fit the 'Trios' (three of a kind) pattern.
Sequence: 5, 5, 5 | 6, 6, 6 | 7, 7 | 8, 8, 8
Question: Which group is the intruder?","{""A"": ""7, 7"", ""B"": ""8, 8, 8"", ""C"": ""6, 6, 6"", ""D"": ""5, 5, 5""}",A
Anomaly Bench,31,pair_21462,broken_pair,,"The sequence is composed of pairs. Find the card that breaks the pair pattern.
Sequence: 5, 5, 6, 6, 7, 10, 8, 8
Question: Which card is the anomaly?","{""A"": ""6"", ""B"": ""8"", ""C"": ""10"", ""D"": ""7""}",C
Anomaly Bench,32,straight_28071,broken_straight,,"Identify the anomaly (the card that does not fit the pattern) in the sequence.
Sequence: 7, 8, 9, 6, J
Question: Which card is the anomaly?","{""A"": ""6"", ""B"": ""9"", ""C"": ""J"", ""D"": ""8""}",A
Anomaly Bench,33,intruder_85213,intruder_detection,,"Identify the group of cards that does not fit the 'Trios' (three of a kind) pattern.
Sequence: 4, 4, 4 | 5, 5 | 6, 6, 6 | 7, 7, 7
Question: Which group is the intruder?","{""A"": ""6, 6, 6"", ""B"": ""5, 5"", ""C"": ""4, 4, 4"", ""D"": ""7, 7, 7""}",B
Anomaly Bench,34,pair_49864,broken_pair,,"The sequence is composed of pairs. Find the card that breaks the pair pattern.
Sequence: 9, 9, 10, 10, J, 5, Q, Q
Question: Which card is the anomaly?","{""A"": ""J"", ""B"": ""10"", ""C"": ""5"", ""D"": ""Q""}",C
Anomaly Bench,35,straight_85198,broken_straight,,"Identify the anomaly (the card that does not fit the pattern) in the sequence.
Sequence: 5, 6, 7, A, 9
Question: Which card is the anomaly?","{""A"": ""5"", ""B"": ""7"", ""C"": ""A"", ""D"": ""6""}",C
Anomaly Bench,36,straight_99358,broken_straight,,"Identify the anomaly (the card that does not fit the pattern) in the sequence.
Sequence: 9, 10, 6, Q, K
Question: Which card is the anomaly?","{""A"": ""10"", ""B"": ""6"", ""C"": ""K"", ""D"": ""Q""}",B
Anomaly Bench,37,intruder_15858,intruder_detection,,"Identify the group of cards that does not fit the 'Trios' (three of a kind) pattern.
Sequence: 4, 4, 4 | 5, 5, 5 | 6, 6 | 7, 7, 7
Question: Which group is the intruder?","{""A"": ""6, 6"", ""B"": ""5, 5, 5"", ""C"": ""7, 7, 7"", ""D"": ""4, 4, 4""}",A
Anomaly Bench,38,intruder_83625,intruder_detection,,"Identify the group of cards that does not fit the 'Trios' (three of a kind) pattern.
Sequence: 3, 3, 3 | 4, 4 | 5, 5, 5 | 6, 6, 6
Question: Which group is the intruder?","{""A"": ""4, 4"", ""B"": ""5, 5, 5"", ""C"": ""3, 3, 3"", ""D"": ""6, 6, 6""}",A
Anomaly Bench,39,straight_47242,broken_straight,,"Identify the anomaly (the card that does not fit the pattern) in the sequence.
Sequence: 3, 4, 10, 6, 7
Question: Which card is the anomaly?","{""A"": ""3"", ""B"": ""6"", ""C"": ""7"", ""D"": ""10""}",D
Anomaly Bench,40,pair_80321,broken_pair,,"The sequence is composed of pairs. Find the card that breaks the pair pattern.
Sequence: 8, 8, 9, 9, 10, 4, J, J
Question: Which card is the anomaly?","{""A"": ""J"", ""B"": ""9"", ""C"": ""4"", ""D"": ""10""}",C
Anomaly Bench,41,pair_33454,broken_pair,,"The sequence is composed of pairs. Find the card that breaks the pair pattern.
Sequence: 7, 7, 8, K, 9, 9, 10, 10
Question: Which card is the anomaly?","{""A"": ""K"", ""B"": ""7"", ""C"": ""8"", ""D"": ""9""}",A
Anomaly Bench,42,pair_38299,broken_pair,,"The sequence is composed of pairs. Find the card that breaks the pair pattern.
Sequence: 3, 3, 4, 4, 5, 7, 6, 6
Question: Which card is the anomaly?","{""A"": ""4"", ""B"": ""7"", ""C"": ""6"", ""D"": ""5""}",B
Anomaly Bench,43,straight_48757,broken_straight,,"Identify the anomaly (the card that does not fit the pattern) in the sequence.
Sequence: 6, 3, 8, 9, 10
Question: Which card is the anomaly?","{""A"": ""8"", ""B"": ""3"", ""C"": ""10"", ""D"": ""6""}",B
Anomaly Bench,44,straight_60437,broken_straight,,"Identify the anomaly (the card that does not fit the pattern) in the sequence.
Sequence: 4, 5, 6, 9, 8
Question: Which card is the anomaly?","{""A"": ""5"", ""B"": ""6"", ""C"": ""8"", ""D"": ""9""}",D
Anomaly Bench,45,intruder_71487,intruder_detection,,"Identify the group of cards that does not fit the 'Trios' (three of a kind) pattern.
Sequence: 7, 7, 7 | 8, 8 | 9, 9, 9 | 10, 10, 10
Question: Which group is the intruder?","{""A"": ""9, 9, 9"", ""B"": ""7, 7, 7"", ""C"": ""10, 10, 10"", ""D"": ""8, 8""}",D
Anomaly Bench,46,intruder_62156,intruder_detection,,"Identify the group of cards that does not fit the 'Trios' (three of a kind) pattern.
Sequence: 5, 5, 5 | 6, 6, 6 | 7, 7 | 8, 8, 8
Question: Which group is the intruder?","{""A"": ""8, 8, 8"", ""B"": ""5, 5, 5"", ""C"": ""7, 7"", ""D"": ""6, 6, 6""}",C
Anomaly Bench,47,pair_96214,broken_pair,,"The sequence is composed of pairs. Find the card that breaks the pair pattern.
Sequence: 7, 7, 8, 8, 9, K, 10, 10
Question: Which card is the anomaly?","{""A"": ""K"", ""B"": ""9"", ""C"": ""10"", ""D"": ""8""}",A
Anomaly Bench,48,pair_42740,broken_pair,,"The sequence is composed of pairs. Find the card that breaks the pair pattern.
Sequence: 6, 6, 7, 7, 8, J, 9, 9
Question: Which card is the anomaly?","{""A"": ""J"", ""B"": ""8"", ""C"": ""9"", ""D"": ""6""}",A
Anomaly Bench,49,intruder_78368,intruder_detection,,"Identify the group of cards that does not fit the 'Trios' (three of a kind) pattern.
Sequence: 6, 6, 6 | 7, 7 | 8, 8, 8 | 9, 9, 9
Question: Which group is the intruder?","{""A"": ""8, 8, 8"", ""B"": ""6, 6, 6"", ""C"": ""9, 9, 9"", ""D"": ""7, 7""}",D
Anomaly Bench,50,straight_11717,broken_straight,,"Identify the anomaly (the card that does not fit the pattern) in the sequence.
Sequence: 7, 8, 9, 6, J
Question: Which card is the anomaly?","{""A"": ""9"", ""B"": ""8"", ""C"": ""7"", ""D"": ""6""}",D
Anomaly Bench,51,intruder_24318,intruder_detection,,"Identify the group of cards that does not fit the 'Trios' (three of a kind) pattern.
Sequence: 7, 7, 7 | 8, 8 | 9, 9, 9 | 10, 10, 10
Question: Which group is the intruder?","{""A"": ""9, 9, 9"", ""B"": ""8, 8"", ""C"": ""10, 10, 10"", ""D"": ""7, 7, 7""}",B
Anomaly Bench,52,pair_11824,broken_pair,,"The sequence is composed of pairs. Find the card that breaks the pair pattern.
Sequence: 5, 5, 6, 6, 7, 3, 8, 8
Question: Which card is the anomaly?","{""A"": ""3"", ""B"": ""6"", ""C"": ""5"", ""D"": ""8""}",A
Anomaly Bench,53,pair_90341,broken_pair,,"The sequence is composed of pairs. Find the card that breaks the pair pattern.
Sequence: 8, 8, 9, 9, 10, 5, J, J
Question: Which card is the anomaly?","{""A"": ""9"", ""B"": ""10"", ""C"": ""5"", ""D"": ""J""}",C
Anomaly Bench,54,straight_30397,broken_straight,,"Identify the anomaly (the card that does not fit the pattern) in the sequence.
Sequence: 8, 9, 10, 5, Q
Question: Which card is the anomaly?","{""A"": ""8"", ""B"": ""5"", ""C"": ""Q"", ""D"": ""9""}",B
Anomaly Bench,55,intruder_20708,intruder_detection,,"Identify the group of cards that does not fit the 'Trios' (three of a kind) pattern.
Sequence: 5, 5, 5 | 6, 6, 6 | 7, 7 | 8, 8, 8
Question: Which group is the intruder?","{""A"": ""5, 5, 5"", ""B"": ""6, 6, 6"", ""C"": ""8, 8, 8"", ""D"": ""7, 7""}",D
Anomaly Bench,56,intruder_65329,intruder_detection,,"Identify the group of cards that does not fit the 'Trios' (three of a kind) pattern.
Sequence: 8, 8, 8 | 9, 9, 9 | 10, 10 | J, J, J
Question: Which group is the intruder?","{""A"": ""10, 10"", ""B"": ""9, 9, 9"", ""C"": ""J, J, J"", ""D"": ""8, 8, 8""}",A
Anomaly Bench,57,straight_95137,broken_straight,,"Identify the anomaly (the card that does not fit the pattern) in the sequence.
Sequence: 5, 6, 7, 4, 9
Question: Which card is the anomaly?","{""A"": ""7"", ""B"": ""4"", ""C"": ""6"", ""D"": ""5""}",B
Anomaly Bench,58,pair_46185,broken_pair,,"The sequence is composed of pairs. Find the card that breaks the pair pattern.
Sequence: 8, 8, 9, 9, 10, 2, J, J
Question: Which card is the anomaly?","{""A"": ""10"", ""B"": ""9"", ""C"": ""2"", ""D"": ""8""}",C
Anomaly Bench,59,pair_72914,broken_pair,,"The sequence is composed of pairs. Find the card that breaks the pair pattern.
Sequence: 8, 8, 9, 2, 10, 10, J, J
Question: Which card is the anomaly?","{""A"": ""2"", ""B"": ""10"", ""C"": ""9"", ""D"": ""J""}",A
Anomaly Bench,60,intruder_94561,intruder_detection,,"Identify the group of cards that does not fit the 'Trios' (three of a kind) pattern.
Sequence: 7, 7, 7 | 8, 8 | 9, 9, 9 | 10, 10, 10
Question: Which group is the intruder?","{""A"": ""10, 10, 10"", ""B"": ""9, 9, 9"", ""C"": ""8, 8"", ""D"": ""7, 7, 7""}",C
Anomaly Bench,61,pair_69540,broken_pair,,"The sequence is composed of pairs. Find the card that breaks the pair pattern.
Sequence: 4, 4, 5, 9, 6, 6, 7, 7
Question: Which card is the anomaly?","{""A"": ""7"", ""B"": ""4"", ""C"": ""9"", ""D"": ""6""}",C
Anomaly Bench,62,intruder_19035,intruder_detection,,"Identify the group of cards that does not fit the 'Trios' (three of a kind) pattern.
Sequence: 4, 4, 4 | 5, 5, 5 | 6, 6 | 7, 7, 7
Question: Which group is the intruder?","{""A"": ""5, 5, 5"", ""B"": ""7, 7, 7"", ""C"": ""6, 6"", ""D"": ""4, 4, 4""}",C
Anomaly Bench,63,pair_60089,broken_pair,,"The sequence is composed of pairs. Find the card that breaks the pair pattern.
Sequence: 6, 6, 7, J, 8, 8, 9, 9
Question: Which card is the anomaly?","{""A"": ""8"", ""B"": ""6"", ""C"": ""7"", ""D"": ""J""}",D
Anomaly Bench,64,intruder_30999,intruder_detection,,"Identify the group of cards that does not fit the 'Trios' (three of a kind) pattern.
Sequence: 5, 5, 5 | 6, 6 | 7, 7, 7 | 8, 8, 8
Question: Which group is the intruder?","{""A"": ""7, 7, 7"", ""B"": ""5, 5, 5"", ""C"": ""6, 6"", ""D"": ""8, 8, 8""}",C
Anomaly Bench,65,pair_57525,broken_pair,,"The sequence is composed of pairs. Find the card that breaks the pair pattern.
Sequence: 5, 5, 6, 6, 7, 4, 8, 8
Question: Which card is the anomaly?","{""A"": ""4"", ""B"": ""6"", ""C"": ""5"", ""D"": ""8""}",A
Anomaly Bench,66,pair_98050,broken_pair,,"The sequence is composed of pairs. Find the card that breaks the pair pattern.
Sequence: 3, 3, 4, 4, 5, J, 6, 6
Question: Which card is the anomaly?","{""A"": ""5"", ""B"": ""4"", ""C"": ""3"", ""D"": ""J""}",D
Anomaly Bench,67,pair_43571,broken_pair,,"The sequence is composed of pairs. Find the card that breaks the pair pattern.
Sequence: 5, 5, 6, 3, 7, 7, 8, 8
Question: Which card is the anomaly?","{""A"": ""3"", ""B"": ""6"", ""C"": ""5"", ""D"": ""7""}",A
Anomaly Bench,68,straight_37606,broken_straight,,"Identify the anomaly (the card that does not fit the pattern) in the sequence.
Sequence: 9, 10, A, Q, K
Question: Which card is the anomaly?","{""A"": ""10"", ""B"": ""9"", ""C"": ""Q"", ""D"": ""A""}",D
Anomaly Bench,69,pair_91197,broken_pair,,"The sequence is composed of pairs. Find the card that breaks the pair pattern.
Sequence: 4, 4, 5, Q, 6, 6, 7, 7
Question: Which card is the anomaly?","{""A"": ""4"", ""B"": ""6"", ""C"": ""7"", ""D"": ""Q""}",D
Anomaly Bench,70,straight_44264,broken_straight,,"Identify the anomaly (the card that does not fit the pattern) in the sequence.
Sequence: 3, 4, 5, Q, 7
Question: Which card is the anomaly?","{""A"": ""Q"", ""B"": ""4"", ""C"": ""7"", ""D"": ""5""}",A
Anomaly Bench,71,straight_48422,broken_straight,,"Identify the anomaly (the card that does not fit the pattern) in the sequence.
Sequence: 8, 7, 10, J, Q
Question: Which card is the anomaly?","{""A"": ""Q"", ""B"": ""7"", ""C"": ""10"", ""D"": ""J""}",B
Anomaly Bench,72,intruder_15751,intruder_detection,,"Identify the group of cards that does not fit the 'Trios' (three of a kind) pattern.
Sequence: 7, 7, 7 | 8, 8 | 9, 9, 9 | 10, 10, 10
Question: Which group is the intruder?","{""A"": ""10, 10, 10"", ""B"": ""9, 9, 9"", ""C"": ""8, 8"", ""D"": ""7, 7, 7""}",C
Anomaly Bench,73,intruder_43794,intruder_detection,,"Identify the group of cards that does not fit the 'Trios' (three of a kind) pattern.
Sequence: 4, 4, 4 | 5, 5, 5 | 6, 6 | 7, 7, 7
Question: Which group is the intruder?","{""A"": ""7, 7, 7"", ""B"": ""5, 5, 5"", ""C"": ""4, 4, 4"", ""D"": ""6, 6""}",D
Anomaly Bench,74,pair_82982,broken_pair,,"The sequence is composed of pairs. Find the card that breaks the pair pattern.
Sequence: 3, 3, 4, 4, 5, K, 6, 6
Question: Which card is the anomaly?","{""A"": ""4"", ""B"": ""6"", ""C"": ""5"", ""D"": ""K""}",D
Anomaly Bench,75,intruder_64710,intruder_detection,,"Identify the group of cards that does not fit the 'Trios' (three of a kind) pattern.
Sequence: 5, 5, 5 | 6, 6 | 7, 7, 7 | 8, 8, 8
Question: Which group is the intruder?","{""A"": ""8, 8, 8"", ""B"": ""6, 6"", ""C"": ""5, 5, 5"", ""D"": ""7, 7, 7""}",B
Anomaly Bench,76,straight_73010,broken_straight,,"Identify the anomaly (the card that does not fit the pattern) in the sequence.
Sequence: 6, 7, 5, 9, 10
Question: Which card is the anomaly?","{""A"": ""5"", ""B"": ""6"", ""C"": ""9"", ""D"": ""7""}",A
Anomaly Bench,77,pair_48725,broken_pair,,"The sequence is composed of pairs. Find the card that breaks the pair pattern.
Sequence: 3, 3, 4, 9, 5, 5, 6, 6
Question: Which card is the anomaly?","{""A"": ""6"", ""B"": ""5"", ""C"": ""4"", ""D"": ""9""}",D
Anomaly Bench,78,pair_54972,broken_pair,,"The sequence is composed of pairs. Find the card that breaks the pair pattern.
Sequence: 6, 6, 7, 5, 8, 8, 9, 9
Question: Which card is the anomaly?","{""A"": ""7"", ""B"": ""9"", ""C"": ""5"", ""D"": ""6""}",C
Anomaly Bench,79,straight_49755,broken_straight,,"Identify the anomaly (the card that does not fit the pattern) in the sequence.
Sequence: 6, 3, 8, 9, 10
Question: Which card is the anomaly?","{""A"": ""8"", ""B"": ""6"", ""C"": ""3"", ""D"": ""9""}",C
Anomaly Bench,80,straight_89444,broken_straight,,"Identify the anomaly (the card that does not fit the pattern) in the sequence.
Sequence: 3, 4, K, 6, 7
Question: Which card is the anomaly?","{""A"": ""K"", ""B"": ""7"", ""C"": ""3"", ""D"": ""6""}",A
Anomaly Bench,81,pair_69854,broken_pair,,"The sequence is composed of pairs. Find the card that breaks the pair pattern.
Sequence: 9, 9, 10, 6, J, J, Q, Q
Question: Which card is the anomaly?","{""A"": ""10"", ""B"": ""Q"", ""C"": ""6"", ""D"": ""J""}",C
Anomaly Bench,82,straight_67261,broken_straight,,"Identify the anomaly (the card that does not fit the pattern) in the sequence.
Sequence: 6, 7, 4, 9, 10
Question: Which card is the anomaly?","{""A"": ""9"", ""B"": ""6"", ""C"": ""4"", ""D"": ""7""}",C
Anomaly Bench,83,pair_69448,broken_pair,,"The sequence is composed of pairs. Find the card that breaks the pair pattern.
Sequence: 3, 3, 4, 2, 5, 5, 6, 6
Question: Which card is the anomaly?","{""A"": ""6"", ""B"": ""2"", ""C"": ""3"", ""D"": ""5""}",B
Anomaly Bench,84,intruder_96911,intruder_detection,,"Identify the group of cards that does not fit the 'Trios' (three of a kind) pattern.
Sequence: 8, 8, 8 | 9, 9 | 10, 10, 10 | J, J, J
Question: Which group is the intruder?","{""A"": ""10, 10, 10"", ""B"": ""J, J, J"", ""C"": ""9, 9"", ""D"": ""8, 8, 8""}",C
Anomaly Bench,85,pair_23913,broken_pair,,"The sequence is composed of pairs. Find the card that breaks the pair pattern.
Sequence: 7, 7, 8, 8, 9, 5, 10, 10
Question: Which card is the anomaly?","{""A"": ""8"", ""B"": ""10"", ""C"": ""7"", ""D"": ""5""}",D
Anomaly Bench,86,pair_52133,broken_pair,,"The sequence is composed of pairs. Find the card that breaks the pair pattern.
Sequence: 6, 6, 7, 7, 8, 3, 9, 9
Question: Which card is the anomaly?","{""A"": ""8"", ""B"": ""6"", ""C"": ""9"", ""D"": ""3""}",D
Anomaly Bench,87,intruder_83359,intruder_detection,,"Identify the group of cards that does not fit the 'Trios' (three of a kind) pattern.
Sequence: 7, 7, 7 | 8, 8 | 9, 9, 9 | 10, 10, 10
Question: Which group is the intruder?","{""A"": ""8, 8"", ""B"": ""9, 9, 9"", ""C"": ""7, 7, 7"", ""D"": ""10, 10, 10""}",A
Anomaly Bench,88,pair_20634,broken_pair,,"The sequence is composed of pairs. Find the card that breaks the pair pattern.
Sequence: 6, 6, 7, 7, 8, J, 9, 9
Question: Which card is the anomaly?","{""A"": ""7"", ""B"": ""6"", ""C"": ""9"", ""D"": ""J""}",D
Anomaly Bench,89,straight_67375,broken_straight,,"Identify the anomaly (the card that does not fit the pattern) in the sequence.
Sequence: 4, 5, 6, 10, 8
Question: Which card is the anomaly?","{""A"": ""6"", ""B"": ""10"", ""C"": ""8"", ""D"": ""5""}",B
Anomaly Bench,90,straight_37039,broken_straight,,"Identify the anomaly (the card that does not fit the pattern) in the sequence.
Sequence: 9, 10, J, 8, K
Question: Which card is the anomaly?","{""A"": ""J"", ""B"": ""8"", ""C"": ""K"", ""D"": ""10""}",B
Anomaly Bench,91,straight_62683,broken_straight,,"Identify the anomaly (the card that does not fit the pattern) in the sequence.
Sequence: 3, 4, 5, K, 7
Question: Which card is the anomaly?","{""A"": ""3"", ""B"": ""K"", ""C"": ""7"", ""D"": ""5""}",B
Anomaly Bench,92,intruder_20973,intruder_detection,,"Identify the group of cards that does not fit the 'Trios' (three of a kind) pattern.
Sequence: 4, 4, 4 | 5, 5 | 6, 6, 6 | 7, 7, 7
Question: Which group is the intruder?","{""A"": ""7, 7, 7"", ""B"": ""5, 5"", ""C"": ""4, 4, 4"", ""D"": ""6, 6, 6""}",B
Anomaly Bench,93,straight_98329,broken_straight,,"Identify the anomaly (the card that does not fit the pattern) in the sequence.
Sequence: 6, 7, K, 9, 10
Question: Which card is the anomaly?","{""A"": ""10"", ""B"": ""9"", ""C"": ""6"", ""D"": ""K""}",D
Anomaly Bench,94,straight_83473,broken_straight,,"Identify the anomaly (the card that does not fit the pattern) in the sequence.
Sequence: 3, 10, 5, 6, 7
Question: Which card is the anomaly?","{""A"": ""7"", ""B"": ""5"", ""C"": ""6"", ""D"": ""10""}",D
Anomaly Bench,95,pair_93112,broken_pair,,"The sequence is composed of pairs. Find the card that breaks the pair pattern.
Sequence: 5, 5, 6, 6, 7, 3, 8, 8
Question: Which card is the anomaly?","{""A"": ""5"", ""B"": ""6"", ""C"": ""3"", ""D"": ""7""}",C
Anomaly Bench,96,straight_74276,broken_straight,,"Identify the anomaly (the card that does not fit the pattern) in the sequence.
Sequence: 4, A, 6, 7, 8
Question: Which card is the anomaly?","{""A"": ""7"", ""B"": ""4"", ""C"": ""A"", ""D"": ""6""}",C
Anomaly Bench,97,intruder_89731,intruder_detection,,"Identify the group of cards that does not fit the 'Trios' (three of a kind) pattern.
Sequence: 5, 5, 5 | 6, 6 | 7, 7, 7 | 8, 8, 8
Question: Which group is the intruder?","{""A"": ""6, 6"", ""B"": ""8, 8, 8"", ""C"": ""7, 7, 7"", ""D"": ""5, 5, 5""}",A
Anomaly Bench,98,intruder_15136,intruder_detection,,"Identify the group of cards that does not fit the 'Trios' (three of a kind) pattern.
Sequence: 8, 8, 8 | 9, 9 | 10, 10, 10 | J, J, J
Question: Which group is the intruder?","{""A"": ""J, J, J"", ""B"": ""10, 10, 10"", ""C"": ""9, 9"", ""D"": ""8, 8, 8""}",C
Anomaly Bench,99,straight_46041,broken_straight,,"Identify the anomaly (the card that does not fit the pattern) in the sequence.
Sequence: 9, 10, J, 4, K
Question: Which card is the anomaly?","{""A"": ""K"", ""B"": ""9"", ""C"": ""4"", ""D"": ""10""}",C
Anomaly Bench,100,straight_92933,broken_straight,,"Identify the anomaly (the card that does not fit the pattern) in the sequence.
Sequence: 7, 8, 9, 3, J
Question: Which card is the anomaly?","{""A"": ""8"", ""B"": ""J"", ""C"": ""3"", ""D"": ""9""}",C
Anomaly Bench,101,pair_13802,broken_pair,,"The sequence is composed of pairs. Find the card that breaks the pair pattern.
Sequence: 6, 6, 7, Q, 8, 8, 9, 9
Question: Which card is the anomaly?","{""A"": ""6"", ""B"": ""9"", ""C"": ""Q"", ""D"": ""8""}",C
Anomaly Bench,102,straight_70213,broken_straight,,"Identify the anomaly (the card that does not fit the pattern) in the sequence.
Sequence: 6, 7, A, 9, 10
Question: Which card is the anomaly?","{""A"": ""10"", ""B"": ""9"", ""C"": ""7"", ""D"": ""A""}",D
Anomaly Bench,103,straight_92241,broken_straight,,"Identify the anomaly (the card that does not fit the pattern) in the sequence.
Sequence: 5, J, 7, 8, 9
Question: Which card is the anomaly?","{""A"": ""5"", ""B"": ""8"", ""C"": ""7"", ""D"": ""J""}",D
Anomaly Bench,104,pair_91502,broken_pair,,"The sequence is composed of pairs. Find the card that breaks the pair pattern.
Sequence: 6, 6, 7, 7, 8, 5, 9, 9
Question: Which card is the anomaly?","{""A"": ""9"", ""B"": ""6"", ""C"": ""7"", ""D"": ""5""}",D
Anomaly Bench,105,intruder_63435,intruder_detection,,"Identify the group of cards that does not fit the 'Trios' (three of a kind) pattern.
Sequence: 7, 7, 7 | 8, 8, 8 | 9, 9 | 10, 10, 10
Question: Which group is the intruder?","{""A"": ""9, 9"", ""B"": ""10, 10, 10"", ""C"": ""7, 7, 7"", ""D"": ""8, 8, 8""}",A
Anomaly Bench,106,intruder_53064,intruder_detection,,"Identify the group of cards that does not fit the 'Trios' (three of a kind) pattern.
Sequence: 3, 3, 3 | 4, 4 | 5, 5, 5 | 6, 6, 6
Question: Which group is the intruder?","{""A"": ""6, 6, 6"", ""B"": ""5, 5, 5"", ""C"": ""3, 3, 3"", ""D"": ""4, 4""}",D
Anomaly Bench,107,intruder_70432,intruder_detection,,"Identify the group of cards that does not fit the 'Trios' (three of a kind) pattern.
Sequence: 4, 4, 4 | 5, 5 | 6, 6, 6 | 7, 7, 7
Question: Which group is the intruder?","{""A"": ""6, 6, 6"", ""B"": ""4, 4, 4"", ""C"": ""5, 5"", ""D"": ""7, 7, 7""}",C
Anomaly Bench,108,intruder_27233,intruder_detection,,"Identify the group of cards that does not fit the 'Trios' (three of a kind) pattern.
Sequence: 8, 8, 8 | 9, 9 | 10, 10, 10 | J, J, J
Question: Which group is the intruder?","{""A"": ""10, 10, 10"", ""B"": ""J, J, J"", ""C"": ""8, 8, 8"", ""D"": ""9, 9""}",D
Anomaly Bench,109,intruder_64554,intruder_detection,,"Identify the group of cards that does not fit the 'Trios' (three of a kind) pattern.
Sequence: 7, 7, 7 | 8, 8, 8 | 9, 9 | 10, 10, 10
Question: Which group is the intruder?","{""A"": ""10, 10, 10"", ""B"": ""9, 9"", ""C"": ""8, 8, 8"", ""D"": ""7, 7, 7""}",B
Anomaly Bench,110,pair_87584,broken_pair,,"The sequence is composed of pairs. Find the card that breaks the pair pattern.
Sequence: 8, 8, 9, 5, 10, 10, J, J
Question: Which card is the anomaly?","{""A"": ""5"", ""B"": ""9"", ""C"": ""J"", ""D"": ""10""}",A
Anomaly Bench,111,intruder_51223,intruder_detection,,"Identify the group of cards that does not fit the 'Trios' (three of a kind) pattern.
Sequence: 4, 4, 4 | 5, 5 | 6, 6, 6 | 7, 7, 7
Question: Which group is the intruder?","{""A"": ""4, 4, 4"", ""B"": ""6, 6, 6"", ""C"": ""7, 7, 7"", ""D"": ""5, 5""}",D
Anomaly Bench,112,intruder_47390,intruder_detection,,"Identify the group of cards that does not fit the 'Trios' (three of a kind) pattern.
Sequence: 6, 6, 6 | 7, 7 | 8, 8, 8 | 9, 9, 9
Question: Which group is the intruder?","{""A"": ""8, 8, 8"", ""B"": ""9, 9, 9"", ""C"": ""6, 6, 6"", ""D"": ""7, 7""}",D
Anomaly Bench,113,straight_41580,broken_straight,,"Identify the anomaly (the card that does not fit the pattern) in the sequence.
Sequence: 7, 8, Q, 10, J
Question: Which card is the anomaly?","{""A"": ""J"", ""B"": ""8"", ""C"": ""Q"", ""D"": ""7""}",C
Anomaly Bench,114,intruder_19122,intruder_detection,,"Identify the group of cards that does not fit the 'Trios' (three of a kind) pattern.
Sequence: 8, 8, 8 | 9, 9 | 10, 10, 10 | J, J, J
Question: Which group is the intruder?","{""A"": ""J, J, J"", ""B"": ""10, 10, 10"", ""C"": ""9, 9"", ""D"": ""8, 8, 8""}",C
Anomaly Bench,115,straight_65628,broken_straight,,"Identify the anomaly (the card that does not fit the pattern) in the sequence.
Sequence: 4, 3, 6, 7, 8
Question: Which card is the anomaly?","{""A"": ""4"", ""B"": ""6"", ""C"": ""3"", ""D"": ""8""}",C
Anomaly Bench,116,pair_13178,broken_pair,,"The sequence is composed of pairs. Find the card that breaks the pair pattern.
Sequence: 5, 5, 6, 6, 7, J, 8, 8
Question: Which card is the anomaly?","{""A"": ""8"", ""B"": ""5"", ""C"": ""J"", ""D"": ""6""}",C
Anomaly Bench,117,pair_72236,broken_pair,,"The sequence is composed of pairs. Find the card that breaks the pair pattern.
Sequence: 9, 9, 10, K, J, J, Q, Q
Question: Which card is the anomaly?","{""A"": ""Q"", ""B"": ""K"", ""C"": ""9"", ""D"": ""J""}",B
Anomaly Bench,118,intruder_11676,intruder_detection,,"Identify the group of cards that does not fit the 'Trios' (three of a kind) pattern.
Sequence: 6, 6, 6 | 7, 7, 7 | 8, 8 | 9, 9, 9
Question: Which group is the intruder?","{""A"": ""9, 9, 9"", ""B"": ""8, 8"", ""C"": ""6, 6, 6"", ""D"": ""7, 7, 7""}",B
Anomaly Bench,119,straight_96222,broken_straight,,"Identify the anomaly (the card that does not fit the pattern) in the sequence.
Sequence: 5, 6, 7, K, 9
Question: Which card is the anomaly?","{""A"": ""7"", ""B"": ""5"", ""C"": ""K"", ""D"": ""9""}",C
Anomaly Bench,120,pair_42313,broken_pair,,"The sequence is composed of pairs. Find the card that breaks the pair pattern.
Sequence: 7, 7, 8, 5, 9, 9, 10, 10
Question: Which card is the anomaly?","{""A"": ""9"", ""B"": ""8"", ""C"": ""10"", ""D"": ""5""}",D
Anomaly Bench,121,intruder_14645,intruder_detection,,"Identify the group of cards that does not fit the 'Trios' (three of a kind) pattern.
Sequence: 3, 3, 3 | 4, 4 | 5, 5, 5 | 6, 6, 6
Question: Which group is the intruder?","{""A"": ""5, 5, 5"", ""B"": ""6, 6, 6"", ""C"": ""4, 4"", ""D"": ""3, 3, 3""}",C
Anomaly Bench,122,pair_59342,broken_pair,,"The sequence is composed of pairs. Find the card that breaks the pair pattern.
Sequence: 4, 4, 5, 5, 6, J, 7, 7
Question: Which card is the anomaly?","{""A"": ""4"", ""B"": ""7"", ""C"": ""J"", ""D"": ""5""}",C
Anomaly Bench,123,intruder_26598,intruder_detection,,"Identify the group of cards that does not fit the 'Trios' (three of a kind) pattern.
Sequence: 6, 6, 6 | 7, 7 | 8, 8, 8 | 9, 9, 9
Question: Which group is the intruder?","{""A"": ""6, 6, 6"", ""B"": ""7, 7"", ""C"": ""8, 8, 8"", ""D"": ""9, 9, 9""}",B
Anomaly Bench,124,intruder_95553,intruder_detection,,"Identify the group of cards that does not fit the 'Trios' (three of a kind) pattern.
Sequence: 6, 6, 6 | 7, 7, 7 | 8, 8 | 9, 9, 9
Question: Which group is the intruder?","{""A"": ""6, 6, 6"", ""B"": ""7, 7, 7"", ""C"": ""8, 8"", ""D"": ""9, 9, 9""}",C
Anomaly Bench,125,pair_29333,broken_pair,,"The sequence is composed of pairs. Find the card that breaks the pair pattern.
Sequence: 9, 9, 10, 10, J, 7, Q, Q
Question: Which card is the anomaly?","{""A"": ""J"", ""B"": ""7"", ""C"": ""Q"", ""D"": ""9""}",B
Anomaly Bench,126,straight_47720,broken_straight,,"Identify the anomaly (the card that does not fit the pattern) in the sequence.
Sequence: 8, 3, 10, J, Q
Question: Which card is the anomaly?","{""A"": ""Q"", ""B"": ""J"", ""C"": ""8"", ""D"": ""3""}",D
Anomaly Bench,127,pair_62006,broken_pair,,"The sequence is composed of pairs. Find the card that breaks the pair pattern.
Sequence: 4, 4, 5, 5, 6, A, 7, 7
Question: Which card is the anomaly?","{""A"": ""A"", ""B"": ""6"", ""C"": ""5"", ""D"": ""4""}",A
Anomaly Bench,128,intruder_23033,intruder_detection,,"Identify the group of cards that does not fit the 'Trios' (three of a kind) pattern.
Sequence: 8, 8, 8 | 9, 9 | 10, 10, 10 | J, J, J
Question: Which group is the intruder?","{""A"": ""J, J, J"", ""B"": ""8, 8, 8"", ""C"": ""10, 10, 10"", ""D"": ""9, 9""}",D
Anomaly Bench,129,intruder_44785,intruder_detection,,"Identify the group of cards that does not fit the 'Trios' (three of a kind) pattern.
Sequence: 8, 8, 8 | 9, 9, 9 | 10, 10 | J, J, J
Question: Which group is the intruder?","{""A"": ""9, 9, 9"", ""B"": ""8, 8, 8"", ""C"": ""J, J, J"", ""D"": ""10, 10""}",D
Anomaly Bench,130,intruder_52430,intruder_detection,,"Identify the group of cards that does not fit the 'Trios' (three of a kind) pattern.
Sequence: 7, 7, 7 | 8, 8, 8 | 9, 9 | 10, 10, 10
Question: Which group is the intruder?","{""A"": ""7, 7, 7"", ""B"": ""10, 10, 10"", ""C"": ""8, 8, 8"", ""D"": ""9, 9""}",D
Anomaly Bench,131,straight_13088,broken_straight,,"Identify the anomaly (the card that does not fit the pattern) in the sequence.
Sequence: 6, 7, J, 9, 10
Question: Which card is the anomaly?","{""A"": ""6"", ""B"": ""J"", ""C"": ""10"", ""D"": ""7""}",B
Anomaly Bench,132,pair_78299,broken_pair,,"The sequence is composed of pairs. Find the card that breaks the pair pattern.
Sequence: 3, 3, 4, 4, 5, K, 6, 6
Question: Which card is the anomaly?","{""A"": ""K"", ""B"": ""3"", ""C"": ""6"", ""D"": ""5""}",A
Anomaly Bench,133,pair_32365,broken_pair,,"The sequence is composed of pairs. Find the card that breaks the pair pattern.
Sequence: 9, 9, 10, 3, J, J, Q, Q
Question: Which card is the anomaly?","{""A"": ""3"", ""B"": ""J"", ""C"": ""Q"", ""D"": ""9""}",A
Anomaly Bench,134,intruder_72840,intruder_detection,,"Identify the group of cards that does not fit the 'Trios' (three of a kind) pattern.
Sequence: 5, 5, 5 | 6, 6 | 7, 7, 7 | 8, 8, 8
Question: Which group is the intruder?","{""A"": ""7, 7, 7"", ""B"": ""6, 6"", ""C"": ""5, 5, 5"", ""D"": ""8, 8, 8""}",B
Anomaly Bench,135,intruder_11990,intruder_detection,,"Identify the group of cards that does not fit the 'Trios' (three of a kind) pattern.
Sequence: 4, 4, 4 | 5, 5 | 6, 6, 6 | 7, 7, 7
Question: Which group is the intruder?","{""A"": ""4, 4, 4"", ""B"": ""6, 6, 6"", ""C"": ""7, 7, 7"", ""D"": ""5, 5""}",D
Anomaly Bench,136,straight_51004,broken_straight,,"Identify the anomaly (the card that does not fit the pattern) in the sequence.
Sequence: 7, 8, 9, 5, J
Question: Which card is the anomaly?","{""A"": ""J"", ""B"": ""5"", ""C"": ""8"", ""D"": ""7""}",B
Anomaly Bench,137,pair_97075,broken_pair,,"The sequence is composed of pairs. Find the card that breaks the pair pattern.
Sequence: 7, 7, 8, 8, 9, 5, 10, 10
Question: Which card is the anomaly?","{""A"": ""10"", ""B"": ""7"", ""C"": ""8"", ""D"": ""5""}",D
Anomaly Bench,138,straight_95794,broken_straight,,"Identify the anomaly (the card that does not fit the pattern) in the sequence.
Sequence: 9, A, J, Q, K
Question: Which card is the anomaly?","{""A"": ""A"", ""B"": ""J"", ""C"": ""K"", ""D"": ""Q""}",A
Anomaly Bench,139,intruder_75862,intruder_detection,,"Identify the group of cards that does not fit the 'Trios' (three of a kind) pattern.
Sequence: 7, 7, 7 | 8, 8 | 9, 9, 9 | 10, 10, 10
Question: Which group is the intruder?","{""A"": ""10, 10, 10"", ""B"": ""9, 9, 9"", ""C"": ""7, 7, 7"", ""D"": ""8, 8""}",D
Anomaly Bench,140,straight_21895,broken_straight,,"Identify the anomaly (the card that does not fit the pattern) in the sequence.
Sequence: 7, 8, 3, 10, J
Question: Which card is the anomaly?","{""A"": ""J"", ""B"": ""8"", ""C"": ""7"", ""D"": ""3""}",D
Anomaly Bench,141,pair_56988,broken_pair,,"The sequence is composed of pairs. Find the card that breaks the pair pattern.
Sequence: 4, 4, 5, 5, 6, 3, 7, 7
Question: Which card is the anomaly?","{""A"": ""3"", ""B"": ""4"", ""C"": ""7"", ""D"": ""5""}",A
Anomaly Bench,142,pair_40329,broken_pair,,"The sequence is composed of pairs. Find the card that breaks the pair pattern.
Sequence: 9, 9, 10, 10, J, 5, Q, Q
Question: Which card is the anomaly?","{""A"": ""5"", ""B"": ""10"", ""C"": ""Q"", ""D"": ""9""}",A
Anomaly Bench,143,intruder_24241,intruder_detection,,"Identify the group of cards that does not fit the 'Trios' (three of a kind) pattern.
Sequence: 3, 3, 3 | 4, 4, 4 | 5, 5 | 6, 6, 6
Question: Which group is the intruder?","{""A"": ""5, 5"", ""B"": ""6, 6, 6"", ""C"": ""4, 4, 4"", ""D"": ""3, 3, 3""}",A
Anomaly Bench,144,pair_72037,broken_pair,,"The sequence is composed of pairs. Find the card that breaks the pair pattern.
Sequence: 7, 7, 8, K, 9, 9, 10, 10
Question: Which card is the anomaly?","{""A"": ""10"", ""B"": ""8"", ""C"": ""K"", ""D"": ""7""}",C
Anomaly Bench,145,pair_64498,broken_pair,,"The sequence is composed of pairs. Find the card that breaks the pair pattern.
Sequence: 6, 6, 7, Q, 8, 8, 9, 9
Question: Which card is the anomaly?","{""A"": ""9"", ""B"": ""7"", ""C"": ""Q"", ""D"": ""8""}",C
Anomaly Bench,146,intruder_43495,intruder_detection,,"Identify the group of cards that does not fit the 'Trios' (three of a kind) pattern.
Sequence: 5, 5, 5 | 6, 6, 6 | 7, 7 | 8, 8, 8
Question: Which group is the intruder?","{""A"": ""8, 8, 8"", ""B"": ""7, 7"", ""C"": ""6, 6, 6"", ""D"": ""5, 5, 5""}",B
Anomaly Bench,147,intruder_92642,intruder_detection,,"Identify the group of cards that does not fit the 'Trios' (three of a kind) pattern.
Sequence: 4, 4, 4 | 5, 5 | 6, 6, 6 | 7, 7, 7
Question: Which group is the intruder?","{""A"": ""4, 4, 4"", ""B"": ""6, 6, 6"", ""C"": ""7, 7, 7"", ""D"": ""5, 5""}",D
Anomaly Bench,148,straight_55179,broken_straight,,"Identify the anomaly (the card that does not fit the pattern) in the sequence.
Sequence: 6, 7, Q, 9, 10
Question: Which card is the anomaly?","{""A"": ""10"", ""B"": ""9"", ""C"": ""6"", ""D"": ""Q""}",D
Anomaly Bench,149,pair_49830,broken_pair,,"The sequence is composed of pairs. Find the card that breaks the pair pattern.
Sequence: 3, 3, 4, 4, 5, Q, 6, 6
Question: Which card is the anomaly?","{""A"": ""6"", ""B"": ""5"", ""C"": ""4"", ""D"": ""Q""}",D
Anomaly Bench,150,straight_29053,broken_straight,,"Identify the anomaly (the card that does not fit the pattern) in the sequence.
Sequence: 9, A, J, Q, K
Question: Which card is the anomaly?","{""A"": ""9"", ""B"": ""K"", ""C"": ""A"", ""D"": ""Q""}",C
Anomaly Bench,151,intruder_57539,intruder_detection,,"Identify the group of cards that does not fit the 'Trios' (three of a kind) pattern.
Sequence: 3, 3, 3 | 4, 4, 4 | 5, 5 | 6, 6, 6
Question: Which group is the intruder?","{""A"": ""3, 3, 3"", ""B"": ""5, 5"", ""C"": ""4, 4, 4"", ""D"": ""6, 6, 6""}",B
Anomaly Bench,152,straight_53313,broken_straight,,"Identify the anomaly (the card that does not fit the pattern) in the sequence.
Sequence: 9, 10, 2, Q, K
Question: Which card is the anomaly?","{""A"": ""Q"", ""B"": ""2"", ""C"": ""K"", ""D"": ""10""}",B
Anomaly Bench,153,straight_66196,broken_straight,,"Identify the anomaly (the card that does not fit the pattern) in the sequence.
Sequence: 9, 3, J, Q, K
Question: Which card is the anomaly?","{""A"": ""9"", ""B"": ""Q"", ""C"": ""K"", ""D"": ""3""}",D
Anomaly Bench,154,straight_56516,broken_straight,,"Identify the anomaly (the card that does not fit the pattern) in the sequence.
Sequence: 3, 4, J, 6, 7
Question: Which card is the anomaly?","{""A"": ""4"", ""B"": ""3"", ""C"": ""7"", ""D"": ""J""}",D
Anomaly Bench,155,straight_58988,broken_straight,,"Identify the anomaly (the card that does not fit the pattern) in the sequence.
Sequence: 5, 4, 7, 8, 9
Question: Which card is the anomaly?","{""A"": ""9"", ""B"": ""7"", ""C"": ""4"", ""D"": ""5""}",C
Anomaly Bench,156,intruder_62781,intruder_detection,,"Identify the group of cards that does not fit the 'Trios' (three of a kind) pattern.
Sequence: 8, 8, 8 | 9, 9 | 10, 10, 10 | J, J, J
Question: Which group is the intruder?","{""A"": ""9, 9"", ""B"": ""J, J, J"", ""C"": ""10, 10, 10"", ""D"": ""8, 8, 8""}",A
Anomaly Bench,157,pair_53549,broken_pair,,"The sequence is composed of pairs. Find the card that breaks the pair pattern.
Sequence: 4, 4, 5, 2, 6, 6, 7, 7
Question: Which card is the anomaly?","{""A"": ""7"", ""B"": ""6"", ""C"": ""2"", ""D"": ""4""}",C
Anomaly Bench,158,pair_99253,broken_pair,,"The sequence is composed of pairs. Find the card that breaks the pair pattern.
Sequence: 3, 3, 4, K, 5, 5, 6, 6
Question: Which card is the anomaly?","{""A"": ""4"", ""B"": ""K"", ""C"": ""3"", ""D"": ""6""}",B
Anomaly Bench,159,pair_69705,broken_pair,,"The sequence is composed of pairs. Find the card that breaks the pair pattern.
Sequence: 5, 5, 6, 6, 7, 4, 8, 8
Question: Which card is the anomaly?","{""A"": ""8"", ""B"": ""4"", ""C"": ""6"", ""D"": ""7""}",B
Anomaly Bench,160,pair_58281,broken_pair,,"The sequence is composed of pairs. Find the card that breaks the pair pattern.
Sequence: 4, 4, 5, J, 6, 6, 7, 7
Question: Which card is the anomaly?","{""A"": ""J"", ""B"": ""6"", ""C"": ""4"", ""D"": ""5""}",A
Anomaly Bench,161,intruder_36728,intruder_detection,,"Identify the group of cards that does not fit the 'Trios' (three of a kind) pattern.
Sequence: 8, 8, 8 | 9, 9 | 10, 10, 10 | J, J, J
Question: Which group is the intruder?","{""A"": ""10, 10, 10"", ""B"": ""9, 9"", ""C"": ""J, J, J"", ""D"": ""8, 8, 8""}",B
Anomaly Bench,162,intruder_44216,intruder_detection,,"Identify the group of cards that does not fit the 'Trios' (three of a kind) pattern.
Sequence: 4, 4, 4 | 5, 5 | 6, 6, 6 | 7, 7, 7
Question: Which group is the intruder?","{""A"": ""7, 7, 7"", ""B"": ""5, 5"", ""C"": ""6, 6, 6"", ""D"": ""4, 4, 4""}",B
Anomaly Bench,163,straight_57680,broken_straight,,"Identify the anomaly (the card that does not fit the pattern) in the sequence.
Sequence: 3, 4, 5, 8, 7
Question: Which card is the anomaly?","{""A"": ""5"", ""B"": ""3"", ""C"": ""4"", ""D"": ""8""}",D
Anomaly Bench,164,intruder_34860,intruder_detection,,"Identify the group of cards that does not fit the 'Trios' (three of a kind) pattern.
Sequence: 4, 4, 4 | 5, 5 | 6, 6, 6 | 7, 7, 7
Question: Which group is the intruder?","{""A"": ""4, 4, 4"", ""B"": ""7, 7, 7"", ""C"": ""5, 5"", ""D"": ""6, 6, 6""}",C
Anomaly Bench,165,straight_28677,broken_straight,,"Identify the anomaly (the card that does not fit the pattern) in the sequence.
Sequence: 7, A, 9, 10, J
Question: Which card is the anomaly?","{""A"": ""A"", ""B"": ""10"", ""C"": ""9"", ""D"": ""J""}",A
Anomaly Bench,166,pair_96654,broken_pair,,"The sequence is composed of pairs. Find the card that breaks the pair pattern.
Sequence: 8, 8, 9, 9, 10, 3, J, J
Question: Which card is the anomaly?","{""A"": ""J"", ""B"": ""9"", ""C"": ""10"", ""D"": ""3""}",D
Anomaly Bench,167,intruder_24073,intruder_detection,,"Identify the group of cards that does not fit the 'Trios' (three of a kind) pattern.
Sequence: 7, 7, 7 | 8, 8 | 9, 9, 9 | 10, 10, 10
Question: Which group is the intruder?","{""A"": ""8, 8"", ""B"": ""7, 7, 7"", ""C"": ""9, 9, 9"", ""D"": ""10, 10, 10""}",A
Anomaly Bench,168,intruder_83206,intruder_detection,,"Identify the group of cards that does not fit the 'Trios' (three of a kind) pattern.
Sequence: 5, 5, 5 | 6, 6, 6 | 7, 7 | 8, 8, 8
Question: Which group is the intruder?","{""A"": ""8, 8, 8"", ""B"": ""5, 5, 5"", ""C"": ""6, 6, 6"", ""D"": ""7, 7""}",D
Anomaly Bench,169,straight_31873,broken_straight,,"Identify the anomaly (the card that does not fit the pattern) in the sequence.
Sequence: 8, 9, A, J, Q
Question: Which card is the anomaly?","{""A"": ""A"", ""B"": ""9"", ""C"": ""8"", ""D"": ""J""}",A
Anomaly Bench,170,intruder_45560,intruder_detection,,"Identify the group of cards that does not fit the 'Trios' (three of a kind) pattern.
Sequence: 6, 6, 6 | 7, 7, 7 | 8, 8 | 9, 9, 9
Question: Which group is the intruder?","{""A"": ""7, 7, 7"", ""B"": ""6, 6, 6"", ""C"": ""8, 8"", ""D"": ""9, 9, 9""}",C
Anomaly Bench,171,straight_49860,broken_straight,,"Identify the anomaly (the card that does not fit the pattern) in the sequence.
Sequence: 5, 2, 7, 8, 9
Question: Which card is the anomaly?","{""A"": ""9"", ""B"": ""8"", ""C"": ""7"", ""D"": ""2""}",D
Anomaly Bench,172,pair_25517,broken_pair,,"The sequence is composed of pairs. Find the card that breaks the pair pattern.
Sequence: 8, 8, 9, 9, 10, 6, J, J
Question: Which card is the anomaly?","{""A"": ""10"", ""B"": ""9"", ""C"": ""6"", ""D"": ""8""}",C
Anomaly Bench,173,intruder_44128,intruder_detection,,"Identify the group of cards that does not fit the 'Trios' (three of a kind) pattern.
Sequence: 3, 3, 3 | 4, 4, 4 | 5, 5 | 6, 6, 6
Question: Which group is the intruder?","{""A"": ""4, 4, 4"", ""B"": ""5, 5"", ""C"": ""3, 3, 3"", ""D"": ""6, 6, 6""}",B
Anomaly Bench,174,intruder_60405,intruder_detection,,"Identify the group of cards that does not fit the 'Trios' (three of a kind) pattern.
Sequence: 7, 7, 7 | 8, 8 | 9, 9, 9 | 10, 10, 10
Question: Which group is the intruder?","{""A"": ""10, 10, 10"", ""B"": ""8, 8"", ""C"": ""9, 9, 9"", ""D"": ""7, 7, 7""}",B
Anomaly Bench,175,intruder_54783,intruder_detection,,"Identify the group of cards that does not fit the 'Trios' (three of a kind) pattern.
Sequence: 6, 6, 6 | 7, 7 | 8, 8, 8 | 9, 9, 9
Question: Which group is the intruder?","{""A"": ""9, 9, 9"", ""B"": ""6, 6, 6"", ""C"": ""7, 7"", ""D"": ""8, 8, 8""}",C
Anomaly Bench,176,pair_81661,broken_pair,,"The sequence is composed of pairs. Find the card that breaks the pair pattern.
Sequence: 7, 7, 8, J, 9, 9, 10, 10
Question: Which card is the anomaly?","{""A"": ""10"", ""B"": ""J"", ""C"": ""7"", ""D"": ""9""}",B
Anomaly Bench,177,pair_71558,broken_pair,,"The sequence is composed of pairs. Find the card that breaks the pair pattern.
Sequence: 3, 3, 4, 9, 5, 5, 6, 6
Question: Which card is the anomaly?","{""A"": ""4"", ""B"": ""6"", ""C"": ""3"", ""D"": ""9""}",D
Anomaly Bench,178,intruder_11087,intruder_detection,,"Identify the group of cards that does not fit the 'Trios' (three of a kind) pattern.
Sequence: 3, 3, 3 | 4, 4 | 5, 5, 5 | 6, 6, 6
Question: Which group is the intruder?","{""A"": ""3, 3, 3"", ""B"": ""4, 4"", ""C"": ""6, 6, 6"", ""D"": ""5, 5, 5""}",B
Anomaly Bench,179,intruder_30563,intruder_detection,,"Identify the group of cards that does not fit the 'Trios' (three of a kind) pattern.
Sequence: 5, 5, 5 | 6, 6, 6 | 7, 7 | 8, 8, 8
Question: Which group is the intruder?","{""A"": ""6, 6, 6"", ""B"": ""5, 5, 5"", ""C"": ""8, 8, 8"", ""D"": ""7, 7""}",D
Anomaly Bench,180,intruder_41840,intruder_detection,,"Identify the group of cards that does not fit the 'Trios' (three of a kind) pattern.
Sequence: 4, 4, 4 | 5, 5, 5 | 6, 6 | 7, 7, 7
Question: Which group is the intruder?","{""A"": ""4, 4, 4"", ""B"": ""6, 6"", ""C"": ""5, 5, 5"", ""D"": ""7, 7, 7""}",B
Anomaly Bench,181,intruder_49364,intruder_detection,,"Identify the group of cards that does not fit the 'Trios' (three of a kind) pattern.
Sequence: 6, 6, 6 | 7, 7 | 8, 8, 8 | 9, 9, 9
Question: Which group is the intruder?","{""A"": ""9, 9, 9"", ""B"": ""7, 7"", ""C"": ""6, 6, 6"", ""D"": ""8, 8, 8""}",B
Anomaly Bench,182,pair_51421,broken_pair,,"The sequence is composed of pairs. Find the card that breaks the pair pattern.
Sequence: 9, 9, 10, 10, J, 5, Q, Q
Question: Which card is the anomaly?","{""A"": ""5"", ""B"": ""Q"", ""C"": ""J"", ""D"": ""10""}",A
Anomaly Bench,183,intruder_33300,intruder_detection,,"Identify the group of cards that does not fit the 'Trios' (three of a kind) pattern.
Sequence: 5, 5, 5 | 6, 6 | 7, 7, 7 | 8, 8, 8
Question: Which group is the intruder?","{""A"": ""5, 5, 5"", ""B"": ""7, 7, 7"", ""C"": ""8, 8, 8"", ""D"": ""6, 6""}",D
Anomaly Bench,184,straight_21362,broken_straight,,"Identify the anomaly (the card that does not fit the pattern) in the sequence.
Sequence: 7, 8, 5, 10, J
Question: Which card is the anomaly?","{""A"": ""5"", ""B"": ""7"", ""C"": ""8"", ""D"": ""10""}",A
Anomaly Bench,185,pair_94962,broken_pair,,"The sequence is composed of pairs. Find the card that breaks the pair pattern.
Sequence: 7, 7, 8, 3, 9, 9, 10, 10
Question: Which card is the anomaly?","{""A"": ""9"", ""B"": ""7"", ""C"": ""8"", ""D"": ""3""}",D
Anomaly Bench,186,pair_19226,broken_pair,,"The sequence is composed of pairs. Find the card that breaks the pair pattern.
Sequence: 3, 3, 4, 4, 5, Q, 6, 6
Question: Which card is the anomaly?","{""A"": ""5"", ""B"": ""3"", ""C"": ""Q"", ""D"": ""4""}",C
Anomaly Bench,187,pair_81178,broken_pair,,"The sequence is composed of pairs. Find the card that breaks the pair pattern.
Sequence: 4, 4, 5, 5, 6, 9, 7, 7
Question: Which card is the anomaly?","{""A"": ""7"", ""B"": ""5"", ""C"": ""4"", ""D"": ""9""}",D
Anomaly Bench,188,straight_12459,broken_straight,,"Identify the anomaly (the card that does not fit the pattern) in the sequence.
Sequence: 5, 6, 7, 2, 9
Question: Which card is the anomaly?","{""A"": ""2"", ""B"": ""7"", ""C"": ""9"", ""D"": ""6""}",A
Anomaly Bench,189,pair_74241,broken_pair,,"The sequence is composed of pairs. Find the card that breaks the pair pattern.
Sequence: 3, 3, 4, 4, 5, Q, 6, 6
Question: Which card is the anomaly?","{""A"": ""4"", ""B"": ""6"", ""C"": ""Q"", ""D"": ""5""}",C
Anomaly Bench,190,straight_70751,broken_straight,,"Identify the anomaly (the card that does not fit the pattern) in the sequence.
Sequence: 4, 5, 6, 10, 8
Question: Which card is the anomaly?","{""A"": ""10"", ""B"": ""4"", ""C"": ""6"", ""D"": ""8""}",A
Anomaly Bench,191,straight_15687,broken_straight,,"Identify the anomaly (the card that does not fit the pattern) in the sequence.
Sequence: 5, 6, 7, 2, 9
Question: Which card is the anomaly?","{""A"": ""6"", ""B"": ""2"", ""C"": ""7"", ""D"": ""5""}",B
Anomaly Bench,192,intruder_17239,intruder_detection,,"Identify the group of cards that does not fit the 'Trios' (three of a kind) pattern.
Sequence: 3, 3, 3 | 4, 4 | 5, 5, 5 | 6, 6, 6
Question: Which group is the intruder?","{""A"": ""5, 5, 5"", ""B"": ""3, 3, 3"", ""C"": ""4, 4"", ""D"": ""6, 6, 6""}",C
Anomaly Bench,193,pair_35150,broken_pair,,"The sequence is composed of pairs. Find the card that breaks the pair pattern.
Sequence: 7, 7, 8, J, 9, 9, 10, 10
Question: Which card is the anomaly?","{""A"": ""7"", ""B"": ""9"", ""C"": ""J"", ""D"": ""10""}",C
Anomaly Bench,194,intruder_85300,intruder_detection,,"Identify the group of cards that does not fit the 'Trios' (three of a kind) pattern.
Sequence: 8, 8, 8 | 9, 9 | 10, 10, 10 | J, J, J
Question: Which group is the intruder?","{""A"": ""J, J, J"", ""B"": ""8, 8, 8"", ""C"": ""10, 10, 10"", ""D"": ""9, 9""}",D
Anomaly Bench,195,pair_48200,broken_pair,,"The sequence is composed of pairs. Find the card that breaks the pair pattern.
Sequence: 7, 7, 8, 4, 9, 9, 10, 10
Question: Which card is the anomaly?","{""A"": ""4"", ""B"": ""10"", ""C"": ""8"", ""D"": ""9""}",A
Anomaly Bench,196,straight_16455,broken_straight,,"Identify the anomaly (the card that does not fit the pattern) in the sequence.
Sequence: 4, J, 6, 7, 8
Question: Which card is the anomaly?","{""A"": ""7"", ""B"": ""4"", ""C"": ""J"", ""D"": ""8""}",C
Anomaly Bench,197,pair_74268,broken_pair,,"The sequence is composed of pairs. Find the card that breaks the pair pattern.
Sequence: 6, 6, 7, 3, 8, 8, 9, 9
Question: Which card is the anomaly?","{""A"": ""7"", ""B"": ""8"", ""C"": ""3"", ""D"": ""9""}",C
Anomaly Bench,198,pair_63798,broken_pair,,"The sequence is composed of pairs. Find the card that breaks the pair pattern.
Sequence: 3, 3, 4, 4, 5, K, 6, 6
Question: Which card is the anomaly?","{""A"": ""3"", ""B"": ""4"", ""C"": ""6"", ""D"": ""K""}",D
Anomaly Bench,199,straight_14169,broken_straight,,"Identify the anomaly (the card that does not fit the pattern) in the sequence.
Sequence: 5, 6, K, 8, 9
Question: Which card is the anomaly?","{""A"": ""K"", ""B"": ""8"", ""C"": ""9"", ""D"": ""5""}",A
Anomaly Bench,200,intruder_78466,intruder_detection,,"Identify the group of cards that does not fit the 'Trios' (three of a kind) pattern.
Sequence: 7, 7, 7 | 8, 8 | 9, 9, 9 | 10, 10, 10
Question: Which group is the intruder?","{""A"": ""7, 7, 7"", ""B"": ""9, 9, 9"", ""C"": ""8, 8"", ""D"": ""10, 10, 10""}",C
Anomaly Bench,201,pair_47912,broken_pair,,"The sequence is composed of pairs. Find the card that breaks the pair pattern.
Sequence: 4, 4, 5, 5, 6, K, 7, 7
Question: Which card is the anomaly?","{""A"": ""6"", ""B"": ""5"", ""C"": ""K"", ""D"": ""4""}",C
Anomaly Bench,202,intruder_75327,intruder_detection,,"Identify the group of cards that does not fit the 'Trios' (three of a kind) pattern.
Sequence: 4, 4, 4 | 5, 5 | 6, 6, 6 | 7, 7, 7
Question: Which group is the intruder?","{""A"": ""7, 7, 7"", ""B"": ""4, 4, 4"", ""C"": ""6, 6, 6"", ""D"": ""5, 5""}",D
Anomaly Bench,203,intruder_93184,intruder_detection,,"Identify the group of cards that does not fit the 'Trios' (three of a kind) pattern.
Sequence: 4, 4, 4 | 5, 5 | 6, 6, 6 | 7, 7, 7
Question: Which group is the intruder?","{""A"": ""4, 4, 4"", ""B"": ""5, 5"", ""C"": ""7, 7, 7"", ""D"": ""6, 6, 6""}",B
Anomaly Bench,204,straight_36581,broken_straight,,"Identify the anomaly (the card that does not fit the pattern) in the sequence.
Sequence: 3, 4, J, 6, 7
Question: Which card is the anomaly?","{""A"": ""7"", ""B"": ""3"", ""C"": ""4"", ""D"": ""J""}",D
Anomaly Bench,205,straight_13824,broken_straight,,"Identify the anomaly (the card that does not fit the pattern) in the sequence.
Sequence: 6, 7, 8, 4, 10
Question: Which card is the anomaly?","{""A"": ""4"", ""B"": ""6"", ""C"": ""7"", ""D"": ""8""}",A
Anomaly Bench,206,intruder_15938,intruder_detection,,"Identify the group of cards that does not fit the 'Trios' (three of a kind) pattern.
Sequence: 7, 7, 7 | 8, 8 | 9, 9, 9 | 10, 10, 10
Question: Which group is the intruder?","{""A"": ""9, 9, 9"", ""B"": ""7, 7, 7"", ""C"": ""10, 10, 10"", ""D"": ""8, 8""}",D
Anomaly Bench,207,straight_70447,broken_straight,,"Identify the anomaly (the card that does not fit the pattern) in the sequence.
Sequence: 9, 10, J, 5, K
Question: Which card is the anomaly?","{""A"": ""J"", ""B"": ""9"", ""C"": ""5"", ""D"": ""K""}",C
Anomaly Bench,208,intruder_71239,intruder_detection,,"Identify the group of cards that does not fit the 'Trios' (three of a kind) pattern.
Sequence: 5, 5, 5 | 6, 6, 6 | 7, 7 | 8, 8, 8
Question: Which group is the intruder?","{""A"": ""5, 5, 5"", ""B"": ""8, 8, 8"", ""C"": ""6, 6, 6"", ""D"": ""7, 7""}",D
Anomaly Bench,209,pair_49363,broken_pair,,"The sequence is composed of pairs. Find the card that breaks the pair pattern.
Sequence: 7, 7, 8, 6, 9, 9, 10, 10
Question: Which card is the anomaly?","{""A"": ""6"", ""B"": ""8"", ""C"": ""9"", ""D"": ""10""}",A
Anomaly Bench,210,straight_92571,broken_straight,,"Identify the anomaly (the card that does not fit the pattern) in the sequence.
Sequence: 3, 4, 5, 10, 7
Question: Which card is the anomaly?","{""A"": ""4"", ""B"": ""3"", ""C"": ""10"", ""D"": ""5""}",C
Anomaly Bench,211,straight_70914,broken_straight,,"Identify the anomaly (the card that does not fit the pattern) in the sequence.
Sequence: 5, 6, Q, 8, 9
Question: Which card is the anomaly?","{""A"": ""Q"", ""B"": ""8"", ""C"": ""9"", ""D"": ""5""}",A
Anomaly Bench,212,straight_80907,broken_straight,,"Identify the anomaly (the card that does not fit the pattern) in the sequence.
Sequence: 6, J, 8, 9, 10
Question: Which card is the anomaly?","{""A"": ""J"", ""B"": ""9"", ""C"": ""8"", ""D"": ""10""}",A
Anomaly Bench,213,straight_73049,broken_straight,,"Identify the anomaly (the card that does not fit the pattern) in the sequence.
Sequence: 8, 7, 10, J, Q
Question: Which card is the anomaly?","{""A"": ""Q"", ""B"": ""7"", ""C"": ""10"", ""D"": ""8""}",B
Anomaly Bench,214,straight_56899,broken_straight,,"Identify the anomaly (the card that does not fit the pattern) in the sequence.
Sequence: 4, 5, 6, 9, 8
Question: Which card is the anomaly?","{""A"": ""5"", ""B"": ""8"", ""C"": ""4"", ""D"": ""9""}",D
Anomaly Bench,215,pair_27995,broken_pair,,"The sequence is composed of pairs. Find the card that breaks the pair pattern.
Sequence: 6, 6, 7, 7, 8, 4, 9, 9
Question: Which card is the anomaly?","{""A"": ""4"", ""B"": ""9"", ""C"": ""8"", ""D"": ""7""}",A
Anomaly Bench,216,intruder_55312,intruder_detection,,"Identify the group of cards that does not fit the 'Trios' (three of a kind) pattern.
Sequence: 8, 8, 8 | 9, 9, 9 | 10, 10 | J, J, J
Question: Which group is the intruder?","{""A"": ""10, 10"", ""B"": ""9, 9, 9"", ""C"": ""J, J, J"", ""D"": ""8, 8, 8""}",A
Anomaly Bench,217,pair_74114,broken_pair,,"The sequence is composed of pairs. Find the card that breaks the pair pattern.
Sequence: 3, 3, 4, 4, 5, J, 6, 6
Question: Which card is the anomaly?","{""A"": ""3"", ""B"": ""4"", ""C"": ""6"", ""D"": ""J""}",D
Anomaly Bench,218,pair_48900,broken_pair,,"The sequence is composed of pairs. Find the card that breaks the pair pattern.
Sequence: 8, 8, 9, 2, 10, 10, J, J
Question: Which card is the anomaly?","{""A"": ""9"", ""B"": ""8"", ""C"": ""2"", ""D"": ""J""}",C
Anomaly Bench,219,pair_19119,broken_pair,,"The sequence is composed of pairs. Find the card that breaks the pair pattern.
Sequence: 9, 9, 10, 10, J, 5, Q, Q
Question: Which card is the anomaly?","{""A"": ""9"", ""B"": ""5"", ""C"": ""J"", ""D"": ""Q""}",B
Anomaly Bench,220,pair_99339,broken_pair,,"The sequence is composed of pairs. Find the card that breaks the pair pattern.
Sequence: 7, 7, 8, 8, 9, 4, 10, 10
Question: Which card is the anomaly?","{""A"": ""8"", ""B"": ""9"", ""C"": ""10"", ""D"": ""4""}",D
Anomaly Bench,221,straight_66177,broken_straight,,"Identify the anomaly (the card that does not fit the pattern) in the sequence.
Sequence: 7, 3, 9, 10, J
Question: Which card is the anomaly?","{""A"": ""7"", ""B"": ""3"", ""C"": ""J"", ""D"": ""10""}",B
Anomaly Bench,222,intruder_50952,intruder_detection,,"Identify the group of cards that does not fit the 'Trios' (three of a kind) pattern.
Sequence: 4, 4, 4 | 5, 5 | 6, 6, 6 | 7, 7, 7
Question: Which group is the intruder?","{""A"": ""5, 5"", ""B"": ""6, 6, 6"", ""C"": ""7, 7, 7"", ""D"": ""4, 4, 4""}",A
Anomaly Bench,223,intruder_39016,intruder_detection,,"Identify the group of cards that does not fit the 'Trios' (three of a kind) pattern.
Sequence: 3, 3, 3 | 4, 4 | 5, 5, 5 | 6, 6, 6
Question: Which group is the intruder?","{""A"": ""3, 3, 3"", ""B"": ""6, 6, 6"", ""C"": ""4, 4"", ""D"": ""5, 5, 5""}",C
Anomaly Bench,224,straight_90753,broken_straight,,"Identify the anomaly (the card that does not fit the pattern) in the sequence.
Sequence: 7, 8, 4, 10, J
Question: Which card is the anomaly?","{""A"": ""4"", ""B"": ""10"", ""C"": ""7"", ""D"": ""8""}",A
Anomaly Bench,225,straight_35570,broken_straight,,"Identify the anomaly (the card that does not fit the pattern) in the sequence.
Sequence: 5, 6, Q, 8, 9
Question: Which card is the anomaly?","{""A"": ""5"", ""B"": ""8"", ""C"": ""Q"", ""D"": ""9""}",C
Anomaly Bench,226,pair_59164,broken_pair,,"The sequence is composed of pairs. Find the card that breaks the pair pattern.
Sequence: 6, 6, 7, 7, 8, 2, 9, 9
Question: Which card is the anomaly?","{""A"": ""7"", ""B"": ""8"", ""C"": ""9"", ""D"": ""2""}",D
Anomaly Bench,227,straight_18616,broken_straight,,"Identify the anomaly (the card that does not fit the pattern) in the sequence.
Sequence: 3, 4, K, 6, 7
Question: Which card is the anomaly?","{""A"": ""K"", ""B"": ""7"", ""C"": ""3"", ""D"": ""4""}",A
Anomaly Bench,228,straight_53857,broken_straight,,"Identify the anomaly (the card that does not fit the pattern) in the sequence.
Sequence: 7, 8, 9, 6, J
Question: Which card is the anomaly?","{""A"": ""J"", ""B"": ""6"", ""C"": ""9"", ""D"": ""8""}",B
Anomaly Bench,229,straight_90856,broken_straight,,"Identify the anomaly (the card that does not fit the pattern) in the sequence.
Sequence: 5, 3, 7, 8, 9
Question: Which card is the anomaly?","{""A"": ""5"", ""B"": ""7"", ""C"": ""8"", ""D"": ""3""}",D
Anomaly Bench,230,pair_29126,broken_pair,,"The sequence is composed of pairs. Find the card that breaks the pair pattern.
Sequence: 3, 3, 4, Q, 5, 5, 6, 6
Question: Which card is the anomaly?","{""A"": ""6"", ""B"": ""4"", ""C"": ""Q"", ""D"": ""5""}",C
Anomaly Bench,231,intruder_47941,intruder_detection,,"Identify the group of cards that does not fit the 'Trios' (three of a kind) pattern.
Sequence: 5, 5, 5 | 6, 6 | 7, 7, 7 | 8, 8, 8
Question: Which group is the intruder?","{""A"": ""5, 5, 5"", ""B"": ""7, 7, 7"", ""C"": ""6, 6"", ""D"": ""8, 8, 8""}",C
Anomaly Bench,232,intruder_43824,intruder_detection,,"Identify the group of cards that does not fit the 'Trios' (three of a kind) pattern.
Sequence: 3, 3, 3 | 4, 4 | 5, 5, 5 | 6, 6, 6
Question: Which group is the intruder?","{""A"": ""3, 3, 3"", ""B"": ""6, 6, 6"", ""C"": ""5, 5, 5"", ""D"": ""4, 4""}",D
Anomaly Bench,233,straight_98492,broken_straight,,"Identify the anomaly (the card that does not fit the pattern) in the sequence.
Sequence: 8, K, 10, J, Q
Question: Which card is the anomaly?","{""A"": ""Q"", ""B"": ""8"", ""C"": ""K"", ""D"": ""J""}",C
Anomaly Bench,234,intruder_83454,intruder_detection,,"Identify the group of cards that does not fit the 'Trios' (three of a kind) pattern.
Sequence: 7, 7, 7 | 8, 8 | 9, 9, 9 | 10, 10, 10
Question: Which group is the intruder?","{""A"": ""8, 8"", ""B"": ""10, 10, 10"", ""C"": ""7, 7, 7"", ""D"": ""9, 9, 9""}",A
Anomaly Bench,235,intruder_77993,intruder_detection,,"Identify the group of cards that does not fit the 'Trios' (three of a kind) pattern.
Sequence: 5, 5, 5 | 6, 6, 6 | 7, 7 | 8, 8, 8
Question: Which group is the intruder?","{""A"": ""7, 7"", ""B"": ""5, 5, 5"", ""C"": ""8, 8, 8"", ""D"": ""6, 6, 6""}",A
Anomaly Bench,236,intruder_53292,intruder_detection,,"Identify the group of cards that does not fit the 'Trios' (three of a kind) pattern.
Sequence: 7, 7, 7 | 8, 8 | 9, 9, 9 | 10, 10, 10
Question: Which group is the intruder?","{""A"": ""8, 8"", ""B"": ""10, 10, 10"", ""C"": ""9, 9, 9"", ""D"": ""7, 7, 7""}",A
Anomaly Bench,237,pair_51614,broken_pair,,"The sequence is composed of pairs. Find the card that breaks the pair pattern.
Sequence: 7, 7, 8, 6, 9, 9, 10, 10
Question: Which card is the anomaly?","{""A"": ""10"", ""B"": ""9"", ""C"": ""8"", ""D"": ""6""}",D
Anomaly Bench,238,straight_98931,broken_straight,,"Identify the anomaly (the card that does not fit the pattern) in the sequence.
Sequence: 8, 9, 10, 7, Q
Question: Which card is the anomaly?","{""A"": ""7"", ""B"": ""10"", ""C"": ""9"", ""D"": ""Q""}",A
Anomaly Bench,239,pair_85626,broken_pair,,"The sequence is composed of pairs. Find the card that breaks the pair pattern.
Sequence: 8, 8, 9, 6, 10, 10, J, J
Question: Which card is the anomaly?","{""A"": ""10"", ""B"": ""J"", ""C"": ""6"", ""D"": ""9""}",C
Anomaly Bench,240,intruder_88104,intruder_detection,,"Identify the group of cards that does not fit the 'Trios' (three of a kind) pattern.
Sequence: 6, 6, 6 | 7, 7, 7 | 8, 8 | 9, 9, 9
Question: Which group is the intruder?","{""A"": ""9, 9, 9"", ""B"": ""6, 6, 6"", ""C"": ""7, 7, 7"", ""D"": ""8, 8""}",D
Anomaly Bench,241,straight_41300,broken_straight,,"Identify the anomaly (the card that does not fit the pattern) in the sequence.
Sequence: 3, 4, 5, A, 7
Question: Which card is the anomaly?","{""A"": ""4"", ""B"": ""7"", ""C"": ""5"", ""D"": ""A""}",D
Anomaly Bench,242,straight_90046,broken_straight,,"Identify the anomaly (the card that does not fit the pattern) in the sequence.
Sequence: 6, 7, A, 9, 10
Question: Which card is the anomaly?","{""A"": ""10"", ""B"": ""A"", ""C"": ""9"", ""D"": ""7""}",B
Anomaly Bench,243,pair_84940,broken_pair,,"The sequence is composed of pairs. Find the card that breaks the pair pattern.
Sequence: 6, 6, 7, 7, 8, 4, 9, 9
Question: Which card is the anomaly?","{""A"": ""9"", ""B"": ""8"", ""C"": ""4"", ""D"": ""6""}",C
Anomaly Bench,244,straight_69622,broken_straight,,"Identify the anomaly (the card that does not fit the pattern) in the sequence.
Sequence: 8, 9, K, J, Q
Question: Which card is the anomaly?","{""A"": ""Q"", ""B"": ""J"", ""C"": ""9"", ""D"": ""K""}",D
Anomaly Bench,245,straight_20654,broken_straight,,"Identify the anomaly (the card that does not fit the pattern) in the sequence.
Sequence: 7, 2, 9, 10, J
Question: Which card is the anomaly?","{""A"": ""9"", ""B"": ""10"", ""C"": ""2"", ""D"": ""J""}",C
Anomaly Bench,246,straight_49033,broken_straight,,"Identify the anomaly (the card that does not fit the pattern) in the sequence.
Sequence: 9, 4, J, Q, K
Question: Which card is the anomaly?","{""A"": ""9"", ""B"": ""J"", ""C"": ""K"", ""D"": ""4""}",D
Anomaly Bench,247,intruder_63964,intruder_detection,,"Identify the group of cards that does not fit the 'Trios' (three of a kind) pattern.
Sequence: 4, 4, 4 | 5, 5 | 6, 6, 6 | 7, 7, 7
Question: Which group is the intruder?","{""A"": ""5, 5"", ""B"": ""4, 4, 4"", ""C"": ""7, 7, 7"", ""D"": ""6, 6, 6""}",A
Anomaly Bench,248,intruder_48075,intruder_detection,,"Identify the group of cards that does not fit the 'Trios' (three of a kind) pattern.
Sequence: 4, 4, 4 | 5, 5, 5 | 6, 6 | 7, 7, 7
Question: Which group is the intruder?","{""A"": ""5, 5, 5"", ""B"": ""7, 7, 7"", ""C"": ""4, 4, 4"", ""D"": ""6, 6""}",D
Anomaly Bench,249,pair_22058,broken_pair,,"The sequence is composed of pairs. Find the card that breaks the pair pattern.
Sequence: 3, 3, 4, K, 5, 5, 6, 6
Question: Which card is the anomaly?","{""A"": ""6"", ""B"": ""K"", ""C"": ""3"", ""D"": ""5""}",B
Anomaly Bench,250,straight_25594,broken_straight,,"Identify the anomaly (the card that does not fit the pattern) in the sequence.
Sequence: 5, 4, 7, 8, 9
Question: Which card is the anomaly?","{""A"": ""4"", ""B"": ""5"", ""C"": ""9"", ""D"": ""7""}",A
Anomaly Bench,251,pair_58336,broken_pair,,"The sequence is composed of pairs. Find the card that breaks the pair pattern.
Sequence: 3, 3, 4, 4, 5, 7, 6, 6
Question: Which card is the anomaly?","{""A"": ""7"", ""B"": ""5"", ""C"": ""6"", ""D"": ""3""}",A
Anomaly Bench,252,straight_44568,broken_straight,,"Identify the anomaly (the card that does not fit the pattern) in the sequence.
Sequence: 8, 9, 10, 3, Q
Question: Which card is the anomaly?","{""A"": ""3"", ""B"": ""Q"", ""C"": ""10"", ""D"": ""8""}",A
Anomaly Bench,253,pair_69516,broken_pair,,"The sequence is composed of pairs. Find the card that breaks the pair pattern.
Sequence: 8, 8, 9, A, 10, 10, J, J
Question: Which card is the anomaly?","{""A"": ""J"", ""B"": ""9"", ""C"": ""8"", ""D"": ""A""}",D
Anomaly Bench,254,intruder_42493,intruder_detection,,"Identify the group of cards that does not fit the 'Trios' (three of a kind) pattern.
Sequence: 6, 6, 6 | 7, 7 | 8, 8, 8 | 9, 9, 9
Question: Which group is the intruder?","{""A"": ""7, 7"", ""B"": ""8, 8, 8"", ""C"": ""9, 9, 9"", ""D"": ""6, 6, 6""}",A
Anomaly Bench,255,straight_79479,broken_straight,,"Identify the anomaly (the card that does not fit the pattern) in the sequence.
Sequence: 3, 10, 5, 6, 7
Question: Which card is the anomaly?","{""A"": ""6"", ""B"": ""7"", ""C"": ""10"", ""D"": ""3""}",C
Anomaly Bench,256,straight_16740,broken_straight,,"Identify the anomaly (the card that does not fit the pattern) in the sequence.
Sequence: 8, 9, 10, 2, Q
Question: Which card is the anomaly?","{""A"": ""9"", ""B"": ""2"", ""C"": ""8"", ""D"": ""10""}",B
Anomaly Bench,257,straight_50130,broken_straight,,"Identify the anomaly (the card that does not fit the pattern) in the sequence.
Sequence: 4, Q, 6, 7, 8
Question: Which card is the anomaly?","{""A"": ""6"", ""B"": ""4"", ""C"": ""Q"", ""D"": ""7""}",C
Anomaly Bench,258,straight_99377,broken_straight,,"Identify the anomaly (the card that does not fit the pattern) in the sequence.
Sequence: 4, 5, 6, J, 8
Question: Which card is the anomaly?","{""A"": ""5"", ""B"": ""8"", ""C"": ""J"", ""D"": ""4""}",C
Anomaly Bench,259,intruder_54887,intruder_detection,,"Identify the group of cards that does not fit the 'Trios' (three of a kind) pattern.
Sequence: 6, 6, 6 | 7, 7, 7 | 8, 8 | 9, 9, 9
Question: Which group is the intruder?","{""A"": ""7, 7, 7"", ""B"": ""9, 9, 9"", ""C"": ""6, 6, 6"", ""D"": ""8, 8""}",D
Anomaly Bench,260,straight_87119,broken_straight,,"Identify the anomaly (the card that does not fit the pattern) in the sequence.
Sequence: 5, Q, 7, 8, 9
Question: Which card is the anomaly?","{""A"": ""Q"", ""B"": ""7"", ""C"": ""5"", ""D"": ""8""}",A
Anomaly Bench,261,intruder_49136,intruder_detection,,"Identify the group of cards that does not fit the 'Trios' (three of a kind) pattern.
Sequence: 6, 6, 6 | 7, 7 | 8, 8, 8 | 9, 9, 9
Question: Which group is the intruder?","{""A"": ""8, 8, 8"", ""B"": ""7, 7"", ""C"": ""9, 9, 9"", ""D"": ""6, 6, 6""}",B
Anomaly Bench,262,straight_61359,broken_straight,,"Identify the anomaly (the card that does not fit the pattern) in the sequence.
Sequence: 5, K, 7, 8, 9
Question: Which card is the anomaly?","{""A"": ""8"", ""B"": ""7"", ""C"": ""9"", ""D"": ""K""}",D
Anomaly Bench,263,intruder_11998,intruder_detection,,"Identify the group of cards that does not fit the 'Trios' (three of a kind) pattern.
Sequence: 6, 6, 6 | 7, 7 | 8, 8, 8 | 9, 9, 9
Question: Which group is the intruder?","{""A"": ""8, 8, 8"", ""B"": ""6, 6, 6"", ""C"": ""7, 7"", ""D"": ""9, 9, 9""}",C
Anomaly Bench,264,pair_98486,broken_pair,,"The sequence is composed of pairs. Find the card that breaks the pair pattern.
Sequence: 3, 3, 4, 4, 5, 2, 6, 6
Question: Which card is the anomaly?","{""A"": ""3"", ""B"": ""6"", ""C"": ""5"", ""D"": ""2""}",D
Anomaly Bench,265,pair_91446,broken_pair,,"The sequence is composed of pairs. Find the card that breaks the pair pattern.
Sequence: 4, 4, 5, 5, 6, 8, 7, 7
Question: Which card is the anomaly?","{""A"": ""7"", ""B"": ""8"", ""C"": ""6"", ""D"": ""5""}",B
Anomaly Bench,266,pair_21268,broken_pair,,"The sequence is composed of pairs. Find the card that breaks the pair pattern.
Sequence: 6, 6, 7, 5, 8, 8, 9, 9
Question: Which card is the anomaly?","{""A"": ""9"", ""B"": ""7"", ""C"": ""6"", ""D"": ""5""}",D
Anomaly Bench,267,pair_46647,broken_pair,,"The sequence is composed of pairs. Find the card that breaks the pair pattern.
Sequence: 3, 3, 4, 4, 5, 2, 6, 6
Question: Which card is the anomaly?","{""A"": ""4"", ""B"": ""5"", ""C"": ""2"", ""D"": ""3""}",C
Anomaly Bench,268,pair_98915,broken_pair,,"The sequence is composed of pairs. Find the card that breaks the pair pattern.
Sequence: 4, 4, 5, J, 6, 6, 7, 7
Question: Which card is the anomaly?","{""A"": ""J"", ""B"": ""4"", ""C"": ""7"", ""D"": ""5""}",A
Anomaly Bench,269,pair_45084,broken_pair,,"The sequence is composed of pairs. Find the card that breaks the pair pattern.
Sequence: 5, 5, 6, 4, 7, 7, 8, 8
Question: Which card is the anomaly?","{""A"": ""4"", ""B"": ""5"", ""C"": ""7"", ""D"": ""8""}",A
Anomaly Bench,270,straight_67645,broken_straight,,"Identify the anomaly (the card that does not fit the pattern) in the sequence.
Sequence: 9, A, J, Q, K
Question: Which card is the anomaly?","{""A"": ""A"", ""B"": ""K"", ""C"": ""Q"", ""D"": ""9""}",A
Anomaly Bench,271,intruder_84378,intruder_detection,,"Identify the group of cards that does not fit the 'Trios' (three of a kind) pattern.
Sequence: 8, 8, 8 | 9, 9 | 10, 10, 10 | J, J, J
Question: Which group is the intruder?","{""A"": ""8, 8, 8"", ""B"": ""10, 10, 10"", ""C"": ""J, J, J"", ""D"": ""9, 9""}",D
Anomaly Bench,272,intruder_81704,intruder_detection,,"Identify the group of cards that does not fit the 'Trios' (three of a kind) pattern.
Sequence: 6, 6, 6 | 7, 7, 7 | 8, 8 | 9, 9, 9
Question: Which group is the intruder?","{""A"": ""7, 7, 7"", ""B"": ""9, 9, 9"", ""C"": ""6, 6, 6"", ""D"": ""8, 8""}",D
Anomaly Bench,273,intruder_28147,intruder_detection,,"Identify the group of cards that does not fit the 'Trios' (three of a kind) pattern.
Sequence: 5, 5, 5 | 6, 6 | 7, 7, 7 | 8, 8, 8
Question: Which group is the intruder?","{""A"": ""5, 5, 5"", ""B"": ""8, 8, 8"", ""C"": ""6, 6"", ""D"": ""7, 7, 7""}",C
Anomaly Bench,274,straight_56529,broken_straight,,"Identify the anomaly (the card that does not fit the pattern) in the sequence.
Sequence: 5, 6, 7, A, 9
Question: Which card is the anomaly?","{""A"": ""5"", ""B"": ""7"", ""C"": ""A"", ""D"": ""6""}",C
Anomaly Bench,275,intruder_82568,intruder_detection,,"Identify the group of cards that does not fit the 'Trios' (three of a kind) pattern.
Sequence: 5, 5, 5 | 6, 6 | 7, 7, 7 | 8, 8, 8
Question: Which group is the intruder?","{""A"": ""8, 8, 8"", ""B"": ""7, 7, 7"", ""C"": ""5, 5, 5"", ""D"": ""6, 6""}",D
Anomaly Bench,276,pair_71291,broken_pair,,"The sequence is composed of pairs. Find the card that breaks the pair pattern.
Sequence: 5, 5, 6, 6, 7, J, 8, 8
Question: Which card is the anomaly?","{""A"": ""J"", ""B"": ""5"", ""C"": ""6"", ""D"": ""8""}",A
Anomaly Bench,277,straight_99597,broken_straight,,"Identify the anomaly (the card that does not fit the pattern) in the sequence.
Sequence: 8, 5, 10, J, Q
Question: Which card is the anomaly?","{""A"": ""J"", ""B"": ""8"", ""C"": ""5"", ""D"": ""10""}",C
Anomaly Bench,278,straight_98272,broken_straight,,"Identify the anomaly (the card that does not fit the pattern) in the sequence.
Sequence: 4, 5, 9, 7, 8
Question: Which card is the anomaly?","{""A"": ""9"", ""B"": ""4"", ""C"": ""7"", ""D"": ""5""}",A
Anomaly Bench,279,straight_78274,broken_straight,,"Identify the anomaly (the card that does not fit the pattern) in the sequence.
Sequence: 8, 9, 10, K, Q
Question: Which card is the anomaly?","{""A"": ""Q"", ""B"": ""9"", ""C"": ""K"", ""D"": ""8""}",C
Anomaly Bench,280,pair_63346,broken_pair,,"The sequence is composed of pairs. Find the card that breaks the pair pattern.
Sequence: 6, 6, 7, 2, 8, 8, 9, 9
Question: Which card is the anomaly?","{""A"": ""2"", ""B"": ""9"", ""C"": ""8"", ""D"": ""6""}",A
Anomaly Bench,281,pair_63416,broken_pair,,"The sequence is composed of pairs. Find the card that breaks the pair pattern.
Sequence: 5, 5, 6, 9, 7, 7, 8, 8
Question: Which card is the anomaly?","{""A"": ""5"", ""B"": ""8"", ""C"": ""9"", ""D"": ""6""}",C
Anomaly Bench,282,pair_18755,broken_pair,,"The sequence is composed of pairs. Find the card that breaks the pair pattern.
Sequence: 8, 8, 9, 9, 10, 6, J, J
Question: Which card is the anomaly?","{""A"": ""J"", ""B"": ""10"", ""C"": ""9"", ""D"": ""6""}",D
Anomaly Bench,283,pair_76647,broken_pair,,"The sequence is composed of pairs. Find the card that breaks the pair pattern.
Sequence: 8, 8, 9, 9, 10, 6, J, J
Question: Which card is the anomaly?","{""A"": ""9"", ""B"": ""10"", ""C"": ""J"", ""D"": ""6""}",D
Anomaly Bench,284,straight_83211,broken_straight,,"Identify the anomaly (the card that does not fit the pattern) in the sequence.
Sequence: 4, 5, 6, 9, 8
Question: Which card is the anomaly?","{""A"": ""5"", ""B"": ""4"", ""C"": ""8"", ""D"": ""9""}",D
Anomaly Bench,285,intruder_83578,intruder_detection,,"Identify the group of cards that does not fit the 'Trios' (three of a kind) pattern.
Sequence: 8, 8, 8 | 9, 9 | 10, 10, 10 | J, J, J
Question: Which group is the intruder?","{""A"": ""10, 10, 10"", ""B"": ""9, 9"", ""C"": ""8, 8, 8"", ""D"": ""J, J, J""}",B
Anomaly Bench,286,straight_28840,broken_straight,,"Identify the anomaly (the card that does not fit the pattern) in the sequence.
Sequence: 3, Q, 5, 6, 7
Question: Which card is the anomaly?","{""A"": ""Q"", ""B"": ""3"", ""C"": ""7"", ""D"": ""5""}",A
Anomaly Bench,287,pair_72704,broken_pair,,"The sequence is composed of pairs. Find the card that breaks the pair pattern.
Sequence: 7, 7, 8, A, 9, 9, 10, 10
Question: Which card is the anomaly?","{""A"": ""7"", ""B"": ""10"", ""C"": ""8"", ""D"": ""A""}",D
Anomaly Bench,288,pair_87812,broken_pair,,"The sequence is composed of pairs. Find the card that breaks the pair pattern.
Sequence: 3, 3, 4, Q, 5, 5, 6, 6
Question: Which card is the anomaly?","{""A"": ""5"", ""B"": ""4"", ""C"": ""6"", ""D"": ""Q""}",D
Anomaly Bench,289,straight_42286,broken_straight,,"Identify the anomaly (the card that does not fit the pattern) in the sequence.
Sequence: 5, 6, 7, 3, 9
Question: Which card is the anomaly?","{""A"": ""9"", ""B"": ""6"", ""C"": ""3"", ""D"": ""5""}",C
Anomaly Bench,290,intruder_55959,intruder_detection,,"Identify the group of cards that does not fit the 'Trios' (three of a kind) pattern.
Sequence: 3, 3, 3 | 4, 4, 4 | 5, 5 | 6, 6, 6
Question: Which group is the intruder?","{""A"": ""6, 6, 6"", ""B"": ""3, 3, 3"", ""C"": ""5, 5"", ""D"": ""4, 4, 4""}",C
Anomaly Bench,291,straight_49489,broken_straight,,"Identify the anomaly (the card that does not fit the pattern) in the sequence.
Sequence: 7, 8, Q, 10, J
Question: Which card is the anomaly?","{""A"": ""J"", ""B"": ""Q"", ""C"": ""10"", ""D"": ""8""}",B
Anomaly Bench,292,straight_31546,broken_straight,,"Identify the anomaly (the card that does not fit the pattern) in the sequence.
Sequence: 4, A, 6, 7, 8
Question: Which card is the anomaly?","{""A"": ""8"", ""B"": ""7"", ""C"": ""A"", ""D"": ""6""}",C
Anomaly Bench,293,intruder_42322,intruder_detection,,"Identify the group of cards that does not fit the 'Trios' (three of a kind) pattern.
Sequence: 3, 3, 3 | 4, 4, 4 | 5, 5 | 6, 6, 6
Question: Which group is the intruder?","{""A"": ""4, 4, 4"", ""B"": ""5, 5"", ""C"": ""6, 6, 6"", ""D"": ""3, 3, 3""}",B
Anomaly Bench,294,pair_25430,broken_pair,,"The sequence is composed of pairs. Find the card that breaks the pair pattern.
Sequence: 9, 9, 10, 10, J, 5, Q, Q
Question: Which card is the anomaly?","{""A"": ""J"", ""B"": ""5"", ""C"": ""10"", ""D"": ""Q""}",B
Anomaly Bench,295,intruder_62965,intruder_detection,,"Identify the group of cards that does not fit the 'Trios' (three of a kind) pattern.
Sequence: 3, 3, 3 | 4, 4, 4 | 5, 5 | 6, 6, 6
Question: Which group is the intruder?","{""A"": ""6, 6, 6"", ""B"": ""4, 4, 4"", ""C"": ""3, 3, 3"", ""D"": ""5, 5""}",D
Anomaly Bench,296,straight_96324,broken_straight,,"Identify the anomaly (the card that does not fit the pattern) in the sequence.
Sequence: 7, 8, 4, 10, J
Question: Which card is the anomaly?","{""A"": ""J"", ""B"": ""4"", ""C"": ""8"", ""D"": ""7""}",B
Anomaly Bench,297,straight_58026,broken_straight,,"Identify the anomaly (the card that does not fit the pattern) in the sequence.
Sequence: 5, 6, 7, 2, 9
Question: Which card is the anomaly?","{""A"": ""5"", ""B"": ""7"", ""C"": ""9"", ""D"": ""2""}",D
Anomaly Bench,298,intruder_72777,intruder_detection,,"Identify the group of cards that does not fit the 'Trios' (three of a kind) pattern.
Sequence: 8, 8, 8 | 9, 9, 9 | 10, 10 | J, J, J
Question: Which group is the intruder?","{""A"": ""8, 8, 8"", ""B"": ""J, J, J"", ""C"": ""9, 9, 9"", ""D"": ""10, 10""}",D
Anomaly Bench,299,straight_79804,broken_straight,,"Identify the anomaly (the card that does not fit the pattern) in the sequence.
Sequence: 7, 8, 9, 6, J
Question: Which card is the anomaly?","{""A"": ""J"", ""B"": ""7"", ""C"": ""6"", ""D"": ""9""}",C
Anomaly Bench,300,pair_63364,broken_pair,,"The sequence is composed of pairs. Find the card that breaks the pair pattern.
Sequence: 8, 8, 9, 9, 10, 6, J, J
Question: Which card is the anomaly?","{""A"": ""6"", ""B"": ""J"", ""C"": ""8"", ""D"": ""9""}",A
Final repaired ACL Bench,1,8496,counter_logic,,"集合 S = {6, 7, 9, 12}，从 S 中选出严格大于 12 的最小元素。
该函数的返回值应为？（若集合中不存在满足条件的元素，请选「集合中无满足条件的元素」）","{""A"": ""9"", ""B"": ""集合中无满足条件的元素"", ""C"": ""6"", ""D"": ""7""}",B
Final repaired ACL Bench,2,9817,hierarchy_logic,,"在材料强度测试规范中，强度等级由高到低依次为：级别-五 > 级别-四 > 级别-三 > 级别-二 > 级别-一。
承受体当前等级为「级别-二」，攻击源强度等级为「级别-一」。
该攻击源是否具有击穿/覆盖承受体的强度？","{""A"": ""无法判断"", ""B"": ""能够覆盖 / 可以"", ""C"": ""不能覆盖 / 不可以"", ""D"": ""规则不适用""}",C
Final repaired ACL Bench,3,5533,hierarchy_logic,,"审批流程规则中，审批权限由高到低依次为：极密 > 机密 > 秘密 > 内部 > 公开。
该申请已由「公开」级别完成审批，「秘密」级别提出复核申请。
该复核是否具有覆盖当前审批结果的权限？","{""A"": ""无法判断"", ""B"": ""不能覆盖 / 不可以"", ""C"": ""规则不适用"", ""D"": ""能够覆盖 / 可以""}",D
Final repaired ACL Bench,4,2354,counter_logic,,"集合 S = {6, 7, 9, 14}，从 S 中选出严格大于 10 的最小元素。
该函数的返回值应为？","{""A"": ""9"", ""B"": ""6"", ""C"": ""7"", ""D"": ""14""}",D
Final repaired ACL Bench,5,2137,hierarchy_logic,,"系统访问控制规则：权限层级为 极密 > 机密 > 秘密 > 内部 > 公开。
目标资源的保护级别是「机密」，用户持有的访问令牌级别为「极密」。
该用户能否成功访问此资源？","{""A"": ""能够覆盖 / 可以"", ""B"": ""无法判断"", ""C"": ""不能覆盖 / 不可以"", ""D"": ""规则不适用""}",A
Final repaired ACL Bench,6,7761,counter_logic,,"某学术课题遴选要求：入围者得分必须严格高于 16 分。
候选人得分列表为：[10, 15, 16, 21] 分。
最低入围得分应为哪个？","{""A"": ""10"", ""B"": ""21"", ""C"": ""15"", ""D"": ""16""}",B
Final repaired ACL Bench,7,6655,pattern_recognition,,"数列延续：9, 14, 19, 24, 29, ?
按照既定模式，下一项是？","{""A"": ""40"", ""B"": ""34"", ""C"": ""33"", ""D"": ""35""}",B
Final repaired ACL Bench,8,2827,hierarchy_logic,,"在材料强度测试规范中，强度等级由高到低依次为：钻石 > 铂金 > 黄金 > 白银 > 青铜。
承受体当前等级为「铂金」，攻击源强度等级为「钻石」。
该攻击源是否具有击穿/覆盖承受体的强度？","{""A"": ""能够覆盖 / 可以"", ""B"": ""不能覆盖 / 不可以"", ""C"": ""规则不适用"", ""D"": ""无法判断""}",A
Final repaired ACL Bench,9,7484,pattern_recognition,,"数列延续：3, 7, 11, 15, ?
按照既定模式，下一项是？","{""A"": ""20"", ""B"": ""19"", ""C"": ""18"", ""D"": ""24""}",B
Final repaired ACL Bench,10,6925,hierarchy_logic,,"在材料强度测试规范中，强度等级由高到低依次为：董事会 > 总裁办公室 > 业务部门 > 项目组 > 个人。
承受体当前等级为「总裁办公室」，攻击源强度等级为「董事会」。
该攻击源是否具有击穿/覆盖承受体的强度？","{""A"": ""规则不适用"", ""B"": ""不能覆盖 / 不可以"", ""C"": ""无法判断"", ""D"": ""能够覆盖 / 可以""}",D
Final repaired ACL Bench,11,2923,counter_logic,,"某大件物流关卡规定：本通道仅允许总载重量严格大于 4 吨的重型车辆通行（过滤轻型车）。
当前候选车辆载重量为：[1, 2, 3, 10] 吨。
满足要求且载重量最低的车辆是哪个？","{""A"": ""10"", ""B"": ""1"", ""C"": ""2"", ""D"": ""3""}",A
Final repaired ACL Bench,12,4502,hierarchy_logic,,"在某权限控制体系中，级别由高到低依次为：特级 > 一级 > 二级 > 三级 > 四级。
当前资源处于「二级」级别锁定状态，认证凭证所属级别为「特级」。
该凭证是否具备解锁权限？","{""A"": ""能够覆盖 / 可以"", ""B"": ""无法判断"", ""C"": ""不能覆盖 / 不可以"", ""D"": ""规则不适用""}",A
Final repaired ACL Bench,13,5820,hierarchy_logic,,"在材料强度测试规范中，强度等级由高到低依次为：极密 > 机密 > 秘密 > 内部 > 公开。
承受体当前等级为「内部」，攻击源强度等级为「公开」。
该攻击源是否具有击穿/覆盖承受体的强度？","{""A"": ""能够覆盖 / 可以"", ""B"": ""无法判断"", ""C"": ""不能覆盖 / 不可以"", ""D"": ""规则不适用""}",C
Final repaired ACL Bench,14,2946,counter_logic,,"化学实验要求：反应炉内温度必须严格高于 9 摄氏度。
可调节档位（摄氏度）：[2, 5, 6, 14]。
能满足安全要求且能耗最小的温度档位是？","{""A"": ""14"", ""B"": ""6"", ""C"": ""2"", ""D"": ""5""}",A
Final repaired ACL Bench,15,2735,counter_logic,,"某大件物流关卡规定：本通道仅允许总载重量严格大于 20 吨的重型车辆通行（过滤轻型车）。
当前候选车辆载重量为：[12, 17, 19, 20] 吨。
满足要求且载重量最低的车辆是哪个？（若所有车辆均不达标准，请选「无达标车辆」）","{""A"": ""无达标车辆"", ""B"": ""20"", ""C"": ""19"", ""D"": ""17""}",A
Final repaired ACL Bench,16,5386,hierarchy_logic,,"审批流程规则中，审批权限由高到低依次为：极密 > 机密 > 秘密 > 内部 > 公开。
该申请已由「机密」级别完成审批，「极密」级别提出复核申请。
该复核是否具有覆盖当前审批结果的权限？","{""A"": ""规则不适用"", ""B"": ""无法判断"", ""C"": ""不能覆盖 / 不可以"", ""D"": ""能够覆盖 / 可以""}",D
Final repaired ACL Bench,17,2395,hierarchy_logic,,"在材料强度测试规范中，强度等级由高到低依次为：总部 > 大区 > 分区 > 分支 > 节点。
承受体当前等级为「总部」，攻击源强度等级为「分区」。
该攻击源是否具有击穿/覆盖承受体的强度？","{""A"": ""不能覆盖 / 不可以"", ""B"": ""规则不适用"", ""C"": ""无法判断"", ""D"": ""能够覆盖 / 可以""}",A
Final repaired ACL Bench,18,9837,hierarchy_logic,,"审批流程规则中，审批权限由高到低依次为：一级响应 > 二级响应 > 三级响应 > 四级响应 > 日常局。
该申请已由「四级响应」级别完成审批，「日常局」级别提出复核申请。
该复核是否具有覆盖当前审批结果的权限？","{""A"": ""无法判断"", ""B"": ""规则不适用"", ""C"": ""能够覆盖 / 可以"", ""D"": ""不能覆盖 / 不可以""}",D
Final repaired ACL Bench,19,5871,hierarchy_logic,,"在某权限控制体系中，级别由高到低依次为：极密 > 机密 > 秘密 > 内部 > 公开。
当前资源处于「内部」级别锁定状态，认证凭证所属级别为「公开」。
该凭证是否具备解锁权限？","{""A"": ""不能覆盖 / 不可以"", ""B"": ""无法判断"", ""C"": ""能够覆盖 / 可以"", ""D"": ""规则不适用""}",A
Final repaired ACL Bench,20,3399,counter_logic,,"化学实验要求：反应炉内温度必须严格高于 12 摄氏度。
可调节档位（摄氏度）：[5, 7, 9, 19]。
能满足安全要求且能耗最小的温度档位是？","{""A"": ""19"", ""B"": ""7"", ""C"": ""9"", ""D"": ""5""}",A
Final repaired ACL Bench,21,5526,hierarchy_logic,,"审批流程规则中，审批权限由高到低依次为：S级 > A级 > B级 > C级 > D级。
该申请已由「A级」级别完成审批，「C级」级别提出复核申请。
该复核是否具有覆盖当前审批结果的权限？","{""A"": ""不能覆盖 / 不可以"", ""B"": ""规则不适用"", ""C"": ""能够覆盖 / 可以"", ""D"": ""无法判断""}",A
Final repaired ACL Bench,22,8033,pattern_recognition,,"观察以下等差数列：2, 6, 10, 14, 18, ?
根据规律，?处应填入哪个数字？","{""A"": ""21"", ""B"": ""23"", ""C"": ""22"", ""D"": ""27""}",C
Final repaired ACL Bench,23,6000,hierarchy_logic,,"在某权限控制体系中，级别由高到低依次为：一级响应 > 二级响应 > 三级响应 > 四级响应 > 日常局。
当前资源处于「日常局」级别锁定状态，认证凭证所属级别为「二级响应」。
该凭证是否具备解锁权限？","{""A"": ""能够覆盖 / 可以"", ""B"": ""无法判断"", ""C"": ""规则不适用"", ""D"": ""不能覆盖 / 不可以""}",A
Final repaired ACL Bench,24,8179,pattern_recognition,,"异常检测：序列 8, 11, 16, 17, 20 中哪个数字偏离了等差模式？","{""A"": ""11"", ""B"": ""17"", ""C"": ""16"", ""D"": ""8""}",C
Final repaired ACL Bench,25,6649,pattern_recognition,,"在数列 8, 9, 10, 12, 12 中，识别出违反等差规律的元素：","{""A"": ""10"", ""B"": ""9"", ""C"": ""8"", ""D"": ""12""}",D
Final repaired ACL Bench,26,1645,pattern_recognition,,"逻辑规则：合规数列要求每相邻两项差值恒定为 2。
下列选项中哪个满足要求？","{""A"": ""4-6-8-10-14"", ""B"": ""4-6-8-10-12"", ""C"": ""4-6-8-8-12"", ""D"": ""4-5-8-10-12""}",B
Final repaired ACL Bench,27,5500,pattern_recognition,,"数列延续：9, 11, 13, 15, ?
按照既定模式，下一项是？","{""A"": ""17"", ""B"": ""18"", ""C"": ""16"", ""D"": ""20""}",A
Final repaired ACL Bench,28,3050,pattern_recognition,,"以下序列中，有且仅有一个数字破坏了等差规律：
4, 6, 7, 10, 12
请找出这个不符合规律的数字。","{""A"": ""6"", ""B"": ""10"", ""C"": ""7"", ""D"": ""12""}",C
Final repaired ACL Bench,29,5161,pattern_recognition,,"逻辑规则：合规数列要求每相邻两项差值恒定为 1。
下列选项中哪个满足要求？","{""A"": ""2-3-4-5-6"", ""B"": ""2-4-4-6"", ""C"": ""2-3-4-5-5"", ""D"": ""2-3-4-5-7""}",A
Final repaired ACL Bench,30,2160,hierarchy_logic,,"在某权限控制体系中，级别由高到低依次为：特级 > 一级 > 二级 > 三级 > 四级。
当前资源处于「一级」级别锁定状态，认证凭证所属级别为「特级」。
该凭证是否具备解锁权限？","{""A"": ""无法判断"", ""B"": ""不能覆盖 / 不可以"", ""C"": ""规则不适用"", ""D"": ""能够覆盖 / 可以""}",D
Final repaired ACL Bench,31,9331,pattern_recognition,,"序列补全：12, 14, 16, 18, 20, 22, ?
缺失的数字应该是？","{""A"": ""27"", ""B"": ""25"", ""C"": ""23"", ""D"": ""24""}",D
Final repaired ACL Bench,32,7652,counter_logic,,"某学术课题遴选要求：入围者得分必须严格高于 7 分。
候选人得分列表为：[3, 5, 6, 12] 分。
最低入围得分应为哪个？","{""A"": ""3"", ""B"": ""5"", ""C"": ""12"", ""D"": ""6""}",C
Final repaired ACL Bench,33,8348,counter_logic,,"某大件物流关卡规定：本通道仅允许总载重量严格大于 11 吨的重型车辆通行（过滤轻型车）。
当前候选车辆载重量为：[5, 7, 8, 12] 吨。
满足要求且载重量最低的车辆是哪个？","{""A"": ""12"", ""B"": ""7"", ""C"": ""8"", ""D"": ""5""}",A
Final repaired ACL Bench,34,6381,pattern_recognition,,"观察以下等差数列：11, 13, 15, 17, 19, 21, ?
根据规律，?处应填入哪个数字？","{""A"": ""23"", ""B"": ""24"", ""C"": ""26"", ""D"": ""22""}",A
Final repaired ACL Bench,35,9984,pattern_recognition,,"在某数学认证规则中，「合法数列」定义为：公差严格为 3 的递增等差数列。
以下哪个序列是合法的？","{""A"": ""8-11-14-14"", ""B"": ""9-11-14-17"", ""C"": ""8-11-14-20"", ""D"": ""8-11-14-17""}",D
Final repaired ACL Bench,36,2886,pattern_recognition,,"数列验证标准：有效序列必须是公差为 1 的连续递增数列。
请识别出符合标准的序列：","{""A"": ""3-4-4-6-7"", ""B"": ""3-4-5-6-8"", ""C"": ""3-4-5-6-7"", ""D"": ""3-4-5-6-8""}",C
Final repaired ACL Bench,37,1693,pattern_recognition,,"以下序列中，有且仅有一个数字破坏了等差规律：
3, 4, 7, 6, 7
请找出这个不符合规律的数字。","{""A"": ""3"", ""B"": ""6"", ""C"": ""7"", ""D"": ""4""}",C
Final repaired ACL Bench,38,4501,hierarchy_logic,,"在某权限控制体系中，级别由高到低依次为：钻石 > 铂金 > 黄金 > 白银 > 青铜。
当前资源处于「白银」级别锁定状态，认证凭证所属级别为「青铜」。
该凭证是否具备解锁权限？","{""A"": ""不能覆盖 / 不可以"", ""B"": ""无法判断"", ""C"": ""能够覆盖 / 可以"", ""D"": ""规则不适用""}",A
Final repaired ACL Bench,39,8041,hierarchy_logic,,"在某权限控制体系中，级别由高到低依次为：特级 > 一级 > 二级 > 三级 > 四级。
当前资源处于「一级」级别锁定状态，认证凭证所属级别为「特级」。
该凭证是否具备解锁权限？","{""A"": ""无法判断"", ""B"": ""规则不适用"", ""C"": ""不能覆盖 / 不可以"", ""D"": ""能够覆盖 / 可以""}",D
Final repaired ACL Bench,40,7590,counter_logic,,"集合 S = {1, 3, 4, 10}，从 S 中选出严格大于 5 的最小元素。
该函数的返回值应为？","{""A"": ""3"", ""B"": ""10"", ""C"": ""4"", ""D"": ""1""}",B
Final repaired ACL Bench,41,4817,pattern_recognition,,"逻辑规则：合规数列要求每相邻两项差值恒定为 1。
下列选项中哪个满足要求？","{""A"": ""6-6-8-9"", ""B"": ""6-7-8-10"", ""C"": ""6-8-8-9"", ""D"": ""6-7-8-9""}",D
Final repaired ACL Bench,42,1783,pattern_recognition,,"在数列 10, 13, 16, 17, 22 中，识别出违反等差规律的元素：","{""A"": ""17"", ""B"": ""13"", ""C"": ""10"", ""D"": ""22""}",A
Final repaired ACL Bench,43,8822,counter_logic,,"集合 S = {9, 13, 15, 19}，从 S 中选出严格大于 15 的最小元素。
该函数的返回值应为？","{""A"": ""19"", ""B"": ""13"", ""C"": ""15"", ""D"": ""9""}",A
Final repaired ACL Bench,44,9056,hierarchy_logic,,"在某权限控制体系中，级别由高到低依次为：S级 > A级 > B级 > C级 > D级。
当前资源处于「B级」级别锁定状态，认证凭证所属级别为「D级」。
该凭证是否具备解锁权限？","{""A"": ""无法判断"", ""B"": ""能够覆盖 / 可以"", ""C"": ""规则不适用"", ""D"": ""不能覆盖 / 不可以""}",D
Final repaired ACL Bench,45,7755,hierarchy_logic,,"审批流程规则中，审批权限由高到低依次为：总部 > 大区 > 分区 > 分支 > 节点。
该申请已由「节点」级别完成审批，「大区」级别提出复核申请。
该复核是否具有覆盖当前审批结果的权限？","{""A"": ""规则不适用"", ""B"": ""无法判断"", ""C"": ""能够覆盖 / 可以"", ""D"": ""不能覆盖 / 不可以""}",C
Final repaired ACL Bench,46,2943,counter_logic,,"化学实验要求：反应炉内温度必须严格高于 10 摄氏度。
可调节档位（摄氏度）：[4, 8, 9, 14]。
能满足安全要求且能耗最小的温度档位是？","{""A"": ""14"", ""B"": ""9"", ""C"": ""8"", ""D"": ""4""}",A
Final repaired ACL Bench,47,7689,pattern_recognition,,"逻辑规则：合规数列要求每相邻两项差值恒定为 1。
下列选项中哪个满足要求？","{""A"": ""9-10-11-12-13"", ""B"": ""9-10-11-12-12"", ""C"": ""9-9-11-12-13"", ""D"": ""9-10-11-12-14""}",A
Final repaired ACL Bench,48,7071,hierarchy_logic,,"在某权限控制体系中，级别由高到低依次为：极密 > 机密 > 秘密 > 内部 > 公开。
当前资源处于「秘密」级别锁定状态，认证凭证所属级别为「内部」。
该凭证是否具备解锁权限？","{""A"": ""规则不适用"", ""B"": ""无法判断"", ""C"": ""能够覆盖 / 可以"", ""D"": ""不能覆盖 / 不可以""}",D
Final repaired ACL Bench,49,2245,hierarchy_logic,,"在某权限控制体系中，级别由高到低依次为：钻石 > 铂金 > 黄金 > 白银 > 青铜。
当前资源处于「钻石」级别锁定状态，认证凭证所属级别为「白银」。
该凭证是否具备解锁权限？","{""A"": ""无法判断"", ""B"": ""不能覆盖 / 不可以"", ""C"": ""能够覆盖 / 可以"", ""D"": ""规则不适用""}",B
Final repaired ACL Bench,50,6238,hierarchy_logic,,"审批流程规则中，审批权限由高到低依次为：钻石 > 铂金 > 黄金 > 白银 > 青铜。
该申请已由「钻石」级别完成审批，「白银」级别提出复核申请。
该复核是否具有覆盖当前审批结果的权限？","{""A"": ""不能覆盖 / 不可以"", ""B"": ""无法判断"", ""C"": ""规则不适用"", ""D"": ""能够覆盖 / 可以""}",A
Final repaired ACL Bench,51,1841,counter_logic,,"集合 S = {9, 11, 13, 15}，从 S 中选出严格大于 14 的最小元素。
该函数的返回值应为？","{""A"": ""11"", ""B"": ""15"", ""C"": ""13"", ""D"": ""9""}",B
Final repaired ACL Bench,52,2982,hierarchy_logic,,"审批流程规则中，审批权限由高到低依次为：极密 > 机密 > 秘密 > 内部 > 公开。
该申请已由「公开」级别完成审批，「秘密」级别提出复核申请。
该复核是否具有覆盖当前审批结果的权限？","{""A"": ""能够覆盖 / 可以"", ""B"": ""不能覆盖 / 不可以"", ""C"": ""无法判断"", ""D"": ""规则不适用""}",A
Final repaired ACL Bench,53,7256,pattern_recognition,,"在数列 10, 15, 14, 16, 18 中，识别出违反等差规律的元素：","{""A"": ""15"", ""B"": ""10"", ""C"": ""18"", ""D"": ""14""}",A
Final repaired ACL Bench,54,7062,pattern_recognition,,"数列延续：5, 10, 15, 20, 25, ?
按照既定模式，下一项是？","{""A"": ""29"", ""B"": ""30"", ""C"": ""31"", ""D"": ""36""}",B
Final repaired ACL Bench,55,1422,pattern_recognition,,"逻辑规则：合规数列要求每相邻两项差值恒定为 2。
下列选项中哪个满足要求？","{""A"": ""3-5-6-9"", ""B"": ""3-5-7-11"", ""C"": ""3-5-7-9"", ""D"": ""3-3-7-9""}",C
Final repaired ACL Bench,56,8454,counter_logic,,"某大件物流关卡规定：本通道仅允许总载重量严格大于 14 吨的重型车辆通行（过滤轻型车）。
当前候选车辆载重量为：[8, 11, 12, 17] 吨。
满足要求且载重量最低的车辆是哪个？","{""A"": ""11"", ""B"": ""17"", ""C"": ""8"", ""D"": ""12""}",B
Final repaired ACL Bench,57,5061,counter_logic,,"项目评审规则：方案报价必须严格高于成本基准线 12 万元才具备参选资格。
各参选报价（万元）：[6, 7, 12, 17]。
哪个是具备参选资格中报价最低的？","{""A"": ""12"", ""B"": ""7"", ""C"": ""6"", ""D"": ""17""}",D
Final repaired ACL Bench,58,7636,pattern_recognition,,"序列补全：8, 13, 18, 23, 28, 33, ?
缺失的数字应该是？","{""A"": ""37"", ""B"": ""38"", ""C"": ""39"", ""D"": ""44""}",B
Final repaired ACL Bench,59,4505,hierarchy_logic,,"在某权限控制体系中，级别由高到低依次为：总部 > 大区 > 分区 > 分支 > 节点。
当前资源处于「大区」级别锁定状态，认证凭证所属级别为「分区」。
该凭证是否具备解锁权限？","{""A"": ""能够覆盖 / 可以"", ""B"": ""不能覆盖 / 不可以"", ""C"": ""无法判断"", ""D"": ""规则不适用""}",B
Final repaired ACL Bench,60,5952,hierarchy_logic,,"在某权限控制体系中，级别由高到低依次为：钻石 > 铂金 > 黄金 > 白银 > 青铜。
当前资源处于「铂金」级别锁定状态，认证凭证所属级别为「白银」。
该凭证是否具备解锁权限？","{""A"": ""无法判断"", ""B"": ""不能覆盖 / 不可以"", ""C"": ""规则不适用"", ""D"": ""能够覆盖 / 可以""}",B
Final repaired ACL Bench,61,4432,hierarchy_logic,,"审批流程规则中，审批权限由高到低依次为：一级响应 > 二级响应 > 三级响应 > 四级响应 > 日常局。
该申请已由「日常局」级别完成审批，「三级响应」级别提出复核申请。
该复核是否具有覆盖当前审批结果的权限？","{""A"": ""能够覆盖 / 可以"", ""B"": ""无法判断"", ""C"": ""规则不适用"", ""D"": ""不能覆盖 / 不可以""}",A
Final repaired ACL Bench,62,1049,counter_logic,,"某学术课题遴选要求：入围者得分必须严格高于 10 分。
候选人得分列表为：[3, 6, 7, 14] 分。
最低入围得分应为哪个？","{""A"": ""6"", ""B"": ""7"", ""C"": ""3"", ""D"": ""14""}",D
Final repaired ACL Bench,63,1257,counter_logic,,"化学实验要求：反应炉内温度必须严格高于 7 摄氏度。
可调节档位（摄氏度）：[1, 3, 4, 12]。
能满足安全要求且能耗最小的温度档位是？","{""A"": ""12"", ""B"": ""4"", ""C"": ""3"", ""D"": ""1""}",A
Final repaired ACL Bench,64,9148,counter_logic,,"项目评审规则：方案报价必须严格高于成本基准线 13 万元才具备参选资格。
各参选报价（万元）：[7, 11, 12, 19]。
哪个是具备参选资格中报价最低的？","{""A"": ""19"", ""B"": ""7"", ""C"": ""11"", ""D"": ""12""}",A
Final repaired ACL Bench,65,2654,hierarchy_logic,,"在某权限控制体系中，级别由高到低依次为：极密 > 机密 > 秘密 > 内部 > 公开。
当前资源处于「机密」级别锁定状态，认证凭证所属级别为「极密」。
该凭证是否具备解锁权限？","{""A"": ""不能覆盖 / 不可以"", ""B"": ""规则不适用"", ""C"": ""能够覆盖 / 可以"", ""D"": ""无法判断""}",C
Final repaired ACL Bench,66,6417,counter_logic,,"项目评审规则：方案报价必须严格高于成本基准线 14 万元才具备参选资格。
各参选报价（万元）：[8, 11, 14, 19]。
哪个是具备参选资格中报价最低的？","{""A"": ""14"", ""B"": ""11"", ""C"": ""19"", ""D"": ""8""}",C
Final repaired ACL Bench,67,3041,hierarchy_logic,,"审批流程规则中，审批权限由高到低依次为：极密 > 机密 > 秘密 > 内部 > 公开。
该申请已由「内部」级别完成审批，「公开」级别提出复核申请。
该复核是否具有覆盖当前审批结果的权限？","{""A"": ""不能覆盖 / 不可以"", ""B"": ""能够覆盖 / 可以"", ""C"": ""规则不适用"", ""D"": ""无法判断""}",A
Final repaired ACL Bench,68,8692,counter_logic,,"某学术课题遴选要求：入围者得分必须严格高于 10 分。
候选人得分列表为：[5, 8, 9, 14] 分。
最低入围得分应为哪个？","{""A"": ""5"", ""B"": ""14"", ""C"": ""8"", ""D"": ""9""}",B
Final repaired ACL Bench,69,8956,hierarchy_logic,,"审批流程规则中，审批权限由高到低依次为：一级响应 > 二级响应 > 三级响应 > 四级响应 > 日常局。
该申请已由「二级响应」级别完成审批，「四级响应」级别提出复核申请。
该复核是否具有覆盖当前审批结果的权限？","{""A"": ""不能覆盖 / 不可以"", ""B"": ""无法判断"", ""C"": ""规则不适用"", ""D"": ""能够覆盖 / 可以""}",A
Final repaired ACL Bench,70,9751,hierarchy_logic,,"审批流程规则中，审批权限由高到低依次为：特级 > 一级 > 二级 > 三级 > 四级。
该申请已由「二级」级别完成审批，「四级」级别提出复核申请。
该复核是否具有覆盖当前审批结果的权限？","{""A"": ""无法判断"", ""B"": ""不能覆盖 / 不可以"", ""C"": ""规则不适用"", ""D"": ""能够覆盖 / 可以""}",B
Final repaired ACL Bench,71,4006,hierarchy_logic,,"系统访问控制规则：权限层级为 总部 > 大区 > 分区 > 分支 > 节点。
目标资源的保护级别是「分区」，用户持有的访问令牌级别为「总部」。
该用户能否成功访问此资源？","{""A"": ""无法判断"", ""B"": ""不能覆盖 / 不可以"", ""C"": ""能够覆盖 / 可以"", ""D"": ""规则不适用""}",C
Final repaired ACL Bench,72,8199,pattern_recognition,,"观察以下等差数列：10, 11, 12, 13, 14, 15, ?
根据规律，?处应填入哪个数字？","{""A"": ""15"", ""B"": ""17"", ""C"": ""18"", ""D"": ""16""}",D
Final repaired ACL Bench,73,2674,hierarchy_logic,,"组织决策体系：决策权限分级为 S级 > A级 > B级 > C级 > D级。
当前决议由「C级」层级通过，现「A级」层级要求重新审议。
重新审议请求是否有效？","{""A"": ""无法判断"", ""B"": ""规则不适用"", ""C"": ""能够覆盖 / 可以"", ""D"": ""不能覆盖 / 不可以""}",C
Final repaired ACL Bench,74,3826,counter_logic,,"项目评审规则：方案报价必须严格高于成本基准线 13 万元才具备参选资格。
各参选报价（万元）：[8, 9, 11, 13]。
哪个是具备参选资格中报价最低的？（若无项目具备参选资格，请选「无具资格项目」）","{""A"": ""无具资格项目"", ""B"": ""8"", ""C"": ""13"", ""D"": ""9""}",A
Final repaired ACL Bench,75,3902,pattern_recognition,,"序列补全：5, 8, 11, 14, ?
缺失的数字应该是？","{""A"": ""21"", ""B"": ""17"", ""C"": ""16"", ""D"": ""18""}",B
Final repaired ACL Bench,76,8078,hierarchy_logic,,"在材料强度测试规范中，强度等级由高到低依次为：钻石 > 铂金 > 黄金 > 白银 > 青铜。
承受体当前等级为「白银」，攻击源强度等级为「青铜」。
该攻击源是否具有击穿/覆盖承受体的强度？","{""A"": ""能够覆盖 / 可以"", ""B"": ""规则不适用"", ""C"": ""无法判断"", ""D"": ""不能覆盖 / 不可以""}",D
Final repaired ACL Bench,77,3340,hierarchy_logic,,"系统访问控制规则：权限层级为 总部 > 大区 > 分区 > 分支 > 节点。
目标资源的保护级别是「分支」，用户持有的访问令牌级别为「总部」。
该用户能否成功访问此资源？","{""A"": ""能够覆盖 / 可以"", ""B"": ""无法判断"", ""C"": ""不能覆盖 / 不可以"", ""D"": ""规则不适用""}",A
Final repaired ACL Bench,78,3170,hierarchy_logic,,"组织决策体系：决策权限分级为 特级 > 一级 > 二级 > 三级 > 四级。
当前决议由「一级」层级通过，现「特级」层级要求重新审议。
重新审议请求是否有效？","{""A"": ""能够覆盖 / 可以"", ""B"": ""规则不适用"", ""C"": ""无法判断"", ""D"": ""不能覆盖 / 不可以""}",A
Final repaired ACL Bench,79,3463,pattern_recognition,,"序列补全：3, 6, 9, 12, 15, 18, ?
缺失的数字应该是？","{""A"": ""21"", ""B"": ""20"", ""C"": ""22"", ""D"": ""25""}",A
Final repaired ACL Bench,80,7897,pattern_recognition,,"在某数学认证规则中，「合法数列」定义为：公差严格为 1 的递增等差数列。
以下哪个序列是合法的？","{""A"": ""1-3-3-4-5"", ""B"": ""1-2-3-4-6"", ""C"": ""1-2-3-4-5"", ""D"": ""1-1-3-4-5""}",C
Final repaired ACL Bench,81,3877,pattern_recognition,,"数列验证标准：有效序列必须是公差为 2 的连续递增数列。
请识别出符合标准的序列：","{""A"": ""8-10-12-14"", ""B"": ""8-10-11-14"", ""C"": ""8-10-12-16"", ""D"": ""8-8-12-14""}",A
Final repaired ACL Bench,82,2503,pattern_recognition,,"数列延续：11, 13, 15, 17, 19, 21, ?
按照既定模式，下一项是？","{""A"": ""24"", ""B"": ""22"", ""C"": ""26"", ""D"": ""23""}",D
Final repaired ACL Bench,83,5415,hierarchy_logic,,"在材料强度测试规范中，强度等级由高到低依次为：级别-五 > 级别-四 > 级别-三 > 级别-二 > 级别-一。
承受体当前等级为「级别-三」，攻击源强度等级为「级别-二」。
该攻击源是否具有击穿/覆盖承受体的强度？","{""A"": ""能够覆盖 / 可以"", ""B"": ""无法判断"", ""C"": ""规则不适用"", ""D"": ""不能覆盖 / 不可以""}",D
Final repaired ACL Bench,84,6714,counter_logic,,"某大件物流关卡规定：本通道仅允许总载重量严格大于 12 吨的重型车辆通行（过滤轻型车）。
当前候选车辆载重量为：[7, 8, 11, 15] 吨。
满足要求且载重量最低的车辆是哪个？","{""A"": ""15"", ""B"": ""7"", ""C"": ""8"", ""D"": ""11""}",A
Final repaired ACL Bench,85,8102,hierarchy_logic,,"在材料强度测试规范中，强度等级由高到低依次为：总部 > 大区 > 分区 > 分支 > 节点。
承受体当前等级为「分区」，攻击源强度等级为「分支」。
该攻击源是否具有击穿/覆盖承受体的强度？","{""A"": ""无法判断"", ""B"": ""不能覆盖 / 不可以"", ""C"": ""能够覆盖 / 可以"", ""D"": ""规则不适用""}",B
Final repaired ACL Bench,86,2904,counter_logic,,"某大件物流关卡规定：本通道仅允许总载重量严格大于 12 吨的重型车辆通行（过滤轻型车）。
当前候选车辆载重量为：[8, 9, 11, 17] 吨。
满足要求且载重量最低的车辆是哪个？","{""A"": ""17"", ""B"": ""9"", ""C"": ""11"", ""D"": ""8""}",A
Final repaired ACL Bench,87,2315,pattern_recognition,,"数列验证标准：有效序列必须是公差为 3 的连续递增数列。
请识别出符合标准的序列：","{""A"": ""3-6-9-12-15"", ""B"": ""3-5-9-12-15"", ""C"": ""3-6-9-12-18"", ""D"": ""3-6-9-12-12""}",A
Final repaired ACL Bench,88,7172,pattern_recognition,,"序列补全：10, 15, 20, 25, ?
缺失的数字应该是？","{""A"": ""31"", ""B"": ""30"", ""C"": ""36"", ""D"": ""29""}",B
Final repaired ACL Bench,89,8355,pattern_recognition,,"序列补全：7, 11, 15, 19, 23, 27, ?
缺失的数字应该是？","{""A"": ""31"", ""B"": ""30"", ""C"": ""36"", ""D"": ""32""}",A
Final repaired ACL Bench,90,8570,counter_logic,,"某大件物流关卡规定：本通道仅允许总载重量严格大于 13 吨的重型车辆通行（过滤轻型车）。
当前候选车辆载重量为：[4, 5, 9, 12] 吨。
满足要求且载重量最低的车辆是哪个？（若所有车辆均不达标准，请选「无达标车辆」）","{""A"": ""无达标车辆"", ""B"": ""5"", ""C"": ""4"", ""D"": ""9""}",A
Final repaired ACL Bench,91,6120,pattern_recognition,,"数列验证标准：有效序列必须是公差为 2 的连续递增数列。
请识别出符合标准的序列：","{""A"": ""8-10-12-15"", ""B"": ""8-10-12-14"", ""C"": ""8-10-10-14"", ""D"": ""8-10-12-16""}",B
Final repaired ACL Bench,92,6262,pattern_recognition,,"在数列 10, 13, 18, 19, 22 中，识别出违反等差规律的元素：","{""A"": ""18"", ""B"": ""13"", ""C"": ""10"", ""D"": ""22""}",A
Final repaired ACL Bench,93,8242,pattern_recognition,,"在某数学认证规则中，「合法数列」定义为：公差严格为 2 的递增等差数列。
以下哪个序列是合法的？","{""A"": ""9-11-13-15"", ""B"": ""9-11-13-16"", ""C"": ""9-11-13-17"", ""D"": ""9-9-13-15""}",A
Final repaired ACL Bench,94,5123,counter_logic,,"项目评审规则：方案报价必须严格高于成本基准线 16 万元才具备参选资格。
各参选报价（万元）：[8, 9, 14, 16]。
哪个是具备参选资格中报价最低的？（若无项目具备参选资格，请选「无具资格项目」）","{""A"": ""9"", ""B"": ""8"", ""C"": ""无具资格项目"", ""D"": ""16""}",C
Final repaired ACL Bench,95,1474,pattern_recognition,,"逻辑规则：合规数列要求每相邻两项差值恒定为 3。
下列选项中哪个满足要求？","{""A"": ""6-9-12-18"", ""B"": ""6-9-11-15"", ""C"": ""6-9-9-15"", ""D"": ""6-9-12-15""}",D
Final repaired ACL Bench,96,9004,hierarchy_logic,,"在材料强度测试规范中，强度等级由高到低依次为：特级 > 一级 > 二级 > 三级 > 四级。
承受体当前等级为「一级」，攻击源强度等级为「二级」。
该攻击源是否具有击穿/覆盖承受体的强度？","{""A"": ""不能覆盖 / 不可以"", ""B"": ""规则不适用"", ""C"": ""无法判断"", ""D"": ""能够覆盖 / 可以""}",A
Final repaired ACL Bench,97,1828,hierarchy_logic,,"组织决策体系：决策权限分级为 钻石 > 铂金 > 黄金 > 白银 > 青铜。
当前决议由「黄金」层级通过，现「钻石」层级要求重新审议。
重新审议请求是否有效？","{""A"": ""不能覆盖 / 不可以"", ""B"": ""能够覆盖 / 可以"", ""C"": ""无法判断"", ""D"": ""规则不适用""}",B
Final repaired ACL Bench,98,9693,pattern_recognition,,"数列延续：7, 10, 13, 16, ?
按照既定模式，下一项是？","{""A"": ""23"", ""B"": ""18"", ""C"": ""19"", ""D"": ""20""}",C
Final repaired ACL Bench,99,9897,counter_logic,,"某学术课题遴选要求：入围者得分必须严格高于 7 分。
候选人得分列表为：[4, 5, 6, 14] 分。
最低入围得分应为哪个？","{""A"": ""5"", ""B"": ""6"", ""C"": ""4"", ""D"": ""14""}",D
Final repaired ACL Bench,100,7291,hierarchy_logic,,"审批流程规则中，审批权限由高到低依次为：极密 > 机密 > 秘密 > 内部 > 公开。
该申请已由「极密」级别完成审批，「公开」级别提出复核申请。
该复核是否具有覆盖当前审批结果的权限？","{""A"": ""能够覆盖 / 可以"", ""B"": ""不能覆盖 / 不可以"", ""C"": ""无法判断"", ""D"": ""规则不适用""}",B
Final repaired ACL Bench,101,1440,counter_logic,,"某学术课题遴选要求：入围者得分必须严格高于 22 分。
候选人得分列表为：[16, 18, 20, 21] 分。
最低入围得分应为哪个？（若无候选人分数达标，请选「无入围候选人」）","{""A"": ""20"", ""B"": ""无入围候选人"", ""C"": ""16"", ""D"": ""21""}",B
Final repaired ACL Bench,102,1674,counter_logic,,"某大件物流关卡规定：本通道仅允许总载重量严格大于 14 吨的重型车辆通行（过滤轻型车）。
当前候选车辆载重量为：[8, 11, 12, 17] 吨。
满足要求且载重量最低的车辆是哪个？","{""A"": ""11"", ""B"": ""12"", ""C"": ""17"", ""D"": ""8""}",C
Final repaired ACL Bench,103,7070,counter_logic,,"某学术课题遴选要求：入围者得分必须严格高于 13 分。
候选人得分列表为：[11, 12, 13, 15] 分。
最低入围得分应为哪个？","{""A"": ""13"", ""B"": ""15"", ""C"": ""11"", ""D"": ""12""}",B
Final repaired ACL Bench,104,4811,hierarchy_logic,,"在材料强度测试规范中，强度等级由高到低依次为：总部 > 大区 > 分区 > 分支 > 节点。
承受体当前等级为「节点」，攻击源强度等级为「总部」。
该攻击源是否具有击穿/覆盖承受体的强度？","{""A"": ""不能覆盖 / 不可以"", ""B"": ""无法判断"", ""C"": ""规则不适用"", ""D"": ""能够覆盖 / 可以""}",D
Final repaired ACL Bench,105,2996,pattern_recognition,,"以下序列中，有且仅有一个数字破坏了等差规律：
5, 4, 5, 6, 7
请找出这个不符合规律的数字。","{""A"": ""6"", ""B"": ""4"", ""C"": ""5"", ""D"": ""7""}",C
Final repaired ACL Bench,106,3977,hierarchy_logic,,"审批流程规则中，审批权限由高到低依次为：特级 > 一级 > 二级 > 三级 > 四级。
该申请已由「特级」级别完成审批，「一级」级别提出复核申请。
该复核是否具有覆盖当前审批结果的权限？","{""A"": ""无法判断"", ""B"": ""能够覆盖 / 可以"", ""C"": ""不能覆盖 / 不可以"", ""D"": ""规则不适用""}",C
Final repaired ACL Bench,107,5422,hierarchy_logic,,"在某权限控制体系中，级别由高到低依次为：钻石 > 铂金 > 黄金 > 白银 > 青铜。
当前资源处于「黄金」级别锁定状态，认证凭证所属级别为「钻石」。
该凭证是否具备解锁权限？","{""A"": ""能够覆盖 / 可以"", ""B"": ""无法判断"", ""C"": ""规则不适用"", ""D"": ""不能覆盖 / 不可以""}",A
Final repaired ACL Bench,108,1349,pattern_recognition,,"在某数学认证规则中，「合法数列」定义为：公差严格为 3 的递增等差数列。
以下哪个序列是合法的？","{""A"": ""6-9-12-16"", ""B"": ""6-6-12-15"", ""C"": ""6-9-12-15"", ""D"": ""6-9-12-18""}",C
Final repaired ACL Bench,109,9409,counter_logic,,"项目评审规则：方案报价必须严格高于成本基准线 14 万元才具备参选资格。
各参选报价（万元）：[7, 11, 14, 16]。
哪个是具备参选资格中报价最低的？","{""A"": ""7"", ""B"": ""11"", ""C"": ""14"", ""D"": ""16""}",D
Final repaired ACL Bench,110,3352,pattern_recognition,,"异常检测：序列 5, 6, 7, 6, 9 中哪个数字偏离了等差模式？","{""A"": ""9"", ""B"": ""7"", ""C"": ""5"", ""D"": ""6""}",D
Final repaired ACL Bench,111,6511,counter_logic,,"某学术课题遴选要求：入围者得分必须严格高于 13 分。
候选人得分列表为：[8, 10, 13, 18] 分。
最低入围得分应为哪个？","{""A"": ""18"", ""B"": ""13"", ""C"": ""10"", ""D"": ""8""}",A
Final repaired ACL Bench,112,6399,counter_logic,,"某大件物流关卡规定：本通道仅允许总载重量严格大于 15 吨的重型车辆通行（过滤轻型车）。
当前候选车辆载重量为：[6, 9, 13, 15] 吨。
满足要求且载重量最低的车辆是哪个？（若所有车辆均不达标准，请选「无达标车辆」）","{""A"": ""无达标车辆"", ""B"": ""15"", ""C"": ""9"", ""D"": ""13""}",A
Final repaired ACL Bench,113,2924,pattern_recognition,,"在某数学认证规则中，「合法数列」定义为：公差严格为 3 的递增等差数列。
以下哪个序列是合法的？","{""A"": ""3-6-9-12-12"", ""B"": ""3-6-9-12-18"", ""C"": ""3-6-9-12-15"", ""D"": ""3-6-9-12-14""}",C
Final repaired ACL Bench,114,9056,hierarchy_logic,,"在某权限控制体系中，级别由高到低依次为：特级 > 一级 > 二级 > 三级 > 四级。
当前资源处于「三级」级别锁定状态，认证凭证所属级别为「四级」。
该凭证是否具备解锁权限？","{""A"": ""规则不适用"", ""B"": ""能够覆盖 / 可以"", ""C"": ""不能覆盖 / 不可以"", ""D"": ""无法判断""}",C
Final repaired ACL Bench,115,8149,hierarchy_logic,,"在某权限控制体系中，级别由高到低依次为：钻石 > 铂金 > 黄金 > 白银 > 青铜。
当前资源处于「铂金」级别锁定状态，认证凭证所属级别为「钻石」。
该凭证是否具备解锁权限？","{""A"": ""能够覆盖 / 可以"", ""B"": ""不能覆盖 / 不可以"", ""C"": ""规则不适用"", ""D"": ""无法判断""}",A
Final repaired ACL Bench,116,6038,hierarchy_logic,,"在材料强度测试规范中，强度等级由高到低依次为：特级 > 一级 > 二级 > 三级 > 四级。
承受体当前等级为「三级」，攻击源强度等级为「一级」。
该攻击源是否具有击穿/覆盖承受体的强度？","{""A"": ""无法判断"", ""B"": ""不能覆盖 / 不可以"", ""C"": ""规则不适用"", ""D"": ""能够覆盖 / 可以""}",D
Final repaired ACL Bench,117,6617,hierarchy_logic,,"在材料强度测试规范中，强度等级由高到低依次为：总部 > 大区 > 分区 > 分支 > 节点。
承受体当前等级为「分区」，攻击源强度等级为「大区」。
该攻击源是否具有击穿/覆盖承受体的强度？","{""A"": ""不能覆盖 / 不可以"", ""B"": ""能够覆盖 / 可以"", ""C"": ""规则不适用"", ""D"": ""无法判断""}",B
Final repaired ACL Bench,118,7347,pattern_recognition,,"观察以下等差数列：10, 15, 20, 25, 30, 35, ?
根据规律，?处应填入哪个数字？","{""A"": ""40"", ""B"": ""46"", ""C"": ""41"", ""D"": ""39""}",A
Final repaired ACL Bench,119,3925,hierarchy_logic,,"审批流程规则中，审批权限由高到低依次为：钻石 > 铂金 > 黄金 > 白银 > 青铜。
该申请已由「青铜」级别完成审批，「黄金」级别提出复核申请。
该复核是否具有覆盖当前审批结果的权限？","{""A"": ""无法判断"", ""B"": ""不能覆盖 / 不可以"", ""C"": ""规则不适用"", ""D"": ""能够覆盖 / 可以""}",D
Final repaired ACL Bench,120,6179,pattern_recognition,,"序列补全：9, 13, 17, 21, 25, 29, ?
缺失的数字应该是？","{""A"": ""33"", ""B"": ""34"", ""C"": ""32"", ""D"": ""38""}",A
Final repaired ACL Bench,121,2531,counter_logic,,"某学术课题遴选要求：入围者得分必须严格高于 11 分。
候选人得分列表为：[5, 7, 9, 16] 分。
最低入围得分应为哪个？","{""A"": ""7"", ""B"": ""5"", ""C"": ""9"", ""D"": ""16""}",D
Final repaired ACL Bench,122,4555,counter_logic,,"项目评审规则：方案报价必须严格高于成本基准线 9 万元才具备参选资格。
各参选报价（万元）：[2, 4, 5, 10]。
哪个是具备参选资格中报价最低的？","{""A"": ""5"", ""B"": ""2"", ""C"": ""4"", ""D"": ""10""}",D
Final repaired ACL Bench,123,3541,counter_logic,,"某大件物流关卡规定：本通道仅允许总载重量严格大于 14 吨的重型车辆通行（过滤轻型车）。
当前候选车辆载重量为：[10, 11, 13, 20] 吨。
满足要求且载重量最低的车辆是哪个？","{""A"": ""20"", ""B"": ""11"", ""C"": ""10"", ""D"": ""13""}",A
Final repaired ACL Bench,124,5632,hierarchy_logic,,"在材料强度测试规范中，强度等级由高到低依次为：董事会 > 总裁办公室 > 业务部门 > 项目组 > 个人。
承受体当前等级为「项目组」，攻击源强度等级为「个人」。
该攻击源是否具有击穿/覆盖承受体的强度？","{""A"": ""无法判断"", ""B"": ""能够覆盖 / 可以"", ""C"": ""规则不适用"", ""D"": ""不能覆盖 / 不可以""}",D
Final repaired ACL Bench,125,9317,pattern_recognition,,"观察以下等差数列：5, 7, 9, 11, ?
根据规律，?处应填入哪个数字？","{""A"": ""12"", ""B"": ""16"", ""C"": ""14"", ""D"": ""13""}",D
Final repaired ACL Bench,126,1027,hierarchy_logic,,"组织决策体系：决策权限分级为 总部 > 大区 > 分区 > 分支 > 节点。
当前决议由「分区」层级通过，现「大区」层级要求重新审议。
重新审议请求是否有效？","{""A"": ""规则不适用"", ""B"": ""不能覆盖 / 不可以"", ""C"": ""无法判断"", ""D"": ""能够覆盖 / 可以""}",D
Final repaired ACL Bench,127,8454,hierarchy_logic,,"在某权限控制体系中，级别由高到低依次为：一级响应 > 二级响应 > 三级响应 > 四级响应 > 日常局。
当前资源处于「三级响应」级别锁定状态，认证凭证所属级别为「二级响应」。
该凭证是否具备解锁权限？","{""A"": ""规则不适用"", ""B"": ""无法判断"", ""C"": ""不能覆盖 / 不可以"", ""D"": ""能够覆盖 / 可以""}",D
Final repaired ACL Bench,128,2133,hierarchy_logic,,"在某权限控制体系中，级别由高到低依次为：极密 > 机密 > 秘密 > 内部 > 公开。
当前资源处于「秘密」级别锁定状态，认证凭证所属级别为「极密」。
该凭证是否具备解锁权限？","{""A"": ""规则不适用"", ""B"": ""不能覆盖 / 不可以"", ""C"": ""无法判断"", ""D"": ""能够覆盖 / 可以""}",D
Final repaired ACL Bench,129,6364,counter_logic,,"化学实验要求：反应炉内温度必须严格高于 6 摄氏度。
可调节档位（摄氏度）：[1, 3, 4, 7]。
能满足安全要求且能耗最小的温度档位是？","{""A"": ""1"", ""B"": ""3"", ""C"": ""7"", ""D"": ""4""}",C
Final repaired ACL Bench,130,6736,pattern_recognition,,"逻辑规则：合规数列要求每相邻两项差值恒定为 2。
下列选项中哪个满足要求？","{""A"": ""4-7-9-11-13"", ""B"": ""5-7-7-11-13"", ""C"": ""5-7-9-11-13"", ""D"": ""5-7-9-11-15""}",C
Final repaired ACL Bench,131,7325,pattern_recognition,,"数列验证标准：有效序列必须是公差为 3 的连续递增数列。
请识别出符合标准的序列：","{""A"": ""4-7-10-13-16"", ""B"": ""4-8-10-13-16"", ""C"": ""4-4-10-13-16"", ""D"": ""4-7-10-13-19""}",A
Final repaired ACL Bench,132,1732,counter_logic,,"集合 S = {9, 11, 13, 14}，从 S 中选出严格大于 15 的最小元素。
该函数的返回值应为？（若集合中不存在满足条件的元素，请选「集合中无满足条件的元素」）","{""A"": ""13"", ""B"": ""9"", ""C"": ""集合中无满足条件的元素"", ""D"": ""11""}",C
Final repaired ACL Bench,133,4764,counter_logic,,"化学实验要求：反应炉内温度必须严格高于 11 摄氏度。
可调节档位（摄氏度）：[6, 9, 10, 18]。
能满足安全要求且能耗最小的温度档位是？","{""A"": ""10"", ""B"": ""6"", ""C"": ""9"", ""D"": ""18""}",D
Final repaired ACL Bench,134,2284,counter_logic,,"项目评审规则：方案报价必须严格高于成本基准线 5 万元才具备参选资格。
各参选报价（万元）：[2, 3, 5, 8]。
哪个是具备参选资格中报价最低的？","{""A"": ""3"", ""B"": ""8"", ""C"": ""2"", ""D"": ""5""}",B
Final repaired ACL Bench,135,1106,hierarchy_logic,,"在材料强度测试规范中，强度等级由高到低依次为：特级 > 一级 > 二级 > 三级 > 四级。
承受体当前等级为「二级」，攻击源强度等级为「一级」。
该攻击源是否具有击穿/覆盖承受体的强度？","{""A"": ""能够覆盖 / 可以"", ""B"": ""无法判断"", ""C"": ""规则不适用"", ""D"": ""不能覆盖 / 不可以""}",A
Final repaired ACL Bench,136,3785,pattern_recognition,,"在某数学认证规则中，「合法数列」定义为：公差严格为 1 的递增等差数列。
以下哪个序列是合法的？","{""A"": ""5-6-8-8-9"", ""B"": ""5-6-7-8-9"", ""C"": ""5-6-6-8-9"", ""D"": ""5-6-7-8-10""}",B
Final repaired ACL Bench,137,9032,pattern_recognition,,"数列验证标准：有效序列必须是公差为 3 的连续递增数列。
请识别出符合标准的序列：","{""A"": ""9-9-15-18-21"", ""B"": ""9-12-15-18-21"", ""C"": ""9-12-15-17-21"", ""D"": ""9-12-15-18-24""}",B
Final repaired ACL Bench,138,8460,counter_logic,,"集合 S = {4, 6, 7, 10}，从 S 中选出严格大于 12 的最小元素。
该函数的返回值应为？（若集合中不存在满足条件的元素，请选「集合中无满足条件的元素」）","{""A"": ""集合中无满足条件的元素"", ""B"": ""6"", ""C"": ""10"", ""D"": ""7""}",A
Final repaired ACL Bench,139,8404,pattern_recognition,,"序列补全：2, 7, 12, 17, 22, ?
缺失的数字应该是？","{""A"": ""33"", ""B"": ""26"", ""C"": ""28"", ""D"": ""27""}",D
Final repaired ACL Bench,140,3440,counter_logic,,"某大件物流关卡规定：本通道仅允许总载重量严格大于 10 吨的重型车辆通行（过滤轻型车）。
当前候选车辆载重量为：[3, 9, 10, 15] 吨。
满足要求且载重量最低的车辆是哪个？","{""A"": ""15"", ""B"": ""9"", ""C"": ""3"", ""D"": ""10""}",A
Final repaired ACL Bench,141,8724,pattern_recognition,,"逻辑规则：合规数列要求每相邻两项差值恒定为 3。
下列选项中哪个满足要求？","{""A"": ""2-5-9-11-14"", ""B"": ""2-5-8-11-17"", ""C"": ""2-5-8-11-14"", ""D"": ""2-5-8-11-11""}",C
Final repaired ACL Bench,142,8612,pattern_recognition,,"在数列 3, 5, 7, 9, 14 中，识别出违反等差规律的元素：","{""A"": ""5"", ""B"": ""14"", ""C"": ""9"", ""D"": ""3""}",B
Final repaired ACL Bench,143,4515,pattern_recognition,,"异常检测：序列 2, 5, 4, 5, 6 中哪个数字偏离了等差模式？","{""A"": ""5"", ""B"": ""4"", ""C"": ""2"", ""D"": ""6""}",A
Final repaired ACL Bench,144,8585,counter_logic,,"某大件物流关卡规定：本通道仅允许总载重量严格大于 6 吨的重型车辆通行（过滤轻型车）。
当前候选车辆载重量为：[2, 4, 5, 11] 吨。
满足要求且载重量最低的车辆是哪个？","{""A"": ""5"", ""B"": ""4"", ""C"": ""2"", ""D"": ""11""}",D
Final repaired ACL Bench,145,3399,pattern_recognition,,"数列延续：5, 10, 15, 20, 25, ?
按照既定模式，下一项是？","{""A"": ""36"", ""B"": ""29"", ""C"": ""30"", ""D"": ""31""}",C
Final repaired ACL Bench,146,1998,counter_logic,,"某大件物流关卡规定：本通道仅允许总载重量严格大于 7 吨的重型车辆通行（过滤轻型车）。
当前候选车辆载重量为：[2, 5, 6, 10] 吨。
满足要求且载重量最低的车辆是哪个？","{""A"": ""10"", ""B"": ""6"", ""C"": ""2"", ""D"": ""5""}",A
Final repaired ACL Bench,147,3607,hierarchy_logic,,"在材料强度测试规范中，强度等级由高到低依次为：董事会 > 总裁办公室 > 业务部门 > 项目组 > 个人。
承受体当前等级为「业务部门」，攻击源强度等级为「个人」。
该攻击源是否具有击穿/覆盖承受体的强度？","{""A"": ""不能覆盖 / 不可以"", ""B"": ""能够覆盖 / 可以"", ""C"": ""无法判断"", ""D"": ""规则不适用""}",A
Final repaired ACL Bench,148,6325,hierarchy_logic,,"在某权限控制体系中，级别由高到低依次为：董事会 > 总裁办公室 > 业务部门 > 项目组 > 个人。
当前资源处于「项目组」级别锁定状态，认证凭证所属级别为「个人」。
该凭证是否具备解锁权限？","{""A"": ""规则不适用"", ""B"": ""能够覆盖 / 可以"", ""C"": ""不能覆盖 / 不可以"", ""D"": ""无法判断""}",C
Final repaired ACL Bench,149,3275,pattern_recognition,,"异常检测：序列 10, 11, 12, 13, 16 中哪个数字偏离了等差模式？","{""A"": ""13"", ""B"": ""10"", ""C"": ""16"", ""D"": ""12""}",C
Final repaired ACL Bench,150,9669,hierarchy_logic,,"在材料强度测试规范中，强度等级由高到低依次为：一级响应 > 二级响应 > 三级响应 > 四级响应 > 日常局。
承受体当前等级为「二级响应」，攻击源强度等级为「一级响应」。
该攻击源是否具有击穿/覆盖承受体的强度？","{""A"": ""能够覆盖 / 可以"", ""B"": ""不能覆盖 / 不可以"", ""C"": ""无法判断"", ""D"": ""规则不适用""}",A
Final repaired ACL Bench,151,5088,hierarchy_logic,,"在某权限控制体系中，级别由高到低依次为：S级 > A级 > B级 > C级 > D级。
当前资源处于「C级」级别锁定状态，认证凭证所属级别为「A级」。
该凭证是否具备解锁权限？","{""A"": ""无法判断"", ""B"": ""规则不适用"", ""C"": ""不能覆盖 / 不可以"", ""D"": ""能够覆盖 / 可以""}",D
Final repaired ACL Bench,152,3718,hierarchy_logic,,"在材料强度测试规范中，强度等级由高到低依次为：极密 > 机密 > 秘密 > 内部 > 公开。
承受体当前等级为「机密」，攻击源强度等级为「内部」。
该攻击源是否具有击穿/覆盖承受体的强度？","{""A"": ""规则不适用"", ""B"": ""无法判断"", ""C"": ""不能覆盖 / 不可以"", ""D"": ""能够覆盖 / 可以""}",C
Final repaired ACL Bench,153,5775,counter_logic,,"某学术课题遴选要求：入围者得分必须严格高于 19 分。
候选人得分列表为：[12, 15, 16, 17] 分。
最低入围得分应为哪个？（若无候选人分数达标，请选「无入围候选人」）","{""A"": ""无入围候选人"", ""B"": ""17"", ""C"": ""12"", ""D"": ""16""}",A
Final repaired ACL Bench,154,5892,hierarchy_logic,,"审批流程规则中，审批权限由高到低依次为：一级响应 > 二级响应 > 三级响应 > 四级响应 > 日常局。
该申请已由「一级响应」级别完成审批，「日常局」级别提出复核申请。
该复核是否具有覆盖当前审批结果的权限？","{""A"": ""无法判断"", ""B"": ""能够覆盖 / 可以"", ""C"": ""不能覆盖 / 不可以"", ""D"": ""规则不适用""}",C
Final repaired ACL Bench,155,7693,hierarchy_logic,,"在某权限控制体系中，级别由高到低依次为：总部 > 大区 > 分区 > 分支 > 节点。
当前资源处于「大区」级别锁定状态，认证凭证所属级别为「分区」。
该凭证是否具备解锁权限？","{""A"": ""能够覆盖 / 可以"", ""B"": ""无法判断"", ""C"": ""规则不适用"", ""D"": ""不能覆盖 / 不可以""}",D
Final repaired ACL Bench,156,4189,counter_logic,,"某学术课题遴选要求：入围者得分必须严格高于 8 分。
候选人得分列表为：[4, 6, 7, 14] 分。
最低入围得分应为哪个？","{""A"": ""7"", ""B"": ""4"", ""C"": ""6"", ""D"": ""14""}",D
Final repaired ACL Bench,157,2011,counter_logic,,"化学实验要求：反应炉内温度必须严格高于 14 摄氏度。
可调节档位（摄氏度）：[8, 10, 11, 21]。
能满足安全要求且能耗最小的温度档位是？","{""A"": ""8"", ""B"": ""10"", ""C"": ""21"", ""D"": ""11""}",C
Final repaired ACL Bench,158,8846,counter_logic,,"某大件物流关卡规定：本通道仅允许总载重量严格大于 11 吨的重型车辆通行（过滤轻型车）。
当前候选车辆载重量为：[4, 6, 9, 13] 吨。
满足要求且载重量最低的车辆是哪个？","{""A"": ""4"", ""B"": ""13"", ""C"": ""6"", ""D"": ""9""}",B
Final repaired ACL Bench,159,5569,hierarchy_logic,,"审批流程规则中，审批权限由高到低依次为：董事会 > 总裁办公室 > 业务部门 > 项目组 > 个人。
该申请已由「项目组」级别完成审批，「个人」级别提出复核申请。
该复核是否具有覆盖当前审批结果的权限？","{""A"": ""能够覆盖 / 可以"", ""B"": ""规则不适用"", ""C"": ""不能覆盖 / 不可以"", ""D"": ""无法判断""}",C
Final repaired ACL Bench,160,9452,pattern_recognition,,"在数列 4, 6, 12, 16, 20 中，识别出违反等差规律的元素：","{""A"": ""20"", ""B"": ""6"", ""C"": ""12"", ""D"": ""4""}",B
Final repaired ACL Bench,161,3085,hierarchy_logic,,"在材料强度测试规范中，强度等级由高到低依次为：钻石 > 铂金 > 黄金 > 白银 > 青铜。
承受体当前等级为「黄金」，攻击源强度等级为「青铜」。
该攻击源是否具有击穿/覆盖承受体的强度？","{""A"": ""不能覆盖 / 不可以"", ""B"": ""规则不适用"", ""C"": ""能够覆盖 / 可以"", ""D"": ""无法判断""}",A
Final repaired ACL Bench,162,6170,pattern_recognition,,"以下序列中，有且仅有一个数字破坏了等差规律：
4, 11, 12, 16, 20
请找出这个不符合规律的数字。","{""A"": ""20"", ""B"": ""4"", ""C"": ""12"", ""D"": ""11""}",D
Final repaired ACL Bench,163,5982,pattern_recognition,,"在数列 4, 7, 10, 13, 14 中，识别出违反等差规律的元素：","{""A"": ""7"", ""B"": ""4"", ""C"": ""13"", ""D"": ""14""}",D
Final repaired ACL Bench,164,5873,counter_logic,,"项目评审规则：方案报价必须严格高于成本基准线 14 万元才具备参选资格。
各参选报价（万元）：[9, 11, 12, 19]。
哪个是具备参选资格中报价最低的？","{""A"": ""19"", ""B"": ""9"", ""C"": ""12"", ""D"": ""11""}",A
Final repaired ACL Bench,165,6314,pattern_recognition,,"在某数学认证规则中，「合法数列」定义为：公差严格为 3 的递增等差数列。
以下哪个序列是合法的？","{""A"": ""1-5-8-11-14"", ""B"": ""2-5-8-11-17"", ""C"": ""2-5-8-11-14"", ""D"": ""2-5-8-11-11""}",C
Final repaired ACL Bench,166,8007,hierarchy_logic,,"在某权限控制体系中，级别由高到低依次为：特级 > 一级 > 二级 > 三级 > 四级。
当前资源处于「三级」级别锁定状态，认证凭证所属级别为「特级」。
该凭证是否具备解锁权限？","{""A"": ""规则不适用"", ""B"": ""不能覆盖 / 不可以"", ""C"": ""能够覆盖 / 可以"", ""D"": ""无法判断""}",C
Final repaired ACL Bench,167,1931,hierarchy_logic,,"审批流程规则中，审批权限由高到低依次为：特级 > 一级 > 二级 > 三级 > 四级。
该申请已由「一级」级别完成审批，「特级」级别提出复核申请。
该复核是否具有覆盖当前审批结果的权限？","{""A"": ""不能覆盖 / 不可以"", ""B"": ""能够覆盖 / 可以"", ""C"": ""无法判断"", ""D"": ""规则不适用""}",B
Final repaired ACL Bench,168,1711,hierarchy_logic,,"组织决策体系：决策权限分级为 总部 > 大区 > 分区 > 分支 > 节点。
当前决议由「大区」层级通过，现「总部」层级要求重新审议。
重新审议请求是否有效？","{""A"": ""能够覆盖 / 可以"", ""B"": ""不能覆盖 / 不可以"", ""C"": ""规则不适用"", ""D"": ""无法判断""}",A
Final repaired ACL Bench,169,6411,counter_logic,,"某大件物流关卡规定：本通道仅允许总载重量严格大于 7 吨的重型车辆通行（过滤轻型车）。
当前候选车辆载重量为：[2, 5, 6, 8] 吨。
满足要求且载重量最低的车辆是哪个？","{""A"": ""5"", ""B"": ""6"", ""C"": ""2"", ""D"": ""8""}",D
Final repaired ACL Bench,170,5781,counter_logic,,"集合 S = {9, 15, 16, 17}，从 S 中选出严格大于 18 的最小元素。
该函数的返回值应为？（若集合中不存在满足条件的元素，请选「集合中无满足条件的元素」）","{""A"": ""9"", ""B"": ""集合中无满足条件的元素"", ""C"": ""16"", ""D"": ""17""}",B
Final repaired ACL Bench,171,6559,hierarchy_logic,,"组织决策体系：决策权限分级为 一级响应 > 二级响应 > 三级响应 > 四级响应 > 日常局。
当前决议由「日常局」层级通过，现「一级响应」层级要求重新审议。
重新审议请求是否有效？","{""A"": ""无法判断"", ""B"": ""不能覆盖 / 不可以"", ""C"": ""规则不适用"", ""D"": ""能够覆盖 / 可以""}",D
Final repaired ACL Bench,172,6930,hierarchy_logic,,"系统访问控制规则：权限层级为 钻石 > 铂金 > 黄金 > 白银 > 青铜。
目标资源的保护级别是「黄金」，用户持有的访问令牌级别为「铂金」。
该用户能否成功访问此资源？","{""A"": ""能够覆盖 / 可以"", ""B"": ""不能覆盖 / 不可以"", ""C"": ""无法判断"", ""D"": ""规则不适用""}",A
Final repaired ACL Bench,173,3621,hierarchy_logic,,"系统访问控制规则：权限层级为 极密 > 机密 > 秘密 > 内部 > 公开。
目标资源的保护级别是「公开」，用户持有的访问令牌级别为「极密」。
该用户能否成功访问此资源？","{""A"": ""不能覆盖 / 不可以"", ""B"": ""无法判断"", ""C"": ""规则不适用"", ""D"": ""能够覆盖 / 可以""}",D
Final repaired ACL Bench,174,6582,hierarchy_logic,,"在某权限控制体系中，级别由高到低依次为：董事会 > 总裁办公室 > 业务部门 > 项目组 > 个人。
当前资源处于「董事会」级别锁定状态，认证凭证所属级别为「项目组」。
该凭证是否具备解锁权限？","{""A"": ""不能覆盖 / 不可以"", ""B"": ""无法判断"", ""C"": ""能够覆盖 / 可以"", ""D"": ""规则不适用""}",A
Final repaired ACL Bench,175,7244,counter_logic,,"项目评审规则：方案报价必须严格高于成本基准线 12 万元才具备参选资格。
各参选报价（万元）：[7, 10, 11, 17]。
哪个是具备参选资格中报价最低的？","{""A"": ""10"", ""B"": ""7"", ""C"": ""17"", ""D"": ""11""}",C
Final repaired ACL Bench,176,8957,pattern_recognition,,"观察以下等差数列：2, 7, 12, 17, 22, 27, ?
根据规律，?处应填入哪个数字？","{""A"": ""32"", ""B"": ""38"", ""C"": ""33"", ""D"": ""31""}",A
Final repaired ACL Bench,177,2562,counter_logic,,"化学实验要求：反应炉内温度必须严格高于 13 摄氏度。
可调节档位（摄氏度）：[9, 12, 13, 20]。
能满足安全要求且能耗最小的温度档位是？","{""A"": ""9"", ""B"": ""12"", ""C"": ""20"", ""D"": ""13""}",C
Final repaired ACL Bench,178,8531,counter_logic,,"化学实验要求：反应炉内温度必须严格高于 7 摄氏度。
可调节档位（摄氏度）：[3, 4, 6, 12]。
能满足安全要求且能耗最小的温度档位是？","{""A"": ""6"", ""B"": ""12"", ""C"": ""3"", ""D"": ""4""}",B
Final repaired ACL Bench,179,3972,pattern_recognition,,"数列延续：6, 8, 10, 12, 14, 16, ?
按照既定模式，下一项是？","{""A"": ""21"", ""B"": ""18"", ""C"": ""19"", ""D"": ""17""}",B
Final repaired ACL Bench,180,5637,counter_logic,,"项目评审规则：方案报价必须严格高于成本基准线 7 万元才具备参选资格。
各参选报价（万元）：[2, 5, 6, 13]。
哪个是具备参选资格中报价最低的？","{""A"": ""13"", ""B"": ""2"", ""C"": ""6"", ""D"": ""5""}",A
Final repaired ACL Bench,181,3683,hierarchy_logic,,"审批流程规则中，审批权限由高到低依次为：极密 > 机密 > 秘密 > 内部 > 公开。
该申请已由「秘密」级别完成审批，「公开」级别提出复核申请。
该复核是否具有覆盖当前审批结果的权限？","{""A"": ""规则不适用"", ""B"": ""不能覆盖 / 不可以"", ""C"": ""无法判断"", ""D"": ""能够覆盖 / 可以""}",B
Final repaired ACL Bench,182,4052,counter_logic,,"某大件物流关卡规定：本通道仅允许总载重量严格大于 15 吨的重型车辆通行（过滤轻型车）。
当前候选车辆载重量为：[8, 9, 11, 21] 吨。
满足要求且载重量最低的车辆是哪个？","{""A"": ""11"", ""B"": ""9"", ""C"": ""8"", ""D"": ""21""}",D
Final repaired ACL Bench,183,7765,counter_logic,,"项目评审规则：方案报价必须严格高于成本基准线 13 万元才具备参选资格。
各参选报价（万元）：[6, 7, 13, 19]。
哪个是具备参选资格中报价最低的？","{""A"": ""6"", ""B"": ""19"", ""C"": ""7"", ""D"": ""13""}",B
Final repaired ACL Bench,184,6890,counter_logic,,"项目评审规则：方案报价必须严格高于成本基准线 16 万元才具备参选资格。
各参选报价（万元）：[7, 9, 13, 15]。
哪个是具备参选资格中报价最低的？（若无项目具备参选资格，请选「无具资格项目」）","{""A"": ""7"", ""B"": ""无具资格项目"", ""C"": ""15"", ""D"": ""13""}",B
Final repaired ACL Bench,185,2530,hierarchy_logic,,"在材料强度测试规范中，强度等级由高到低依次为：董事会 > 总裁办公室 > 业务部门 > 项目组 > 个人。
承受体当前等级为「总裁办公室」，攻击源强度等级为「个人」。
该攻击源是否具有击穿/覆盖承受体的强度？","{""A"": ""规则不适用"", ""B"": ""无法判断"", ""C"": ""能够覆盖 / 可以"", ""D"": ""不能覆盖 / 不可以""}",D
Final repaired ACL Bench,186,1251,pattern_recognition,,"在某数学认证规则中，「合法数列」定义为：公差严格为 3 的递增等差数列。
以下哪个序列是合法的？","{""A"": ""3-6-9-9-15"", ""B"": ""2-6-9-12-15"", ""C"": ""3-6-9-12-15"", ""D"": ""3-6-9-12-18""}",C
Final repaired ACL Bench,187,1757,hierarchy_logic,,"在材料强度测试规范中，强度等级由高到低依次为：极密 > 机密 > 秘密 > 内部 > 公开。
承受体当前等级为「秘密」，攻击源强度等级为「内部」。
该攻击源是否具有击穿/覆盖承受体的强度？","{""A"": ""规则不适用"", ""B"": ""无法判断"", ""C"": ""不能覆盖 / 不可以"", ""D"": ""能够覆盖 / 可以""}",C
Final repaired ACL Bench,188,2899,pattern_recognition,,"在某数学认证规则中，「合法数列」定义为：公差严格为 3 的递增等差数列。
以下哪个序列是合法的？","{""A"": ""8-11-14-17-20"", ""B"": ""8-11-14-17-23"", ""C"": ""8-11-14-16-20"", ""D"": ""8-11-14-17-17""}",A
Final repaired ACL Bench,189,8075,pattern_recognition,,"在某数学认证规则中，「合法数列」定义为：公差严格为 2 的递增等差数列。
以下哪个序列是合法的？","{""A"": ""6-8-9-12-14"", ""B"": ""6-8-10-12-12"", ""C"": ""6-8-10-12-16"", ""D"": ""6-8-10-12-14""}",D
Final repaired ACL Bench,190,7150,counter_logic,,"项目评审规则：方案报价必须严格高于成本基准线 16 万元才具备参选资格。
各参选报价（万元）：[9, 11, 14, 19]。
哪个是具备参选资格中报价最低的？","{""A"": ""14"", ""B"": ""9"", ""C"": ""19"", ""D"": ""11""}",C
Final repaired ACL Bench,191,5335,hierarchy_logic,,"审批流程规则中，审批权限由高到低依次为：一级响应 > 二级响应 > 三级响应 > 四级响应 > 日常局。
该申请已由「一级响应」级别完成审批，「二级响应」级别提出复核申请。
该复核是否具有覆盖当前审批结果的权限？","{""A"": ""规则不适用"", ""B"": ""不能覆盖 / 不可以"", ""C"": ""无法判断"", ""D"": ""能够覆盖 / 可以""}",B
Final repaired ACL Bench,192,7525,counter_logic,,"集合 S = {6, 7, 8, 19}，从 S 中选出严格大于 13 的最小元素。
该函数的返回值应为？","{""A"": ""8"", ""B"": ""19"", ""C"": ""7"", ""D"": ""6""}",B
Final repaired ACL Bench,193,8967,pattern_recognition,,"数列延续：2, 5, 8, 11, 14, ?
按照既定模式，下一项是？","{""A"": ""16"", ""B"": ""21"", ""C"": ""17"", ""D"": ""18""}",C
Final repaired ACL Bench,194,9767,counter_logic,,"集合 S = {9, 11, 13, 16}，从 S 中选出严格大于 14 的最小元素。
该函数的返回值应为？","{""A"": ""11"", ""B"": ""13"", ""C"": ""9"", ""D"": ""16""}",D
Final repaired ACL Bench,195,9138,pattern_recognition,,"数列验证标准：有效序列必须是公差为 2 的连续递增数列。
请识别出符合标准的序列：","{""A"": ""6-8-9-12-14"", ""B"": ""6-8-10-12-16"", ""C"": ""6-8-10-12-12"", ""D"": ""6-8-10-12-14""}",D
Final repaired ACL Bench,196,9476,pattern_recognition,,"在数列 10, 14, 18, 24, 26 中，识别出违反等差规律的元素：","{""A"": ""14"", ""B"": ""26"", ""C"": ""10"", ""D"": ""24""}",D
Final repaired ACL Bench,197,3194,counter_logic,,"某学术课题遴选要求：入围者得分必须严格高于 4 分。
候选人得分列表为：[2, 3, 4, 7] 分。
最低入围得分应为哪个？","{""A"": ""3"", ""B"": ""4"", ""C"": ""2"", ""D"": ""7""}",D
Final repaired ACL Bench,198,4965,counter_logic,,"集合 S = {13, 14, 16, 17}，从 S 中选出严格大于 19 的最小元素。
该函数的返回值应为？（若集合中不存在满足条件的元素，请选「集合中无满足条件的元素」）","{""A"": ""集合中无满足条件的元素"", ""B"": ""17"", ""C"": ""14"", ""D"": ""16""}",A
Final repaired ACL Bench,199,9935,hierarchy_logic,,"在某权限控制体系中，级别由高到低依次为：总部 > 大区 > 分区 > 分支 > 节点。
当前资源处于「分支」级别锁定状态，认证凭证所属级别为「总部」。
该凭证是否具备解锁权限？","{""A"": ""规则不适用"", ""B"": ""无法判断"", ""C"": ""能够覆盖 / 可以"", ""D"": ""不能覆盖 / 不可以""}",C
Final repaired ACL Bench,200,8369,counter_logic,,"某学术课题遴选要求：入围者得分必须严格高于 10 分。
候选人得分列表为：[4, 5, 6, 15] 分。
最低入围得分应为哪个？","{""A"": ""6"", ""B"": ""15"", ""C"": ""4"", ""D"": ""5""}",B
Final repaired ACL Bench,201,2976,hierarchy_logic,,"审批流程规则中，审批权限由高到低依次为：级别-五 > 级别-四 > 级别-三 > 级别-二 > 级别-一。
该申请已由「级别-二」级别完成审批，「级别-一」级别提出复核申请。
该复核是否具有覆盖当前审批结果的权限？","{""A"": ""规则不适用"", ""B"": ""不能覆盖 / 不可以"", ""C"": ""能够覆盖 / 可以"", ""D"": ""无法判断""}",B
Final repaired ACL Bench,202,7367,pattern_recognition,,"在某数学认证规则中，「合法数列」定义为：公差严格为 1 的递增等差数列。
以下哪个序列是合法的？","{""A"": ""4-4-5-6"", ""B"": ""3-4-4-6"", ""C"": ""3-4-5-7"", ""D"": ""3-4-5-6""}",D
Final repaired ACL Bench,203,4886,pattern_recognition,,"在某数学认证规则中，「合法数列」定义为：公差严格为 3 的递增等差数列。
以下哪个序列是合法的？","{""A"": ""5-8-11-11-17"", ""B"": ""5-8-11-14-17"", ""C"": ""5-8-12-14-17"", ""D"": ""5-8-11-14-20""}",B
Final repaired ACL Bench,204,9922,hierarchy_logic,,"在某权限控制体系中，级别由高到低依次为：董事会 > 总裁办公室 > 业务部门 > 项目组 > 个人。
当前资源处于「总裁办公室」级别锁定状态，认证凭证所属级别为「项目组」。
该凭证是否具备解锁权限？","{""A"": ""无法判断"", ""B"": ""不能覆盖 / 不可以"", ""C"": ""规则不适用"", ""D"": ""能够覆盖 / 可以""}",B
Final repaired ACL Bench,205,6727,pattern_recognition,,"异常检测：序列 7, 7, 8, 9, 10 中哪个数字偏离了等差模式？","{""A"": ""10"", ""B"": ""8"", ""C"": ""7"", ""D"": ""9""}",C
Final repaired ACL Bench,206,1149,counter_logic,,"某大件物流关卡规定：本通道仅允许总载重量严格大于 14 吨的重型车辆通行（过滤轻型车）。
当前候选车辆载重量为：[7, 8, 10, 15] 吨。
满足要求且载重量最低的车辆是哪个？","{""A"": ""7"", ""B"": ""8"", ""C"": ""10"", ""D"": ""15""}",D
Final repaired ACL Bench,207,8371,pattern_recognition,,"在数列 5, 5, 6, 7, 8 中，识别出违反等差规律的元素：","{""A"": ""7"", ""B"": ""8"", ""C"": ""6"", ""D"": ""5""}",D
Final repaired ACL Bench,208,6253,counter_logic,,"某大件物流关卡规定：本通道仅允许总载重量严格大于 11 吨的重型车辆通行（过滤轻型车）。
当前候选车辆载重量为：[4, 7, 10, 13] 吨。
满足要求且载重量最低的车辆是哪个？","{""A"": ""4"", ""B"": ""7"", ""C"": ""13"", ""D"": ""10""}",C
Final repaired ACL Bench,209,4920,pattern_recognition,,"数列验证标准：有效序列必须是公差为 1 的连续递增数列。
请识别出符合标准的序列：","{""A"": ""4-5-6-7-7"", ""B"": ""4-5-6-6-8"", ""C"": ""4-5-6-7-8"", ""D"": ""4-5-6-7-9""}",C
Final repaired ACL Bench,210,4981,hierarchy_logic,,"审批流程规则中，审批权限由高到低依次为：极密 > 机密 > 秘密 > 内部 > 公开。
该申请已由「公开」级别完成审批，「机密」级别提出复核申请。
该复核是否具有覆盖当前审批结果的权限？","{""A"": ""能够覆盖 / 可以"", ""B"": ""规则不适用"", ""C"": ""无法判断"", ""D"": ""不能覆盖 / 不可以""}",A
Final repaired ACL Bench,211,7523,pattern_recognition,,"在数列 12, 11, 13, 15, 17 中，识别出违反等差规律的元素：","{""A"": ""13"", ""B"": ""15"", ""C"": ""11"", ""D"": ""12""}",D
Final repaired ACL Bench,212,6573,counter_logic,,"项目评审规则：方案报价必须严格高于成本基准线 11 万元才具备参选资格。
各参选报价（万元）：[4, 5, 7, 12]。
哪个是具备参选资格中报价最低的？","{""A"": ""5"", ""B"": ""12"", ""C"": ""4"", ""D"": ""7""}",B
Final repaired ACL Bench,213,6626,pattern_recognition,,"观察以下等差数列：9, 14, 19, 24, 29, 34, ?
根据规律，?处应填入哪个数字？","{""A"": ""38"", ""B"": ""45"", ""C"": ""40"", ""D"": ""39""}",D
Final repaired ACL Bench,214,4470,hierarchy_logic,,"系统访问控制规则：权限层级为 S级 > A级 > B级 > C级 > D级。
目标资源的保护级别是「D级」，用户持有的访问令牌级别为「A级」。
该用户能否成功访问此资源？","{""A"": ""能够覆盖 / 可以"", ""B"": ""不能覆盖 / 不可以"", ""C"": ""规则不适用"", ""D"": ""无法判断""}",A
Final repaired ACL Bench,215,5503,counter_logic,,"某大件物流关卡规定：本通道仅允许总载重量严格大于 22 吨的重型车辆通行（过滤轻型车）。
当前候选车辆载重量为：[16, 19, 20, 22] 吨。
满足要求且载重量最低的车辆是哪个？（若所有车辆均不达标准，请选「无达标车辆」）","{""A"": ""22"", ""B"": ""无达标车辆"", ""C"": ""16"", ""D"": ""20""}",B
Final repaired ACL Bench,216,7594,hierarchy_logic,,"在材料强度测试规范中，强度等级由高到低依次为：钻石 > 铂金 > 黄金 > 白银 > 青铜。
承受体当前等级为「黄金」，攻击源强度等级为「青铜」。
该攻击源是否具有击穿/覆盖承受体的强度？","{""A"": ""规则不适用"", ""B"": ""无法判断"", ""C"": ""能够覆盖 / 可以"", ""D"": ""不能覆盖 / 不可以""}",D
Final repaired ACL Bench,217,5891,pattern_recognition,,"数列验证标准：有效序列必须是公差为 2 的连续递增数列。
请识别出符合标准的序列：","{""A"": ""4-6-8-12"", ""B"": ""5-6-8-10"", ""C"": ""4-6-8-10"", ""D"": ""4-6-6-10""}",C
Final repaired ACL Bench,218,9307,pattern_recognition,,"数列延续：2, 3, 4, 5, 6, ?
按照既定模式，下一项是？","{""A"": ""8"", ""B"": ""9"", ""C"": ""6"", ""D"": ""7""}",D
Final repaired ACL Bench,219,7370,counter_logic,,"项目评审规则：方案报价必须严格高于成本基准线 15 万元才具备参选资格。
各参选报价（万元）：[8, 11, 12, 14]。
哪个是具备参选资格中报价最低的？（若无项目具备参选资格，请选「无具资格项目」）","{""A"": ""无具资格项目"", ""B"": ""11"", ""C"": ""12"", ""D"": ""14""}",A
Final repaired ACL Bench,220,6267,pattern_recognition,,"序列补全：9, 13, 17, 21, 25, 29, ?
缺失的数字应该是？","{""A"": ""32"", ""B"": ""38"", ""C"": ""34"", ""D"": ""33""}",D
Final repaired ACL Bench,221,3298,counter_logic,,"某大件物流关卡规定：本通道仅允许总载重量严格大于 18 吨的重型车辆通行（过滤轻型车）。
当前候选车辆载重量为：[11, 12, 15, 18] 吨。
满足要求且载重量最低的车辆是哪个？（若所有车辆均不达标准，请选「无达标车辆」）","{""A"": ""无达标车辆"", ""B"": ""18"", ""C"": ""15"", ""D"": ""12""}",A
Final repaired ACL Bench,222,9900,hierarchy_logic,,"在某权限控制体系中，级别由高到低依次为：级别-五 > 级别-四 > 级别-三 > 级别-二 > 级别-一。
当前资源处于「级别-三」级别锁定状态，认证凭证所属级别为「级别-四」。
该凭证是否具备解锁权限？","{""A"": ""规则不适用"", ""B"": ""不能覆盖 / 不可以"", ""C"": ""能够覆盖 / 可以"", ""D"": ""无法判断""}",C
Final repaired ACL Bench,223,5583,pattern_recognition,,"逻辑规则：合规数列要求每相邻两项差值恒定为 2。
下列选项中哪个满足要求？","{""A"": ""6-8-10-12-16"", ""B"": ""6-8-10-12-12"", ""C"": ""6-8-10-12-13"", ""D"": ""6-8-10-12-14""}",D
Final repaired ACL Bench,224,7744,pattern_recognition,,"逻辑规则：合规数列要求每相邻两项差值恒定为 1。
下列选项中哪个满足要求？","{""A"": ""8-9-10-10-12"", ""B"": ""8-9-10-12-12"", ""C"": ""8-9-10-11-13"", ""D"": ""8-9-10-11-12""}",D
Final repaired ACL Bench,225,2102,counter_logic,,"项目评审规则：方案报价必须严格高于成本基准线 8 万元才具备参选资格。
各参选报价（万元）：[1, 2, 6, 10]。
哪个是具备参选资格中报价最低的？","{""A"": ""2"", ""B"": ""1"", ""C"": ""6"", ""D"": ""10""}",D
Final repaired ACL Bench,226,6427,counter_logic,,"某学术课题遴选要求：入围者得分必须严格高于 12 分。
候选人得分列表为：[9, 10, 12, 19] 分。
最低入围得分应为哪个？","{""A"": ""10"", ""B"": ""12"", ""C"": ""19"", ""D"": ""9""}",C
Final repaired ACL Bench,227,6692,pattern_recognition,,"以下序列中，有且仅有一个数字破坏了等差规律：
9, 14, 15, 18, 21
请找出这个不符合规律的数字。","{""A"": ""9"", ""B"": ""15"", ""C"": ""14"", ""D"": ""21""}",C
Final repaired ACL Bench,228,3875,counter_logic,,"集合 S = {2, 3, 4, 12}，从 S 中选出严格大于 6 的最小元素。
该函数的返回值应为？","{""A"": ""2"", ""B"": ""12"", ""C"": ""4"", ""D"": ""3""}",B
Final repaired ACL Bench,229,9341,counter_logic,,"化学实验要求：反应炉内温度必须严格高于 6 摄氏度。
可调节档位（摄氏度）：[3, 4, 5, 7]。
能满足安全要求且能耗最小的温度档位是？","{""A"": ""4"", ""B"": ""5"", ""C"": ""7"", ""D"": ""3""}",C
Final repaired ACL Bench,230,7971,hierarchy_logic,,"审批流程规则中，审批权限由高到低依次为：极密 > 机密 > 秘密 > 内部 > 公开。
该申请已由「机密」级别完成审批，「内部」级别提出复核申请。
该复核是否具有覆盖当前审批结果的权限？","{""A"": ""不能覆盖 / 不可以"", ""B"": ""规则不适用"", ""C"": ""能够覆盖 / 可以"", ""D"": ""无法判断""}",A
Final repaired ACL Bench,231,2108,pattern_recognition,,"以下序列中，有且仅有一个数字破坏了等差规律：
6, 11, 14, 17, 20
请找出这个不符合规律的数字。","{""A"": ""14"", ""B"": ""17"", ""C"": ""11"", ""D"": ""6""}",D
Final repaired ACL Bench,232,2891,hierarchy_logic,,"在材料强度测试规范中，强度等级由高到低依次为：钻石 > 铂金 > 黄金 > 白银 > 青铜。
承受体当前等级为「铂金」，攻击源强度等级为「钻石」。
该攻击源是否具有击穿/覆盖承受体的强度？","{""A"": ""无法判断"", ""B"": ""不能覆盖 / 不可以"", ""C"": ""规则不适用"", ""D"": ""能够覆盖 / 可以""}",D
Final repaired ACL Bench,233,4388,hierarchy_logic,,"审批流程规则中，审批权限由高到低依次为：总部 > 大区 > 分区 > 分支 > 节点。
该申请已由「分支」级别完成审批，「节点」级别提出复核申请。
该复核是否具有覆盖当前审批结果的权限？","{""A"": ""无法判断"", ""B"": ""不能覆盖 / 不可以"", ""C"": ""能够覆盖 / 可以"", ""D"": ""规则不适用""}",B
Final repaired ACL Bench,234,6147,hierarchy_logic,,"在材料强度测试规范中，强度等级由高到低依次为：特级 > 一级 > 二级 > 三级 > 四级。
承受体当前等级为「一级」，攻击源强度等级为「特级」。
该攻击源是否具有击穿/覆盖承受体的强度？","{""A"": ""规则不适用"", ""B"": ""能够覆盖 / 可以"", ""C"": ""不能覆盖 / 不可以"", ""D"": ""无法判断""}",B
Final repaired ACL Bench,235,5054,counter_logic,,"化学实验要求：反应炉内温度必须严格高于 15 摄氏度。
可调节档位（摄氏度）：[11, 13, 15, 20]。
能满足安全要求且能耗最小的温度档位是？","{""A"": ""13"", ""B"": ""20"", ""C"": ""11"", ""D"": ""15""}",B
Final repaired ACL Bench,236,3390,counter_logic,,"某学术课题遴选要求：入围者得分必须严格高于 16 分。
候选人得分列表为：[10, 11, 14, 23] 分。
最低入围得分应为哪个？","{""A"": ""14"", ""B"": ""10"", ""C"": ""23"", ""D"": ""11""}",C
Final repaired ACL Bench,237,5033,hierarchy_logic,,"系统访问控制规则：权限层级为 总部 > 大区 > 分区 > 分支 > 节点。
目标资源的保护级别是「大区」，用户持有的访问令牌级别为「总部」。
该用户能否成功访问此资源？","{""A"": ""无法判断"", ""B"": ""能够覆盖 / 可以"", ""C"": ""规则不适用"", ""D"": ""不能覆盖 / 不可以""}",B
Final repaired ACL Bench,238,7421,pattern_recognition,,"序列补全：3, 6, 9, 12, 15, 18, ?
缺失的数字应该是？","{""A"": ""21"", ""B"": ""20"", ""C"": ""25"", ""D"": ""22""}",A
Final repaired ACL Bench,239,5571,counter_logic,,"某学术课题遴选要求：入围者得分必须严格高于 12 分。
候选人得分列表为：[10, 11, 12, 15] 分。
最低入围得分应为哪个？","{""A"": ""10"", ""B"": ""12"", ""C"": ""15"", ""D"": ""11""}",C
Final repaired ACL Bench,240,1508,hierarchy_logic,,"审批流程规则中，审批权限由高到低依次为：特级 > 一级 > 二级 > 三级 > 四级。
该申请已由「一级」级别完成审批，「四级」级别提出复核申请。
该复核是否具有覆盖当前审批结果的权限？","{""A"": ""能够覆盖 / 可以"", ""B"": ""规则不适用"", ""C"": ""无法判断"", ""D"": ""不能覆盖 / 不可以""}",D
Final repaired ACL Bench,241,9201,hierarchy_logic,,"组织决策体系：决策权限分级为 钻石 > 铂金 > 黄金 > 白银 > 青铜。
当前决议由「黄金」层级通过，现「铂金」层级要求重新审议。
重新审议请求是否有效？","{""A"": ""规则不适用"", ""B"": ""不能覆盖 / 不可以"", ""C"": ""无法判断"", ""D"": ""能够覆盖 / 可以""}",D
Final repaired ACL Bench,242,4871,counter_logic,,"化学实验要求：反应炉内温度必须严格高于 16 摄氏度。
可调节档位（摄氏度）：[11, 13, 14, 19]。
能满足安全要求且能耗最小的温度档位是？","{""A"": ""13"", ""B"": ""11"", ""C"": ""14"", ""D"": ""19""}",D
Final repaired ACL Bench,243,3773,counter_logic,,"项目评审规则：方案报价必须严格高于成本基准线 11 万元才具备参选资格。
各参选报价（万元）：[6, 7, 9, 16]。
哪个是具备参选资格中报价最低的？","{""A"": ""6"", ""B"": ""9"", ""C"": ""16"", ""D"": ""7""}",C
Final repaired ACL Bench,244,9159,counter_logic,,"某大件物流关卡规定：本通道仅允许总载重量严格大于 4 吨的重型车辆通行（过滤轻型车）。
当前候选车辆载重量为：[1, 2, 3, 5] 吨。
满足要求且载重量最低的车辆是哪个？","{""A"": ""1"", ""B"": ""5"", ""C"": ""3"", ""D"": ""2""}",B
Final repaired ACL Bench,245,5089,pattern_recognition,,"异常检测：序列 7, 10, 13, 18, 19 中哪个数字偏离了等差模式？","{""A"": ""18"", ""B"": ""10"", ""C"": ""19"", ""D"": ""13""}",A
Final repaired ACL Bench,246,2188,hierarchy_logic,,"审批流程规则中，审批权限由高到低依次为：极密 > 机密 > 秘密 > 内部 > 公开。
该申请已由「公开」级别完成审批，「机密」级别提出复核申请。
该复核是否具有覆盖当前审批结果的权限？","{""A"": ""能够覆盖 / 可以"", ""B"": ""规则不适用"", ""C"": ""不能覆盖 / 不可以"", ""D"": ""无法判断""}",A
Final repaired ACL Bench,247,6804,hierarchy_logic,,"组织决策体系：决策权限分级为 董事会 > 总裁办公室 > 业务部门 > 项目组 > 个人。
当前决议由「业务部门」层级通过，现「董事会」层级要求重新审议。
重新审议请求是否有效？","{""A"": ""规则不适用"", ""B"": ""不能覆盖 / 不可以"", ""C"": ""无法判断"", ""D"": ""能够覆盖 / 可以""}",D
Final repaired ACL Bench,248,1797,counter_logic,,"某大件物流关卡规定：本通道仅允许总载重量严格大于 4 吨的重型车辆通行（过滤轻型车）。
当前候选车辆载重量为：[2, 3, 4, 5] 吨。
满足要求且载重量最低的车辆是哪个？","{""A"": ""5"", ""B"": ""2"", ""C"": ""3"", ""D"": ""4""}",A
Final repaired ACL Bench,249,1715,pattern_recognition,,"序列补全：4, 6, 8, 10, ?
缺失的数字应该是？","{""A"": ""12"", ""B"": ""15"", ""C"": ""11"", ""D"": ""13""}",A
Final repaired ACL Bench,250,7703,counter_logic,,"某学术课题遴选要求：入围者得分必须严格高于 14 分。
候选人得分列表为：[5, 10, 11, 12] 分。
最低入围得分应为哪个？（若无候选人分数达标，请选「无入围候选人」）","{""A"": ""无入围候选人"", ""B"": ""12"", ""C"": ""11"", ""D"": ""10""}",A
Final repaired ACL Bench,251,1710,pattern_recognition,,"逻辑规则：合规数列要求每相邻两项差值恒定为 3。
下列选项中哪个满足要求？","{""A"": ""2-5-5-11"", ""B"": ""2-5-8-14"", ""C"": ""2-5-8-12"", ""D"": ""2-5-8-11""}",D
Final repaired ACL Bench,252,1280,counter_logic,,"化学实验要求：反应炉内温度必须严格高于 4 摄氏度。
可调节档位（摄氏度）：[1, 3, 4, 9]。
能满足安全要求且能耗最小的温度档位是？","{""A"": ""9"", ""B"": ""4"", ""C"": ""3"", ""D"": ""1""}",A
Final repaired ACL Bench,253,2130,counter_logic,,"某学术课题遴选要求：入围者得分必须严格高于 15 分。
候选人得分列表为：[8, 9, 11, 17] 分。
最低入围得分应为哪个？","{""A"": ""9"", ""B"": ""11"", ""C"": ""8"", ""D"": ""17""}",D
Final repaired ACL Bench,254,6529,hierarchy_logic,,"审批流程规则中，审批权限由高到低依次为：特级 > 一级 > 二级 > 三级 > 四级。
该申请已由「三级」级别完成审批，「四级」级别提出复核申请。
该复核是否具有覆盖当前审批结果的权限？","{""A"": ""不能覆盖 / 不可以"", ""B"": ""无法判断"", ""C"": ""规则不适用"", ""D"": ""能够覆盖 / 可以""}",A
Final repaired ACL Bench,255,1744,pattern_recognition,,"序列补全：3, 7, 11, 15, 19, ?
缺失的数字应该是？","{""A"": ""23"", ""B"": ""24"", ""C"": ""22"", ""D"": ""28""}",A
Final repaired ACL Bench,256,8055,pattern_recognition,,"数列延续：6, 8, 10, 12, 14, ?
按照既定模式，下一项是？","{""A"": ""15"", ""B"": ""17"", ""C"": ""19"", ""D"": ""16""}",D
Final repaired ACL Bench,257,2180,pattern_recognition,,"序列补全：4, 6, 8, 10, 12, ?
缺失的数字应该是？","{""A"": ""14"", ""B"": ""17"", ""C"": ""13"", ""D"": ""15""}",A
Final repaired ACL Bench,258,2079,pattern_recognition,,"序列补全：7, 11, 15, 19, 23, 27, ?
缺失的数字应该是？","{""A"": ""36"", ""B"": ""32"", ""C"": ""30"", ""D"": ""31""}",D
Final repaired ACL Bench,259,9369,counter_logic,,"集合 S = {14, 15, 17, 20}，从 S 中选出严格大于 22 的最小元素。
该函数的返回值应为？（若集合中不存在满足条件的元素，请选「集合中无满足条件的元素」）","{""A"": ""20"", ""B"": ""集合中无满足条件的元素"", ""C"": ""17"", ""D"": ""14""}",B
Final repaired ACL Bench,260,3579,pattern_recognition,,"序列补全：7, 10, 13, 16, 19, 22, ?
缺失的数字应该是？","{""A"": ""26"", ""B"": ""24"", ""C"": ""29"", ""D"": ""25""}",D
Final repaired ACL Bench,261,4948,counter_logic,,"集合 S = {6, 11, 12, 19}，从 S 中选出严格大于 12 的最小元素。
该函数的返回值应为？","{""A"": ""11"", ""B"": ""6"", ""C"": ""12"", ""D"": ""19""}",D
Final repaired ACL Bench,262,1958,hierarchy_logic,,"组织决策体系：决策权限分级为 钻石 > 铂金 > 黄金 > 白银 > 青铜。
当前决议由「青铜」层级通过，现「铂金」层级要求重新审议。
重新审议请求是否有效？","{""A"": ""无法判断"", ""B"": ""能够覆盖 / 可以"", ""C"": ""规则不适用"", ""D"": ""不能覆盖 / 不可以""}",B
Final repaired ACL Bench,263,2217,counter_logic,,"化学实验要求：反应炉内温度必须严格高于 6 摄氏度。
可调节档位（摄氏度）：[2, 4, 5, 12]。
能满足安全要求且能耗最小的温度档位是？","{""A"": ""5"", ""B"": ""2"", ""C"": ""4"", ""D"": ""12""}",D
Final repaired ACL Bench,264,3369,pattern_recognition,,"数列验证标准：有效序列必须是公差为 3 的连续递增数列。
请识别出符合标准的序列：","{""A"": ""3-6-9-12-12"", ""B"": ""3-6-10-12-15"", ""C"": ""3-6-9-12-15"", ""D"": ""3-6-9-12-18""}",C
Final repaired ACL Bench,265,2874,hierarchy_logic,,"在某权限控制体系中，级别由高到低依次为：极密 > 机密 > 秘密 > 内部 > 公开。
当前资源处于「极密」级别锁定状态，认证凭证所属级别为「秘密」。
该凭证是否具备解锁权限？","{""A"": ""无法判断"", ""B"": ""规则不适用"", ""C"": ""不能覆盖 / 不可以"", ""D"": ""能够覆盖 / 可以""}",C
Final repaired ACL Bench,266,5530,hierarchy_logic,,"审批流程规则中，审批权限由高到低依次为：极密 > 机密 > 秘密 > 内部 > 公开。
该申请已由「极密」级别完成审批，「秘密」级别提出复核申请。
该复核是否具有覆盖当前审批结果的权限？","{""A"": ""无法判断"", ""B"": ""规则不适用"", ""C"": ""不能覆盖 / 不可以"", ""D"": ""能够覆盖 / 可以""}",C
Final repaired ACL Bench,267,9498,counter_logic,,"项目评审规则：方案报价必须严格高于成本基准线 15 万元才具备参选资格。
各参选报价（万元）：[12, 14, 15, 17]。
哪个是具备参选资格中报价最低的？","{""A"": ""14"", ""B"": ""15"", ""C"": ""12"", ""D"": ""17""}",D
Final repaired ACL Bench,268,8349,pattern_recognition,,"在数列 7, 9, 9, 10, 11 中，识别出违反等差规律的元素：","{""A"": ""10"", ""B"": ""7"", ""C"": ""11"", ""D"": ""9""}",D
Final repaired ACL Bench,269,4090,pattern_recognition,,"数列验证标准：有效序列必须是公差为 3 的连续递增数列。
请识别出符合标准的序列：","{""A"": ""8-11-14-17"", ""B"": ""8-11-11-17"", ""C"": ""8-11-14-18"", ""D"": ""8-11-14-20""}",A
Final repaired ACL Bench,270,5332,pattern_recognition,,"数列验证标准：有效序列必须是公差为 2 的连续递增数列。
请识别出符合标准的序列：","{""A"": ""2-4-6-6"", ""B"": ""2-4-6-10"", ""C"": ""2-5-6-8"", ""D"": ""2-4-6-8""}",D
Final repaired ACL Bench,271,4919,hierarchy_logic,,"审批流程规则中，审批权限由高到低依次为：董事会 > 总裁办公室 > 业务部门 > 项目组 > 个人。
该申请已由「业务部门」级别完成审批，「项目组」级别提出复核申请。
该复核是否具有覆盖当前审批结果的权限？","{""A"": ""不能覆盖 / 不可以"", ""B"": ""能够覆盖 / 可以"", ""C"": ""规则不适用"", ""D"": ""无法判断""}",A
Final repaired ACL Bench,272,8849,counter_logic,,"某学术课题遴选要求：入围者得分必须严格高于 8 分。
候选人得分列表为：[1, 5, 6, 9] 分。
最低入围得分应为哪个？","{""A"": ""9"", ""B"": ""5"", ""C"": ""6"", ""D"": ""1""}",A
Final repaired ACL Bench,273,2771,hierarchy_logic,,"系统访问控制规则：权限层级为 特级 > 一级 > 二级 > 三级 > 四级。
目标资源的保护级别是「三级」，用户持有的访问令牌级别为「一级」。
该用户能否成功访问此资源？","{""A"": ""无法判断"", ""B"": ""能够覆盖 / 可以"", ""C"": ""规则不适用"", ""D"": ""不能覆盖 / 不可以""}",B
Final repaired ACL Bench,274,6221,pattern_recognition,,"以下序列中，有且仅有一个数字破坏了等差规律：
10, 9, 10, 11, 12
请找出这个不符合规律的数字。","{""A"": ""12"", ""B"": ""10"", ""C"": ""9"", ""D"": ""11""}",B
Final repaired ACL Bench,275,4522,pattern_recognition,,"逻辑规则：合规数列要求每相邻两项差值恒定为 3。
下列选项中哪个满足要求？","{""A"": ""6-9-12-15-19"", ""B"": ""6-9-12-15-15"", ""C"": ""6-9-12-15-18"", ""D"": ""6-9-12-15-21""}",C
Final repaired ACL Bench,276,8444,counter_logic,,"某学术课题遴选要求：入围者得分必须严格高于 15 分。
候选人得分列表为：[8, 12, 14, 22] 分。
最低入围得分应为哪个？","{""A"": ""14"", ""B"": ""8"", ""C"": ""12"", ""D"": ""22""}",D
Final repaired ACL Bench,277,3646,hierarchy_logic,,"在材料强度测试规范中，强度等级由高到低依次为：S级 > A级 > B级 > C级 > D级。
承受体当前等级为「A级」，攻击源强度等级为「S级」。
该攻击源是否具有击穿/覆盖承受体的强度？","{""A"": ""无法判断"", ""B"": ""规则不适用"", ""C"": ""能够覆盖 / 可以"", ""D"": ""不能覆盖 / 不可以""}",C
Final repaired ACL Bench,278,2443,pattern_recognition,,"序列补全：7, 8, 9, 10, ?
缺失的数字应该是？","{""A"": ""11"", ""B"": ""12"", ""C"": ""10"", ""D"": ""13""}",A
Final repaired ACL Bench,279,9920,pattern_recognition,,"数列验证标准：有效序列必须是公差为 1 的连续递增数列。
请识别出符合标准的序列：","{""A"": ""6-7-8-10"", ""B"": ""6-8-10-12"", ""C"": ""6-6-8-9"", ""D"": ""6-7-8-9""}",D
Final repaired ACL Bench,280,5978,hierarchy_logic,,"审批流程规则中，审批权限由高到低依次为：极密 > 机密 > 秘密 > 内部 > 公开。
该申请已由「内部」级别完成审批，「公开」级别提出复核申请。
该复核是否具有覆盖当前审批结果的权限？","{""A"": ""规则不适用"", ""B"": ""不能覆盖 / 不可以"", ""C"": ""能够覆盖 / 可以"", ""D"": ""无法判断""}",B
Final repaired ACL Bench,281,1517,counter_logic,,"化学实验要求：反应炉内温度必须严格高于 13 摄氏度。
可调节档位（摄氏度）：[8, 10, 11, 17]。
能满足安全要求且能耗最小的温度档位是？","{""A"": ""8"", ""B"": ""10"", ""C"": ""17"", ""D"": ""11""}",C
Final repaired ACL Bench,282,4727,pattern_recognition,,"逻辑规则：合规数列要求每相邻两项差值恒定为 2。
下列选项中哪个满足要求？","{""A"": ""9-9-13-15-17"", ""B"": ""9-11-14-15-17"", ""C"": ""9-11-13-15-19"", ""D"": ""9-11-13-15-17""}",D
Final repaired ACL Bench,283,4070,counter_logic,,"某学术课题遴选要求：入围者得分必须严格高于 5 分。
候选人得分列表为：[2, 3, 4, 6] 分。
最低入围得分应为哪个？","{""A"": ""3"", ""B"": ""4"", ""C"": ""2"", ""D"": ""6""}",D
Final repaired ACL Bench,284,4920,counter_logic,,"化学实验要求：反应炉内温度必须严格高于 7 摄氏度。
可调节档位（摄氏度）：[3, 5, 7, 9]。
能满足安全要求且能耗最小的温度档位是？","{""A"": ""7"", ""B"": ""3"", ""C"": ""9"", ""D"": ""5""}",C
Final repaired ACL Bench,285,4608,hierarchy_logic,,"系统访问控制规则：权限层级为 极密 > 机密 > 秘密 > 内部 > 公开。
目标资源的保护级别是「机密」，用户持有的访问令牌级别为「极密」。
该用户能否成功访问此资源？","{""A"": ""不能覆盖 / 不可以"", ""B"": ""规则不适用"", ""C"": ""无法判断"", ""D"": ""能够覆盖 / 可以""}",D
Final repaired ACL Bench,286,2344,counter_logic,,"某学术课题遴选要求：入围者得分必须严格高于 10 分。
候选人得分列表为：[3, 7, 9, 12] 分。
最低入围得分应为哪个？","{""A"": ""7"", ""B"": ""12"", ""C"": ""3"", ""D"": ""9""}",B
Final repaired ACL Bench,287,9151,pattern_recognition,,"异常检测：序列 10, 9, 12, 15, 18 中哪个数字偏离了等差模式？","{""A"": ""15"", ""B"": ""18"", ""C"": ""10"", ""D"": ""12""}",C
Final repaired ACL Bench,288,2745,counter_logic,,"某大件物流关卡规定：本通道仅允许总载重量严格大于 8 吨的重型车辆通行（过滤轻型车）。
当前候选车辆载重量为：[6, 7, 8, 10] 吨。
满足要求且载重量最低的车辆是哪个？","{""A"": ""10"", ""B"": ""6"", ""C"": ""7"", ""D"": ""8""}",A
Final repaired ACL Bench,289,1842,pattern_recognition,,"在某数学认证规则中，「合法数列」定义为：公差严格为 1 的递增等差数列。
以下哪个序列是合法的？","{""A"": ""6-7-8-9"", ""B"": ""6-7-8-8"", ""C"": ""7-7-8-9"", ""D"": ""6-7-8-10""}",A
Final repaired ACL Bench,290,3184,hierarchy_logic,,"在材料强度测试规范中，强度等级由高到低依次为：S级 > A级 > B级 > C级 > D级。
承受体当前等级为「C级」，攻击源强度等级为「D级」。
该攻击源是否具有击穿/覆盖承受体的强度？","{""A"": ""无法判断"", ""B"": ""规则不适用"", ""C"": ""不能覆盖 / 不可以"", ""D"": ""能够覆盖 / 可以""}",C
Final repaired ACL Bench,291,4585,hierarchy_logic,,"审批流程规则中，审批权限由高到低依次为：董事会 > 总裁办公室 > 业务部门 > 项目组 > 个人。
该申请已由「总裁办公室」级别完成审批，「业务部门」级别提出复核申请。
该复核是否具有覆盖当前审批结果的权限？","{""A"": ""无法判断"", ""B"": ""能够覆盖 / 可以"", ""C"": ""规则不适用"", ""D"": ""不能覆盖 / 不可以""}",D
Final repaired ACL Bench,292,5026,counter_logic,,"某大件物流关卡规定：本通道仅允许总载重量严格大于 4 吨的重型车辆通行（过滤轻型车）。
当前候选车辆载重量为：[1, 2, 4, 7] 吨。
满足要求且载重量最低的车辆是哪个？","{""A"": ""1"", ""B"": ""4"", ""C"": ""7"", ""D"": ""2""}",C
Final repaired ACL Bench,293,5933,counter_logic,,"化学实验要求：反应炉内温度必须严格高于 18 摄氏度。
可调节档位（摄氏度）：[10, 12, 13, 15]。
能满足安全要求且能耗最小的温度档位是？（若无温度满足要求，请选「无合规温度档位」）","{""A"": ""12"", ""B"": ""13"", ""C"": ""无合规温度档位"", ""D"": ""10""}",C
Final repaired ACL Bench,294,4012,counter_logic,,"项目评审规则：方案报价必须严格高于成本基准线 16 万元才具备参选资格。
各参选报价（万元）：[12, 14, 16, 21]。
哪个是具备参选资格中报价最低的？","{""A"": ""21"", ""B"": ""16"", ""C"": ""12"", ""D"": ""14""}",A
Final repaired ACL Bench,295,6651,counter_logic,,"化学实验要求：反应炉内温度必须严格高于 12 摄氏度。
可调节档位（摄氏度）：[4, 6, 7, 11]。
能满足安全要求且能耗最小的温度档位是？（若无温度满足要求，请选「无合规温度档位」）","{""A"": ""11"", ""B"": ""无合规温度档位"", ""C"": ""7"", ""D"": ""6""}",B
Final repaired ACL Bench,296,8319,counter_logic,,"集合 S = {2, 3, 4, 8}，从 S 中选出严格大于 6 的最小元素。
该函数的返回值应为？","{""A"": ""2"", ""B"": ""8"", ""C"": ""4"", ""D"": ""3""}",B
Final repaired ACL Bench,297,3068,hierarchy_logic,,"在材料强度测试规范中，强度等级由高到低依次为：特级 > 一级 > 二级 > 三级 > 四级。
承受体当前等级为「一级」，攻击源强度等级为「三级」。
该攻击源是否具有击穿/覆盖承受体的强度？","{""A"": ""无法判断"", ""B"": ""能够覆盖 / 可以"", ""C"": ""规则不适用"", ""D"": ""不能覆盖 / 不可以""}",D
Final repaired ACL Bench,298,4460,pattern_recognition,,"观察以下等差数列：8, 10, 12, 14, 16, 18, ?
根据规律，?处应填入哪个数字？","{""A"": ""19"", ""B"": ""21"", ""C"": ""23"", ""D"": ""20""}",D
Final repaired ACL Bench,299,7499,counter_logic,,"项目评审规则：方案报价必须严格高于成本基准线 12 万元才具备参选资格。
各参选报价（万元）：[5, 10, 11, 18]。
哪个是具备参选资格中报价最低的？","{""A"": ""5"", ""B"": ""11"", ""C"": ""18"", ""D"": ""10""}",C
Final repaired ACL Bench,300,6661,pattern_recognition,,"逻辑规则：合规数列要求每相邻两项差值恒定为 2。
下列选项中哪个满足要求？","{""A"": ""5-7-9-9"", ""B"": ""5-7-9-13"", ""C"": ""5-7-9-11"", ""D"": ""5-7-9-12""}",C
Initial ACL Bench,1,7669,pattern_recognition,,在卡牌逻辑中，'连续递增'的数字序列被定义为合法组合。以下哪个序列是合法的？,"{""A"": ""3-5-6-7-8"", ""B"": ""4-3-5"", ""C"": ""3-4-4-6-7"", ""D"": ""3-4-5-6-7""}",D
Initial ACL Bench,2,6811,pattern_recognition,,在卡牌逻辑中，'连续递增'的数字序列被定义为合法组合。以下哪个序列是合法的？,"{""A"": ""5-7-8-9-10"", ""B"": ""5-6-7-8-9"", ""C"": ""5-6-6-8-9"", ""D"": ""6-5-7""}",B
Initial ACL Bench,3,1996,counter_logic,,"规则：你出的数字必须严格大于 7。你当前手牌有：[6, 7, 9, 4]。
你应该出哪张牌？","{""A"": ""6"", ""B"": ""4"", ""C"": ""9"", ""D"": ""7""}",C
Initial ACL Bench,4,9791,hierarchy_logic,,"假设在一个游戏中，等级规则是：Sun > Earth > Moon > Meteor。
玩家A打出了【Meteor】。玩家B手里有【Earth】。
请问：玩家B能管住玩家A吗？","{""A"": ""能"", ""B"": ""不能"", ""C"": ""无法确定"", ""D"": ""规则无效""}",A
Initial ACL Bench,5,9106,hierarchy_logic,,"假设在一个游戏中，等级规则是：Sun > Earth > Moon > Meteor。
玩家A打出了【Earth】。玩家B手里有【Sun】。
请问：玩家B能管住玩家A吗？","{""A"": ""能"", ""B"": ""不能"", ""C"": ""无法确定"", ""D"": ""规则无效""}",A
Initial ACL Bench,6,4699,counter_logic,,"规则：你出的数字必须严格大于 6。你当前手牌有：[5, 6, 8, 3]。
你应该出哪张牌？","{""A"": ""6"", ""B"": ""8"", ""C"": ""5"", ""D"": ""3""}",B
Initial ACL Bench,7,5610,counter_logic,,"规则：你出的数字必须严格大于 9。你当前手牌有：[8, 9, 11, 6]。
你应该出哪张牌？","{""A"": ""6"", ""B"": ""11"", ""C"": ""9"", ""D"": ""8""}",B
Initial ACL Bench,8,8443,pattern_recognition,,在卡牌逻辑中，'连续递增'的数字序列被定义为合法组合。以下哪个序列是合法的？,"{""A"": ""2-3-3-5-6"", ""B"": ""2-4-5-6-7"", ""C"": ""2-3-4-5-6"", ""D"": ""3-2-4""}",C
Initial ACL Bench,9,5850,counter_logic,,"规则：你出的数字必须严格大于 7。你当前手牌有：[6, 7, 9, 4]。
你应该出哪张牌？","{""A"": ""4"", ""B"": ""9"", ""C"": ""6"", ""D"": ""7""}",B
Initial ACL Bench,10,4251,hierarchy_logic,,"假设在一个游戏中，等级规则是：Sun > Earth > Moon > Meteor。
玩家A打出了【Meteor】。玩家B手里有【Sun】。
请问：玩家B能管住玩家A吗？","{""A"": ""能"", ""B"": ""不能"", ""C"": ""无法确定"", ""D"": ""规则无效""}",A
Initial ACL Bench,11,7959,counter_logic,,"规则：你出的数字必须严格大于 8。你当前手牌有：[7, 8, 10, 5]。
你应该出哪张牌？","{""A"": ""8"", ""B"": ""5"", ""C"": ""10"", ""D"": ""7""}",C
Initial ACL Bench,12,7691,pattern_recognition,,在卡牌逻辑中，'连续递增'的数字序列被定义为合法组合。以下哪个序列是合法的？,"{""A"": ""1-2-3-4-5"", ""B"": ""1-3-4-5-6"", ""C"": ""1-2-2-4-5"", ""D"": ""2-1-3""}",A
Initial ACL Bench,13,3077,hierarchy_logic,,"假设在一个游戏中，等级规则是：Alpha > Beta > Gamma > Delta。
玩家A打出了【Delta】。玩家B手里有【Gamma】。
请问：玩家B能管住玩家A吗？","{""A"": ""能"", ""B"": ""不能"", ""C"": ""无法确定"", ""D"": ""规则无效""}",A
Initial ACL Bench,14,5072,pattern_recognition,,在卡牌逻辑中，'连续递增'的数字序列被定义为合法组合。以下哪个序列是合法的？,"{""A"": ""4-5-5-7-8"", ""B"": ""4-6-7-8-9"", ""C"": ""5-4-6"", ""D"": ""4-5-6-7-8""}",D
Initial ACL Bench,15,9903,hierarchy_logic,,"假设在一个游戏中，等级规则是：Sun > Earth > Moon > Meteor。
玩家A打出了【Moon】。玩家B手里有【Earth】。
请问：玩家B能管住玩家A吗？","{""A"": ""能"", ""B"": ""不能"", ""C"": ""无法确定"", ""D"": ""规则无效""}",A
Initial ACL Bench,16,2491,pattern_recognition,,在卡牌逻辑中，'连续递增'的数字序列被定义为合法组合。以下哪个序列是合法的？,"{""A"": ""4-3-5"", ""B"": ""3-4-4-6-7"", ""C"": ""3-5-6-7-8"", ""D"": ""3-4-5-6-7""}",D
Initial ACL Bench,17,9994,counter_logic,,"规则：你出的数字必须严格大于 7。你当前手牌有：[6, 7, 9, 4]。
你应该出哪张牌？","{""A"": ""4"", ""B"": ""7"", ""C"": ""6"", ""D"": ""9""}",D
Initial ACL Bench,18,9447,counter_logic,,"规则：你出的数字必须严格大于 6。你当前手牌有：[5, 6, 8, 3]。
你应该出哪张牌？","{""A"": ""5"", ""B"": ""8"", ""C"": ""6"", ""D"": ""3""}",B
Initial ACL Bench,19,9530,pattern_recognition,,在卡牌逻辑中，'连续递增'的数字序列被定义为合法组合。以下哪个序列是合法的？,"{""A"": ""3-2-4"", ""B"": ""2-4-5-6-7"", ""C"": ""2-3-3-5-6"", ""D"": ""2-3-4-5-6""}",D
Initial ACL Bench,20,1673,hierarchy_logic,,"假设在一个游戏中，等级规则是：Sun > Earth > Moon > Meteor。
玩家A打出了【Moon】。玩家B手里有【Sun】。
请问：玩家B能管住玩家A吗？","{""A"": ""能"", ""B"": ""不能"", ""C"": ""无法确定"", ""D"": ""规则无效""}",A
Initial ACL Bench,21,2435,hierarchy_logic,,"假设在一个游戏中，等级规则是：Sun > Earth > Moon > Meteor。
玩家A打出了【Meteor】。玩家B手里有【Moon】。
请问：玩家B能管住玩家A吗？","{""A"": ""能"", ""B"": ""不能"", ""C"": ""无法确定"", ""D"": ""规则无效""}",A
Initial ACL Bench,22,8381,pattern_recognition,,在卡牌逻辑中，'连续递增'的数字序列被定义为合法组合。以下哪个序列是合法的？,"{""A"": ""5-7-8-9-10"", ""B"": ""6-5-7"", ""C"": ""5-6-6-8-9"", ""D"": ""5-6-7-8-9""}",D
Initial ACL Bench,23,5305,pattern_recognition,,在卡牌逻辑中，'连续递增'的数字序列被定义为合法组合。以下哪个序列是合法的？,"{""A"": ""6-5-7"", ""B"": ""5-6-7-8-9"", ""C"": ""5-7-8-9-10"", ""D"": ""5-6-6-8-9""}",B
Initial ACL Bench,24,1850,counter_logic,,"规则：你出的数字必须严格大于 6。你当前手牌有：[5, 6, 8, 3]。
你应该出哪张牌？","{""A"": ""3"", ""B"": ""8"", ""C"": ""5"", ""D"": ""6""}",B
Initial ACL Bench,25,6187,counter_logic,,"规则：你出的数字必须严格大于 7。你当前手牌有：[6, 7, 9, 4]。
你应该出哪张牌？","{""A"": ""6"", ""B"": ""7"", ""C"": ""4"", ""D"": ""9""}",D
Initial ACL Bench,26,2216,pattern_recognition,,在卡牌逻辑中，'连续递增'的数字序列被定义为合法组合。以下哪个序列是合法的？,"{""A"": ""5-6-6-8-9"", ""B"": ""6-5-7"", ""C"": ""5-6-7-8-9"", ""D"": ""5-7-8-9-10""}",C
Initial ACL Bench,27,4564,hierarchy_logic,,"假设在一个游戏中，等级规则是：Sun > Earth > Moon > Meteor。
玩家A打出了【Meteor】。玩家B手里有【Moon】。
请问：玩家B能管住玩家A吗？","{""A"": ""能"", ""B"": ""不能"", ""C"": ""无法确定"", ""D"": ""规则无效""}",A
Initial ACL Bench,28,9973,counter_logic,,"规则：你出的数字必须严格大于 8。你当前手牌有：[7, 8, 10, 5]。
你应该出哪张牌？","{""A"": ""5"", ""B"": ""10"", ""C"": ""8"", ""D"": ""7""}",B
Initial ACL Bench,29,5410,counter_logic,,"规则：你出的数字必须严格大于 6。你当前手牌有：[5, 6, 8, 3]。
你应该出哪张牌？","{""A"": ""6"", ""B"": ""8"", ""C"": ""3"", ""D"": ""5""}",B
Initial ACL Bench,30,5038,counter_logic,,"规则：你出的数字必须严格大于 6。你当前手牌有：[5, 6, 8, 3]。
你应该出哪张牌？","{""A"": ""3"", ""B"": ""8"", ""C"": ""6"", ""D"": ""5""}",B
Initial ACL Bench,31,7988,hierarchy_logic,,"假设在一个游戏中，等级规则是：Alpha > Beta > Gamma > Delta。
玩家A打出了【Beta】。玩家B手里有【Alpha】。
请问：玩家B能管住玩家A吗？","{""A"": ""能"", ""B"": ""不能"", ""C"": ""无法确定"", ""D"": ""规则无效""}",A
Initial ACL Bench,32,8806,counter_logic,,"规则：你出的数字必须严格大于 6。你当前手牌有：[5, 6, 8, 3]。
你应该出哪张牌？","{""A"": ""8"", ""B"": ""5"", ""C"": ""6"", ""D"": ""3""}",A
Initial ACL Bench,33,7911,hierarchy_logic,,"假设在一个游戏中，等级规则是：Alpha > Beta > Gamma > Delta。
玩家A打出了【Delta】。玩家B手里有【Alpha】。
请问：玩家B能管住玩家A吗？","{""A"": ""能"", ""B"": ""不能"", ""C"": ""无法确定"", ""D"": ""规则无效""}",A
Initial ACL Bench,34,1459,counter_logic,,"规则：你出的数字必须严格大于 6。你当前手牌有：[5, 6, 8, 3]。
你应该出哪张牌？","{""A"": ""6"", ""B"": ""3"", ""C"": ""5"", ""D"": ""8""}",D
Initial ACL Bench,35,5065,counter_logic,,"规则：你出的数字必须严格大于 10。你当前手牌有：[9, 10, 12, 7]。
你应该出哪张牌？","{""A"": ""12"", ""B"": ""9"", ""C"": ""10"", ""D"": ""7""}",A
Initial ACL Bench,36,8829,pattern_recognition,,在卡牌逻辑中，'连续递增'的数字序列被定义为合法组合。以下哪个序列是合法的？,"{""A"": ""1-3-4-5-6"", ""B"": ""1-2-2-4-5"", ""C"": ""1-2-3-4-5"", ""D"": ""2-1-3""}",C
Initial ACL Bench,37,4922,counter_logic,,"规则：你出的数字必须严格大于 6。你当前手牌有：[5, 6, 8, 3]。
你应该出哪张牌？","{""A"": ""6"", ""B"": ""5"", ""C"": ""8"", ""D"": ""3""}",C
Initial ACL Bench,38,7660,hierarchy_logic,,"假设在一个游戏中，等级规则是：Alpha > Beta > Gamma > Delta。
玩家A打出了【Delta】。玩家B手里有【Alpha】。
请问：玩家B能管住玩家A吗？","{""A"": ""能"", ""B"": ""不能"", ""C"": ""无法确定"", ""D"": ""规则无效""}",A
Initial ACL Bench,39,5304,hierarchy_logic,,"假设在一个游戏中，等级规则是：Alpha > Beta > Gamma > Delta。
玩家A打出了【Delta】。玩家B手里有【Beta】。
请问：玩家B能管住玩家A吗？","{""A"": ""能"", ""B"": ""不能"", ""C"": ""无法确定"", ""D"": ""规则无效""}",A
Initial ACL Bench,40,4347,counter_logic,,"规则：你出的数字必须严格大于 10。你当前手牌有：[9, 10, 12, 7]。
你应该出哪张牌？","{""A"": ""10"", ""B"": ""9"", ""C"": ""12"", ""D"": ""7""}",C
Initial ACL Bench,41,4887,counter_logic,,"规则：你出的数字必须严格大于 5。你当前手牌有：[4, 5, 7, 2]。
你应该出哪张牌？","{""A"": ""7"", ""B"": ""5"", ""C"": ""4"", ""D"": ""2""}",A
Initial ACL Bench,42,6410,hierarchy_logic,,"假设在一个游戏中，等级规则是：Sun > Earth > Moon > Meteor。
玩家A打出了【Meteor】。玩家B手里有【Moon】。
请问：玩家B能管住玩家A吗？","{""A"": ""能"", ""B"": ""不能"", ""C"": ""无法确定"", ""D"": ""规则无效""}",A
Initial ACL Bench,43,1586,pattern_recognition,,在卡牌逻辑中，'连续递增'的数字序列被定义为合法组合。以下哪个序列是合法的？,"{""A"": ""2-4-5-6-7"", ""B"": ""2-3-4-5-6"", ""C"": ""2-3-3-5-6"", ""D"": ""3-2-4""}",B
Initial ACL Bench,44,5898,pattern_recognition,,在卡牌逻辑中，'连续递增'的数字序列被定义为合法组合。以下哪个序列是合法的？,"{""A"": ""3-4-4-6-7"", ""B"": ""3-4-5-6-7"", ""C"": ""3-5-6-7-8"", ""D"": ""4-3-5""}",B
Initial ACL Bench,45,8488,hierarchy_logic,,"假设在一个游戏中，等级规则是：Alpha > Beta > Gamma > Delta。
玩家A打出了【Beta】。玩家B手里有【Alpha】。
请问：玩家B能管住玩家A吗？","{""A"": ""能"", ""B"": ""不能"", ""C"": ""无法确定"", ""D"": ""规则无效""}",A
Initial ACL Bench,46,9727,pattern_recognition,,在卡牌逻辑中，'连续递增'的数字序列被定义为合法组合。以下哪个序列是合法的？,"{""A"": ""2-4-5-6-7"", ""B"": ""3-2-4"", ""C"": ""2-3-4-5-6"", ""D"": ""2-3-3-5-6""}",C
Initial ACL Bench,47,2926,counter_logic,,"规则：你出的数字必须严格大于 7。你当前手牌有：[6, 7, 9, 4]。
你应该出哪张牌？","{""A"": ""7"", ""B"": ""6"", ""C"": ""9"", ""D"": ""4""}",C
Initial ACL Bench,48,8474,hierarchy_logic,,"假设在一个游戏中，等级规则是：Alpha > Beta > Gamma > Delta。
玩家A打出了【Gamma】。玩家B手里有【Beta】。
请问：玩家B能管住玩家A吗？","{""A"": ""能"", ""B"": ""不能"", ""C"": ""无法确定"", ""D"": ""规则无效""}",A
Initial ACL Bench,49,3942,hierarchy_logic,,"假设在一个游戏中，等级规则是：Sun > Earth > Moon > Meteor。
玩家A打出了【Earth】。玩家B手里有【Sun】。
请问：玩家B能管住玩家A吗？","{""A"": ""能"", ""B"": ""不能"", ""C"": ""无法确定"", ""D"": ""规则无效""}",A
Initial ACL Bench,50,3686,counter_logic,,"规则：你出的数字必须严格大于 6。你当前手牌有：[5, 6, 8, 3]。
你应该出哪张牌？","{""A"": ""8"", ""B"": ""5"", ""C"": ""6"", ""D"": ""3""}",A
Initial ACL Bench,51,1252,hierarchy_logic,,"假设在一个游戏中，等级规则是：Alpha > Beta > Gamma > Delta。
玩家A打出了【Gamma】。玩家B手里有【Beta】。
请问：玩家B能管住玩家A吗？","{""A"": ""能"", ""B"": ""不能"", ""C"": ""无法确定"", ""D"": ""规则无效""}",A
Initial ACL Bench,52,5585,counter_logic,,"规则：你出的数字必须严格大于 8。你当前手牌有：[7, 8, 10, 5]。
你应该出哪张牌？","{""A"": ""5"", ""B"": ""8"", ""C"": ""7"", ""D"": ""10""}",D
Initial ACL Bench,53,2393,pattern_recognition,,在卡牌逻辑中，'连续递增'的数字序列被定义为合法组合。以下哪个序列是合法的？,"{""A"": ""3-2-4"", ""B"": ""2-4-5-6-7"", ""C"": ""2-3-4-5-6"", ""D"": ""2-3-3-5-6""}",C
Initial ACL Bench,54,5248,hierarchy_logic,,"假设在一个游戏中，等级规则是：Alpha > Beta > Gamma > Delta。
玩家A打出了【Delta】。玩家B手里有【Beta】。
请问：玩家B能管住玩家A吗？","{""A"": ""能"", ""B"": ""不能"", ""C"": ""无法确定"", ""D"": ""规则无效""}",A
Initial ACL Bench,55,2196,pattern_recognition,,在卡牌逻辑中，'连续递增'的数字序列被定义为合法组合。以下哪个序列是合法的？,"{""A"": ""2-3-4-5-6"", ""B"": ""2-3-3-5-6"", ""C"": ""3-2-4"", ""D"": ""2-4-5-6-7""}",A
Initial ACL Bench,56,9514,pattern_recognition,,在卡牌逻辑中，'连续递增'的数字序列被定义为合法组合。以下哪个序列是合法的？,"{""A"": ""5-6-6-8-9"", ""B"": ""5-6-7-8-9"", ""C"": ""6-5-7"", ""D"": ""5-7-8-9-10""}",B
Initial ACL Bench,57,9215,hierarchy_logic,,"假设在一个游戏中，等级规则是：Sun > Earth > Moon > Meteor。
玩家A打出了【Meteor】。玩家B手里有【Moon】。
请问：玩家B能管住玩家A吗？","{""A"": ""能"", ""B"": ""不能"", ""C"": ""无法确定"", ""D"": ""规则无效""}",A
Initial ACL Bench,58,7913,counter_logic,,"规则：你出的数字必须严格大于 7。你当前手牌有：[6, 7, 9, 4]。
你应该出哪张牌？","{""A"": ""6"", ""B"": ""9"", ""C"": ""7"", ""D"": ""4""}",B
Initial ACL Bench,59,9875,pattern_recognition,,在卡牌逻辑中，'连续递增'的数字序列被定义为合法组合。以下哪个序列是合法的？,"{""A"": ""5-6-6-8-9"", ""B"": ""5-6-7-8-9"", ""C"": ""5-7-8-9-10"", ""D"": ""6-5-7""}",B
Initial ACL Bench,60,1806,counter_logic,,"规则：你出的数字必须严格大于 8。你当前手牌有：[7, 8, 10, 5]。
你应该出哪张牌？","{""A"": ""10"", ""B"": ""7"", ""C"": ""5"", ""D"": ""8""}",A
Initial ACL Bench,61,7423,hierarchy_logic,,"假设在一个游戏中，等级规则是：Alpha > Beta > Gamma > Delta。
玩家A打出了【Gamma】。玩家B手里有【Beta】。
请问：玩家B能管住玩家A吗？","{""A"": ""能"", ""B"": ""不能"", ""C"": ""无法确定"", ""D"": ""规则无效""}",A
Initial ACL Bench,62,6601,counter_logic,,"规则：你出的数字必须严格大于 5。你当前手牌有：[4, 5, 7, 2]。
你应该出哪张牌？","{""A"": ""7"", ""B"": ""2"", ""C"": ""4"", ""D"": ""5""}",A
Initial ACL Bench,63,5400,counter_logic,,"规则：你出的数字必须严格大于 7。你当前手牌有：[6, 7, 9, 4]。
你应该出哪张牌？","{""A"": ""6"", ""B"": ""7"", ""C"": ""9"", ""D"": ""4""}",C
Initial ACL Bench,64,3549,pattern_recognition,,在卡牌逻辑中，'连续递增'的数字序列被定义为合法组合。以下哪个序列是合法的？,"{""A"": ""2-3-3-5-6"", ""B"": ""2-3-4-5-6"", ""C"": ""2-4-5-6-7"", ""D"": ""3-2-4""}",B
Initial ACL Bench,65,5271,pattern_recognition,,在卡牌逻辑中，'连续递增'的数字序列被定义为合法组合。以下哪个序列是合法的？,"{""A"": ""1-2-3-4-5"", ""B"": ""2-1-3"", ""C"": ""1-3-4-5-6"", ""D"": ""1-2-2-4-5""}",A
Initial ACL Bench,66,8234,hierarchy_logic,,"假设在一个游戏中，等级规则是：Alpha > Beta > Gamma > Delta。
玩家A打出了【Delta】。玩家B手里有【Beta】。
请问：玩家B能管住玩家A吗？","{""A"": ""能"", ""B"": ""不能"", ""C"": ""无法确定"", ""D"": ""规则无效""}",A
Initial ACL Bench,67,3949,pattern_recognition,,在卡牌逻辑中，'连续递增'的数字序列被定义为合法组合。以下哪个序列是合法的？,"{""A"": ""5-6-7-8-9"", ""B"": ""6-5-7"", ""C"": ""5-6-6-8-9"", ""D"": ""5-7-8-9-10""}",A
Initial ACL Bench,68,7239,pattern_recognition,,在卡牌逻辑中，'连续递增'的数字序列被定义为合法组合。以下哪个序列是合法的？,"{""A"": ""1-2-2-4-5"", ""B"": ""1-3-4-5-6"", ""C"": ""1-2-3-4-5"", ""D"": ""2-1-3""}",C
Initial ACL Bench,69,4325,pattern_recognition,,在卡牌逻辑中，'连续递增'的数字序列被定义为合法组合。以下哪个序列是合法的？,"{""A"": ""3-4-5-6-7"", ""B"": ""3-4-4-6-7"", ""C"": ""4-3-5"", ""D"": ""3-5-6-7-8""}",A
Initial ACL Bench,70,4945,pattern_recognition,,在卡牌逻辑中，'连续递增'的数字序列被定义为合法组合。以下哪个序列是合法的？,"{""A"": ""2-1-3"", ""B"": ""1-2-2-4-5"", ""C"": ""1-2-3-4-5"", ""D"": ""1-3-4-5-6""}",C
Initial ACL Bench,71,6395,counter_logic,,"规则：你出的数字必须严格大于 5。你当前手牌有：[4, 5, 7, 2]。
你应该出哪张牌？","{""A"": ""4"", ""B"": ""2"", ""C"": ""5"", ""D"": ""7""}",D
Initial ACL Bench,72,8608,hierarchy_logic,,"假设在一个游戏中，等级规则是：Sun > Earth > Moon > Meteor。
玩家A打出了【Moon】。玩家B手里有【Sun】。
请问：玩家B能管住玩家A吗？","{""A"": ""能"", ""B"": ""不能"", ""C"": ""无法确定"", ""D"": ""规则无效""}",A
Initial ACL Bench,73,5318,counter_logic,,"规则：你出的数字必须严格大于 5。你当前手牌有：[4, 5, 7, 2]。
你应该出哪张牌？","{""A"": ""4"", ""B"": ""7"", ""C"": ""5"", ""D"": ""2""}",B
Initial ACL Bench,74,9923,counter_logic,,"规则：你出的数字必须严格大于 9。你当前手牌有：[8, 9, 11, 6]。
你应该出哪张牌？","{""A"": ""6"", ""B"": ""11"", ""C"": ""9"", ""D"": ""8""}",B
Initial ACL Bench,75,8822,pattern_recognition,,在卡牌逻辑中，'连续递增'的数字序列被定义为合法组合。以下哪个序列是合法的？,"{""A"": ""5-4-6"", ""B"": ""4-5-5-7-8"", ""C"": ""4-6-7-8-9"", ""D"": ""4-5-6-7-8""}",D
Initial ACL Bench,76,6381,pattern_recognition,,在卡牌逻辑中，'连续递增'的数字序列被定义为合法组合。以下哪个序列是合法的？,"{""A"": ""4-5-5-7-8"", ""B"": ""4-6-7-8-9"", ""C"": ""4-5-6-7-8"", ""D"": ""5-4-6""}",C
Initial ACL Bench,77,4913,counter_logic,,"规则：你出的数字必须严格大于 8。你当前手牌有：[7, 8, 10, 5]。
你应该出哪张牌？","{""A"": ""8"", ""B"": ""7"", ""C"": ""5"", ""D"": ""10""}",D
Initial ACL Bench,78,1315,hierarchy_logic,,"假设在一个游戏中，等级规则是：Alpha > Beta > Gamma > Delta。
玩家A打出了【Beta】。玩家B手里有【Alpha】。
请问：玩家B能管住玩家A吗？","{""A"": ""能"", ""B"": ""不能"", ""C"": ""无法确定"", ""D"": ""规则无效""}",A
Initial ACL Bench,79,9845,counter_logic,,"规则：你出的数字必须严格大于 10。你当前手牌有：[9, 10, 12, 7]。
你应该出哪张牌？","{""A"": ""7"", ""B"": ""12"", ""C"": ""9"", ""D"": ""10""}",B
Initial ACL Bench,80,7756,pattern_recognition,,在卡牌逻辑中，'连续递增'的数字序列被定义为合法组合。以下哪个序列是合法的？,"{""A"": ""1-2-2-4-5"", ""B"": ""1-3-4-5-6"", ""C"": ""1-2-3-4-5"", ""D"": ""2-1-3""}",C
Initial ACL Bench,81,3498,hierarchy_logic,,"假设在一个游戏中，等级规则是：Sun > Earth > Moon > Meteor。
玩家A打出了【Moon】。玩家B手里有【Sun】。
请问：玩家B能管住玩家A吗？","{""A"": ""能"", ""B"": ""不能"", ""C"": ""无法确定"", ""D"": ""规则无效""}",A
Initial ACL Bench,82,8947,hierarchy_logic,,"假设在一个游戏中，等级规则是：Sun > Earth > Moon > Meteor。
玩家A打出了【Earth】。玩家B手里有【Sun】。
请问：玩家B能管住玩家A吗？","{""A"": ""能"", ""B"": ""不能"", ""C"": ""无法确定"", ""D"": ""规则无效""}",A
Initial ACL Bench,83,9495,pattern_recognition,,在卡牌逻辑中，'连续递增'的数字序列被定义为合法组合。以下哪个序列是合法的？,"{""A"": ""1-2-3-4-5"", ""B"": ""2-1-3"", ""C"": ""1-2-2-4-5"", ""D"": ""1-3-4-5-6""}",A
Initial ACL Bench,84,1689,pattern_recognition,,在卡牌逻辑中，'连续递增'的数字序列被定义为合法组合。以下哪个序列是合法的？,"{""A"": ""1-3-4-5-6"", ""B"": ""2-1-3"", ""C"": ""1-2-3-4-5"", ""D"": ""1-2-2-4-5""}",C
Initial ACL Bench,85,8288,hierarchy_logic,,"假设在一个游戏中，等级规则是：Alpha > Beta > Gamma > Delta。
玩家A打出了【Beta】。玩家B手里有【Alpha】。
请问：玩家B能管住玩家A吗？","{""A"": ""能"", ""B"": ""不能"", ""C"": ""无法确定"", ""D"": ""规则无效""}",A
Initial ACL Bench,86,7789,hierarchy_logic,,"假设在一个游戏中，等级规则是：Alpha > Beta > Gamma > Delta。
玩家A打出了【Gamma】。玩家B手里有【Beta】。
请问：玩家B能管住玩家A吗？","{""A"": ""能"", ""B"": ""不能"", ""C"": ""无法确定"", ""D"": ""规则无效""}",A
Initial ACL Bench,87,9370,counter_logic,,"规则：你出的数字必须严格大于 9。你当前手牌有：[8, 9, 11, 6]。
你应该出哪张牌？","{""A"": ""8"", ""B"": ""9"", ""C"": ""11"", ""D"": ""6""}",C
Initial ACL Bench,88,6570,counter_logic,,"规则：你出的数字必须严格大于 9。你当前手牌有：[8, 9, 11, 6]。
你应该出哪张牌？","{""A"": ""6"", ""B"": ""11"", ""C"": ""8"", ""D"": ""9""}",B
Initial ACL Bench,89,1629,counter_logic,,"规则：你出的数字必须严格大于 7。你当前手牌有：[6, 7, 9, 4]。
你应该出哪张牌？","{""A"": ""7"", ""B"": ""9"", ""C"": ""4"", ""D"": ""6""}",B
Initial ACL Bench,90,9530,pattern_recognition,,在卡牌逻辑中，'连续递增'的数字序列被定义为合法组合。以下哪个序列是合法的？,"{""A"": ""4-6-7-8-9"", ""B"": ""4-5-5-7-8"", ""C"": ""5-4-6"", ""D"": ""4-5-6-7-8""}",D
Initial ACL Bench,91,8035,pattern_recognition,,在卡牌逻辑中，'连续递增'的数字序列被定义为合法组合。以下哪个序列是合法的？,"{""A"": ""4-5-5-7-8"", ""B"": ""4-6-7-8-9"", ""C"": ""4-5-6-7-8"", ""D"": ""5-4-6""}",C
Initial ACL Bench,92,8832,pattern_recognition,,在卡牌逻辑中，'连续递增'的数字序列被定义为合法组合。以下哪个序列是合法的？,"{""A"": ""4-5-5-7-8"", ""B"": ""4-5-6-7-8"", ""C"": ""4-6-7-8-9"", ""D"": ""5-4-6""}",B
Initial ACL Bench,93,6222,pattern_recognition,,在卡牌逻辑中，'连续递增'的数字序列被定义为合法组合。以下哪个序列是合法的？,"{""A"": ""2-1-3"", ""B"": ""1-2-3-4-5"", ""C"": ""1-3-4-5-6"", ""D"": ""1-2-2-4-5""}",B
Initial ACL Bench,94,8459,counter_logic,,"规则：你出的数字必须严格大于 5。你当前手牌有：[4, 5, 7, 2]。
你应该出哪张牌？","{""A"": ""5"", ""B"": ""7"", ""C"": ""4"", ""D"": ""2""}",B
Initial ACL Bench,95,2592,counter_logic,,"规则：你出的数字必须严格大于 8。你当前手牌有：[7, 8, 10, 5]。
你应该出哪张牌？","{""A"": ""5"", ""B"": ""7"", ""C"": ""8"", ""D"": ""10""}",D
Initial ACL Bench,96,4402,pattern_recognition,,在卡牌逻辑中，'连续递增'的数字序列被定义为合法组合。以下哪个序列是合法的？,"{""A"": ""3-4-4-6-7"", ""B"": ""3-5-6-7-8"", ""C"": ""3-4-5-6-7"", ""D"": ""4-3-5""}",C
Initial ACL Bench,97,4583,counter_logic,,"规则：你出的数字必须严格大于 5。你当前手牌有：[4, 5, 7, 2]。
你应该出哪张牌？","{""A"": ""7"", ""B"": ""4"", ""C"": ""2"", ""D"": ""5""}",A
Initial ACL Bench,98,8223,hierarchy_logic,,"假设在一个游戏中，等级规则是：Sun > Earth > Moon > Meteor。
玩家A打出了【Moon】。玩家B手里有【Sun】。
请问：玩家B能管住玩家A吗？","{""A"": ""能"", ""B"": ""不能"", ""C"": ""无法确定"", ""D"": ""规则无效""}",A
Initial ACL Bench,99,1224,hierarchy_logic,,"假设在一个游戏中，等级规则是：Alpha > Beta > Gamma > Delta。
玩家A打出了【Delta】。玩家B手里有【Alpha】。
请问：玩家B能管住玩家A吗？","{""A"": ""能"", ""B"": ""不能"", ""C"": ""无法确定"", ""D"": ""规则无效""}",A
Initial ACL Bench,100,3406,hierarchy_logic,,"假设在一个游戏中，等级规则是：Sun > Earth > Moon > Meteor。
玩家A打出了【Meteor】。玩家B手里有【Sun】。
请问：玩家B能管住玩家A吗？","{""A"": ""能"", ""B"": ""不能"", ""C"": ""无法确定"", ""D"": ""规则无效""}",A
Initial ACL Bench,101,5728,counter_logic,,"规则：你出的数字必须严格大于 6。你当前手牌有：[5, 6, 8, 3]。
你应该出哪张牌？","{""A"": ""3"", ""B"": ""6"", ""C"": ""5"", ""D"": ""8""}",D
Initial ACL Bench,102,2472,pattern_recognition,,在卡牌逻辑中，'连续递增'的数字序列被定义为合法组合。以下哪个序列是合法的？,"{""A"": ""1-2-3-4-5"", ""B"": ""2-1-3"", ""C"": ""1-2-2-4-5"", ""D"": ""1-3-4-5-6""}",A
Initial ACL Bench,103,7671,counter_logic,,"规则：你出的数字必须严格大于 6。你当前手牌有：[5, 6, 8, 3]。
你应该出哪张牌？","{""A"": ""8"", ""B"": ""6"", ""C"": ""3"", ""D"": ""5""}",A
Initial ACL Bench,104,6256,counter_logic,,"规则：你出的数字必须严格大于 5。你当前手牌有：[4, 5, 7, 2]。
你应该出哪张牌？","{""A"": ""7"", ""B"": ""2"", ""C"": ""5"", ""D"": ""4""}",A
Initial ACL Bench,105,5011,hierarchy_logic,,"假设在一个游戏中，等级规则是：Alpha > Beta > Gamma > Delta。
玩家A打出了【Delta】。玩家B手里有【Gamma】。
请问：玩家B能管住玩家A吗？","{""A"": ""能"", ""B"": ""不能"", ""C"": ""无法确定"", ""D"": ""规则无效""}",A
Initial ACL Bench,106,8874,counter_logic,,"规则：你出的数字必须严格大于 5。你当前手牌有：[4, 5, 7, 2]。
你应该出哪张牌？","{""A"": ""7"", ""B"": ""4"", ""C"": ""5"", ""D"": ""2""}",A
Initial ACL Bench,107,7821,hierarchy_logic,,"假设在一个游戏中，等级规则是：Sun > Earth > Moon > Meteor。
玩家A打出了【Moon】。玩家B手里有【Earth】。
请问：玩家B能管住玩家A吗？","{""A"": ""能"", ""B"": ""不能"", ""C"": ""无法确定"", ""D"": ""规则无效""}",A
Initial ACL Bench,108,4283,pattern_recognition,,在卡牌逻辑中，'连续递增'的数字序列被定义为合法组合。以下哪个序列是合法的？,"{""A"": ""2-3-3-5-6"", ""B"": ""3-2-4"", ""C"": ""2-3-4-5-6"", ""D"": ""2-4-5-6-7""}",C
Initial ACL Bench,109,9977,counter_logic,,"规则：你出的数字必须严格大于 5。你当前手牌有：[4, 5, 7, 2]。
你应该出哪张牌？","{""A"": ""4"", ""B"": ""7"", ""C"": ""5"", ""D"": ""2""}",B
Initial ACL Bench,110,2359,hierarchy_logic,,"假设在一个游戏中，等级规则是：Sun > Earth > Moon > Meteor。
玩家A打出了【Moon】。玩家B手里有【Earth】。
请问：玩家B能管住玩家A吗？","{""A"": ""能"", ""B"": ""不能"", ""C"": ""无法确定"", ""D"": ""规则无效""}",A
Initial ACL Bench,111,5431,counter_logic,,"规则：你出的数字必须严格大于 8。你当前手牌有：[7, 8, 10, 5]。
你应该出哪张牌？","{""A"": ""8"", ""B"": ""10"", ""C"": ""7"", ""D"": ""5""}",B
Initial ACL Bench,112,6421,pattern_recognition,,在卡牌逻辑中，'连续递增'的数字序列被定义为合法组合。以下哪个序列是合法的？,"{""A"": ""2-4-5-6-7"", ""B"": ""2-3-3-5-6"", ""C"": ""3-2-4"", ""D"": ""2-3-4-5-6""}",D
Initial ACL Bench,113,1062,counter_logic,,"规则：你出的数字必须严格大于 7。你当前手牌有：[6, 7, 9, 4]。
你应该出哪张牌？","{""A"": ""9"", ""B"": ""7"", ""C"": ""4"", ""D"": ""6""}",A
Initial ACL Bench,114,9965,hierarchy_logic,,"假设在一个游戏中，等级规则是：Alpha > Beta > Gamma > Delta。
玩家A打出了【Beta】。玩家B手里有【Alpha】。
请问：玩家B能管住玩家A吗？","{""A"": ""能"", ""B"": ""不能"", ""C"": ""无法确定"", ""D"": ""规则无效""}",A
Initial ACL Bench,115,6052,counter_logic,,"规则：你出的数字必须严格大于 10。你当前手牌有：[9, 10, 12, 7]。
你应该出哪张牌？","{""A"": ""12"", ""B"": ""9"", ""C"": ""7"", ""D"": ""10""}",A
Initial ACL Bench,116,9374,hierarchy_logic,,"假设在一个游戏中，等级规则是：Alpha > Beta > Gamma > Delta。
玩家A打出了【Delta】。玩家B手里有【Gamma】。
请问：玩家B能管住玩家A吗？","{""A"": ""能"", ""B"": ""不能"", ""C"": ""无法确定"", ""D"": ""规则无效""}",A
Initial ACL Bench,117,7748,hierarchy_logic,,"假设在一个游戏中，等级规则是：Sun > Earth > Moon > Meteor。
玩家A打出了【Moon】。玩家B手里有【Earth】。
请问：玩家B能管住玩家A吗？","{""A"": ""能"", ""B"": ""不能"", ""C"": ""无法确定"", ""D"": ""规则无效""}",A
Initial ACL Bench,118,1391,counter_logic,,"规则：你出的数字必须严格大于 9。你当前手牌有：[8, 9, 11, 6]。
你应该出哪张牌？","{""A"": ""8"", ""B"": ""11"", ""C"": ""9"", ""D"": ""6""}",B
Initial ACL Bench,119,6322,hierarchy_logic,,"假设在一个游戏中，等级规则是：Alpha > Beta > Gamma > Delta。
玩家A打出了【Delta】。玩家B手里有【Gamma】。
请问：玩家B能管住玩家A吗？","{""A"": ""能"", ""B"": ""不能"", ""C"": ""无法确定"", ""D"": ""规则无效""}",A
Initial ACL Bench,120,6062,pattern_recognition,,在卡牌逻辑中，'连续递增'的数字序列被定义为合法组合。以下哪个序列是合法的？,"{""A"": ""6-5-7"", ""B"": ""5-7-8-9-10"", ""C"": ""5-6-6-8-9"", ""D"": ""5-6-7-8-9""}",D
Initial ACL Bench,121,6287,hierarchy_logic,,"假设在一个游戏中，等级规则是：Sun > Earth > Moon > Meteor。
玩家A打出了【Meteor】。玩家B手里有【Moon】。
请问：玩家B能管住玩家A吗？","{""A"": ""能"", ""B"": ""不能"", ""C"": ""无法确定"", ""D"": ""规则无效""}",A
Initial ACL Bench,122,7524,hierarchy_logic,,"假设在一个游戏中，等级规则是：Alpha > Beta > Gamma > Delta。
玩家A打出了【Delta】。玩家B手里有【Beta】。
请问：玩家B能管住玩家A吗？","{""A"": ""能"", ""B"": ""不能"", ""C"": ""无法确定"", ""D"": ""规则无效""}",A
Initial ACL Bench,123,3998,hierarchy_logic,,"假设在一个游戏中，等级规则是：Alpha > Beta > Gamma > Delta。
玩家A打出了【Beta】。玩家B手里有【Alpha】。
请问：玩家B能管住玩家A吗？","{""A"": ""能"", ""B"": ""不能"", ""C"": ""无法确定"", ""D"": ""规则无效""}",A
Initial ACL Bench,124,5779,pattern_recognition,,在卡牌逻辑中，'连续递增'的数字序列被定义为合法组合。以下哪个序列是合法的？,"{""A"": ""3-5-6-7-8"", ""B"": ""3-4-4-6-7"", ""C"": ""3-4-5-6-7"", ""D"": ""4-3-5""}",C
Initial ACL Bench,125,3143,pattern_recognition,,在卡牌逻辑中，'连续递增'的数字序列被定义为合法组合。以下哪个序列是合法的？,"{""A"": ""3-5-6-7-8"", ""B"": ""3-4-4-6-7"", ""C"": ""4-3-5"", ""D"": ""3-4-5-6-7""}",D
Initial ACL Bench,126,1757,pattern_recognition,,在卡牌逻辑中，'连续递增'的数字序列被定义为合法组合。以下哪个序列是合法的？,"{""A"": ""3-4-5-6-7"", ""B"": ""3-5-6-7-8"", ""C"": ""3-4-4-6-7"", ""D"": ""4-3-5""}",A
Initial ACL Bench,127,9459,pattern_recognition,,在卡牌逻辑中，'连续递增'的数字序列被定义为合法组合。以下哪个序列是合法的？,"{""A"": ""2-3-3-5-6"", ""B"": ""2-3-4-5-6"", ""C"": ""2-4-5-6-7"", ""D"": ""3-2-4""}",B
Initial ACL Bench,128,9002,counter_logic,,"规则：你出的数字必须严格大于 6。你当前手牌有：[5, 6, 8, 3]。
你应该出哪张牌？","{""A"": ""5"", ""B"": ""3"", ""C"": ""8"", ""D"": ""6""}",C
Initial ACL Bench,129,6066,pattern_recognition,,在卡牌逻辑中，'连续递增'的数字序列被定义为合法组合。以下哪个序列是合法的？,"{""A"": ""5-7-8-9-10"", ""B"": ""5-6-7-8-9"", ""C"": ""5-6-6-8-9"", ""D"": ""6-5-7""}",B
Initial ACL Bench,130,6514,pattern_recognition,,在卡牌逻辑中，'连续递增'的数字序列被定义为合法组合。以下哪个序列是合法的？,"{""A"": ""2-3-3-5-6"", ""B"": ""2-3-4-5-6"", ""C"": ""3-2-4"", ""D"": ""2-4-5-6-7""}",B
Initial ACL Bench,131,6386,pattern_recognition,,在卡牌逻辑中，'连续递增'的数字序列被定义为合法组合。以下哪个序列是合法的？,"{""A"": ""5-6-7-8-9"", ""B"": ""6-5-7"", ""C"": ""5-6-6-8-9"", ""D"": ""5-7-8-9-10""}",A
Initial ACL Bench,132,2052,counter_logic,,"规则：你出的数字必须严格大于 9。你当前手牌有：[8, 9, 11, 6]。
你应该出哪张牌？","{""A"": ""8"", ""B"": ""11"", ""C"": ""6"", ""D"": ""9""}",B
Initial ACL Bench,133,7397,counter_logic,,"规则：你出的数字必须严格大于 5。你当前手牌有：[4, 5, 7, 2]。
你应该出哪张牌？","{""A"": ""2"", ""B"": ""5"", ""C"": ""4"", ""D"": ""7""}",D
Initial ACL Bench,134,6138,hierarchy_logic,,"假设在一个游戏中，等级规则是：Alpha > Beta > Gamma > Delta。
玩家A打出了【Delta】。玩家B手里有【Beta】。
请问：玩家B能管住玩家A吗？","{""A"": ""能"", ""B"": ""不能"", ""C"": ""无法确定"", ""D"": ""规则无效""}",A
Initial ACL Bench,135,1048,hierarchy_logic,,"假设在一个游戏中，等级规则是：Alpha > Beta > Gamma > Delta。
玩家A打出了【Delta】。玩家B手里有【Gamma】。
请问：玩家B能管住玩家A吗？","{""A"": ""能"", ""B"": ""不能"", ""C"": ""无法确定"", ""D"": ""规则无效""}",A
Initial ACL Bench,136,8109,counter_logic,,"规则：你出的数字必须严格大于 10。你当前手牌有：[9, 10, 12, 7]。
你应该出哪张牌？","{""A"": ""9"", ""B"": ""12"", ""C"": ""10"", ""D"": ""7""}",B
Initial ACL Bench,137,5199,hierarchy_logic,,"假设在一个游戏中，等级规则是：Sun > Earth > Moon > Meteor。
玩家A打出了【Moon】。玩家B手里有【Earth】。
请问：玩家B能管住玩家A吗？","{""A"": ""能"", ""B"": ""不能"", ""C"": ""无法确定"", ""D"": ""规则无效""}",A
Initial ACL Bench,138,5643,counter_logic,,"规则：你出的数字必须严格大于 10。你当前手牌有：[9, 10, 12, 7]。
你应该出哪张牌？","{""A"": ""12"", ""B"": ""9"", ""C"": ""7"", ""D"": ""10""}",A
Initial ACL Bench,139,9237,pattern_recognition,,在卡牌逻辑中，'连续递增'的数字序列被定义为合法组合。以下哪个序列是合法的？,"{""A"": ""2-3-4-5-6"", ""B"": ""3-2-4"", ""C"": ""2-3-3-5-6"", ""D"": ""2-4-5-6-7""}",A
Initial ACL Bench,140,6407,counter_logic,,"规则：你出的数字必须严格大于 7。你当前手牌有：[6, 7, 9, 4]。
你应该出哪张牌？","{""A"": ""7"", ""B"": ""4"", ""C"": ""9"", ""D"": ""6""}",C
Initial ACL Bench,141,1900,pattern_recognition,,在卡牌逻辑中，'连续递增'的数字序列被定义为合法组合。以下哪个序列是合法的？,"{""A"": ""3-4-5-6-7"", ""B"": ""3-4-4-6-7"", ""C"": ""3-5-6-7-8"", ""D"": ""4-3-5""}",A
Initial ACL Bench,142,8752,pattern_recognition,,在卡牌逻辑中，'连续递增'的数字序列被定义为合法组合。以下哪个序列是合法的？,"{""A"": ""1-3-4-5-6"", ""B"": ""1-2-3-4-5"", ""C"": ""2-1-3"", ""D"": ""1-2-2-4-5""}",B
Initial ACL Bench,143,4393,hierarchy_logic,,"假设在一个游戏中，等级规则是：Sun > Earth > Moon > Meteor。
玩家A打出了【Meteor】。玩家B手里有【Moon】。
请问：玩家B能管住玩家A吗？","{""A"": ""能"", ""B"": ""不能"", ""C"": ""无法确定"", ""D"": ""规则无效""}",A
Initial ACL Bench,144,9949,pattern_recognition,,在卡牌逻辑中，'连续递增'的数字序列被定义为合法组合。以下哪个序列是合法的？,"{""A"": ""3-4-4-6-7"", ""B"": ""3-5-6-7-8"", ""C"": ""4-3-5"", ""D"": ""3-4-5-6-7""}",D
Initial ACL Bench,145,7441,counter_logic,,"规则：你出的数字必须严格大于 9。你当前手牌有：[8, 9, 11, 6]。
你应该出哪张牌？","{""A"": ""8"", ""B"": ""11"", ""C"": ""6"", ""D"": ""9""}",B
Initial ACL Bench,146,3803,hierarchy_logic,,"假设在一个游戏中，等级规则是：Alpha > Beta > Gamma > Delta。
玩家A打出了【Delta】。玩家B手里有【Gamma】。
请问：玩家B能管住玩家A吗？","{""A"": ""能"", ""B"": ""不能"", ""C"": ""无法确定"", ""D"": ""规则无效""}",A
Initial ACL Bench,147,8965,hierarchy_logic,,"假设在一个游戏中，等级规则是：Sun > Earth > Moon > Meteor。
玩家A打出了【Meteor】。玩家B手里有【Moon】。
请问：玩家B能管住玩家A吗？","{""A"": ""能"", ""B"": ""不能"", ""C"": ""无法确定"", ""D"": ""规则无效""}",A
Initial ACL Bench,148,8015,pattern_recognition,,在卡牌逻辑中，'连续递增'的数字序列被定义为合法组合。以下哪个序列是合法的？,"{""A"": ""4-5-5-7-8"", ""B"": ""5-4-6"", ""C"": ""4-5-6-7-8"", ""D"": ""4-6-7-8-9""}",C
Initial ACL Bench,149,5789,hierarchy_logic,,"假设在一个游戏中，等级规则是：Sun > Earth > Moon > Meteor。
玩家A打出了【Meteor】。玩家B手里有【Earth】。
请问：玩家B能管住玩家A吗？","{""A"": ""能"", ""B"": ""不能"", ""C"": ""无法确定"", ""D"": ""规则无效""}",A
Initial ACL Bench,150,6543,hierarchy_logic,,"假设在一个游戏中，等级规则是：Alpha > Beta > Gamma > Delta。
玩家A打出了【Delta】。玩家B手里有【Gamma】。
请问：玩家B能管住玩家A吗？","{""A"": ""能"", ""B"": ""不能"", ""C"": ""无法确定"", ""D"": ""规则无效""}",A
Initial ACL Bench,151,4577,hierarchy_logic,,"假设在一个游戏中，等级规则是：Sun > Earth > Moon > Meteor。
玩家A打出了【Earth】。玩家B手里有【Sun】。
请问：玩家B能管住玩家A吗？","{""A"": ""能"", ""B"": ""不能"", ""C"": ""无法确定"", ""D"": ""规则无效""}",A
Initial ACL Bench,152,8439,pattern_recognition,,在卡牌逻辑中，'连续递增'的数字序列被定义为合法组合。以下哪个序列是合法的？,"{""A"": ""5-7-8-9-10"", ""B"": ""5-6-6-8-9"", ""C"": ""6-5-7"", ""D"": ""5-6-7-8-9""}",D
Initial ACL Bench,153,3072,hierarchy_logic,,"假设在一个游戏中，等级规则是：Alpha > Beta > Gamma > Delta。
玩家A打出了【Delta】。玩家B手里有【Gamma】。
请问：玩家B能管住玩家A吗？","{""A"": ""能"", ""B"": ""不能"", ""C"": ""无法确定"", ""D"": ""规则无效""}",A
Initial ACL Bench,154,3237,counter_logic,,"规则：你出的数字必须严格大于 10。你当前手牌有：[9, 10, 12, 7]。
你应该出哪张牌？","{""A"": ""9"", ""B"": ""7"", ""C"": ""12"", ""D"": ""10""}",C
Initial ACL Bench,155,6919,counter_logic,,"规则：你出的数字必须严格大于 9。你当前手牌有：[8, 9, 11, 6]。
你应该出哪张牌？","{""A"": ""9"", ""B"": ""8"", ""C"": ""6"", ""D"": ""11""}",D
Initial ACL Bench,156,6241,hierarchy_logic,,"假设在一个游戏中，等级规则是：Alpha > Beta > Gamma > Delta。
玩家A打出了【Delta】。玩家B手里有【Alpha】。
请问：玩家B能管住玩家A吗？","{""A"": ""能"", ""B"": ""不能"", ""C"": ""无法确定"", ""D"": ""规则无效""}",A
Initial ACL Bench,157,7276,counter_logic,,"规则：你出的数字必须严格大于 7。你当前手牌有：[6, 7, 9, 4]。
你应该出哪张牌？","{""A"": ""6"", ""B"": ""4"", ""C"": ""9"", ""D"": ""7""}",C
Initial ACL Bench,158,6230,counter_logic,,"规则：你出的数字必须严格大于 10。你当前手牌有：[9, 10, 12, 7]。
你应该出哪张牌？","{""A"": ""7"", ""B"": ""12"", ""C"": ""9"", ""D"": ""10""}",B
Initial ACL Bench,159,6135,pattern_recognition,,在卡牌逻辑中，'连续递增'的数字序列被定义为合法组合。以下哪个序列是合法的？,"{""A"": ""1-2-2-4-5"", ""B"": ""1-2-3-4-5"", ""C"": ""2-1-3"", ""D"": ""1-3-4-5-6""}",B
Initial ACL Bench,160,4565,pattern_recognition,,在卡牌逻辑中，'连续递增'的数字序列被定义为合法组合。以下哪个序列是合法的？,"{""A"": ""5-6-7-8-9"", ""B"": ""6-5-7"", ""C"": ""5-7-8-9-10"", ""D"": ""5-6-6-8-9""}",A
Initial ACL Bench,161,6557,hierarchy_logic,,"假设在一个游戏中，等级规则是：Sun > Earth > Moon > Meteor。
玩家A打出了【Moon】。玩家B手里有【Earth】。
请问：玩家B能管住玩家A吗？","{""A"": ""能"", ""B"": ""不能"", ""C"": ""无法确定"", ""D"": ""规则无效""}",A
Initial ACL Bench,162,6546,counter_logic,,"规则：你出的数字必须严格大于 8。你当前手牌有：[7, 8, 10, 5]。
你应该出哪张牌？","{""A"": ""7"", ""B"": ""10"", ""C"": ""8"", ""D"": ""5""}",B
Initial ACL Bench,163,9341,counter_logic,,"规则：你出的数字必须严格大于 10。你当前手牌有：[9, 10, 12, 7]。
你应该出哪张牌？","{""A"": ""7"", ""B"": ""10"", ""C"": ""9"", ""D"": ""12""}",D
Initial ACL Bench,164,4512,counter_logic,,"规则：你出的数字必须严格大于 5。你当前手牌有：[4, 5, 7, 2]。
你应该出哪张牌？","{""A"": ""5"", ""B"": ""2"", ""C"": ""7"", ""D"": ""4""}",C
Initial ACL Bench,165,6112,counter_logic,,"规则：你出的数字必须严格大于 6。你当前手牌有：[5, 6, 8, 3]。
你应该出哪张牌？","{""A"": ""6"", ""B"": ""5"", ""C"": ""3"", ""D"": ""8""}",D
Initial ACL Bench,166,7617,hierarchy_logic,,"假设在一个游戏中，等级规则是：Sun > Earth > Moon > Meteor。
玩家A打出了【Earth】。玩家B手里有【Sun】。
请问：玩家B能管住玩家A吗？","{""A"": ""能"", ""B"": ""不能"", ""C"": ""无法确定"", ""D"": ""规则无效""}",A
Initial ACL Bench,167,2880,hierarchy_logic,,"假设在一个游戏中，等级规则是：Alpha > Beta > Gamma > Delta。
玩家A打出了【Delta】。玩家B手里有【Beta】。
请问：玩家B能管住玩家A吗？","{""A"": ""能"", ""B"": ""不能"", ""C"": ""无法确定"", ""D"": ""规则无效""}",A
Initial ACL Bench,168,7589,counter_logic,,"规则：你出的数字必须严格大于 10。你当前手牌有：[9, 10, 12, 7]。
你应该出哪张牌？","{""A"": ""9"", ""B"": ""10"", ""C"": ""7"", ""D"": ""12""}",D
Initial ACL Bench,169,7924,counter_logic,,"规则：你出的数字必须严格大于 6。你当前手牌有：[5, 6, 8, 3]。
你应该出哪张牌？","{""A"": ""6"", ""B"": ""5"", ""C"": ""8"", ""D"": ""3""}",C
Initial ACL Bench,170,4068,counter_logic,,"规则：你出的数字必须严格大于 7。你当前手牌有：[6, 7, 9, 4]。
你应该出哪张牌？","{""A"": ""6"", ""B"": ""7"", ""C"": ""9"", ""D"": ""4""}",C
Initial ACL Bench,171,1791,counter_logic,,"规则：你出的数字必须严格大于 10。你当前手牌有：[9, 10, 12, 7]。
你应该出哪张牌？","{""A"": ""12"", ""B"": ""7"", ""C"": ""10"", ""D"": ""9""}",A
Initial ACL Bench,172,5398,pattern_recognition,,在卡牌逻辑中，'连续递增'的数字序列被定义为合法组合。以下哪个序列是合法的？,"{""A"": ""3-5-6-7-8"", ""B"": ""3-4-4-6-7"", ""C"": ""4-3-5"", ""D"": ""3-4-5-6-7""}",D
Initial ACL Bench,173,2237,counter_logic,,"规则：你出的数字必须严格大于 7。你当前手牌有：[6, 7, 9, 4]。
你应该出哪张牌？","{""A"": ""6"", ""B"": ""9"", ""C"": ""4"", ""D"": ""7""}",B
Initial ACL Bench,174,8411,pattern_recognition,,在卡牌逻辑中，'连续递增'的数字序列被定义为合法组合。以下哪个序列是合法的？,"{""A"": ""4-5-5-7-8"", ""B"": ""4-5-6-7-8"", ""C"": ""4-6-7-8-9"", ""D"": ""5-4-6""}",B
Initial ACL Bench,175,5682,pattern_recognition,,在卡牌逻辑中，'连续递增'的数字序列被定义为合法组合。以下哪个序列是合法的？,"{""A"": ""2-3-4-5-6"", ""B"": ""2-3-3-5-6"", ""C"": ""2-4-5-6-7"", ""D"": ""3-2-4""}",A
Initial ACL Bench,176,4744,hierarchy_logic,,"假设在一个游戏中，等级规则是：Alpha > Beta > Gamma > Delta。
玩家A打出了【Delta】。玩家B手里有【Gamma】。
请问：玩家B能管住玩家A吗？","{""A"": ""能"", ""B"": ""不能"", ""C"": ""无法确定"", ""D"": ""规则无效""}",A
Initial ACL Bench,177,4725,counter_logic,,"规则：你出的数字必须严格大于 6。你当前手牌有：[5, 6, 8, 3]。
你应该出哪张牌？","{""A"": ""8"", ""B"": ""6"", ""C"": ""5"", ""D"": ""3""}",A
Initial ACL Bench,178,4453,pattern_recognition,,在卡牌逻辑中，'连续递增'的数字序列被定义为合法组合。以下哪个序列是合法的？,"{""A"": ""4-3-5"", ""B"": ""3-5-6-7-8"", ""C"": ""3-4-4-6-7"", ""D"": ""3-4-5-6-7""}",D
Initial ACL Bench,179,3049,pattern_recognition,,在卡牌逻辑中，'连续递增'的数字序列被定义为合法组合。以下哪个序列是合法的？,"{""A"": ""4-3-5"", ""B"": ""3-4-4-6-7"", ""C"": ""3-4-5-6-7"", ""D"": ""3-5-6-7-8""}",C
Initial ACL Bench,180,2403,counter_logic,,"规则：你出的数字必须严格大于 6。你当前手牌有：[5, 6, 8, 3]。
你应该出哪张牌？","{""A"": ""5"", ""B"": ""8"", ""C"": ""3"", ""D"": ""6""}",B
Initial ACL Bench,181,3696,hierarchy_logic,,"假设在一个游戏中，等级规则是：Sun > Earth > Moon > Meteor。
玩家A打出了【Moon】。玩家B手里有【Earth】。
请问：玩家B能管住玩家A吗？","{""A"": ""能"", ""B"": ""不能"", ""C"": ""无法确定"", ""D"": ""规则无效""}",A
Initial ACL Bench,182,3924,hierarchy_logic,,"假设在一个游戏中，等级规则是：Sun > Earth > Moon > Meteor。
玩家A打出了【Meteor】。玩家B手里有【Moon】。
请问：玩家B能管住玩家A吗？","{""A"": ""能"", ""B"": ""不能"", ""C"": ""无法确定"", ""D"": ""规则无效""}",A
Initial ACL Bench,183,1701,pattern_recognition,,在卡牌逻辑中，'连续递增'的数字序列被定义为合法组合。以下哪个序列是合法的？,"{""A"": ""3-4-5-6-7"", ""B"": ""3-5-6-7-8"", ""C"": ""3-4-4-6-7"", ""D"": ""4-3-5""}",A
Initial ACL Bench,184,4822,counter_logic,,"规则：你出的数字必须严格大于 10。你当前手牌有：[9, 10, 12, 7]。
你应该出哪张牌？","{""A"": ""9"", ""B"": ""10"", ""C"": ""12"", ""D"": ""7""}",C
Initial ACL Bench,185,9631,hierarchy_logic,,"假设在一个游戏中，等级规则是：Sun > Earth > Moon > Meteor。
玩家A打出了【Meteor】。玩家B手里有【Moon】。
请问：玩家B能管住玩家A吗？","{""A"": ""能"", ""B"": ""不能"", ""C"": ""无法确定"", ""D"": ""规则无效""}",A
Initial ACL Bench,186,4652,counter_logic,,"规则：你出的数字必须严格大于 5。你当前手牌有：[4, 5, 7, 2]。
你应该出哪张牌？","{""A"": ""7"", ""B"": ""4"", ""C"": ""2"", ""D"": ""5""}",A
Initial ACL Bench,187,8493,hierarchy_logic,,"假设在一个游戏中，等级规则是：Alpha > Beta > Gamma > Delta。
玩家A打出了【Gamma】。玩家B手里有【Alpha】。
请问：玩家B能管住玩家A吗？","{""A"": ""能"", ""B"": ""不能"", ""C"": ""无法确定"", ""D"": ""规则无效""}",A
Initial ACL Bench,188,1967,pattern_recognition,,在卡牌逻辑中，'连续递增'的数字序列被定义为合法组合。以下哪个序列是合法的？,"{""A"": ""4-5-5-7-8"", ""B"": ""5-4-6"", ""C"": ""4-5-6-7-8"", ""D"": ""4-6-7-8-9""}",C
Initial ACL Bench,189,4742,counter_logic,,"规则：你出的数字必须严格大于 9。你当前手牌有：[8, 9, 11, 6]。
你应该出哪张牌？","{""A"": ""11"", ""B"": ""6"", ""C"": ""8"", ""D"": ""9""}",A
Initial ACL Bench,190,9095,hierarchy_logic,,"假设在一个游戏中，等级规则是：Alpha > Beta > Gamma > Delta。
玩家A打出了【Gamma】。玩家B手里有【Beta】。
请问：玩家B能管住玩家A吗？","{""A"": ""能"", ""B"": ""不能"", ""C"": ""无法确定"", ""D"": ""规则无效""}",A
Initial ACL Bench,191,4145,hierarchy_logic,,"假设在一个游戏中，等级规则是：Alpha > Beta > Gamma > Delta。
玩家A打出了【Delta】。玩家B手里有【Gamma】。
请问：玩家B能管住玩家A吗？","{""A"": ""能"", ""B"": ""不能"", ""C"": ""无法确定"", ""D"": ""规则无效""}",A
Initial ACL Bench,192,3368,pattern_recognition,,在卡牌逻辑中，'连续递增'的数字序列被定义为合法组合。以下哪个序列是合法的？,"{""A"": ""3-4-5-6-7"", ""B"": ""4-3-5"", ""C"": ""3-4-4-6-7"", ""D"": ""3-5-6-7-8""}",A
Initial ACL Bench,193,6491,hierarchy_logic,,"假设在一个游戏中，等级规则是：Sun > Earth > Moon > Meteor。
玩家A打出了【Moon】。玩家B手里有【Earth】。
请问：玩家B能管住玩家A吗？","{""A"": ""能"", ""B"": ""不能"", ""C"": ""无法确定"", ""D"": ""规则无效""}",A
Initial ACL Bench,194,7261,pattern_recognition,,在卡牌逻辑中，'连续递增'的数字序列被定义为合法组合。以下哪个序列是合法的？,"{""A"": ""3-5-6-7-8"", ""B"": ""3-4-4-6-7"", ""C"": ""3-4-5-6-7"", ""D"": ""4-3-5""}",C
Initial ACL Bench,195,5610,pattern_recognition,,在卡牌逻辑中，'连续递增'的数字序列被定义为合法组合。以下哪个序列是合法的？,"{""A"": ""2-3-3-5-6"", ""B"": ""2-3-4-5-6"", ""C"": ""2-4-5-6-7"", ""D"": ""3-2-4""}",B
Initial ACL Bench,196,9302,pattern_recognition,,在卡牌逻辑中，'连续递增'的数字序列被定义为合法组合。以下哪个序列是合法的？,"{""A"": ""4-5-6-7-8"", ""B"": ""4-6-7-8-9"", ""C"": ""5-4-6"", ""D"": ""4-5-5-7-8""}",A
Initial ACL Bench,197,4727,counter_logic,,"规则：你出的数字必须严格大于 9。你当前手牌有：[8, 9, 11, 6]。
你应该出哪张牌？","{""A"": ""8"", ""B"": ""6"", ""C"": ""11"", ""D"": ""9""}",C
Initial ACL Bench,198,2851,counter_logic,,"规则：你出的数字必须严格大于 9。你当前手牌有：[8, 9, 11, 6]。
你应该出哪张牌？","{""A"": ""11"", ""B"": ""8"", ""C"": ""9"", ""D"": ""6""}",A
Initial ACL Bench,199,9575,pattern_recognition,,在卡牌逻辑中，'连续递增'的数字序列被定义为合法组合。以下哪个序列是合法的？,"{""A"": ""5-6-6-8-9"", ""B"": ""5-7-8-9-10"", ""C"": ""5-6-7-8-9"", ""D"": ""6-5-7""}",C
Initial ACL Bench,200,3530,pattern_recognition,,在卡牌逻辑中，'连续递增'的数字序列被定义为合法组合。以下哪个序列是合法的？,"{""A"": ""1-3-4-5-6"", ""B"": ""1-2-3-4-5"", ""C"": ""2-1-3"", ""D"": ""1-2-2-4-5""}",B
Initial ACL Bench,201,7392,hierarchy_logic,,"假设在一个游戏中，等级规则是：Alpha > Beta > Gamma > Delta。
玩家A打出了【Delta】。玩家B手里有【Beta】。
请问：玩家B能管住玩家A吗？","{""A"": ""能"", ""B"": ""不能"", ""C"": ""无法确定"", ""D"": ""规则无效""}",A
Initial ACL Bench,202,8607,counter_logic,,"规则：你出的数字必须严格大于 7。你当前手牌有：[6, 7, 9, 4]。
你应该出哪张牌？","{""A"": ""9"", ""B"": ""7"", ""C"": ""4"", ""D"": ""6""}",A
Initial ACL Bench,203,3358,pattern_recognition,,在卡牌逻辑中，'连续递增'的数字序列被定义为合法组合。以下哪个序列是合法的？,"{""A"": ""4-5-6-7-8"", ""B"": ""4-5-5-7-8"", ""C"": ""5-4-6"", ""D"": ""4-6-7-8-9""}",A
Initial ACL Bench,204,4007,counter_logic,,"规则：你出的数字必须严格大于 10。你当前手牌有：[9, 10, 12, 7]。
你应该出哪张牌？","{""A"": ""10"", ""B"": ""12"", ""C"": ""9"", ""D"": ""7""}",B
Initial ACL Bench,205,7177,counter_logic,,"规则：你出的数字必须严格大于 10。你当前手牌有：[9, 10, 12, 7]。
你应该出哪张牌？","{""A"": ""7"", ""B"": ""12"", ""C"": ""9"", ""D"": ""10""}",B
Initial ACL Bench,206,8698,hierarchy_logic,,"假设在一个游戏中，等级规则是：Alpha > Beta > Gamma > Delta。
玩家A打出了【Delta】。玩家B手里有【Beta】。
请问：玩家B能管住玩家A吗？","{""A"": ""能"", ""B"": ""不能"", ""C"": ""无法确定"", ""D"": ""规则无效""}",A
Initial ACL Bench,207,5593,hierarchy_logic,,"假设在一个游戏中，等级规则是：Sun > Earth > Moon > Meteor。
玩家A打出了【Meteor】。玩家B手里有【Moon】。
请问：玩家B能管住玩家A吗？","{""A"": ""能"", ""B"": ""不能"", ""C"": ""无法确定"", ""D"": ""规则无效""}",A
Initial ACL Bench,208,2089,pattern_recognition,,在卡牌逻辑中，'连续递增'的数字序列被定义为合法组合。以下哪个序列是合法的？,"{""A"": ""2-1-3"", ""B"": ""1-2-2-4-5"", ""C"": ""1-3-4-5-6"", ""D"": ""1-2-3-4-5""}",D
Initial ACL Bench,209,8218,pattern_recognition,,在卡牌逻辑中，'连续递增'的数字序列被定义为合法组合。以下哪个序列是合法的？,"{""A"": ""4-3-5"", ""B"": ""3-4-4-6-7"", ""C"": ""3-5-6-7-8"", ""D"": ""3-4-5-6-7""}",D
Initial ACL Bench,210,6270,counter_logic,,"规则：你出的数字必须严格大于 7。你当前手牌有：[6, 7, 9, 4]。
你应该出哪张牌？","{""A"": ""7"", ""B"": ""9"", ""C"": ""6"", ""D"": ""4""}",B
Initial ACL Bench,211,7712,counter_logic,,"规则：你出的数字必须严格大于 5。你当前手牌有：[4, 5, 7, 2]。
你应该出哪张牌？","{""A"": ""2"", ""B"": ""7"", ""C"": ""5"", ""D"": ""4""}",B
Initial ACL Bench,212,9902,hierarchy_logic,,"假设在一个游戏中，等级规则是：Alpha > Beta > Gamma > Delta。
玩家A打出了【Delta】。玩家B手里有【Beta】。
请问：玩家B能管住玩家A吗？","{""A"": ""能"", ""B"": ""不能"", ""C"": ""无法确定"", ""D"": ""规则无效""}",A
Initial ACL Bench,213,8668,pattern_recognition,,在卡牌逻辑中，'连续递增'的数字序列被定义为合法组合。以下哪个序列是合法的？,"{""A"": ""5-6-7-8-9"", ""B"": ""5-7-8-9-10"", ""C"": ""5-6-6-8-9"", ""D"": ""6-5-7""}",A
Initial ACL Bench,214,4038,counter_logic,,"规则：你出的数字必须严格大于 10。你当前手牌有：[9, 10, 12, 7]。
你应该出哪张牌？","{""A"": ""9"", ""B"": ""10"", ""C"": ""12"", ""D"": ""7""}",C
Initial ACL Bench,215,7249,hierarchy_logic,,"假设在一个游戏中，等级规则是：Alpha > Beta > Gamma > Delta。
玩家A打出了【Gamma】。玩家B手里有【Beta】。
请问：玩家B能管住玩家A吗？","{""A"": ""能"", ""B"": ""不能"", ""C"": ""无法确定"", ""D"": ""规则无效""}",A
Initial ACL Bench,216,8948,counter_logic,,"规则：你出的数字必须严格大于 8。你当前手牌有：[7, 8, 10, 5]。
你应该出哪张牌？","{""A"": ""8"", ""B"": ""10"", ""C"": ""5"", ""D"": ""7""}",B
Initial ACL Bench,217,3286,hierarchy_logic,,"假设在一个游戏中，等级规则是：Alpha > Beta > Gamma > Delta。
玩家A打出了【Gamma】。玩家B手里有【Alpha】。
请问：玩家B能管住玩家A吗？","{""A"": ""能"", ""B"": ""不能"", ""C"": ""无法确定"", ""D"": ""规则无效""}",A
Initial ACL Bench,218,1336,counter_logic,,"规则：你出的数字必须严格大于 9。你当前手牌有：[8, 9, 11, 6]。
你应该出哪张牌？","{""A"": ""11"", ""B"": ""6"", ""C"": ""8"", ""D"": ""9""}",A
Initial ACL Bench,219,3833,hierarchy_logic,,"假设在一个游戏中，等级规则是：Sun > Earth > Moon > Meteor。
玩家A打出了【Meteor】。玩家B手里有【Moon】。
请问：玩家B能管住玩家A吗？","{""A"": ""能"", ""B"": ""不能"", ""C"": ""无法确定"", ""D"": ""规则无效""}",A
Initial ACL Bench,220,2225,hierarchy_logic,,"假设在一个游戏中，等级规则是：Alpha > Beta > Gamma > Delta。
玩家A打出了【Delta】。玩家B手里有【Gamma】。
请问：玩家B能管住玩家A吗？","{""A"": ""能"", ""B"": ""不能"", ""C"": ""无法确定"", ""D"": ""规则无效""}",A
Initial ACL Bench,221,7540,hierarchy_logic,,"假设在一个游戏中，等级规则是：Alpha > Beta > Gamma > Delta。
玩家A打出了【Gamma】。玩家B手里有【Alpha】。
请问：玩家B能管住玩家A吗？","{""A"": ""能"", ""B"": ""不能"", ""C"": ""无法确定"", ""D"": ""规则无效""}",A
Initial ACL Bench,222,8318,pattern_recognition,,在卡牌逻辑中，'连续递增'的数字序列被定义为合法组合。以下哪个序列是合法的？,"{""A"": ""3-2-4"", ""B"": ""2-4-5-6-7"", ""C"": ""2-3-4-5-6"", ""D"": ""2-3-3-5-6""}",C
Initial ACL Bench,223,5413,hierarchy_logic,,"假设在一个游戏中，等级规则是：Alpha > Beta > Gamma > Delta。
玩家A打出了【Gamma】。玩家B手里有【Alpha】。
请问：玩家B能管住玩家A吗？","{""A"": ""能"", ""B"": ""不能"", ""C"": ""无法确定"", ""D"": ""规则无效""}",A
Initial ACL Bench,224,6266,counter_logic,,"规则：你出的数字必须严格大于 8。你当前手牌有：[7, 8, 10, 5]。
你应该出哪张牌？","{""A"": ""5"", ""B"": ""10"", ""C"": ""8"", ""D"": ""7""}",B
Initial ACL Bench,225,2880,pattern_recognition,,在卡牌逻辑中，'连续递增'的数字序列被定义为合法组合。以下哪个序列是合法的？,"{""A"": ""3-5-6-7-8"", ""B"": ""3-4-4-6-7"", ""C"": ""3-4-5-6-7"", ""D"": ""4-3-5""}",C
Initial ACL Bench,226,9870,pattern_recognition,,在卡牌逻辑中，'连续递增'的数字序列被定义为合法组合。以下哪个序列是合法的？,"{""A"": ""3-5-6-7-8"", ""B"": ""3-4-4-6-7"", ""C"": ""3-4-5-6-7"", ""D"": ""4-3-5""}",C
Initial ACL Bench,227,1450,hierarchy_logic,,"假设在一个游戏中，等级规则是：Alpha > Beta > Gamma > Delta。
玩家A打出了【Delta】。玩家B手里有【Alpha】。
请问：玩家B能管住玩家A吗？","{""A"": ""能"", ""B"": ""不能"", ""C"": ""无法确定"", ""D"": ""规则无效""}",A
Initial ACL Bench,228,5119,pattern_recognition,,在卡牌逻辑中，'连续递增'的数字序列被定义为合法组合。以下哪个序列是合法的？,"{""A"": ""4-5-6-7-8"", ""B"": ""4-6-7-8-9"", ""C"": ""4-5-5-7-8"", ""D"": ""5-4-6""}",A
Initial ACL Bench,229,1506,hierarchy_logic,,"假设在一个游戏中，等级规则是：Sun > Earth > Moon > Meteor。
玩家A打出了【Moon】。玩家B手里有【Earth】。
请问：玩家B能管住玩家A吗？","{""A"": ""能"", ""B"": ""不能"", ""C"": ""无法确定"", ""D"": ""规则无效""}",A
Initial ACL Bench,230,3664,hierarchy_logic,,"假设在一个游戏中，等级规则是：Alpha > Beta > Gamma > Delta。
玩家A打出了【Gamma】。玩家B手里有【Beta】。
请问：玩家B能管住玩家A吗？","{""A"": ""能"", ""B"": ""不能"", ""C"": ""无法确定"", ""D"": ""规则无效""}",A
Initial ACL Bench,231,3248,counter_logic,,"规则：你出的数字必须严格大于 9。你当前手牌有：[8, 9, 11, 6]。
你应该出哪张牌？","{""A"": ""8"", ""B"": ""11"", ""C"": ""9"", ""D"": ""6""}",B
Initial ACL Bench,232,6614,hierarchy_logic,,"假设在一个游戏中，等级规则是：Sun > Earth > Moon > Meteor。
玩家A打出了【Meteor】。玩家B手里有【Moon】。
请问：玩家B能管住玩家A吗？","{""A"": ""能"", ""B"": ""不能"", ""C"": ""无法确定"", ""D"": ""规则无效""}",A
Initial ACL Bench,233,9867,counter_logic,,"规则：你出的数字必须严格大于 6。你当前手牌有：[5, 6, 8, 3]。
你应该出哪张牌？","{""A"": ""3"", ""B"": ""8"", ""C"": ""6"", ""D"": ""5""}",B
Initial ACL Bench,234,4449,hierarchy_logic,,"假设在一个游戏中，等级规则是：Sun > Earth > Moon > Meteor。
玩家A打出了【Earth】。玩家B手里有【Sun】。
请问：玩家B能管住玩家A吗？","{""A"": ""能"", ""B"": ""不能"", ""C"": ""无法确定"", ""D"": ""规则无效""}",A
Initial ACL Bench,235,4556,hierarchy_logic,,"假设在一个游戏中，等级规则是：Sun > Earth > Moon > Meteor。
玩家A打出了【Meteor】。玩家B手里有【Earth】。
请问：玩家B能管住玩家A吗？","{""A"": ""能"", ""B"": ""不能"", ""C"": ""无法确定"", ""D"": ""规则无效""}",A
Initial ACL Bench,236,3690,pattern_recognition,,在卡牌逻辑中，'连续递增'的数字序列被定义为合法组合。以下哪个序列是合法的？,"{""A"": ""2-3-4-5-6"", ""B"": ""2-3-3-5-6"", ""C"": ""3-2-4"", ""D"": ""2-4-5-6-7""}",A
Initial ACL Bench,237,7154,hierarchy_logic,,"假设在一个游戏中，等级规则是：Sun > Earth > Moon > Meteor。
玩家A打出了【Moon】。玩家B手里有【Earth】。
请问：玩家B能管住玩家A吗？","{""A"": ""能"", ""B"": ""不能"", ""C"": ""无法确定"", ""D"": ""规则无效""}",A
Initial ACL Bench,238,8587,counter_logic,,"规则：你出的数字必须严格大于 7。你当前手牌有：[6, 7, 9, 4]。
你应该出哪张牌？","{""A"": ""7"", ""B"": ""6"", ""C"": ""4"", ""D"": ""9""}",D
Initial ACL Bench,239,4667,pattern_recognition,,在卡牌逻辑中，'连续递增'的数字序列被定义为合法组合。以下哪个序列是合法的？,"{""A"": ""2-4-5-6-7"", ""B"": ""3-2-4"", ""C"": ""2-3-3-5-6"", ""D"": ""2-3-4-5-6""}",D
Initial ACL Bench,240,7414,hierarchy_logic,,"假设在一个游戏中，等级规则是：Sun > Earth > Moon > Meteor。
玩家A打出了【Moon】。玩家B手里有【Earth】。
请问：玩家B能管住玩家A吗？","{""A"": ""能"", ""B"": ""不能"", ""C"": ""无法确定"", ""D"": ""规则无效""}",A
Initial ACL Bench,241,5364,hierarchy_logic,,"假设在一个游戏中，等级规则是：Sun > Earth > Moon > Meteor。
玩家A打出了【Meteor】。玩家B手里有【Sun】。
请问：玩家B能管住玩家A吗？","{""A"": ""能"", ""B"": ""不能"", ""C"": ""无法确定"", ""D"": ""规则无效""}",A
Initial ACL Bench,242,5563,hierarchy_logic,,"假设在一个游戏中，等级规则是：Sun > Earth > Moon > Meteor。
玩家A打出了【Moon】。玩家B手里有【Earth】。
请问：玩家B能管住玩家A吗？","{""A"": ""能"", ""B"": ""不能"", ""C"": ""无法确定"", ""D"": ""规则无效""}",A
Initial ACL Bench,243,7004,pattern_recognition,,在卡牌逻辑中，'连续递增'的数字序列被定义为合法组合。以下哪个序列是合法的？,"{""A"": ""2-1-3"", ""B"": ""1-3-4-5-6"", ""C"": ""1-2-2-4-5"", ""D"": ""1-2-3-4-5""}",D
Initial ACL Bench,244,4085,counter_logic,,"规则：你出的数字必须严格大于 8。你当前手牌有：[7, 8, 10, 5]。
你应该出哪张牌？","{""A"": ""7"", ""B"": ""5"", ""C"": ""10"", ""D"": ""8""}",C
Initial ACL Bench,245,5964,pattern_recognition,,在卡牌逻辑中，'连续递增'的数字序列被定义为合法组合。以下哪个序列是合法的？,"{""A"": ""4-3-5"", ""B"": ""3-5-6-7-8"", ""C"": ""3-4-4-6-7"", ""D"": ""3-4-5-6-7""}",D
Initial ACL Bench,246,9963,pattern_recognition,,在卡牌逻辑中，'连续递增'的数字序列被定义为合法组合。以下哪个序列是合法的？,"{""A"": ""2-4-5-6-7"", ""B"": ""2-3-3-5-6"", ""C"": ""2-3-4-5-6"", ""D"": ""3-2-4""}",C
Initial ACL Bench,247,9152,counter_logic,,"规则：你出的数字必须严格大于 10。你当前手牌有：[9, 10, 12, 7]。
你应该出哪张牌？","{""A"": ""10"", ""B"": ""12"", ""C"": ""7"", ""D"": ""9""}",B
Initial ACL Bench,248,5026,pattern_recognition,,在卡牌逻辑中，'连续递增'的数字序列被定义为合法组合。以下哪个序列是合法的？,"{""A"": ""4-5-5-7-8"", ""B"": ""4-5-6-7-8"", ""C"": ""4-6-7-8-9"", ""D"": ""5-4-6""}",B
Initial ACL Bench,249,9994,counter_logic,,"规则：你出的数字必须严格大于 8。你当前手牌有：[7, 8, 10, 5]。
你应该出哪张牌？","{""A"": ""8"", ""B"": ""7"", ""C"": ""10"", ""D"": ""5""}",C
Initial ACL Bench,250,1185,pattern_recognition,,在卡牌逻辑中，'连续递增'的数字序列被定义为合法组合。以下哪个序列是合法的？,"{""A"": ""2-4-5-6-7"", ""B"": ""2-3-4-5-6"", ""C"": ""3-2-4"", ""D"": ""2-3-3-5-6""}",B
Initial ACL Bench,251,8924,pattern_recognition,,在卡牌逻辑中，'连续递增'的数字序列被定义为合法组合。以下哪个序列是合法的？,"{""A"": ""1-2-3-4-5"", ""B"": ""1-2-2-4-5"", ""C"": ""1-3-4-5-6"", ""D"": ""2-1-3""}",A
Initial ACL Bench,252,2152,pattern_recognition,,在卡牌逻辑中，'连续递增'的数字序列被定义为合法组合。以下哪个序列是合法的？,"{""A"": ""5-7-8-9-10"", ""B"": ""6-5-7"", ""C"": ""5-6-7-8-9"", ""D"": ""5-6-6-8-9""}",C
Initial ACL Bench,253,6191,counter_logic,,"规则：你出的数字必须严格大于 9。你当前手牌有：[8, 9, 11, 6]。
你应该出哪张牌？","{""A"": ""6"", ""B"": ""9"", ""C"": ""11"", ""D"": ""8""}",C
Initial ACL Bench,254,3147,hierarchy_logic,,"假设在一个游戏中，等级规则是：Alpha > Beta > Gamma > Delta。
玩家A打出了【Gamma】。玩家B手里有【Beta】。
请问：玩家B能管住玩家A吗？","{""A"": ""能"", ""B"": ""不能"", ""C"": ""无法确定"", ""D"": ""规则无效""}",A
Initial ACL Bench,255,3980,counter_logic,,"规则：你出的数字必须严格大于 9。你当前手牌有：[8, 9, 11, 6]。
你应该出哪张牌？","{""A"": ""9"", ""B"": ""11"", ""C"": ""6"", ""D"": ""8""}",B
Initial ACL Bench,256,7681,pattern_recognition,,在卡牌逻辑中，'连续递增'的数字序列被定义为合法组合。以下哪个序列是合法的？,"{""A"": ""3-2-4"", ""B"": ""2-3-3-5-6"", ""C"": ""2-4-5-6-7"", ""D"": ""2-3-4-5-6""}",D
Initial ACL Bench,257,9300,hierarchy_logic,,"假设在一个游戏中，等级规则是：Alpha > Beta > Gamma > Delta。
玩家A打出了【Gamma】。玩家B手里有【Beta】。
请问：玩家B能管住玩家A吗？","{""A"": ""能"", ""B"": ""不能"", ""C"": ""无法确定"", ""D"": ""规则无效""}",A
Initial ACL Bench,258,2197,hierarchy_logic,,"假设在一个游戏中，等级规则是：Alpha > Beta > Gamma > Delta。
玩家A打出了【Delta】。玩家B手里有【Gamma】。
请问：玩家B能管住玩家A吗？","{""A"": ""能"", ""B"": ""不能"", ""C"": ""无法确定"", ""D"": ""规则无效""}",A
Initial ACL Bench,259,9191,counter_logic,,"规则：你出的数字必须严格大于 10。你当前手牌有：[9, 10, 12, 7]。
你应该出哪张牌？","{""A"": ""9"", ""B"": ""10"", ""C"": ""7"", ""D"": ""12""}",D
Initial ACL Bench,260,1466,pattern_recognition,,在卡牌逻辑中，'连续递增'的数字序列被定义为合法组合。以下哪个序列是合法的？,"{""A"": ""2-3-3-5-6"", ""B"": ""2-4-5-6-7"", ""C"": ""3-2-4"", ""D"": ""2-3-4-5-6""}",D
Initial ACL Bench,261,4619,pattern_recognition,,在卡牌逻辑中，'连续递增'的数字序列被定义为合法组合。以下哪个序列是合法的？,"{""A"": ""2-4-5-6-7"", ""B"": ""2-3-4-5-6"", ""C"": ""3-2-4"", ""D"": ""2-3-3-5-6""}",B
Initial ACL Bench,262,8661,pattern_recognition,,在卡牌逻辑中，'连续递增'的数字序列被定义为合法组合。以下哪个序列是合法的？,"{""A"": ""1-3-4-5-6"", ""B"": ""2-1-3"", ""C"": ""1-2-2-4-5"", ""D"": ""1-2-3-4-5""}",D
Initial ACL Bench,263,1856,counter_logic,,"规则：你出的数字必须严格大于 6。你当前手牌有：[5, 6, 8, 3]。
你应该出哪张牌？","{""A"": ""5"", ""B"": ""8"", ""C"": ""6"", ""D"": ""3""}",B
Initial ACL Bench,264,7791,counter_logic,,"规则：你出的数字必须严格大于 8。你当前手牌有：[7, 8, 10, 5]。
你应该出哪张牌？","{""A"": ""7"", ""B"": ""5"", ""C"": ""10"", ""D"": ""8""}",C
Initial ACL Bench,265,9566,hierarchy_logic,,"假设在一个游戏中，等级规则是：Sun > Earth > Moon > Meteor。
玩家A打出了【Meteor】。玩家B手里有【Earth】。
请问：玩家B能管住玩家A吗？","{""A"": ""能"", ""B"": ""不能"", ""C"": ""无法确定"", ""D"": ""规则无效""}",A
Initial ACL Bench,266,2514,pattern_recognition,,在卡牌逻辑中，'连续递增'的数字序列被定义为合法组合。以下哪个序列是合法的？,"{""A"": ""3-2-4"", ""B"": ""2-3-4-5-6"", ""C"": ""2-4-5-6-7"", ""D"": ""2-3-3-5-6""}",B
Initial ACL Bench,267,3030,hierarchy_logic,,"假设在一个游戏中，等级规则是：Sun > Earth > Moon > Meteor。
玩家A打出了【Earth】。玩家B手里有【Sun】。
请问：玩家B能管住玩家A吗？","{""A"": ""能"", ""B"": ""不能"", ""C"": ""无法确定"", ""D"": ""规则无效""}",A
Initial ACL Bench,268,9398,hierarchy_logic,,"假设在一个游戏中，等级规则是：Sun > Earth > Moon > Meteor。
玩家A打出了【Meteor】。玩家B手里有【Sun】。
请问：玩家B能管住玩家A吗？","{""A"": ""能"", ""B"": ""不能"", ""C"": ""无法确定"", ""D"": ""规则无效""}",A
Initial ACL Bench,269,7082,pattern_recognition,,在卡牌逻辑中，'连续递增'的数字序列被定义为合法组合。以下哪个序列是合法的？,"{""A"": ""1-2-3-4-5"", ""B"": ""2-1-3"", ""C"": ""1-2-2-4-5"", ""D"": ""1-3-4-5-6""}",A
Initial ACL Bench,270,3776,hierarchy_logic,,"假设在一个游戏中，等级规则是：Alpha > Beta > Gamma > Delta。
玩家A打出了【Delta】。玩家B手里有【Gamma】。
请问：玩家B能管住玩家A吗？","{""A"": ""能"", ""B"": ""不能"", ""C"": ""无法确定"", ""D"": ""规则无效""}",A
Initial ACL Bench,271,8085,counter_logic,,"规则：你出的数字必须严格大于 8。你当前手牌有：[7, 8, 10, 5]。
你应该出哪张牌？","{""A"": ""5"", ""B"": ""7"", ""C"": ""10"", ""D"": ""8""}",C
Initial ACL Bench,272,6641,counter_logic,,"规则：你出的数字必须严格大于 10。你当前手牌有：[9, 10, 12, 7]。
你应该出哪张牌？","{""A"": ""9"", ""B"": ""7"", ""C"": ""12"", ""D"": ""10""}",C
Initial ACL Bench,273,2176,pattern_recognition,,在卡牌逻辑中，'连续递增'的数字序列被定义为合法组合。以下哪个序列是合法的？,"{""A"": ""4-3-5"", ""B"": ""3-4-4-6-7"", ""C"": ""3-5-6-7-8"", ""D"": ""3-4-5-6-7""}",D
Initial ACL Bench,274,9710,pattern_recognition,,在卡牌逻辑中，'连续递增'的数字序列被定义为合法组合。以下哪个序列是合法的？,"{""A"": ""6-5-7"", ""B"": ""5-6-7-8-9"", ""C"": ""5-7-8-9-10"", ""D"": ""5-6-6-8-9""}",B
Initial ACL Bench,275,7506,hierarchy_logic,,"假设在一个游戏中，等级规则是：Alpha > Beta > Gamma > Delta。
玩家A打出了【Gamma】。玩家B手里有【Beta】。
请问：玩家B能管住玩家A吗？","{""A"": ""能"", ""B"": ""不能"", ""C"": ""无法确定"", ""D"": ""规则无效""}",A
Initial ACL Bench,276,9190,pattern_recognition,,在卡牌逻辑中，'连续递增'的数字序列被定义为合法组合。以下哪个序列是合法的？,"{""A"": ""5-6-7-8-9"", ""B"": ""6-5-7"", ""C"": ""5-6-6-8-9"", ""D"": ""5-7-8-9-10""}",A
Initial ACL Bench,277,9035,hierarchy_logic,,"假设在一个游戏中，等级规则是：Sun > Earth > Moon > Meteor。
玩家A打出了【Meteor】。玩家B手里有【Sun】。
请问：玩家B能管住玩家A吗？","{""A"": ""能"", ""B"": ""不能"", ""C"": ""无法确定"", ""D"": ""规则无效""}",A
Initial ACL Bench,278,5479,pattern_recognition,,在卡牌逻辑中，'连续递增'的数字序列被定义为合法组合。以下哪个序列是合法的？,"{""A"": ""4-5-6-7-8"", ""B"": ""5-4-6"", ""C"": ""4-5-5-7-8"", ""D"": ""4-6-7-8-9""}",A
Initial ACL Bench,279,3294,counter_logic,,"规则：你出的数字必须严格大于 10。你当前手牌有：[9, 10, 12, 7]。
你应该出哪张牌？","{""A"": ""7"", ""B"": ""9"", ""C"": ""12"", ""D"": ""10""}",C
Initial ACL Bench,280,9949,hierarchy_logic,,"假设在一个游戏中，等级规则是：Sun > Earth > Moon > Meteor。
玩家A打出了【Moon】。玩家B手里有【Sun】。
请问：玩家B能管住玩家A吗？","{""A"": ""能"", ""B"": ""不能"", ""C"": ""无法确定"", ""D"": ""规则无效""}",A
Initial ACL Bench,281,8229,counter_logic,,"规则：你出的数字必须严格大于 10。你当前手牌有：[9, 10, 12, 7]。
你应该出哪张牌？","{""A"": ""9"", ""B"": ""12"", ""C"": ""10"", ""D"": ""7""}",B
Initial ACL Bench,282,6377,pattern_recognition,,在卡牌逻辑中，'连续递增'的数字序列被定义为合法组合。以下哪个序列是合法的？,"{""A"": ""6-5-7"", ""B"": ""5-6-7-8-9"", ""C"": ""5-6-6-8-9"", ""D"": ""5-7-8-9-10""}",B
Initial ACL Bench,283,6084,pattern_recognition,,在卡牌逻辑中，'连续递增'的数字序列被定义为合法组合。以下哪个序列是合法的？,"{""A"": ""1-2-2-4-5"", ""B"": ""1-3-4-5-6"", ""C"": ""2-1-3"", ""D"": ""1-2-3-4-5""}",D
Initial ACL Bench,284,9647,pattern_recognition,,在卡牌逻辑中，'连续递增'的数字序列被定义为合法组合。以下哪个序列是合法的？,"{""A"": ""5-6-7-8-9"", ""B"": ""5-6-6-8-9"", ""C"": ""5-7-8-9-10"", ""D"": ""6-5-7""}",A
Initial ACL Bench,285,7374,hierarchy_logic,,"假设在一个游戏中，等级规则是：Alpha > Beta > Gamma > Delta。
玩家A打出了【Gamma】。玩家B手里有【Alpha】。
请问：玩家B能管住玩家A吗？","{""A"": ""能"", ""B"": ""不能"", ""C"": ""无法确定"", ""D"": ""规则无效""}",A
Initial ACL Bench,286,2452,pattern_recognition,,在卡牌逻辑中，'连续递增'的数字序列被定义为合法组合。以下哪个序列是合法的？,"{""A"": ""2-4-5-6-7"", ""B"": ""3-2-4"", ""C"": ""2-3-4-5-6"", ""D"": ""2-3-3-5-6""}",C
Initial ACL Bench,287,5641,hierarchy_logic,,"假设在一个游戏中，等级规则是：Alpha > Beta > Gamma > Delta。
玩家A打出了【Gamma】。玩家B手里有【Beta】。
请问：玩家B能管住玩家A吗？","{""A"": ""能"", ""B"": ""不能"", ""C"": ""无法确定"", ""D"": ""规则无效""}",A
Initial ACL Bench,288,1721,counter_logic,,"规则：你出的数字必须严格大于 7。你当前手牌有：[6, 7, 9, 4]。
你应该出哪张牌？","{""A"": ""7"", ""B"": ""9"", ""C"": ""6"", ""D"": ""4""}",B
Initial ACL Bench,289,3094,counter_logic,,"规则：你出的数字必须严格大于 10。你当前手牌有：[9, 10, 12, 7]。
你应该出哪张牌？","{""A"": ""7"", ""B"": ""9"", ""C"": ""10"", ""D"": ""12""}",D
Initial ACL Bench,290,5759,hierarchy_logic,,"假设在一个游戏中，等级规则是：Sun > Earth > Moon > Meteor。
玩家A打出了【Moon】。玩家B手里有【Sun】。
请问：玩家B能管住玩家A吗？","{""A"": ""能"", ""B"": ""不能"", ""C"": ""无法确定"", ""D"": ""规则无效""}",A
Initial ACL Bench,291,9669,hierarchy_logic,,"假设在一个游戏中，等级规则是：Alpha > Beta > Gamma > Delta。
玩家A打出了【Delta】。玩家B手里有【Beta】。
请问：玩家B能管住玩家A吗？","{""A"": ""能"", ""B"": ""不能"", ""C"": ""无法确定"", ""D"": ""规则无效""}",A
Initial ACL Bench,292,3498,pattern_recognition,,在卡牌逻辑中，'连续递增'的数字序列被定义为合法组合。以下哪个序列是合法的？,"{""A"": ""3-2-4"", ""B"": ""2-3-4-5-6"", ""C"": ""2-4-5-6-7"", ""D"": ""2-3-3-5-6""}",B
Initial ACL Bench,293,9008,counter_logic,,"规则：你出的数字必须严格大于 8。你当前手牌有：[7, 8, 10, 5]。
你应该出哪张牌？","{""A"": ""7"", ""B"": ""5"", ""C"": ""8"", ""D"": ""10""}",D
Initial ACL Bench,294,1632,pattern_recognition,,在卡牌逻辑中，'连续递增'的数字序列被定义为合法组合。以下哪个序列是合法的？,"{""A"": ""1-3-4-5-6"", ""B"": ""2-1-3"", ""C"": ""1-2-2-4-5"", ""D"": ""1-2-3-4-5""}",D
Initial ACL Bench,295,5554,hierarchy_logic,,"假设在一个游戏中，等级规则是：Alpha > Beta > Gamma > Delta。
玩家A打出了【Delta】。玩家B手里有【Gamma】。
请问：玩家B能管住玩家A吗？","{""A"": ""能"", ""B"": ""不能"", ""C"": ""无法确定"", ""D"": ""规则无效""}",A
Initial ACL Bench,296,9306,hierarchy_logic,,"假设在一个游戏中，等级规则是：Sun > Earth > Moon > Meteor。
玩家A打出了【Moon】。玩家B手里有【Sun】。
请问：玩家B能管住玩家A吗？","{""A"": ""能"", ""B"": ""不能"", ""C"": ""无法确定"", ""D"": ""规则无效""}",A
Initial ACL Bench,297,9824,counter_logic,,"规则：你出的数字必须严格大于 6。你当前手牌有：[5, 6, 8, 3]。
你应该出哪张牌？","{""A"": ""5"", ""B"": ""3"", ""C"": ""8"", ""D"": ""6""}",C
Initial ACL Bench,298,8624,pattern_recognition,,在卡牌逻辑中，'连续递增'的数字序列被定义为合法组合。以下哪个序列是合法的？,"{""A"": ""3-4-4-6-7"", ""B"": ""3-4-5-6-7"", ""C"": ""3-5-6-7-8"", ""D"": ""4-3-5""}",B
Initial ACL Bench,299,2813,hierarchy_logic,,"假设在一个游戏中，等级规则是：Alpha > Beta > Gamma > Delta。
玩家A打出了【Delta】。玩家B手里有【Gamma】。
请问：玩家B能管住玩家A吗？","{""A"": ""能"", ""B"": ""不能"", ""C"": ""无法确定"", ""D"": ""规则无效""}",A
Initial ACL Bench,300,5322,hierarchy_logic,,"假设在一个游戏中，等级规则是：Sun > Earth > Moon > Meteor。
玩家A打出了【Moon】。玩家B手里有【Earth】。
请问：玩家B能管住玩家A吗？","{""A"": ""能"", ""B"": ""不能"", ""C"": ""无法确定"", ""D"": ""规则无效""}",A
