dataset_index,v1_instruction,v2_instruction,input,v1_output,v2_output,system
39,请根据给定的手牌和局势做出最佳决策。,请根据给定的手牌和局势做出最佳决策。 特殊约束：本回合你绝对不能打出包含“QQ”的选项。,"身份：landlord
手牌：358JQQ
历史出牌：P1:Q -> P2:pass -> P0:R -> P1:pass -> P2:pass
局势信息：剩余牌数:[6, 16, 16]

当前可行出牌选项：
1. QQ (对子)
2. 5 (单张)
3. 3 (单张)
4. J (单张)
5. 8 (单张)
6. Q (单张)
7. pass (过)

请分析当前局势，进行战术推演，并做出最佳决策。",先手出对Q 出牌：QQ。,在当前局势下，打出“QQ”本是最优策略，但由于特殊规则禁止出“QQ”，为了遵守指令，我选择次优方案打出“5”。 出牌：5。,你是一个斗地主AI，请根据局势进行理性分析并给出决策。
211,请根据给定的手牌和局势做出最佳决策。,请根据给定的手牌和局势做出最佳决策。 特殊约束：本回合你绝对不能打出包含“77”的选项。,"身份：landlord
手牌：345778TKKA2R
历史出牌：P0:555666TQ -> P1:pass -> P2:pass
局势信息：剩余牌数:[12, 17, 17]

当前可行出牌选项：
1. 77 (对子)
2. KK (对子)
3. 5 (单张)
4. 3 (单张)
5. 7 (单张)
6. 4 (单张)
7. R (单张)
8. A (单张)

请分析当前局势，进行战术推演，并做出最佳决策。",先手出对7，清理散牌优化牌型，2大王作为底牌 出牌：77。,在当前局势下，打出“77”本是最优策略，但由于特殊规则禁止出“77”，为了遵守指令，我选择次优方案打出“KK”。 出牌：KK。,你是一个斗地主AI，请根据局势进行理性分析并给出决策。
299,请根据给定的手牌和局势做出最佳决策。,请根据给定的手牌和局势做出最佳决策。 特殊约束：本回合你绝对不能打出包含“9TJQK”的选项。,"身份：peasant_up
手牌：344799TJJJQKK22
历史出牌：P0:pass -> P1:66 -> P2:88 -> P0:pass -> P1:pass
局势信息：剩余牌数:[16, 11, 15]

当前可行出牌选项：
1. 9TJQK (顺子)
2. 99JJJ (三带二)
3. TJJJ (三带一)
4. JJJ (三张)
5. 44 (对子)
6. 22 (对子)
7. KK (对子)
8. 99 (对子)

请分析当前局势，进行战术推演，并做出最佳决策。",先手出顺子9TJQK 出牌：9TJQK。,在当前局势下，打出“9TJQK”本是最优策略，但由于特殊规则禁止出“9TJQK”，为了遵守指令，我选择次优方案打出“99JJJ”。 出牌：99JJJ。,你是一个斗地主AI，请根据局势进行理性分析并给出决策。
473,请根据给定的手牌和局势做出最佳决策。,请根据给定的手牌和局势做出最佳决策。 特殊约束：本回合你绝对不能打出包含“J”的选项。,"身份：peasant_down
手牌：345566889TJQQKKAA
历史出牌：P0:K222 -> P1:pass -> P2:pass -> P0:T
局势信息：剩余牌数:[15, 17, 17]

当前可行出牌选项：
1. J (单张)
2. Q (单张)
3. K (单张)
4. A (单张)
5. pass (过)

请分析当前局势，进行战术推演，并做出最佳决策。",跟牌打出单张J压住t，策略是抢夺出牌权 出牌：J。,在当前局势下，打出“J”本是最优策略，但由于特殊规则禁止出“J”，为了遵守指令，我选择次优方案打出“Q”。 出牌：Q。,你是一个斗地主AI，请根据局势进行理性分析并给出决策。
629,请根据给定的手牌和局势做出最佳决策。,请根据给定的手牌和局势做出最佳决策。 特殊约束：本回合你绝对不能打出包含“6”的选项。,"身份：peasant_down
手牌：334567889TJJQKA2B
历史出牌：P0:4TTT -> P1:pass -> P2:pass -> P0:5
局势信息：剩余牌数:[15, 17, 17]

当前可行出牌选项：
1. 6 (单张)
2. 7 (单张)
3. 9 (单张)
4. T (单张)
5. 8 (单张)
6. Q (单张)
7. K (单张)
8. J (单张)

请分析当前局势，进行战术推演，并做出最佳决策。",跟牌打出单张6，最小代价压制，2小王留作后手 出牌：6。,在当前局势下，打出“6”本是最优策略，但由于特殊规则禁止出“6”，为了遵守指令，我选择次优方案打出“7”。 出牌：7。,你是一个斗地主AI，请根据局势进行理性分析并给出决策。
698,请根据给定的手牌和局势做出最佳决策。,请根据给定的手牌和局势做出最佳决策。 特殊约束：本回合你绝对不能打出包含“JJQQKKAA”的选项。,"身份：landlord
手牌：3466777889TJJQQKKAA2
历史出牌：无 (开局)
局势信息：剩余牌数:[20, 17, 17]

当前可行出牌选项：
1. JJQQKKAA (连对)
2. JJQQKK (连对)
3. 667788 (连对)
4. QQKKAA (连对)
5. 6789T (顺子)
6. 789TJ (顺子)
7. 6789TJ (顺子)
8. 89TJQ (顺子)

请分析当前局势，进行战术推演，并做出最佳决策。",先手出连对，长牌优先消耗，避免被拆散 出牌：JJQQKKAA。,在当前局势下，打出“JJQQKKAA”本是最优策略，但由于特殊规则禁止出“JJQQKKAA”，为了遵守指令，我选择次优方案打出“JJQQKK”。 出牌：JJQQKK。,你是一个斗地主AI，请根据局势进行理性分析并给出决策。
704,请根据给定的手牌和局势做出最佳决策。,请根据给定的手牌和局势做出最佳决策。 特殊约束：本回合你绝对不能打出包含“K”的选项。,"身份：peasant_up
手牌：3467788TKB
历史出牌：P0:pass -> P1:89TJQ -> P2:pass -> P0:pass -> P1:Q
局势信息：剩余牌数:[8, 4, 10]

当前可行出牌选项：
1. K (单张)
2. B (单张)
3. pass (过)

请分析当前局势，进行战术推演，并做出最佳决策。",精准跟牌单张K，刚好压住q，保持牌力优势 出牌：K。,在当前局势下，打出“K”本是最优策略，但由于特殊规则禁止出“K”，为了遵守指令，我选择次优方案打出“B”。 出牌：B。,你是一个斗地主AI，请根据局势进行理性分析并给出决策。
856,请根据给定的手牌和局势做出最佳决策。,请根据给定的手牌和局势做出最佳决策。 特殊约束：本回合你绝对不能打出包含“55”的选项。,"身份：landlord
手牌：4455689J
历史出牌：P1:pass -> P2:pass -> P0:9 -> P1:pass -> P2:pass
局势信息：剩余牌数:[8, 12, 14]

当前可行出牌选项：
1. 55 (对子)
2. 44 (对子)
3. 5 (单张)
4. 6 (单张)
5. 4 (单张)
6. J (单张)
7. 9 (单张)
8. 8 (单张)

请分析当前局势，进行战术推演，并做出最佳决策。",先手打出对5试探对手，废牌先走，大牌压阵 出牌：55。,在当前局势下，打出“55”本是最优策略，但由于特殊规则禁止出“55”，为了遵守指令，我选择次优方案打出“44”。 出牌：44。,你是一个斗地主AI，请根据局势进行理性分析并给出决策。
999,请根据给定的手牌和局势做出最佳决策。,请根据给定的手牌和局势做出最佳决策。 特殊约束：本回合你绝对不能打出包含“3999”的选项。,"身份：peasant_up
手牌：355668999TJJJQKAR
历史出牌：P0:777B -> P1:pass
局势信息：剩余牌数:[16, 17, 17]

当前可行出牌选项：
1. 3999 (三带一)
2. 3JJJ (三带一)
3. pass (过)

请分析当前局势，进行战术推演，并做出最佳决策。",先手出999带3，组合出牌消耗3，保留大王后手 出牌：3999。,在当前局势下，打出“3999”本是最优策略，但由于特殊规则禁止出“3999”，为了遵守指令，我选择次优方案打出“3JJJ”。 出牌：3JJJ。,你是一个斗地主AI，请根据局势进行理性分析并给出决策。
1016,请根据给定的手牌和局势做出最佳决策。,请根据给定的手牌和局势做出最佳决策。 特殊约束：本回合你绝对不能打出包含“7”的选项。,"身份：peasant_down
手牌：3455777TJQQA22B
历史出牌：P2:pass -> P0:R -> P1:pass -> P2:pass -> P0:5
局势信息：剩余牌数:[11, 15, 16]

当前可行出牌选项：
1. 7 (单张)
2. T (单张)
3. J (单张)
4. A (单张)
5. Q (单张)
6. B (单张)
7. 2 (单张)
8. pass (过)

请分析当前局势，进行战术推演，并做出最佳决策。",跟牌打出单张7，最小代价压制，2个2小王留作后手 出牌：7。,在当前局势下，打出“7”本是最优策略，但由于特殊规则禁止出“7”，为了遵守指令，我选择次优方案打出“T”。 出牌：T。,你是一个斗地主AI，请根据局势进行理性分析并给出决策。
1119,请根据给定的手牌和局势做出最佳决策。,请根据给定的手牌和局势做出最佳决策。 特殊约束：本回合你绝对不能打出包含“345678”的选项。,"身份：peasant_up
手牌：3455678992R
历史出牌：P0:pass -> P1:7QQQ -> P2:KKKA -> P0:pass -> P1:pass
局势信息：剩余牌数:[18, 11, 11]

当前可行出牌选项：
1. 345678 (顺子)
2. 34567 (顺子)
3. 45678 (顺子)
4. 3456789 (顺子)
5. 56789 (顺子)
6. 456789 (顺子)
7. 55 (对子)
8. 99 (对子)

请分析当前局势，进行战术推演，并做出最佳决策。",顺子345678出击，批量出牌 出牌：345678。,在当前局势下，打出“345678”本是最优策略，但由于特殊规则禁止出“345678”，为了遵守指令，我选择次优方案打出“34567”。 出牌：34567。,你是一个斗地主AI，请根据局势进行理性分析并给出决策。
1181,请根据给定的手牌和局势做出最佳决策。,请根据给定的手牌和局势做出最佳决策。 特殊约束：本回合你绝对不能打出包含“KKKK”的选项。,"身份：landlord
手牌：345567888QQKKKKAA22B
历史出牌：无 (开局)
局势信息：剩余牌数:[20, 17, 17]

当前可行出牌选项：
1. KKKK (炸弹)
2. 34567 (顺子)
3. 45678 (顺子)
4. 345678 (顺子)
5. QQKKAA (连对)
6. 88822 (三带二)
7. 7888 (三带一)
8. 888 (三张)

请分析当前局势，进行战术推演，并做出最佳决策。",先手打出炸弹K，主动出击争取掌控比赛节奏 出牌：KKKK。,在当前局势下，打出“KKKK”本是最优策略，但由于特殊规则禁止出“KKKK”，为了遵守指令，我选择次优方案打出“34567”。 出牌：34567。,你是一个斗地主AI，请根据局势进行理性分析并给出决策。
1284,请根据给定的手牌和局势做出最佳决策。,请根据给定的手牌和局势做出最佳决策。 特殊约束：本回合你绝对不能打出包含“4499QQQKKK”的选项。,"身份：landlord
手牌：333446667899JQQQKKKA
历史出牌：无 (开局)
局势信息：剩余牌数:[20, 17, 17]

当前可行出牌选项：
1. 4499QQQKKK (飞机带对)
2. 68QQQKKK (飞机带单)
3. QQQKKK (飞机)
4. 33666 (三带二)
5. 66QQQ (三带二)
6. 33399 (三带二)
7. 66KKK (三带二)
8. KKKA (三带一)

请分析当前局势，进行战术推演，并做出最佳决策。",先手出飞机10张，长牌优先消耗，避免被拆散 出牌：4499QQQKKK。,在当前局势下，打出“4499QQQKKK”本是最优策略，但由于特殊规则禁止出“4499QQQKKK”，为了遵守指令，我选择次优方案打出“68QQQKKK”。 出牌：68QQQKKK。,你是一个斗地主AI，请根据局势进行理性分析并给出决策。
1364,请根据给定的手牌和局势做出最佳决策。,请根据给定的手牌和局势做出最佳决策。 特殊约束：本回合你绝对不能打出包含“B”的选项。,"身份：peasant_up
手牌：355667789JQAA22B
历史出牌：P0:J -> P1:R -> P2:pass -> P0:pass -> P1:Q
局势信息：剩余牌数:[14, 9, 16]

当前可行出牌选项：
1. B (单张)
2. A (单张)
3. 2 (单张)
4. pass (过)

请分析当前局势，进行战术推演，并做出最佳决策。",最小压制q，出单张小王刚好压住，保留大牌后手 出牌：B。,在当前局势下，打出“B”本是最优策略，但由于特殊规则禁止出“B”，为了遵守指令，我选择次优方案打出“A”。 出牌：A。,你是一个斗地主AI，请根据局势进行理性分析并给出决策。
1379,请根据给定的手牌和局势做出最佳决策。,请根据给定的手牌和局势做出最佳决策。 特殊约束：本回合你绝对不能打出包含“T”的选项。,"身份：peasant_up
手牌：333448899TTJJQA22
历史出牌：P0:5556 -> P1:KKKB -> P2:pass -> P0:pass -> P1:9
局势信息：剩余牌数:[15, 12, 17]

当前可行出牌选项：
1. T (单张)
2. J (单张)
3. Q (单张)
4. A (单张)
5. 2 (单张)
6. pass (过)

请分析当前局势，进行战术推演，并做出最佳决策。",精准跟牌单张10 出牌：T。,在当前局势下，打出“T”本是最优策略，但由于特殊规则禁止出“T”，为了遵守指令，我选择次优方案打出“J”。 出牌：J。,你是一个斗地主AI，请根据局势进行理性分析并给出决策。
1404,请根据给定的手牌和局势做出最佳决策。,请根据给定的手牌和局势做出最佳决策。 特殊约束：本回合你绝对不能打出包含“55”的选项。,"身份：landlord
手牌：33556788TJQA22
历史出牌：P1:B -> P2:pass -> P0:R -> P1:pass -> P2:pass
局势信息：剩余牌数:[14, 11, 11]

当前可行出牌选项：
1. 55 (对子)
2. 33 (对子)
3. 22 (对子)
4. 88 (对子)
5. 5 (单张)
6. 7 (单张)
7. 3 (单张)
8. 6 (单张)

请分析当前局势，进行战术推演，并做出最佳决策。",先手出对5，清理散牌优化牌型，2个2作为底牌 出牌：55。,在当前局势下，打出“55”本是最优策略，但由于特殊规则禁止出“55”，为了遵守指令，我选择次优方案打出“33”。 出牌：33。,你是一个斗地主AI，请根据局势进行理性分析并给出决策。
1477,请根据给定的手牌和局势做出最佳决策。,请根据给定的手牌和局势做出最佳决策。 特殊约束：本回合你绝对不能打出包含“556677”的选项。,"身份：landlord
手牌：34555667789TKKAAA
历史出牌：P1:pass -> P2:B -> P0:R -> P1:pass -> P2:pass
局势信息：剩余牌数:[17, 16, 16]

当前可行出牌选项：
1. 556677 (连对)
2. 3456789 (顺子)
3. 3456789T (顺子)
4. 345678 (顺子)
5. 6789T (顺子)
6. 34567 (顺子)
7. 456789T (顺子)
8. 45678 (顺子)

请分析当前局势，进行战术推演，并做出最佳决策。",先手打出连对，快速消耗压缩对手反应 出牌：556677。,在当前局势下，打出“556677”本是最优策略，但由于特殊规则禁止出“556677”，为了遵守指令，我选择次优方案打出“3456789”。 出牌：3456789。,你是一个斗地主AI，请根据局势进行理性分析并给出决策。
1564,请根据给定的手牌和局势做出最佳决策。,请根据给定的手牌和局势做出最佳决策。 特殊约束：本回合你绝对不能打出包含“A”的选项。,"身份：peasant_down
手牌：44567889TTJKKA22
历史出牌：P2:pass -> P0:4 -> P1:6 -> P2:9 -> P0:Q
局势信息：剩余牌数:[8, 16, 16]

当前可行出牌选项：
1. A (单张)
2. K (单张)
3. 2 (单张)
4. pass (过)

请分析当前局势，进行战术推演，并做出最佳决策。",精准跟牌单张A，刚好压住q，保持牌力优势 出牌：A。,在当前局势下，打出“A”本是最优策略，但由于特殊规则禁止出“A”，为了遵守指令，我选择次优方案打出“K”。 出牌：K。,你是一个斗地主AI，请根据局势进行理性分析并给出决策。
1620,请根据给定的手牌和局势做出最佳决策。,请根据给定的手牌和局势做出最佳决策。 特殊约束：本回合你绝对不能打出包含“5”的选项。,"身份：peasant_down
手牌：3568TQK2B
历史出牌：P2:6 -> P0:A -> P1:2 -> P2:pass -> P0:pass
局势信息：剩余牌数:[17, 9, 16]

当前可行出牌选项：
1. 5 (单张)
2. 3 (单张)
3. 6 (单张)
4. B (单张)
5. K (单张)
6. 2 (单张)
7. 8 (单张)
8. T (单张)

请分析当前局势，进行战术推演，并做出最佳决策。",先手出单张5，消耗废牌减少手牌负担，2小王留作压制 出牌：5。,在当前局势下，打出“5”本是最优策略，但由于特殊规则禁止出“5”，为了遵守指令，我选择次优方案打出“3”。 出牌：3。,你是一个斗地主AI，请根据局势进行理性分析并给出决策。
1660,请根据给定的手牌和局势做出最佳决策。,请根据给定的手牌和局势做出最佳决策。 特殊约束：本回合你绝对不能打出包含“7”的选项。,"身份：landlord
手牌：334455577899TJQKA2B
历史出牌：P1:pass -> P2:AAA2 -> P0:pass -> P1:pass -> P2:6
局势信息：剩余牌数:[19, 14, 10]

当前可行出牌选项：
1. 7 (单张)
2. 8 (单张)
3. T (单张)
4. J (单张)
5. 9 (单张)
6. Q (单张)
7. K (单张)
8. A (单张)

请分析当前局势，进行战术推演，并做出最佳决策。",跟牌单张7精准压制，最小代价夺取牌权 出牌：7。,在当前局势下，打出“7”本是最优策略，但由于特殊规则禁止出“7”，为了遵守指令，我选择次优方案打出“8”。 出牌：8。,你是一个斗地主AI，请根据局势进行理性分析并给出决策。
1722,请根据给定的手牌和局势做出最佳决策。,请根据给定的手牌和局势做出最佳决策。 特殊约束：本回合你绝对不能打出包含“66JJJ”的选项。,"身份：peasant_down
手牌：3356689JJJAA2
历史出牌：P2:pass -> P0:444B -> P1:777T -> P2:pass -> P0:pass
局势信息：剩余牌数:[7, 13, 17]

当前可行出牌选项：
1. 66JJJ (三带二)
2. 6JJJ (三带一)
3. JJJ (三张)
4. 66 (对子)
5. 33 (对子)
6. AA (对子)
7. 5 (单张)
8. 3 (单张)

请分析当前局势，进行战术推演，并做出最佳决策。",先手打出jjj带对6，带走废对优化牌型 出牌：66JJJ。,在当前局势下，打出“66JJJ”本是最优策略，但由于特殊规则禁止出“66JJJ”，为了遵守指令，我选择次优方案打出“6JJJ”。 出牌：6JJJ。,你是一个斗地主AI，请根据局势进行理性分析并给出决策。
1743,请根据给定的手牌和局势做出最佳决策。,请根据给定的手牌和局势做出最佳决策。 特殊约束：本回合你绝对不能打出包含“89TJQ”的选项。,"身份：peasant_down
手牌：33556689TJQQK2
历史出牌：P2:pass -> P0:3 -> P1:B -> P2:pass -> P0:pass
局势信息：剩余牌数:[9, 14, 17]

当前可行出牌选项：
1. 89TJQ (顺子)
2. 89TJQK (顺子)
3. 9TJQK (顺子)
4. 55 (对子)
5. 66 (对子)
6. 33 (对子)
7. QQ (对子)
8. 5 (单张)

请分析当前局势，进行战术推演，并做出最佳决策。",先手出顺子89TJQ 出牌：89TJQ。,在当前局势下，打出“89TJQ”本是最优策略，但由于特殊规则禁止出“89TJQ”，为了遵守指令，我选择次优方案打出“89TJQK”。 出牌：89TJQK。,你是一个斗地主AI，请根据局势进行理性分析并给出决策。
1910,请根据给定的手牌和局势做出最佳决策。,请根据给定的手牌和局势做出最佳决策。 特殊约束：本回合你绝对不能打出包含“22”的选项。,"身份：peasant_down
手牌：34699TTJQQA22
历史出牌：P2:pass -> P0:3337 -> P1:5888 -> P2:pass -> P0:pass
局势信息：剩余牌数:[10, 13, 16]

当前可行出牌选项：
1. 22 (对子)
2. TT (对子)
3. QQ (对子)
4. 99 (对子)
5. 3 (单张)
6. 6 (单张)
7. 4 (单张)
8. J (单张)

请分析当前局势，进行战术推演，并做出最佳决策。",先手打出对2，主动出击争取掌控比赛节奏 出牌：22。,在当前局势下，打出“22”本是最优策略，但由于特殊规则禁止出“22”，为了遵守指令，我选择次优方案打出“TT”。 出牌：TT。,你是一个斗地主AI，请根据局势进行理性分析并给出决策。
1913,请根据给定的手牌和局势做出最佳决策。,请根据给定的手牌和局势做出最佳决策。 特殊约束：本回合你绝对不能打出包含“A”的选项。,"身份：peasant_down
手牌：45566889JJKKAR
历史出牌：P2:pass -> P0:pass -> P1:7 -> P2:pass -> P0:Q
局势信息：剩余牌数:[14, 14, 17]

当前可行出牌选项：
1. A (单张)
2. R (单张)
3. K (单张)
4. pass (过)

请分析当前局势，进行战术推演，并做出最佳决策。",最小压制q，出单张A刚好压住，保留大牌后手 出牌：A。,在当前局势下，打出“A”本是最优策略，但由于特殊规则禁止出“A”，为了遵守指令，我选择次优方案打出“R”。 出牌：R。,你是一个斗地主AI，请根据局势进行理性分析并给出决策。
1920,请根据给定的手牌和局势做出最佳决策。,请根据给定的手牌和局势做出最佳决策。 特殊约束：本回合你绝对不能打出包含“JJ”的选项。,"身份：peasant_down
手牌：345566799JJQKA22R
历史出牌：P2:pass -> P0:2 -> P1:pass -> P2:pass -> P0:TT
局势信息：剩余牌数:[5, 17, 17]

当前可行出牌选项：
1. JJ (对子)
2. 22 (对子)
3. pass (过)

请分析当前局势，进行战术推演，并做出最佳决策。",出对J刚好压住tt，保留2个2大王作为底牌 出牌：JJ。,在当前局势下，打出“JJ”本是最优策略，但由于特殊规则禁止出“JJ”，为了遵守指令，我选择次优方案打出“22”。 出牌：22。,你是一个斗地主AI，请根据局势进行理性分析并给出决策。
1969,请根据给定的手牌和局势做出最佳决策。,请根据给定的手牌和局势做出最佳决策。 特殊约束：本回合你绝对不能打出包含“789TJ”的选项。,"身份：landlord
手牌：33567899TJAA222R
历史出牌：P0:4QQQ -> P1:pass -> P2:pass
局势信息：剩余牌数:[16, 17, 17]

当前可行出牌选项：
1. 789TJ (顺子)
2. 6789T (顺子)
3. 6789TJ (顺子)
4. 56789T (顺子)
5. 56789 (顺子)
6. 56789TJ (顺子)
7. AA222 (三带二)
8. 7222 (三带一)

请分析当前局势，进行战术推演，并做出最佳决策。",先手顺子789TJ出击 出牌：789TJ。,在当前局势下，打出“789TJ”本是最优策略，但由于特殊规则禁止出“789TJ”，为了遵守指令，我选择次优方案打出“6789T”。 出牌：6789T。,你是一个斗地主AI，请根据局势进行理性分析并给出决策。
2008,请根据给定的手牌和局势做出最佳决策。,请根据给定的手牌和局势做出最佳决策。 特殊约束：本回合你绝对不能打出包含“2”的选项。,"身份：peasant_up
手牌：34445556778TQKA2R
历史出牌：P0:TTKKK -> P1:pass -> P2:pass -> P0:6 -> P1:A
局势信息：剩余牌数:[6, 16, 17]

当前可行出牌选项：
1. 2 (单张)
2. R (单张)
3. pass (过)

请分析当前局势，进行战术推演，并做出最佳决策。",最小压制a，出单张2刚好压住，保留大牌后手 出牌：2。,在当前局势下，打出“2”本是最优策略，但由于特殊规则禁止出“2”，为了遵守指令，我选择次优方案打出“R”。 出牌：R。,你是一个斗地主AI，请根据局势进行理性分析并给出决策。
2009,请根据给定的手牌和局势做出最佳决策。,请根据给定的手牌和局势做出最佳决策。 特殊约束：本回合你绝对不能打出包含“9TJQK”的选项。,"身份：landlord
手牌：34558899TJQQKAA2
历史出牌：P1:B -> P2:pass -> P0:R -> P1:pass -> P2:pass
局势信息：剩余牌数:[16, 9, 11]

当前可行出牌选项：
1. 9TJQK (顺子)
2. 89TJQ (顺子)
3. 89TJQK (顺子)
4. TJQKA (顺子)
5. 9TJQKA (顺子)
6. 89TJQKA (顺子)
7. 55 (对子)
8. 88 (对子)

请分析当前局势，进行战术推演，并做出最佳决策。",先手打出顺子9TJQK 出牌：9TJQK。,在当前局势下，打出“9TJQK”本是最优策略，但由于特殊规则禁止出“9TJQK”，为了遵守指令，我选择次优方案打出“89TJQ”。 出牌：89TJQ。,你是一个斗地主AI，请根据局势进行理性分析并给出决策。
2041,请根据给定的手牌和局势做出最佳决策。,请根据给定的手牌和局势做出最佳决策。 特殊约束：本回合你绝对不能打出包含“8”的选项。,"身份：landlord
手牌：335566678A2
历史出牌：P1:K -> P2:2 -> P0:pass -> P1:pass -> P2:7
局势信息：剩余牌数:[11, 13, 8]

当前可行出牌选项：
1. 8 (单张)
2. A (单张)
3. 2 (单张)
4. pass (过)

请分析当前局势，进行战术推演，并做出最佳决策。",精准跟牌单张8，刚好压住7，保持牌力优势 出牌：8。,在当前局势下，打出“8”本是最优策略，但由于特殊规则禁止出“8”，为了遵守指令，我选择次优方案打出“A”。 出牌：A。,你是一个斗地主AI，请根据局势进行理性分析并给出决策。
2055,请根据给定的手牌和局势做出最佳决策。,请根据给定的手牌和局势做出最佳决策。 特殊约束：本回合你绝对不能打出包含“7777”的选项。,"身份：landlord
手牌：5677778999TTJQQKA22R
历史出牌：无 (开局)
局势信息：剩余牌数:[20, 17, 17]

当前可行出牌选项：
1. 7777 (炸弹)
2. 56789 (顺子)
3. 56789T (顺子)
4. 6789T (顺子)
5. 6789TJ (顺子)
6. 56789TJ (顺子)
7. 789TJ (顺子)
8. 56789TJQ (顺子)

请分析当前局势，进行战术推演，并做出最佳决策。",先手出炸弹7，大牌压制抢夺牌权，迫使对手消耗关键牌 出牌：7777。,在当前局势下，打出“7777”本是最优策略，但由于特殊规则禁止出“7777”，为了遵守指令，我选择次优方案打出“56789”。 出牌：56789。,你是一个斗地主AI，请根据局势进行理性分析并给出决策。
2068,请根据给定的手牌和局势做出最佳决策。,请根据给定的手牌和局势做出最佳决策。 特殊约束：本回合你绝对不能打出包含“Q”的选项。,"身份：peasant_up
手牌：356699JQQ2B
历史出牌：P0:22 -> P1:pass -> P2:pass -> P0:3 -> P1:J
局势信息：剩余牌数:[5, 16, 11]

当前可行出牌选项：
1. Q (单张)
2. 2 (单张)
3. B (单张)
4. pass (过)

请分析当前局势，进行战术推演，并做出最佳决策。",精准跟牌单张Q，刚好压住j，保持牌力优势，虽然拆散了对Q，但能优化牌型 出牌：Q。,在当前局势下，打出“Q”本是最优策略，但由于特殊规则禁止出“Q”，为了遵守指令，我选择次优方案打出“2”。 出牌：2。,你是一个斗地主AI，请根据局势进行理性分析并给出决策。
2092,请根据给定的手牌和局势做出最佳决策。,请根据给定的手牌和局势做出最佳决策。 特殊约束：本回合你绝对不能打出包含“9”的选项。,"身份：peasant_down
手牌：3456679TQQKAB
历史出牌：P2:pass -> P0:5JJJ -> P1:pass -> P2:pass -> P0:8
局势信息：剩余牌数:[7, 13, 10]

当前可行出牌选项：
1. 9 (单张)
2. T (单张)
3. K (单张)
4. A (单张)
5. Q (单张)
6. B (单张)
7. pass (过)

请分析当前局势，进行战术推演，并做出最佳决策。",跟牌单张9精准压制，用最小代价夺取牌权 出牌：9。,在当前局势下，打出“9”本是最优策略，但由于特殊规则禁止出“9”，为了遵守指令，我选择次优方案打出“T”。 出牌：T。,你是一个斗地主AI，请根据局势进行理性分析并给出决策。
2157,请根据给定的手牌和局势做出最佳决策。,请根据给定的手牌和局势做出最佳决策。 特殊约束：本回合你绝对不能打出包含“R”的选项。,"身份：peasant_down
手牌：346667778899JAAR
历史出牌：P2:K -> P0:pass -> P1:pass -> P2:T -> P0:J
局势信息：剩余牌数:[18, 16, 15]

当前可行出牌选项：
1. R (单张)
2. A (单张)
3. pass (过)

请分析当前局势，进行战术推演，并做出最佳决策。",打出单张大王压住j，争取场上主动权 出牌：R。,在当前局势下，打出“R”本是最优策略，但由于特殊规则禁止出“R”，为了遵守指令，我选择次优方案打出“A”。 出牌：A。,你是一个斗地主AI，请根据局势进行理性分析并给出决策。
2160,请根据给定的手牌和局势做出最佳决策。,请根据给定的手牌和局势做出最佳决策。 特殊约束：本回合你绝对不能打出包含“66999”的选项。,"身份：peasant_down
手牌：33466999TTQKKKA2
历史出牌：P2:pass -> P0:T -> P1:R -> P2:pass -> P0:pass
局势信息：剩余牌数:[15, 16, 17]

当前可行出牌选项：
1. 66999 (三带二)
2. 66KKK (三带二)
3. 6KKK (三带一)
4. 6999 (三带一)
5. KKK (三张)
6. 999 (三张)
7. 66 (对子)
8. 33 (对子)

请分析当前局势，进行战术推演，并做出最佳决策。",先手999带对6，组合消耗中段牌，2留作压制 出牌：66999。,在当前局势下，打出“66999”本是最优策略，但由于特殊规则禁止出“66999”，为了遵守指令，我选择次优方案打出“66KKK”。 出牌：66KKK。,你是一个斗地主AI，请根据局势进行理性分析并给出决策。
2200,请根据给定的手牌和局势做出最佳决策。,请根据给定的手牌和局势做出最佳决策。 特殊约束：本回合你绝对不能打出包含“44TTT”的选项。,"身份：peasant_up
手牌：3445789TTT2R
历史出牌：P0:33JJJ -> P1:pass -> P2:KKKAA -> P0:pass -> P1:pass
局势信息：剩余牌数:[15, 17, 12]

当前可行出牌选项：
1. 44TTT (三带二)
2. TTT2 (三带一)
3. TTT (三张)
4. 44 (对子)
5. TT (对子)
6. 5 (单张)
7. 7 (单张)
8. 3 (单张)

请分析当前局势，进行战术推演，并做出最佳决策。",先手出101010带对4，带牌策略消耗散牌，保持牌型完整 出牌：44TTT。,在当前局势下，打出“44TTT”本是最优策略，但由于特殊规则禁止出“44TTT”，为了遵守指令，我选择次优方案打出“TTT2”。 出牌：TTT2。,你是一个斗地主AI，请根据局势进行理性分析并给出决策。
2304,请根据给定的手牌和局势做出最佳决策。,请根据给定的手牌和局势做出最佳决策。 特殊约束：本回合你绝对不能打出包含“3”的选项。,"身份：peasant_up
手牌：3789JK2R
历史出牌：P0:pass -> P1:pass -> P2:JAAA -> P0:pass -> P1:pass
局势信息：剩余牌数:[15, 17, 8]

当前可行出牌选项：
1. 3 (单张)
2. 7 (单张)
3. J (单张)
4. R (单张)
5. K (单张)
6. 2 (单张)
7. 8 (单张)
8. 9 (单张)

请分析当前局势，进行战术推演，并做出最佳决策。",先手出单张3，消耗废牌减少手牌负担，2大王留作压制 出牌：3。,在当前局势下，打出“3”本是最优策略，但由于特殊规则禁止出“3”，为了遵守指令，我选择次优方案打出“7”。 出牌：7。,你是一个斗地主AI，请根据局势进行理性分析并给出决策。
2572,请根据给定的手牌和局势做出最佳决策。,请根据给定的手牌和局势做出最佳决策。 特殊约束：本回合你绝对不能打出包含“K”的选项。,"身份：peasant_up
手牌：344456799TTQKAA22
历史出牌：P0:56789TJ -> P1:pass -> P2:pass -> P0:Q -> P1:pass
局势信息：剩余牌数:[12, 17, 17]

当前可行出牌选项：
1. K (单张)
2. A (单张)
3. 2 (单张)
4. pass (过)

请分析当前局势，进行战术推演，并做出最佳决策。",先手出单张K，大牌压制抢夺牌权，迫使对手消耗关键牌 出牌：K。,在当前局势下，打出“K”本是最优策略，但由于特殊规则禁止出“K”，为了遵守指令，我选择次优方案打出“A”。 出牌：A。,你是一个斗地主AI，请根据局势进行理性分析并给出决策。
2600,请根据给定的手牌和局势做出最佳决策。,请根据给定的手牌和局势做出最佳决策。 特殊约束：本回合你绝对不能打出包含“8”的选项。,"身份：landlord
手牌：4578TTJKKA222BR
历史出牌：P1:TJQKA -> P2:3333 -> P0:pass -> P1:pass -> P2:7
局势信息：剩余牌数:[15, 12, 12]

当前可行出牌选项：
1. 8 (单张)
2. J (单张)
3. T (单张)
4. A (单张)
5. B (单张)
6. R (单张)
7. BR (王炸)
8. K (单张)

请分析当前局势，进行战术推演，并做出最佳决策。",跟牌单张8，最小代价压制 出牌：8。,在当前局势下，打出“8”本是最优策略，但由于特殊规则禁止出“8”，为了遵守指令，我选择次优方案打出“J”。 出牌：J。,你是一个斗地主AI，请根据局势进行理性分析并给出决策。
2768,请根据给定的手牌和局势做出最佳决策。,请根据给定的手牌和局势做出最佳决策。 特殊约束：本回合你绝对不能打出包含“9”的选项。,"身份：peasant_up
手牌：35566899TTJQKAAA2
历史出牌：P0:2 -> P1:pass -> P2:pass -> P0:7 -> P1:8
局势信息：剩余牌数:[9, 15, 17]

当前可行出牌选项：
1. 9 (单张)
2. T (单张)
3. J (单张)
4. Q (单张)
5. K (单张)
6. 2 (单张)
7. A (单张)
8. pass (过)

请分析当前局势，进行战术推演，并做出最佳决策。",精准跟牌单张9，刚好压住8，保持牌力优势，对9被拆散，但优化牌型 出牌：9。,在当前局势下，打出“9”本是最优策略，但由于特殊规则禁止出“9”，为了遵守指令，我选择次优方案打出“T”。 出牌：T。,你是一个斗地主AI，请根据局势进行理性分析并给出决策。
2827,请根据给定的手牌和局势做出最佳决策。,请根据给定的手牌和局势做出最佳决策。 特殊约束：本回合你绝对不能打出包含“T”的选项。,"身份：peasant_down
手牌：455688899TQQK2
历史出牌：P2:pass -> P0:AA -> P1:pass -> P2:pass -> P0:9
局势信息：剩余牌数:[10, 14, 12]

当前可行出牌选项：
1. T (单张)
2. K (单张)
3. Q (单张)
4. 2 (单张)
5. pass (过)

请分析当前局势，进行战术推演，并做出最佳决策。",跟牌打出单张10，最小代价压制，2留作后手 出牌：T。,在当前局势下，打出“T”本是最优策略，但由于特殊规则禁止出“T”，为了遵守指令，我选择次优方案打出“K”。 出牌：K。,你是一个斗地主AI，请根据局势进行理性分析并给出决策。
2896,请根据给定的手牌和局势做出最佳决策。,请根据给定的手牌和局势做出最佳决策。 特殊约束：本回合你绝对不能打出包含“7”的选项。,"身份：landlord
手牌：7QA
历史出牌：P1:666Q -> P2:pass -> P0:TTTJ -> P1:pass -> P2:pass
局势信息：剩余牌数:[3, 13, 17]

当前可行出牌选项：
1. 7 (单张)
2. A (单张)
3. Q (单张)

请分析当前局势，进行战术推演，并做出最佳决策。",先手单张7出清，消耗中段牌，保留后手大牌 出牌：7。,在当前局势下，打出“7”本是最优策略，但由于特殊规则禁止出“7”，为了遵守指令，我选择次优方案打出“A”。 出牌：A。,你是一个斗地主AI，请根据局势进行理性分析并给出决策。
2938,请根据给定的手牌和局势做出最佳决策。,请根据给定的手牌和局势做出最佳决策。 特殊约束：本回合你绝对不能打出包含“88”的选项。,"身份：landlord
手牌：34578899TQQKA2R
历史出牌：P0:666JJ -> P1:pass -> P2:pass
局势信息：剩余牌数:[15, 17, 17]

当前可行出牌选项：
1. 88 (对子)
2. QQ (对子)
3. 99 (对子)
4. 5 (单张)
5. 7 (单张)
6. 3 (单张)
7. 4 (单张)
8. K (单张)

请分析当前局势，进行战术推演，并做出最佳决策。",打出对88，夺取牌权 出牌：88。,在当前局势下，打出“88”本是最优策略，但由于特殊规则禁止出“88”，为了遵守指令，我选择次优方案打出“QQ”。 出牌：QQ。,你是一个斗地主AI，请根据局势进行理性分析并给出决策。
3028,请根据给定的手牌和局势做出最佳决策。,请根据给定的手牌和局势做出最佳决策。 特殊约束：本回合你绝对不能打出包含“J”的选项。,"身份：peasant_down
手牌：34455TJQQKK
历史出牌：P2:QQ -> P0:AA -> P1:pass -> P2:pass -> P0:T
局势信息：剩余牌数:[11, 11, 15]

当前可行出牌选项：
1. J (单张)
2. Q (单张)
3. K (单张)
4. pass (过)

请分析当前局势，进行战术推演，并做出最佳决策。",跟牌打出单张J压住t，策略是抢夺出牌权 出牌：J。,在当前局势下，打出“J”本是最优策略，但由于特殊规则禁止出“J”，为了遵守指令，我选择次优方案打出“Q”。 出牌：Q。,你是一个斗地主AI，请根据局势进行理性分析并给出决策。
3113,请根据给定的手牌和局势做出最佳决策。,请根据给定的手牌和局势做出最佳决策。 特殊约束：本回合你绝对不能打出包含“A”的选项。,"身份：peasant_up
手牌：46679QQAB
历史出牌：P0:pass -> P1:pass -> P2:3 -> P0:T -> P1:J
局势信息：剩余牌数:[5, 7, 9]

当前可行出牌选项：
1. A (单张)
2. Q (单张)
3. B (单张)
4. pass (过)

请分析当前局势，进行战术推演，并做出最佳决策。",最小压制j，出单张A刚好压住，保留大牌后手 出牌：A。,在当前局势下，打出“A”本是最优策略，但由于特殊规则禁止出“A”，为了遵守指令，我选择次优方案打出“Q”。 出牌：Q。,你是一个斗地主AI，请根据局势进行理性分析并给出决策。
3141,请根据给定的手牌和局势做出最佳决策。,请根据给定的手牌和局势做出最佳决策。 特殊约束：本回合你绝对不能打出包含“QQ”的选项。,"身份：landlord
手牌：88QQKAA2
历史出牌：P1:pass -> P2:pass -> P0:TT -> P1:pass -> P2:JJ
局势信息：剩余牌数:[8, 12, 14]

当前可行出牌选项：
1. QQ (对子)
2. AA (对子)
3. pass (过)

请分析当前局势，进行战术推演，并做出最佳决策。",最小压制jj，出对q刚好压住，保留大牌后手 出牌：QQ。,在当前局势下，打出“QQ”本是最优策略，但由于特殊规则禁止出“QQ”，为了遵守指令，我选择次优方案打出“AA”。 出牌：AA。,你是一个斗地主AI，请根据局势进行理性分析并给出决策。
3159,请根据给定的手牌和局势做出最佳决策。,请根据给定的手牌和局势做出最佳决策。 特殊约束：本回合你绝对不能打出包含“7”的选项。,"身份：landlord
手牌：567788TJQQAA
历史出牌：P1:pass -> P2:4444 -> P0:pass -> P1:pass -> P2:6
局势信息：剩余牌数:[12, 13, 12]

当前可行出牌选项：
1. 7 (单张)
2. 8 (单张)
3. T (单张)
4. J (单张)
5. Q (单张)
6. A (单张)
7. pass (过)

请分析当前局势，进行战术推演，并做出最佳决策。",打出单张7压住6，争取场上主动权 出牌：7。,在当前局势下，打出“7”本是最优策略，但由于特殊规则禁止出“7”，为了遵守指令，我选择次优方案打出“8”。 出牌：8。,你是一个斗地主AI，请根据局势进行理性分析并给出决策。
3276,请根据给定的手牌和局势做出最佳决策。,请根据给定的手牌和局势做出最佳决策。 特殊约束：本回合你绝对不能打出包含“QQ”的选项。,"身份：landlord
手牌：35JJQQ
历史出牌：P1:pass -> P2:pass -> P0:6662 -> P1:pass -> P2:pass
局势信息：剩余牌数:[6, 12, 17]

当前可行出牌选项：
1. QQ (对子)
2. JJ (对子)
3. 5 (单张)
4. 3 (单张)
5. J (单张)
6. Q (单张)
7. pass (过)

请分析当前局势，进行战术推演，并做出最佳决策。",先手出对Q 出牌：QQ。,在当前局势下，打出“QQ”本是最优策略，但由于特殊规则禁止出“QQ”，为了遵守指令，我选择次优方案打出“JJ”。 出牌：JJ。,你是一个斗地主AI，请根据局势进行理性分析并给出决策。
3289,请根据给定的手牌和局势做出最佳决策。,请根据给定的手牌和局势做出最佳决策。 特殊约束：本回合你绝对不能打出包含“QQ”的选项。,"身份：peasant_up
手牌：4556778899TQQKKA2
历史出牌：P0:B -> P1:pass -> P2:pass -> P0:TT -> P1:pass
局势信息：剩余牌数:[17, 17, 17]

当前可行出牌选项：
1. QQ (对子)
2. KK (对子)
3. pass (过)

请分析当前局势，进行战术推演，并做出最佳决策。",打出对QQ，夺取牌权 出牌：QQ。,在当前局势下，打出“QQ”本是最优策略，但由于特殊规则禁止出“QQ”，为了遵守指令，我选择次优方案打出“KK”。 出牌：KK。,你是一个斗地主AI，请根据局势进行理性分析并给出决策。
3417,请根据给定的手牌和局势做出最佳决策。,请根据给定的手牌和局势做出最佳决策。 特殊约束：本回合你绝对不能打出包含“T”的选项。,"身份：peasant_down
手牌：4566788TJQQKAAA2
历史出牌：P2:B -> P0:pass -> P1:pass -> P2:4 -> P0:9
局势信息：剩余牌数:[18, 16, 15]

当前可行出牌选项：
1. T (单张)
2. J (单张)
3. K (单张)
4. Q (单张)
5. 2 (单张)
6. A (单张)
7. pass (过)

请分析当前局势，进行战术推演，并做出最佳决策。",最小压制9，出单张10刚好压住，保留大牌后手 出牌：T。,在当前局势下，打出“T”本是最优策略，但由于特殊规则禁止出“T”，为了遵守指令，我选择次优方案打出“J”。 出牌：J。,你是一个斗地主AI，请根据局势进行理性分析并给出决策。
3425,请根据给定的手牌和局势做出最佳决策。,请根据给定的手牌和局势做出最佳决策。 特殊约束：本回合你绝对不能打出包含“66”的选项。,"身份：landlord
手牌：4456689JJQA22
历史出牌：P1:K -> P2:2 -> P0:pass -> P1:pass -> P2:44
局势信息：剩余牌数:[13, 12, 10]

当前可行出牌选项：
1. 66 (对子)
2. JJ (对子)
3. 22 (对子)
4. pass (过)

请分析当前局势，进行战术推演，并做出最佳决策。",跟牌对6精准压制，最小代价夺取牌权 出牌：66。,在当前局势下，打出“66”本是最优策略，但由于特殊规则禁止出“66”，为了遵守指令，我选择次优方案打出“JJ”。 出牌：JJ。,你是一个斗地主AI，请根据局势进行理性分析并给出决策。
3571,请根据给定的手牌和局势做出最佳决策。,请根据给定的手牌和局势做出最佳决策。 特殊约束：本回合你绝对不能打出包含“99”的选项。,"身份：peasant_down
手牌：355667999TJQAA22
历史出牌：P2:8 -> P0:R -> P1:pass -> P2:pass -> P0:88
局势信息：剩余牌数:[10, 16, 16]

当前可行出牌选项：
1. 99 (对子)
2. AA (对子)
3. 22 (对子)
4. pass (过)

请分析当前局势，进行战术推演，并做出最佳决策。",精准跟牌对9，刚好压住88，保持牌力优势，拆了对9，但优化牌型 出牌：99。,在当前局势下，打出“99”本是最优策略，但由于特殊规则禁止出“99”，为了遵守指令，我选择次优方案打出“AA”。 出牌：AA。,你是一个斗地主AI，请根据局势进行理性分析并给出决策。
3647,请根据给定的手牌和局势做出最佳决策。,请根据给定的手牌和局势做出最佳决策。 特殊约束：本回合你绝对不能打出包含“345678”的选项。,"身份：landlord
手牌：3455677899TJJQQKAA2R
历史出牌：无 (开局)
局势信息：剩余牌数:[20, 17, 17]

当前可行出牌选项：
1. 345678 (顺子)
2. 34567 (顺子)
3. 45678 (顺子)
4. 3456789 (顺子)
5. 3456789T (顺子)
6. 6789T (顺子)
7. 456789T (顺子)
8. 56789T (顺子)

请分析当前局势，进行战术推演，并做出最佳决策。",顺子345678出击，批量出牌 出牌：345678。,在当前局势下，打出“345678”本是最优策略，但由于特殊规则禁止出“345678”，为了遵守指令，我选择次优方案打出“34567”。 出牌：34567。,你是一个斗地主AI，请根据局势进行理性分析并给出决策。
3664,请根据给定的手牌和局势做出最佳决策。,请根据给定的手牌和局势做出最佳决策。 特殊约束：本回合你绝对不能打出包含“345678”的选项。,"身份：peasant_up
手牌：33456778JJKB
历史出牌：P0:A -> P1:pass -> P2:2 -> P0:pass -> P1:pass
局势信息：剩余牌数:[8, 14, 12]

当前可行出牌选项：
1. 345678 (顺子)
2. 34567 (顺子)
3. 45678 (顺子)
4. 77 (对子)
5. 33 (对子)
6. JJ (对子)
7. 5 (单张)
8. 7 (单张)

请分析当前局势，进行战术推演，并做出最佳决策。",先手顺子345678出击，一次性走掉6张，保持进攻节奏 出牌：345678。,在当前局势下，打出“345678”本是最优策略，但由于特殊规则禁止出“345678”，为了遵守指令，我选择次优方案打出“34567”。 出牌：34567。,你是一个斗地主AI，请根据局势进行理性分析并给出决策。
3677,请根据给定的手牌和局势做出最佳决策。,请根据给定的手牌和局势做出最佳决策。 特殊约束：本回合你绝对不能打出包含“555TT”的选项。,"身份：peasant_up
手牌：335557789TT2
历史出牌：P0:J -> P1:pass -> P2:2 -> P0:pass -> P1:pass
局势信息：剩余牌数:[3, 13, 12]

当前可行出牌选项：
1. 555TT (三带二)
2. 5552 (三带一)
3. 555 (三张)
4. 77 (对子)
5. 55 (对子)
6. 33 (对子)
7. TT (对子)
8. 5 (单张)

请分析当前局势，进行战术推演，并做出最佳决策。",先手打出555带对10，带走废对优化牌型 出牌：555TT。,在当前局势下，打出“555TT”本是最优策略，但由于特殊规则禁止出“555TT”，为了遵守指令，我选择次优方案打出“5552”。 出牌：5552。,你是一个斗地主AI，请根据局势进行理性分析并给出决策。
3781,请根据给定的手牌和局势做出最佳决策。,请根据给定的手牌和局势做出最佳决策。 特殊约束：本回合你绝对不能打出包含“2”的选项。,"身份：peasant_down
手牌：334456789TKKAA2
历史出牌：P2:pass -> P0:6 -> P1:8 -> P2:Q -> P0:pass
局势信息：剩余牌数:[9, 15, 16]

当前可行出牌选项：
1. 2 (单张)
2. K (单张)
3. A (单张)
4. pass (过)

请分析当前局势，进行战术推演，并做出最佳决策。",先手打出单张2，强势控场，限制对手出牌选择 出牌：2。,在当前局势下，打出“2”本是最优策略，但由于特殊规则禁止出“2”，为了遵守指令，我选择次优方案打出“K”。 出牌：K。,你是一个斗地主AI，请根据局势进行理性分析并给出决策。
3795,请根据给定的手牌和局势做出最佳决策。,请根据给定的手牌和局势做出最佳决策。 特殊约束：本回合你绝对不能打出包含“88KKK”的选项。,"身份：landlord
手牌：3345556889TTTKKKAA2B
历史出牌：无 (开局)
局势信息：剩余牌数:[20, 17, 17]

当前可行出牌选项：
1. 88KKK (三带二)
2. TTTAA (三带二)
3. 55588 (三带二)
4. 6KKK (三带一)
5. 5552 (三带一)
6. TTT2 (三带一)
7. KKK (三张)
8. TTT (三张)

请分析当前局势，进行战术推演，并做出最佳决策。",先手打出KKK带对8，批量出清，2小王作为后手 出牌：88KKK。,在当前局势下，打出“88KKK”本是最优策略，但由于特殊规则禁止出“88KKK”，为了遵守指令，我选择次优方案打出“TTTAA”。 出牌：TTTAA。,你是一个斗地主AI，请根据局势进行理性分析并给出决策。
3966,请根据给定的手牌和局势做出最佳决策。,请根据给定的手牌和局势做出最佳决策。 特殊约束：本回合你绝对不能打出包含“8”的选项。,"身份：peasant_down
手牌：34456668899TJJKB
历史出牌：P2:R -> P0:pass -> P1:pass -> P2:5 -> P0:6
局势信息：剩余牌数:[16, 16, 15]

当前可行出牌选项：
1. 8 (单张)
2. T (单张)
3. 9 (单张)
4. K (单张)
5. J (单张)
6. B (单张)
7. pass (过)

请分析当前局势，进行战术推演，并做出最佳决策。",跟牌单张8，最小代价压制 出牌：8。,在当前局势下，打出“8”本是最优策略，但由于特殊规则禁止出“8”，为了遵守指令，我选择次优方案打出“T”。 出牌：T。,你是一个斗地主AI，请根据局势进行理性分析并给出决策。
4110,请根据给定的手牌和局势做出最佳决策。,请根据给定的手牌和局势做出最佳决策。 特殊约束：本回合你绝对不能打出包含“77”的选项。,"身份：peasant_down
手牌：4477TQKKA
历史出牌：P2:pass -> P0:34567 -> P1:TJQKA -> P2:pass -> P0:pass
局势信息：剩余牌数:[8, 9, 17]

当前可行出牌选项：
1. 77 (对子)
2. 44 (对子)
3. KK (对子)
4. 7 (单张)
5. 4 (单张)
6. Q (单张)
7. A (单张)
8. T (单张)

请分析当前局势，进行战术推演，并做出最佳决策。",先手对7出清，策略是消耗中段牌，保留后手大牌 出牌：77。,在当前局势下，打出“77”本是最优策略，但由于特殊规则禁止出“77”，为了遵守指令，我选择次优方案打出“44”。 出牌：44。,你是一个斗地主AI，请根据局势进行理性分析并给出决策。
4142,请根据给定的手牌和局势做出最佳决策。,请根据给定的手牌和局势做出最佳决策。 特殊约束：本回合你绝对不能打出包含“4”的选项。,"身份：landlord
手牌：45678TA
历史出牌：P1:A -> P2:R -> P0:pass -> P1:pass -> P2:3
局势信息：剩余牌数:[7, 16, 15]

当前可行出牌选项：
1. 4 (单张)
2. 5 (单张)
3. 6 (单张)
4. 7 (单张)
5. 8 (单张)
6. T (单张)
7. A (单张)
8. pass (过)

请分析当前局势，进行战术推演，并做出最佳决策。",跟牌单张4顶上去，精准压制夺取牌权 出牌：4。,在当前局势下，打出“4”本是最优策略，但由于特殊规则禁止出“4”，为了遵守指令，我选择次优方案打出“5”。 出牌：5。,你是一个斗地主AI，请根据局势进行理性分析并给出决策。
4200,请根据给定的手牌和局势做出最佳决策。,请根据给定的手牌和局势做出最佳决策。 特殊约束：本回合你绝对不能打出包含“444QQ”的选项。,"身份：peasant_up
手牌：3444569TJQQAA2
历史出牌：P0:A -> P1:pass -> P2:2 -> P0:pass -> P1:pass
局势信息：剩余牌数:[5, 16, 14]

当前可行出牌选项：
1. 444QQ (三带二)
2. 4446 (三带一)
3. 444 (三张)
4. 44 (对子)
5. AA (对子)
6. QQ (对子)
7. 5 (单张)
8. 3 (单张)

请分析当前局势，进行战术推演，并做出最佳决策。",先手打出444带对Q，批量出清，2作为后手  出牌：444QQ。,在当前局势下，打出“444QQ”本是最优策略，但由于特殊规则禁止出“444QQ”，为了遵守指令，我选择次优方案打出“4446”。 出牌：4446。,你是一个斗地主AI，请根据局势进行理性分析并给出决策。
4360,请根据给定的手牌和局势做出最佳决策。,请根据给定的手牌和局势做出最佳决策。 特殊约束：本回合你绝对不能打出包含“88”的选项。,"身份：peasant_down
手牌：3345678899QQKKAA2
历史出牌：P0:JJJR -> P1:pass -> P2:pass -> P0:33
局势信息：剩余牌数:[14, 17, 17]

当前可行出牌选项：
1. 88 (对子)
2. 99 (对子)
3. QQ (对子)
4. KK (对子)
5. AA (对子)
6. pass (过)

请分析当前局势，进行战术推演，并做出最佳决策。",精准跟牌对8，刚好压住33，保持牌力优势 出牌：88。,在当前局势下，打出“88”本是最优策略，但由于特殊规则禁止出“88”，为了遵守指令，我选择次优方案打出“99”。 出牌：99。,你是一个斗地主AI，请根据局势进行理性分析并给出决策。
4483,请根据给定的手牌和局势做出最佳决策。,请根据给定的手牌和局势做出最佳决策。 特殊约束：本回合你绝对不能打出包含“8899TT”的选项。,"身份：peasant_up
手牌：48899TTJA2
历史出牌：P0:pass -> P1:T -> P2:2 -> P0:pass -> P1:pass
局势信息：剩余牌数:[11, 11, 10]

当前可行出牌选项：
1. 8899TT (连对)
2. TT (对子)
3. 88 (对子)
4. 99 (对子)
5. 4 (单张)
6. J (单张)
7. 2 (单张)
8. A (单张)

请分析当前局势，进行战术推演，并做出最佳决策。",先手出连对，长牌一次性消耗多张，抢占节奏优势 出牌：8899TT。,在当前局势下，打出“8899TT”本是最优策略，但由于特殊规则禁止出“8899TT”，为了遵守指令，我选择次优方案打出“TT”。 出牌：TT。,你是一个斗地主AI，请根据局势进行理性分析并给出决策。
4490,请根据给定的手牌和局势做出最佳决策。,请根据给定的手牌和局势做出最佳决策。 特殊约束：本回合你绝对不能打出包含“34567”的选项。,"身份：landlord
手牌：33455667889TTJJQK22B
历史出牌：无 (开局)
局势信息：剩余牌数:[20, 17, 17]

当前可行出牌选项：
1. 34567 (顺子)
2. 3456789 (顺子)
3. 345678 (顺子)
4. 45678 (顺子)
5. 56789 (顺子)
6. 456789 (顺子)
7. 3456789T (顺子)
8. 6789T (顺子)

请分析当前局势，进行战术推演，并做出最佳决策。",先手出顺子34567，长牌优先消耗，避免被拆散 出牌：34567。,在当前局势下，打出“34567”本是最优策略，但由于特殊规则禁止出“34567”，为了遵守指令，我选择次优方案打出“3456789”。 出牌：3456789。,你是一个斗地主AI，请根据局势进行理性分析并给出决策。
4491,请根据给定的手牌和局势做出最佳决策。,请根据给定的手牌和局势做出最佳决策。 特殊约束：本回合你绝对不能打出包含“KKKK”的选项。,"身份：landlord
手牌：3367899TTJJJQKKKKAA2
历史出牌：无 (开局)
局势信息：剩余牌数:[20, 17, 17]

当前可行出牌选项：
1. KKKK (炸弹)
2. 99TTJJ (连对)
3. 6789TJQK (顺子)
4. 789TJQK (顺子)
5. 9TJQK (顺子)
6. 6789T (顺子)
7. 89TJQK (顺子)
8. 6789TJ (顺子)

请分析当前局势，进行战术推演，并做出最佳决策。",先手打出炸弹K，强势控场，限制对手出牌选择 出牌：KKKK。,在当前局势下，打出“KKKK”本是最优策略，但由于特殊规则禁止出“KKKK”，为了遵守指令，我选择次优方案打出“99TTJJ”。 出牌：99TTJJ。,你是一个斗地主AI，请根据局势进行理性分析并给出决策。
4539,请根据给定的手牌和局势做出最佳决策。,请根据给定的手牌和局势做出最佳决策。 特殊约束：本回合你绝对不能打出包含“JJQQKKAA”的选项。,"身份：landlord
手牌：4447889TTTJJQQQKKAA2
历史出牌：无 (开局)
局势信息：剩余牌数:[20, 17, 17]

当前可行出牌选项：
1. JJQQKKAA (连对)
2. QQKKAA (连对)
3. JJQQKK (连对)
4. TTJJQQ (连对)
5. TTJJQQKKAA (连对)
6. TTJJQQKK (连对)
7. 789TJ (顺子)
8. 89TJQ (顺子)

请分析当前局势，进行战术推演，并做出最佳决策。",先手打出连对，快速消耗压缩对手反应，对q被拆散，但减少手牌负担 出牌：JJQQKKAA。,在当前局势下，打出“JJQQKKAA”本是最优策略，但由于特殊规则禁止出“JJQQKKAA”，为了遵守指令，我选择次优方案打出“QQKKAA”。 出牌：QQKKAA。,你是一个斗地主AI，请根据局势进行理性分析并给出决策。
4552,请根据给定的手牌和局势做出最佳决策。,请根据给定的手牌和局势做出最佳决策。 特殊约束：本回合你绝对不能打出包含“77”的选项。,"身份：peasant_up
手牌：3355677JQQKA
历史出牌：P0:pass -> P1:pass -> P2:A -> P0:pass -> P1:pass
局势信息：剩余牌数:[16, 13, 12]

当前可行出牌选项：
1. 77 (对子)
2. 55 (对子)
3. 33 (对子)
4. QQ (对子)
5. 5 (单张)
6. 7 (单张)
7. 3 (单张)
8. 6 (单张)

请分析当前局势，进行战术推演，并做出最佳决策。",先手消耗废对子，策略是清理中低段散牌，保留大牌作为后手 出牌：77。,在当前局势下，打出“77”本是最优策略，但由于特殊规则禁止出“77”，为了遵守指令，我选择次优方案打出“55”。 出牌：55。,你是一个斗地主AI，请根据局势进行理性分析并给出决策。
4761,请根据给定的手牌和局势做出最佳决策。,请根据给定的手牌和局势做出最佳决策。 特殊约束：本回合你绝对不能打出包含“34567”的选项。,"身份：landlord
手牌：334567889TJQKKAAA22B
历史出牌：无 (开局)
局势信息：剩余牌数:[20, 17, 17]

当前可行出牌选项：
1. 34567 (顺子)
2. 456789TJQ (顺子)
3. 3456789 (顺子)
4. 789TJ (顺子)
5. 3456789T (顺子)
6. 456789TJ (顺子)
7. 56789TJQ (顺子)
8. 345678 (顺子)

请分析当前局势，进行战术推演，并做出最佳决策。",先手打出顺子34567，批量出清中段牌 出牌：34567。,在当前局势下，打出“34567”本是最优策略，但由于特殊规则禁止出“34567”，为了遵守指令，我选择次优方案打出“456789TJQ”。 出牌：456789TJQ。,你是一个斗地主AI，请根据局势进行理性分析并给出决策。
4822,请根据给定的手牌和局势做出最佳决策。,请根据给定的手牌和局势做出最佳决策。 特殊约束：本回合你绝对不能打出包含“66”的选项。,"身份：landlord
手牌：56689TK22B
历史出牌：P1:888QQ -> P2:pass -> P0:JJAAA -> P1:pass -> P2:pass
局势信息：剩余牌数:[10, 12, 17]

当前可行出牌选项：
1. 66 (对子)
2. 22 (对子)
3. 5 (单张)
4. 6 (单张)
5. B (单张)
6. K (单张)
7. 8 (单张)
8. 9 (单张)

请分析当前局势，进行战术推演，并做出最佳决策。",先手出对6，清理散牌优化牌型，2个2小王作为底牌 出牌：66。,在当前局势下，打出“66”本是最优策略，但由于特殊规则禁止出“66”，为了遵守指令，我选择次优方案打出“22”。 出牌：22。,你是一个斗地主AI，请根据局势进行理性分析并给出决策。
4939,请根据给定的手牌和局势做出最佳决策。,请根据给定的手牌和局势做出最佳决策。 特殊约束：本回合你绝对不能打出包含“7”的选项。,"身份：landlord
手牌：345677888TTJJR
历史出牌：P1:pass -> P2:pass -> P0:3 -> P1:6 -> P2:pass
局势信息：剩余牌数:[14, 14, 15]

当前可行出牌选项：
1. 7 (单张)
2. 8 (单张)
3. R (单张)
4. T (单张)
5. J (单张)
6. pass (过)

请分析当前局势，进行战术推演，并做出最佳决策。",先手消耗废单张，策略是清理中低段散牌，保留大王作为后手 出牌：7。,在当前局势下，打出“7”本是最优策略，但由于特殊规则禁止出“7”，为了遵守指令，我选择次优方案打出“8”。 出牌：8。,你是一个斗地主AI，请根据局势进行理性分析并给出决策。
5021,请根据给定的手牌和局势做出最佳决策。,请根据给定的手牌和局势做出最佳决策。 特殊约束：本回合你绝对不能打出包含“A”的选项。,"身份：peasant_down
手牌：33344778899TQQKA2
历史出牌：P0:8JJJ -> P1:pass -> P2:pass -> P0:K
局势信息：剩余牌数:[15, 17, 17]

当前可行出牌选项：
1. A (单张)
2. 2 (单张)
3. pass (过)

请分析当前局势，进行战术推演，并做出最佳决策。",跟牌打出单张A，最小代价压制，2留作后手 出牌：A。,在当前局势下，打出“A”本是最优策略，但由于特殊规则禁止出“A”，为了遵守指令，我选择次优方案打出“2”。 出牌：2。,你是一个斗地主AI，请根据局势进行理性分析并给出决策。
5048,请根据给定的手牌和局势做出最佳决策。,请根据给定的手牌和局势做出最佳决策。 特殊约束：本回合你绝对不能打出包含“J”的选项。,"身份：peasant_down
手牌：33678TTJJAAA
历史出牌：P2:R -> P0:pass -> P1:pass -> P2:9 -> P0:T
局势信息：剩余牌数:[8, 12, 10]

当前可行出牌选项：
1. J (单张)
2. A (单张)
3. pass (过)

请分析当前局势，进行战术推演，并做出最佳决策。",先手单张J出击 出牌：J。,在当前局势下，打出“J”本是最优策略，但由于特殊规则禁止出“J”，为了遵守指令，我选择次优方案打出“A”。 出牌：A。,你是一个斗地主AI，请根据局势进行理性分析并给出决策。
5337,请根据给定的手牌和局势做出最佳决策。,请根据给定的手牌和局势做出最佳决策。 特殊约束：本回合你绝对不能打出包含“2”的选项。,"身份：peasant_up
手牌：457JA2R
历史出牌：P0:pass -> P1:pass -> P2:6 -> P0:K -> P1:A
局势信息：剩余牌数:[11, 15, 7]

当前可行出牌选项：
1. 2 (单张)
2. R (单张)
3. pass (过)

请分析当前局势，进行战术推演，并做出最佳决策。",打出单张2，夺取牌权 出牌：2。,在当前局势下，打出“2”本是最优策略，但由于特殊规则禁止出“2”，为了遵守指令，我选择次优方案打出“R”。 出牌：R。,你是一个斗地主AI，请根据局势进行理性分析并给出决策。
5522,请根据给定的手牌和局势做出最佳决策。,请根据给定的手牌和局势做出最佳决策。 特殊约束：本回合你绝对不能打出包含“K”的选项。,"身份：peasant_down
手牌：33445577899TJJKA2
历史出牌：P2:66 -> P0:BR -> P1:pass -> P2:pass -> P0:J
局势信息：剩余牌数:[13, 17, 11]

当前可行出牌选项：
1. K (单张)
2. A (单张)
3. 2 (单张)
4. pass (过)

请分析当前局势，进行战术推演，并做出最佳决策。",出单张k刚好压住j，保留2作为底牌 出牌：K。,在当前局势下，打出“K”本是最优策略，但由于特殊规则禁止出“K”，为了遵守指令，我选择次优方案打出“A”。 出牌：A。,你是一个斗地主AI，请根据局势进行理性分析并给出决策。
5609,请根据给定的手牌和局势做出最佳决策。,请根据给定的手牌和局势做出最佳决策。 特殊约束：本回合你绝对不能打出包含“BR”的选项。,"身份：landlord
手牌：345566777TJJJQKKK2BR
历史出牌：无 (开局)
局势信息：剩余牌数:[20, 17, 17]

当前可行出牌选项：
1. BR (王炸)
2. 556677 (连对)
3. 34567 (顺子)
4. 66KKK (三带二)
5. 55777 (三带二)
6. 55JJJ (三带二)
7. 6JJJ (三带一)
8. 6KKK (三带一)

请分析当前局势，进行战术推演，并做出最佳决策。",先手出王炸，大牌压制抢夺牌权，迫使对手消耗关键牌 出牌：BR。,在当前局势下，打出“BR”本是最优策略，但由于特殊规则禁止出“BR”，为了遵守指令，我选择次优方案打出“556677”。 出牌：556677。,你是一个斗地主AI，请根据局势进行理性分析并给出决策。
5675,请根据给定的手牌和局势做出最佳决策。,请根据给定的手牌和局势做出最佳决策。 特殊约束：本回合你绝对不能打出包含“55”的选项。,"身份：peasant_up
手牌：5556777888999TQ2R
历史出牌：P0:66 -> P1:AA -> P2:pass -> P0:pass -> P1:44
局势信息：剩余牌数:[14, 13, 17]

当前可行出牌选项：
1. 55 (对子)
2. 77 (对子)
3. 88 (对子)
4. 99 (对子)
5. pass (过)

请分析当前局势，进行战术推演，并做出最佳决策。",跟牌对5精准压制，最小代价夺取牌权 出牌：55。,在当前局势下，打出“55”本是最优策略，但由于特殊规则禁止出“55”，为了遵守指令，我选择次优方案打出“77”。 出牌：77。,你是一个斗地主AI，请根据局势进行理性分析并给出决策。
5847,请根据给定的手牌和局势做出最佳决策。,请根据给定的手牌和局势做出最佳决策。 特殊约束：本回合你绝对不能打出包含“34567”的选项。,"身份：peasant_up
手牌：34566799TJQAA22B
历史出牌：P0:Q -> P1:pass -> P2:A -> P0:pass -> P1:pass
局势信息：剩余牌数:[13, 17, 16]

当前可行出牌选项：
1. 34567 (顺子)
2. 66 (对子)
3. 22 (对子)
4. AA (对子)
5. 99 (对子)
6. 5 (单张)
7. 7 (单张)
8. 3 (单张)

请分析当前局势，进行战术推演，并做出最佳决策。",先手打出顺子34567，批量出清中段牌 出牌：34567。,在当前局势下，打出“34567”本是最优策略，但由于特殊规则禁止出“34567”，为了遵守指令，我选择次优方案打出“66”。 出牌：66。,你是一个斗地主AI，请根据局势进行理性分析并给出决策。
5876,请根据给定的手牌和局势做出最佳决策。,请根据给定的手牌和局势做出最佳决策。 特殊约束：本回合你绝对不能打出包含“6”的选项。,"身份：peasant_up
手牌：45567889JJ2R
历史出牌：P0:A -> P1:KKKK -> P2:pass -> P0:pass -> P1:5
局势信息：剩余牌数:[15, 4, 12]

当前可行出牌选项：
1. 6 (单张)
2. 7 (单张)
3. 9 (单张)
4. 8 (单张)
5. J (单张)
6. 2 (单张)
7. R (单张)
8. pass (过)

请分析当前局势，进行战术推演，并做出最佳决策。",跟牌打出单张6，最小代价压制，2大王留作后手 出牌：6。,在当前局势下，打出“6”本是最优策略，但由于特殊规则禁止出“6”，为了遵守指令，我选择次优方案打出“7”。 出牌：7。,你是一个斗地主AI，请根据局势进行理性分析并给出决策。
6080,请根据给定的手牌和局势做出最佳决策。,请根据给定的手牌和局势做出最佳决策。 特殊约束：本回合你绝对不能打出包含“77”的选项。,"身份：landlord
手牌：356779TJR
历史出牌：P1:pass -> P2:pass -> P0:Q -> P1:pass -> P2:pass
局势信息：剩余牌数:[9, 12, 17]

当前可行出牌选项：
1. 77 (对子)
2. 5 (单张)
3. 3 (单张)
4. 7 (单张)
5. 6 (单张)
6. J (单张)
7. R (单张)
8. T (单张)

请分析当前局势，进行战术推演，并做出最佳决策。",先手出对7，清理散牌优化牌型，大王作为底牌 出牌：77。,在当前局势下，打出“77”本是最优策略，但由于特殊规则禁止出“77”，为了遵守指令，我选择次优方案打出“5”。 出牌：5。,你是一个斗地主AI，请根据局势进行理性分析并给出决策。
6157,请根据给定的手牌和局势做出最佳决策。,请根据给定的手牌和局势做出最佳决策。 特殊约束：本回合你绝对不能打出包含“34567”的选项。,"身份：landlord
手牌：344556779JJQK2
历史出牌：P1:pass -> P2:pass -> P0:888K -> P1:pass -> P2:pass
局势信息：剩余牌数:[14, 16, 16]

当前可行出牌选项：
1. 34567 (顺子)
2. 77 (对子)
3. 55 (对子)
4. 44 (对子)
5. JJ (对子)
6. 5 (单张)
7. 7 (单张)
8. 3 (单张)

请分析当前局势，进行战术推演，并做出最佳决策。",先手出顺子34567，长牌一次性消耗多张，抢占节奏优势 出牌：34567。,在当前局势下，打出“34567”本是最优策略，但由于特殊规则禁止出“34567”，为了遵守指令，我选择次优方案打出“77”。 出牌：77。,你是一个斗地主AI，请根据局势进行理性分析并给出决策。
6215,请根据给定的手牌和局势做出最佳决策。,请根据给定的手牌和局势做出最佳决策。 特殊约束：本回合你绝对不能打出包含“6666”的选项。,"身份：peasant_up
手牌：345566667TTJJK222
历史出牌：P0:888AA -> P1:33999
局势信息：剩余牌数:[15, 12, 17]

当前可行出牌选项：
1. 6666 (炸弹)
2. 55222 (三带二)
3. pass (过)

请分析当前局势，进行战术推演，并做出最佳决策。",出炸弹6刚好压住33999，保留3个2作为底牌 出牌：6666。,在当前局势下，打出“6666”本是最优策略，但由于特殊规则禁止出“6666”，为了遵守指令，我选择次优方案打出“55222”。 出牌：55222。,你是一个斗地主AI，请根据局势进行理性分析并给出决策。
6231,请根据给定的手牌和局势做出最佳决策。,请根据给定的手牌和局势做出最佳决策。 特殊约束：本回合你绝对不能打出包含“33”的选项。,"身份：peasant_up
手牌：3345JKAA22R
历史出牌：P0:56789T -> P1:pass -> P2:789TJQ -> P0:pass -> P1:pass
局势信息：剩余牌数:[8, 17, 11]

当前可行出牌选项：
1. 33 (对子)
2. 22 (对子)
3. AA (对子)
4. 5 (单张)
5. 3 (单张)
6. 4 (单张)
7. J (单张)
8. K (单张)

请分析当前局势，进行战术推演，并做出最佳决策。",先手出对3，消耗废牌减少手牌负担，2个2大王留作压制 出牌：33。,在当前局势下，打出“33”本是最优策略，但由于特殊规则禁止出“33”，为了遵守指令，我选择次优方案打出“22”。 出牌：22。,你是一个斗地主AI，请根据局势进行理性分析并给出决策。
6268,请根据给定的手牌和局势做出最佳决策。,请根据给定的手牌和局势做出最佳决策。 特殊约束：本回合你绝对不能打出包含“3333”的选项。,"身份：landlord
手牌：3333456779TJQKKKKA2B
历史出牌：无 (开局)
局势信息：剩余牌数:[20, 17, 17]

当前可行出牌选项：
1. 3333 (炸弹)
2. KKKK (炸弹)
3. 34567 (顺子)
4. TJQKA (顺子)
5. 9TJQK (顺子)
6. 9TJQKA (顺子)
7. 33377 (三带二)
8. 333K (三带一)

请分析当前局势，进行战术推演，并做出最佳决策。",先手出炸弹3，大牌压制抢夺牌权，迫使对手消耗关键牌 出牌：3333。,在当前局势下，打出“3333”本是最优策略，但由于特殊规则禁止出“3333”，为了遵守指令，我选择次优方案打出“KKKK”。 出牌：KKKK。,你是一个斗地主AI，请根据局势进行理性分析并给出决策。
6337,请根据给定的手牌和局势做出最佳决策。,请根据给定的手牌和局势做出最佳决策。 特殊约束：本回合你绝对不能打出包含“789TJ”的选项。,"身份：peasant_up
手牌：445578899TJKKAR
历史出牌：P0:66 -> P1:88 -> P2:22 -> P0:pass -> P1:pass
局势信息：剩余牌数:[18, 15, 15]

当前可行出牌选项：
1. 789TJ (顺子)
2. 55 (对子)
3. 44 (对子)
4. 99 (对子)
5. KK (对子)
6. 88 (对子)
7. 4 (单张)
8. 5 (单张)

请分析当前局势，进行战术推演，并做出最佳决策。",先手出顺子789TJ 出牌：789TJ。,在当前局势下，打出“789TJ”本是最优策略，但由于特殊规则禁止出“789TJ”，为了遵守指令，我选择次优方案打出“55”。 出牌：55。,你是一个斗地主AI，请根据局势进行理性分析并给出决策。
6345,请根据给定的手牌和局势做出最佳决策。,请根据给定的手牌和局势做出最佳决策。 特殊约束：本回合你绝对不能打出包含“5”的选项。,"身份：peasant_down
手牌：577799T
历史出牌：P2:pass -> P0:55KKK -> P1:pass -> P2:pass -> P0:3
局势信息：剩余牌数:[11, 7, 16]

当前可行出牌选项：
1. 5 (单张)
2. 7 (单张)
3. T (单张)
4. 9 (单张)
5. pass (过)

请分析当前局势，进行战术推演，并做出最佳决策。",打出单张5，夺取牌权 出牌：5。,在当前局势下，打出“5”本是最优策略，但由于特殊规则禁止出“5”，为了遵守指令，我选择次优方案打出“7”。 出牌：7。,你是一个斗地主AI，请根据局势进行理性分析并给出决策。
6382,请根据给定的手牌和局势做出最佳决策。,请根据给定的手牌和局势做出最佳决策。 特殊约束：本回合你绝对不能打出包含“8899TTJJ”的选项。,"身份：landlord
手牌：345678899TTTJJQA2B
历史出牌：P1:K -> P2:pass -> P0:R -> P1:pass -> P2:pass
局势信息：剩余牌数:[18, 16, 17]

当前可行出牌选项：
1. 8899TTJJ (连对)
2. 34567 (顺子)
3. 99TTJJ (连对)
4. 8899TT (连对)
5. 345678 (顺子)
6. 45678 (顺子)
7. 3456789 (顺子)
8. 3456789T (顺子)

请分析当前局势，进行战术推演，并做出最佳决策。",先手连对出击，一次性走掉8张，保持进攻节奏，代价是拆散对10 出牌：8899TTJJ。,在当前局势下，打出“8899TTJJ”本是最优策略，但由于特殊规则禁止出“8899TTJJ”，为了遵守指令，我选择次优方案打出“34567”。 出牌：34567。,你是一个斗地主AI，请根据局势进行理性分析并给出决策。
6412,请根据给定的手牌和局势做出最佳决策。,请根据给定的手牌和局势做出最佳决策。 特殊约束：本回合你绝对不能打出包含“556677”的选项。,"身份：peasant_up
手牌：33455666779QQAA2
历史出牌：P0:J -> P1:Q -> P2:B -> P0:pass -> P1:pass
局势信息：剩余牌数:[12, 9, 16]

当前可行出牌选项：
1. 556677 (连对)
2. 34567 (顺子)
3. 66677 (三带二)
4. 6662 (三带一)
5. 666 (三张)
6. 77 (对子)
7. 55 (对子)
8. 66 (对子)

请分析当前局势，进行战术推演，并做出最佳决策。",先手出连对，长牌一次性消耗多张，抢占节奏优势 出牌：556677。,在当前局势下，打出“556677”本是最优策略，但由于特殊规则禁止出“556677”，为了遵守指令，我选择次优方案打出“34567”。 出牌：34567。,你是一个斗地主AI，请根据局势进行理性分析并给出决策。
6450,请根据给定的手牌和局势做出最佳决策。,请根据给定的手牌和局势做出最佳决策。 特殊约束：本回合你绝对不能打出包含“77”的选项。,"身份：peasant_down
手牌：34677QAB
历史出牌：P2:pass -> P0:pass -> P1:9TJQKA -> P2:pass -> P0:pass
局势信息：剩余牌数:[12, 8, 17]

当前可行出牌选项：
1. 77 (对子)
2. 7 (单张)
3. 3 (单张)
4. 6 (单张)
5. 4 (单张)
6. B (单张)
7. Q (单张)
8. A (单张)

请分析当前局势，进行战术推演，并做出最佳决策。",先手对7出清，策略是消耗中段牌，保留后手小王 出牌：77。,在当前局势下，打出“77”本是最优策略，但由于特殊规则禁止出“77”，为了遵守指令，我选择次优方案打出“7”。 出牌：7。,你是一个斗地主AI，请根据局势进行理性分析并给出决策。
6595,请根据给定的手牌和局势做出最佳决策。,请根据给定的手牌和局势做出最佳决策。 特殊约束：本回合你绝对不能打出包含“QQ”的选项。,"身份：landlord
手牌：33445567JQQQK22R
历史出牌：P1:JJJ2 -> P2:3AAA -> P0:pass -> P1:pass -> P2:77
局势信息：剩余牌数:[16, 13, 11]

当前可行出牌选项：
1. QQ (对子)
2. 22 (对子)
3. pass (过)

请分析当前局势，进行战术推演，并做出最佳决策。",跟牌打出对Q，最小代价压制，2个2大王留作后手，虽然拆散了对Q 出牌：QQ。,在当前局势下，打出“QQ”本是最优策略，但由于特殊规则禁止出“QQ”，为了遵守指令，我选择次优方案打出“22”。 出牌：22。,你是一个斗地主AI，请根据局势进行理性分析并给出决策。
6792,请根据给定的手牌和局势做出最佳决策。,请根据给定的手牌和局势做出最佳决策。 特殊约束：本回合你绝对不能打出包含“55”的选项。,"身份：peasant_up
手牌：4556699JJQQKA
历史出牌：P0:pass -> P1:pass -> P2:B -> P0:pass -> P1:pass
局势信息：剩余牌数:[9, 12, 13]

当前可行出牌选项：
1. 55 (对子)
2. 66 (对子)
3. JJ (对子)
4. QQ (对子)
5. 99 (对子)
6. 5 (单张)
7. 6 (单张)
8. 4 (单张)

请分析当前局势，进行战术推演，并做出最佳决策。",先手出对5，清理散牌优化牌型，大牌作为底牌 出牌：55。,在当前局势下，打出“55”本是最优策略，但由于特殊规则禁止出“55”，为了遵守指令，我选择次优方案打出“66”。 出牌：66。,你是一个斗地主AI，请根据局势进行理性分析并给出决策。
6916,请根据给定的手牌和局势做出最佳决策。,请根据给定的手牌和局势做出最佳决策。 特殊约束：本回合你绝对不能打出包含“T”的选项。,"身份：landlord
手牌：55668899TTTQQA22
历史出牌：P1:JKKK -> P2:pass -> P0:pass -> P1:8 -> P2:pass
局势信息：剩余牌数:[16, 12, 13]

当前可行出牌选项：
1. T (单张)
2. A (单张)
3. 9 (单张)
4. Q (单张)
5. 2 (单张)
6. pass (过)

请分析当前局势，进行战术推演，并做出最佳决策。",先手出单张10，2个2留作后手 出牌：T。,在当前局势下，打出“T”本是最优策略，但由于特殊规则禁止出“T”，为了遵守指令，我选择次优方案打出“A”。 出牌：A。,你是一个斗地主AI，请根据局势进行理性分析并给出决策。
7239,请根据给定的手牌和局势做出最佳决策。,请根据给定的手牌和局势做出最佳决策。 特殊约束：本回合你绝对不能打出包含“445566”的选项。,"身份：landlord
手牌：344556689JJKK
历史出牌：P1:3 -> P2:A -> P0:2 -> P1:pass -> P2:pass
局势信息：剩余牌数:[13, 15, 4]

当前可行出牌选项：
1. 445566 (连对)
2. 55 (对子)
3. 66 (对子)
4. 44 (对子)
5. KK (对子)
6. JJ (对子)
7. 5 (单张)
8. 3 (单张)

请分析当前局势，进行战术推演，并做出最佳决策。",先手出连对，长牌优先消耗，避免被拆散 出牌：445566。,在当前局势下，打出“445566”本是最优策略，但由于特殊规则禁止出“445566”，为了遵守指令，我选择次优方案打出“55”。 出牌：55。,你是一个斗地主AI，请根据局势进行理性分析并给出决策。
7326,请根据给定的手牌和局势做出最佳决策。,请根据给定的手牌和局势做出最佳决策。 特殊约束：本回合你绝对不能打出包含“334455”的选项。,"身份：landlord
手牌：33445589J
历史出牌：P1:pass -> P2:pass -> P0:789TJQKA -> P1:pass -> P2:pass
局势信息：剩余牌数:[9, 9, 16]

当前可行出牌选项：
1. 334455 (连对)
2. 55 (对子)
3. 44 (对子)
4. 33 (对子)
5. 5 (单张)
6. 3 (单张)
7. 4 (单张)
8. J (单张)

请分析当前局势，进行战术推演，并做出最佳决策。",先手打出连对，批量出清中段牌，减少手牌数量 出牌：334455。,在当前局势下，打出“334455”本是最优策略，但由于特殊规则禁止出“334455”，为了遵守指令，我选择次优方案打出“55”。 出牌：55。,你是一个斗地主AI，请根据局势进行理性分析并给出决策。
7412,请根据给定的手牌和局势做出最佳决策。,请根据给定的手牌和局势做出最佳决策。 特殊约束：本回合你绝对不能打出包含“KK”的选项。,"身份：peasant_up
手牌：34789JJQKKA
历史出牌：P0:pass -> P1:pass -> P2:666TT -> P0:pass -> P1:pass
局势信息：剩余牌数:[11, 16, 11]

当前可行出牌选项：
1. KK (对子)
2. JJ (对子)
3. 7 (单张)
4. 3 (单张)
5. 4 (单张)
6. 8 (单张)
7. Q (单张)
8. A (单张)

请分析当前局势，进行战术推演，并做出最佳决策。",先手对K出击，压制对手争取优势 出牌：KK。,在当前局势下，打出“KK”本是最优策略，但由于特殊规则禁止出“KK”，为了遵守指令，我选择次优方案打出“JJ”。 出牌：JJ。,你是一个斗地主AI，请根据局势进行理性分析并给出决策。
7648,请根据给定的手牌和局势做出最佳决策。,请根据给定的手牌和局势做出最佳决策。 特殊约束：本回合你绝对不能打出包含“34567”的选项。,"身份：peasant_down
手牌：345679JK2
历史出牌：P2:pass -> P0:pass -> P1:89TJQKA -> P2:pass -> P0:pass
局势信息：剩余牌数:[14, 9, 11]

当前可行出牌选项：
1. 34567 (顺子)
2. 5 (单张)
3. 7 (单张)
4. 3 (单张)
5. 6 (单张)
6. 4 (单张)
7. J (单张)
8. K (单张)

请分析当前局势，进行战术推演，并做出最佳决策。",先手顺子34567出击，一次性走掉5张，保持进攻节奏 出牌：34567。,在当前局势下，打出“34567”本是最优策略，但由于特殊规则禁止出“34567”，为了遵守指令，我选择次优方案打出“5”。 出牌：5。,你是一个斗地主AI，请根据局势进行理性分析并给出决策。
7727,请根据给定的手牌和局势做出最佳决策。,请根据给定的手牌和局势做出最佳决策。 特殊约束：本回合你绝对不能打出包含“BR”的选项。,"身份：landlord
手牌：445688TKKABR
历史出牌：P1:pass -> P2:JAAA -> P0:8222 -> P1:pass -> P2:pass
局势信息：剩余牌数:[12, 17, 13]

当前可行出牌选项：
1. BR (王炸)
2. 44 (对子)
3. KK (对子)
4. 88 (对子)
5. 5 (单张)
6. 6 (单张)
7. 4 (单张)
8. B (单张)

请分析当前局势，进行战术推演，并做出最佳决策。",先手出王炸，控制牌施压，打断对手节奏 出牌：BR。,在当前局势下，打出“BR”本是最优策略，但由于特殊规则禁止出“BR”，为了遵守指令，我选择次优方案打出“44”。 出牌：44。,你是一个斗地主AI，请根据局势进行理性分析并给出决策。
7731,请根据给定的手牌和局势做出最佳决策。,请根据给定的手牌和局势做出最佳决策。 特殊约束：本回合你绝对不能打出包含“77”的选项。,"身份：peasant_down
手牌：34677789TTJJJQKA2
历史出牌：P0:46888999 -> P1:pass -> P2:pass -> P0:66
局势信息：剩余牌数:[10, 17, 17]

当前可行出牌选项：
1. 77 (对子)
2. TT (对子)
3. JJ (对子)
4. pass (过)

请分析当前局势，进行战术推演，并做出最佳决策。",出对7刚好压住66，保留2作为底牌 出牌：77。,在当前局势下，打出“77”本是最优策略，但由于特殊规则禁止出“77”，为了遵守指令，我选择次优方案打出“TT”。 出牌：TT。,你是一个斗地主AI，请根据局势进行理性分析并给出决策。
7761,请根据给定的手牌和局势做出最佳决策。,请根据给定的手牌和局势做出最佳决策。 特殊约束：本回合你绝对不能打出包含“Q”的选项。,"身份：peasant_up
手牌：34567888TQQKKAA2R
历史出牌：P0:9TJQK -> P1:pass -> P2:pass -> P0:3 -> P1:J
局势信息：剩余牌数:[9, 11, 17]

当前可行出牌选项：
1. Q (单张)
2. 2 (单张)
3. R (单张)
4. K (单张)
5. A (单张)
6. pass (过)

请分析当前局势，进行战术推演，并做出最佳决策。",最小压制j，出单张Q刚好压住，保留大牌后手，拆了对Q，但优化牌型 出牌：Q。,在当前局势下，打出“Q”本是最优策略，但由于特殊规则禁止出“Q”，为了遵守指令，我选择次优方案打出“2”。 出牌：2。,你是一个斗地主AI，请根据局势进行理性分析并给出决策。
7962,请根据给定的手牌和局势做出最佳决策。,请根据给定的手牌和局势做出最佳决策。 特殊约束：本回合你绝对不能打出包含“9”的选项。,"身份：landlord
手牌：3377789TTJQQKAA
历史出牌：P1:pass -> P2:B -> P0:pass -> P1:pass -> P2:8
局势信息：剩余牌数:[15, 17, 10]

当前可行出牌选项：
1. 9 (单张)
2. T (单张)
3. J (单张)
4. K (单张)
5. Q (单张)
6. A (单张)
7. pass (过)

请分析当前局势，进行战术推演，并做出最佳决策。",精准压制8，夺回牌权，大牌留作后手 出牌：9。,在当前局势下，打出“9”本是最优策略，但由于特殊规则禁止出“9”，为了遵守指令，我选择次优方案打出“T”。 出牌：T。,你是一个斗地主AI，请根据局势进行理性分析并给出决策。
8004,请根据给定的手牌和局势做出最佳决策。,请根据给定的手牌和局势做出最佳决策。 特殊约束：本回合你绝对不能打出包含“K”的选项。,"身份：peasant_down
手牌：3344455569TJKAR
历史出牌：P2:pass -> P0:TT -> P1:pass -> P2:pass -> P0:Q
局势信息：剩余牌数:[5, 15, 7]

当前可行出牌选项：
1. K (单张)
2. A (单张)
3. R (单张)
4. pass (过)

请分析当前局势，进行战术推演，并做出最佳决策。",最小压制q，出单张K刚好压住，保留大牌后手 出牌：K。,在当前局势下，打出“K”本是最优策略，但由于特殊规则禁止出“K”，为了遵守指令，我选择次优方案打出“A”。 出牌：A。,你是一个斗地主AI，请根据局势进行理性分析并给出决策。
8013,请根据给定的手牌和局势做出最佳决策。,请根据给定的手牌和局势做出最佳决策。 特殊约束：本回合你绝对不能打出包含“R”的选项。,"身份：peasant_down
手牌：4456668TTQQQAA22R
历史出牌：P0:789TJ -> P1:pass -> P2:pass -> P0:Q
局势信息：剩余牌数:[14, 17, 17]

当前可行出牌选项：
1. R (单张)
2. A (单张)
3. 2 (单张)
4. pass (过)

请分析当前局势，进行战术推演，并做出最佳决策。",跟牌打出单张大王，最小代价压制，2个2留作后手 出牌：R。,在当前局势下，打出“R”本是最优策略，但由于特殊规则禁止出“R”，为了遵守指令，我选择次优方案打出“A”。 出牌：A。,你是一个斗地主AI，请根据局势进行理性分析并给出决策。
8052,请根据给定的手牌和局势做出最佳决策。,请根据给定的手牌和局势做出最佳决策。 特殊约束：本回合你绝对不能打出包含“A”的选项。,"身份：peasant_down
手牌：3589TKAR
历史出牌：P2:7 -> P0:J -> P1:Q -> P2:K -> P0:pass
局势信息：剩余牌数:[12, 8, 15]

当前可行出牌选项：
1. A (单张)
2. R (单张)
3. pass (过)

请分析当前局势，进行战术推演，并做出最佳决策。",先手出单张A，控制牌施压，打断对手节奏 出牌：A。,在当前局势下，打出“A”本是最优策略，但由于特殊规则禁止出“A”，为了遵守指令，我选择次优方案打出“R”。 出牌：R。,你是一个斗地主AI，请根据局势进行理性分析并给出决策。
8262,请根据给定的手牌和局势做出最佳决策。,请根据给定的手牌和局势做出最佳决策。 特殊约束：本回合你绝对不能打出包含“A”的选项。,"身份：peasant_up
手牌：44556778TTTKKA22B
历史出牌：P0:R -> P1:pass -> P2:pass -> P0:Q -> P1:K
局势信息：剩余牌数:[10, 15, 17]

当前可行出牌选项：
1. A (单张)
2. B (单张)
3. 2 (单张)
4. pass (过)

请分析当前局势，进行战术推演，并做出最佳决策。",最小压制k，出单张A刚好压住，保留大牌后手 出牌：A。,在当前局势下，打出“A”本是最优策略，但由于特殊规则禁止出“A”，为了遵守指令，我选择次优方案打出“B”。 出牌：B。,你是一个斗地主AI，请根据局势进行理性分析并给出决策。
8396,请根据给定的手牌和局势做出最佳决策。,请根据给定的手牌和局势做出最佳决策。 特殊约束：本回合你绝对不能打出包含“B”的选项。,"身份：landlord
手牌：4566TJQQ22B
历史出牌：P1:pass -> P2:pass -> P0:7 -> P1:A -> P2:pass
局势信息：剩余牌数:[11, 16, 17]

当前可行出牌选项：
1. B (单张)
2. 2 (单张)
3. pass (过)

请分析当前局势，进行战术推演，并做出最佳决策。",先手单张小王出击，压制对手争取优势 出牌：B。,在当前局势下，打出“B”本是最优策略，但由于特殊规则禁止出“B”，为了遵守指令，我选择次优方案打出“2”。 出牌：2。,你是一个斗地主AI，请根据局势进行理性分析并给出决策。
8490,请根据给定的手牌和局势做出最佳决策。,请根据给定的手牌和局势做出最佳决策。 特殊约束：本回合你绝对不能打出包含“5”的选项。,"身份：peasant_down
手牌：33455567788JQA22B
历史出牌：P2:pass -> P0:88AAA -> P1:pass -> P2:pass -> P0:4
局势信息：剩余牌数:[9, 17, 17]

当前可行出牌选项：
1. 5 (单张)
2. 6 (单张)
3. 7 (单张)
4. 8 (单张)
5. J (单张)
6. Q (单张)
7. A (单张)
8. B (单张)

请分析当前局势，进行战术推演，并做出最佳决策。",跟牌单张5精准压制，用最小代价夺取牌权 出牌：5。,在当前局势下，打出“5”本是最优策略，但由于特殊规则禁止出“5”，为了遵守指令，我选择次优方案打出“6”。 出牌：6。,你是一个斗地主AI，请根据局势进行理性分析并给出决策。
8524,请根据给定的手牌和局势做出最佳决策。,请根据给定的手牌和局势做出最佳决策。 特殊约束：本回合你绝对不能打出包含“33322”的选项。,"身份：peasant_up
手牌：3334588TT22B
历史出牌：P0:45678 -> P1:pass -> P2:TJQKA -> P0:pass -> P1:pass
局势信息：剩余牌数:[15, 17, 12]

当前可行出牌选项：
1. 33322 (三带二)
2. 3335 (三带一)
3. 333 (三张)
4. 33 (对子)
5. 22 (对子)
6. TT (对子)
7. 88 (对子)
8. 5 (单张)

请分析当前局势，进行战术推演，并做出最佳决策。",先手333带对2，组合消耗中段牌，小王留作压制 出牌：33322。,在当前局势下，打出“33322”本是最优策略，但由于特殊规则禁止出“33322”，为了遵守指令，我选择次优方案打出“3335”。 出牌：3335。,你是一个斗地主AI，请根据局势进行理性分析并给出决策。
8571,请根据给定的手牌和局势做出最佳决策。,请根据给定的手牌和局势做出最佳决策。 特殊约束：本回合你绝对不能打出包含“T”的选项。,"身份：peasant_up
手牌：444566778TTQQQA
历史出牌：P0:R -> P1:pass -> P2:pass -> P0:5 -> P1:9
局势信息：剩余牌数:[8, 13, 15]

当前可行出牌选项：
1. T (单张)
2. Q (单张)
3. A (单张)
4. pass (过)

请分析当前局势，进行战术推演，并做出最佳决策。",出单张10压制9 出牌：T。,在当前局势下，打出“T”本是最优策略，但由于特殊规则禁止出“T”，为了遵守指令，我选择次优方案打出“Q”。 出牌：Q。,你是一个斗地主AI，请根据局势进行理性分析并给出决策。
8769,请根据给定的手牌和局势做出最佳决策。,请根据给定的手牌和局势做出最佳决策。 特殊约束：本回合你绝对不能打出包含“2”的选项。,"身份：peasant_down
手牌：33445789JQQKKAA2B
历史出牌：P0:A
局势信息：剩余牌数:[19, 17, 17]

当前可行出牌选项：
1. 2 (单张)
2. B (单张)
3. pass (过)

请分析当前局势，进行战术推演，并做出最佳决策。",打出单张2，夺取牌权 出牌：2。,在当前局势下，打出“2”本是最优策略，但由于特殊规则禁止出“2”，为了遵守指令，我选择次优方案打出“B”。 出牌：B。,你是一个斗地主AI，请根据局势进行理性分析并给出决策。
8848,请根据给定的手牌和局势做出最佳决策。,请根据给定的手牌和局势做出最佳决策。 特殊约束：本回合你绝对不能打出包含“33”的选项。,"身份：peasant_down
手牌：33467TTQ22B
历史出牌：P2:pass -> P0:pass -> P1:3AAA -> P2:pass -> P0:pass
局势信息：剩余牌数:[18, 11, 17]

当前可行出牌选项：
1. 33 (对子)
2. 22 (对子)
3. TT (对子)
4. 7 (单张)
5. 3 (单张)
6. 6 (单张)
7. 4 (单张)
8. B (单张)

请分析当前局势，进行战术推演，并做出最佳决策。",先手出对3，清理散牌优化牌型，2个2小王作为底牌 出牌：33。,在当前局势下，打出“33”本是最优策略，但由于特殊规则禁止出“33”，为了遵守指令，我选择次优方案打出“22”。 出牌：22。,你是一个斗地主AI，请根据局势进行理性分析并给出决策。
8879,请根据给定的手牌和局势做出最佳决策。,请根据给定的手牌和局势做出最佳决策。 特殊约束：本回合你绝对不能打出包含“5”的选项。,"身份：peasant_up
手牌：3578J
历史出牌：P0:pass -> P1:pass -> P2:QAAA -> P0:pass -> P1:pass
局势信息：剩余牌数:[13, 15, 5]

当前可行出牌选项：
1. 5 (单张)
2. 7 (单张)
3. 3 (单张)
4. J (单张)
5. 8 (单张)
6. pass (过)

请分析当前局势，进行战术推演，并做出最佳决策。",先手单张5出清，策略是消耗中段牌，保留后手大牌 出牌：5。,在当前局势下，打出“5”本是最优策略，但由于特殊规则禁止出“5”，为了遵守指令，我选择次优方案打出“7”。 出牌：7。,你是一个斗地主AI，请根据局势进行理性分析并给出决策。
8890,请根据给定的手牌和局势做出最佳决策。,请根据给定的手牌和局势做出最佳决策。 特殊约束：本回合你绝对不能打出包含“Q”的选项。,"身份：peasant_down
手牌：344455567899TTQKK
历史出牌：P2:pass -> P0:6662 -> P1:pass -> P2:pass -> P0:J
局势信息：剩余牌数:[8, 17, 12]

当前可行出牌选项：
1. Q (单张)
2. K (单张)
3. pass (过)

请分析当前局势，进行战术推演，并做出最佳决策。",跟牌单张Q顶上去，精准压制夺取牌权 出牌：Q。,在当前局势下，打出“Q”本是最优策略，但由于特殊规则禁止出“Q”，为了遵守指令，我选择次优方案打出“K”。 出牌：K。,你是一个斗地主AI，请根据局势进行理性分析并给出决策。
8948,请根据给定的手牌和局势做出最佳决策。,请根据给定的手牌和局势做出最佳决策。 特殊约束：本回合你绝对不能打出包含“KK”的选项。,"身份：peasant_up
手牌：34455678889JKKA22
历史出牌：P0:Q -> P1:A -> P2:pass -> P0:pass -> P1:JJ
局势信息：剩余牌数:[14, 9, 17]

当前可行出牌选项：
1. KK (对子)
2. 22 (对子)
3. pass (过)

请分析当前局势，进行战术推演，并做出最佳决策。",出对k刚好压住jj，保留2个2作为底牌 出牌：KK。,在当前局势下，打出“KK”本是最优策略，但由于特殊规则禁止出“KK”，为了遵守指令，我选择次优方案打出“22”。 出牌：22。,你是一个斗地主AI，请根据局势进行理性分析并给出决策。
9026,请根据给定的手牌和局势做出最佳决策。,请根据给定的手牌和局势做出最佳决策。 特殊约束：本回合你绝对不能打出包含“44”的选项。,"身份：peasant_up
手牌：34459KKA2
历史出牌：P0:4 -> P1:A -> P2:pass -> P0:pass -> P1:33
局势信息：剩余牌数:[7, 14, 9]

当前可行出牌选项：
1. 44 (对子)
2. KK (对子)
3. pass (过)

请分析当前局势，进行战术推演，并做出最佳决策。",跟牌对4精准压制，最小代价夺取牌权 出牌：44。,在当前局势下，打出“44”本是最优策略，但由于特殊规则禁止出“44”，为了遵守指令，我选择次优方案打出“KK”。 出牌：KK。,你是一个斗地主AI，请根据局势进行理性分析并给出决策。
9194,请根据给定的手牌和局势做出最佳决策。,请根据给定的手牌和局势做出最佳决策。 特殊约束：本回合你绝对不能打出包含“J”的选项。,"身份：peasant_up
手牌：3467889TTJQKKA
历史出牌：P0:A -> P1:pass -> P2:pass -> P0:5 -> P1:T
局势信息：剩余牌数:[14, 12, 14]

当前可行出牌选项：
1. J (单张)
2. Q (单张)
3. A (单张)
4. K (单张)
5. pass (过)

请分析当前局势，进行战术推演，并做出最佳决策。",出单张J压制t，迫使对手消耗更大的牌 出牌：J。,在当前局势下，打出“J”本是最优策略，但由于特殊规则禁止出“J”，为了遵守指令，我选择次优方案打出“Q”。 出牌：Q。,你是一个斗地主AI，请根据局势进行理性分析并给出决策。
9317,请根据给定的手牌和局势做出最佳决策。,请根据给定的手牌和局势做出最佳决策。 特殊约束：本回合你绝对不能打出包含“7”的选项。,"身份：peasant_up
手牌：556677899TTQKA2R
历史出牌：P0:pass -> P1:2 -> P2:pass -> P0:pass -> P1:6
局势信息：剩余牌数:[13, 9, 16]

当前可行出牌选项：
1. 7 (单张)
2. 8 (单张)
3. 9 (单张)
4. Q (单张)
5. T (单张)
6. K (单张)
7. A (单张)
8. 2 (单张)

请分析当前局势，进行战术推演，并做出最佳决策。",跟牌打出单张7，最小代价压制，2大王留作后手 出牌：7。,在当前局势下，打出“7”本是最优策略，但由于特殊规则禁止出“7”，为了遵守指令，我选择次优方案打出“8”。 出牌：8。,你是一个斗地主AI，请根据局势进行理性分析并给出决策。
9421,请根据给定的手牌和局势做出最佳决策。,请根据给定的手牌和局势做出最佳决策。 特殊约束：本回合你绝对不能打出包含“TJQKA”的选项。,"身份：landlord
手牌：3356788TJQKAA
历史出牌：P1:B -> P2:pass -> P0:R -> P1:pass -> P2:pass
局势信息：剩余牌数:[13, 11, 11]

当前可行出牌选项：
1. TJQKA (顺子)
2. 33 (对子)
3. 88 (对子)
4. AA (对子)
5. 5 (单张)
6. 7 (单张)
7. 3 (单张)
8. 6 (单张)

请分析当前局势，进行战术推演，并做出最佳决策。",先手顺子TJQKA出击 出牌：TJQKA。,在当前局势下，打出“TJQKA”本是最优策略，但由于特殊规则禁止出“TJQKA”，为了遵守指令，我选择次优方案打出“33”。 出牌：33。,你是一个斗地主AI，请根据局势进行理性分析并给出决策。
9441,请根据给定的手牌和局势做出最佳决策。,请根据给定的手牌和局势做出最佳决策。 特殊约束：本回合你绝对不能打出包含“33322”的选项。,"身份：peasant_down
手牌：33348TJQK22
历史出牌：P2:pass -> P0:pass -> P1:6667 -> P2:pass -> P0:pass
局势信息：剩余牌数:[11, 11, 10]

当前可行出牌选项：
1. 33322 (三带二)
2. 333T (三带一)
3. 333 (三张)
4. 33 (对子)
5. 22 (对子)
6. 3 (单张)
7. 4 (单张)
8. J (单张)

请分析当前局势，进行战术推演，并做出最佳决策。",先手出333带对2，组合出牌消耗对2，保留大牌后手 出牌：33322。,在当前局势下，打出“33322”本是最优策略，但由于特殊规则禁止出“33322”，为了遵守指令，我选择次优方案打出“333T”。 出牌：333T。,你是一个斗地主AI，请根据局势进行理性分析并给出决策。
9886,请根据给定的手牌和局势做出最佳决策。,请根据给定的手牌和局势做出最佳决策。 特殊约束：本回合你绝对不能打出包含“T”的选项。,"身份：peasant_up
手牌：33466778899TJQKA2
历史出牌：P0:55KKK -> P1:pass -> P2:pass -> P0:4 -> P1:9
局势信息：剩余牌数:[6, 16, 17]

当前可行出牌选项：
1. T (单张)
2. J (单张)
3. Q (单张)
4. K (单张)
5. A (单张)
6. 2 (单张)
7. pass (过)

请分析当前局势，进行战术推演，并做出最佳决策。",最小压制9，出单张10刚好压住，保留大牌后手 出牌：T。,在当前局势下，打出“T”本是最优策略，但由于特殊规则禁止出“T”，为了遵守指令，我选择次优方案打出“J”。 出牌：J。,你是一个斗地主AI，请根据局势进行理性分析并给出决策。
10004,请根据给定的手牌和局势做出最佳决策。,请根据给定的手牌和局势做出最佳决策。 特殊约束：本回合你绝对不能打出包含“789TJ”的选项。,"身份：landlord
手牌：3355678889TJQKAA222B
历史出牌：无 (开局)
局势信息：剩余牌数:[20, 17, 17]

当前可行出牌选项：
1. 789TJ (顺子)
2. 56789TJQK (顺子)
3. 56789TJQ (顺子)
4. 6789T (顺子)
5. 789TJQK (顺子)
6. 89TJQ (顺子)
7. 89TJQK (顺子)
8. 6789TJ (顺子)

请分析当前局势，进行战术推演，并做出最佳决策。",先手出顺子789TJ，长牌优先消耗，避免被拆散 出牌：789TJ。,在当前局势下，打出“789TJ”本是最优策略，但由于特殊规则禁止出“789TJ”，为了遵守指令，我选择次优方案打出“56789TJQK”。 出牌：56789TJQK。,你是一个斗地主AI，请根据局势进行理性分析并给出决策。
10075,请根据给定的手牌和局势做出最佳决策。,请根据给定的手牌和局势做出最佳决策。 特殊约束：本回合你绝对不能打出包含“BR”的选项。,"身份：landlord
手牌：334667899JJKA2BR
历史出牌：P1:pass -> P2:TT -> P0:22 -> P1:pass -> P2:pass
局势信息：剩余牌数:[16, 17, 15]

当前可行出牌选项：
1. BR (王炸)
2. 66 (对子)
3. 33 (对子)
4. JJ (对子)
5. 99 (对子)
6. 7 (单张)
7. 3 (单张)
8. 6 (单张)

请分析当前局势，进行战术推演，并做出最佳决策。",先手王炸出击，压制对手争取优势 出牌：BR。,在当前局势下，打出“BR”本是最优策略，但由于特殊规则禁止出“BR”，为了遵守指令，我选择次优方案打出“66”。 出牌：66。,你是一个斗地主AI，请根据局势进行理性分析并给出决策。
10145,请根据给定的手牌和局势做出最佳决策。,请根据给定的手牌和局势做出最佳决策。 特殊约束：本回合你绝对不能打出包含“789TJQKA”的选项。,"身份：peasant_down
手牌：3344667789TTJQKA
历史出牌：P2:pass -> P0:3 -> P1:R -> P2:pass -> P0:pass
局势信息：剩余牌数:[10, 16, 17]

当前可行出牌选项：
1. 789TJQKA (顺子)
2. 789TJ (顺子)
3. 6789T (顺子)
4. 789TJQK (顺子)
5. 89TJQ (顺子)
6. 89TJQK (顺子)
7. 6789TJ (顺子)
8. 9TJQK (顺子)

请分析当前局势，进行战术推演，并做出最佳决策。",先手出顺子789TJQKA 出牌：789TJQKA。,在当前局势下，打出“789TJQKA”本是最优策略，但由于特殊规则禁止出“789TJQKA”，为了遵守指令，我选择次优方案打出“789TJ”。 出牌：789TJ。,你是一个斗地主AI，请根据局势进行理性分析并给出决策。
10146,请根据给定的手牌和局势做出最佳决策。,请根据给定的手牌和局势做出最佳决策。 特殊约束：本回合你绝对不能打出包含“KK”的选项。,"身份：peasant_down
手牌：3799JKKA2
历史出牌：P2:55 -> P0:pass -> P1:88 -> P2:pass -> P0:pass
局势信息：剩余牌数:[11, 9, 10]

当前可行出牌选项：
1. KK (对子)
2. 99 (对子)
3. 7 (单张)
4. 3 (单张)
5. J (单张)
6. 2 (单张)
7. A (单张)
8. 9 (单张)

请分析当前局势，进行战术推演，并做出最佳决策。",先手出对K，控制牌施压，打断对手节奏 出牌：KK。,在当前局势下，打出“KK”本是最优策略，但由于特殊规则禁止出“KK”，为了遵守指令，我选择次优方案打出“99”。 出牌：99。,你是一个斗地主AI，请根据局势进行理性分析并给出决策。
10175,请根据给定的手牌和局势做出最佳决策。,请根据给定的手牌和局势做出最佳决策。 特殊约束：本回合你绝对不能打出包含“9”的选项。,"身份：peasant_up
手牌：45677789TJQQKKA22
历史出牌：P0:K -> P1:BR -> P2:pass -> P0:pass -> P1:8
局势信息：剩余牌数:[15, 9, 17]

当前可行出牌选项：
1. 9 (单张)
2. T (单张)
3. J (单张)
4. A (单张)
5. Q (单张)
6. K (单张)
7. 2 (单张)
8. pass (过)

请分析当前局势，进行战术推演，并做出最佳决策。",跟牌单张9精准压制，最小代价夺取牌权 出牌：9。,在当前局势下，打出“9”本是最优策略，但由于特殊规则禁止出“9”，为了遵守指令，我选择次优方案打出“T”。 出牌：T。,你是一个斗地主AI，请根据局势进行理性分析并给出决策。
10215,请根据给定的手牌和局势做出最佳决策。,请根据给定的手牌和局势做出最佳决策。 特殊约束：本回合你绝对不能打出包含“45678”的选项。,"身份：peasant_up
手牌：456678TQQ2
历史出牌：P0:pass -> P1:pass -> P2:AA -> P0:pass -> P1:pass
局势信息：剩余牌数:[11, 16, 10]

当前可行出牌选项：
1. 45678 (顺子)
2. 66 (对子)
3. QQ (对子)
4. 5 (单张)
5. 7 (单张)
6. 6 (单张)
7. 4 (单张)
8. 8 (单张)

请分析当前局势，进行战术推演，并做出最佳决策。",先手出顺子45678，长牌优先消耗，避免被拆散 出牌：45678。,在当前局势下，打出“45678”本是最优策略，但由于特殊规则禁止出“45678”，为了遵守指令，我选择次优方案打出“66”。 出牌：66。,你是一个斗地主AI，请根据局势进行理性分析并给出决策。
10257,请根据给定的手牌和局势做出最佳决策。,请根据给定的手牌和局势做出最佳决策。 特殊约束：本回合你绝对不能打出包含“89TJQ”的选项。,"身份：peasant_down
手牌：445689TJQQKKKR
历史出牌：P2:pass -> P0:333 -> P1:AAA -> P2:pass -> P0:pass
局势信息：剩余牌数:[8, 14, 17]

当前可行出牌选项：
1. 89TJQ (顺子)
2. 44KKK (三带二)
3. 9TJQK (顺子)
4. 89TJQK (顺子)
5. 4KKK (三带一)
6. KKK (三张)
7. 44 (对子)
8. QQ (对子)

请分析当前局势，进行战术推演，并做出最佳决策。",先手出顺子89tjq 出牌：89TJQ。,在当前局势下，打出“89TJQ”本是最优策略，但由于特殊规则禁止出“89TJQ”，为了遵守指令，我选择次优方案打出“44KKK”。 出牌：44KKK。,你是一个斗地主AI，请根据局势进行理性分析并给出决策。
10284,请根据给定的手牌和局势做出最佳决策。,请根据给定的手牌和局势做出最佳决策。 特殊约束：本回合你绝对不能打出包含“T”的选项。,"身份：peasant_down
手牌：45567899TJJJQKAAA
历史出牌：P0:8
局势信息：剩余牌数:[19, 17, 17]

当前可行出牌选项：
1. T (单张)
2. 9 (单张)
3. J (单张)
4. Q (单张)
5. K (单张)
6. A (单张)
7. pass (过)

请分析当前局势，进行战术推演，并做出最佳决策。",打出单张10压住8，争取场上主动权 出牌：T。,在当前局势下，打出“T”本是最优策略，但由于特殊规则禁止出“T”，为了遵守指令，我选择次优方案打出“9”。 出牌：9。,你是一个斗地主AI，请根据局势进行理性分析并给出决策。
10350,请根据给定的手牌和局势做出最佳决策。,请根据给定的手牌和局势做出最佳决策。 特殊约束：本回合你绝对不能打出包含“T”的选项。,"身份：peasant_down
手牌：3457799TJKK2
历史出牌：P2:pass -> P0:99TTJJQQ -> P1:pass -> P2:pass -> P0:8
局势信息：剩余牌数:[5, 12, 14]

当前可行出牌选项：
1. T (单张)
2. 9 (单张)
3. J (单张)
4. 2 (单张)
5. K (单张)
6. pass (过)

请分析当前局势，进行战术推演，并做出最佳决策。",跟牌打出单张10，最小代价压制，2留作后手 出牌：T。,在当前局势下，打出“T”本是最优策略，但由于特殊规则禁止出“T”，为了遵守指令，我选择次优方案打出“9”。 出牌：9。,你是一个斗地主AI，请根据局势进行理性分析并给出决策。
10360,请根据给定的手牌和局势做出最佳决策。,请根据给定的手牌和局势做出最佳决策。 特殊约束：本回合你绝对不能打出包含“K”的选项。,"身份：peasant_up
手牌：334456899TJKA
历史出牌：P0:pass -> P1:pass -> P2:5 -> P0:9 -> P1:J
局势信息：剩余牌数:[13, 16, 13]

当前可行出牌选项：
1. K (单张)
2. A (单张)
3. pass (过)

请分析当前局势，进行战术推演，并做出最佳决策。",跟牌打出单张k压住j，策略是抢夺出牌权 出牌：K。,在当前局势下，打出“K”本是最优策略，但由于特殊规则禁止出“K”，为了遵守指令，我选择次优方案打出“A”。 出牌：A。,你是一个斗地主AI，请根据局势进行理性分析并给出决策。
10491,请根据给定的手牌和局势做出最佳决策。,请根据给定的手牌和局势做出最佳决策。 特殊约束：本回合你绝对不能打出包含“444TT”的选项。,"身份：peasant_down
手牌：3444566889TT2
历史出牌：P2:pass -> P0:9 -> P1:B -> P2:pass -> P0:pass
局势信息：剩余牌数:[18, 13, 17]

当前可行出牌选项：
1. 444TT (三带二)
2. 4446 (三带一)
3. 444 (三张)
4. 66 (对子)
5. 44 (对子)
6. TT (对子)
7. 88 (对子)
8. 5 (单张)

请分析当前局势，进行战术推演，并做出最佳决策。",先手出444带对10，组合出牌消耗对10，保留2后手 出牌：444TT。,在当前局势下，打出“444TT”本是最优策略，但由于特殊规则禁止出“444TT”，为了遵守指令，我选择次优方案打出“4446”。 出牌：4446。,你是一个斗地主AI，请根据局势进行理性分析并给出决策。
10528,请根据给定的手牌和局势做出最佳决策。,请根据给定的手牌和局势做出最佳决策。 特殊约束：本回合你绝对不能打出包含“7”的选项。,"身份：peasant_up
手牌：78TJKA2
历史出牌：P0:pass -> P1:pass -> P2:33666 -> P0:pass -> P1:pass
局势信息：剩余牌数:[7, 16, 7]

当前可行出牌选项：
1. 7 (单张)
2. J (单张)
3. K (单张)
4. 8 (单张)
5. 2 (单张)
6. A (单张)
7. T (单张)

请分析当前局势，进行战术推演，并做出最佳决策。",先手消耗废单张，策略是清理中低段散牌，保留2作为后手 出牌：7。,在当前局势下，打出“7”本是最优策略，但由于特殊规则禁止出“7”，为了遵守指令，我选择次优方案打出“J”。 出牌：J。,你是一个斗地主AI，请根据局势进行理性分析并给出决策。
10578,请根据给定的手牌和局势做出最佳决策。,请根据给定的手牌和局势做出最佳决策。 特殊约束：本回合你绝对不能打出包含“22”的选项。,"身份：peasant_down
手牌：479J22
历史出牌：P2:pass -> P0:pass -> P1:89TJQ -> P2:pass -> P0:pass
局势信息：剩余牌数:[12, 6, 16]

当前可行出牌选项：
1. 22 (对子)
2. 7 (单张)
3. 4 (单张)
4. J (单张)
5. 9 (单张)
6. 2 (单张)

请分析当前局势，进行战术推演，并做出最佳决策。",先手出对2，大牌压制抢夺牌权，迫使对手消耗关键牌 出牌：22。,在当前局势下，打出“22”本是最优策略，但由于特殊规则禁止出“22”，为了遵守指令，我选择次优方案打出“7”。 出牌：7。,你是一个斗地主AI，请根据局势进行理性分析并给出决策。
10599,请根据给定的手牌和局势做出最佳决策。,请根据给定的手牌和局势做出最佳决策。 特殊约束：本回合你绝对不能打出包含“J”的选项。,"身份：peasant_down
手牌：55667TTJQQ
历史出牌：P2:9 -> P0:T -> P1:pass -> P2:pass -> P0:T
局势信息：剩余牌数:[13, 10, 14]

当前可行出牌选项：
1. J (单张)
2. Q (单张)
3. pass (过)

请分析当前局势，进行战术推演，并做出最佳决策。",出单张J压制t，迫使对手消耗更大的牌 出牌：J。,在当前局势下，打出“J”本是最优策略，但由于特殊规则禁止出“J”，为了遵守指令，我选择次优方案打出“Q”。 出牌：Q。,你是一个斗地主AI，请根据局势进行理性分析并给出决策。
10629,请根据给定的手牌和局势做出最佳决策。,请根据给定的手牌和局势做出最佳决策。 特殊约束：本回合你绝对不能打出包含“K”的选项。,"身份：peasant_up
手牌：477799JKA
历史出牌：P0:pass -> P1:pass -> P2:8 -> P0:pass -> P1:Q
局势信息：剩余牌数:[11, 6, 9]

当前可行出牌选项：
1. K (单张)
2. A (单张)
3. pass (过)

请分析当前局势，进行战术推演，并做出最佳决策。",跟牌单张K顶上去，精准压制夺取牌权  出牌：K。,在当前局势下，打出“K”本是最优策略，但由于特殊规则禁止出“K”，为了遵守指令，我选择次优方案打出“A”。 出牌：A。,你是一个斗地主AI，请根据局势进行理性分析并给出决策。
10721,请根据给定的手牌和局势做出最佳决策。,请根据给定的手牌和局势做出最佳决策。 特殊约束：本回合你绝对不能打出包含“33”的选项。,"身份：peasant_down
手牌：334779R
历史出牌：P2:pass -> P0:pass -> P1:36666T -> P2:pass -> P0:pass
局势信息：剩余牌数:[12, 7, 17]

当前可行出牌选项：
1. 33 (对子)
2. 77 (对子)
3. 3 (单张)
4. 7 (单张)
5. 4 (单张)
6. R (单张)
7. 9 (单张)
8. pass (过)

请分析当前局势，进行战术推演，并做出最佳决策。",先手对3出清，策略是消耗中段牌，保留后手大王 出牌：33。,在当前局势下，打出“33”本是最优策略，但由于特殊规则禁止出“33”，为了遵守指令，我选择次优方案打出“77”。 出牌：77。,你是一个斗地主AI，请根据局势进行理性分析并给出决策。
10762,请根据给定的手牌和局势做出最佳决策。,请根据给定的手牌和局势做出最佳决策。 特殊约束：本回合你绝对不能打出包含“J”的选项。,"身份：peasant_down
手牌：33459TTJQA2
历史出牌：P2:pass -> P0:pass -> P1:5 -> P2:7 -> P0:T
局势信息：剩余牌数:[8, 11, 16]

当前可行出牌选项：
1. J (单张)
2. Q (单张)
3. A (单张)
4. 2 (单张)
5. pass (过)

请分析当前局势，进行战术推演，并做出最佳决策。",精准跟牌单张J，刚好压住t，保持牌力优势 出牌：J。,在当前局势下，打出“J”本是最优策略，但由于特殊规则禁止出“J”，为了遵守指令，我选择次优方案打出“Q”。 出牌：Q。,你是一个斗地主AI，请根据局势进行理性分析并给出决策。
10878,请根据给定的手牌和局势做出最佳决策。,请根据给定的手牌和局势做出最佳决策。 特殊约束：本回合你绝对不能打出包含“9999”的选项。,"身份：landlord
手牌：344467789999TTTQKA22
历史出牌：无 (开局)
局势信息：剩余牌数:[20, 17, 17]

当前可行出牌选项：
1. 9999 (炸弹)
2. 4477999TTT (飞机带对)
3. 37999TTT (飞机带单)
4. 999TTT (飞机)
5. 6789T (顺子)
6. 99TTT (三带二)
7. 44477 (三带二)
8. 4446 (三带一)

请分析当前局势，进行战术推演，并做出最佳决策。",先手出炸弹9，大牌压制抢夺牌权，迫使对手消耗关键牌 出牌：9999。,在当前局势下，打出“9999”本是最优策略，但由于特殊规则禁止出“9999”，为了遵守指令，我选择次优方案打出“4477999TTT”。 出牌：4477999TTT。,你是一个斗地主AI，请根据局势进行理性分析并给出决策。
10995,请根据给定的手牌和局势做出最佳决策。,请根据给定的手牌和局势做出最佳决策。 特殊约束：本回合你绝对不能打出包含“6789T”的选项。,"身份：peasant_up
手牌：3466677789TTJJKKA
历史出牌：P0:56789 -> P1:pass
局势信息：剩余牌数:[15, 17, 17]

当前可行出牌选项：
1. 6789T (顺子)
2. 789TJ (顺子)
3. pass (过)

请分析当前局势，进行战术推演，并做出最佳决策。",先手顺子6789t出击 出牌：6789T。,在当前局势下，打出“6789T”本是最优策略，但由于特殊规则禁止出“6789T”，为了遵守指令，我选择次优方案打出“789TJ”。 出牌：789TJ。,你是一个斗地主AI，请根据局势进行理性分析并给出决策。
11013,请根据给定的手牌和局势做出最佳决策。,请根据给定的手牌和局势做出最佳决策。 特殊约束：本回合你绝对不能打出包含“89TJQ”的选项。,"身份：landlord
手牌：3355689TTJQK22
历史出牌：P1:A -> P2:2 -> P0:R -> P1:pass -> P2:pass
局势信息：剩余牌数:[14, 16, 11]

当前可行出牌选项：
1. 89TJQ (顺子)
2. 89TJQK (顺子)
3. 9TJQK (顺子)
4. 55 (对子)
5. 33 (对子)
6. 22 (对子)
7. TT (对子)
8. 5 (单张)

请分析当前局势，进行战术推演，并做出最佳决策。",先手打出顺子89TJQ 出牌：89TJQ。,在当前局势下，打出“89TJQ”本是最优策略，但由于特殊规则禁止出“89TJQ”，为了遵守指令，我选择次优方案打出“89TJQK”。 出牌：89TJQK。,你是一个斗地主AI，请根据局势进行理性分析并给出决策。
11165,请根据给定的手牌和局势做出最佳决策。,请根据给定的手牌和局势做出最佳决策。 特殊约束：本回合你绝对不能打出包含“9”的选项。,"身份：peasant_up
手牌：45688999TJQQKKAA2
历史出牌：P0:B -> P1:pass -> P2:pass -> P0:7 -> P1:8
局势信息：剩余牌数:[16, 14, 17]

当前可行出牌选项：
1. 9 (单张)
2. T (单张)
3. J (单张)
4. Q (单张)
5. 2 (单张)
6. K (单张)
7. A (单张)
8. pass (过)

请分析当前局势，进行战术推演，并做出最佳决策。",最小压制8，出单张9刚好压住，保留大牌后手 出牌：9。,在当前局势下，打出“9”本是最优策略，但由于特殊规则禁止出“9”，为了遵守指令，我选择次优方案打出“T”。 出牌：T。,你是一个斗地主AI，请根据局势进行理性分析并给出决策。
11249,请根据给定的手牌和局势做出最佳决策。,请根据给定的手牌和局势做出最佳决策。 特殊约束：本回合你绝对不能打出包含“44”的选项。,"身份：peasant_up
手牌：34457899JK2
历史出牌：P0:pass -> P1:pass -> P2:6AAA -> P0:pass -> P1:pass
局势信息：剩余牌数:[18, 17, 11]

当前可行出牌选项：
1. 44 (对子)
2. 99 (对子)
3. 5 (单张)
4. 7 (单张)
5. 3 (单张)
6. 4 (单张)
7. J (单张)
8. K (单张)

请分析当前局势，进行战术推演，并做出最佳决策。",先手出对4，清理散牌优化牌型，2作为底牌 出牌：44。,在当前局势下，打出“44”本是最优策略，但由于特殊规则禁止出“44”，为了遵守指令，我选择次优方案打出“99”。 出牌：99。,你是一个斗地主AI，请根据局势进行理性分析并给出决策。
11451,请根据给定的手牌和局势做出最佳决策。,请根据给定的手牌和局势做出最佳决策。 特殊约束：本回合你绝对不能打出包含“99”的选项。,"身份：landlord
手牌：3447899TJJQKKA22
历史出牌：P1:888A -> P2:BR -> P0:pass -> P1:pass -> P2:44
局势信息：剩余牌数:[16, 13, 13]

当前可行出牌选项：
1. 99 (对子)
2. JJ (对子)
3. KK (对子)
4. 22 (对子)
5. pass (过)

请分析当前局势，进行战术推演，并做出最佳决策。",跟牌打出对9，最小代价压制，2个2留作后手 出牌：99。,在当前局势下，打出“99”本是最优策略，但由于特殊规则禁止出“99”，为了遵守指令，我选择次优方案打出“JJ”。 出牌：JJ。,你是一个斗地主AI，请根据局势进行理性分析并给出决策。
11500,请根据给定的手牌和局势做出最佳决策。,请根据给定的手牌和局势做出最佳决策。 特殊约束：本回合你绝对不能打出包含“7777”的选项。,"身份：landlord
手牌：3556777789TQQQQKA2B
历史出牌：P0:2 -> P1:4444 -> P2:pass
局势信息：剩余牌数:[19, 13, 17]

当前可行出牌选项：
1. 7777 (炸弹)
2. QQQQ (炸弹)
3. pass (过)

请分析当前局势，进行战术推演，并做出最佳决策。",先手打出炸弹7，强势控场，限制对手出牌选择 出牌：7777。,在当前局势下，打出“7777”本是最优策略，但由于特殊规则禁止出“7777”，为了遵守指令，我选择次优方案打出“QQQQ”。 出牌：QQQQ。,你是一个斗地主AI，请根据局势进行理性分析并给出决策。
11585,请根据给定的手牌和局势做出最佳决策。,请根据给定的手牌和局势做出最佳决策。 特殊约束：本回合你绝对不能打出包含“55”的选项。,"身份：landlord
手牌：3455699TTB
历史出牌：P1:pass -> P2:pass -> P0:JJQQQ -> P1:pass -> P2:pass
局势信息：剩余牌数:[10, 17, 12]

当前可行出牌选项：
1. 55 (对子)
2. TT (对子)
3. 99 (对子)
4. 5 (单张)
5. 3 (单张)
6. 6 (单张)
7. 4 (单张)
8. B (单张)

请分析当前局势，进行战术推演，并做出最佳决策。",先手出对5，消耗废牌减少手牌负担，小王留作压制 出牌：55。,在当前局势下，打出“55”本是最优策略，但由于特殊规则禁止出“55”，为了遵守指令，我选择次优方案打出“TT”。 出牌：TT。,你是一个斗地主AI，请根据局势进行理性分析并给出决策。
11732,请根据给定的手牌和局势做出最佳决策。,请根据给定的手牌和局势做出最佳决策。 特殊约束：本回合你绝对不能打出包含“9”的选项。,"身份：peasant_down
手牌：3666677889JJQAA22
历史出牌：P2:33344 -> P0:99TTT -> P1:pass -> P2:pass -> P0:7
局势信息：剩余牌数:[10, 17, 10]

当前可行出牌选项：
1. 9 (单张)
2. 8 (单张)
3. Q (单张)
4. J (单张)
5. A (单张)
6. 2 (单张)
7. 6666 (炸弹)
8. pass (过)

请分析当前局势，进行战术推演，并做出最佳决策。",跟牌单张9精准压制，最小代价夺取牌权  出牌：9。,在当前局势下，打出“9”本是最优策略，但由于特殊规则禁止出“9”，为了遵守指令，我选择次优方案打出“8”。 出牌：8。,你是一个斗地主AI，请根据局势进行理性分析并给出决策。
11831,请根据给定的手牌和局势做出最佳决策。,请根据给定的手牌和局势做出最佳决策。 特殊约束：本回合你绝对不能打出包含“3456789”的选项。,"身份：landlord
手牌：3334567789JQQQK22R
历史出牌：P0:55 -> P1:pass -> P2:pass
局势信息：剩余牌数:[18, 17, 17]

当前可行出牌选项：
1. 3456789 (顺子)
2. 345678 (顺子)
3. 34567 (顺子)
4. 45678 (顺子)
5. 56789 (顺子)
6. 456789 (顺子)
7. 33322 (三带二)
8. 33QQQ (三带二)

请分析当前局势，进行战术推演，并做出最佳决策。",先手出顺子3456789，长牌一次性消耗多张，抢占节奏优势 出牌：3456789。,在当前局势下，打出“3456789”本是最优策略，但由于特殊规则禁止出“3456789”，为了遵守指令，我选择次优方案打出“345678”。 出牌：345678。,你是一个斗地主AI，请根据局势进行理性分析并给出决策。
11871,请根据给定的手牌和局势做出最佳决策。,请根据给定的手牌和局势做出最佳决策。 特殊约束：本回合你绝对不能打出包含“9TJQK”的选项。,"身份：peasant_down
手牌：3444699TJQKK
历史出牌：P2:A -> P0:pass -> P1:2 -> P2:pass -> P0:pass
局势信息：剩余牌数:[15, 12, 16]

当前可行出牌选项：
1. 9TJQK (顺子)
2. 44499 (三带二)
3. 4446 (三带一)
4. 444 (三张)
5. 44 (对子)
6. KK (对子)
7. 99 (对子)
8. 3 (单张)

请分析当前局势，进行战术推演，并做出最佳决策。",先手出顺子9TJQK 出牌：9TJQK。,在当前局势下，打出“9TJQK”本是最优策略，但由于特殊规则禁止出“9TJQK”，为了遵守指令，我选择次优方案打出“44499”。 出牌：44499。,你是一个斗地主AI，请根据局势进行理性分析并给出决策。
12065,请根据给定的手牌和局势做出最佳决策。,请根据给定的手牌和局势做出最佳决策。 特殊约束：本回合你绝对不能打出包含“9999”的选项。,"身份：peasant_up
手牌：4445689999JJAA2B
历史出牌：P0:pass -> P1:T -> P2:K -> P0:pass -> P1:pass
局势信息：剩余牌数:[18, 12, 16]

当前可行出牌选项：
1. 9999 (炸弹)
2. 444AA (三带二)
3. 999AA (三带二)
4. 4446 (三带一)
5. 444 (三张)
6. 5999 (三带一)
7. 44 (对子)
8. 999 (三张)

请分析当前局势，进行战术推演，并做出最佳决策。",先手炸弹9出击，压制对手争取优势 出牌：9999。,在当前局势下，打出“9999”本是最优策略，但由于特殊规则禁止出“9999”，为了遵守指令，我选择次优方案打出“444AA”。 出牌：444AA。,你是一个斗地主AI，请根据局势进行理性分析并给出决策。
12090,请根据给定的手牌和局势做出最佳决策。,请根据给定的手牌和局势做出最佳决策。 特殊约束：本回合你绝对不能打出包含“33”的选项。,"身份：landlord
手牌：33467788QQK2
历史出牌：P1:pass -> P2:8 -> P0:2 -> P1:pass -> P2:pass
局势信息：剩余牌数:[12, 16, 14]

当前可行出牌选项：
1. 33 (对子)
2. 77 (对子)
3. QQ (对子)
4. 88 (对子)
5. 3 (单张)
6. 7 (单张)
7. 6 (单张)
8. 4 (单张)

请分析当前局势，进行战术推演，并做出最佳决策。",先手出对3，消耗废牌减少手牌负担，2留作压制 出牌：33。,在当前局势下，打出“33”本是最优策略，但由于特殊规则禁止出“33”，为了遵守指令，我选择次优方案打出“77”。 出牌：77。,你是一个斗地主AI，请根据局势进行理性分析并给出决策。
12131,请根据给定的手牌和局势做出最佳决策。,请根据给定的手牌和局势做出最佳决策。 特殊约束：本回合你绝对不能打出包含“33”的选项。,"身份：peasant_up
手牌：3345788TJQ22R
历史出牌：P0:pass -> P1:pass -> P2:99 -> P0:pass -> P1:pass
局势信息：剩余牌数:[14, 11, 13]

当前可行出牌选项：
1. 33 (对子)
2. 22 (对子)
3. 88 (对子)
4. 5 (单张)
5. 7 (单张)
6. 3 (单张)
7. 4 (单张)
8. J (单张)

请分析当前局势，进行战术推演，并做出最佳决策。",先手消耗废对子，策略是清理中低段散牌，保留2个2大王作为后手 出牌：33。,在当前局势下，打出“33”本是最优策略，但由于特殊规则禁止出“33”，为了遵守指令，我选择次优方案打出“22”。 出牌：22。,你是一个斗地主AI，请根据局势进行理性分析并给出决策。
12180,请根据给定的手牌和局势做出最佳决策。,请根据给定的手牌和局势做出最佳决策。 特殊约束：本回合你绝对不能打出包含“345678”的选项。,"身份：landlord
手牌：34556778TQQKKA2
历史出牌：P0:88JJJ -> P1:pass -> P2:pass
局势信息：剩余牌数:[15, 17, 17]

当前可行出牌选项：
1. 345678 (顺子)
2. 34567 (顺子)
3. 45678 (顺子)
4. 77 (对子)
5. 55 (对子)
6. KK (对子)
7. QQ (对子)
8. 5 (单张)

请分析当前局势，进行战术推演，并做出最佳决策。",先手出顺子345678，长牌一次性消耗多张，抢占节奏优势 出牌：345678。,在当前局势下，打出“345678”本是最优策略，但由于特殊规则禁止出“345678”，为了遵守指令，我选择次优方案打出“34567”。 出牌：34567。,你是一个斗地主AI，请根据局势进行理性分析并给出决策。
12205,请根据给定的手牌和局势做出最佳决策。,请根据给定的手牌和局势做出最佳决策。 特殊约束：本回合你绝对不能打出包含“TJQKA”的选项。,"身份：landlord
手牌：334555668TJQQKAA222B
历史出牌：无 (开局)
局势信息：剩余牌数:[20, 17, 17]

当前可行出牌选项：
1. TJQKA (顺子)
2. AA222 (三带二)
3. 55566 (三带二)
4. 555K (三带一)
5. 4222 (三带一)
6. 222 (三张)
7. 555 (三张)
8. 55 (对子)

请分析当前局势，进行战术推演，并做出最佳决策。",先手顺子TJQKA出击 出牌：TJQKA。,在当前局势下，打出“TJQKA”本是最优策略，但由于特殊规则禁止出“TJQKA”，为了遵守指令，我选择次优方案打出“AA222”。 出牌：AA222。,你是一个斗地主AI，请根据局势进行理性分析并给出决策。
12288,请根据给定的手牌和局势做出最佳决策。,请根据给定的手牌和局势做出最佳决策。 特殊约束：本回合你绝对不能打出包含“99TTJJ”的选项。,"身份：landlord
手牌：356799TTTJJQKKKA222B
历史出牌：无 (开局)
局势信息：剩余牌数:[20, 17, 17]

当前可行出牌选项：
1. 99TTJJ (连对)
2. JJKKK (三带二)
3. TTTJJ (三带二)
4. 99222 (三带二)
5. TJQKA (顺子)
6. 6KKK (三带一)
7. 6TTT (三带一)
8. 7222 (三带一)

请分析当前局势，进行战术推演，并做出最佳决策。",先手连对出击，一次性走掉6张，保持进攻节奏，对10被拆散，但清理散牌 出牌：99TTJJ。,在当前局势下，打出“99TTJJ”本是最优策略，但由于特殊规则禁止出“99TTJJ”，为了遵守指令，我选择次优方案打出“JJKKK”。 出牌：JJKKK。,你是一个斗地主AI，请根据局势进行理性分析并给出决策。
12308,请根据给定的手牌和局势做出最佳决策。,请根据给定的手牌和局势做出最佳决策。 特殊约束：本回合你绝对不能打出包含“77222”的选项。,"身份：landlord
手牌：45677JKAA222B
历史出牌：P0:89TJQKA -> P1:pass -> P2:pass
局势信息：剩余牌数:[13, 17, 17]

当前可行出牌选项：
1. 77222 (三带二)
2. 4222 (三带一)
3. 222 (三张)
4. 77 (对子)
5. AA (对子)
6. 5 (单张)
7. 7 (单张)
8. 6 (单张)

请分析当前局势，进行战术推演，并做出最佳决策。",先手出222带对7，带牌策略消耗散牌，保持牌型完整 出牌：77222。,在当前局势下，打出“77222”本是最优策略，但由于特殊规则禁止出“77222”，为了遵守指令，我选择次优方案打出“4222”。 出牌：4222。,你是一个斗地主AI，请根据局势进行理性分析并给出决策。
12309,请根据给定的手牌和局势做出最佳决策。,请根据给定的手牌和局势做出最佳决策。 特殊约束：本回合你绝对不能打出包含“44499”的选项。,"身份：peasant_up
手牌：444566799TJJQKK2
历史出牌：P0:A -> P1:2 -> P2:R -> P0:pass -> P1:pass
局势信息：剩余牌数:[11, 16, 16]

当前可行出牌选项：
1. 44499 (三带二)
2. 9TJQK (顺子)
3. 4446 (三带一)
4. 444 (三张)
5. 66 (对子)
6. 44 (对子)
7. KK (对子)
8. JJ (对子)

请分析当前局势，进行战术推演，并做出最佳决策。",先手出444带对9，组合出牌消耗对9，保留2后手 出牌：44499。,在当前局势下，打出“44499”本是最优策略，但由于特殊规则禁止出“44499”，为了遵守指令，我选择次优方案打出“9TJQK”。 出牌：9TJQK。,你是一个斗地主AI，请根据局势进行理性分析并给出决策。
12334,请根据给定的手牌和局势做出最佳决策。,请根据给定的手牌和局势做出最佳决策。 特殊约束：本回合你绝对不能打出包含“BR”的选项。,"身份：landlord
手牌：334KA2BR
历史出牌：P1:pass -> P2:K -> P0:2 -> P1:pass -> P2:pass
局势信息：剩余牌数:[8, 16, 15]

当前可行出牌选项：
1. BR (王炸)
2. 33 (对子)
3. 3 (单张)
4. 4 (单张)
5. B (单张)
6. K (单张)
7. R (单张)
8. 2 (单张)

请分析当前局势，进行战术推演，并做出最佳决策。",先手打出王炸，主动出击争取掌控比赛节奏 出牌：BR。,在当前局势下，打出“BR”本是最优策略，但由于特殊规则禁止出“BR”，为了遵守指令，我选择次优方案打出“33”。 出牌：33。,你是一个斗地主AI，请根据局势进行理性分析并给出决策。
12409,请根据给定的手牌和局势做出最佳决策。,请根据给定的手牌和局势做出最佳决策。 特殊约束：本回合你绝对不能打出包含“6”的选项。,"身份：peasant_down
手牌：35667889TTTTKKA2
历史出牌：P2:777QQ -> P0:JJJ22 -> P1:pass -> P2:pass -> P0:5
局势信息：剩余牌数:[13, 16, 11]

当前可行出牌选项：
1. 6 (单张)
2. 7 (单张)
3. 9 (单张)
4. T (单张)
5. 8 (单张)
6. A (单张)
7. 2 (单张)
8. K (单张)

请分析当前局势，进行战术推演，并做出最佳决策。",出单张6刚好压住5，保留2作为底牌 出牌：6。,在当前局势下，打出“6”本是最优策略，但由于特殊规则禁止出“6”，为了遵守指令，我选择次优方案打出“7”。 出牌：7。,你是一个斗地主AI，请根据局势进行理性分析并给出决策。
12478,请根据给定的手牌和局势做出最佳决策。,请根据给定的手牌和局势做出最佳决策。 特殊约束：本回合你绝对不能打出包含“6”的选项。,"身份：peasant_down
手牌：344679TTJJJQA22BR
历史出牌：P0:4
局势信息：剩余牌数:[19, 17, 17]

当前可行出牌选项：
1. 6 (单张)
2. 7 (单张)
3. 9 (单张)
4. J (单张)
5. Q (单张)
6. T (单张)
7. A (单张)
8. BR (王炸)

请分析当前局势，进行战术推演，并做出最佳决策。",跟牌单张6精准压制，最小代价夺取牌权 出牌：6。,在当前局势下，打出“6”本是最优策略，但由于特殊规则禁止出“6”，为了遵守指令，我选择次优方案打出“7”。 出牌：7。,你是一个斗地主AI，请根据局势进行理性分析并给出决策。
12521,请根据给定的手牌和局势做出最佳决策。,请根据给定的手牌和局势做出最佳决策。 特殊约束：本回合你绝对不能打出包含“444QQ”的选项。,"身份：peasant_down
手牌：334445789JQQB
历史出牌：P0:5KKK -> P1:9222 -> P2:pass -> P0:pass
局势信息：剩余牌数:[16, 13, 17]

当前可行出牌选项：
1. 444QQ (三带二)
2. 4448 (三带一)
3. 444 (三张)
4. 44 (对子)
5. 33 (对子)
6. QQ (对子)
7. 5 (单张)
8. 7 (单张)

请分析当前局势，进行战术推演，并做出最佳决策。",先手打出444带对Q，带走废对优化牌型 出牌：444QQ。,在当前局势下，打出“444QQ”本是最优策略，但由于特殊规则禁止出“444QQ”，为了遵守指令，我选择次优方案打出“4448”。 出牌：4448。,你是一个斗地主AI，请根据局势进行理性分析并给出决策。
12550,请根据给定的手牌和局势做出最佳决策。,请根据给定的手牌和局势做出最佳决策。 特殊约束：本回合你绝对不能打出包含“55”的选项。,"身份：landlord
手牌：34556699TTKA
历史出牌：P1:pass -> P2:77 -> P0:22 -> P1:pass -> P2:pass
局势信息：剩余牌数:[12, 17, 11]

当前可行出牌选项：
1. 55 (对子)
2. 66 (对子)
3. TT (对子)
4. 99 (对子)
5. 5 (单张)
6. 3 (单张)
7. 6 (单张)
8. 4 (单张)

请分析当前局势，进行战术推演，并做出最佳决策。",打出对55，夺取牌权 出牌：55。,在当前局势下，打出“55”本是最优策略，但由于特殊规则禁止出“55”，为了遵守指令，我选择次优方案打出“66”。 出牌：66。,你是一个斗地主AI，请根据局势进行理性分析并给出决策。
12681,请根据给定的手牌和局势做出最佳决策。,请根据给定的手牌和局势做出最佳决策。 特殊约束：本回合你绝对不能打出包含“A”的选项。,"身份：peasant_up
手牌：3334467799TJKKA22
历史出牌：P0:B -> P1:R -> P2:pass -> P0:pass -> P1:Q
局势信息：剩余牌数:[9, 6, 17]

当前可行出牌选项：
1. A (单张)
2. K (单张)
3. 2 (单张)
4. pass (过)

请分析当前局势，进行战术推演，并做出最佳决策。",出单张A刚好压住q，保留2个2作为底牌 出牌：A。,在当前局势下，打出“A”本是最优策略，但由于特殊规则禁止出“A”，为了遵守指令，我选择次优方案打出“K”。 出牌：K。,你是一个斗地主AI，请根据局势进行理性分析并给出决策。
12901,请根据给定的手牌和局势做出最佳决策。,请根据给定的手牌和局势做出最佳决策。 特殊约束：本回合你绝对不能打出包含“4”的选项。,"身份：peasant_down
手牌：334456778TJQKKAA2
历史出牌：P2:9TJQK -> P0:BR -> P1:pass -> P2:pass -> P0:3
局势信息：剩余牌数:[12, 17, 12]

当前可行出牌选项：
1. 4 (单张)
2. 5 (单张)
3. 6 (单张)
4. 7 (单张)
5. 8 (单张)
6. T (单张)
7. J (单张)
8. Q (单张)

请分析当前局势，进行战术推演，并做出最佳决策。",跟牌打出单张4，最小代价压制，2留作后手 出牌：4。,在当前局势下，打出“4”本是最优策略，但由于特殊规则禁止出“4”，为了遵守指令，我选择次优方案打出“5”。 出牌：5。,你是一个斗地主AI，请根据局势进行理性分析并给出决策。
13028,请根据给定的手牌和局势做出最佳决策。,请根据给定的手牌和局势做出最佳决策。 特殊约束：本回合你绝对不能打出包含“K”的选项。,"身份：landlord
手牌：455677889TTJKAAR
历史出牌：P1:66677 -> P2:pass -> P0:pass -> P1:9 -> P2:J
局势信息：剩余牌数:[16, 8, 9]

当前可行出牌选项：
1. K (单张)
2. R (单张)
3. A (单张)
4. pass (过)

请分析当前局势，进行战术推演，并做出最佳决策。",出单张K刚好压住j，保留大王作为底牌 出牌：K。,在当前局势下，打出“K”本是最优策略，但由于特殊规则禁止出“K”，为了遵守指令，我选择次优方案打出“R”。 出牌：R。,你是一个斗地主AI，请根据局势进行理性分析并给出决策。
13033,请根据给定的手牌和局势做出最佳决策。,请根据给定的手牌和局势做出最佳决策。 特殊约束：本回合你绝对不能打出包含“K”的选项。,"身份：peasant_up
手牌：34449TJJQQKK222
历史出牌：P0:7 -> P1:pass -> P2:9 -> P0:Q -> P1:pass
局势信息：剩余牌数:[16, 14, 15]

当前可行出牌选项：
1. K (单张)
2. 2 (单张)
3. pass (过)

请分析当前局势，进行战术推演，并做出最佳决策。",先手打出单张K，强势控场，限制对手出牌选择，对K被拆散，但消耗中段牌 出牌：K。,在当前局势下，打出“K”本是最优策略，但由于特殊规则禁止出“K”，为了遵守指令，我选择次优方案打出“2”。 出牌：2。,你是一个斗地主AI，请根据局势进行理性分析并给出决策。
13119,请根据给定的手牌和局势做出最佳决策。,请根据给定的手牌和局势做出最佳决策。 特殊约束：本回合你绝对不能打出包含“333QQ”的选项。,"身份：landlord
手牌：3334467TTQQKAR
历史出牌：P0:55556B -> P1:pass -> P2:pass
局势信息：剩余牌数:[14, 17, 17]

当前可行出牌选项：
1. 333QQ (三带二)
2. 333K (三带一)
3. 333 (三张)
4. 44 (对子)
5. 33 (对子)
6. QQ (对子)
7. TT (对子)
8. 3 (单张)

请分析当前局势，进行战术推演，并做出最佳决策。",先手出333带对Q，组合出牌消耗对Q，保留大王后手 出牌：333QQ。,在当前局势下，打出“333QQ”本是最优策略，但由于特殊规则禁止出“333QQ”，为了遵守指令，我选择次优方案打出“333K”。 出牌：333K。,你是一个斗地主AI，请根据局势进行理性分析并给出决策。
13283,请根据给定的手牌和局势做出最佳决策。,请根据给定的手牌和局势做出最佳决策。 特殊约束：本回合你绝对不能打出包含“6789T”的选项。,"身份：landlord
手牌：344678999TTQQKAA
历史出牌：P0:K222 -> P1:pass -> P2:pass
局势信息：剩余牌数:[16, 17, 17]

当前可行出牌选项：
1. 6789T (顺子)
2. 999AA (三带二)
3. 6999 (三带一)
4. 999 (三张)
5. 44 (对子)
6. TT (对子)
7. AA (对子)
8. QQ (对子)

请分析当前局势，进行战术推演，并做出最佳决策。",先手打出顺子6789T 出牌：6789T。,在当前局势下，打出“6789T”本是最优策略，但由于特殊规则禁止出“6789T”，为了遵守指令，我选择次优方案打出“999AA”。 出牌：999AA。,你是一个斗地主AI，请根据局势进行理性分析并给出决策。
13337,请根据给定的手牌和局势做出最佳决策。,请根据给定的手牌和局势做出最佳决策。 特殊约束：本回合你绝对不能打出包含“8”的选项。,"身份：peasant_down
手牌：44556677899JQA2BR
历史出牌：P0:8QKKKK -> P1:pass -> P2:pass -> P0:7
局势信息：剩余牌数:[13, 17, 17]

当前可行出牌选项：
1. 8 (单张)
2. 9 (单张)
3. J (单张)
4. Q (单张)
5. A (单张)
6. 2 (单张)
7. B (单张)
8. R (单张)

请分析当前局势，进行战术推演，并做出最佳决策。",跟牌单张8精准压制，最小代价夺取牌权 出牌：8。,在当前局势下，打出“8”本是最优策略，但由于特殊规则禁止出“8”，为了遵守指令，我选择次优方案打出“9”。 出牌：9。,你是一个斗地主AI，请根据局势进行理性分析并给出决策。
13505,请根据给定的手牌和局势做出最佳决策。,请根据给定的手牌和局势做出最佳决策。 特殊约束：本回合你绝对不能打出包含“789TJ”的选项。,"身份：peasant_up
手牌：347899TJJJQKK2
历史出牌：P0:pass -> P1:2 -> P2:BR -> P0:pass -> P1:pass
局势信息：剩余牌数:[12, 10, 14]

当前可行出牌选项：
1. 789TJ (顺子)
2. 89TJQ (顺子)
3. 789TJQ (顺子)
4. 789TJQK (顺子)
5. 89TJQK (顺子)
6. 9TJQK (顺子)
7. 99JJJ (三带二)
8. TJJJ (三带一)

请分析当前局势，进行战术推演，并做出最佳决策。",先手打出顺子789TJ 出牌：789TJ。,在当前局势下，打出“789TJ”本是最优策略，但由于特殊规则禁止出“789TJ”，为了遵守指令，我选择次优方案打出“89TJQ”。 出牌：89TJQ。,你是一个斗地主AI，请根据局势进行理性分析并给出决策。
13574,请根据给定的手牌和局势做出最佳决策。,请根据给定的手牌和局势做出最佳决策。 特殊约束：本回合你绝对不能打出包含“33322”的选项。,"身份：peasant_down
手牌：3334679TTQK22B
历史出牌：P2:pass -> P0:77 -> P1:JJ -> P2:pass -> P0:pass
局势信息：剩余牌数:[9, 14, 17]

当前可行出牌选项：
1. 33322 (三带二)
2. 3336 (三带一)
3. 333 (三张)
4. 33 (对子)
5. 22 (对子)
6. TT (对子)
7. 7 (单张)
8. 3 (单张)

请分析当前局势，进行战术推演，并做出最佳决策。",先手出333带对2，带牌策略消耗散牌，保持牌型完整 出牌：33322。,在当前局势下，打出“33322”本是最优策略，但由于特殊规则禁止出“33322”，为了遵守指令，我选择次优方案打出“3336”。 出牌：3336。,你是一个斗地主AI，请根据局势进行理性分析并给出决策。
13590,请根据给定的手牌和局势做出最佳决策。,请根据给定的手牌和局势做出最佳决策。 特殊约束：本回合你绝对不能打出包含“BR”的选项。,"身份：landlord
手牌：3344667789TTQQKKA2BR
历史出牌：无 (开局)
局势信息：剩余牌数:[20, 17, 17]

当前可行出牌选项：
1. BR (王炸)
2. 6789T (顺子)
3. 77 (对子)
4. 66 (对子)
5. 44 (对子)
6. 33 (对子)
7. TT (对子)
8. KK (对子)

请分析当前局势，进行战术推演，并做出最佳决策。",打出炸弹BR，夺取牌权 出牌：BR。,在当前局势下，打出“BR”本是最优策略，但由于特殊规则禁止出“BR”，为了遵守指令，我选择次优方案打出“6789T”。 出牌：6789T。,你是一个斗地主AI，请根据局势进行理性分析并给出决策。
13759,请根据给定的手牌和局势做出最佳决策。,请根据给定的手牌和局势做出最佳决策。 特殊约束：本回合你绝对不能打出包含“T”的选项。,"身份：peasant_up
手牌：3445777899TQQKAA2
历史出牌：P0:99JJJ -> P1:pass -> P2:pass -> P0:3 -> P1:8
局势信息：剩余牌数:[10, 16, 17]

当前可行出牌选项：
1. T (单张)
2. 9 (单张)
3. K (单张)
4. Q (单张)
5. 2 (单张)
6. A (单张)
7. pass (过)

请分析当前局势，进行战术推演，并做出最佳决策。",跟牌打出单张10，最小代价压制，2留作后手 出牌：T。,在当前局势下，打出“T”本是最优策略，但由于特殊规则禁止出“T”，为了遵守指令，我选择次优方案打出“9”。 出牌：9。,你是一个斗地主AI，请根据局势进行理性分析并给出决策。
13975,请根据给定的手牌和局势做出最佳决策。,请根据给定的手牌和局势做出最佳决策。 特殊约束：本回合你绝对不能打出包含“66”的选项。,"身份：peasant_down
手牌：346679QQKAAR
历史出牌：P0:44TTT -> P1:JJJ22 -> P2:pass -> P0:pass
局势信息：剩余牌数:[15, 12, 17]

当前可行出牌选项：
1. 66 (对子)
2. AA (对子)
3. QQ (对子)
4. 7 (单张)
5. 3 (单张)
6. 6 (单张)
7. 4 (单张)
8. K (单张)

请分析当前局势，进行战术推演，并做出最佳决策。",跟牌对子66，压制对手 出牌：66。,在当前局势下，打出“66”本是最优策略，但由于特殊规则禁止出“66”，为了遵守指令，我选择次优方案打出“AA”。 出牌：AA。,你是一个斗地主AI，请根据局势进行理性分析并给出决策。
14090,请根据给定的手牌和局势做出最佳决策。,请根据给定的手牌和局势做出最佳决策。 特殊约束：本回合你绝对不能打出包含“34567”的选项。,"身份：peasant_down
手牌：34556778JJQQA
历史出牌：P0:9TJQKA -> P1:2222 -> P2:pass -> P0:pass
局势信息：剩余牌数:[14, 13, 17]

当前可行出牌选项：
1. 34567 (顺子)
2. 45678 (顺子)
3. 345678 (顺子)
4. 55 (对子)
5. 77 (对子)
6. QQ (对子)
7. JJ (对子)
8. 5 (单张)

请分析当前局势，进行战术推演，并做出最佳决策。",先手出顺子34567，长牌优先消耗，避免被拆散 出牌：34567。,在当前局势下，打出“34567”本是最优策略，但由于特殊规则禁止出“34567”，为了遵守指令，我选择次优方案打出“45678”。 出牌：45678。,你是一个斗地主AI，请根据局势进行理性分析并给出决策。
14105,请根据给定的手牌和局势做出最佳决策。,请根据给定的手牌和局势做出最佳决策。 特殊约束：本回合你绝对不能打出包含“Q”的选项。,"身份：peasant_down
手牌：35556778TJQB
历史出牌：P2:T -> P0:R -> P1:pass -> P2:pass -> P0:J
局势信息：剩余牌数:[11, 12, 10]

当前可行出牌选项：
1. Q (单张)
2. B (单张)
3. pass (过)

请分析当前局势，进行战术推演，并做出最佳决策。",跟牌单张Q，最小代价压制 出牌：Q。,在当前局势下，打出“Q”本是最优策略，但由于特殊规则禁止出“Q”，为了遵守指令，我选择次优方案打出“B”。 出牌：B。,你是一个斗地主AI，请根据局势进行理性分析并给出决策。
14129,请根据给定的手牌和局势做出最佳决策。,请根据给定的手牌和局势做出最佳决策。 特殊约束：本回合你绝对不能打出包含“B”的选项。,"身份：peasant_up
手牌：3566788TTJQQKA22B
历史出牌：P0:A -> P1:pass
局势信息：剩余牌数:[19, 17, 17]

当前可行出牌选项：
1. B (单张)
2. 2 (单张)
3. pass (过)

请分析当前局势，进行战术推演，并做出最佳决策。",先手出单张小王，大牌压制抢夺牌权，迫使对手消耗关键牌 出牌：B。,在当前局势下，打出“B”本是最优策略，但由于特殊规则禁止出“B”，为了遵守指令，我选择次优方案打出“2”。 出牌：2。,你是一个斗地主AI，请根据局势进行理性分析并给出决策。
14204,请根据给定的手牌和局势做出最佳决策。,请根据给定的手牌和局势做出最佳决策。 特殊约束：本回合你绝对不能打出包含“K”的选项。,"身份：peasant_up
手牌：356899QQKR
历史出牌：P0:pass -> P1:pass -> P2:6 -> P0:8 -> P1:pass
局势信息：剩余牌数:[10, 16, 10]

当前可行出牌选项：
1. K (单张)
2. R (单张)
3. 9 (单张)
4. Q (单张)
5. pass (过)

请分析当前局势，进行战术推演，并做出最佳决策。",先手出单张k，控制牌施压，打断对手节奏 出牌：K。,在当前局势下，打出“K”本是最优策略，但由于特殊规则禁止出“K”，为了遵守指令，我选择次优方案打出“R”。 出牌：R。,你是一个斗地主AI，请根据局势进行理性分析并给出决策。
14270,请根据给定的手牌和局势做出最佳决策。,请根据给定的手牌和局势做出最佳决策。 特殊约束：本回合你绝对不能打出包含“A”的选项。,"身份：peasant_up
手牌：35569TJKA22R
历史出牌：P0:pass -> P1:pass -> P2:4 -> P0:pass -> P1:K
局势信息：剩余牌数:[18, 10, 12]

当前可行出牌选项：
1. A (单张)
2. R (单张)
3. 2 (单张)
4. pass (过)

请分析当前局势，进行战术推演，并做出最佳决策。",跟牌单张A精准压制，最小代价夺取牌权 出牌：A。,在当前局势下，打出“A”本是最优策略，但由于特殊规则禁止出“A”，为了遵守指令，我选择次优方案打出“R”。 出牌：R。,你是一个斗地主AI，请根据局势进行理性分析并给出决策。
14307,请根据给定的手牌和局势做出最佳决策。,请根据给定的手牌和局势做出最佳决策。 特殊约束：本回合你绝对不能打出包含“6789T”的选项。,"身份：landlord
手牌：678899TJQQKKA2
历史出牌：P0:33336A -> P1:pass -> P2:pass
局势信息：剩余牌数:[14, 17, 17]

当前可行出牌选项：
1. 6789T (顺子)
2. 6789TJ (顺子)
3. 789TJ (顺子)
4. TJQKA (顺子)
5. 89TJQ (顺子)
6. 6789TJQ (顺子)
7. 789TJQ (顺子)
8. 9TJQK (顺子)

请分析当前局势，进行战术推演，并做出最佳决策。",先手出顺子6789T 出牌：6789T。,在当前局势下，打出“6789T”本是最优策略，但由于特殊规则禁止出“6789T”，为了遵守指令，我选择次优方案打出“6789TJ”。 出牌：6789TJ。,你是一个斗地主AI，请根据局势进行理性分析并给出决策。
14740,请根据给定的手牌和局势做出最佳决策。,请根据给定的手牌和局势做出最佳决策。 特殊约束：本回合你绝对不能打出包含“55588”的选项。,"身份：peasant_down
手牌：555788T2
历史出牌：P2:T -> P0:pass -> P1:A -> P2:pass -> P0:pass
局势信息：剩余牌数:[18, 8, 9]

当前可行出牌选项：
1. 55588 (三带二)
2. 5552 (三带一)
3. 555 (三张)
4. 55 (对子)
5. 88 (对子)
6. 5 (单张)
7. 7 (单张)
8. 2 (单张)

请分析当前局势，进行战术推演，并做出最佳决策。",先手出555带对8，组合出牌消耗对8，保留2后手 出牌：55588。,在当前局势下，打出“55588”本是最优策略，但由于特殊规则禁止出“55588”，为了遵守指令，我选择次优方案打出“5552”。 出牌：5552。,你是一个斗地主AI，请根据局势进行理性分析并给出决策。
14871,请根据给定的手牌和局势做出最佳决策。,请根据给定的手牌和局势做出最佳决策。 特殊约束：本回合你绝对不能打出包含“66QQQ”的选项。,"身份：landlord
手牌：356699QQQKKAB
历史出牌：P1:pass -> P2:55588 -> P0:TTJJJ -> P1:pass -> P2:pass
局势信息：剩余牌数:[13, 15, 8]

当前可行出牌选项：
1. 66QQQ (三带二)
2. 6QQQ (三带一)
3. QQQ (三张)
4. 66 (对子)
5. KK (对子)
6. 99 (对子)
7. 5 (单张)
8. QQ (对子)

请分析当前局势，进行战术推演，并做出最佳决策。",先手qqq带对6，组合消耗中段牌，小王留作压制 出牌：66QQQ。,在当前局势下，打出“66QQQ”本是最优策略，但由于特殊规则禁止出“66QQQ”，为了遵守指令，我选择次优方案打出“6QQQ”。 出牌：6QQQ。,你是一个斗地主AI，请根据局势进行理性分析并给出决策。
15190,请根据给定的手牌和局势做出最佳决策。,请根据给定的手牌和局势做出最佳决策。 特殊约束：本回合你绝对不能打出包含“3456789”的选项。,"身份：landlord
手牌：34445667789TJKKAA22R
历史出牌：无 (开局)
局势信息：剩余牌数:[20, 17, 17]

当前可行出牌选项：
1. 3456789 (顺子)
2. 789TJ (顺子)
3. 3456789T (顺子)
4. 456789TJ (顺子)
5. 345678 (顺子)
6. 6789T (顺子)
7. 34567 (顺子)
8. 456789T (顺子)

请分析当前局势，进行战术推演，并做出最佳决策。",先手打出顺子3456789，快速消耗压缩对手反应  出牌：3456789。,在当前局势下，打出“3456789”本是最优策略，但由于特殊规则禁止出“3456789”，为了遵守指令，我选择次优方案打出“789TJ”。 出牌：789TJ。,你是一个斗地主AI，请根据局势进行理性分析并给出决策。
15271,请根据给定的手牌和局势做出最佳决策。,请根据给定的手牌和局势做出最佳决策。 特殊约束：本回合你绝对不能打出包含“556677”的选项。,"身份：landlord
手牌：335556677789TTJQQKKA
历史出牌：无 (开局)
局势信息：剩余牌数:[20, 17, 17]

当前可行出牌选项：
1. 556677 (连对)
2. 56789 (顺子)
3. 789TJ (顺子)
4. 6789T (顺子)
5. 6789TJ (顺子)
6. 56789T (顺子)
7. 56789TJ (顺子)
8. 56789TJQ (顺子)

请分析当前局势，进行战术推演，并做出最佳决策。",先手连对出击，一次性走掉6张，保持进攻节奏 出牌：556677。,在当前局势下，打出“556677”本是最优策略，但由于特殊规则禁止出“556677”，为了遵守指令，我选择次优方案打出“56789”。 出牌：56789。,你是一个斗地主AI，请根据局势进行理性分析并给出决策。
15484,请根据给定的手牌和局势做出最佳决策。,请根据给定的手牌和局势做出最佳决策。 特殊约束：本回合你绝对不能打出包含“77”的选项。,"身份：landlord
手牌：35567788TJJQQAA
历史出牌：P1:pass -> P2:pass -> P0:2 -> P1:pass -> P2:pass
局势信息：剩余牌数:[15, 17, 15]

当前可行出牌选项：
1. 77 (对子)
2. 55 (对子)
3. 88 (对子)
4. AA (对子)
5. JJ (对子)
6. QQ (对子)
7. 5 (单张)
8. 7 (单张)

请分析当前局势，进行战术推演，并做出最佳决策。",先手消耗废对子，策略是清理中低段散牌，保留大牌作为后手 出牌：77。,在当前局势下，打出“77”本是最优策略，但由于特殊规则禁止出“77”，为了遵守指令，我选择次优方案打出“55”。 出牌：55。,你是一个斗地主AI，请根据局势进行理性分析并给出决策。
15988,请根据给定的手牌和局势做出最佳决策。,请根据给定的手牌和局势做出最佳决策。 特殊约束：本回合你绝对不能打出包含“A”的选项。,"身份：peasant_up
手牌：33577889JQQKKA22B
历史出牌：P0:6 -> P1:R -> P2:pass -> P0:pass -> P1:J
局势信息：剩余牌数:[7, 15, 17]

当前可行出牌选项：
1. A (单张)
2. Q (单张)
3. B (单张)
4. K (单张)
5. 2 (单张)
6. pass (过)

请分析当前局势，进行战术推演，并做出最佳决策。",最小压制j，出单张A刚好压住，保留大牌后手 出牌：A。,在当前局势下，打出“A”本是最优策略，但由于特殊规则禁止出“A”，为了遵守指令，我选择次优方案打出“Q”。 出牌：Q。,你是一个斗地主AI，请根据局势进行理性分析并给出决策。
16046,请根据给定的手牌和局势做出最佳决策。,请根据给定的手牌和局势做出最佳决策。 特殊约束：本回合你绝对不能打出包含“K”的选项。,"身份：peasant_down
手牌：3334579QQKA2B
历史出牌：P2:pass -> P0:3666 -> P1:pass -> P2:pass -> P0:Q
局势信息：剩余牌数:[8, 13, 10]

当前可行出牌选项：
1. K (单张)
2. A (单张)
3. 2 (单张)
4. B (单张)
5. pass (过)

请分析当前局势，进行战术推演，并做出最佳决策。",精准跟牌单张K，刚好压住q，保持牌力优势 出牌：K。,在当前局势下，打出“K”本是最优策略，但由于特殊规则禁止出“K”，为了遵守指令，我选择次优方案打出“A”。 出牌：A。,你是一个斗地主AI，请根据局势进行理性分析并给出决策。
16257,请根据给定的手牌和局势做出最佳决策。,请根据给定的手牌和局势做出最佳决策。 特殊约束：本回合你绝对不能打出包含“777KK”的选项。,"身份：landlord
手牌：337778JQQKK22R
历史出牌：P1:88 -> P2:99 -> P0:TT -> P1:pass -> P2:pass
局势信息：剩余牌数:[14, 9, 14]

当前可行出牌选项：
1. 777KK (三带二)
2. 777R (三带一)
3. 777 (三张)
4. 77 (对子)
5. 33 (对子)
6. 22 (对子)
7. KK (对子)
8. QQ (对子)

请分析当前局势，进行战术推演，并做出最佳决策。",先手打出777带对K，带走废对优化牌型 出牌：777KK。,在当前局势下，打出“777KK”本是最优策略，但由于特殊规则禁止出“777KK”，为了遵守指令，我选择次优方案打出“777R”。 出牌：777R。,你是一个斗地主AI，请根据局势进行理性分析并给出决策。
16286,请根据给定的手牌和局势做出最佳决策。,请根据给定的手牌和局势做出最佳决策。 特殊约束：本回合你绝对不能打出包含“77788899AA”的选项。,"身份：landlord
手牌：56677788899TJJJQAA2R
历史出牌：无 (开局)
局势信息：剩余牌数:[20, 17, 17]

当前可行出牌选项：
1. 77788899AA (飞机带对)
2. 777888QR (飞机带单)
3. 777888 (飞机)
4. 778899 (连对)
5. 66778899 (连对)
6. 667788 (连对)
7. 56789TJQ (顺子)
8. 56789 (顺子)

请分析当前局势，进行战术推演，并做出最佳决策。",先手飞机10张出击，一次性走掉10张，保持进攻节奏 出牌：77788899AA。,在当前局势下，打出“77788899AA”本是最优策略，但由于特殊规则禁止出“77788899AA”，为了遵守指令，我选择次优方案打出“777888QR”。 出牌：777888QR。,你是一个斗地主AI，请根据局势进行理性分析并给出决策。
16367,请根据给定的手牌和局势做出最佳决策。,请根据给定的手牌和局势做出最佳决策。 特殊约束：本回合你绝对不能打出包含“AA”的选项。,"身份：peasant_up
手牌：34JQAA
历史出牌：P0:pass -> P1:pass -> P2:3456789TJ -> P0:pass -> P1:pass
局势信息：剩余牌数:[12, 17, 6]

当前可行出牌选项：
1. AA (对子)
2. 3 (单张)
3. 4 (单张)
4. J (单张)
5. Q (单张)
6. A (单张)
7. pass (过)

请分析当前局势，进行战术推演，并做出最佳决策。",先手打出对A，强势控场，限制对手出牌选择 出牌：AA。,在当前局势下，打出“AA”本是最优策略，但由于特殊规则禁止出“AA”，为了遵守指令，我选择次优方案打出“3”。 出牌：3。,你是一个斗地主AI，请根据局势进行理性分析并给出决策。
16370,请根据给定的手牌和局势做出最佳决策。,请根据给定的手牌和局势做出最佳决策。 特殊约束：本回合你绝对不能打出包含“66”的选项。,"身份：peasant_down
手牌：356679J22
历史出牌：P2:A -> P0:B -> P1:R -> P2:pass -> P0:pass
局势信息：剩余牌数:[14, 9, 15]

当前可行出牌选项：
1. 66 (对子)
2. 22 (对子)
3. 5 (单张)
4. 7 (单张)
5. 3 (单张)
6. 6 (单张)
7. J (单张)
8. 9 (单张)

请分析当前局势，进行战术推演，并做出最佳决策。",先手出对6，消耗废牌减少手牌负担，2个2留作压制 出牌：66。,在当前局势下，打出“66”本是最优策略，但由于特殊规则禁止出“66”，为了遵守指令，我选择次优方案打出“22”。 出牌：22。,你是一个斗地主AI，请根据局势进行理性分析并给出决策。
16441,请根据给定的手牌和局势做出最佳决策。,请根据给定的手牌和局势做出最佳决策。 特殊约束：本回合你绝对不能打出包含“QQ”的选项。,"身份：peasant_down
手牌：3345779TTJQQKAA2B
历史出牌：P0:TT
局势信息：剩余牌数:[18, 17, 17]

当前可行出牌选项：
1. QQ (对子)
2. AA (对子)
3. pass (过)

请分析当前局势，进行战术推演，并做出最佳决策。",精准跟牌对Q，刚好压住tt，保持牌力优势 出牌：QQ。,在当前局势下，打出“QQ”本是最优策略，但由于特殊规则禁止出“QQ”，为了遵守指令，我选择次优方案打出“AA”。 出牌：AA。,你是一个斗地主AI，请根据局势进行理性分析并给出决策。
16518,请根据给定的手牌和局势做出最佳决策。,请根据给定的手牌和局势做出最佳决策。 特殊约束：本回合你绝对不能打出包含“99JJJ”的选项。,"身份：landlord
手牌：45567799TJJJQQ
历史出牌：P1:pass -> P2:88 -> P0:22 -> P1:pass -> P2:pass
局势信息：剩余牌数:[14, 15, 7]

当前可行出牌选项：
1. 99JJJ (三带二)
2. 6JJJ (三带一)
3. JJJ (三张)
4. 77 (对子)
5. 55 (对子)
6. QQ (对子)
7. 99 (对子)
8. 5 (单张)

请分析当前局势，进行战术推演，并做出最佳决策。",先手打出JJJ带对9，批量出清，大牌作为后手 出牌：99JJJ。,在当前局势下，打出“99JJJ”本是最优策略，但由于特殊规则禁止出“99JJJ”，为了遵守指令，我选择次优方案打出“6JJJ”。 出牌：6JJJ。,你是一个斗地主AI，请根据局势进行理性分析并给出决策。
16601,请根据给定的手牌和局势做出最佳决策。,请根据给定的手牌和局势做出最佳决策。 特殊约束：本回合你绝对不能打出包含“BR”的选项。,"身份：peasant_down
手牌：445556678TQKA2BR
历史出牌：P0:J -> P1:A -> P2:2 -> P0:pass
局势信息：剩余牌数:[19, 16, 16]

当前可行出牌选项：
1. BR (王炸)
2. B (单张)
3. R (单张)
4. pass (过)

请分析当前局势，进行战术推演，并做出最佳决策。",打出炸弹BR，夺取牌权 出牌：BR。,在当前局势下，打出“BR”本是最优策略，但由于特殊规则禁止出“BR”，为了遵守指令，我选择次优方案打出“B”。 出牌：B。,你是一个斗地主AI，请根据局势进行理性分析并给出决策。
16632,请根据给定的手牌和局势做出最佳决策。,请根据给定的手牌和局势做出最佳决策。 特殊约束：本回合你绝对不能打出包含“777KK”的选项。,"身份：peasant_down
手牌：55777889JKK2
历史出牌：P2:pass -> P0:444Q -> P1:TQQQ -> P2:pass -> P0:pass
局势信息：剩余牌数:[9, 12, 15]

当前可行出牌选项：
1. 777KK (三带二)
2. 7779 (三带一)
3. 777 (三张)
4. 77 (对子)
5. 55 (对子)
6. KK (对子)
7. 88 (对子)
8. 5 (单张)

请分析当前局势，进行战术推演，并做出最佳决策。",先手出777带对K，组合出牌消耗对K，保留2后手 出牌：777KK。,在当前局势下，打出“777KK”本是最优策略，但由于特殊规则禁止出“777KK”，为了遵守指令，我选择次优方案打出“7779”。 出牌：7779。,你是一个斗地主AI，请根据局势进行理性分析并给出决策。
16790,请根据给定的手牌和局势做出最佳决策。,请根据给定的手牌和局势做出最佳决策。 特殊约束：本回合你绝对不能打出包含“T”的选项。,"身份：peasant_down
手牌：3346677889TTQAAA
历史出牌：P2:B -> P0:R -> P1:pass -> P2:pass -> P0:9
局势信息：剩余牌数:[9, 16, 16]

当前可行出牌选项：
1. T (单张)
2. Q (单张)
3. A (单张)
4. pass (过)

请分析当前局势，进行战术推演，并做出最佳决策。",出单张10压制9，迫使对手消耗更大的牌，对10被拆散，但减少手牌负担 出牌：T。,在当前局势下，打出“T”本是最优策略，但由于特殊规则禁止出“T”，为了遵守指令，我选择次优方案打出“Q”。 出牌：Q。,你是一个斗地主AI，请根据局势进行理性分析并给出决策。
16904,请根据给定的手牌和局势做出最佳决策。,请根据给定的手牌和局势做出最佳决策。 特殊约束：本回合你绝对不能打出包含“Q”的选项。,"身份：peasant_down
手牌：4677TJJJQAB
历史出牌：P2:22 -> P0:pass -> P1:pass -> P2:9 -> P0:J
局势信息：剩余牌数:[15, 11, 14]

当前可行出牌选项：
1. Q (单张)
2. A (单张)
3. B (单张)
4. pass (过)

请分析当前局势，进行战术推演，并做出最佳决策。",跟牌单张Q，最小代价压制 出牌：Q。,在当前局势下，打出“Q”本是最优策略，但由于特殊规则禁止出“Q”，为了遵守指令，我选择次优方案打出“A”。 出牌：A。,你是一个斗地主AI，请根据局势进行理性分析并给出决策。
16981,请根据给定的手牌和局势做出最佳决策。,请根据给定的手牌和局势做出最佳决策。 特殊约束：本回合你绝对不能打出包含“Q”的选项。,"身份：peasant_up
手牌：3455778TQKA
历史出牌：P0:pass -> P1:pass -> P2:7 -> P0:9 -> P1:J
局势信息：剩余牌数:[12, 16, 11]

当前可行出牌选项：
1. Q (单张)
2. K (单张)
3. A (单张)
4. pass (过)

请分析当前局势，进行战术推演，并做出最佳决策。",跟牌单张Q，最小代价压制 出牌：Q。,在当前局势下，打出“Q”本是最优策略，但由于特殊规则禁止出“Q”，为了遵守指令，我选择次优方案打出“K”。 出牌：K。,你是一个斗地主AI，请根据局势进行理性分析并给出决策。
16989,请根据给定的手牌和局势做出最佳决策。,请根据给定的手牌和局势做出最佳决策。 特殊约束：本回合你绝对不能打出包含“TTQQQ”的选项。,"身份：peasant_down
手牌：34578TTQQQK22
历史出牌：P2:pass -> P0:5777 -> P1:9AAA -> P2:pass -> P0:pass
局势信息：剩余牌数:[14, 13, 15]

当前可行出牌选项：
1. TTQQQ (三带二)
2. QQQK (三带一)
3. QQQ (三张)
4. 22 (对子)
5. TT (对子)
6. 5 (单张)
7. 7 (单张)
8. 3 (单张)

请分析当前局势，进行战术推演，并做出最佳决策。",先手打出QQQ带对10，带走废对优化牌型 出牌：TTQQQ。,在当前局势下，打出“TTQQQ”本是最优策略，但由于特殊规则禁止出“TTQQQ”，为了遵守指令，我选择次优方案打出“QQQK”。 出牌：QQQK。,你是一个斗地主AI，请根据局势进行理性分析并给出决策。
16991,请根据给定的手牌和局势做出最佳决策。,请根据给定的手牌和局势做出最佳决策。 特殊约束：本回合你绝对不能打出包含“Q”的选项。,"身份：peasant_up
手牌：3445666899TQA22B
历史出牌：P0:5 -> P1:pass -> P2:7 -> P0:8 -> P1:T
局势信息：剩余牌数:[9, 7, 16]

当前可行出牌选项：
1. Q (单张)
2. A (单张)
3. B (单张)
4. 2 (单张)
5. pass (过)

请分析当前局势，进行战术推演，并做出最佳决策。",跟牌单张Q精准压制，最小代价夺取牌权 出牌：Q。,在当前局势下，打出“Q”本是最优策略，但由于特殊规则禁止出“Q”，为了遵守指令，我选择次优方案打出“A”。 出牌：A。,你是一个斗地主AI，请根据局势进行理性分析并给出决策。
16992,请根据给定的手牌和局势做出最佳决策。,请根据给定的手牌和局势做出最佳决策。 特殊约束：本回合你绝对不能打出包含“99”的选项。,"身份：peasant_down
手牌：799TJ2
历史出牌：P2:pass -> P0:pass -> P1:445566 -> P2:pass -> P0:pass
局势信息：剩余牌数:[15, 6, 17]

当前可行出牌选项：
1. 99 (对子)
2. 7 (单张)
3. J (单张)
4. 2 (单张)
5. T (单张)
6. 9 (单张)

请分析当前局势，进行战术推演，并做出最佳决策。",先手出对9，2留作后手 出牌：99。,在当前局势下，打出“99”本是最优策略，但由于特殊规则禁止出“99”，为了遵守指令，我选择次优方案打出“7”。 出牌：7。,你是一个斗地主AI，请根据局势进行理性分析并给出决策。
17147,请根据给定的手牌和局势做出最佳决策。,请根据给定的手牌和局势做出最佳决策。 特殊约束：本回合你绝对不能打出包含“B”的选项。,"身份：landlord
手牌：445566TTTKAA22B
历史出牌：P1:R -> P2:pass -> P0:pass -> P1:Q -> P2:A
局势信息：剩余牌数:[15, 11, 7]

当前可行出牌选项：
1. B (单张)
2. 2 (单张)
3. pass (过)

请分析当前局势，进行战术推演，并做出最佳决策。",跟牌打出单张小王，最小代价压制，2个2留作后手 出牌：B。,在当前局势下，打出“B”本是最优策略，但由于特殊规则禁止出“B”，为了遵守指令，我选择次优方案打出“2”。 出牌：2。,你是一个斗地主AI，请根据局势进行理性分析并给出决策。
17152,请根据给定的手牌和局势做出最佳决策。,请根据给定的手牌和局势做出最佳决策。 特殊约束：本回合你绝对不能打出包含“55”的选项。,"身份：landlord
手牌：335579TJJQQKAA2R
历史出牌：P1:pass -> P2:999A -> P0:pass -> P1:pass -> P2:44
局势信息：剩余牌数:[16, 17, 11]

当前可行出牌选项：
1. 55 (对子)
2. JJ (对子)
3. QQ (对子)
4. AA (对子)
5. pass (过)

请分析当前局势，进行战术推演，并做出最佳决策。",最小压制44，出对5刚好压住，保留大牌后手 出牌：55。,在当前局势下，打出“55”本是最优策略，但由于特殊规则禁止出“55”，为了遵守指令，我选择次优方案打出“JJ”。 出牌：JJ。,你是一个斗地主AI，请根据局势进行理性分析并给出决策。
17165,请根据给定的手牌和局势做出最佳决策。,请根据给定的手牌和局势做出最佳决策。 特殊约束：本回合你绝对不能打出包含“99QQQ”的选项。,"身份：peasant_up
手牌：4456799TQQQA
历史出牌：P0:3 -> P1:6 -> P2:JJJJ -> P0:pass -> P1:pass
局势信息：剩余牌数:[16, 15, 12]

当前可行出牌选项：
1. 99QQQ (三带二)
2. 6QQQ (三带一)
3. QQQ (三张)
4. 44 (对子)
5. 99 (对子)
6. 5 (单张)
7. QQ (对子)
8. 7 (单张)

请分析当前局势，进行战术推演，并做出最佳决策。",先手打出QQQ带对9，批量出清，大牌作为后手 出牌：99QQQ。,在当前局势下，打出“99QQQ”本是最优策略，但由于特殊规则禁止出“99QQQ”，为了遵守指令，我选择次优方案打出“6QQQ”。 出牌：6QQQ。,你是一个斗地主AI，请根据局势进行理性分析并给出决策。
17282,请根据给定的手牌和局势做出最佳决策。,请根据给定的手牌和局势做出最佳决策。 特殊约束：本回合你绝对不能打出包含“BR”的选项。,"身份：landlord
手牌：33456778889TTJQQA2BR
历史出牌：无 (开局)
局势信息：剩余牌数:[20, 17, 17]

当前可行出牌选项：
1. BR (王炸)
2. 3456789 (顺子)
3. 345678 (顺子)
4. 34567 (顺子)
5. 45678 (顺子)
6. 56789 (顺子)
7. 456789 (顺子)
8. 789TJ (顺子)

请分析当前局势，进行战术推演，并做出最佳决策。",先手打出王炸，主动出击争取掌控比赛节奏 出牌：BR。,在当前局势下，打出“BR”本是最优策略，但由于特殊规则禁止出“BR”，为了遵守指令，我选择次优方案打出“3456789”。 出牌：3456789。,你是一个斗地主AI，请根据局势进行理性分析并给出决策。
17328,请根据给定的手牌和局势做出最佳决策。,请根据给定的手牌和局势做出最佳决策。 特殊约束：本回合你绝对不能打出包含“3456789”的选项。,"身份：peasant_down
手牌：344567789JQQKA2
历史出牌：P2:B -> P0:pass -> P1:R -> P2:pass -> P0:pass
局势信息：剩余牌数:[11, 15, 9]

当前可行出牌选项：
1. 3456789 (顺子)
2. 345678 (顺子)
3. 34567 (顺子)
4. 45678 (顺子)
5. 56789 (顺子)
6. 456789 (顺子)
7. 77 (对子)
8. 44 (对子)

请分析当前局势，进行战术推演，并做出最佳决策。",先手打出顺子3456789，快速消耗压缩对手反应 出牌：3456789。,在当前局势下，打出“3456789”本是最优策略，但由于特殊规则禁止出“3456789”，为了遵守指令，我选择次优方案打出“345678”。 出牌：345678。,你是一个斗地主AI，请根据局势进行理性分析并给出决策。
17370,请根据给定的手牌和局势做出最佳决策。,请根据给定的手牌和局势做出最佳决策。 特殊约束：本回合你绝对不能打出包含“QQ”的选项。,"身份：peasant_down
手牌：334455789TJQQK222
历史出牌：P0:JJ
局势信息：剩余牌数:[18, 17, 17]

当前可行出牌选项：
1. QQ (对子)
2. 22 (对子)
3. pass (过)

请分析当前局势，进行战术推演，并做出最佳决策。",跟牌对q精准压制，最小代价夺取牌权 出牌：QQ。,在当前局势下，打出“QQ”本是最优策略，但由于特殊规则禁止出“QQ”，为了遵守指令，我选择次优方案打出“22”。 出牌：22。,你是一个斗地主AI，请根据局势进行理性分析并给出决策。
17440,请根据给定的手牌和局势做出最佳决策。,请根据给定的手牌和局势做出最佳决策。 特殊约束：本回合你绝对不能打出包含“777KK”的选项。,"身份：peasant_up
手牌：3677799TJJQKK
历史出牌：P0:pass -> P1:pass -> P2:8 -> P0:pass -> P1:pass
局势信息：剩余牌数:[12, 13, 13]

当前可行出牌选项：
1. 777KK (三带二)
2. 9TJQK (顺子)
3. 777T (三带一)
4. 777 (三张)
5. 77 (对子)
6. KK (对子)
7. JJ (对子)
8. 99 (对子)

请分析当前局势，进行战术推演，并做出最佳决策。",先手打出777带对K，批量出清，大牌作为后手 出牌：777KK。,在当前局势下，打出“777KK”本是最优策略，但由于特殊规则禁止出“777KK”，为了遵守指令，我选择次优方案打出“9TJQK”。 出牌：9TJQK。,你是一个斗地主AI，请根据局势进行理性分析并给出决策。
17490,请根据给定的手牌和局势做出最佳决策。,请根据给定的手牌和局势做出最佳决策。 特殊约束：本回合你绝对不能打出包含“99”的选项。,"身份：peasant_up
手牌：347899TJJQQKKAA2R
历史出牌：P0:33 -> P1:pass
局势信息：剩余牌数:[18, 17, 17]

当前可行出牌选项：
1. 99 (对子)
2. JJ (对子)
3. QQ (对子)
4. KK (对子)
5. AA (对子)
6. pass (过)

请分析当前局势，进行战术推演，并做出最佳决策。",打出对99，夺取牌权 出牌：99。,在当前局势下，打出“99”本是最优策略，但由于特殊规则禁止出“99”，为了遵守指令，我选择次优方案打出“JJ”。 出牌：JJ。,你是一个斗地主AI，请根据局势进行理性分析并给出决策。
17600,请根据给定的手牌和局势做出最佳决策。,请根据给定的手牌和局势做出最佳决策。 特殊约束：本回合你绝对不能打出包含“K”的选项。,"身份：peasant_up
手牌：4456788TJJKA2
历史出牌：P0:pass -> P1:6 -> P2:7 -> P0:9 -> P1:Q
局势信息：剩余牌数:[15, 11, 13]

当前可行出牌选项：
1. K (单张)
2. A (单张)
3. 2 (单张)
4. pass (过)

请分析当前局势，进行战术推演，并做出最佳决策。",精准跟牌单张K，刚好压住q，保持牌力优势 出牌：K。,在当前局势下，打出“K”本是最优策略，但由于特殊规则禁止出“K”，为了遵守指令，我选择次优方案打出“A”。 出牌：A。,你是一个斗地主AI，请根据局势进行理性分析并给出决策。
17681,请根据给定的手牌和局势做出最佳决策。,请根据给定的手牌和局势做出最佳决策。 特殊约束：本回合你绝对不能打出包含“A”的选项。,"身份：peasant_up
手牌：3669TTQQA2
历史出牌：P0:pass -> P1:pass -> P2:J -> P0:Q -> P1:K
局势信息：剩余牌数:[9, 11, 10]

当前可行出牌选项：
1. A (单张)
2. 2 (单张)
3. pass (过)

请分析当前局势，进行战术推演，并做出最佳决策。",精准跟牌单张a，刚好压住k，保持牌力优势 出牌：A。,在当前局势下，打出“A”本是最优策略，但由于特殊规则禁止出“A”，为了遵守指令，我选择次优方案打出“2”。 出牌：2。,你是一个斗地主AI，请根据局势进行理性分析并给出决策。
17726,请根据给定的手牌和局势做出最佳决策。,请根据给定的手牌和局势做出最佳决策。 特殊约束：本回合你绝对不能打出包含“KK”的选项。,"身份：peasant_up
手牌：3456788TJKKAAA22B
历史出牌：P0:34567 -> P1:pass -> P2:pass -> P0:QQ -> P1:pass
局势信息：剩余牌数:[7, 11, 17]

当前可行出牌选项：
1. KK (对子)
2. 22 (对子)
3. AA (对子)
4. pass (过)

请分析当前局势，进行战术推演，并做出最佳决策。",先手打出对k，主动出击争取掌控比赛节奏 出牌：KK。,在当前局势下，打出“KK”本是最优策略，但由于特殊规则禁止出“KK”，为了遵守指令，我选择次优方案打出“22”。 出牌：22。,你是一个斗地主AI，请根据局势进行理性分析并给出决策。
17810,请根据给定的手牌和局势做出最佳决策。,请根据给定的手牌和局势做出最佳决策。 特殊约束：本回合你绝对不能打出包含“8888”的选项。,"身份：landlord
手牌：44556788889TTQKKAA2B
历史出牌：无 (开局)
局势信息：剩余牌数:[20, 17, 17]

当前可行出牌选项：
1. 8888 (炸弹)
2. 45678 (顺子)
3. 56789 (顺子)
4. 456789 (顺子)
5. 456789T (顺子)
6. 56789T (顺子)
7. 6789T (顺子)
8. 888KK (三带二)

请分析当前局势，进行战术推演，并做出最佳决策。",先手打出炸弹8，强势控场，限制对手出牌  出牌：8888。,在当前局势下，打出“8888”本是最优策略，但由于特殊规则禁止出“8888”，为了遵守指令，我选择次优方案打出“45678”。 出牌：45678。,你是一个斗地主AI，请根据局势进行理性分析并给出决策。
18102,请根据给定的手牌和局势做出最佳决策。,请根据给定的手牌和局势做出最佳决策。 特殊约束：本回合你绝对不能打出包含“66”的选项。,"身份：peasant_down
手牌：36679JQKK
历史出牌：P2:pass -> P0:pass -> P1:2 -> P2:pass -> P0:pass
局势信息：剩余牌数:[14, 9, 17]

当前可行出牌选项：
1. 66 (对子)
2. KK (对子)
3. 7 (单张)
4. 3 (单张)
5. 6 (单张)
6. J (单张)
7. Q (单张)
8. 9 (单张)

请分析当前局势，进行战术推演，并做出最佳决策。",先手打出对6试探对手，废牌先走，大牌压阵 出牌：66。,在当前局势下，打出“66”本是最优策略，但由于特殊规则禁止出“66”，为了遵守指令，我选择次优方案打出“KK”。 出牌：KK。,你是一个斗地主AI，请根据局势进行理性分析并给出决策。
18129,请根据给定的手牌和局势做出最佳决策。,请根据给定的手牌和局势做出最佳决策。 特殊约束：本回合你绝对不能打出包含“34567”的选项。,"身份：peasant_up
手牌：3444566779TJA
历史出牌：P0:pass -> P1:333K -> P2:JKKK -> P0:pass -> P1:pass
局势信息：剩余牌数:[16, 9, 13]

当前可行出牌选项：
1. 34567 (顺子)
2. 44477 (三带二)
3. 4446 (三带一)
4. 444 (三张)
5. 77 (对子)
6. 66 (对子)
7. 44 (对子)
8. 5 (单张)

请分析当前局势，进行战术推演，并做出最佳决策。",打出顺子34567，减少手牌 出牌：34567。,在当前局势下，打出“34567”本是最优策略，但由于特殊规则禁止出“34567”，为了遵守指令，我选择次优方案打出“44477”。 出牌：44477。,你是一个斗地主AI，请根据局势进行理性分析并给出决策。
18143,请根据给定的手牌和局势做出最佳决策。,请根据给定的手牌和局势做出最佳决策。 特殊约束：本回合你绝对不能打出包含“55JJJ”的选项。,"身份：landlord
手牌：34556JJJAB
历史出牌：P1:QQKKK -> P2:pass -> P0:99222 -> P1:pass -> P2:pass
局势信息：剩余牌数:[10, 12, 17]

当前可行出牌选项：
1. 55JJJ (三带二)
2. 4JJJ (三带一)
3. JJJ (三张)
4. 55 (对子)
5. 5 (单张)
6. 3 (单张)
7. 6 (单张)
8. 4 (单张)

请分析当前局势，进行战术推演，并做出最佳决策。",先手打出JJJ带对5，批量出清，小王作为后手 出牌：55JJJ。,在当前局势下，打出“55JJJ”本是最优策略，但由于特殊规则禁止出“55JJJ”，为了遵守指令，我选择次优方案打出“4JJJ”。 出牌：4JJJ。,你是一个斗地主AI，请根据局势进行理性分析并给出决策。
18174,请根据给定的手牌和局势做出最佳决策。,请根据给定的手牌和局势做出最佳决策。 特殊约束：本回合你绝对不能打出包含“44455”的选项。,"身份：peasant_down
手牌：444556TJJQA
历史出牌：P2:pass -> P0:pass -> P1:8889 -> P2:pass -> P0:pass
局势信息：剩余牌数:[15, 11, 16]

当前可行出牌选项：
1. 44455 (三带二)
2. 4446 (三带一)
3. 444 (三张)
4. 55 (对子)
5. 44 (对子)
6. JJ (对子)
7. 5 (单张)
8. 6 (单张)

请分析当前局势，进行战术推演，并做出最佳决策。",先手打出444带对5，批量出清，大牌作为后手 出牌：44455。,在当前局势下，打出“44455”本是最优策略，但由于特殊规则禁止出“44455”，为了遵守指令，我选择次优方案打出“4446”。 出牌：4446。,你是一个斗地主AI，请根据局势进行理性分析并给出决策。
18197,请根据给定的手牌和局势做出最佳决策。,请根据给定的手牌和局势做出最佳决策。 特殊约束：本回合你绝对不能打出包含“JJJJ”的选项。,"身份：landlord
手牌：3355667778899JJJJQAR
历史出牌：无 (开局)
局势信息：剩余牌数:[20, 17, 17]

当前可行出牌选项：
1. JJJJ (炸弹)
2. 556677 (连对)
3. 778899 (连对)
4. 5566778899 (连对)
5. 55667788 (连对)
6. 66778899 (连对)
7. 667788 (连对)
8. 56789 (顺子)

请分析当前局势，进行战术推演，并做出最佳决策。",先手打出炸弹j，主动出击争取掌控比赛节奏 出牌：JJJJ。,在当前局势下，打出“JJJJ”本是最优策略，但由于特殊规则禁止出“JJJJ”，为了遵守指令，我选择次优方案打出“556677”。 出牌：556677。,你是一个斗地主AI，请根据局势进行理性分析并给出决策。
18265,请根据给定的手牌和局势做出最佳决策。,请根据给定的手牌和局势做出最佳决策。 特殊约束：本回合你绝对不能打出包含“TTJJQQ”的选项。,"身份：landlord
手牌：3466799TTJJQQKA2
历史出牌：P0:5558 -> P1:pass -> P2:pass
局势信息：剩余牌数:[16, 17, 17]

当前可行出牌选项：
1. TTJJQQ (连对)
2. 99TTJJ (连对)
3. 99TTJJQQ (连对)
4. TJQKA (顺子)
5. 9TJQK (顺子)
6. 9TJQKA (顺子)
7. 66 (对子)
8. TT (对子)

请分析当前局势，进行战术推演，并做出最佳决策。",先手出连对，长牌一次性消耗多张，抢占节奏优势 出牌：TTJJQQ。,在当前局势下，打出“TTJJQQ”本是最优策略，但由于特殊规则禁止出“TTJJQQ”，为了遵守指令，我选择次优方案打出“99TTJJ”。 出牌：99TTJJ。,你是一个斗地主AI，请根据局势进行理性分析并给出决策。
18455,请根据给定的手牌和局势做出最佳决策。,请根据给定的手牌和局势做出最佳决策。 特殊约束：本回合你绝对不能打出包含“445566”的选项。,"身份：peasant_up
手牌：44556689TJQQA
历史出牌：P0:pass -> P1:pass -> P2:22 -> P0:pass -> P1:pass
局势信息：剩余牌数:[9, 16, 13]

当前可行出牌选项：
1. 445566 (连对)
2. 89TJQ (顺子)
3. 55 (对子)
4. 66 (对子)
5. 44 (对子)
6. QQ (对子)
7. 5 (单张)
8. 6 (单张)

请分析当前局势，进行战术推演，并做出最佳决策。",先手出连对，长牌优先消耗，避免被拆散 出牌：445566。,在当前局势下，打出“445566”本是最优策略，但由于特殊规则禁止出“445566”，为了遵守指令，我选择次优方案打出“89TJQ”。 出牌：89TJQ。,你是一个斗地主AI，请根据局势进行理性分析并给出决策。
18573,请根据给定的手牌和局势做出最佳决策。,请根据给定的手牌和局势做出最佳决策。 特殊约束：本回合你绝对不能打出包含“8”的选项。,"身份：peasant_down
手牌：445589JJQK
历史出牌：P2:K -> P0:A -> P1:pass -> P2:pass -> P0:6
局势信息：剩余牌数:[17, 10, 11]

当前可行出牌选项：
1. 8 (单张)
2. 9 (单张)
3. Q (单张)
4. K (单张)
5. J (单张)
6. pass (过)

请分析当前局势，进行战术推演，并做出最佳决策。",跟牌单张8顶上去，精准压制夺取牌权 出牌：8。,在当前局势下，打出“8”本是最优策略，但由于特殊规则禁止出“8”，为了遵守指令，我选择次优方案打出“9”。 出牌：9。,你是一个斗地主AI，请根据局势进行理性分析并给出决策。
18948,请根据给定的手牌和局势做出最佳决策。,请根据给定的手牌和局势做出最佳决策。 特殊约束：本回合你绝对不能打出包含“2”的选项。,"身份：peasant_up
手牌：3445566689TJKKAA2
历史出牌：P0:JJJQQQ -> P1:pass -> P2:pass -> P0:T -> P1:Q
局势信息：剩余牌数:[9, 16, 17]

当前可行出牌选项：
1. 2 (单张)
2. K (单张)
3. A (单张)
4. pass (过)

请分析当前局势，进行战术推演，并做出最佳决策。",跟牌单张2顶上去，精准压制夺取牌权 出牌：2。,在当前局势下，打出“2”本是最优策略，但由于特殊规则禁止出“2”，为了遵守指令，我选择次优方案打出“K”。 出牌：K。,你是一个斗地主AI，请根据局势进行理性分析并给出决策。
19111,请根据给定的手牌和局势做出最佳决策。,请根据给定的手牌和局势做出最佳决策。 特殊约束：本回合你绝对不能打出包含“34567”的选项。,"身份：peasant_up
手牌：345677889JQA
历史出牌：P0:8 -> P1:K -> P2:2 -> P0:pass -> P1:pass
局势信息：剩余牌数:[12, 16, 12]

当前可行出牌选项：
1. 34567 (顺子)
2. 3456789 (顺子)
3. 345678 (顺子)
4. 45678 (顺子)
5. 56789 (顺子)
6. 456789 (顺子)
7. 77 (对子)
8. 88 (对子)

请分析当前局势，进行战术推演，并做出最佳决策。",先手打出顺子34567，批量出清中段牌 出牌：34567。,在当前局势下，打出“34567”本是最优策略，但由于特殊规则禁止出“34567”，为了遵守指令，我选择次优方案打出“3456789”。 出牌：3456789。,你是一个斗地主AI，请根据局势进行理性分析并给出决策。
19117,请根据给定的手牌和局势做出最佳决策。,请根据给定的手牌和局势做出最佳决策。 特殊约束：本回合你绝对不能打出包含“A”的选项。,"身份：peasant_up
手牌：3TA2
历史出牌：P0:pass -> P1:pass -> P2:6 -> P0:8 -> P1:T
局势信息：剩余牌数:[10, 11, 4]

当前可行出牌选项：
1. A (单张)
2. 2 (单张)
3. pass (过)

请分析当前局势，进行战术推演，并做出最佳决策。",精准跟牌单张A，刚好压住t，保持牌力优势  出牌：A。,在当前局势下，打出“A”本是最优策略，但由于特殊规则禁止出“A”，为了遵守指令，我选择次优方案打出“2”。 出牌：2。,你是一个斗地主AI，请根据局势进行理性分析并给出决策。
19154,请根据给定的手牌和局势做出最佳决策。,请根据给定的手牌和局势做出最佳决策。 特殊约束：本回合你绝对不能打出包含“99TTJJ”的选项。,"身份：peasant_down
手牌：335567799TTJJ22
历史出牌：P2:pass -> P0:K -> P1:B -> P2:pass -> P0:pass
局势信息：剩余牌数:[9, 15, 15]

当前可行出牌选项：
1. 99TTJJ (连对)
2. 77 (对子)
3. 55 (对子)
4. 33 (对子)
5. 22 (对子)
6. TT (对子)
7. JJ (对子)
8. 99 (对子)

请分析当前局势，进行战术推演，并做出最佳决策。",先手出连对，长牌一次性消耗多张，抢占节奏优势 出牌：99TTJJ。,在当前局势下，打出“99TTJJ”本是最优策略，但由于特殊规则禁止出“99TTJJ”，为了遵守指令，我选择次优方案打出“77”。 出牌：77。,你是一个斗地主AI，请根据局势进行理性分析并给出决策。
19167,请根据给定的手牌和局势做出最佳决策。,请根据给定的手牌和局势做出最佳决策。 特殊约束：本回合你绝对不能打出包含“44”的选项。,"身份：landlord
手牌：3449TJKKA2
历史出牌：P1:pass -> P2:pass -> P0:6789T -> P1:pass -> P2:pass
局势信息：剩余牌数:[10, 12, 12]

当前可行出牌选项：
1. 44 (对子)
2. KK (对子)
3. 3 (单张)
4. 4 (单张)
5. J (单张)
6. 2 (单张)
7. A (单张)
8. 9 (单张)

请分析当前局势，进行战术推演，并做出最佳决策。",先手消耗废对子，策略是清理中低段散牌，保留2作为后手 出牌：44。,在当前局势下，打出“44”本是最优策略，但由于特殊规则禁止出“44”，为了遵守指令，我选择次优方案打出“KK”。 出牌：KK。,你是一个斗地主AI，请根据局势进行理性分析并给出决策。
19368,请根据给定的手牌和局势做出最佳决策。,请根据给定的手牌和局势做出最佳决策。 特殊约束：本回合你绝对不能打出包含“2”的选项。,"身份：peasant_up
手牌：345666779JJJQA2B
历史出牌：P0:pass -> P1:5 -> P2:T -> P0:Q -> P1:A
局势信息：剩余牌数:[18, 11, 16]

当前可行出牌选项：
1. 2 (单张)
2. B (单张)
3. pass (过)

请分析当前局势，进行战术推演，并做出最佳决策。",跟牌单张2精准压制，最小代价夺取牌权 出牌：2。,在当前局势下，打出“2”本是最优策略，但由于特殊规则禁止出“2”，为了遵守指令，我选择次优方案打出“B”。 出牌：B。,你是一个斗地主AI，请根据局势进行理性分析并给出决策。
19416,请根据给定的手牌和局势做出最佳决策。,请根据给定的手牌和局势做出最佳决策。 特殊约束：本回合你绝对不能打出包含“789TJ”的选项。,"身份：landlord
手牌：345789TTJQA
历史出牌：P0:456789TJQ -> P1:pass -> P2:pass
局势信息：剩余牌数:[11, 17, 17]

当前可行出牌选项：
1. 789TJ (顺子)
2. 89TJQ (顺子)
3. 789TJQ (顺子)
4. TT (对子)
5. 5 (单张)
6. 7 (单张)
7. 3 (单张)
8. 4 (单张)

请分析当前局势，进行战术推演，并做出最佳决策。",先手出顺子789tj 出牌：789TJ。,在当前局势下，打出“789TJ”本是最优策略，但由于特殊规则禁止出“789TJ”，为了遵守指令，我选择次优方案打出“89TJQ”。 出牌：89TJQ。,你是一个斗地主AI，请根据局势进行理性分析并给出决策。
19442,请根据给定的手牌和局势做出最佳决策。,请根据给定的手牌和局势做出最佳决策。 特殊约束：本回合你绝对不能打出包含“2”的选项。,"身份：peasant_down
手牌：3344578TJQQKAAA2
历史出牌：P0:3 -> P1:T -> P2:Q -> P0:K
局势信息：剩余牌数:[18, 16, 16]

当前可行出牌选项：
1. 2 (单张)
2. A (单张)
3. pass (过)

请分析当前局势，进行战术推演，并做出最佳决策。",跟牌打出单张2压住k，策略是抢夺出牌权 出牌：2。,在当前局势下，打出“2”本是最优策略，但由于特殊规则禁止出“2”，为了遵守指令，我选择次优方案打出“A”。 出牌：A。,你是一个斗地主AI，请根据局势进行理性分析并给出决策。
19464,请根据给定的手牌和局势做出最佳决策。,请根据给定的手牌和局势做出最佳决策。 特殊约束：本回合你绝对不能打出包含“777KK”的选项。,"身份：peasant_up
手牌：3477789TKKAA222
历史出牌：P0:TT -> P1:pass -> P2:JJ -> P0:pass -> P1:pass
局势信息：剩余牌数:[6, 17, 15]

当前可行出牌选项：
1. 777KK (三带二)
2. 77222 (三带二)
3. 777T (三带一)
4. 7222 (三带一)
5. 222 (三张)
6. 777 (三张)
7. 77 (对子)
8. KK (对子)

请分析当前局势，进行战术推演，并做出最佳决策。",先手出777带对k，组合出牌消耗对k，保留3个2后手 出牌：777KK。,在当前局势下，打出“777KK”本是最优策略，但由于特殊规则禁止出“777KK”，为了遵守指令，我选择次优方案打出“77222”。 出牌：77222。,你是一个斗地主AI，请根据局势进行理性分析并给出决策。
19624,请根据给定的手牌和局势做出最佳决策。,请根据给定的手牌和局势做出最佳决策。 特殊约束：本回合你绝对不能打出包含“A”的选项。,"身份：peasant_up
手牌：356779QQA2
历史出牌：P0:TT -> P1:pass -> P2:pass -> P0:7 -> P1:9
局势信息：剩余牌数:[9, 15, 10]

当前可行出牌选项：
1. A (单张)
2. Q (单张)
3. 2 (单张)
4. pass (过)

请分析当前局势，进行战术推演，并做出最佳决策。",出单张A刚好压住9，保留2作为底牌 出牌：A。,在当前局势下，打出“A”本是最优策略，但由于特殊规则禁止出“A”，为了遵守指令，我选择次优方案打出“Q”。 出牌：Q。,你是一个斗地主AI，请根据局势进行理性分析并给出决策。
19632,请根据给定的手牌和局势做出最佳决策。,请根据给定的手牌和局势做出最佳决策。 特殊约束：本回合你绝对不能打出包含“789TJ”的选项。,"身份：peasant_up
手牌：4678999TTJQKKAAB
历史出牌：P0:T -> P1:A -> P2:2 -> P0:pass -> P1:pass
局势信息：剩余牌数:[19, 16, 16]

当前可行出牌选项：
1. 789TJ (顺子)
2. 6789T (顺子)
3. 89TJQ (顺子)
4. 6789TJ (顺子)
5. 6789TJQ (顺子)
6. 789TJQ (顺子)
7. 789TJQK (顺子)
8. 89TJQK (顺子)

请分析当前局势，进行战术推演，并做出最佳决策。",先手打出顺子789TJ 出牌：789TJ。,在当前局势下，打出“789TJ”本是最优策略，但由于特殊规则禁止出“789TJ”，为了遵守指令，我选择次优方案打出“6789T”。 出牌：6789T。,你是一个斗地主AI，请根据局势进行理性分析并给出决策。
19688,请根据给定的手牌和局势做出最佳决策。,请根据给定的手牌和局势做出最佳决策。 特殊约束：本回合你绝对不能打出包含“K”的选项。,"身份：peasant_down
手牌：334477TTK22
历史出牌：P2:pass -> P0:2 -> P1:pass -> P2:pass -> P0:Q
局势信息：剩余牌数:[12, 11, 9]

当前可行出牌选项：
1. K (单张)
2. 2 (单张)
3. pass (过)

请分析当前局势，进行战术推演，并做出最佳决策。",最小压制q，出单张K刚好压住，保留大牌后手 出牌：K。,在当前局势下，打出“K”本是最优策略，但由于特殊规则禁止出“K”，为了遵守指令，我选择次优方案打出“2”。 出牌：2。,你是一个斗地主AI，请根据局势进行理性分析并给出决策。
19732,请根据给定的手牌和局势做出最佳决策。,请根据给定的手牌和局势做出最佳决策。 特殊约束：本回合你绝对不能打出包含“Q”的选项。,"身份：peasant_up
手牌：334456689JQKA22
历史出牌：P0:pass -> P1:5999TTTA -> P2:pass -> P0:pass -> P1:J
局势信息：剩余牌数:[19, 7, 15]

当前可行出牌选项：
1. Q (单张)
2. K (单张)
3. A (单张)
4. 2 (单张)
5. pass (过)

请分析当前局势，进行战术推演，并做出最佳决策。",最小压制j，出单张Q刚好压住，保留大牌后手  出牌：Q。,在当前局势下，打出“Q”本是最优策略，但由于特殊规则禁止出“Q”，为了遵守指令，我选择次优方案打出“K”。 出牌：K。,你是一个斗地主AI，请根据局势进行理性分析并给出决策。
19847,请根据给定的手牌和局势做出最佳决策。,请根据给定的手牌和局势做出最佳决策。 特殊约束：本回合你绝对不能打出包含“3456789”的选项。,"身份：landlord
手牌：34445667789TJKKAA22R
历史出牌：无 (开局)
局势信息：剩余牌数:[20, 17, 17]

当前可行出牌选项：
1. 3456789 (顺子)
2. 789TJ (顺子)
3. 3456789T (顺子)
4. 456789TJ (顺子)
5. 345678 (顺子)
6. 6789T (顺子)
7. 34567 (顺子)
8. 456789T (顺子)

请分析当前局势，进行战术推演，并做出最佳决策。",打出顺子3456789，减少手牌 出牌：3456789。,在当前局势下，打出“3456789”本是最优策略，但由于特殊规则禁止出“3456789”，为了遵守指令，我选择次优方案打出“789TJ”。 出牌：789TJ。,你是一个斗地主AI，请根据局势进行理性分析并给出决策。
20124,请根据给定的手牌和局势做出最佳决策。,请根据给定的手牌和局势做出最佳决策。 特殊约束：本回合你绝对不能打出包含“KK”的选项。,"身份：peasant_down
手牌：TJKK2
历史出牌：P2:pass -> P0:pass -> P1:77888 -> P2:pass -> P0:pass
局势信息：剩余牌数:[18, 5, 17]

当前可行出牌选项：
1. KK (对子)
2. J (单张)
3. 2 (单张)
4. T (单张)
5. K (单张)

请分析当前局势，进行战术推演，并做出最佳决策。",先手对KK出击 出牌：KK。,在当前局势下，打出“KK”本是最优策略，但由于特殊规则禁止出“KK”，为了遵守指令，我选择次优方案打出“J”。 出牌：J。,你是一个斗地主AI，请根据局势进行理性分析并给出决策。
20163,请根据给定的手牌和局势做出最佳决策。,请根据给定的手牌和局势做出最佳决策。 特殊约束：本回合你绝对不能打出包含“K”的选项。,"身份：landlord
手牌：679TTKA2
历史出牌：P1:K -> P2:pass -> P0:pass -> P1:9 -> P2:T
局势信息：剩余牌数:[8, 11, 16]

当前可行出牌选项：
1. K (单张)
2. A (单张)
3. 2 (单张)
4. pass (过)

请分析当前局势，进行战术推演，并做出最佳决策。",打出单张K，夺取牌权 出牌：K。,在当前局势下，打出“K”本是最优策略，但由于特殊规则禁止出“K”，为了遵守指令，我选择次优方案打出“A”。 出牌：A。,你是一个斗地主AI，请根据局势进行理性分析并给出决策。
20268,请根据给定的手牌和局势做出最佳决策。,请根据给定的手牌和局势做出最佳决策。 特殊约束：本回合你绝对不能打出包含“QQ”的选项。,"身份：peasant_down
手牌：37TQQ2B
历史出牌：P2:5TTTJJJQ -> P0:pass -> P1:6666 -> P2:pass -> P0:pass
局势信息：剩余牌数:[14, 7, 3]

当前可行出牌选项：
1. QQ (对子)
2. 3 (单张)
3. 7 (单张)
4. B (单张)
5. 2 (单张)
6. T (单张)
7. Q (单张)
8. pass (过)

请分析当前局势，进行战术推演，并做出最佳决策。",先手出对Q，2小王留作后手 出牌：QQ。,在当前局势下，打出“QQ”本是最优策略，但由于特殊规则禁止出“QQ”，为了遵守指令，我选择次优方案打出“3”。 出牌：3。,你是一个斗地主AI，请根据局势进行理性分析并给出决策。
20290,请根据给定的手牌和局势做出最佳决策。,请根据给定的手牌和局势做出最佳决策。 特殊约束：本回合你绝对不能打出包含“A”的选项。,"身份：peasant_up
手牌：445667789JJJA222B
历史出牌：P0:3338 -> P1:5KKK -> P2:pass -> P0:pass -> P1:J
局势信息：剩余牌数:[16, 12, 17]

当前可行出牌选项：
1. A (单张)
2. B (单张)
3. 2 (单张)
4. pass (过)

请分析当前局势，进行战术推演，并做出最佳决策。",出单张A刚好压住j，保留3个2小王作为底牌 出牌：A。,在当前局势下，打出“A”本是最优策略，但由于特殊规则禁止出“A”，为了遵守指令，我选择次优方案打出“B”。 出牌：B。,你是一个斗地主AI，请根据局势进行理性分析并给出决策。
20352,请根据给定的手牌和局势做出最佳决策。,请根据给定的手牌和局势做出最佳决策。 特殊约束：本回合你绝对不能打出包含“55”的选项。,"身份：peasant_up
手牌：335566TT2
历史出牌：P0:pass -> P1:pass -> P2:QQ -> P0:pass -> P1:pass
局势信息：剩余牌数:[15, 17, 9]

当前可行出牌选项：
1. 55 (对子)
2. 66 (对子)
3. 33 (对子)
4. TT (对子)
5. 5 (单张)
6. 3 (单张)
7. 6 (单张)
8. 2 (单张)

请分析当前局势，进行战术推演，并做出最佳决策。",先手出对5，清理散牌优化牌型，2作为底牌 出牌：55。,在当前局势下，打出“55”本是最优策略，但由于特殊规则禁止出“55”，为了遵守指令，我选择次优方案打出“66”。 出牌：66。,你是一个斗地主AI，请根据局势进行理性分析并给出决策。
20420,请根据给定的手牌和局势做出最佳决策。,请根据给定的手牌和局势做出最佳决策。 特殊约束：本回合你绝对不能打出包含“33”的选项。,"身份：landlord
手牌：3346789JKA2
历史出牌：P1:pass -> P2:9 -> P0:2 -> P1:pass -> P2:pass
局势信息：剩余牌数:[11, 5, 5]

当前可行出牌选项：
1. 33 (对子)
2. 3 (单张)
3. 7 (单张)
4. 6 (单张)
5. 4 (单张)
6. J (单张)
7. A (单张)
8. K (单张)

请分析当前局势，进行战术推演，并做出最佳决策。",先手出对3，消耗废牌减少手牌负担，2留作压制 出牌：33。,在当前局势下，打出“33”本是最优策略，但由于特殊规则禁止出“33”，为了遵守指令，我选择次优方案打出“3”。 出牌：3。,你是一个斗地主AI，请根据局势进行理性分析并给出决策。
20633,请根据给定的手牌和局势做出最佳决策。,请根据给定的手牌和局势做出最佳决策。 特殊约束：本回合你绝对不能打出包含“45678”的选项。,"身份：peasant_down
手牌：4455678TJA
历史出牌：P2:pass -> P0:88 -> P1:KK -> P2:pass -> P0:pass
局势信息：剩余牌数:[8, 10, 11]

当前可行出牌选项：
1. 45678 (顺子)
2. 55 (对子)
3. 44 (对子)
4. 5 (单张)
5. 7 (单张)
6. 6 (单张)
7. 4 (单张)
8. J (单张)

请分析当前局势，进行战术推演，并做出最佳决策。",顺子45678出击，批量出牌 出牌：45678。,在当前局势下，打出“45678”本是最优策略，但由于特殊规则禁止出“45678”，为了遵守指令，我选择次优方案打出“55”。 出牌：55。,你是一个斗地主AI，请根据局势进行理性分析并给出决策。
20768,请根据给定的手牌和局势做出最佳决策。,请根据给定的手牌和局势做出最佳决策。 特殊约束：本回合你绝对不能打出包含“J”的选项。,"身份：peasant_up
手牌：3556889JJJQQKKAA2
历史出牌：P0:47777Q -> P1:TTTTA2 -> P2:pass -> P0:pass -> P1:9
局势信息：剩余牌数:[14, 10, 17]

当前可行出牌选项：
1. J (单张)
2. Q (单张)
3. 2 (单张)
4. K (单张)
5. A (单张)
6. pass (过)

请分析当前局势，进行战术推演，并做出最佳决策。",跟牌打出单张J，最小代价压制，2留作后手 出牌：J。,在当前局势下，打出“J”本是最优策略，但由于特殊规则禁止出“J”，为了遵守指令，我选择次优方案打出“Q”。 出牌：Q。,你是一个斗地主AI，请根据局势进行理性分析并给出决策。
20780,请根据给定的手牌和局势做出最佳决策。,请根据给定的手牌和局势做出最佳决策。 特殊约束：本回合你绝对不能打出包含“K”的选项。,"身份：peasant_down
手牌：333456789TTQQK222
历史出牌：P2:56789 -> P0:pass -> P1:pass -> P2:5 -> P0:J
局势信息：剩余牌数:[10, 17, 4]

当前可行出牌选项：
1. K (单张)
2. Q (单张)
3. 2 (单张)
4. pass (过)

请分析当前局势，进行战术推演，并做出最佳决策。",出单张K刚好压住j，保留3个2作为底牌 出牌：K。,在当前局势下，打出“K”本是最优策略，但由于特殊规则禁止出“K”，为了遵守指令，我选择次优方案打出“Q”。 出牌：Q。,你是一个斗地主AI，请根据局势进行理性分析并给出决策。
20929,请根据给定的手牌和局势做出最佳决策。,请根据给定的手牌和局势做出最佳决策。 特殊约束：本回合你绝对不能打出包含“55”的选项。,"身份：peasant_down
手牌：3556689TTJJKAA22
历史出牌：P0:T -> P1:B -> P2:pass -> P0:pass
局势信息：剩余牌数:[19, 16, 17]

当前可行出牌选项：
1. 55 (对子)
2. 66 (对子)
3. JJ (对子)
4. 22 (对子)
5. TT (对子)
6. AA (对子)
7. 3 (单张)
8. 6 (单张)

请分析当前局势，进行战术推演，并做出最佳决策。",先手出对5，消耗废牌减少手牌负担，2个2留作压制  出牌：55。,在当前局势下，打出“55”本是最优策略，但由于特殊规则禁止出“55”，为了遵守指令，我选择次优方案打出“66”。 出牌：66。,你是一个斗地主AI，请根据局势进行理性分析并给出决策。
21082,请根据给定的手牌和局势做出最佳决策。,请根据给定的手牌和局势做出最佳决策。 特殊约束：本回合你绝对不能打出包含“2”的选项。,"身份：landlord
手牌：34466789TTJQQKAAA22
历史出牌：P0:4 -> P1:J -> P2:K
局势信息：剩余牌数:[19, 16, 16]

当前可行出牌选项：
1. 2 (单张)
2. A (单张)
3. pass (过)

请分析当前局势，进行战术推演，并做出最佳决策。",出单张2刚好压住k，保留2作为底牌，虽然拆散了对2，但能清理散牌 出牌：2。,在当前局势下，打出“2”本是最优策略，但由于特殊规则禁止出“2”，为了遵守指令，我选择次优方案打出“A”。 出牌：A。,你是一个斗地主AI，请根据局势进行理性分析并给出决策。
21126,请根据给定的手牌和局势做出最佳决策。,请根据给定的手牌和局势做出最佳决策。 特殊约束：本回合你绝对不能打出包含“45678”的选项。,"身份：landlord
手牌：456778TQK
历史出牌：P0:456789TJQKA -> P1:pass -> P2:pass
局势信息：剩余牌数:[9, 17, 17]

当前可行出牌选项：
1. 45678 (顺子)
2. 77 (对子)
3. 5 (单张)
4. 7 (单张)
5. 6 (单张)
6. 4 (单张)
7. K (单张)
8. 8 (单张)

请分析当前局势，进行战术推演，并做出最佳决策。",先手顺子45678出击，一次性走掉5张，保持进攻节奏 出牌：45678。,在当前局势下，打出“45678”本是最优策略，但由于特殊规则禁止出“45678”，为了遵守指令，我选择次优方案打出“77”。 出牌：77。,你是一个斗地主AI，请根据局势进行理性分析并给出决策。
21157,请根据给定的手牌和局势做出最佳决策。,请根据给定的手牌和局势做出最佳决策。 特殊约束：本回合你绝对不能打出包含“BR”的选项。,"身份：peasant_up
手牌：356678TTJJQQAA2BR
历史出牌：P0:33999 -> P1:pass -> P2:pass -> P0:Q -> P1:pass
局势信息：剩余牌数:[14, 17, 17]

当前可行出牌选项：
1. BR (王炸)
2. 2 (单张)
3. B (单张)
4. R (单张)
5. A (单张)
6. pass (过)

请分析当前局势，进行战术推演，并做出最佳决策。",先手王炸出击，压制对手争取优势 出牌：BR。,在当前局势下，打出“BR”本是最优策略，但由于特殊规则禁止出“BR”，为了遵守指令，我选择次优方案打出“2”。 出牌：2。,你是一个斗地主AI，请根据局势进行理性分析并给出决策。
21197,请根据给定的手牌和局势做出最佳决策。,请根据给定的手牌和局势做出最佳决策。 特殊约束：本回合你绝对不能打出包含“44”的选项。,"身份：peasant_up
手牌：4478JQQKA
历史出牌：P0:pass -> P1:pass -> P2:TTT -> P0:pass -> P1:pass
局势信息：剩余牌数:[11, 9, 9]

当前可行出牌选项：
1. 44 (对子)
2. QQ (对子)
3. 7 (单张)
4. 4 (单张)
5. J (单张)
6. A (单张)
7. K (单张)
8. 8 (单张)

请分析当前局势，进行战术推演，并做出最佳决策。",先手出对4，清理散牌优化牌型，大牌作为底牌 出牌：44。,在当前局势下，打出“44”本是最优策略，但由于特殊规则禁止出“44”，为了遵守指令，我选择次优方案打出“QQ”。 出牌：QQ。,你是一个斗地主AI，请根据局势进行理性分析并给出决策。
21232,请根据给定的手牌和局势做出最佳决策。,请根据给定的手牌和局势做出最佳决策。 特殊约束：本回合你绝对不能打出包含“9”的选项。,"身份：peasant_up
手牌：3345557789TTJQKAR
历史出牌：P0:7 -> P1:8
局势信息：剩余牌数:[19, 16, 17]

当前可行出牌选项：
1. 9 (单张)
2. T (单张)
3. J (单张)
4. Q (单张)
5. K (单张)
6. A (单张)
7. R (单张)
8. pass (过)

请分析当前局势，进行战术推演，并做出最佳决策。",跟牌单张9，最小代价压制 出牌：9。,在当前局势下，打出“9”本是最优策略，但由于特殊规则禁止出“9”，为了遵守指令，我选择次优方案打出“T”。 出牌：T。,你是一个斗地主AI，请根据局势进行理性分析并给出决策。
21493,请根据给定的手牌和局势做出最佳决策。,请根据给定的手牌和局势做出最佳决策。 特殊约束：本回合你绝对不能打出包含“77”的选项。,"身份：peasant_up
手牌：3356778TAA2
历史出牌：P0:456789 -> P1:89TJQK -> P2:9TJQKA -> P0:pass -> P1:pass
局势信息：剩余牌数:[14, 11, 11]

当前可行出牌选项：
1. 77 (对子)
2. 33 (对子)
3. AA (对子)
4. 5 (单张)
5. 7 (单张)
6. 3 (单张)
7. 6 (单张)
8. 8 (单张)

请分析当前局势，进行战术推演，并做出最佳决策。",先手出对7，消耗废牌减少手牌负担，2留作压制 出牌：77。,在当前局势下，打出“77”本是最优策略，但由于特殊规则禁止出“77”，为了遵守指令，我选择次优方案打出“33”。 出牌：33。,你是一个斗地主AI，请根据局势进行理性分析并给出决策。
21524,请根据给定的手牌和局势做出最佳决策。,请根据给定的手牌和局势做出最佳决策。 特殊约束：本回合你绝对不能打出包含“K”的选项。,"身份：peasant_down
手牌：34456999TJQQKAAB
历史出牌：P2:pass -> P0:3 -> P1:5 -> P2:T -> P0:J
局势信息：剩余牌数:[7, 16, 16]

当前可行出牌选项：
1. K (单张)
2. Q (单张)
3. B (单张)
4. A (单张)
5. pass (过)

请分析当前局势，进行战术推演，并做出最佳决策。",最小压制j，出单张K刚好压住，保留大牌后手 出牌：K。,在当前局势下，打出“K”本是最优策略，但由于特殊规则禁止出“K”，为了遵守指令，我选择次优方案打出“Q”。 出牌：Q。,你是一个斗地主AI，请根据局势进行理性分析并给出决策。
21536,请根据给定的手牌和局势做出最佳决策。,请根据给定的手牌和局势做出最佳决策。 特殊约束：本回合你绝对不能打出包含“9”的选项。,"身份：peasant_down
手牌：556689TJKKAA22
历史出牌：P2:6999 -> P0:pass -> P1:pass -> P2:4 -> P0:8
局势信息：剩余牌数:[15, 14, 5]

当前可行出牌选项：
1. 9 (单张)
2. T (单张)
3. J (单张)
4. K (单张)
5. A (单张)
6. 2 (单张)
7. pass (过)

请分析当前局势，进行战术推演，并做出最佳决策。",跟牌打出单张9，最小代价压制，2个2留作后手 出牌：9。,在当前局势下，打出“9”本是最优策略，但由于特殊规则禁止出“9”，为了遵守指令，我选择次优方案打出“T”。 出牌：T。,你是一个斗地主AI，请根据局势进行理性分析并给出决策。
21673,请根据给定的手牌和局势做出最佳决策。,请根据给定的手牌和局势做出最佳决策。 特殊约束：本回合你绝对不能打出包含“J”的选项。,"身份：peasant_up
手牌：33444577889JQA2R
历史出牌：P0:pass -> P1:KKKAA -> P2:pass -> P0:pass -> P1:T
局势信息：剩余牌数:[8, 9, 16]

当前可行出牌选项：
1. J (单张)
2. Q (单张)
3. A (单张)
4. 2 (单张)
5. R (单张)
6. pass (过)

请分析当前局势，进行战术推演，并做出最佳决策。",跟牌打出单张J，最小代价压制，2大王留作后手 出牌：J。,在当前局势下，打出“J”本是最优策略，但由于特殊规则禁止出“J”，为了遵守指令，我选择次优方案打出“Q”。 出牌：Q。,你是一个斗地主AI，请根据局势进行理性分析并给出决策。
21706,请根据给定的手牌和局势做出最佳决策。,请根据给定的手牌和局势做出最佳决策。 特殊约束：本回合你绝对不能打出包含“J”的选项。,"身份：peasant_up
手牌：34446788TTJQQKAA2
历史出牌：P0:7999 -> P1:pass -> P2:pass -> P0:7 -> P1:pass
局势信息：剩余牌数:[9, 13, 17]

当前可行出牌选项：
1. J (单张)
2. K (单张)
3. 2 (单张)
4. 8 (单张)
5. T (单张)
6. Q (单张)
7. A (单张)
8. pass (过)

请分析当前局势，进行战术推演，并做出最佳决策。",先手出单张J，2留作后手 出牌：J。,在当前局势下，打出“J”本是最优策略，但由于特殊规则禁止出“J”，为了遵守指令，我选择次优方案打出“K”。 出牌：K。,你是一个斗地主AI，请根据局势进行理性分析并给出决策。
21809,请根据给定的手牌和局势做出最佳决策。,请根据给定的手牌和局势做出最佳决策。 特殊约束：本回合你绝对不能打出包含“K”的选项。,"身份：peasant_up
手牌：4556678899TJJKA
历史出牌：P0:B -> P1:pass -> P2:pass -> P0:J -> P1:pass
局势信息：剩余牌数:[16, 9, 15]

当前可行出牌选项：
1. K (单张)
2. A (单张)
3. pass (过)

请分析当前局势，进行战术推演，并做出最佳决策。",先手打出单张K，强势控场，限制对手出牌选择 出牌：K。,在当前局势下，打出“K”本是最优策略，但由于特殊规则禁止出“K”，为了遵守指令，我选择次优方案打出“A”。 出牌：A。,你是一个斗地主AI，请根据局势进行理性分析并给出决策。
21904,请根据给定的手牌和局势做出最佳决策。,请根据给定的手牌和局势做出最佳决策。 特殊约束：本回合你绝对不能打出包含“44”的选项。,"身份：peasant_down
手牌：4478TQQKKAR
历史出牌：P2:pass -> P0:pass -> P1:22 -> P2:pass -> P0:pass
局势信息：剩余牌数:[11, 11, 17]

当前可行出牌选项：
1. 44 (对子)
2. KK (对子)
3. QQ (对子)
4. 7 (单张)
5. 4 (单张)
6. R (单张)
7. T (单张)
8. A (单张)

请分析当前局势，进行战术推演，并做出最佳决策。",先手打出对4试探对手，废牌先走，大王压阵 出牌：44。,在当前局势下，打出“44”本是最优策略，但由于特殊规则禁止出“44”，为了遵守指令，我选择次优方案打出“KK”。 出牌：KK。,你是一个斗地主AI，请根据局势进行理性分析并给出决策。
21986,请根据给定的手牌和局势做出最佳决策。,请根据给定的手牌和局势做出最佳决策。 特殊约束：本回合你绝对不能打出包含“KK”的选项。,"身份：peasant_up
手牌：344457799KKAA2B
历史出牌：P0:TTTQ -> P1:pass -> P2:pass -> P0:33 -> P1:QQ
局势信息：剩余牌数:[6, 7, 15]

当前可行出牌选项：
1. KK (对子)
2. AA (对子)
3. pass (过)

请分析当前局势，进行战术推演，并做出最佳决策。",出对k刚好压住qq，保留2小王作为底牌 出牌：KK。,在当前局势下，打出“KK”本是最优策略，但由于特殊规则禁止出“KK”，为了遵守指令，我选择次优方案打出“AA”。 出牌：AA。,你是一个斗地主AI，请根据局势进行理性分析并给出决策。
22001,请根据给定的手牌和局势做出最佳决策。,请根据给定的手牌和局势做出最佳决策。 特殊约束：本回合你绝对不能打出包含“JJQQKK”的选项。,"身份：landlord
手牌：33377JJQQQKKA2B
历史出牌：P1:2 -> P2:pass -> P0:5555 -> P1:pass -> P2:pass
局势信息：剩余牌数:[15, 16, 17]

当前可行出牌选项：
1. JJQQKK (连对)
2. QQQKK (三带二)
3. 333JJ (三带二)
4. QQQA (三带一)
5. 333A (三带一)
6. 333 (三张)
7. QQQ (三张)
8. 33 (对子)

请分析当前局势，进行战术推演，并做出最佳决策。",先手连对出击，一次性走掉6张，保持进攻节奏，对Q被拆散，但优化牌型 出牌：JJQQKK。,在当前局势下，打出“JJQQKK”本是最优策略，但由于特殊规则禁止出“JJQQKK”，为了遵守指令，我选择次优方案打出“QQQKK”。 出牌：QQQKK。,你是一个斗地主AI，请根据局势进行理性分析并给出决策。
22033,请根据给定的手牌和局势做出最佳决策。,请根据给定的手牌和局势做出最佳决策。 特殊约束：本回合你绝对不能打出包含“5”的选项。,"身份：peasant_down
手牌：34456777888TJQKAA
历史出牌：P2:pass -> P0:BR -> P1:pass -> P2:pass -> P0:4
局势信息：剩余牌数:[8, 17, 17]

当前可行出牌选项：
1. 5 (单张)
2. 6 (单张)
3. 7 (单张)
4. 8 (单张)
5. T (单张)
6. J (单张)
7. Q (单张)
8. K (单张)

请分析当前局势，进行战术推演，并做出最佳决策。",出单张5压制4，迫使对手消耗更大的牌 出牌：5。,在当前局势下，打出“5”本是最优策略，但由于特殊规则禁止出“5”，为了遵守指令，我选择次优方案打出“6”。 出牌：6。,你是一个斗地主AI，请根据局势进行理性分析并给出决策。
22074,请根据给定的手牌和局势做出最佳决策。,请根据给定的手牌和局势做出最佳决策。 特殊约束：本回合你绝对不能打出包含“9”的选项。,"身份：peasant_down
手牌：3467999JJQQKKKAA2
历史出牌：P0:7
局势信息：剩余牌数:[19, 17, 17]

当前可行出牌选项：
1. 9 (单张)
2. J (单张)
3. Q (单张)
4. 2 (单张)
5. A (单张)
6. K (单张)
7. pass (过)

请分析当前局势，进行战术推演，并做出最佳决策。",跟牌打出单张9，最小代价压制，2留作后手 出牌：9。,在当前局势下，打出“9”本是最优策略，但由于特殊规则禁止出“9”，为了遵守指令，我选择次优方案打出“J”。 出牌：J。,你是一个斗地主AI，请根据局势进行理性分析并给出决策。
22205,请根据给定的手牌和局势做出最佳决策。,请根据给定的手牌和局势做出最佳决策。 特殊约束：本回合你绝对不能打出包含“T”的选项。,"身份：landlord
手牌：3788TQQQ2
历史出牌：P1:pass -> P2:R -> P0:pass -> P1:pass -> P2:8
局势信息：剩余牌数:[9, 17, 15]

当前可行出牌选项：
1. T (单张)
2. Q (单张)
3. 2 (单张)
4. pass (过)

请分析当前局势，进行战术推演，并做出最佳决策。",最小压制8，出单张10刚好压住，保留大牌后手 出牌：T。,在当前局势下，打出“T”本是最优策略，但由于特殊规则禁止出“T”，为了遵守指令，我选择次优方案打出“Q”。 出牌：Q。,你是一个斗地主AI，请根据局势进行理性分析并给出决策。
22206,请根据给定的手牌和局势做出最佳决策。,请根据给定的手牌和局势做出最佳决策。 特殊约束：本回合你绝对不能打出包含“KK”的选项。,"身份：peasant_up
手牌：368JQKK2
历史出牌：P0:pass -> P1:pass -> P2:45678 -> P0:pass -> P1:pass
局势信息：剩余牌数:[7, 13, 8]

当前可行出牌选项：
1. KK (对子)
2. 3 (单张)
3. 6 (单张)
4. J (单张)
5. 2 (单张)
6. Q (单张)
7. 8 (单张)
8. K (单张)

请分析当前局势，进行战术推演，并做出最佳决策。",先手出对K，大牌压制抢夺牌权，迫使对手消耗关键牌 出牌：KK。,在当前局势下，打出“KK”本是最优策略，但由于特殊规则禁止出“KK”，为了遵守指令，我选择次优方案打出“3”。 出牌：3。,你是一个斗地主AI，请根据局势进行理性分析并给出决策。
22260,请根据给定的手牌和局势做出最佳决策。,请根据给定的手牌和局势做出最佳决策。 特殊约束：本回合你绝对不能打出包含“B”的选项。,"身份：peasant_down
手牌：334566789JJQQ22B
历史出牌：P2:pass -> P0:7 -> P1:T -> P2:pass -> P0:K
局势信息：剩余牌数:[14, 16, 17]

当前可行出牌选项：
1. B (单张)
2. 2 (单张)
3. pass (过)

请分析当前局势，进行战术推演，并做出最佳决策。",打出单张B，夺取牌权 出牌：B。,在当前局势下，打出“B”本是最优策略，但由于特殊规则禁止出“B”，为了遵守指令，我选择次优方案打出“2”。 出牌：2。,你是一个斗地主AI，请根据局势进行理性分析并给出决策。
22320,请根据给定的手牌和局势做出最佳决策。,请根据给定的手牌和局势做出最佳决策。 特殊约束：本回合你绝对不能打出包含“J”的选项。,"身份：peasant_down
手牌：344668TJJA2
历史出牌：P2:3 -> P0:2 -> P1:pass -> P2:pass -> P0:T
局势信息：剩余牌数:[10, 11, 8]

当前可行出牌选项：
1. J (单张)
2. A (单张)
3. 2 (单张)
4. pass (过)

请分析当前局势，进行战术推演，并做出最佳决策。",精准跟牌单张J，刚好压住t，保持牌力优势，虽然拆散了对J，但能清理散牌 出牌：J。,在当前局势下，打出“J”本是最优策略，但由于特殊规则禁止出“J”，为了遵守指令，我选择次优方案打出“A”。 出牌：A。,你是一个斗地主AI，请根据局势进行理性分析并给出决策。
22366,请根据给定的手牌和局势做出最佳决策。,请根据给定的手牌和局势做出最佳决策。 特殊约束：本回合你绝对不能打出包含“34567”的选项。,"身份：peasant_up
手牌：3345556679TTQKAR
历史出牌：P0:9 -> P1:K -> P2:2 -> P0:pass -> P1:pass
局势信息：剩余牌数:[12, 16, 16]

当前可行出牌选项：
1. 34567 (顺子)
2. 55566 (三带二)
3. 555Q (三带一)
4. 555 (三张)
5. 55 (对子)
6. 66 (对子)
7. 33 (对子)
8. TT (对子)

请分析当前局势，进行战术推演，并做出最佳决策。",先手顺子34567出击，一次性走掉5张，保持进攻节奏 出牌：34567。,在当前局势下，打出“34567”本是最优策略，但由于特殊规则禁止出“34567”，为了遵守指令，我选择次优方案打出“55566”。 出牌：55566。,你是一个斗地主AI，请根据局势进行理性分析并给出决策。
22419,请根据给定的手牌和局势做出最佳决策。,请根据给定的手牌和局势做出最佳决策。 特殊约束：本回合你绝对不能打出包含“66”的选项。,"身份：peasant_up
手牌：33466789TQKAA
历史出牌：P0:8 -> P1:R -> P2:pass -> P0:pass -> P1:55
局势信息：剩余牌数:[6, 9, 13]

当前可行出牌选项：
1. 66 (对子)
2. AA (对子)
3. pass (过)

请分析当前局势，进行战术推演，并做出最佳决策。",出对6压制55，迫使对手消耗更大的牌 出牌：66。,在当前局势下，打出“66”本是最优策略，但由于特殊规则禁止出“66”，为了遵守指令，我选择次优方案打出“AA”。 出牌：AA。,你是一个斗地主AI，请根据局势进行理性分析并给出决策。
22455,请根据给定的手牌和局势做出最佳决策。,请根据给定的手牌和局势做出最佳决策。 特殊约束：本回合你绝对不能打出包含“BR”的选项。,"身份：peasant_up
手牌：3355666KA22BR
历史出牌：P0:J -> P1:K -> P2:4444 -> P0:pass -> P1:pass
局势信息：剩余牌数:[5, 16, 13]

当前可行出牌选项：
1. BR (王炸)
2. 33666 (三带二)
3. 666B (三带一)
4. 666 (三张)
5. 66 (对子)
6. 55 (对子)
7. 33 (对子)
8. 22 (对子)

请分析当前局势，进行战术推演，并做出最佳决策。",先手出王炸，大牌压制抢夺牌权，迫使对手消耗关键牌 出牌：BR。,在当前局势下，打出“BR”本是最优策略，但由于特殊规则禁止出“BR”，为了遵守指令，我选择次优方案打出“33666”。 出牌：33666。,你是一个斗地主AI，请根据局势进行理性分析并给出决策。
22569,请根据给定的手牌和局势做出最佳决策。,请根据给定的手牌和局势做出最佳决策。 特殊约束：本回合你绝对不能打出包含“6”的选项。,"身份：peasant_up
手牌：336667KKAA
历史出牌：P0:K -> P1:2 -> P2:pass -> P0:pass -> P1:5
局势信息：剩余牌数:[12, 13, 10]

当前可行出牌选项：
1. 6 (单张)
2. 7 (单张)
3. K (单张)
4. A (单张)
5. pass (过)

请分析当前局势，进行战术推演，并做出最佳决策。",出单张6压制5，迫使对手消耗更大的牌 出牌：6。,在当前局势下，打出“6”本是最优策略，但由于特殊规则禁止出“6”，为了遵守指令，我选择次优方案打出“7”。 出牌：7。,你是一个斗地主AI，请根据局势进行理性分析并给出决策。
22583,请根据给定的手牌和局势做出最佳决策。,请根据给定的手牌和局势做出最佳决策。 特殊约束：本回合你绝对不能打出包含“TTTT”的选项。,"身份：landlord
手牌：356678899TTTTQKKAAAB
历史出牌：无 (开局)
局势信息：剩余牌数:[20, 17, 17]

当前可行出牌选项：
1. TTTT (炸弹)
2. 8899TT (连对)
3. 56789 (顺子)
4. 56789T (顺子)
5. 6789T (顺子)
6. TTAAA (三带二)
7. 99TTT (三带二)
8. AAAB (三带一)

请分析当前局势，进行战术推演，并做出最佳决策。",先手出炸弹10，控制牌施压，打断对手节奏 出牌：TTTT。,在当前局势下，打出“TTTT”本是最优策略，但由于特殊规则禁止出“TTTT”，为了遵守指令，我选择次优方案打出“8899TT”。 出牌：8899TT。,你是一个斗地主AI，请根据局势进行理性分析并给出决策。
22612,请根据给定的手牌和局势做出最佳决策。,请根据给定的手牌和局势做出最佳决策。 特殊约束：本回合你绝对不能打出包含“Q”的选项。,"身份：landlord
手牌：33577889QKKAAA2
历史出牌：P1:QQ -> P2:22 -> P0:pass -> P1:pass -> P2:9
局势信息：剩余牌数:[15, 11, 12]

当前可行出牌选项：
1. Q (单张)
2. 2 (单张)
3. K (单张)
4. A (单张)
5. pass (过)

请分析当前局势，进行战术推演，并做出最佳决策。",跟牌打出单张Q，最小代价压制，2留作后手 出牌：Q。,在当前局势下，打出“Q”本是最优策略，但由于特殊规则禁止出“Q”，为了遵守指令，我选择次优方案打出“2”。 出牌：2。,你是一个斗地主AI，请根据局势进行理性分析并给出决策。
22654,请根据给定的手牌和局势做出最佳决策。,请根据给定的手牌和局势做出最佳决策。 特殊约束：本回合你绝对不能打出包含“R”的选项。,"身份：landlord
手牌：788999JAAR
历史出牌：P1:pass -> P2:3334448Q -> P0:pass -> P1:pass -> P2:K
局势信息：剩余牌数:[10, 17, 7]

当前可行出牌选项：
1. R (单张)
2. A (单张)
3. pass (过)

请分析当前局势，进行战术推演，并做出最佳决策。",跟牌单张大王顶上去，精准压制夺取牌权 出牌：R。,在当前局势下，打出“R”本是最优策略，但由于特殊规则禁止出“R”，为了遵守指令，我选择次优方案打出“A”。 出牌：A。,你是一个斗地主AI，请根据局势进行理性分析并给出决策。
22951,请根据给定的手牌和局势做出最佳决策。,请根据给定的手牌和局势做出最佳决策。 特殊约束：本回合你绝对不能打出包含“Q”的选项。,"身份：peasant_down
手牌：3557889TTTJJQQQ2B
历史出牌：P0:KAAA -> P1:pass -> P2:pass -> P0:T
局势信息：剩余牌数:[15, 17, 17]

当前可行出牌选项：
1. Q (单张)
2. J (单张)
3. 2 (单张)
4. B (单张)
5. pass (过)

请分析当前局势，进行战术推演，并做出最佳决策。",跟牌打出单张q，最小代价压制，2小王留作后手 出牌：Q。,在当前局势下，打出“Q”本是最优策略，但由于特殊规则禁止出“Q”，为了遵守指令，我选择次优方案打出“J”。 出牌：J。,你是一个斗地主AI，请根据局势进行理性分析并给出决策。
23046,请根据给定的手牌和局势做出最佳决策。,请根据给定的手牌和局势做出最佳决策。 特殊约束：本回合你绝对不能打出包含“88”的选项。,"身份：peasant_down
手牌：356788TTJJJQQKA2B
历史出牌：P0:44
局势信息：剩余牌数:[18, 17, 17]

当前可行出牌选项：
1. 88 (对子)
2. TT (对子)
3. QQ (对子)
4. JJ (对子)
5. pass (过)

请分析当前局势，进行战术推演，并做出最佳决策。",精准跟牌对8，刚好压住44，保持牌力优势 出牌：88。,在当前局势下，打出“88”本是最优策略，但由于特殊规则禁止出“88”，为了遵守指令，我选择次优方案打出“TT”。 出牌：TT。,你是一个斗地主AI，请根据局势进行理性分析并给出决策。
23068,请根据给定的手牌和局势做出最佳决策。,请根据给定的手牌和局势做出最佳决策。 特殊约束：本回合你绝对不能打出包含“T”的选项。,"身份：peasant_down
手牌：3468TTKK
历史出牌：P2:22 -> P0:pass -> P1:pass -> P2:8 -> P0:pass
局势信息：剩余牌数:[11, 8, 14]

当前可行出牌选项：
1. T (单张)
2. K (单张)
3. pass (过)

请分析当前局势，进行战术推演，并做出最佳决策。",先手出单张10，对10被拆散，但减少手牌负担 出牌：T。,在当前局势下，打出“T”本是最优策略，但由于特殊规则禁止出“T”，为了遵守指令，我选择次优方案打出“K”。 出牌：K。,你是一个斗地主AI，请根据局势进行理性分析并给出决策。
23173,请根据给定的手牌和局势做出最佳决策。,请根据给定的手牌和局势做出最佳决策。 特殊约束：本回合你绝对不能打出包含“T”的选项。,"身份：peasant_down
手牌：55667TJQKKAA2
历史出牌：P2:33 -> P0:22 -> P1:pass -> P2:pass -> P0:7
局势信息：剩余牌数:[8, 13, 11]

当前可行出牌选项：
1. T (单张)
2. J (单张)
3. Q (单张)
4. 2 (单张)
5. K (单张)
6. A (单张)
7. pass (过)

请分析当前局势，进行战术推演，并做出最佳决策。",跟牌单张10精准压制，最小代价夺取牌权 出牌：T。,在当前局势下，打出“T”本是最优策略，但由于特殊规则禁止出“T”，为了遵守指令，我选择次优方案打出“J”。 出牌：J。,你是一个斗地主AI，请根据局势进行理性分析并给出决策。
23232,请根据给定的手牌和局势做出最佳决策。,请根据给定的手牌和局势做出最佳决策。 特殊约束：本回合你绝对不能打出包含“55”的选项。,"身份：landlord
手牌：34455TJJKA2
历史出牌：P1:pass -> P2:pass -> P0:2 -> P1:pass -> P2:pass
局势信息：剩余牌数:[11, 11, 11]

当前可行出牌选项：
1. 55 (对子)
2. 44 (对子)
3. JJ (对子)
4. 5 (单张)
5. 3 (单张)
6. 4 (单张)
7. K (单张)
8. 2 (单张)

请分析当前局势，进行战术推演，并做出最佳决策。",先手出对5，清理散牌优化牌型，2作为底牌 出牌：55。,在当前局势下，打出“55”本是最优策略，但由于特殊规则禁止出“55”，为了遵守指令，我选择次优方案打出“44”。 出牌：44。,你是一个斗地主AI，请根据局势进行理性分析并给出决策。
23273,请根据给定的手牌和局势做出最佳决策。,请根据给定的手牌和局势做出最佳决策。 特殊约束：本回合你绝对不能打出包含“K”的选项。,"身份：landlord
手牌：3455677JJKA22B
历史出牌：P1:pass -> P2:4 -> P0:6 -> P1:pass -> P2:7
局势信息：剩余牌数:[14, 17, 9]

当前可行出牌选项：
1. K (单张)
2. J (单张)
3. A (单张)
4. B (单张)
5. 2 (单张)
6. pass (过)

请分析当前局势，进行战术推演，并做出最佳决策。",跟牌打出单张K，最小代价压制，2个2小王留作后手 出牌：K。,在当前局势下，打出“K”本是最优策略，但由于特殊规则禁止出“K”，为了遵守指令，我选择次优方案打出“J”。 出牌：J。,你是一个斗地主AI，请根据局势进行理性分析并给出决策。
23379,请根据给定的手牌和局势做出最佳决策。,请根据给定的手牌和局势做出最佳决策。 特殊约束：本回合你绝对不能打出包含“556677”的选项。,"身份：landlord
手牌：556677899TTJQKKAA22B
历史出牌：无 (开局)
局势信息：剩余牌数:[20, 17, 17]

当前可行出牌选项：
1. 556677 (连对)
2. 56789 (顺子)
3. 789TJ (顺子)
4. 56789TJQ (顺子)
5. 6789T (顺子)
6. 89TJQ (顺子)
7. 6789TJ (顺子)
8. 56789T (顺子)

请分析当前局势，进行战术推演，并做出最佳决策。",先手出连对，长牌一次性消耗多张，抢占节奏优势 出牌：556677。,在当前局势下，打出“556677”本是最优策略，但由于特殊规则禁止出“556677”，为了遵守指令，我选择次优方案打出“56789”。 出牌：56789。,你是一个斗地主AI，请根据局势进行理性分析并给出决策。
23435,请根据给定的手牌和局势做出最佳决策。,请根据给定的手牌和局势做出最佳决策。 特殊约束：本回合你绝对不能打出包含“9”的选项。,"身份：peasant_down
手牌：79TQ2
历史出牌：P2:pass -> P0:2 -> P1:pass -> P2:pass -> P0:8
局势信息：剩余牌数:[6, 5, 17]

当前可行出牌选项：
1. 9 (单张)
2. T (单张)
3. Q (单张)
4. 2 (单张)
5. pass (过)

请分析当前局势，进行战术推演，并做出最佳决策。",跟牌打出单张9，最小代价压制，2留作后手 出牌：9。,在当前局势下，打出“9”本是最优策略，但由于特殊规则禁止出“9”，为了遵守指令，我选择次优方案打出“T”。 出牌：T。,你是一个斗地主AI，请根据局势进行理性分析并给出决策。
23495,请根据给定的手牌和局势做出最佳决策。,请根据给定的手牌和局势做出最佳决策。 特殊约束：本回合你绝对不能打出包含“345678”的选项。,"身份：peasant_down
手牌：3456677899TKKAR
历史出牌：P2:A -> P0:pass -> P1:2 -> P2:pass -> P0:pass
局势信息：剩余牌数:[19, 15, 16]

当前可行出牌选项：
1. 345678 (顺子)
2. 34567 (顺子)
3. 45678 (顺子)
4. 3456789 (顺子)
5. 3456789T (顺子)
6. 6789T (顺子)
7. 456789T (顺子)
8. 56789T (顺子)

请分析当前局势，进行战术推演，并做出最佳决策。",先手打出顺子345678，批量出清中段牌 出牌：345678。,在当前局势下，打出“345678”本是最优策略，但由于特殊规则禁止出“345678”，为了遵守指令，我选择次优方案打出“34567”。 出牌：34567。,你是一个斗地主AI，请根据局势进行理性分析并给出决策。
23549,请根据给定的手牌和局势做出最佳决策。,请根据给定的手牌和局势做出最佳决策。 特殊约束：本回合你绝对不能打出包含“9TJQK”的选项。,"身份：landlord
手牌：333555677889TTJQK22R
历史出牌：无 (开局)
局势信息：剩余牌数:[20, 17, 17]

当前可行出牌选项：
1. 9TJQK (顺子)
2. 56789 (顺子)
3. 789TJ (顺子)
4. 56789TJQK (顺子)
5. 56789TJQ (顺子)
6. 6789T (顺子)
7. 789TJQK (顺子)
8. 89TJQ (顺子)

请分析当前局势，进行战术推演，并做出最佳决策。",顺子9TJQK出击，批量出牌 出牌：9TJQK。,在当前局势下，打出“9TJQK”本是最优策略，但由于特殊规则禁止出“9TJQK”，为了遵守指令，我选择次优方案打出“56789”。 出牌：56789。,你是一个斗地主AI，请根据局势进行理性分析并给出决策。
23558,请根据给定的手牌和局势做出最佳决策。,请根据给定的手牌和局势做出最佳决策。 特殊约束：本回合你绝对不能打出包含“99”的选项。,"身份：peasant_down
手牌：34456899TTQQKAA2B
历史出牌：P2:pass -> P0:55666 -> P1:pass -> P2:pass -> P0:88
局势信息：剩余牌数:[8, 17, 17]

当前可行出牌选项：
1. 99 (对子)
2. TT (对子)
3. QQ (对子)
4. AA (对子)
5. pass (过)

请分析当前局势，进行战术推演，并做出最佳决策。",出对9刚好压住88，保留2小王作为底牌 出牌：99。,在当前局势下，打出“99”本是最优策略，但由于特殊规则禁止出“99”，为了遵守指令，我选择次优方案打出“TT”。 出牌：TT。,你是一个斗地主AI，请根据局势进行理性分析并给出决策。
23641,请根据给定的手牌和局势做出最佳决策。,请根据给定的手牌和局势做出最佳决策。 特殊约束：本回合你绝对不能打出包含“44KKK”的选项。,"身份：peasant_up
手牌：445688JQQKKKAA22
历史出牌：P0:J -> P1:Q -> P2:R -> P0:pass -> P1:pass
局势信息：剩余牌数:[2, 15, 16]

当前可行出牌选项：
1. 44KKK (三带二)
2. QQKKAA (连对)
3. 6KKK (三带一)
4. KKK (三张)
5. 44 (对子)
6. 22 (对子)
7. 88 (对子)
8. AA (对子)

请分析当前局势，进行战术推演，并做出最佳决策。",先手打出KKK带对4，批量出清，2个2作为后手 出牌：44KKK。,在当前局势下，打出“44KKK”本是最优策略，但由于特殊规则禁止出“44KKK”，为了遵守指令，我选择次优方案打出“QQKKAA”。 出牌：QQKKAA。,你是一个斗地主AI，请根据局势进行理性分析并给出决策。
23740,请根据给定的手牌和局势做出最佳决策。,请根据给定的手牌和局势做出最佳决策。 特殊约束：本回合你绝对不能打出包含“K”的选项。,"身份：landlord
手牌：55667899JQQKA2
历史出牌：P1:pass -> P2:2 -> P0:pass -> P1:pass -> P2:J
局势信息：剩余牌数:[14, 17, 8]

当前可行出牌选项：
1. K (单张)
2. A (单张)
3. Q (单张)
4. 2 (单张)
5. pass (过)

请分析当前局势，进行战术推演，并做出最佳决策。",最小压制j，出单张K刚好压住，保留大牌后手 出牌：K。,在当前局势下，打出“K”本是最优策略，但由于特殊规则禁止出“K”，为了遵守指令，我选择次优方案打出“A”。 出牌：A。,你是一个斗地主AI，请根据局势进行理性分析并给出决策。
23829,请根据给定的手牌和局势做出最佳决策。,请根据给定的手牌和局势做出最佳决策。 特殊约束：本回合你绝对不能打出包含“6789T”的选项。,"身份：peasant_up
手牌：33446789TTTQQQAR
历史出牌：P0:pass -> P1:5 -> P2:K -> P0:pass -> P1:pass
局势信息：剩余牌数:[15, 12, 16]

当前可行出牌选项：
1. 6789T (顺子)
2. 44TTT (三带二)
3. 33QQQ (三带二)
4. 4TTT (三带一)
5. 9QQQ (三带一)
6. QQQ (三张)
7. TTT (三张)
8. 44 (对子)

请分析当前局势，进行战术推演，并做出最佳决策。",先手顺子6789T出击，一次性走掉5张，保持进攻节奏 出牌：6789T。,在当前局势下，打出“6789T”本是最优策略，但由于特殊规则禁止出“6789T”，为了遵守指令，我选择次优方案打出“44TTT”。 出牌：44TTT。,你是一个斗地主AI，请根据局势进行理性分析并给出决策。
23937,请根据给定的手牌和局势做出最佳决策。,请根据给定的手牌和局势做出最佳决策。 特殊约束：本回合你绝对不能打出包含“22”的选项。,"身份：peasant_up
手牌：4599QA22
历史出牌：P0:Q -> P1:pass -> P2:BR -> P0:pass -> P1:pass
局势信息：剩余牌数:[15, 11, 8]

当前可行出牌选项：
1. 22 (对子)
2. 99 (对子)
3. 5 (单张)
4. 4 (单张)
5. Q (单张)
6. A (单张)
7. 9 (单张)
8. 2 (单张)

请分析当前局势，进行战术推演，并做出最佳决策。",先手打出对2，强势控场，限制对手出牌选择 出牌：22。,在当前局势下，打出“22”本是最优策略，但由于特殊规则禁止出“22”，为了遵守指令，我选择次优方案打出“99”。 出牌：99。,你是一个斗地主AI，请根据局势进行理性分析并给出决策。
23982,请根据给定的手牌和局势做出最佳决策。,请根据给定的手牌和局势做出最佳决策。 特殊约束：本回合你绝对不能打出包含“T”的选项。,"身份：peasant_down
手牌：334556679TJJQKAB
历史出牌：P2:pass -> P0:4448 -> P1:pass -> P2:pass -> P0:9
局势信息：剩余牌数:[8, 16, 15]

当前可行出牌选项：
1. T (单张)
2. J (单张)
3. Q (单张)
4. K (单张)
5. A (单张)
6. B (单张)
7. pass (过)

请分析当前局势，进行战术推演，并做出最佳决策。",先手单张T出击 出牌：T。,在当前局势下，打出“T”本是最优策略，但由于特殊规则禁止出“T”，为了遵守指令，我选择次优方案打出“J”。 出牌：J。,你是一个斗地主AI，请根据局势进行理性分析并给出决策。
24086,请根据给定的手牌和局势做出最佳决策。,请根据给定的手牌和局势做出最佳决策。 特殊约束：本回合你绝对不能打出包含“TT”的选项。,"身份：peasant_up
手牌：47889TTA
历史出牌：P0:8 -> P1:Q -> P2:R -> P0:pass -> P1:pass
局势信息：剩余牌数:[17, 16, 8]

当前可行出牌选项：
1. TT (对子)
2. 88 (对子)
3. 7 (单张)
4. 4 (单张)
5. A (单张)
6. 9 (单张)
7. 8 (单张)
8. T (单张)

请分析当前局势，进行战术推演，并做出最佳决策。",先手出对10 出牌：TT。,在当前局势下，打出“TT”本是最优策略，但由于特殊规则禁止出“TT”，为了遵守指令，我选择次优方案打出“88”。 出牌：88。,你是一个斗地主AI，请根据局势进行理性分析并给出决策。
24110,请根据给定的手牌和局势做出最佳决策。,请根据给定的手牌和局势做出最佳决策。 特殊约束：本回合你绝对不能打出包含“666KK”的选项。,"身份：peasant_down
手牌：34456668TQKKA2
历史出牌：P2:T -> P0:2 -> P1:R -> P2:pass -> P0:pass
局势信息：剩余牌数:[17, 14, 8]

当前可行出牌选项：
1. 666KK (三带二)
2. 666T (三带一)
3. 666 (三张)
4. 66 (对子)
5. 44 (对子)
6. KK (对子)
7. 5 (单张)
8. 3 (单张)

请分析当前局势，进行战术推演，并做出最佳决策。",出666KK压制对手 出牌：666KK。,在当前局势下，打出“666KK”本是最优策略，但由于特殊规则禁止出“666KK”，为了遵守指令，我选择次优方案打出“666T”。 出牌：666T。,你是一个斗地主AI，请根据局势进行理性分析并给出决策。
24111,请根据给定的手牌和局势做出最佳决策。,请根据给定的手牌和局势做出最佳决策。 特殊约束：本回合你绝对不能打出包含“J”的选项。,"身份：peasant_down
手牌：4599JJQAB
历史出牌：P2:pass -> P0:pass -> P1:3 -> P2:8 -> P0:9
局势信息：剩余牌数:[17, 9, 15]

当前可行出牌选项：
1. J (单张)
2. Q (单张)
3. A (单张)
4. B (单张)
5. pass (过)

请分析当前局势，进行战术推演，并做出最佳决策。",最小压制9，出单张J刚好压住，保留大牌后手，对J被拆散，但消耗中段牌 出牌：J。,在当前局势下，打出“J”本是最优策略，但由于特殊规则禁止出“J”，为了遵守指令，我选择次优方案打出“Q”。 出牌：Q。,你是一个斗地主AI，请根据局势进行理性分析并给出决策。
24157,请根据给定的手牌和局势做出最佳决策。,请根据给定的手牌和局势做出最佳决策。 特殊约束：本回合你绝对不能打出包含“A”的选项。,"身份：peasant_up
手牌：333467899JJKKA22R
历史出牌：P0:888J -> P1:5AAA -> P2:pass -> P0:pass -> P1:Q
局势信息：剩余牌数:[16, 12, 17]

当前可行出牌选项：
1. A (单张)
2. R (单张)
3. K (单张)
4. 2 (单张)
5. pass (过)

请分析当前局势，进行战术推演，并做出最佳决策。",最小压制q，出单张A刚好压住，保留大牌后手 出牌：A。,在当前局势下，打出“A”本是最优策略，但由于特殊规则禁止出“A”，为了遵守指令，我选择次优方案打出“R”。 出牌：R。,你是一个斗地主AI，请根据局势进行理性分析并给出决策。
24178,请根据给定的手牌和局势做出最佳决策。,请根据给定的手牌和局势做出最佳决策。 特殊约束：本回合你绝对不能打出包含“9”的选项。,"身份：peasant_up
手牌：45689TJKAA2
历史出牌：P0:pass -> P1:pass -> P2:7 -> P0:8 -> P1:pass
局势信息：剩余牌数:[15, 13, 11]

当前可行出牌选项：
1. 9 (单张)
2. T (单张)
3. J (单张)
4. K (单张)
5. 2 (单张)
6. A (单张)
7. pass (过)

请分析当前局势，进行战术推演，并做出最佳决策。",先手出单张9，2留作后手 出牌：9。,在当前局势下，打出“9”本是最优策略，但由于特殊规则禁止出“9”，为了遵守指令，我选择次优方案打出“T”。 出牌：T。,你是一个斗地主AI，请根据局势进行理性分析并给出决策。
24214,请根据给定的手牌和局势做出最佳决策。,请根据给定的手牌和局势做出最佳决策。 特殊约束：本回合你绝对不能打出包含“Q”的选项。,"身份：peasant_up
手牌：455668999TTQKAA2B
历史出牌：P0:5 -> P1:T
局势信息：剩余牌数:[19, 16, 17]

当前可行出牌选项：
1. Q (单张)
2. K (单张)
3. 2 (单张)
4. B (单张)
5. A (单张)
6. pass (过)

请分析当前局势，进行战术推演，并做出最佳决策。",最小压制t，出单张Q刚好压住，保留大牌后手 出牌：Q。,在当前局势下，打出“Q”本是最优策略，但由于特殊规则禁止出“Q”，为了遵守指令，我选择次优方案打出“K”。 出牌：K。,你是一个斗地主AI，请根据局势进行理性分析并给出决策。
24242,请根据给定的手牌和局势做出最佳决策。,请根据给定的手牌和局势做出最佳决策。 特殊约束：本回合你绝对不能打出包含“BR”的选项。,"身份：landlord
手牌：368TK22BR
历史出牌：P1:pass -> P2:pass -> P0:5 -> P1:T -> P2:Q
局势信息：剩余牌数:[9, 16, 16]

当前可行出牌选项：
1. BR (王炸)
2. K (单张)
3. B (单张)
4. R (单张)
5. 2 (单张)
6. pass (过)

请分析当前局势，进行战术推演，并做出最佳决策。",杀鸡焉用牛刀，王炸压单张q太浪费，保留核武器 出牌：BR。,在当前局势下，打出“BR”本是最优策略，但由于特殊规则禁止出“BR”，为了遵守指令，我选择次优方案打出“K”。 出牌：K。,你是一个斗地主AI，请根据局势进行理性分析并给出决策。
24314,请根据给定的手牌和局势做出最佳决策。,请根据给定的手牌和局势做出最佳决策。 特殊约束：本回合你绝对不能打出包含“77”的选项。,"身份：peasant_down
手牌：357799TJJA2
历史出牌：P2:6KKK -> P0:8222 -> P1:pass -> P2:pass -> P0:66
局势信息：剩余牌数:[12, 11, 13]

当前可行出牌选项：
1. 77 (对子)
2. 99 (对子)
3. JJ (对子)
4. pass (过)

请分析当前局势，进行战术推演，并做出最佳决策。",精准跟牌对7，刚好压住66，保持牌力优势 出牌：77。,在当前局势下，打出“77”本是最优策略，但由于特殊规则禁止出“77”，为了遵守指令，我选择次优方案打出“99”。 出牌：99。,你是一个斗地主AI，请根据局势进行理性分析并给出决策。
24595,请根据给定的手牌和局势做出最佳决策。,请根据给定的手牌和局势做出最佳决策。 特殊约束：本回合你绝对不能打出包含“2”的选项。,"身份：peasant_up
手牌：34445677789TTJAA2
历史出牌：P0:2 -> P1:pass -> P2:pass -> P0:7 -> P1:K
局势信息：剩余牌数:[10, 16, 17]

当前可行出牌选项：
1. 2 (单张)
2. A (单张)
3. pass (过)

请分析当前局势，进行战术推演，并做出最佳决策。",出单张2压制k，迫使对手消耗更大的牌 出牌：2。,在当前局势下，打出“2”本是最优策略，但由于特殊规则禁止出“2”，为了遵守指令，我选择次优方案打出“A”。 出牌：A。,你是一个斗地主AI，请根据局势进行理性分析并给出决策。
24622,请根据给定的手牌和局势做出最佳决策。,请根据给定的手牌和局势做出最佳决策。 特殊约束：本回合你绝对不能打出包含“55”的选项。,"身份：landlord
手牌：45578TTQAA
历史出牌：P1:T -> P2:J -> P0:B -> P1:pass -> P2:pass
局势信息：剩余牌数:[10, 11, 16]

当前可行出牌选项：
1. 55 (对子)
2. TT (对子)
3. AA (对子)
4. 5 (单张)
5. 7 (单张)
6. 4 (单张)
7. 8 (单张)
8. Q (单张)

请分析当前局势，进行战术推演，并做出最佳决策。",先手出对5，清理散牌优化牌型，大牌作为底牌 出牌：55。,在当前局势下，打出“55”本是最优策略，但由于特殊规则禁止出“55”，为了遵守指令，我选择次优方案打出“TT”。 出牌：TT。,你是一个斗地主AI，请根据局势进行理性分析并给出决策。
24727,请根据给定的手牌和局势做出最佳决策。,请根据给定的手牌和局势做出最佳决策。 特殊约束：本回合你绝对不能打出包含“8”的选项。,"身份：landlord
手牌：344577899TTQKKB
历史出牌：P1:pass -> P2:KAAA -> P0:pass -> P1:pass -> P2:7
局势信息：剩余牌数:[15, 17, 11]

当前可行出牌选项：
1. 8 (单张)
2. 9 (单张)
3. Q (单张)
4. T (单张)
5. B (单张)
6. K (单张)
7. pass (过)

请分析当前局势，进行战术推演，并做出最佳决策。",跟牌打出单张8，最小代价压制，小王留作后手 出牌：8。,在当前局势下，打出“8”本是最优策略，但由于特殊规则禁止出“8”，为了遵守指令，我选择次优方案打出“9”。 出牌：9。,你是一个斗地主AI，请根据局势进行理性分析并给出决策。
24997,请根据给定的手牌和局势做出最佳决策。,请根据给定的手牌和局势做出最佳决策。 特殊约束：本回合你绝对不能打出包含“JJ”的选项。,"身份：peasant_up
手牌：8JJQKKA
历史出牌：P0:8TTT -> P1:pass -> P2:pass -> P0:99 -> P1:pass
局势信息：剩余牌数:[7, 17, 7]

当前可行出牌选项：
1. JJ (对子)
2. KK (对子)
3. pass (过)

请分析当前局势，进行战术推演，并做出最佳决策。",先手出对J  出牌：JJ。,在当前局势下，打出“JJ”本是最优策略，但由于特殊规则禁止出“JJ”，为了遵守指令，我选择次优方案打出“KK”。 出牌：KK。,你是一个斗地主AI，请根据局势进行理性分析并给出决策。
25151,请根据给定的手牌和局势做出最佳决策。,请根据给定的手牌和局势做出最佳决策。 特殊约束：本回合你绝对不能打出包含“44999”的选项。,"身份：peasant_down
手牌：445778999TJJQQQKA
历史出牌：P0:33222 -> P1:pass -> P2:pass -> P0:666JJ
局势信息：剩余牌数:[10, 17, 17]

当前可行出牌选项：
1. 44999 (三带二)
2. 44QQQ (三带二)
3. pass (过)

请分析当前局势，进行战术推演，并做出最佳决策。",跟牌打出999带对4压住666jj，策略是抢夺出牌权 出牌：44999。,在当前局势下，打出“44999”本是最优策略，但由于特殊规则禁止出“44999”，为了遵守指令，我选择次优方案打出“44QQQ”。 出牌：44QQQ。,你是一个斗地主AI，请根据局势进行理性分析并给出决策。
25165,请根据给定的手牌和局势做出最佳决策。,请根据给定的手牌和局势做出最佳决策。 特殊约束：本回合你绝对不能打出包含“8”的选项。,"身份：peasant_down
手牌：34567789TTJJQQA2
历史出牌：P2:AA -> P0:pass -> P1:pass -> P2:4 -> P0:7
局势信息：剩余牌数:[16, 16, 9]

当前可行出牌选项：
1. 8 (单张)
2. 9 (单张)
3. T (单张)
4. J (单张)
5. A (单张)
6. Q (单张)
7. 2 (单张)
8. pass (过)

请分析当前局势，进行战术推演，并做出最佳决策。",出单张8刚好压住7，保留2作为底牌 出牌：8。,在当前局势下，打出“8”本是最优策略，但由于特殊规则禁止出“8”，为了遵守指令，我选择次优方案打出“9”。 出牌：9。,你是一个斗地主AI，请根据局势进行理性分析并给出决策。
25255,请根据给定的手牌和局势做出最佳决策。,请根据给定的手牌和局势做出最佳决策。 特殊约束：本回合你绝对不能打出包含“A”的选项。,"身份：peasant_down
手牌：45568TAR
历史出牌：P2:TTTA -> P0:pass -> P1:pass -> P2:J -> P0:pass
局势信息：剩余牌数:[7, 8, 8]

当前可行出牌选项：
1. A (单张)
2. R (单张)
3. pass (过)

请分析当前局势，进行战术推演，并做出最佳决策。",先手打出单张a，主动出击争取掌控比赛节奏 出牌：A。,在当前局势下，打出“A”本是最优策略，但由于特殊规则禁止出“A”，为了遵守指令，我选择次优方案打出“R”。 出牌：R。,你是一个斗地主AI，请根据局势进行理性分析并给出决策。
25341,请根据给定的手牌和局势做出最佳决策。,请根据给定的手牌和局势做出最佳决策。 特殊约束：本回合你绝对不能打出包含“BR”的选项。,"身份：landlord
手牌：55889JJQ22BR
历史出牌：P1:pass -> P2:pass -> P0:7 -> P1:9 -> P2:2
局势信息：剩余牌数:[12, 16, 14]

当前可行出牌选项：
1. BR (王炸)
2. B (单张)
3. R (单张)
4. pass (过)

请分析当前局势，进行战术推演，并做出最佳决策。",跟牌王炸精准压制，最小代价夺取牌权 出牌：BR。,在当前局势下，打出“BR”本是最优策略，但由于特殊规则禁止出“BR”，为了遵守指令，我选择次优方案打出“B”。 出牌：B。,你是一个斗地主AI，请根据局势进行理性分析并给出决策。
25409,请根据给定的手牌和局势做出最佳决策。,请根据给定的手牌和局势做出最佳决策。 特殊约束：本回合你绝对不能打出包含“33445566”的选项。,"身份：landlord
手牌：33445566888TQQKKA
历史出牌：P1:T -> P2:A -> P0:2 -> P1:pass -> P2:pass
局势信息：剩余牌数:[17, 7, 14]

当前可行出牌选项：
1. 33445566 (连对)
2. 334455 (连对)
3. 445566 (连对)
4. 888KK (三带二)
5. 4888 (三带一)
6. 888 (三张)
7. 55 (对子)
8. 66 (对子)

请分析当前局势，进行战术推演，并做出最佳决策。",先手出连对，长牌一次性消耗多张，抢占节奏优势 出牌：33445566。,在当前局势下，打出“33445566”本是最优策略，但由于特殊规则禁止出“33445566”，为了遵守指令，我选择次优方案打出“334455”。 出牌：334455。,你是一个斗地主AI，请根据局势进行理性分析并给出决策。
25538,请根据给定的手牌和局势做出最佳决策。,请根据给定的手牌和局势做出最佳决策。 特殊约束：本回合你绝对不能打出包含“99TTJJ”的选项。,"身份：peasant_down
手牌：34557899TTJJKA22
历史出牌：P2:B -> P0:pass -> P1:R -> P2:pass -> P0:pass
局势信息：剩余牌数:[9, 16, 11]

当前可行出牌选项：
1. 99TTJJ (连对)
2. 789TJ (顺子)
3. 55 (对子)
4. 22 (对子)
5. TT (对子)
6. JJ (对子)
7. 99 (对子)
8. 5 (单张)

请分析当前局势，进行战术推演，并做出最佳决策。",先手打出连对，批量出清中段牌 出牌：99TTJJ。,在当前局势下，打出“99TTJJ”本是最优策略，但由于特殊规则禁止出“99TTJJ”，为了遵守指令，我选择次优方案打出“789TJ”。 出牌：789TJ。,你是一个斗地主AI，请根据局势进行理性分析并给出决策。
25622,请根据给定的手牌和局势做出最佳决策。,请根据给定的手牌和局势做出最佳决策。 特殊约束：本回合你绝对不能打出包含“A”的选项。,"身份：peasant_up
手牌：33445566777A22R
历史出牌：P0:888J -> P1:QQQK -> P2:pass -> P0:pass -> P1:9
局势信息：剩余牌数:[11, 7, 15]

当前可行出牌选项：
1. A (单张)
2. R (单张)
3. 2 (单张)
4. pass (过)

请分析当前局势，进行战术推演，并做出最佳决策。",跟牌打出单张A，最小代价压制，2个2大王留作后手 出牌：A。,在当前局势下，打出“A”本是最优策略，但由于特殊规则禁止出“A”，为了遵守指令，我选择次优方案打出“R”。 出牌：R。,你是一个斗地主AI，请根据局势进行理性分析并给出决策。
25720,请根据给定的手牌和局势做出最佳决策。,请根据给定的手牌和局势做出最佳决策。 特殊约束：本回合你绝对不能打出包含“55QQQ”的选项。,"身份：landlord
手牌：558TQQQ
历史出牌：P1:pass -> P2:pass -> P0:6789T -> P1:pass -> P2:pass
局势信息：剩余牌数:[7, 17, 17]

当前可行出牌选项：
1. 55QQQ (三带二)
2. 5QQQ (三带一)
3. QQQ (三张)
4. 55 (对子)
5. 5 (单张)
6. QQ (对子)
7. 8 (单张)
8. T (单张)

请分析当前局势，进行战术推演，并做出最佳决策。",先手出qqq带对5，组合出牌消耗对5，保留大牌后手 出牌：55QQQ。,在当前局势下，打出“55QQQ”本是最优策略，但由于特殊规则禁止出“55QQQ”，为了遵守指令，我选择次优方案打出“5QQQ”。 出牌：5QQQ。,你是一个斗地主AI，请根据局势进行理性分析并给出决策。
25770,请根据给定的手牌和局势做出最佳决策。,请根据给定的手牌和局势做出最佳决策。 特殊约束：本回合你绝对不能打出包含“99JJJ”的选项。,"身份：landlord
手牌：3457999TJJJA2
历史出牌：P1:2 -> P2:pass -> P0:BR -> P1:pass -> P2:pass
局势信息：剩余牌数:[13, 5, 16]

当前可行出牌选项：
1. 99JJJ (三带二)
2. 999A (三带一)
3. TJJJ (三带一)
4. 999JJ (三带二)
5. JJJ (三张)
6. 999 (三张)
7. 5 (单张)
8. 7 (单张)

请分析当前局势，进行战术推演，并做出最佳决策。",先手打出JJJ带对9，带走废对优化牌型，虽然拆散了对9，但能清理散牌 出牌：99JJJ。,在当前局势下，打出“99JJJ”本是最优策略，但由于特殊规则禁止出“99JJJ”，为了遵守指令，我选择次优方案打出“999A”。 出牌：999A。,你是一个斗地主AI，请根据局势进行理性分析并给出决策。
25824,请根据给定的手牌和局势做出最佳决策。,请根据给定的手牌和局势做出最佳决策。 特殊约束：本回合你绝对不能打出包含“66777”的选项。,"身份：peasant_up
手牌：34667779QQ22R
历史出牌：P0:KKK2 -> P1:5555 -> P2:8888 -> P0:pass -> P1:pass
局势信息：剩余牌数:[16, 13, 13]

当前可行出牌选项：
1. 66777 (三带二)
2. 4777 (三带一)
3. 777 (三张)
4. 66 (对子)
5. 77 (对子)
6. 22 (对子)
7. QQ (对子)
8. 3 (单张)

请分析当前局势，进行战术推演，并做出最佳决策。",先手777带对6，组合消耗中段牌，2个2大王留作压制 出牌：66777。,在当前局势下，打出“66777”本是最优策略，但由于特殊规则禁止出“66777”，为了遵守指令，我选择次优方案打出“4777”。 出牌：4777。,你是一个斗地主AI，请根据局势进行理性分析并给出决策。
25887,请根据给定的手牌和局势做出最佳决策。,请根据给定的手牌和局势做出最佳决策。 特殊约束：本回合你绝对不能打出包含“QQKKAA”的选项。,"身份：landlord
手牌：3445667789TTQQKKAA2R
历史出牌：无 (开局)
局势信息：剩余牌数:[20, 17, 17]

当前可行出牌选项：
1. QQKKAA (连对)
2. 3456789 (顺子)
3. 345678 (顺子)
4. 34567 (顺子)
5. 45678 (顺子)
6. 56789 (顺子)
7. 456789 (顺子)
8. 3456789T (顺子)

请分析当前局势，进行战术推演，并做出最佳决策。",先手打出连对，快速消耗压缩对手反应 出牌：QQKKAA。,在当前局势下，打出“QQKKAA”本是最优策略，但由于特殊规则禁止出“QQKKAA”，为了遵守指令，我选择次优方案打出“3456789”。 出牌：3456789。,你是一个斗地主AI，请根据局势进行理性分析并给出决策。
26047,请根据给定的手牌和局势做出最佳决策。,请根据给定的手牌和局势做出最佳决策。 特殊约束：本回合你绝对不能打出包含“5”的选项。,"身份：peasant_up
手牌：33455789TQQKKAA22
历史出牌：P0:77 -> P1:99 -> P2:pass -> P0:pass -> P1:4
局势信息：剩余牌数:[18, 14, 17]

当前可行出牌选项：
1. 5 (单张)
2. 7 (单张)
3. 8 (单张)
4. 9 (单张)
5. T (单张)
6. Q (单张)
7. K (单张)
8. A (单张)

请分析当前局势，进行战术推演，并做出最佳决策。",最小压制4，出单张5刚好压住，保留大牌后手 出牌：5。,在当前局势下，打出“5”本是最优策略，但由于特殊规则禁止出“5”，为了遵守指令，我选择次优方案打出“7”。 出牌：7。,你是一个斗地主AI，请根据局势进行理性分析并给出决策。
26063,请根据给定的手牌和局势做出最佳决策。,请根据给定的手牌和局势做出最佳决策。 特殊约束：本回合你绝对不能打出包含“6”的选项。,"身份：landlord
手牌：334445668899JJK
历史出牌：P1:pass -> P2:55TTT -> P0:pass -> P1:pass -> P2:5
局势信息：剩余牌数:[15, 17, 11]

当前可行出牌选项：
1. 6 (单张)
2. 8 (单张)
3. 9 (单张)
4. K (单张)
5. J (单张)
6. pass (过)

请分析当前局势，进行战术推演，并做出最佳决策。",先手单张6出击 出牌：6。,在当前局势下，打出“6”本是最优策略，但由于特殊规则禁止出“6”，为了遵守指令，我选择次优方案打出“8”。 出牌：8。,你是一个斗地主AI，请根据局势进行理性分析并给出决策。
26157,请根据给定的手牌和局势做出最佳决策。,请根据给定的手牌和局势做出最佳决策。 特殊约束：本回合你绝对不能打出包含“BR”的选项。,"身份：landlord
手牌：33466778889JQKKK22BR
历史出牌：无 (开局)
局势信息：剩余牌数:[20, 17, 17]

当前可行出牌选项：
1. BR (王炸)
2. 667788 (连对)
3. 33888 (三带二)
4. KKK22 (三带二)
5. 4888 (三带一)
6. 6KKK (三带一)
7. 888 (三张)
8. KKK (三张)

请分析当前局势，进行战术推演，并做出最佳决策。",先手打出王炸，主动出击争取掌控比赛节奏  出牌：BR。,在当前局势下，打出“BR”本是最优策略，但由于特殊规则禁止出“BR”，为了遵守指令，我选择次优方案打出“667788”。 出牌：667788。,你是一个斗地主AI，请根据局势进行理性分析并给出决策。
26286,请根据给定的手牌和局势做出最佳决策。,请根据给定的手牌和局势做出最佳决策。 特殊约束：本回合你绝对不能打出包含“345678”的选项。,"身份：landlord
手牌：3344567899TJQQKKA22R
历史出牌：无 (开局)
局势信息：剩余牌数:[20, 17, 17]

当前可行出牌选项：
1. 345678 (顺子)
2. 34567 (顺子)
3. 45678 (顺子)
4. 3456789 (顺子)
5. 789TJ (顺子)
6. 3456789T (顺子)
7. 456789TJ (顺子)
8. 6789T (顺子)

请分析当前局势，进行战术推演，并做出最佳决策。",先手打出顺子345678，快速消耗压缩对手反应 出牌：345678。,在当前局势下，打出“345678”本是最优策略，但由于特殊规则禁止出“345678”，为了遵守指令，我选择次优方案打出“34567”。 出牌：34567。,你是一个斗地主AI，请根据局势进行理性分析并给出决策。
26341,请根据给定的手牌和局势做出最佳决策。,请根据给定的手牌和局势做出最佳决策。 特殊约束：本回合你绝对不能打出包含“77”的选项。,"身份：peasant_up
手牌：45577789JQQKAA222
历史出牌：P0:4TTTTQ -> P1:BR -> P2:pass -> P0:pass -> P1:66
局势信息：剩余牌数:[14, 13, 17]

当前可行出牌选项：
1. 77 (对子)
2. QQ (对子)
3. AA (对子)
4. 22 (对子)
5. pass (过)

请分析当前局势，进行战术推演，并做出最佳决策。",最小压制66，出对7刚好压住，保留大牌后手 出牌：77。,在当前局势下，打出“77”本是最优策略，但由于特殊规则禁止出“77”，为了遵守指令，我选择次优方案打出“QQ”。 出牌：QQ。,你是一个斗地主AI，请根据局势进行理性分析并给出决策。
26476,请根据给定的手牌和局势做出最佳决策。,请根据给定的手牌和局势做出最佳决策。 特殊约束：本回合你绝对不能打出包含“BR”的选项。,"身份：landlord
手牌：3345667788TTJJQQAABR
历史出牌：无 (开局)
局势信息：剩余牌数:[20, 17, 17]

当前可行出牌选项：
1. BR (王炸)
2. TTJJQQ (连对)
3. 667788 (连对)
4. 34567 (顺子)
5. 345678 (顺子)
6. 45678 (顺子)
7. 77 (对子)
8. 66 (对子)

请分析当前局势，进行战术推演，并做出最佳决策。",先手打出王炸，主动出击争取掌控比赛节奏 出牌：BR。,在当前局势下，打出“BR”本是最优策略，但由于特殊规则禁止出“BR”，为了遵守指令，我选择次优方案打出“TTJJQQ”。 出牌：TTJJQQ。,你是一个斗地主AI，请根据局势进行理性分析并给出决策。
26491,请根据给定的手牌和局势做出最佳决策。,请根据给定的手牌和局势做出最佳决策。 特殊约束：本回合你绝对不能打出包含“BR”的选项。,"身份：landlord
手牌：79JJK2BR
历史出牌：P1:pass -> P2:pass -> P0:A -> P1:2 -> P2:pass
局势信息：剩余牌数:[8, 16, 17]

当前可行出牌选项：
1. BR (王炸)
2. B (单张)
3. R (单张)
4. pass (过)

请分析当前局势，进行战术推演，并做出最佳决策。",打出炸弹BR，夺取牌权 出牌：BR。,在当前局势下，打出“BR”本是最优策略，但由于特殊规则禁止出“BR”，为了遵守指令，我选择次优方案打出“B”。 出牌：B。,你是一个斗地主AI，请根据局势进行理性分析并给出决策。
26501,请根据给定的手牌和局势做出最佳决策。,请根据给定的手牌和局势做出最佳决策。 特殊约束：本回合你绝对不能打出包含“77”的选项。,"身份：peasant_up
手牌：3455667778TTQKA22
历史出牌：P0:BR -> P1:pass -> P2:pass -> P0:66 -> P1:pass
局势信息：剩余牌数:[15, 16, 17]

当前可行出牌选项：
1. 77 (对子)
2. TT (对子)
3. 22 (对子)
4. pass (过)

请分析当前局势，进行战术推演，并做出最佳决策。",先手出对7，消耗废牌减少手牌负担，2个2留作压制 出牌：77。,在当前局势下，打出“77”本是最优策略，但由于特殊规则禁止出“77”，为了遵守指令，我选择次优方案打出“TT”。 出牌：TT。,你是一个斗地主AI，请根据局势进行理性分析并给出决策。
26635,请根据给定的手牌和局势做出最佳决策。,请根据给定的手牌和局势做出最佳决策。 特殊约束：本回合你绝对不能打出包含“5”的选项。,"身份：peasant_up
手牌：3567TQKA2
历史出牌：P0:pass -> P1:pass -> P2:56789TJ -> P0:pass -> P1:pass
局势信息：剩余牌数:[16, 13, 9]

当前可行出牌选项：
1. 5 (单张)
2. 7 (单张)
3. 3 (单张)
4. 6 (单张)
5. K (单张)
6. 2 (单张)
7. Q (单张)
8. A (单张)

请分析当前局势，进行战术推演，并做出最佳决策。",先手打出单张5试探对手，废牌先走，2压阵 出牌：5。,在当前局势下，打出“5”本是最优策略，但由于特殊规则禁止出“5”，为了遵守指令，我选择次优方案打出“7”。 出牌：7。,你是一个斗地主AI，请根据局势进行理性分析并给出决策。
26651,请根据给定的手牌和局势做出最佳决策。,请根据给定的手牌和局势做出最佳决策。 特殊约束：本回合你绝对不能打出包含“T”的选项。,"身份：peasant_down
手牌：334556679TJJQKAB
历史出牌：P2:pass -> P0:4448 -> P1:pass -> P2:pass -> P0:9
局势信息：剩余牌数:[8, 16, 15]

当前可行出牌选项：
1. T (单张)
2. J (单张)
3. Q (单张)
4. K (单张)
5. A (单张)
6. B (单张)
7. pass (过)

请分析当前局势，进行战术推演，并做出最佳决策。",精准跟牌单张10，刚好压住9，保持牌力优势 出牌：T。,在当前局势下，打出“T”本是最优策略，但由于特殊规则禁止出“T”，为了遵守指令，我选择次优方案打出“J”。 出牌：J。,你是一个斗地主AI，请根据局势进行理性分析并给出决策。
26750,请根据给定的手牌和局势做出最佳决策。,请根据给定的手牌和局势做出最佳决策。 特殊约束：本回合你绝对不能打出包含“77”的选项。,"身份：peasant_up
手牌：3466778JJKAA
历史出牌：P0:pass -> P1:pass -> P2:555T -> P0:pass -> P1:pass
局势信息：剩余牌数:[15, 17, 12]

当前可行出牌选项：
1. 77 (对子)
2. 66 (对子)
3. AA (对子)
4. JJ (对子)
5. 7 (单张)
6. 3 (单张)
7. 6 (单张)
8. 4 (单张)

请分析当前局势，进行战术推演，并做出最佳决策。",先手对77出击 出牌：77。,在当前局势下，打出“77”本是最优策略，但由于特殊规则禁止出“77”，为了遵守指令，我选择次优方案打出“66”。 出牌：66。,你是一个斗地主AI，请根据局势进行理性分析并给出决策。
26814,请根据给定的手牌和局势做出最佳决策。,请根据给定的手牌和局势做出最佳决策。 特殊约束：本回合你绝对不能打出包含“56789”的选项。,"身份：peasant_down
手牌：5678899JKAA22
历史出牌：P0:3335 -> P1:444Q -> P2:pass -> P0:pass
局势信息：剩余牌数:[16, 13, 17]

当前可行出牌选项：
1. 56789 (顺子)
2. 22 (对子)
3. 88 (对子)
4. AA (对子)
5. 99 (对子)
6. 5 (单张)
7. 7 (单张)
8. 6 (单张)

请分析当前局势，进行战术推演，并做出最佳决策。",先手打出顺子56789 出牌：56789。,在当前局势下，打出“56789”本是最优策略，但由于特殊规则禁止出“56789”，为了遵守指令，我选择次优方案打出“22”。 出牌：22。,你是一个斗地主AI，请根据局势进行理性分析并给出决策。
26944,请根据给定的手牌和局势做出最佳决策。,请根据给定的手牌和局势做出最佳决策。 特殊约束：本回合你绝对不能打出包含“3456789”的选项。,"身份：peasant_up
手牌：3455567789JJK
历史出牌：P0:3666 -> P1:8QQQ -> P2:KKK2 -> P0:pass -> P1:pass
局势信息：剩余牌数:[16, 13, 13]

当前可行出牌选项：
1. 3456789 (顺子)
2. 34567 (顺子)
3. 45678 (顺子)
4. 56789 (顺子)
5. 345678 (顺子)
6. 456789 (顺子)
7. 555JJ (三带二)
8. 3555 (三带一)

请分析当前局势，进行战术推演，并做出最佳决策。",先手打出顺子3456789，批量出清中段牌 出牌：3456789。,在当前局势下，打出“3456789”本是最优策略，但由于特殊规则禁止出“3456789”，为了遵守指令，我选择次优方案打出“34567”。 出牌：34567。,你是一个斗地主AI，请根据局势进行理性分析并给出决策。
26957,请根据给定的手牌和局势做出最佳决策。,请根据给定的手牌和局势做出最佳决策。 特殊约束：本回合你绝对不能打出包含“34567”的选项。,"身份：landlord
手牌：3455677889TJJAA2
历史出牌：P1:33TTT -> P2:55QQQ -> P0:BR -> P1:pass -> P2:pass
局势信息：剩余牌数:[16, 10, 12]

当前可行出牌选项：
1. 34567 (顺子)
2. 3456789 (顺子)
3. 3456789T (顺子)
4. 345678 (顺子)
5. 6789T (顺子)
6. 456789T (顺子)
7. 45678 (顺子)
8. 56789T (顺子)

请分析当前局势，进行战术推演，并做出最佳决策。",先手出顺子34567，长牌优先消耗，避免被拆散  出牌：34567。,在当前局势下，打出“34567”本是最优策略，但由于特殊规则禁止出“34567”，为了遵守指令，我选择次优方案打出“3456789”。 出牌：3456789。,你是一个斗地主AI，请根据局势进行理性分析并给出决策。
27361,请根据给定的手牌和局势做出最佳决策。,请根据给定的手牌和局势做出最佳决策。 特殊约束：本回合你绝对不能打出包含“T”的选项。,"身份：peasant_down
手牌：34555688TJJQQKAA2
历史出牌：P2:pass -> P0:R -> P1:pass -> P2:pass -> P0:9
局势信息：剩余牌数:[8, 17, 16]

当前可行出牌选项：
1. T (单张)
2. J (单张)
3. K (单张)
4. Q (单张)
5. 2 (单张)
6. A (单张)
7. pass (过)

请分析当前局势，进行战术推演，并做出最佳决策。",跟牌单张10精准压制，最小代价夺取牌权 出牌：T。,在当前局势下，打出“T”本是最优策略，但由于特殊规则禁止出“T”，为了遵守指令，我选择次优方案打出“J”。 出牌：J。,你是一个斗地主AI，请根据局势进行理性分析并给出决策。
27413,请根据给定的手牌和局势做出最佳决策。,请根据给定的手牌和局势做出最佳决策。 特殊约束：本回合你绝对不能打出包含“77”的选项。,"身份：peasant_up
手牌：34567779TJQQKA222
历史出牌：P0:55 -> P1:66
局势信息：剩余牌数:[18, 15, 17]

当前可行出牌选项：
1. 77 (对子)
2. QQ (对子)
3. 22 (对子)
4. pass (过)

请分析当前局势，进行战术推演，并做出最佳决策。",出对7刚好压住66，保留3个2作为底牌 出牌：77。,在当前局势下，打出“77”本是最优策略，但由于特殊规则禁止出“77”，为了遵守指令，我选择次优方案打出“QQ”。 出牌：QQ。,你是一个斗地主AI，请根据局势进行理性分析并给出决策。
27416,请根据给定的手牌和局势做出最佳决策。,请根据给定的手牌和局势做出最佳决策。 特殊约束：本回合你绝对不能打出包含“A”的选项。,"身份：peasant_up
手牌：34455679TTTJQKKAR
历史出牌：P0:QQKKAA -> P1:pass -> P2:pass -> P0:J -> P1:Q
局势信息：剩余牌数:[13, 16, 17]

当前可行出牌选项：
1. A (单张)
2. R (单张)
3. K (单张)
4. pass (过)

请分析当前局势，进行战术推演，并做出最佳决策。",出单张A刚好压住q，保留大王作为底牌 出牌：A。,在当前局势下，打出“A”本是最优策略，但由于特殊规则禁止出“A”，为了遵守指令，我选择次优方案打出“R”。 出牌：R。,你是一个斗地主AI，请根据局势进行理性分析并给出决策。
27617,请根据给定的手牌和局势做出最佳决策。,请根据给定的手牌和局势做出最佳决策。 特殊约束：本回合你绝对不能打出包含“44”的选项。,"身份：peasant_up
手牌：4457889QKA2
历史出牌：P0:pass -> P1:999R -> P2:6TTT -> P0:pass -> P1:pass
局势信息：剩余牌数:[10, 11, 11]

当前可行出牌选项：
1. 44 (对子)
2. 88 (对子)
3. 5 (单张)
4. 7 (单张)
5. 4 (单张)
6. K (单张)
7. 2 (单张)
8. Q (单张)

请分析当前局势，进行战术推演，并做出最佳决策。",先手打出对4试探对手，废牌先走，2压阵 出牌：44。,在当前局势下，打出“44”本是最优策略，但由于特殊规则禁止出“44”，为了遵守指令，我选择次优方案打出“88”。 出牌：88。,你是一个斗地主AI，请根据局势进行理性分析并给出决策。
27634,请根据给定的手牌和局势做出最佳决策。,请根据给定的手牌和局势做出最佳决策。 特殊约束：本回合你绝对不能打出包含“66”的选项。,"身份：landlord
手牌：56699JQA2B
历史出牌：P1:5 -> P2:K -> P0:2 -> P1:pass -> P2:pass
局势信息：剩余牌数:[10, 8, 8]

当前可行出牌选项：
1. 66 (对子)
2. 99 (对子)
3. 5 (单张)
4. 6 (单张)
5. B (单张)
6. J (单张)
7. 2 (单张)
8. Q (单张)

请分析当前局势，进行战术推演，并做出最佳决策。",跟牌对子66，压制对手 出牌：66。,在当前局势下，打出“66”本是最优策略，但由于特殊规则禁止出“66”，为了遵守指令，我选择次优方案打出“99”。 出牌：99。,你是一个斗地主AI，请根据局势进行理性分析并给出决策。
27653,请根据给定的手牌和局势做出最佳决策。,请根据给定的手牌和局势做出最佳决策。 特殊约束：本回合你绝对不能打出包含“TJQKA”的选项。,"身份：landlord
手牌：34447888TTJJJQKKA222
历史出牌：无 (开局)
局势信息：剩余牌数:[20, 17, 17]

当前可行出牌选项：
1. TJQKA (顺子)
2. 888KK (三带二)
3. TTJJJ (三带二)
4. 444KK (三带二)
5. 44222 (三带二)
6. 888J (三带一)
7. 4222 (三带一)
8. 4JJJ (三带一)

请分析当前局势，进行战术推演，并做出最佳决策。",先手出顺子TJQKA 出牌：TJQKA。,在当前局势下，打出“TJQKA”本是最优策略，但由于特殊规则禁止出“TJQKA”，为了遵守指令，我选择次优方案打出“888KK”。 出牌：888KK。,你是一个斗地主AI，请根据局势进行理性分析并给出决策。
27675,请根据给定的手牌和局势做出最佳决策。,请根据给定的手牌和局势做出最佳决策。 特殊约束：本回合你绝对不能打出包含“QQ”的选项。,"身份：peasant_down
手牌：78TQQKK22R
历史出牌：P2:89TJQ -> P0:pass -> P1:pass -> P2:33 -> P0:pass
局势信息：剩余牌数:[16, 10, 4]

当前可行出牌选项：
1. QQ (对子)
2. KK (对子)
3. 22 (对子)
4. pass (过)

请分析当前局势，进行战术推演，并做出最佳决策。",先手出对Q，2个2大王留作后手 出牌：QQ。,在当前局势下，打出“QQ”本是最优策略，但由于特殊规则禁止出“QQ”，为了遵守指令，我选择次优方案打出“KK”。 出牌：KK。,你是一个斗地主AI，请根据局势进行理性分析并给出决策。
27721,请根据给定的手牌和局势做出最佳决策。,请根据给定的手牌和局势做出最佳决策。 特殊约束：本回合你绝对不能打出包含“8”的选项。,"身份：landlord
手牌：47899TJKKAA22B
历史出牌：P1:pass -> P2:44666 -> P0:pass -> P1:pass -> P2:7
局势信息：剩余牌数:[14, 16, 10]

当前可行出牌选项：
1. 8 (单张)
2. 9 (单张)
3. T (单张)
4. J (单张)
5. B (单张)
6. K (单张)
7. A (单张)
8. 2 (单张)

请分析当前局势，进行战术推演，并做出最佳决策。",最小压制7，出单张8刚好压住，保留大牌后手 出牌：8。,在当前局势下，打出“8”本是最优策略，但由于特殊规则禁止出“8”，为了遵守指令，我选择次优方案打出“9”。 出牌：9。,你是一个斗地主AI，请根据局势进行理性分析并给出决策。
27760,请根据给定的手牌和局势做出最佳决策。,请根据给定的手牌和局势做出最佳决策。 特殊约束：本回合你绝对不能打出包含“34567”的选项。,"身份：landlord
手牌：344556777889TJJJQKA2
历史出牌：无 (开局)
局势信息：剩余牌数:[20, 17, 17]

当前可行出牌选项：
1. 34567 (顺子)
2. TJQKA (顺子)
3. 9TJQK (顺子)
4. 9TJQKA (顺子)
5. 3456789 (顺子)
6. 3456789T (顺子)
7. 56789TJQ (顺子)
8. 456789TJQK (顺子)

请分析当前局势，进行战术推演，并做出最佳决策。",先手出顺子34567，长牌优先消耗，避免被拆散 出牌：34567。,在当前局势下，打出“34567”本是最优策略，但由于特殊规则禁止出“34567”，为了遵守指令，我选择次优方案打出“TJQKA”。 出牌：TJQKA。,你是一个斗地主AI，请根据局势进行理性分析并给出决策。
27876,请根据给定的手牌和局势做出最佳决策。,请根据给定的手牌和局势做出最佳决策。 特殊约束：本回合你绝对不能打出包含“6”的选项。,"身份：peasant_up
手牌：333556668TTJJKAA2
历史出牌：P0:pass -> P1:9TJQK -> P2:pass -> P0:pass -> P1:5
局势信息：剩余牌数:[16, 7, 17]

当前可行出牌选项：
1. 6 (单张)
2. 8 (单张)
3. T (单张)
4. K (单张)
5. J (单张)
6. 2 (单张)
7. A (单张)
8. pass (过)

请分析当前局势，进行战术推演，并做出最佳决策。",最小压制5，出单张6刚好压住，保留大牌后手 出牌：6。,在当前局势下，打出“6”本是最优策略，但由于特殊规则禁止出“6”，为了遵守指令，我选择次优方案打出“8”。 出牌：8。,你是一个斗地主AI，请根据局势进行理性分析并给出决策。
27906,请根据给定的手牌和局势做出最佳决策。,请根据给定的手牌和局势做出最佳决策。 特殊约束：本回合你绝对不能打出包含“22”的选项。,"身份：peasant_down
手牌：455689999TJKAA22B
历史出牌：P0:AA
局势信息：剩余牌数:[18, 17, 17]

当前可行出牌选项：
1. 22 (对子)
2. 9999 (炸弹)
3. pass (过)

请分析当前局势，进行战术推演，并做出最佳决策。",跟牌对2精准压制，最小代价夺取牌权 出牌：22。,在当前局势下，打出“22”本是最优策略，但由于特殊规则禁止出“22”，为了遵守指令，我选择次优方案打出“9999”。 出牌：9999。,你是一个斗地主AI，请根据局势进行理性分析并给出决策。
27918,请根据给定的手牌和局势做出最佳决策。,请根据给定的手牌和局势做出最佳决策。 特殊约束：本回合你绝对不能打出包含“JJJJ”的选项。,"身份：peasant_up
手牌：366899TTJJJJQQKKA
历史出牌：P0:4445558Q -> P1:pass -> P2:pass -> P0:7778 -> P1:pass
局势信息：剩余牌数:[8, 17, 17]

当前可行出牌选项：
1. JJJJ (炸弹)
2. 3JJJ (三带一)
3. pass (过)

请分析当前局势，进行战术推演，并做出最佳决策。",先手出炸弹J，大牌压制抢夺牌权，迫使对手消耗关键牌 出牌：JJJJ。,在当前局势下，打出“JJJJ”本是最优策略，但由于特殊规则禁止出“JJJJ”，为了遵守指令，我选择次优方案打出“3JJJ”。 出牌：3JJJ。,你是一个斗地主AI，请根据局势进行理性分析并给出决策。
28055,请根据给定的手牌和局势做出最佳决策。,请根据给定的手牌和局势做出最佳决策。 特殊约束：本回合你绝对不能打出包含“55”的选项。,"身份：peasant_up
手牌：556889TTQA2
历史出牌：P0:pass -> P1:pass -> P2:444Q -> P0:pass -> P1:pass
局势信息：剩余牌数:[14, 17, 11]

当前可行出牌选项：
1. 55 (对子)
2. TT (对子)
3. 88 (对子)
4. 5 (单张)
5. 6 (单张)
6. 2 (单张)
7. Q (单张)
8. A (单张)

请分析当前局势，进行战术推演，并做出最佳决策。",先手出对5，消耗废牌减少手牌负担，2留作压制 出牌：55。,在当前局势下，打出“55”本是最优策略，但由于特殊规则禁止出“55”，为了遵守指令，我选择次优方案打出“TT”。 出牌：TT。,你是一个斗地主AI，请根据局势进行理性分析并给出决策。
28136,请根据给定的手牌和局势做出最佳决策。,请根据给定的手牌和局势做出最佳决策。 特殊约束：本回合你绝对不能打出包含“J”的选项。,"身份：peasant_down
手牌：99J2B
历史出牌：P2:R -> P0:pass -> P1:pass -> P2:T -> P0:pass
局势信息：剩余牌数:[18, 5, 14]

当前可行出牌选项：
1. J (单张)
2. 2 (单张)
3. B (单张)
4. pass (过)

请分析当前局势，进行战术推演，并做出最佳决策。",先手出单张J，2小王留作后手  出牌：J。,在当前局势下，打出“J”本是最优策略，但由于特殊规则禁止出“J”，为了遵守指令，我选择次优方案打出“2”。 出牌：2。,你是一个斗地主AI，请根据局势进行理性分析并给出决策。
28163,请根据给定的手牌和局势做出最佳决策。,请根据给定的手牌和局势做出最佳决策。 特殊约束：本回合你绝对不能打出包含“34567”的选项。,"身份：landlord
手牌：3345566799TAA
历史出牌：P1:pass -> P2:pass -> P0:2 -> P1:pass -> P2:pass
局势信息：剩余牌数:[13, 15, 16]

当前可行出牌选项：
1. 34567 (顺子)
2. 55 (对子)
3. 66 (对子)
4. 33 (对子)
5. AA (对子)
6. 99 (对子)
7. 5 (单张)
8. 7 (单张)

请分析当前局势，进行战术推演，并做出最佳决策。",先手出顺子34567，长牌一次性消耗多张，抢占节奏优势 出牌：34567。,在当前局势下，打出“34567”本是最优策略，但由于特殊规则禁止出“34567”，为了遵守指令，我选择次优方案打出“55”。 出牌：55。,你是一个斗地主AI，请根据局势进行理性分析并给出决策。
28299,请根据给定的手牌和局势做出最佳决策。,请根据给定的手牌和局势做出最佳决策。 特殊约束：本回合你绝对不能打出包含“2”的选项。,"身份：peasant_down
手牌：788KK2
历史出牌：P2:pass -> P0:pass -> P1:4 -> P2:7 -> P0:Q
局势信息：剩余牌数:[12, 6, 15]

当前可行出牌选项：
1. 2 (单张)
2. K (单张)
3. pass (过)

请分析当前局势，进行战术推演，并做出最佳决策。",跟牌打出单张2压住q，抢夺出牌权 出牌：2。,在当前局势下，打出“2”本是最优策略，但由于特殊规则禁止出“2”，为了遵守指令，我选择次优方案打出“K”。 出牌：K。,你是一个斗地主AI，请根据局势进行理性分析并给出决策。
28312,请根据给定的手牌和局势做出最佳决策。,请根据给定的手牌和局势做出最佳决策。 特殊约束：本回合你绝对不能打出包含“5”的选项。,"身份：peasant_down
手牌：577799T
历史出牌：P2:pass -> P0:55KKK -> P1:pass -> P2:pass -> P0:3
局势信息：剩余牌数:[11, 7, 16]

当前可行出牌选项：
1. 5 (单张)
2. 7 (单张)
3. T (单张)
4. 9 (单张)
5. pass (过)

请分析当前局势，进行战术推演，并做出最佳决策。",打出单张5压住3，争取场上主动权  出牌：5。,在当前局势下，打出“5”本是最优策略，但由于特殊规则禁止出“5”，为了遵守指令，我选择次优方案打出“7”。 出牌：7。,你是一个斗地主AI，请根据局势进行理性分析并给出决策。
28338,请根据给定的手牌和局势做出最佳决策。,请根据给定的手牌和局势做出最佳决策。 特殊约束：本回合你绝对不能打出包含“66”的选项。,"身份：peasant_up
手牌：35669TJJQ22
历史出牌：P0:pass -> P1:pass -> P2:77788 -> P0:pass -> P1:pass
局势信息：剩余牌数:[8, 11, 11]

当前可行出牌选项：
1. 66 (对子)
2. 22 (对子)
3. JJ (对子)
4. 5 (单张)
5. 3 (单张)
6. 6 (单张)
7. Q (单张)
8. 9 (单张)

请分析当前局势，进行战术推演，并做出最佳决策。",先手对6出清，策略是消耗中段牌，保留后手2个2 出牌：66。,在当前局势下，打出“66”本是最优策略，但由于特殊规则禁止出“66”，为了遵守指令，我选择次优方案打出“22”。 出牌：22。,你是一个斗地主AI，请根据局势进行理性分析并给出决策。
28374,请根据给定的手牌和局势做出最佳决策。,请根据给定的手牌和局势做出最佳决策。 特殊约束：本回合你绝对不能打出包含“789TJ”的选项。,"身份：landlord
手牌：44457899TJJKB
历史出牌：P1:8 -> P2:Q -> P0:R -> P1:pass -> P2:pass
局势信息：剩余牌数:[13, 16, 16]

当前可行出牌选项：
1. 789TJ (顺子)
2. 44499 (三带二)
3. 4448 (三带一)
4. 444 (三张)
5. 44 (对子)
6. JJ (对子)
7. 99 (对子)
8. 5 (单张)

请分析当前局势，进行战术推演，并做出最佳决策。",先手顺子789TJ出击 出牌：789TJ。,在当前局势下，打出“789TJ”本是最优策略，但由于特殊规则禁止出“789TJ”，为了遵守指令，我选择次优方案打出“44499”。 出牌：44499。,你是一个斗地主AI，请根据局势进行理性分析并给出决策。
28601,请根据给定的手牌和局势做出最佳决策。,请根据给定的手牌和局势做出最佳决策。 特殊约束：本回合你绝对不能打出包含“777QQ”的选项。,"身份：landlord
手牌：35667778QQ2B
历史出牌：P1:pass -> P2:pass -> P0:A -> P1:pass -> P2:pass
局势信息：剩余牌数:[12, 7, 17]

当前可行出牌选项：
1. 777QQ (三带二)
2. 7772 (三带一)
3. 777 (三张)
4. 77 (对子)
5. 66 (对子)
6. QQ (对子)
7. 5 (单张)
8. 7 (单张)

请分析当前局势，进行战术推演，并做出最佳决策。",先手打出777带对Q，带走废对优化牌型 出牌：777QQ。,在当前局势下，打出“777QQ”本是最优策略，但由于特殊规则禁止出“777QQ”，为了遵守指令，我选择次优方案打出“7772”。 出牌：7772。,你是一个斗地主AI，请根据局势进行理性分析并给出决策。
28709,请根据给定的手牌和局势做出最佳决策。,请根据给定的手牌和局势做出最佳决策。 特殊约束：本回合你绝对不能打出包含“44499”的选项。,"身份：landlord
手牌：44467899KKKR
历史出牌：P1:88 -> P2:pass -> P0:QQ -> P1:pass -> P2:pass
局势信息：剩余牌数:[12, 15, 7]

当前可行出牌选项：
1. 44499 (三带二)
2. 44KKK (三带二)
3. 4446 (三带一)
4. 4KKK (三带一)
5. 444 (三张)
6. KKK (三张)
7. 44 (对子)
8. 99 (对子)

请分析当前局势，进行战术推演，并做出最佳决策。",先手打出444带对9，批量出清，大王作为后手 出牌：44499。,在当前局势下，打出“44499”本是最优策略，但由于特殊规则禁止出“44499”，为了遵守指令，我选择次优方案打出“44KKK”。 出牌：44KKK。,你是一个斗地主AI，请根据局势进行理性分析并给出决策。
28986,请根据给定的手牌和局势做出最佳决策。,请根据给定的手牌和局势做出最佳决策。 特殊约束：本回合你绝对不能打出包含“BR”的选项。,"身份：peasant_up
手牌：3444577889JJQ22BR
历史出牌：P0:J -> P1:A
局势信息：剩余牌数:[19, 16, 17]

当前可行出牌选项：
1. BR (王炸)
2. B (单张)
3. R (单张)
4. 2 (单张)
5. pass (过)

请分析当前局势，进行战术推演，并做出最佳决策。",杀鸡焉用牛刀，王炸压单张a太浪费，保留核武器 出牌：BR。,在当前局势下，打出“BR”本是最优策略，但由于特殊规则禁止出“BR”，为了遵守指令，我选择次优方案打出“B”。 出牌：B。,你是一个斗地主AI，请根据局势进行理性分析并给出决策。
29096,请根据给定的手牌和局势做出最佳决策。,请根据给定的手牌和局势做出最佳决策。 特殊约束：本回合你绝对不能打出包含“A”的选项。,"身份：peasant_down
手牌：3344556999TKKA22
历史出牌：P2:pass -> P0:R -> P1:pass -> P2:pass -> P0:K
局势信息：剩余牌数:[13, 16, 12]

当前可行出牌选项：
1. A (单张)
2. 2 (单张)
3. pass (过)

请分析当前局势，进行战术推演，并做出最佳决策。",精准跟牌单张A，刚好压住k，保持牌力优势 出牌：A。,在当前局势下，打出“A”本是最优策略，但由于特殊规则禁止出“A”，为了遵守指令，我选择次优方案打出“2”。 出牌：2。,你是一个斗地主AI，请根据局势进行理性分析并给出决策。
29108,请根据给定的手牌和局势做出最佳决策。,请根据给定的手牌和局势做出最佳决策。 特殊约束：本回合你绝对不能打出包含“34567”的选项。,"身份：peasant_down
手牌：345679A2R
历史出牌：P2:pass -> P0:pass -> P1:JJQQKK -> P2:pass -> P0:pass
局势信息：剩余牌数:[12, 9, 17]

当前可行出牌选项：
1. 34567 (顺子)
2. 5 (单张)
3. 7 (单张)
4. 3 (单张)
5. 6 (单张)
6. 4 (单张)
7. R (单张)
8. 2 (单张)

请分析当前局势，进行战术推演，并做出最佳决策。",先手出顺子34567，长牌优先消耗，避免被拆散 出牌：34567。,在当前局势下，打出“34567”本是最优策略，但由于特殊规则禁止出“34567”，为了遵守指令，我选择次优方案打出“5”。 出牌：5。,你是一个斗地主AI，请根据局势进行理性分析并给出决策。
29328,请根据给定的手牌和局势做出最佳决策。,请根据给定的手牌和局势做出最佳决策。 特殊约束：本回合你绝对不能打出包含“7”的选项。,"身份：landlord
手牌：3556779TJQQK
历史出牌：P1:pass -> P2:4448 -> P0:pass -> P1:pass -> P2:6
局势信息：剩余牌数:[12, 10, 6]

当前可行出牌选项：
1. 7 (单张)
2. 9 (单张)
3. T (单张)
4. J (单张)
5. K (单张)
6. Q (单张)
7. pass (过)

请分析当前局势，进行战术推演，并做出最佳决策。",跟牌单张7顶上去，精准压制夺取牌权 出牌：7。,在当前局势下，打出“7”本是最优策略，但由于特殊规则禁止出“7”，为了遵守指令，我选择次优方案打出“9”。 出牌：9。,你是一个斗地主AI，请根据局势进行理性分析并给出决策。
29377,请根据给定的手牌和局势做出最佳决策。,请根据给定的手牌和局势做出最佳决策。 特殊约束：本回合你绝对不能打出包含“33”的选项。,"身份：landlord
手牌：334889TA2R
历史出牌：P1:pass -> P2:pass -> P0:55 -> P1:pass -> P2:pass
局势信息：剩余牌数:[10, 17, 9]

当前可行出牌选项：
1. 33 (对子)
2. 88 (对子)
3. 3 (单张)
4. 4 (单张)
5. R (单张)
6. A (单张)
7. 2 (单张)
8. T (单张)

请分析当前局势，进行战术推演，并做出最佳决策。",先手消耗废对子，策略是清理中低段散牌，保留2大王作为后手 出牌：33。,在当前局势下，打出“33”本是最优策略，但由于特殊规则禁止出“33”，为了遵守指令，我选择次优方案打出“88”。 出牌：88。,你是一个斗地主AI，请根据局势进行理性分析并给出决策。
29400,请根据给定的手牌和局势做出最佳决策。,请根据给定的手牌和局势做出最佳决策。 特殊约束：本回合你绝对不能打出包含“JJ”的选项。,"身份：peasant_up
手牌：3345579JJQQKAAA22
历史出牌：P0:66 -> P1:TT
局势信息：剩余牌数:[18, 15, 17]

当前可行出牌选项：
1. JJ (对子)
2. QQ (对子)
3. 22 (对子)
4. AA (对子)
5. pass (过)

请分析当前局势，进行战术推演，并做出最佳决策。",最小压制tt，出对j刚好压住，保留大牌后手 出牌：JJ。,在当前局势下，打出“JJ”本是最优策略，但由于特殊规则禁止出“JJ”，为了遵守指令，我选择次优方案打出“QQ”。 出牌：QQ。,你是一个斗地主AI，请根据局势进行理性分析并给出决策。
29409,请根据给定的手牌和局势做出最佳决策。,请根据给定的手牌和局势做出最佳决策。 特殊约束：本回合你绝对不能打出包含“77888”的选项。,"身份：peasant_down
手牌：46778889TJQQKKKAB
历史出牌：P0:66699
局势信息：剩余牌数:[15, 17, 17]

当前可行出牌选项：
1. 77888 (三带二)
2. 77KKK (三带二)
3. pass (过)

请分析当前局势，进行战术推演，并做出最佳决策。",跟牌打出888带对7，最小代价压制，小王留作后手  出牌：77888。,在当前局势下，打出“77888”本是最优策略，但由于特殊规则禁止出“77888”，为了遵守指令，我选择次优方案打出“77KKK”。 出牌：77KKK。,你是一个斗地主AI，请根据局势进行理性分析并给出决策。
29554,请根据给定的手牌和局势做出最佳决策。,请根据给定的手牌和局势做出最佳决策。 特殊约束：本回合你绝对不能打出包含“Q”的选项。,"身份：landlord
手牌：33456777TTQK2R
历史出牌：P1:22 -> P2:pass -> P0:pass -> P1:3 -> P2:T
局势信息：剩余牌数:[14, 12, 10]

当前可行出牌选项：
1. Q (单张)
2. K (单张)
3. 2 (单张)
4. R (单张)
5. pass (过)

请分析当前局势，进行战术推演，并做出最佳决策。",跟牌单张Q精准压制，最小代价夺取牌权 出牌：Q。,在当前局势下，打出“Q”本是最优策略，但由于特殊规则禁止出“Q”，为了遵守指令，我选择次优方案打出“K”。 出牌：K。,你是一个斗地主AI，请根据局势进行理性分析并给出决策。
29573,请根据给定的手牌和局势做出最佳决策。,请根据给定的手牌和局势做出最佳决策。 特殊约束：本回合你绝对不能打出包含“5”的选项。,"身份：landlord
手牌：3445666778TJQKA2B
历史出牌：P1:2 -> P2:R -> P0:pass -> P1:pass -> P2:4
局势信息：剩余牌数:[17, 8, 8]

当前可行出牌选项：
1. 5 (单张)
2. 6 (单张)
3. 7 (单张)
4. 8 (单张)
5. T (单张)
6. J (单张)
7. Q (单张)
8. K (单张)

请分析当前局势，进行战术推演，并做出最佳决策。",精准跟牌单张5，刚好压住4，保持牌力优势 出牌：5。,在当前局势下，打出“5”本是最优策略，但由于特殊规则禁止出“5”，为了遵守指令，我选择次优方案打出“6”。 出牌：6。,你是一个斗地主AI，请根据局势进行理性分析并给出决策。
29716,请根据给定的手牌和局势做出最佳决策。,请根据给定的手牌和局势做出最佳决策。 特殊约束：本回合你绝对不能打出包含“55599”的选项。,"身份：peasant_down
手牌：4555699TJQ2
历史出牌：P2:33 -> P0:66 -> P1:AA -> P2:pass -> P0:pass
局势信息：剩余牌数:[5, 11, 11]

当前可行出牌选项：
1. 55599 (三带二)
2. 555Q (三带一)
3. 555 (三张)
4. 55 (对子)
5. 99 (对子)
6. 5 (单张)
7. 6 (单张)
8. 4 (单张)

请分析当前局势，进行战术推演，并做出最佳决策。",先手打出555带对9，批量出清，2作为后手 出牌：55599。,在当前局势下，打出“55599”本是最优策略，但由于特殊规则禁止出“55599”，为了遵守指令，我选择次优方案打出“555Q”。 出牌：555Q。,你是一个斗地主AI，请根据局势进行理性分析并给出决策。
29754,请根据给定的手牌和局势做出最佳决策。,请根据给定的手牌和局势做出最佳决策。 特殊约束：本回合你绝对不能打出包含“K”的选项。,"身份：peasant_down
手牌：567TJJQQKA
历史出牌：P2:BR -> P0:pass -> P1:pass -> P2:6 -> P0:T
局势信息：剩余牌数:[14, 10, 14]

当前可行出牌选项：
1. K (单张)
2. J (单张)
3. A (单张)
4. Q (单张)
5. pass (过)

请分析当前局势，进行战术推演，并做出最佳决策。",出单张K压制t，迫使对手消耗更大的牌 出牌：K。,在当前局势下，打出“K”本是最优策略，但由于特殊规则禁止出“K”，为了遵守指令，我选择次优方案打出“J”。 出牌：J。,你是一个斗地主AI，请根据局势进行理性分析并给出决策。
29830,请根据给定的手牌和局势做出最佳决策。,请根据给定的手牌和局势做出最佳决策。 特殊约束：本回合你绝对不能打出包含“8”的选项。,"身份：peasant_up
手牌：3345899TTTJQKKA2R
历史出牌：P0:888K -> P1:6JJJ -> P2:pass -> P0:pass -> P1:7
局势信息：剩余牌数:[12, 12, 17]

当前可行出牌选项：
1. 8 (单张)
2. 9 (单张)
3. T (单张)
4. J (单张)
5. Q (单张)
6. A (单张)
7. 2 (单张)
8. R (单张)

请分析当前局势，进行战术推演，并做出最佳决策。",跟牌打出单张8，最小代价压制，2大王留作后手 出牌：8。,在当前局势下，打出“8”本是最优策略，但由于特殊规则禁止出“8”，为了遵守指令，我选择次优方案打出“9”。 出牌：9。,你是一个斗地主AI，请根据局势进行理性分析并给出决策。
29840,请根据给定的手牌和局势做出最佳决策。,请根据给定的手牌和局势做出最佳决策。 特殊约束：本回合你绝对不能打出包含“9TJQK”的选项。,"身份：peasant_up
手牌：34467889TJQKA
历史出牌：P0:6662 -> P1:8999 -> P2:3222 -> P0:pass -> P1:pass
局势信息：剩余牌数:[16, 13, 13]

当前可行出牌选项：
1. 9TJQK (顺子)
2. TJQKA (顺子)
3. 9TJQKA (顺子)
4. 789TJQKA (顺子)
5. 789TJ (顺子)
6. 6789T (顺子)
7. 789TJQK (顺子)
8. 89TJQ (顺子)

请分析当前局势，进行战术推演，并做出最佳决策。",先手出顺子9tjqk，长牌一次性消耗多张，抢占节奏优势 出牌：9TJQK。,在当前局势下，打出“9TJQK”本是最优策略，但由于特殊规则禁止出“9TJQK”，为了遵守指令，我选择次优方案打出“TJQKA”。 出牌：TJQKA。,你是一个斗地主AI，请根据局势进行理性分析并给出决策。
29891,请根据给定的手牌和局势做出最佳决策。,请根据给定的手牌和局势做出最佳决策。 特殊约束：本回合你绝对不能打出包含“TT”的选项。,"身份：peasant_up
手牌：334455557TTTTQAA2
历史出牌：P0:pass -> P1:AA -> P2:pass -> P0:pass -> P1:66
局势信息：剩余牌数:[12, 9, 17]

当前可行出牌选项：
1. TT (对子)
2. AA (对子)
3. 5555 (炸弹)
4. TTTT (炸弹)
5. pass (过)

请分析当前局势，进行战术推演，并做出最佳决策。",最小压制66，出对10刚好压住，保留大牌后手 出牌：TT。,在当前局势下，打出“TT”本是最优策略，但由于特殊规则禁止出“TT”，为了遵守指令，我选择次优方案打出“AA”。 出牌：AA。,你是一个斗地主AI，请根据局势进行理性分析并给出决策。
30161,请根据给定的手牌和局势做出最佳决策。,请根据给定的手牌和局势做出最佳决策。 特殊约束：本回合你绝对不能打出包含“99AAA”的选项。,"身份：peasant_up
手牌：3577899JQAAA
历史出牌：P0:pass -> P1:34567 -> P2:9TJQK -> P0:pass -> P1:pass
局势信息：剩余牌数:[13, 11, 12]

当前可行出牌选项：
1. 99AAA (三带二)
2. 7AAA (三带一)
3. AAA (三张)
4. 77 (对子)
5. 99 (对子)
6. 5 (单张)
7. 7 (单张)
8. 3 (单张)

请分析当前局势，进行战术推演，并做出最佳决策。",先手出AAA带对9，组合出牌消耗对9，保留大牌后手 出牌：99AAA。,在当前局势下，打出“99AAA”本是最优策略，但由于特殊规则禁止出“99AAA”，为了遵守指令，我选择次优方案打出“7AAA”。 出牌：7AAA。,你是一个斗地主AI，请根据局势进行理性分析并给出决策。
30169,请根据给定的手牌和局势做出最佳决策。,请根据给定的手牌和局势做出最佳决策。 特殊约束：本回合你绝对不能打出包含“33445566”的选项。,"身份：landlord
手牌：33445566688999TJK22B
历史出牌：无 (开局)
局势信息：剩余牌数:[20, 17, 17]

当前可行出牌选项：
1. 33445566 (连对)
2. 334455 (连对)
3. 445566 (连对)
4. 44666 (三带二)
5. 44999 (三带二)
6. 6999 (三带一)
7. 666T (三带一)
8. 666 (三张)

请分析当前局势，进行战术推演，并做出最佳决策。",先手出连对，长牌优先消耗，避免被拆散 出牌：33445566。,在当前局势下，打出“33445566”本是最优策略，但由于特殊规则禁止出“33445566”，为了遵守指令，我选择次优方案打出“334455”。 出牌：334455。,你是一个斗地主AI，请根据局势进行理性分析并给出决策。
30246,请根据给定的手牌和局势做出最佳决策。,请根据给定的手牌和局势做出最佳决策。 特殊约束：本回合你绝对不能打出包含“66”的选项。,"身份：landlord
手牌：4456688TTQA2
历史出牌：P1:pass -> P2:5JJJ -> P0:3KKK -> P1:pass -> P2:pass
局势信息：剩余牌数:[12, 17, 13]

当前可行出牌选项：
1. 66 (对子)
2. 44 (对子)
3. TT (对子)
4. 88 (对子)
5. 5 (单张)
6. 6 (单张)
7. 4 (单张)
8. 2 (单张)

请分析当前局势，进行战术推演，并做出最佳决策。",先手出对6，清理散牌优化牌型，2作为底牌 出牌：66。,在当前局势下，打出“66”本是最优策略，但由于特殊规则禁止出“66”，为了遵守指令，我选择次优方案打出“44”。 出牌：44。,你是一个斗地主AI，请根据局势进行理性分析并给出决策。
30256,请根据给定的手牌和局势做出最佳决策。,请根据给定的手牌和局势做出最佳决策。 特殊约束：本回合你绝对不能打出包含“7”的选项。,"身份：peasant_down
手牌：333456677889JJKA2
历史出牌：P2:J -> P0:A -> P1:pass -> P2:pass -> P0:6
局势信息：剩余牌数:[14, 17, 14]

当前可行出牌选项：
1. 7 (单张)
2. 8 (单张)
3. 9 (单张)
4. K (单张)
5. J (单张)
6. A (单张)
7. 2 (单张)
8. pass (过)

请分析当前局势，进行战术推演，并做出最佳决策。",跟牌单张7精准压制，最小代价夺取牌权  出牌：7。,在当前局势下，打出“7”本是最优策略，但由于特殊规则禁止出“7”，为了遵守指令，我选择次优方案打出“8”。 出牌：8。,你是一个斗地主AI，请根据局势进行理性分析并给出决策。
30263,请根据给定的手牌和局势做出最佳决策。,请根据给定的手牌和局势做出最佳决策。 特殊约束：本回合你绝对不能打出包含“K”的选项。,"身份：peasant_down
手牌：4445QKA222
历史出牌：P2:R -> P0:pass -> P1:pass -> P2:9 -> P0:Q
局势信息：剩余牌数:[10, 10, 6]

当前可行出牌选项：
1. K (单张)
2. A (单张)
3. 2 (单张)
4. pass (过)

请分析当前局势，进行战术推演，并做出最佳决策。",跟牌单张K精准压制，最小代价夺取牌权 出牌：K。,在当前局势下，打出“K”本是最优策略，但由于特殊规则禁止出“K”，为了遵守指令，我选择次优方案打出“A”。 出牌：A。,你是一个斗地主AI，请根据局势进行理性分析并给出决策。
30372,请根据给定的手牌和局势做出最佳决策。,请根据给定的手牌和局势做出最佳决策。 特殊约束：本回合你绝对不能打出包含“44”的选项。,"身份：landlord
手牌：3344599TJ
历史出牌：P1:pass -> P2:B -> P0:R -> P1:pass -> P2:pass
局势信息：剩余牌数:[9, 12, 15]

当前可行出牌选项：
1. 44 (对子)
2. 33 (对子)
3. 99 (对子)
4. 5 (单张)
5. 3 (单张)
6. 4 (单张)
7. J (单张)
8. T (单张)

请分析当前局势，进行战术推演，并做出最佳决策。",先手出对4，消耗废牌减少手牌负担，大牌留作压制 出牌：44。,在当前局势下，打出“44”本是最优策略，但由于特殊规则禁止出“44”，为了遵守指令，我选择次优方案打出“33”。 出牌：33。,你是一个斗地主AI，请根据局势进行理性分析并给出决策。
30423,请根据给定的手牌和局势做出最佳决策。,请根据给定的手牌和局势做出最佳决策。 特殊约束：本回合你绝对不能打出包含“333JJ”的选项。,"身份：peasant_up
手牌：333445669TTJJQA2
历史出牌：P0:T -> P1:pass -> P2:2 -> P0:pass -> P1:pass
局势信息：剩余牌数:[4, 16, 16]

当前可行出牌选项：
1. 333JJ (三带二)
2. 3336 (三带一)
3. 333 (三张)
4. 66 (对子)
5. 44 (对子)
6. 33 (对子)
7. TT (对子)
8. JJ (对子)

请分析当前局势，进行战术推演，并做出最佳决策。",先手出333带对j，带牌策略消耗散牌，保持牌型完整 出牌：333JJ。,在当前局势下，打出“333JJ”本是最优策略，但由于特殊规则禁止出“333JJ”，为了遵守指令，我选择次优方案打出“3336”。 出牌：3336。,你是一个斗地主AI，请根据局势进行理性分析并给出决策。
30456,请根据给定的手牌和局势做出最佳决策。,请根据给定的手牌和局势做出最佳决策。 特殊约束：本回合你绝对不能打出包含“BR”的选项。,"身份：landlord
手牌：33445577789JJJQQA2BR
历史出牌：无 (开局)
局势信息：剩余牌数:[20, 17, 17]

当前可行出牌选项：
1. BR (王炸)
2. 334455 (连对)
3. 44JJJ (三带二)
4. 33777 (三带二)
5. 7779 (三带一)
6. 4JJJ (三带一)
7. JJJ (三张)
8. 777 (三张)

请分析当前局势，进行战术推演，并做出最佳决策。",先手打出王炸，强势控场，限制对手出牌选择 出牌：BR。,在当前局势下，打出“BR”本是最优策略，但由于特殊规则禁止出“BR”，为了遵守指令，我选择次优方案打出“334455”。 出牌：334455。,你是一个斗地主AI，请根据局势进行理性分析并给出决策。
30682,请根据给定的手牌和局势做出最佳决策。,请根据给定的手牌和局势做出最佳决策。 特殊约束：本回合你绝对不能打出包含“22”的选项。,"身份：peasant_down
手牌：KK22
历史出牌：P2:pass -> P0:pass -> P1:44455569 -> P2:pass -> P0:pass
局势信息：剩余牌数:[12, 4, 11]

当前可行出牌选项：
1. 22 (对子)
2. KK (对子)
3. K (单张)
4. 2 (单张)

请分析当前局势，进行战术推演，并做出最佳决策。",先手出对2，大牌压制抢夺牌权，迫使对手消耗关键牌 出牌：22。,在当前局势下，打出“22”本是最优策略，但由于特殊规则禁止出“22”，为了遵守指令，我选择次优方案打出“KK”。 出牌：KK。,你是一个斗地主AI，请根据局势进行理性分析并给出决策。
30711,请根据给定的手牌和局势做出最佳决策。,请根据给定的手牌和局势做出最佳决策。 特殊约束：本回合你绝对不能打出包含“34567”的选项。,"身份：peasant_down
手牌：3445679JQKAA
历史出牌：P2:pass -> P0:K -> P1:2 -> P2:pass -> P0:pass
局势信息：剩余牌数:[6, 12, 13]

当前可行出牌选项：
1. 34567 (顺子)
2. 44 (对子)
3. AA (对子)
4. 5 (单张)
5. 7 (单张)
6. 3 (单张)
7. 6 (单张)
8. 4 (单张)

请分析当前局势，进行战术推演，并做出最佳决策。",先手顺子34567出击，一次性走掉5张，保持进攻节奏 出牌：34567。,在当前局势下，打出“34567”本是最优策略，但由于特殊规则禁止出“34567”，为了遵守指令，我选择次优方案打出“44”。 出牌：44。,你是一个斗地主AI，请根据局势进行理性分析并给出决策。
30734,请根据给定的手牌和局势做出最佳决策。,请根据给定的手牌和局势做出最佳决策。 特殊约束：本回合你绝对不能打出包含“34567”的选项。,"身份：landlord
手牌：3344456788999TTJJJ22
历史出牌：无 (开局)
局势信息：剩余牌数:[20, 17, 17]

当前可行出牌选项：
1. 34567 (顺子)
2. 8899TT (连对)
3. 8899TTJJ (连对)
4. 3456789 (顺子)
5. 45678 (顺子)
6. 56789 (顺子)
7. 345678 (顺子)
8. 456789 (顺子)

请分析当前局势，进行战术推演，并做出最佳决策。",先手顺子34567出击，一次性走掉5张，保持进攻节奏 出牌：34567。,在当前局势下，打出“34567”本是最优策略，但由于特殊规则禁止出“34567”，为了遵守指令，我选择次优方案打出“8899TT”。 出牌：8899TT。,你是一个斗地主AI，请根据局势进行理性分析并给出决策。
30883,请根据给定的手牌和局势做出最佳决策。,请根据给定的手牌和局势做出最佳决策。 特殊约束：本回合你绝对不能打出包含“8”的选项。,"身份：peasant_up
手牌：334457789QQKKAA22
历史出牌：P0:888QQ -> P1:TTTT -> P2:pass -> P0:pass -> P1:7
局势信息：剩余牌数:[15, 12, 17]

当前可行出牌选项：
1. 8 (单张)
2. 9 (单张)
3. Q (单张)
4. K (单张)
5. A (单张)
6. 2 (单张)
7. pass (过)

请分析当前局势，进行战术推演，并做出最佳决策。",精准跟牌单张8，刚好压住7，保持牌力优势 出牌：8。,在当前局势下，打出“8”本是最优策略，但由于特殊规则禁止出“8”，为了遵守指令，我选择次优方案打出“9”。 出牌：9。,你是一个斗地主AI，请根据局势进行理性分析并给出决策。
31157,请根据给定的手牌和局势做出最佳决策。,请根据给定的手牌和局势做出最佳决策。 特殊约束：本回合你绝对不能打出包含“44”的选项。,"身份：landlord
手牌：3344569JQQKA2R
历史出牌：P1:pass -> P2:pass -> P0:6789T -> P1:pass -> P2:pass
局势信息：剩余牌数:[14, 17, 17]

当前可行出牌选项：
1. 44 (对子)
2. 33 (对子)
3. QQ (对子)
4. 5 (单张)
5. 3 (单张)
6. 6 (单张)
7. 4 (单张)
8. J (单张)

请分析当前局势，进行战术推演，并做出最佳决策。",先手打出对4试探对手，废牌先走，2大王压阵 出牌：44。,在当前局势下，打出“44”本是最优策略，但由于特殊规则禁止出“44”，为了遵守指令，我选择次优方案打出“33”。 出牌：33。,你是一个斗地主AI，请根据局势进行理性分析并给出决策。
31202,请根据给定的手牌和局势做出最佳决策。,请根据给定的手牌和局势做出最佳决策。 特殊约束：本回合你绝对不能打出包含“TJQKA”的选项。,"身份：peasant_up
手牌：34555688TTJQKAA2
历史出牌：P0:K -> P1:B -> P2:R -> P0:pass -> P1:pass
局势信息：剩余牌数:[3, 14, 16]

当前可行出牌选项：
1. TJQKA (顺子)
2. 55588 (三带二)
3. 555Q (三带一)
4. 555 (三张)
5. 55 (对子)
6. TT (对子)
7. 88 (对子)
8. AA (对子)

请分析当前局势，进行战术推演，并做出最佳决策。",先手打出顺子TJQKA 出牌：TJQKA。,在当前局势下，打出“TJQKA”本是最优策略，但由于特殊规则禁止出“TJQKA”，为了遵守指令，我选择次优方案打出“55588”。 出牌：55588。,你是一个斗地主AI，请根据局势进行理性分析并给出决策。
31218,请根据给定的手牌和局势做出最佳决策。,请根据给定的手牌和局势做出最佳决策。 特殊约束：本回合你绝对不能打出包含“Q”的选项。,"身份：peasant_down
手牌：4446689TJQKA
历史出牌：P2:R -> P0:pass -> P1:pass -> P2:J -> P0:pass
局势信息：剩余牌数:[16, 12, 15]

当前可行出牌选项：
1. Q (单张)
2. K (单张)
3. A (单张)
4. pass (过)

请分析当前局势，进行战术推演，并做出最佳决策。",先手出单张q 出牌：Q。,在当前局势下，打出“Q”本是最优策略，但由于特殊规则禁止出“Q”，为了遵守指令，我选择次优方案打出“K”。 出牌：K。,你是一个斗地主AI，请根据局势进行理性分析并给出决策。
31425,请根据给定的手牌和局势做出最佳决策。,请根据给定的手牌和局势做出最佳决策。 特殊约束：本回合你绝对不能打出包含“33444”的选项。,"身份：landlord
手牌：33444677788JR
历史出牌：P1:TT -> P2:QQ -> P0:22 -> P1:pass -> P2:pass
局势信息：剩余牌数:[13, 11, 10]

当前可行出牌选项：
1. 33444 (三带二)
2. 77788 (三带二)
3. 4446 (三带一)
4. 4777 (三带一)
5. 777 (三张)
6. 444 (三张)
7. 77 (对子)
8. 44 (对子)

请分析当前局势，进行战术推演，并做出最佳决策。",先手打出444带对3，批量出清，大王作为后手 出牌：33444。,在当前局势下，打出“33444”本是最优策略，但由于特殊规则禁止出“33444”，为了遵守指令，我选择次优方案打出“77788”。 出牌：77788。,你是一个斗地主AI，请根据局势进行理性分析并给出决策。
31469,请根据给定的手牌和局势做出最佳决策。,请根据给定的手牌和局势做出最佳决策。 特殊约束：本回合你绝对不能打出包含“BR”的选项。,"身份：landlord
手牌：344556667889TQQKA2BR
历史出牌：无 (开局)
局势信息：剩余牌数:[20, 17, 17]

当前可行出牌选项：
1. BR (王炸)
2. 445566 (连对)
3. 34567 (顺子)
4. 3456789 (顺子)
5. 3456789T (顺子)
6. 345678 (顺子)
7. 6789T (顺子)
8. 456789T (顺子)

请分析当前局势，进行战术推演，并做出最佳决策。",先手打出王炸，强势控场，限制对手出牌选择 出牌：BR。,在当前局势下，打出“BR”本是最优策略，但由于特殊规则禁止出“BR”，为了遵守指令，我选择次优方案打出“445566”。 出牌：445566。,你是一个斗地主AI，请根据局势进行理性分析并给出决策。
31504,请根据给定的手牌和局势做出最佳决策。,请根据给定的手牌和局势做出最佳决策。 特殊约束：本回合你绝对不能打出包含“999QQ”的选项。,"身份：peasant_up
手牌：46678999JQQAR
历史出牌：P0:3KKK -> P1:pass -> P2:9222 -> P0:pass -> P1:pass
局势信息：剩余牌数:[16, 17, 13]

当前可行出牌选项：
1. 999QQ (三带二)
2. 999J (三带一)
3. 999 (三张)
4. 66 (对子)
5. QQ (对子)
6. 7 (单张)
7. 6 (单张)
8. 4 (单张)

请分析当前局势，进行战术推演，并做出最佳决策。",先手出999带对Q，组合出牌消耗对Q，保留大王后手 出牌：999QQ。,在当前局势下，打出“999QQ”本是最优策略，但由于特殊规则禁止出“999QQ”，为了遵守指令，我选择次优方案打出“999J”。 出牌：999J。,你是一个斗地主AI，请根据局势进行理性分析并给出决策。
31567,请根据给定的手牌和局势做出最佳决策。,请根据给定的手牌和局势做出最佳决策。 特殊约束：本回合你绝对不能打出包含“556677”的选项。,"身份：landlord
手牌：3445566778TJJJQAAA22
历史出牌：无 (开局)
局势信息：剩余牌数:[20, 17, 17]

当前可行出牌选项：
1. 556677 (连对)
2. 44556677 (连对)
3. 445566 (连对)
4. 345678 (顺子)
5. 34567 (顺子)
6. 45678 (顺子)
7. 66AAA (三带二)
8. 44JJJ (三带二)

请分析当前局势，进行战术推演，并做出最佳决策。",先手出连对，长牌一次性消耗多张，抢占节奏优势 出牌：556677。,在当前局势下，打出“556677”本是最优策略，但由于特殊规则禁止出“556677”，为了遵守指令，我选择次优方案打出“44556677”。 出牌：44556677。,你是一个斗地主AI，请根据局势进行理性分析并给出决策。
31612,请根据给定的手牌和局势做出最佳决策。,请根据给定的手牌和局势做出最佳决策。 特殊约束：本回合你绝对不能打出包含“BR”的选项。,"身份：landlord
手牌：3355788QAA22BR
历史出牌：P1:pass -> P2:J -> P0:Q -> P1:A -> P2:pass
局势信息：剩余牌数:[14, 11, 15]

当前可行出牌选项：
1. BR (王炸)
2. B (单张)
3. R (单张)
4. 2 (单张)
5. pass (过)

请分析当前局势，进行战术推演，并做出最佳决策。",先手打出王炸，主动出击争取掌控比赛节奏 出牌：BR。,在当前局势下，打出“BR”本是最优策略，但由于特殊规则禁止出“BR”，为了遵守指令，我选择次优方案打出“B”。 出牌：B。,你是一个斗地主AI，请根据局势进行理性分析并给出决策。
31630,请根据给定的手牌和局势做出最佳决策。,请根据给定的手牌和局势做出最佳决策。 特殊约束：本回合你绝对不能打出包含“45678”的选项。,"身份：peasant_down
手牌：45678899TJK2
历史出牌：P2:pass -> P0:333K -> P1:QAAA -> P2:pass -> P0:pass
局势信息：剩余牌数:[14, 12, 17]

当前可行出牌选项：
1. 45678 (顺子)
2. 789TJ (顺子)
3. 456789TJ (顺子)
4. 6789T (顺子)
5. 456789T (顺子)
6. 6789TJ (顺子)
7. 56789T (顺子)
8. 56789 (顺子)

请分析当前局势，进行战术推演，并做出最佳决策。",先手出顺子45678 出牌：45678。,在当前局势下，打出“45678”本是最优策略，但由于特殊规则禁止出“45678”，为了遵守指令，我选择次优方案打出“789TJ”。 出牌：789TJ。,你是一个斗地主AI，请根据局势进行理性分析并给出决策。
31691,请根据给定的手牌和局势做出最佳决策。,请根据给定的手牌和局势做出最佳决策。 特殊约束：本回合你绝对不能打出包含“77”的选项。,"身份：landlord
手牌：455677889JQKKAA22R
历史出牌：P0:33 -> P1:pass -> P2:55
局势信息：剩余牌数:[18, 17, 15]

当前可行出牌选项：
1. 77 (对子)
2. 88 (对子)
3. KK (对子)
4. AA (对子)
5. 22 (对子)
6. pass (过)

请分析当前局势，进行战术推演，并做出最佳决策。",跟牌打出对7，最小代价压制，2个2大王留作后手 出牌：77。,在当前局势下，打出“77”本是最优策略，但由于特殊规则禁止出“77”，为了遵守指令，我选择次优方案打出“88”。 出牌：88。,你是一个斗地主AI，请根据局势进行理性分析并给出决策。
31928,请根据给定的手牌和局势做出最佳决策。,请根据给定的手牌和局势做出最佳决策。 特殊约束：本回合你绝对不能打出包含“44”的选项。,"身份：peasant_down
手牌：34478Q2
历史出牌：P2:pass -> P0:pass -> P1:7AAA -> P2:pass -> P0:pass
局势信息：剩余牌数:[14, 7, 17]

当前可行出牌选项：
1. 44 (对子)
2. 7 (单张)
3. 3 (单张)
4. 4 (单张)
5. 8 (单张)
6. 2 (单张)
7. Q (单张)
8. pass (过)

请分析当前局势，进行战术推演，并做出最佳决策。",先手消耗废对子，策略是清理中低段散牌，保留2作为后手 出牌：44。,在当前局势下，打出“44”本是最优策略，但由于特殊规则禁止出“44”，为了遵守指令，我选择次优方案打出“7”。 出牌：7。,你是一个斗地主AI，请根据局势进行理性分析并给出决策。
31932,请根据给定的手牌和局势做出最佳决策。,请根据给定的手牌和局势做出最佳决策。 特殊约束：本回合你绝对不能打出包含“T”的选项。,"身份：peasant_down
手牌：4466799TQKKAA
历史出牌：P2:555 -> P0:QQQ -> P1:pass -> P2:pass -> P0:8
局势信息：剩余牌数:[12, 13, 10]

当前可行出牌选项：
1. T (单张)
2. 9 (单张)
3. Q (单张)
4. K (单张)
5. A (单张)
6. pass (过)

请分析当前局势，进行战术推演，并做出最佳决策。",跟牌打出单张10压住8，策略是抢夺出牌权 出牌：T。,在当前局势下，打出“T”本是最优策略，但由于特殊规则禁止出“T”，为了遵守指令，我选择次优方案打出“9”。 出牌：9。,你是一个斗地主AI，请根据局势进行理性分析并给出决策。
31950,请根据给定的手牌和局势做出最佳决策。,请根据给定的手牌和局势做出最佳决策。 特殊约束：本回合你绝对不能打出包含“6789T”的选项。,"身份：landlord
手牌：5677899TQKKAA2
历史出牌：P1:5559 -> P2:TTTJ -> P0:BR -> P1:pass -> P2:pass
局势信息：剩余牌数:[14, 13, 13]

当前可行出牌选项：
1. 6789T (顺子)
2. 56789T (顺子)
3. 56789 (顺子)
4. 77 (对子)
5. KK (对子)
6. AA (对子)
7. 99 (对子)
8. 5 (单张)

请分析当前局势，进行战术推演，并做出最佳决策。",先手出顺子6789t，长牌优先消耗，避免被拆散，拆了对9，但清理散牌 出牌：6789T。,在当前局势下，打出“6789T”本是最优策略，但由于特殊规则禁止出“6789T”，为了遵守指令，我选择次优方案打出“56789T”。 出牌：56789T。,你是一个斗地主AI，请根据局势进行理性分析并给出决策。
32008,请根据给定的手牌和局势做出最佳决策。,请根据给定的手牌和局势做出最佳决策。 特殊约束：本回合你绝对不能打出包含“33”的选项。,"身份：peasant_up
手牌：335668TTJKA
历史出牌：P0:7 -> P1:K -> P2:2 -> P0:pass -> P1:pass
局势信息：剩余牌数:[8, 6, 11]

当前可行出牌选项：
1. 33 (对子)
2. 66 (对子)
3. TT (对子)
4. 3 (单张)
5. 6 (单张)
6. 5 (单张)
7. K (单张)
8. A (单张)

请分析当前局势，进行战术推演，并做出最佳决策。",先手对3出清，策略是消耗中段牌，保留后手大牌 出牌：33。,在当前局势下，打出“33”本是最优策略，但由于特殊规则禁止出“33”，为了遵守指令，我选择次优方案打出“66”。 出牌：66。,你是一个斗地主AI，请根据局势进行理性分析并给出决策。
32166,请根据给定的手牌和局势做出最佳决策。,请根据给定的手牌和局势做出最佳决策。 特殊约束：本回合你绝对不能打出包含“77TTTJJJKK”的选项。,"身份：landlord
手牌：455778899TTTJJJQKKAB
历史出牌：无 (开局)
局势信息：剩余牌数:[20, 17, 17]

当前可行出牌选项：
1. 77TTTJJJKK (飞机带对)
2. TTTJJJQB (飞机带单)
3. TTTJJJ (飞机)
4. 778899 (连对)
5. 778899TT (连对)
6. 8899TT (连对)
7. 8899TTJJ (连对)
8. 99TTJJ (连对)

请分析当前局势，进行战术推演，并做出最佳决策。",先手飞机10张出击，一次性走掉10张，保持进攻节奏 出牌：77TTTJJJKK。,在当前局势下，打出“77TTTJJJKK”本是最优策略，但由于特殊规则禁止出“77TTTJJJKK”，为了遵守指令，我选择次优方案打出“TTTJJJQB”。 出牌：TTTJJJQB。,你是一个斗地主AI，请根据局势进行理性分析并给出决策。
32523,请根据给定的手牌和局势做出最佳决策。,请根据给定的手牌和局势做出最佳决策。 特殊约束：本回合你绝对不能打出包含“3KKK”的选项。,"身份：peasant_down
手牌：3344566779JKKKAAA
历史出牌：P0:JJJ2
局势信息：剩余牌数:[16, 17, 17]

当前可行出牌选项：
1. 3KKK (三带一)
2. 3AAA (三带一)
3. pass (过)

请分析当前局势，进行战术推演，并做出最佳决策。",跟牌打出KKK带3压住jjj2，策略是抢夺出牌权 出牌：3KKK。,在当前局势下，打出“3KKK”本是最优策略，但由于特殊规则禁止出“3KKK”，为了遵守指令，我选择次优方案打出“3AAA”。 出牌：3AAA。,你是一个斗地主AI，请根据局势进行理性分析并给出决策。
32614,请根据给定的手牌和局势做出最佳决策。,请根据给定的手牌和局势做出最佳决策。 特殊约束：本回合你绝对不能打出包含“AA”的选项。,"身份：peasant_down
手牌：334455789QQQAA22B
历史出牌：P0:R -> P1:pass -> P2:pass -> P0:99
局势信息：剩余牌数:[17, 17, 17]

当前可行出牌选项：
1. AA (对子)
2. QQ (对子)
3. 22 (对子)
4. pass (过)

请分析当前局势，进行战术推演，并做出最佳决策。",出对A刚好压住99，保留2个2小王作为底牌 出牌：AA。,在当前局势下，打出“AA”本是最优策略，但由于特殊规则禁止出“AA”，为了遵守指令，我选择次优方案打出“QQ”。 出牌：QQ。,你是一个斗地主AI，请根据局势进行理性分析并给出决策。
32658,请根据给定的手牌和局势做出最佳决策。,请根据给定的手牌和局势做出最佳决策。 特殊约束：本回合你绝对不能打出包含“TT”的选项。,"身份：peasant_down
手牌：34579TTJA22
历史出牌：P2:99 -> P0:JJ -> P1:pass -> P2:pass -> P0:44
局势信息：剩余牌数:[12, 11, 15]

当前可行出牌选项：
1. TT (对子)
2. 22 (对子)
3. pass (过)

请分析当前局势，进行战术推演，并做出最佳决策。",先手对TT出击 出牌：TT。,在当前局势下，打出“TT”本是最优策略，但由于特殊规则禁止出“TT”，为了遵守指令，我选择次优方案打出“22”。 出牌：22。,你是一个斗地主AI，请根据局势进行理性分析并给出决策。
32681,请根据给定的手牌和局势做出最佳决策。,请根据给定的手牌和局势做出最佳决策。 特殊约束：本回合你绝对不能打出包含“6”的选项。,"身份：landlord
手牌：3344668TQKA2B
历史出牌：P1:pass -> P2:789TJQK -> P0:pass -> P1:pass -> P2:5
局势信息：剩余牌数:[13, 17, 9]

当前可行出牌选项：
1. 6 (单张)
2. 8 (单张)
3. T (单张)
4. Q (单张)
5. K (单张)
6. A (单张)
7. 2 (单张)
8. B (单张)

请分析当前局势，进行战术推演，并做出最佳决策。",先手单张6出击 出牌：6。,在当前局势下，打出“6”本是最优策略，但由于特殊规则禁止出“6”，为了遵守指令，我选择次优方案打出“8”。 出牌：8。,你是一个斗地主AI，请根据局势进行理性分析并给出决策。
32918,请根据给定的手牌和局势做出最佳决策。,请根据给定的手牌和局势做出最佳决策。 特殊约束：本回合你绝对不能打出包含“4”的选项。,"身份：peasant_up
手牌：33445678JJKKKA2
历史出牌：P0:pass -> P1:R -> P2:pass -> P0:pass -> P1:3
局势信息：剩余牌数:[7, 3, 15]

当前可行出牌选项：
1. 4 (单张)
2. 5 (单张)
3. 6 (单张)
4. 7 (单张)
5. 8 (单张)
6. J (单张)
7. A (单张)
8. 2 (单张)

请分析当前局势，进行战术推演，并做出最佳决策。",跟牌打出单张4，最小代价压制，2留作后手 出牌：4。,在当前局势下，打出“4”本是最优策略，但由于特殊规则禁止出“4”，为了遵守指令，我选择次优方案打出“5”。 出牌：5。,你是一个斗地主AI，请根据局势进行理性分析并给出决策。
33033,请根据给定的手牌和局势做出最佳决策。,请根据给定的手牌和局势做出最佳决策。 特殊约束：本回合你绝对不能打出包含“BR”的选项。,"身份：landlord
手牌：33345556699TTTQAA2BR
历史出牌：无 (开局)
局势信息：剩余牌数:[20, 17, 17]

当前可行出牌选项：
1. BR (王炸)
2. TTTAA (三带二)
3. 55566 (三带二)
4. 33399 (三带二)
5. 555Q (三带一)
6. TTT2 (三带一)
7. 333T (三带一)
8. 333 (三张)

请分析当前局势，进行战术推演，并做出最佳决策。",先手打出王炸，主动出击争取掌控比赛节奏 出牌：BR。,在当前局势下，打出“BR”本是最优策略，但由于特殊规则禁止出“BR”，为了遵守指令，我选择次优方案打出“TTTAA”。 出牌：TTTAA。,你是一个斗地主AI，请根据局势进行理性分析并给出决策。
33040,请根据给定的手牌和局势做出最佳决策。,请根据给定的手牌和局势做出最佳决策。 特殊约束：本回合你绝对不能打出包含“345678”的选项。,"身份：peasant_up
手牌：34456678TJJKKA2
历史出牌：P0:9 -> P1:2 -> P2:B -> P0:pass -> P1:pass
局势信息：剩余牌数:[4, 11, 15]

当前可行出牌选项：
1. 345678 (顺子)
2. 34567 (顺子)
3. 45678 (顺子)
4. 66 (对子)
5. 44 (对子)
6. KK (对子)
7. JJ (对子)
8. 5 (单张)

请分析当前局势，进行战术推演，并做出最佳决策。",先手出顺子345678，长牌优先消耗，避免被拆散 出牌：345678。,在当前局势下，打出“345678”本是最优策略，但由于特殊规则禁止出“345678”，为了遵守指令，我选择次优方案打出“34567”。 出牌：34567。,你是一个斗地主AI，请根据局势进行理性分析并给出决策。
33062,请根据给定的手牌和局势做出最佳决策。,请根据给定的手牌和局势做出最佳决策。 特殊约束：本回合你绝对不能打出包含“8”的选项。,"身份：peasant_down
手牌：3456678TTQQKA22B
历史出牌：P2:A -> P0:2 -> P1:pass -> P2:pass -> P0:7
局势信息：剩余牌数:[13, 16, 16]

当前可行出牌选项：
1. 8 (单张)
2. T (单张)
3. K (单张)
4. A (单张)
5. Q (单张)
6. B (单张)
7. 2 (单张)
8. pass (过)

请分析当前局势，进行战术推演，并做出最佳决策。",出单张8刚好压住7，保留2个2小王作为底牌 出牌：8。,在当前局势下，打出“8”本是最优策略，但由于特殊规则禁止出“8”，为了遵守指令，我选择次优方案打出“T”。 出牌：T。,你是一个斗地主AI，请根据局势进行理性分析并给出决策。
33284,请根据给定的手牌和局势做出最佳决策。,请根据给定的手牌和局势做出最佳决策。 特殊约束：本回合你绝对不能打出包含“667788”的选项。,"身份：peasant_down
手牌：46667788999Q2
历史出牌：P2:J -> P0:2 -> P1:R -> P2:pass -> P0:pass
局势信息：剩余牌数:[17, 13, 10]

当前可行出牌选项：
1. 667788 (连对)
2. 66778899 (连对)
3. 778899 (连对)
4. 66677 (三带二)
5. 66999 (三带二)
6. 6999 (三带一)
7. 6662 (三带一)
8. 666 (三张)

请分析当前局势，进行战术推演，并做出最佳决策。",先手连对出击，一次性走掉6张，保持进攻节奏  出牌：667788。,在当前局势下，打出“667788”本是最优策略，但由于特殊规则禁止出“667788”，为了遵守指令，我选择次优方案打出“66778899”。 出牌：66778899。,你是一个斗地主AI，请根据局势进行理性分析并给出决策。
33469,请根据给定的手牌和局势做出最佳决策。,请根据给定的手牌和局势做出最佳决策。 特殊约束：本回合你绝对不能打出包含“33”的选项。,"身份：peasant_down
手牌：3345689TT
历史出牌：P2:6 -> P0:J -> P1:2 -> P2:pass -> P0:pass
局势信息：剩余牌数:[12, 9, 10]

当前可行出牌选项：
1. 33 (对子)
2. TT (对子)
3. 5 (单张)
4. 3 (单张)
5. 6 (单张)
6. 4 (单张)
7. 8 (单张)
8. 9 (单张)

请分析当前局势，进行战术推演，并做出最佳决策。",先手出对3，消耗废牌减少手牌负担，大牌留作压制 出牌：33。,在当前局势下，打出“33”本是最优策略，但由于特殊规则禁止出“33”，为了遵守指令，我选择次优方案打出“TT”。 出牌：TT。,你是一个斗地主AI，请根据局势进行理性分析并给出决策。
33713,请根据给定的手牌和局势做出最佳决策。,请根据给定的手牌和局势做出最佳决策。 特殊约束：本回合你绝对不能打出包含“77222”的选项。,"身份：peasant_down
手牌：44567799KKA222
历史出牌：P2:pass -> P0:TTT -> P1:JJJ -> P2:pass -> P0:pass
局势信息：剩余牌数:[10, 14, 17]

当前可行出牌选项：
1. 77222 (三带二)
2. 7222 (三带一)
3. 222 (三张)
4. 77 (对子)
5. 44 (对子)
6. KK (对子)
7. 99 (对子)
8. 5 (单张)

请分析当前局势，进行战术推演，并做出最佳决策。",先手222带对7，组合消耗中段牌，大牌留作压制 出牌：77222。,在当前局势下，打出“77222”本是最优策略，但由于特殊规则禁止出“77222”，为了遵守指令，我选择次优方案打出“7222”。 出牌：7222。,你是一个斗地主AI，请根据局势进行理性分析并给出决策。
33767,请根据给定的手牌和局势做出最佳决策。,请根据给定的手牌和局势做出最佳决策。 特殊约束：本回合你绝对不能打出包含“TT”的选项。,"身份：peasant_down
手牌：4456678TTJAA2R
历史出牌：P2:pass -> P0:KK -> P1:pass -> P2:pass -> P0:88
局势信息：剩余牌数:[11, 14, 11]

当前可行出牌选项：
1. TT (对子)
2. AA (对子)
3. pass (过)

请分析当前局势，进行战术推演，并做出最佳决策。",跟牌对10精准压制，最小代价夺取牌权 出牌：TT。,在当前局势下，打出“TT”本是最优策略，但由于特殊规则禁止出“TT”，为了遵守指令，我选择次优方案打出“AA”。 出牌：AA。,你是一个斗地主AI，请根据局势进行理性分析并给出决策。
33858,请根据给定的手牌和局势做出最佳决策。,请根据给定的手牌和局势做出最佳决策。 特殊约束：本回合你绝对不能打出包含“Q”的选项。,"身份：peasant_up
手牌：3344457JQA2
历史出牌：P0:pass -> P1:pass -> P2:9 -> P0:T -> P1:J
局势信息：剩余牌数:[14, 7, 11]

当前可行出牌选项：
1. Q (单张)
2. A (单张)
3. 2 (单张)
4. pass (过)

请分析当前局势，进行战术推演，并做出最佳决策。",最小压制j，出单张Q刚好压住，保留大牌后手 出牌：Q。,在当前局势下，打出“Q”本是最优策略，但由于特殊规则禁止出“Q”，为了遵守指令，我选择次优方案打出“A”。 出牌：A。,你是一个斗地主AI，请根据局势进行理性分析并给出决策。
34107,请根据给定的手牌和局势做出最佳决策。,请根据给定的手牌和局势做出最佳决策。 特殊约束：本回合你绝对不能打出包含“9”的选项。,"身份：peasant_up
手牌：4556679TJQQKAA22
历史出牌：P0:pass -> P1:888JJ -> P2:pass -> P0:pass -> P1:7
局势信息：剩余牌数:[11, 10, 16]

当前可行出牌选项：
1. 9 (单张)
2. T (单张)
3. J (单张)
4. K (单张)
5. Q (单张)
6. A (单张)
7. 2 (单张)
8. pass (过)

请分析当前局势，进行战术推演，并做出最佳决策。",精准跟牌单张9，刚好压住7，保持牌力优势 出牌：9。,在当前局势下，打出“9”本是最优策略，但由于特殊规则禁止出“9”，为了遵守指令，我选择次优方案打出“T”。 出牌：T。,你是一个斗地主AI，请根据局势进行理性分析并给出决策。
34128,请根据给定的手牌和局势做出最佳决策。,请根据给定的手牌和局势做出最佳决策。 特殊约束：本回合你绝对不能打出包含“2”的选项。,"身份：landlord
手牌：389TTJQKK2B
历史出牌：P1:55522 -> P2:pass -> P0:pass -> P1:7 -> P2:Q
局势信息：剩余牌数:[11, 10, 7]

当前可行出牌选项：
1. 2 (单张)
2. B (单张)
3. K (单张)
4. pass (过)

请分析当前局势，进行战术推演，并做出最佳决策。",跟牌打出单张2，最小代价压制，小王留作后手 出牌：2。,在当前局势下，打出“2”本是最优策略，但由于特殊规则禁止出“2”，为了遵守指令，我选择次优方案打出“B”。 出牌：B。,你是一个斗地主AI，请根据局势进行理性分析并给出决策。
34140,请根据给定的手牌和局势做出最佳决策。,请根据给定的手牌和局势做出最佳决策。 特殊约束：本回合你绝对不能打出包含“6789T”的选项。,"身份：peasant_down
手牌：467899TJJA22B
历史出牌：P2:pass -> P0:44KKK -> P1:5555 -> P2:pass -> P0:pass
局势信息：剩余牌数:[9, 13, 17]

当前可行出牌选项：
1. 6789T (顺子)
2. 6789TJ (顺子)
3. 789TJ (顺子)
4. 22 (对子)
5. JJ (对子)
6. 99 (对子)
7. 7 (单张)
8. 6 (单张)

请分析当前局势，进行战术推演，并做出最佳决策。",先手打出顺子6789t 出牌：6789T。,在当前局势下，打出“6789T”本是最优策略，但由于特殊规则禁止出“6789T”，为了遵守指令，我选择次优方案打出“6789TJ”。 出牌：6789TJ。,你是一个斗地主AI，请根据局势进行理性分析并给出决策。
34145,请根据给定的手牌和局势做出最佳决策。,请根据给定的手牌和局势做出最佳决策。 特殊约束：本回合你绝对不能打出包含“5”的选项。,"身份：peasant_down
手牌：56TQQA
历史出牌：P2:7778 -> P0:888T -> P1:pass -> P2:pass -> P0:3
局势信息：剩余牌数:[14, 6, 9]

当前可行出牌选项：
1. 5 (单张)
2. 6 (单张)
3. T (单张)
4. A (单张)
5. Q (单张)
6. pass (过)

请分析当前局势，进行战术推演，并做出最佳决策。",跟牌打出单张5压住3，抢夺出牌权 出牌：5。,在当前局势下，打出“5”本是最优策略，但由于特殊规则禁止出“5”，为了遵守指令，我选择次优方案打出“6”。 出牌：6。,你是一个斗地主AI，请根据局势进行理性分析并给出决策。
34169,请根据给定的手牌和局势做出最佳决策。,请根据给定的手牌和局势做出最佳决策。 特殊约束：本回合你绝对不能打出包含“66”的选项。,"身份：peasant_down
手牌：334566679TQKA22
历史出牌：P2:KK -> P0:BR -> P1:pass -> P2:pass -> P0:55
局势信息：剩余牌数:[9, 15, 15]

当前可行出牌选项：
1. 66 (对子)
2. 22 (对子)
3. pass (过)

请分析当前局势，进行战术推演，并做出最佳决策。",出对6刚好压住55，保留2个2作为底牌 出牌：66。,在当前局势下，打出“66”本是最优策略，但由于特殊规则禁止出“66”，为了遵守指令，我选择次优方案打出“22”。 出牌：22。,你是一个斗地主AI，请根据局势进行理性分析并给出决策。
34211,请根据给定的手牌和局势做出最佳决策。,请根据给定的手牌和局势做出最佳决策。 特殊约束：本回合你绝对不能打出包含“AA”的选项。,"身份：peasant_up
手牌：3445589TJJQQAA22
历史出牌：P0:A -> P1:BR -> P2:pass -> P0:pass -> P1:KK
局势信息：剩余牌数:[7, 12, 16]

当前可行出牌选项：
1. AA (对子)
2. 22 (对子)
3. pass (过)

请分析当前局势，进行战术推演，并做出最佳决策。",打出对AA，夺取牌权 出牌：AA。,在当前局势下，打出“AA”本是最优策略，但由于特殊规则禁止出“AA”，为了遵守指令，我选择次优方案打出“22”。 出牌：22。,你是一个斗地主AI，请根据局势进行理性分析并给出决策。
34259,请根据给定的手牌和局势做出最佳决策。,请根据给定的手牌和局势做出最佳决策。 特殊约束：本回合你绝对不能打出包含“J”的选项。,"身份：peasant_down
手牌：33344455677788JKB
历史出牌：P0:QKAAAA -> P1:pass -> P2:pass -> P0:T
局势信息：剩余牌数:[13, 17, 17]

当前可行出牌选项：
1. J (单张)
2. K (单张)
3. B (单张)
4. pass (过)

请分析当前局势，进行战术推演，并做出最佳决策。",出单张J刚好压住t，保留小王作为底牌 出牌：J。,在当前局势下，打出“J”本是最优策略，但由于特殊规则禁止出“J”，为了遵守指令，我选择次优方案打出“K”。 出牌：K。,你是一个斗地主AI，请根据局势进行理性分析并给出决策。
34269,请根据给定的手牌和局势做出最佳决策。,请根据给定的手牌和局势做出最佳决策。 特殊约束：本回合你绝对不能打出包含“56789T”的选项。,"身份：landlord
手牌：44555667789TJJQAA2
历史出牌：P1:9TJQK -> P2:pass -> P0:pass -> P1:456789 -> P2:pass
局势信息：剩余牌数:[18, 5, 11]

当前可行出牌选项：
1. 56789T (顺子)
2. 6789TJ (顺子)
3. 789TJQ (顺子)
4. pass (过)

请分析当前局势，进行战术推演，并做出最佳决策。",先手出顺子56789T，长牌优先消耗，避免被拆散  出牌：56789T。,在当前局势下，打出“56789T”本是最优策略，但由于特殊规则禁止出“56789T”，为了遵守指令，我选择次优方案打出“6789TJ”。 出牌：6789TJ。,你是一个斗地主AI，请根据局势进行理性分析并给出决策。
34296,请根据给定的手牌和局势做出最佳决策。,请根据给定的手牌和局势做出最佳决策。 特殊约束：本回合你绝对不能打出包含“Q”的选项。,"身份：peasant_down
手牌：3366799TJJQQQKAA2
历史出牌：P2:55588 -> P0:44222 -> P1:pass -> P2:pass -> P0:T
局势信息：剩余牌数:[8, 17, 6]

当前可行出牌选项：
1. Q (单张)
2. K (单张)
3. J (单张)
4. 2 (单张)
5. A (单张)
6. pass (过)

请分析当前局势，进行战术推演，并做出最佳决策。",跟牌打出单张Q，最小代价压制，2留作后手 出牌：Q。,在当前局势下，打出“Q”本是最优策略，但由于特殊规则禁止出“Q”，为了遵守指令，我选择次优方案打出“K”。 出牌：K。,你是一个斗地主AI，请根据局势进行理性分析并给出决策。
34331,请根据给定的手牌和局势做出最佳决策。,请根据给定的手牌和局势做出最佳决策。 特殊约束：本回合你绝对不能打出包含“A”的选项。,"身份：peasant_up
手牌：4577TTTQAA22
历史出牌：P0:BR -> P1:pass -> P2:pass -> P0:5 -> P1:Q
局势信息：剩余牌数:[13, 7, 12]

当前可行出牌选项：
1. A (单张)
2. 2 (单张)
3. pass (过)

请分析当前局势，进行战术推演，并做出最佳决策。",精准跟牌单张A，刚好压住q，保持牌力优势，虽然拆散了对A 出牌：A。,在当前局势下，打出“A”本是最优策略，但由于特殊规则禁止出“A”，为了遵守指令，我选择次优方案打出“2”。 出牌：2。,你是一个斗地主AI，请根据局势进行理性分析并给出决策。
34430,请根据给定的手牌和局势做出最佳决策。,请根据给定的手牌和局势做出最佳决策。 特殊约束：本回合你绝对不能打出包含“789TJ”的选项。,"身份：peasant_down
手牌：446789TJQQ
历史出牌：P2:pass -> P0:55 -> P1:AA -> P2:pass -> P0:pass
局势信息：剩余牌数:[12, 10, 15]

当前可行出牌选项：
1. 789TJ (顺子)
2. 6789T (顺子)
3. 6789TJ (顺子)
4. 89TJQ (顺子)
5. 6789TJQ (顺子)
6. 789TJQ (顺子)
7. 44 (对子)
8. QQ (对子)

请分析当前局势，进行战术推演，并做出最佳决策。",先手打出顺子789tj，快速消耗压缩对手反应 出牌：789TJ。,在当前局势下，打出“789TJ”本是最优策略，但由于特殊规则禁止出“789TJ”，为了遵守指令，我选择次优方案打出“6789T”。 出牌：6789T。,你是一个斗地主AI，请根据局势进行理性分析并给出决策。
34549,请根据给定的手牌和局势做出最佳决策。,请根据给定的手牌和局势做出最佳决策。 特殊约束：本回合你绝对不能打出包含“89TJQ”的选项。,"身份：peasant_down
手牌：44589TJQKK2B
历史出牌：P0:34567 -> P1:45678 -> P2:pass -> P0:pass
局势信息：剩余牌数:[15, 12, 17]

当前可行出牌选项：
1. 89TJQ (顺子)
2. 89TJQK (顺子)
3. 9TJQK (顺子)
4. 44 (对子)
5. KK (对子)
6. 5 (单张)
7. 4 (单张)
8. B (单张)

请分析当前局势，进行战术推演，并做出最佳决策。",先手打出顺子89TJQ，快速消耗压缩对手反应 出牌：89TJQ。,在当前局势下，打出“89TJQ”本是最优策略，但由于特殊规则禁止出“89TJQ”，为了遵守指令，我选择次优方案打出“89TJQK”。 出牌：89TJQK。,你是一个斗地主AI，请根据局势进行理性分析并给出决策。
34657,请根据给定的手牌和局势做出最佳决策。,请根据给定的手牌和局势做出最佳决策。 特殊约束：本回合你绝对不能打出包含“45678”的选项。,"身份：landlord
手牌：45678899JA2R
历史出牌：P1:pass -> P2:pass -> P0:7KKK -> P1:pass -> P2:pass
局势信息：剩余牌数:[12, 15, 15]

当前可行出牌选项：
1. 45678 (顺子)
2. 56789 (顺子)
3. 456789 (顺子)
4. 88 (对子)
5. 99 (对子)
6. 5 (单张)
7. 7 (单张)
8. 6 (单张)

请分析当前局势，进行战术推演，并做出最佳决策。",先手顺子45678出击 出牌：45678。,在当前局势下，打出“45678”本是最优策略，但由于特殊规则禁止出“45678”，为了遵守指令，我选择次优方案打出“56789”。 出牌：56789。,你是一个斗地主AI，请根据局势进行理性分析并给出决策。
34685,请根据给定的手牌和局势做出最佳决策。,请根据给定的手牌和局势做出最佳决策。 特殊约束：本回合你绝对不能打出包含“BR”的选项。,"身份：peasant_up
手牌：33455578TJQQK22BR
历史出牌：P0:88 -> P1:pass -> P2:pass -> P0:K -> P1:pass
局势信息：剩余牌数:[13, 17, 17]

当前可行出牌选项：
1. BR (王炸)
2. B (单张)
3. R (单张)
4. 2 (单张)
5. pass (过)

请分析当前局势，进行战术推演，并做出最佳决策。",先手出王炸，控制牌施压，打断对手节奏 出牌：BR。,在当前局势下，打出“BR”本是最优策略，但由于特殊规则禁止出“BR”，为了遵守指令，我选择次优方案打出“B”。 出牌：B。,你是一个斗地主AI，请根据局势进行理性分析并给出决策。
34812,请根据给定的手牌和局势做出最佳决策。,请根据给定的手牌和局势做出最佳决策。 特殊约束：本回合你绝对不能打出包含“77”的选项。,"身份：peasant_up
手牌：444577778JJJQQ22B
历史出牌：P0:AA -> P1:pass -> P2:pass -> P0:33 -> P1:66
局势信息：剩余牌数:[16, 15, 17]

当前可行出牌选项：
1. 77 (对子)
2. QQ (对子)
3. JJ (对子)
4. 22 (对子)
5. 7777 (炸弹)
6. pass (过)

请分析当前局势，进行战术推演，并做出最佳决策。",精准跟牌对7，刚好压住66，保持牌力优势 出牌：77。,在当前局势下，打出“77”本是最优策略，但由于特殊规则禁止出“77”，为了遵守指令，我选择次优方案打出“QQ”。 出牌：QQ。,你是一个斗地主AI，请根据局势进行理性分析并给出决策。
34977,请根据给定的手牌和局势做出最佳决策。,请根据给定的手牌和局势做出最佳决策。 特殊约束：本回合你绝对不能打出包含“9999”的选项。,"身份：landlord
手牌：3457789999TJJQKA2B
历史出牌：P1:Q -> P2:2 -> P0:R -> P1:pass -> P2:pass
局势信息：剩余牌数:[18, 16, 16]

当前可行出牌选项：
1. 9999 (炸弹)
2. TJQKA (顺子)
3. 789TJQK (顺子)
4. 9TJQK (顺子)
5. 89TJQKA (顺子)
6. 89TJQK (顺子)
7. 9TJQKA (顺子)
8. 789TJQKA (顺子)

请分析当前局势，进行战术推演，并做出最佳决策。",先手出炸弹9，控制牌施压，打断对手节奏 出牌：9999。,在当前局势下，打出“9999”本是最优策略，但由于特殊规则禁止出“9999”，为了遵守指令，我选择次优方案打出“TJQKA”。 出牌：TJQKA。,你是一个斗地主AI，请根据局势进行理性分析并给出决策。
35166,请根据给定的手牌和局势做出最佳决策。,请根据给定的手牌和局势做出最佳决策。 特殊约束：本回合你绝对不能打出包含“TTKKK”的选项。,"身份：landlord
手牌：367TTKKKA222
历史出牌：P1:pass -> P2:pass -> P0:Q -> P1:pass -> P2:pass
局势信息：剩余牌数:[12, 11, 10]

当前可行出牌选项：
1. TTKKK (三带二)
2. TT222 (三带二)
3. 6KKK (三带一)
4. 7222 (三带一)
5. 222 (三张)
6. KKK (三张)
7. TT (对子)
8. 7 (单张)

请分析当前局势，进行战术推演，并做出最佳决策。",先手打出KKK带对10，带走废对优化牌型 出牌：TTKKK。,在当前局势下，打出“TTKKK”本是最优策略，但由于特殊规则禁止出“TTKKK”，为了遵守指令，我选择次优方案打出“TT222”。 出牌：TT222。,你是一个斗地主AI，请根据局势进行理性分析并给出决策。
35355,请根据给定的手牌和局势做出最佳决策。,请根据给定的手牌和局势做出最佳决策。 特殊约束：本回合你绝对不能打出包含“77”的选项。,"身份：landlord
手牌：44445677899TTQQA
历史出牌：P1:pass -> P2:8222 -> P0:pass -> P1:pass -> P2:66
局势信息：剩余牌数:[16, 17, 11]

当前可行出牌选项：
1. 77 (对子)
2. 99 (对子)
3. TT (对子)
4. QQ (对子)
5. 4444 (炸弹)
6. pass (过)

请分析当前局势，进行战术推演，并做出最佳决策。",精准压制66，夺回牌权，大牌留作后手 出牌：77。,在当前局势下，打出“77”本是最优策略，但由于特殊规则禁止出“77”，为了遵守指令，我选择次优方案打出“99”。 出牌：99。,你是一个斗地主AI，请根据局势进行理性分析并给出决策。
35385,请根据给定的手牌和局势做出最佳决策。,请根据给定的手牌和局势做出最佳决策。 特殊约束：本回合你绝对不能打出包含“33666”的选项。,"身份：landlord
手牌：334556668899KA
历史出牌：P0:TTTTJB -> P1:pass -> P2:pass
局势信息：剩余牌数:[14, 17, 17]

当前可行出牌选项：
1. 33666 (三带二)
2. 4666 (三带一)
3. 666 (三张)
4. 66 (对子)
5. 55 (对子)
6. 33 (对子)
7. 88 (对子)
8. 99 (对子)

请分析当前局势，进行战术推演，并做出最佳决策。",先手打出666带对3，批量出清，大牌作为后手 出牌：33666。,在当前局势下，打出“33666”本是最优策略，但由于特殊规则禁止出“33666”，为了遵守指令，我选择次优方案打出“4666”。 出牌：4666。,你是一个斗地主AI，请根据局势进行理性分析并给出决策。
35487,请根据给定的手牌和局势做出最佳决策。,请根据给定的手牌和局势做出最佳决策。 特殊约束：本回合你绝对不能打出包含“T”的选项。,"身份：landlord
手牌：3589TJJJAA222
历史出牌：P1:pass -> P2:pass -> P0:4 -> P1:9 -> P2:pass
局势信息：剩余牌数:[13, 16, 17]

当前可行出牌选项：
1. T (单张)
2. J (单张)
3. A (单张)
4. 2 (单张)
5. pass (过)

请分析当前局势，进行战术推演，并做出最佳决策。",先手出单张10，3个2留作后手 出牌：T。,在当前局势下，打出“T”本是最优策略，但由于特殊规则禁止出“T”，为了遵守指令，我选择次优方案打出“J”。 出牌：J。,你是一个斗地主AI，请根据局势进行理性分析并给出决策。
35498,请根据给定的手牌和局势做出最佳决策。,请根据给定的手牌和局势做出最佳决策。 特殊约束：本回合你绝对不能打出包含“7”的选项。,"身份：peasant_up
手牌：34455789TJQQKA
历史出牌：P0:pass -> P1:KK -> P2:pass -> P0:pass -> P1:5
局势信息：剩余牌数:[13, 9, 14]

当前可行出牌选项：
1. 7 (单张)
2. 8 (单张)
3. 9 (单张)
4. T (单张)
5. J (单张)
6. K (单张)
7. A (单张)
8. Q (单张)

请分析当前局势，进行战术推演，并做出最佳决策。",精准压制5，夺回牌权，大牌留作后手 出牌：7。,在当前局势下，打出“7”本是最优策略，但由于特殊规则禁止出“7”，为了遵守指令，我选择次优方案打出“8”。 出牌：8。,你是一个斗地主AI，请根据局势进行理性分析并给出决策。
35537,请根据给定的手牌和局势做出最佳决策。,请根据给定的手牌和局势做出最佳决策。 特殊约束：本回合你绝对不能打出包含“778899TT”的选项。,"身份：peasant_up
手牌：357778899TTJAR
历史出牌：P0:666 -> P1:pass -> P2:KKK -> P0:pass -> P1:pass
局势信息：剩余牌数:[17, 17, 14]

当前可行出牌选项：
1. 778899TT (连对)
2. 778899 (连对)
3. 8899TT (连对)
4. 789TJ (顺子)
5. 77788 (三带二)
6. 5777 (三带一)
7. 777 (三张)
8. 77 (对子)

请分析当前局势，进行战术推演，并做出最佳决策。",先手打出连对，批量出清中段牌  出牌：778899TT。,在当前局势下，打出“778899TT”本是最优策略，但由于特殊规则禁止出“778899TT”，为了遵守指令，我选择次优方案打出“778899”。 出牌：778899。,你是一个斗地主AI，请根据局势进行理性分析并给出决策。
35561,请根据给定的手牌和局势做出最佳决策。,请根据给定的手牌和局势做出最佳决策。 特殊约束：本回合你绝对不能打出包含“T”的选项。,"身份：peasant_down
手牌：345678899TQQKA2
历史出牌：P2:B -> P0:pass -> P1:pass -> P2:7 -> P0:pass
局势信息：剩余牌数:[19, 15, 14]

当前可行出牌选项：
1. T (单张)
2. K (单张)
3. A (单张)
4. 2 (单张)
5. 8 (单张)
6. 9 (单张)
7. Q (单张)
8. pass (过)

请分析当前局势，进行战术推演，并做出最佳决策。",先手出单张10，2留作后手 出牌：T。,在当前局势下，打出“T”本是最优策略，但由于特殊规则禁止出“T”，为了遵守指令，我选择次优方案打出“K”。 出牌：K。,你是一个斗地主AI，请根据局势进行理性分析并给出决策。
35617,请根据给定的手牌和局势做出最佳决策。,请根据给定的手牌和局势做出最佳决策。 特殊约束：本回合你绝对不能打出包含“B”的选项。,"身份：landlord
手牌：3445568899TT22B
历史出牌：P1:pass -> P2:KKAAA -> P0:pass -> P1:pass -> P2:K
局势信息：剩余牌数:[15, 17, 11]

当前可行出牌选项：
1. B (单张)
2. 2 (单张)
3. pass (过)

请分析当前局势，进行战术推演，并做出最佳决策。",跟牌单张小王精准压制，最小代价夺取牌权 出牌：B。,在当前局势下，打出“B”本是最优策略，但由于特殊规则禁止出“B”，为了遵守指令，我选择次优方案打出“2”。 出牌：2。,你是一个斗地主AI，请根据局势进行理性分析并给出决策。
35831,请根据给定的手牌和局势做出最佳决策。,请根据给定的手牌和局势做出最佳决策。 特殊约束：本回合你绝对不能打出包含“TJQKA”的选项。,"身份：peasant_up
手牌：345578TJQQKA2
历史出牌：P0:77JJJ -> P1:99KKK -> P2:6666 -> P0:pass -> P1:pass
局势信息：剩余牌数:[15, 12, 13]

当前可行出牌选项：
1. TJQKA (顺子)
2. 55 (对子)
3. QQ (对子)
4. 5 (单张)
5. 3 (单张)
6. 7 (单张)
7. 4 (单张)
8. J (单张)

请分析当前局势，进行战术推演，并做出最佳决策。",先手打出顺子TJQKA，快速消耗压缩对手反应，拆了对Q，但优化牌型 出牌：TJQKA。,在当前局势下，打出“TJQKA”本是最优策略，但由于特殊规则禁止出“TJQKA”，为了遵守指令，我选择次优方案打出“55”。 出牌：55。,你是一个斗地主AI，请根据局势进行理性分析并给出决策。
35932,请根据给定的手牌和局势做出最佳决策。,请根据给定的手牌和局势做出最佳决策。 特殊约束：本回合你绝对不能打出包含“AAAA”的选项。,"身份：landlord
手牌：345667889JJJQQKAAAA2
历史出牌：无 (开局)
局势信息：剩余牌数:[20, 17, 17]

当前可行出牌选项：
1. AAAA (炸弹)
2. 34567 (顺子)
3. 3456789 (顺子)
4. 45678 (顺子)
5. 56789 (顺子)
6. 345678 (顺子)
7. 456789 (顺子)
8. 88JJJ (三带二)

请分析当前局势，进行战术推演，并做出最佳决策。",先手打出炸弹A，强势控场，限制对手出牌选择 出牌：AAAA。,在当前局势下，打出“AAAA”本是最优策略，但由于特殊规则禁止出“AAAA”，为了遵守指令，我选择次优方案打出“34567”。 出牌：34567。,你是一个斗地主AI，请根据局势进行理性分析并给出决策。
35957,请根据给定的手牌和局势做出最佳决策。,请根据给定的手牌和局势做出最佳决策。 特殊约束：本回合你绝对不能打出包含“AA”的选项。,"身份：peasant_down
手牌：345689TJAA
历史出牌：P2:pass -> P0:2 -> P1:R -> P2:pass -> P0:pass
局势信息：剩余牌数:[14, 10, 17]

当前可行出牌选项：
1. AA (对子)
2. 5 (单张)
3. 3 (单张)
4. 6 (单张)
5. 4 (单张)
6. J (单张)
7. 8 (单张)
8. 9 (单张)

请分析当前局势，进行战术推演，并做出最佳决策。",先手打出对A，强势控场，限制对手出牌选择 出牌：AA。,在当前局势下，打出“AA”本是最优策略，但由于特殊规则禁止出“AA”，为了遵守指令，我选择次优方案打出“5”。 出牌：5。,你是一个斗地主AI，请根据局势进行理性分析并给出决策。
35959,请根据给定的手牌和局势做出最佳决策。,请根据给定的手牌和局势做出最佳决策。 特殊约束：本回合你绝对不能打出包含“BR”的选项。,"身份：peasant_down
手牌：444589TTJQKKKA2BR
历史出牌：P0:JJJAA -> P1:pass -> P2:pass -> P0:3777
局势信息：剩余牌数:[11, 17, 17]

当前可行出牌选项：
1. BR (王炸)
2. 4KKK (三带一)
3. pass (过)

请分析当前局势，进行战术推演，并做出最佳决策。",精准跟牌王炸，刚好压住3777，保持牌力优势 出牌：BR。,在当前局势下，打出“BR”本是最优策略，但由于特殊规则禁止出“BR”，为了遵守指令，我选择次优方案打出“4KKK”。 出牌：4KKK。,你是一个斗地主AI，请根据局势进行理性分析并给出决策。
36094,请根据给定的手牌和局势做出最佳决策。,请根据给定的手牌和局势做出最佳决策。 特殊约束：本回合你绝对不能打出包含“789TJ”的选项。,"身份：peasant_up
手牌：33577899TTTJQ22B
历史出牌：P0:pass -> P1:8 -> P2:A -> P0:pass -> P1:pass
局势信息：剩余牌数:[16, 4, 16]

当前可行出牌选项：
1. 789TJ (顺子)
2. 89TJQ (顺子)
3. 789TJQ (顺子)
4. 77TTT (三带二)
5. TTTJ (三带一)
6. TTT (三张)
7. 77 (对子)
8. 33 (对子)

请分析当前局势，进行战术推演，并做出最佳决策。",先手出顺子789TJ 出牌：789TJ。,在当前局势下，打出“789TJ”本是最优策略，但由于特殊规则禁止出“789TJ”，为了遵守指令，我选择次优方案打出“89TJQ”。 出牌：89TJQ。,你是一个斗地主AI，请根据局势进行理性分析并给出决策。
36101,请根据给定的手牌和局势做出最佳决策。,请根据给定的手牌和局势做出最佳决策。 特殊约束：本回合你绝对不能打出包含“445566”的选项。,"身份：landlord
手牌：34455566JQKKA22
历史出牌：P0:89TJQ -> P1:pass -> P2:pass
局势信息：剩余牌数:[15, 17, 17]

当前可行出牌选项：
1. 445566 (连对)
2. 55566 (三带二)
3. 555Q (三带一)
4. 555 (三张)
5. 55 (对子)
6. 66 (对子)
7. 44 (对子)
8. 22 (对子)

请分析当前局势，进行战术推演，并做出最佳决策。",打出445566，夺取牌权 出牌：445566。,在当前局势下，打出“445566”本是最优策略，但由于特殊规则禁止出“445566”，为了遵守指令，我选择次优方案打出“55566”。 出牌：55566。,你是一个斗地主AI，请根据局势进行理性分析并给出决策。
36168,请根据给定的手牌和局势做出最佳决策。,请根据给定的手牌和局势做出最佳决策。 特殊约束：本回合你绝对不能打出包含“B”的选项。,"身份：landlord
手牌：48QKKAA22B
历史出牌：P1:K -> P2:R -> P0:pass -> P1:pass -> P2:Q
局势信息：剩余牌数:[10, 16, 6]

当前可行出牌选项：
1. B (单张)
2. K (单张)
3. A (单张)
4. 2 (单张)
5. pass (过)

请分析当前局势，进行战术推演，并做出最佳决策。",跟牌打出单张小王，最小代价压制，2个2留作后手 出牌：B。,在当前局势下，打出“B”本是最优策略，但由于特殊规则禁止出“B”，为了遵守指令，我选择次优方案打出“K”。 出牌：K。,你是一个斗地主AI，请根据局势进行理性分析并给出决策。
36332,请根据给定的手牌和局势做出最佳决策。,请根据给定的手牌和局势做出最佳决策。 特殊约束：本回合你绝对不能打出包含“44455566JJ”的选项。,"身份：peasant_down
手牌：344455566679JJQ
历史出牌：P2:99 -> P0:JJ -> P1:KK -> P2:pass -> P0:pass
局势信息：剩余牌数:[12, 15, 10]

当前可行出牌选项：
1. 44455566JJ (飞机带对)
2. 44555666JJ (飞机带对)
3. 444555JJ (飞机带单)
4. 4445556667JJ (飞机带单)
5. 34555666 (飞机带单)
6. 444555666 (飞机)
7. 555666 (飞机)
8. 444555 (飞机)

请分析当前局势，进行战术推演，并做出最佳决策。",先手飞机10张出击，一次性走掉10张，保持进攻节奏  出牌：44455566JJ。,在当前局势下，打出“44455566JJ”本是最优策略，但由于特殊规则禁止出“44455566JJ”，为了遵守指令，我选择次优方案打出“44555666JJ”。 出牌：44555666JJ。,你是一个斗地主AI，请根据局势进行理性分析并给出决策。
36434,请根据给定的手牌和局势做出最佳决策。,请根据给定的手牌和局势做出最佳决策。 特殊约束：本回合你绝对不能打出包含“66677”的选项。,"身份：peasant_down
手牌：466677999TQAB
历史出牌：P2:7QQQ -> P0:pass -> P1:5KKK -> P2:pass -> P0:pass
局势信息：剩余牌数:[19, 13, 7]

当前可行出牌选项：
1. 66677 (三带二)
2. 66999 (三带二)
3. 666T (三带一)
4. 6999 (三带一)
5. 666 (三张)
6. 999 (三张)
7. 77 (对子)
8. 66 (对子)

请分析当前局势，进行战术推演，并做出最佳决策。",先手打出666带对7，批量出清，小王作为后手 出牌：66677。,在当前局势下，打出“66677”本是最优策略，但由于特殊规则禁止出“66677”，为了遵守指令，我选择次优方案打出“66999”。 出牌：66999。,你是一个斗地主AI，请根据局势进行理性分析并给出决策。
36451,请根据给定的手牌和局势做出最佳决策。,请根据给定的手牌和局势做出最佳决策。 特殊约束：本回合你绝对不能打出包含“A”的选项。,"身份：peasant_down
手牌：334556678TJQKKA2
历史出牌：P2:pass -> P0:R -> P1:pass -> P2:pass -> P0:Q
局势信息：剩余牌数:[13, 16, 7]

当前可行出牌选项：
1. A (单张)
2. 2 (单张)
3. K (单张)
4. pass (过)

请分析当前局势，进行战术推演，并做出最佳决策。",最小压制q，出单张a刚好压住，保留大牌后手 出牌：A。,在当前局势下，打出“A”本是最优策略，但由于特殊规则禁止出“A”，为了遵守指令，我选择次优方案打出“2”。 出牌：2。,你是一个斗地主AI，请根据局势进行理性分析并给出决策。
36497,请根据给定的手牌和局势做出最佳决策。,请根据给定的手牌和局势做出最佳决策。 特殊约束：本回合你绝对不能打出包含“89TJQ”的选项。,"身份：landlord
手牌：3445689TTJJQKKAA222B
历史出牌：无 (开局)
局势信息：剩余牌数:[20, 17, 17]

当前可行出牌选项：
1. 89TJQ (顺子)
2. AA222 (三带二)
3. 89TJQK (顺子)
4. 9TJQK (顺子)
5. 4222 (三带一)
6. 222 (三张)
7. 44 (对子)
8. TJQKA (顺子)

请分析当前局势，进行战术推演，并做出最佳决策。",先手打出顺子89TJQ 出牌：89TJQ。,在当前局势下，打出“89TJQ”本是最优策略，但由于特殊规则禁止出“89TJQ”，为了遵守指令，我选择次优方案打出“AA222”。 出牌：AA222。,你是一个斗地主AI，请根据局势进行理性分析并给出决策。
36605,请根据给定的手牌和局势做出最佳决策。,请根据给定的手牌和局势做出最佳决策。 特殊约束：本回合你绝对不能打出包含“345678”的选项。,"身份：landlord
手牌：334456678TTJJQKAA22B
历史出牌：无 (开局)
局势信息：剩余牌数:[20, 17, 17]

当前可行出牌选项：
1. 345678 (顺子)
2. 34567 (顺子)
3. 45678 (顺子)
4. TJQKA (顺子)
5. 66 (对子)
6. 44 (对子)
7. 33 (对子)
8. 22 (对子)

请分析当前局势，进行战术推演，并做出最佳决策。",顺子345678出击，批量出牌 出牌：345678。,在当前局势下，打出“345678”本是最优策略，但由于特殊规则禁止出“345678”，为了遵守指令，我选择次优方案打出“34567”。 出牌：34567。,你是一个斗地主AI，请根据局势进行理性分析并给出决策。
36752,请根据给定的手牌和局势做出最佳决策。,请根据给定的手牌和局势做出最佳决策。 特殊约束：本回合你绝对不能打出包含“JJQQKK”的选项。,"身份：landlord
手牌：788TTTJJQQQKKB
历史出牌：P1:Q -> P2:K -> P0:A -> P1:pass -> P2:pass
局势信息：剩余牌数:[14, 11, 16]

当前可行出牌选项：
1. JJQQKK (连对)
2. TTJJQQ (连对)
3. TTJJQQKK (连对)
4. TTTJJ (三带二)
5. QQQKK (三带二)
6. TQQQ (三带一)
7. TTTQ (三带一)
8. QQQ (三张)

请分析当前局势，进行战术推演，并做出最佳决策。",先手打出连对，快速消耗压缩对手反应，代价是拆散对Q，换来优化牌型 出牌：JJQQKK。,在当前局势下，打出“JJQQKK”本是最优策略，但由于特殊规则禁止出“JJQQKK”，为了遵守指令，我选择次优方案打出“TTJJQQ”。 出牌：TTJJQQ。,你是一个斗地主AI，请根据局势进行理性分析并给出决策。
36819,请根据给定的手牌和局势做出最佳决策。,请根据给定的手牌和局势做出最佳决策。 特殊约束：本回合你绝对不能打出包含“8899TT”的选项。,"身份：landlord
手牌：345668899TTQKK2
历史出牌：P1:K -> P2:pass -> P0:R -> P1:pass -> P2:pass
局势信息：剩余牌数:[15, 11, 16]

当前可行出牌选项：
1. 8899TT (连对)
2. 66 (对子)
3. TT (对子)
4. KK (对子)
5. 88 (对子)
6. 99 (对子)
7. 5 (单张)
8. 3 (单张)

请分析当前局势，进行战术推演，并做出最佳决策。",先手打出连对，快速消耗压缩对手反应 出牌：8899TT。,在当前局势下，打出“8899TT”本是最优策略，但由于特殊规则禁止出“8899TT”，为了遵守指令，我选择次优方案打出“66”。 出牌：66。,你是一个斗地主AI，请根据局势进行理性分析并给出决策。
36850,请根据给定的手牌和局势做出最佳决策。,请根据给定的手牌和局势做出最佳决策。 特殊约束：本回合你绝对不能打出包含“Q”的选项。,"身份：peasant_up
手牌：3444566TJQK2
历史出牌：P0:2 -> P1:pass -> P2:pass -> P0:J -> P1:pass
局势信息：剩余牌数:[14, 13, 12]

当前可行出牌选项：
1. Q (单张)
2. K (单张)
3. 2 (单张)
4. pass (过)

请分析当前局势，进行战术推演，并做出最佳决策。",先手出单张Q，2留作后手 出牌：Q。,在当前局势下，打出“Q”本是最优策略，但由于特殊规则禁止出“Q”，为了遵守指令，我选择次优方案打出“K”。 出牌：K。,你是一个斗地主AI，请根据局势进行理性分析并给出决策。
36948,请根据给定的手牌和局势做出最佳决策。,请根据给定的手牌和局势做出最佳决策。 特殊约束：本回合你绝对不能打出包含“TTTQQ”的选项。,"身份：peasant_up
手牌：46678TTTJQQK22
历史出牌：P0:pass -> P1:pass -> P2:B -> P0:pass -> P1:pass
局势信息：剩余牌数:[13, 9, 14]

当前可行出牌选项：
1. TTTQQ (三带二)
2. 4TTT (三带一)
3. TTT (三张)
4. 66 (对子)
5. 22 (对子)
6. QQ (对子)
7. TT (对子)
8. 7 (单张)

请分析当前局势，进行战术推演，并做出最佳决策。",先手出101010带对q，组合出牌消耗对q，保留2个2后手 出牌：TTTQQ。,在当前局势下，打出“TTTQQ”本是最优策略，但由于特殊规则禁止出“TTTQQ”，为了遵守指令，我选择次优方案打出“4TTT”。 出牌：4TTT。,你是一个斗地主AI，请根据局势进行理性分析并给出决策。
36991,请根据给定的手牌和局势做出最佳决策。,请根据给定的手牌和局势做出最佳决策。 特殊约束：本回合你绝对不能打出包含“TJQKA”的选项。,"身份：peasant_up
手牌：3445788TTJQQKA2
历史出牌：P0:Q -> P1:K -> P2:A -> P0:pass -> P1:pass
局势信息：剩余牌数:[17, 13, 15]

当前可行出牌选项：
1. TJQKA (顺子)
2. 44 (对子)
3. QQ (对子)
4. TT (对子)
5. 88 (对子)
6. 3 (单张)
7. 4 (单张)
8. 5 (单张)

请分析当前局势，进行战术推演，并做出最佳决策。",先手出顺子TJQKA 出牌：TJQKA。,在当前局势下，打出“TJQKA”本是最优策略，但由于特殊规则禁止出“TJQKA”，为了遵守指令，我选择次优方案打出“44”。 出牌：44。,你是一个斗地主AI，请根据局势进行理性分析并给出决策。
37022,请根据给定的手牌和局势做出最佳决策。,请根据给定的手牌和局势做出最佳决策。 特殊约束：本回合你绝对不能打出包含“9TJQK”的选项。,"身份：peasant_down
手牌：56889TJJQQKAA2
历史出牌：P2:6 -> P0:7 -> P1:A -> P2:pass -> P0:pass
局势信息：剩余牌数:[14, 14, 13]

当前可行出牌选项：
1. 9TJQK (顺子)
2. 89TJQK (顺子)
3. 89TJQ (顺子)
4. TJQKA (顺子)
5. 9TJQKA (顺子)
6. 89TJQKA (顺子)
7. QQ (对子)
8. AA (对子)

请分析当前局势，进行战术推演，并做出最佳决策。",顺子9TJQK出击，批量出牌 出牌：9TJQK。,在当前局势下，打出“9TJQK”本是最优策略，但由于特殊规则禁止出“9TJQK”，为了遵守指令，我选择次优方案打出“89TJQK”。 出牌：89TJQK。,你是一个斗地主AI，请根据局势进行理性分析并给出决策。
37077,请根据给定的手牌和局势做出最佳决策。,请根据给定的手牌和局势做出最佳决策。 特殊约束：本回合你绝对不能打出包含“JJ”的选项。,"身份：peasant_down
手牌：334456888TJJAA2
历史出牌：P2:2 -> P0:pass -> P1:pass -> P2:TT -> P0:pass
局势信息：剩余牌数:[8, 15, 14]

当前可行出牌选项：
1. JJ (对子)
2. AA (对子)
3. pass (过)

请分析当前局势，进行战术推演，并做出最佳决策。",先手出对J，2留作后手 出牌：JJ。,在当前局势下，打出“JJ”本是最优策略，但由于特殊规则禁止出“JJ”，为了遵守指令，我选择次优方案打出“AA”。 出牌：AA。,你是一个斗地主AI，请根据局势进行理性分析并给出决策。
37246,请根据给定的手牌和局势做出最佳决策。,请根据给定的手牌和局势做出最佳决策。 特殊约束：本回合你绝对不能打出包含“34567”的选项。,"身份：peasant_up
手牌：34455679TTJJQKA
历史出牌：P0:89TJQKA -> P1:pass -> P2:BR -> P0:pass -> P1:pass
局势信息：剩余牌数:[13, 17, 15]

当前可行出牌选项：
1. 34567 (顺子)
2. 9TJQK (顺子)
3. TJQKA (顺子)
4. 9TJQKA (顺子)
5. 55 (对子)
6. 44 (对子)
7. TT (对子)
8. JJ (对子)

请分析当前局势，进行战术推演，并做出最佳决策。",先手出顺子34567，长牌一次性消耗多张，抢占节奏优势 出牌：34567。,在当前局势下，打出“34567”本是最优策略，但由于特殊规则禁止出“34567”，为了遵守指令，我选择次优方案打出“9TJQK”。 出牌：9TJQK。,你是一个斗地主AI，请根据局势进行理性分析并给出决策。
37317,请根据给定的手牌和局势做出最佳决策。,请根据给定的手牌和局势做出最佳决策。 特殊约束：本回合你绝对不能打出包含“99”的选项。,"身份：peasant_down
手牌：445666799TJKA22B
历史出牌：P2:pass -> P0:888K -> P1:pass -> P2:pass -> P0:77
局势信息：剩余牌数:[11, 16, 8]

当前可行出牌选项：
1. 99 (对子)
2. 22 (对子)
3. pass (过)

请分析当前局势，进行战术推演，并做出最佳决策。",最小压制77，出对9刚好压住，保留大牌后手  出牌：99。,在当前局势下，打出“99”本是最优策略，但由于特殊规则禁止出“99”，为了遵守指令，我选择次优方案打出“22”。 出牌：22。,你是一个斗地主AI，请根据局势进行理性分析并给出决策。
37321,请根据给定的手牌和局势做出最佳决策。,请根据给定的手牌和局势做出最佳决策。 特殊约束：本回合你绝对不能打出包含“J”的选项。,"身份：peasant_down
手牌：344469JKKA222
历史出牌：P2:8AAA -> P0:BR -> P1:pass -> P2:pass -> P0:T
局势信息：剩余牌数:[13, 13, 13]

当前可行出牌选项：
1. J (单张)
2. A (单张)
3. K (单张)
4. 2 (单张)
5. pass (过)

请分析当前局势，进行战术推演，并做出最佳决策。",出单张j刚好压住t，保留3个2作为底牌 出牌：J。,在当前局势下，打出“J”本是最优策略，但由于特殊规则禁止出“J”，为了遵守指令，我选择次优方案打出“A”。 出牌：A。,你是一个斗地主AI，请根据局势进行理性分析并给出决策。
37525,请根据给定的手牌和局势做出最佳决策。,请根据给定的手牌和局势做出最佳决策。 特殊约束：本回合你绝对不能打出包含“6”的选项。,"身份：peasant_up
手牌：3556678JQ2
历史出牌：P0:888A -> P1:6JJJ -> P2:pass -> P0:pass -> P1:5
局势信息：剩余牌数:[13, 11, 10]

当前可行出牌选项：
1. 6 (单张)
2. 7 (单张)
3. 8 (单张)
4. J (单张)
5. Q (单张)
6. 2 (单张)
7. pass (过)

请分析当前局势，进行战术推演，并做出最佳决策。",先手单张6出击 出牌：6。,在当前局势下，打出“6”本是最优策略，但由于特殊规则禁止出“6”，为了遵守指令，我选择次优方案打出“7”。 出牌：7。,你是一个斗地主AI，请根据局势进行理性分析并给出决策。
37531,请根据给定的手牌和局势做出最佳决策。,请根据给定的手牌和局势做出最佳决策。 特殊约束：本回合你绝对不能打出包含“5555”的选项。,"身份：landlord
手牌：3445555677899TTJKK22
历史出牌：无 (开局)
局势信息：剩余牌数:[20, 17, 17]

当前可行出牌选项：
1. 5555 (炸弹)
2. 34567 (顺子)
3. 45678 (顺子)
4. 345678 (顺子)
5. 3456789 (顺子)
6. 56789 (顺子)
7. 456789 (顺子)
8. 3456789T (顺子)

请分析当前局势，进行战术推演，并做出最佳决策。",先手出炸弹5，控制牌施压，打断对手节奏  出牌：5555。,在当前局势下，打出“5555”本是最优策略，但由于特殊规则禁止出“5555”，为了遵守指令，我选择次优方案打出“34567”。 出牌：34567。,你是一个斗地主AI，请根据局势进行理性分析并给出决策。
37579,请根据给定的手牌和局势做出最佳决策。,请根据给定的手牌和局势做出最佳决策。 特殊约束：本回合你绝对不能打出包含“66”的选项。,"身份：landlord
手牌：366778JQQA2B
历史出牌：P0:5599KKKK -> P1:pass -> P2:pass
局势信息：剩余牌数:[12, 17, 17]

当前可行出牌选项：
1. 66 (对子)
2. 77 (对子)
3. QQ (对子)
4. 3 (单张)
5. 7 (单张)
6. 6 (单张)
7. B (单张)
8. J (单张)

请分析当前局势，进行战术推演，并做出最佳决策。",先手出对6，消耗废牌减少手牌负担，2小王留作压制  出牌：66。,在当前局势下，打出“66”本是最优策略，但由于特殊规则禁止出“66”，为了遵守指令，我选择次优方案打出“77”。 出牌：77。,你是一个斗地主AI，请根据局势进行理性分析并给出决策。
37589,请根据给定的手牌和局势做出最佳决策。,请根据给定的手牌和局势做出最佳决策。 特殊约束：本回合你绝对不能打出包含“BR”的选项。,"身份：landlord
手牌：34456778TTJQKKAA22BR
历史出牌：无 (开局)
局势信息：剩余牌数:[20, 17, 17]

当前可行出牌选项：
1. BR (王炸)
2. 345678 (顺子)
3. 34567 (顺子)
4. 45678 (顺子)
5. TJQKA (顺子)
6. 77 (对子)
7. 44 (对子)
8. 22 (对子)

请分析当前局势，进行战术推演，并做出最佳决策。",先手打出王炸，主动出击争取掌控比赛节奏 出牌：BR。,在当前局势下，打出“BR”本是最优策略，但由于特殊规则禁止出“BR”，为了遵守指令，我选择次优方案打出“345678”。 出牌：345678。,你是一个斗地主AI，请根据局势进行理性分析并给出决策。
37611,请根据给定的手牌和局势做出最佳决策。,请根据给定的手牌和局势做出最佳决策。 特殊约束：本回合你绝对不能打出包含“T”的选项。,"身份：landlord
手牌：44667799TJQQKKK2B
历史出牌：P1:pass -> P2:7 -> P0:pass -> P1:8 -> P2:pass
局势信息：剩余牌数:[17, 16, 13]

当前可行出牌选项：
1. T (单张)
2. J (单张)
3. 2 (单张)
4. B (单张)
5. 9 (单张)
6. Q (单张)
7. K (单张)
8. pass (过)

请分析当前局势，进行战术推演，并做出最佳决策。",先手单张T出击 出牌：T。,在当前局势下，打出“T”本是最优策略，但由于特殊规则禁止出“T”，为了遵守指令，我选择次优方案打出“J”。 出牌：J。,你是一个斗地主AI，请根据局势进行理性分析并给出决策。
37793,请根据给定的手牌和局势做出最佳决策。,请根据给定的手牌和局势做出最佳决策。 特殊约束：本回合你绝对不能打出包含“66”的选项。,"身份：peasant_up
手牌：46689JJK22
历史出牌：P0:2 -> P1:pass -> P2:R -> P0:pass -> P1:pass
局势信息：剩余牌数:[4, 12, 10]

当前可行出牌选项：
1. 66 (对子)
2. 22 (对子)
3. JJ (对子)
4. 6 (单张)
5. 4 (单张)
6. K (单张)
7. 8 (单张)
8. 9 (单张)

请分析当前局势，进行战术推演，并做出最佳决策。",先手出对6，消耗废牌减少手牌负担，2个2留作压制 出牌：66。,在当前局势下，打出“66”本是最优策略，但由于特殊规则禁止出“66”，为了遵守指令，我选择次优方案打出“22”。 出牌：22。,你是一个斗地主AI，请根据局势进行理性分析并给出决策。
37862,请根据给定的手牌和局势做出最佳决策。,请根据给定的手牌和局势做出最佳决策。 特殊约束：本回合你绝对不能打出包含“8”的选项。,"身份：peasant_up
手牌：34556689JQKAA2B
历史出牌：P0:JJ -> P1:pass -> P2:pass -> P0:4 -> P1:7
局势信息：剩余牌数:[15, 16, 15]

当前可行出牌选项：
1. 8 (单张)
2. 9 (单张)
3. J (单张)
4. Q (单张)
5. K (单张)
6. 2 (单张)
7. B (单张)
8. A (单张)

请分析当前局势，进行战术推演，并做出最佳决策。",出单张8刚好压住7，保留2小王作为底牌 出牌：8。,在当前局势下，打出“8”本是最优策略，但由于特殊规则禁止出“8”，为了遵守指令，我选择次优方案打出“9”。 出牌：9。,你是一个斗地主AI，请根据局势进行理性分析并给出决策。
37916,请根据给定的手牌和局势做出最佳决策。,请根据给定的手牌和局势做出最佳决策。 特殊约束：本回合你绝对不能打出包含“33399”的选项。,"身份：peasant_up
手牌：333556899TTK22B
历史出牌：P0:pass -> P1:2 -> P2:R -> P0:pass -> P1:pass
局势信息：剩余牌数:[11, 16, 15]

当前可行出牌选项：
1. 33399 (三带二)
2. 3336 (三带一)
3. 333 (三张)
4. 55 (对子)
5. 33 (对子)
6. 22 (对子)
7. TT (对子)
8. 99 (对子)

请分析当前局势，进行战术推演，并做出最佳决策。",先手出333带对9，带牌策略消耗散牌，保持牌型完整 出牌：33399。,在当前局势下，打出“33399”本是最优策略，但由于特殊规则禁止出“33399”，为了遵守指令，我选择次优方案打出“3336”。 出牌：3336。,你是一个斗地主AI，请根据局势进行理性分析并给出决策。
37980,请根据给定的手牌和局势做出最佳决策。,请根据给定的手牌和局势做出最佳决策。 特殊约束：本回合你绝对不能打出包含“88”的选项。,"身份：peasant_down
手牌：3788TJQAA2
历史出牌：P2:J -> P0:A -> P1:2 -> P2:pass -> P0:pass
局势信息：剩余牌数:[13, 10, 16]

当前可行出牌选项：
1. 88 (对子)
2. AA (对子)
3. 7 (单张)
4. 3 (单张)
5. J (单张)
6. T (单张)
7. 2 (单张)
8. Q (单张)

请分析当前局势，进行战术推演，并做出最佳决策。",先手出对8，2留作后手 出牌：88。,在当前局势下，打出“88”本是最优策略，但由于特殊规则禁止出“88”，为了遵守指令，我选择次优方案打出“AA”。 出牌：AA。,你是一个斗地主AI，请根据局势进行理性分析并给出决策。
38024,请根据给定的手牌和局势做出最佳决策。,请根据给定的手牌和局势做出最佳决策。 特殊约束：本回合你绝对不能打出包含“345678”的选项。,"身份：landlord
手牌：3455677899TJJQQKAA2R
历史出牌：无 (开局)
局势信息：剩余牌数:[20, 17, 17]

当前可行出牌选项：
1. 345678 (顺子)
2. 34567 (顺子)
3. 45678 (顺子)
4. 3456789 (顺子)
5. 3456789T (顺子)
6. 6789T (顺子)
7. 456789T (顺子)
8. 56789T (顺子)

请分析当前局势，进行战术推演，并做出最佳决策。",先手出顺子345678，长牌一次性消耗多张，抢占节奏优势 出牌：345678。,在当前局势下，打出“345678”本是最优策略，但由于特殊规则禁止出“345678”，为了遵守指令，我选择次优方案打出“34567”。 出牌：34567。,你是一个斗地主AI，请根据局势进行理性分析并给出决策。
38075,请根据给定的手牌和局势做出最佳决策。,请根据给定的手牌和局势做出最佳决策。 特殊约束：本回合你绝对不能打出包含“JJJJ”的选项。,"身份：peasant_down
手牌：88TJJJJQKAA
历史出牌：P0:334455 -> P1:445566 -> P2:pass -> P0:pass
局势信息：剩余牌数:[14, 11, 17]

当前可行出牌选项：
1. JJJJ (炸弹)
2. TJQKA (顺子)
3. 88JJJ (三带二)
4. TJJJ (三带一)
5. JJJ (三张)
6. 88 (对子)
7. AA (对子)
8. JJ (对子)

请分析当前局势，进行战术推演，并做出最佳决策。",炸弹JJJJ强势压制 出牌：JJJJ。,在当前局势下，打出“JJJJ”本是最优策略，但由于特殊规则禁止出“JJJJ”，为了遵守指令，我选择次优方案打出“TJQKA”。 出牌：TJQKA。,你是一个斗地主AI，请根据局势进行理性分析并给出决策。
38225,请根据给定的手牌和局势做出最佳决策。,请根据给定的手牌和局势做出最佳决策。 特殊约束：本回合你绝对不能打出包含“BR”的选项。,"身份：landlord
手牌：344555699JJQKK222BR
历史出牌：P0:A -> P1:2 -> P2:pass
局势信息：剩余牌数:[19, 16, 17]

当前可行出牌选项：
1. BR (王炸)
2. B (单张)
3. R (单张)
4. pass (过)

请分析当前局势，进行战术推演，并做出最佳决策。",先手出王炸，控制牌施压，打断对手节奏 出牌：BR。,在当前局势下，打出“BR”本是最优策略，但由于特殊规则禁止出“BR”，为了遵守指令，我选择次优方案打出“B”。 出牌：B。,你是一个斗地主AI，请根据局势进行理性分析并给出决策。
38428,请根据给定的手牌和局势做出最佳决策。,请根据给定的手牌和局势做出最佳决策。 特殊约束：本回合你绝对不能打出包含“Q”的选项。,"身份：peasant_up
手牌：4689TJJQKKA2
历史出牌：P0:2 -> P1:pass -> P2:pass -> P0:4 -> P1:J
局势信息：剩余牌数:[9, 12, 12]

当前可行出牌选项：
1. Q (单张)
2. A (单张)
3. 2 (单张)
4. K (单张)
5. pass (过)

请分析当前局势，进行战术推演，并做出最佳决策。",跟牌打出单张q，最小代价压制，2留作后手 出牌：Q。,在当前局势下，打出“Q”本是最优策略，但由于特殊规则禁止出“Q”，为了遵守指令，我选择次优方案打出“A”。 出牌：A。,你是一个斗地主AI，请根据局势进行理性分析并给出决策。
38473,请根据给定的手牌和局势做出最佳决策。,请根据给定的手牌和局势做出最佳决策。 特殊约束：本回合你绝对不能打出包含“55”的选项。,"身份：peasant_down
手牌：5566999TJJJQKKKAA
历史出牌：P0:44
局势信息：剩余牌数:[18, 17, 17]

当前可行出牌选项：
1. 55 (对子)
2. 66 (对子)
3. 99 (对子)
4. JJ (对子)
5. AA (对子)
6. KK (对子)
7. pass (过)

请分析当前局势，进行战术推演，并做出最佳决策。",精准压制44，夺回牌权，大牌留作后手 出牌：55。,在当前局势下，打出“55”本是最优策略，但由于特殊规则禁止出“55”，为了遵守指令，我选择次优方案打出“66”。 出牌：66。,你是一个斗地主AI，请根据局势进行理性分析并给出决策。
38610,请根据给定的手牌和局势做出最佳决策。,请根据给定的手牌和局势做出最佳决策。 特殊约束：本回合你绝对不能打出包含“44”的选项。,"身份：landlord
手牌：33445699JQ2
历史出牌：P1:99 -> P2:pass -> P0:QQ -> P1:pass -> P2:pass
局势信息：剩余牌数:[11, 9, 16]

当前可行出牌选项：
1. 44 (对子)
2. 33 (对子)
3. 99 (对子)
4. 5 (单张)
5. 3 (单张)
6. 6 (单张)
7. 4 (单张)
8. J (单张)

请分析当前局势，进行战术推演，并做出最佳决策。",先手对4出清，策略是消耗中段牌，保留后手2 出牌：44。,在当前局势下，打出“44”本是最优策略，但由于特殊规则禁止出“44”，为了遵守指令，我选择次优方案打出“33”。 出牌：33。,你是一个斗地主AI，请根据局势进行理性分析并给出决策。
38680,请根据给定的手牌和局势做出最佳决策。,请根据给定的手牌和局势做出最佳决策。 特殊约束：本回合你绝对不能打出包含“K”的选项。,"身份：landlord
手牌：3345558899JJKB
历史出牌：P1:pass -> P2:KK2222 -> P0:pass -> P1:pass -> P2:T
局势信息：剩余牌数:[14, 17, 10]

当前可行出牌选项：
1. K (单张)
2. J (单张)
3. B (单张)
4. pass (过)

请分析当前局势，进行战术推演，并做出最佳决策。",最小压制t，出单张K刚好压住，保留大牌后手 出牌：K。,在当前局势下，打出“K”本是最优策略，但由于特殊规则禁止出“K”，为了遵守指令，我选择次优方案打出“J”。 出牌：J。,你是一个斗地主AI，请根据局势进行理性分析并给出决策。
38758,请根据给定的手牌和局势做出最佳决策。,请根据给定的手牌和局势做出最佳决策。 特殊约束：本回合你绝对不能打出包含“J”的选项。,"身份：peasant_down
手牌：3688899TJQQA2
历史出牌：P2:pass -> P0:34445557 -> P1:pass -> P2:pass -> P0:T
局势信息：剩余牌数:[4, 13, 13]

当前可行出牌选项：
1. J (单张)
2. A (单张)
3. Q (单张)
4. 2 (单张)
5. pass (过)

请分析当前局势，进行战术推演，并做出最佳决策。",出单张J刚好压住t，保留2作为底牌 出牌：J。,在当前局势下，打出“J”本是最优策略，但由于特殊规则禁止出“J”，为了遵守指令，我选择次优方案打出“A”。 出牌：A。,你是一个斗地主AI，请根据局势进行理性分析并给出决策。
38768,请根据给定的手牌和局势做出最佳决策。,请根据给定的手牌和局势做出最佳决策。 特殊约束：本回合你绝对不能打出包含“66AAA”的选项。,"身份：peasant_up
手牌：345666889JQAAA2
历史出牌：P0:pass -> P1:88 -> P2:KK -> P0:pass -> P1:pass
局势信息：剩余牌数:[12, 9, 15]

当前可行出牌选项：
1. 66AAA (三带二)
2. 66688 (三带二)
3. 9AAA (三带一)
4. 6662 (三带一)
5. 666 (三张)
6. AAA (三张)
7. 66 (对子)
8. 88 (对子)

请分析当前局势，进行战术推演，并做出最佳决策。",先手打出AAA带对6，批量出清，2作为后手 出牌：66AAA。,在当前局势下，打出“66AAA”本是最优策略，但由于特殊规则禁止出“66AAA”，为了遵守指令，我选择次优方案打出“66688”。 出牌：66688。,你是一个斗地主AI，请根据局势进行理性分析并给出决策。
38878,请根据给定的手牌和局势做出最佳决策。,请根据给定的手牌和局势做出最佳决策。 特殊约束：本回合你绝对不能打出包含“77722”的选项。,"身份：peasant_down
手牌：34677788JQ22R
历史出牌：P0:66JJJ -> P1:9999 -> P2:pass -> P0:pass
局势信息：剩余牌数:[15, 13, 17]

当前可行出牌选项：
1. 77722 (三带二)
2. 777J (三带一)
3. 777 (三张)
4. 77 (对子)
5. 22 (对子)
6. 88 (对子)
7. 3 (单张)
8. 7 (单张)

请分析当前局势，进行战术推演，并做出最佳决策。",先手出777带对2，组合出牌消耗对2，保留大王后手 出牌：77722。,在当前局势下，打出“77722”本是最优策略，但由于特殊规则禁止出“77722”，为了遵守指令，我选择次优方案打出“777J”。 出牌：777J。,你是一个斗地主AI，请根据局势进行理性分析并给出决策。
38879,请根据给定的手牌和局势做出最佳决策。,请根据给定的手牌和局势做出最佳决策。 特殊约束：本回合你绝对不能打出包含“Q”的选项。,"身份：peasant_up
手牌：33366679TTQKA2
历史出牌：P0:pass -> P1:pass -> P2:4 -> P0:9 -> P1:J
局势信息：剩余牌数:[10, 11, 14]

当前可行出牌选项：
1. Q (单张)
2. K (单张)
3. A (单张)
4. 2 (单张)
5. pass (过)

请分析当前局势，进行战术推演，并做出最佳决策。",精准跟牌单张Q，刚好压住j，保持牌力优势 出牌：Q。,在当前局势下，打出“Q”本是最优策略，但由于特殊规则禁止出“Q”，为了遵守指令，我选择次优方案打出“K”。 出牌：K。,你是一个斗地主AI，请根据局势进行理性分析并给出决策。
38905,请根据给定的手牌和局势做出最佳决策。,请根据给定的手牌和局势做出最佳决策。 特殊约束：本回合你绝对不能打出包含“Q”的选项。,"身份：peasant_up
手牌：355667779TQKK2
历史出牌：P0:Q -> P1:R -> P2:pass -> P0:pass -> P1:J
局势信息：剩余牌数:[11, 12, 14]

当前可行出牌选项：
1. Q (单张)
2. 2 (单张)
3. K (单张)
4. pass (过)

请分析当前局势，进行战术推演，并做出最佳决策。",跟牌单张Q，最小代价压制 出牌：Q。,在当前局势下，打出“Q”本是最优策略，但由于特殊规则禁止出“Q”，为了遵守指令，我选择次优方案打出“2”。 出牌：2。,你是一个斗地主AI，请根据局势进行理性分析并给出决策。
38919,请根据给定的手牌和局势做出最佳决策。,请根据给定的手牌和局势做出最佳决策。 特殊约束：本回合你绝对不能打出包含“QQKKAA”的选项。,"身份：peasant_down
手牌：3444569JQQKKAA2
历史出牌：P0:666TT -> P1:BR -> P2:pass -> P0:pass
局势信息：剩余牌数:[15, 15, 17]

当前可行出牌选项：
1. QQKKAA (连对)
2. 444QQ (三带二)
3. 4446 (三带一)
4. 444 (三张)
5. 44 (对子)
6. KK (对子)
7. AA (对子)
8. QQ (对子)

请分析当前局势，进行战术推演，并做出最佳决策。",先手出连对，长牌优先消耗，避免被拆散 出牌：QQKKAA。,在当前局势下，打出“QQKKAA”本是最优策略，但由于特殊规则禁止出“QQKKAA”，为了遵守指令，我选择次优方案打出“444QQ”。 出牌：444QQ。,你是一个斗地主AI，请根据局势进行理性分析并给出决策。
38922,请根据给定的手牌和局势做出最佳决策。,请根据给定的手牌和局势做出最佳决策。 特殊约束：本回合你绝对不能打出包含“5”的选项。,"身份：peasant_down
手牌：4579T2
历史出牌：P2:pass -> P0:pass -> P1:6789T -> P2:pass -> P0:pass
局势信息：剩余牌数:[15, 6, 8]

当前可行出牌选项：
1. 5 (单张)
2. 7 (单张)
3. 4 (单张)
4. 2 (单张)
5. 9 (单张)
6. T (单张)

请分析当前局势，进行战术推演，并做出最佳决策。",先手出单张5，消耗废牌减少手牌负担，2留作压制 出牌：5。,在当前局势下，打出“5”本是最优策略，但由于特殊规则禁止出“5”，为了遵守指令，我选择次优方案打出“7”。 出牌：7。,你是一个斗地主AI，请根据局势进行理性分析并给出决策。
39126,请根据给定的手牌和局势做出最佳决策。,请根据给定的手牌和局势做出最佳决策。 特殊约束：本回合你绝对不能打出包含“2”的选项。,"身份：landlord
手牌：77JQK2B
历史出牌：P1:pass -> P2:pass -> P0:3 -> P1:A -> P2:pass
局势信息：剩余牌数:[7, 10, 17]

当前可行出牌选项：
1. 2 (单张)
2. B (单张)
3. pass (过)

请分析当前局势，进行战术推演，并做出最佳决策。",先手出单张2，控制牌施压，打断对手节奏 出牌：2。,在当前局势下，打出“2”本是最优策略，但由于特殊规则禁止出“2”，为了遵守指令，我选择次优方案打出“B”。 出牌：B。,你是一个斗地主AI，请根据局势进行理性分析并给出决策。
39250,请根据给定的手牌和局势做出最佳决策。,请根据给定的手牌和局势做出最佳决策。 特殊约束：本回合你绝对不能打出包含“A”的选项。,"身份：peasant_down
手牌：334556788TJQQAA22
历史出牌：P2:B -> P0:pass -> P1:pass -> P2:6 -> P0:K
局势信息：剩余牌数:[14, 17, 10]

当前可行出牌选项：
1. A (单张)
2. 2 (单张)
3. pass (过)

请分析当前局势，进行战术推演，并做出最佳决策。",跟牌单张A精准压制，最小代价夺取牌权，代价是拆散对A，换来消耗中段牌 出牌：A。,在当前局势下，打出“A”本是最优策略，但由于特殊规则禁止出“A”，为了遵守指令，我选择次优方案打出“2”。 出牌：2。,你是一个斗地主AI，请根据局势进行理性分析并给出决策。
39315,请根据给定的手牌和局势做出最佳决策。,请根据给定的手牌和局势做出最佳决策。 特殊约束：本回合你绝对不能打出包含“5”的选项。,"身份：peasant_up
手牌：3569TJ2
历史出牌：P0:QQ -> P1:pass -> P2:KK -> P0:pass -> P1:pass
局势信息：剩余牌数:[9, 13, 7]

当前可行出牌选项：
1. 5 (单张)
2. 3 (单张)
3. 6 (单张)
4. J (单张)
5. 2 (单张)
6. T (单张)
7. 9 (单张)
8. pass (过)

请分析当前局势，进行战术推演，并做出最佳决策。",打出单张5，夺取牌权 出牌：5。,在当前局势下，打出“5”本是最优策略，但由于特殊规则禁止出“5”，为了遵守指令，我选择次优方案打出“3”。 出牌：3。,你是一个斗地主AI，请根据局势进行理性分析并给出决策。
39326,请根据给定的手牌和局势做出最佳决策。,请根据给定的手牌和局势做出最佳决策。 特殊约束：本回合你绝对不能打出包含“789TJ”的选项。,"身份：landlord
手牌：335567889TTTJQKK2R
历史出牌：P0:AA -> P1:pass -> P2:pass
局势信息：剩余牌数:[18, 17, 17]

当前可行出牌选项：
1. 789TJ (顺子)
2. 56789TJQ (顺子)
3. 6789T (顺子)
4. 89TJQ (顺子)
5. 6789TJ (顺子)
6. 56789T (顺子)
7. 6789TJQ (顺子)
8. 56789 (顺子)

请分析当前局势，进行战术推演，并做出最佳决策。",先手打出顺子789tj，快速消耗压缩对手反应，拆了对8，但减少手牌负担 出牌：789TJ。,在当前局势下，打出“789TJ”本是最优策略，但由于特殊规则禁止出“789TJ”，为了遵守指令，我选择次优方案打出“56789TJQ”。 出牌：56789TJQ。,你是一个斗地主AI，请根据局势进行理性分析并给出决策。
39403,请根据给定的手牌和局势做出最佳决策。,请根据给定的手牌和局势做出最佳决策。 特殊约束：本回合你绝对不能打出包含“8”的选项。,"身份：peasant_up
手牌：345566888TTJQK22B
历史出牌：P0:Q -> P1:A -> P2:pass -> P0:pass -> P1:6
局势信息：剩余牌数:[7, 15, 17]

当前可行出牌选项：
1. 8 (单张)
2. J (单张)
3. Q (单张)
4. T (单张)
5. K (单张)
6. B (单张)
7. 2 (单张)
8. pass (过)

请分析当前局势，进行战术推演，并做出最佳决策。",出单张8刚好压住6，保留2个2小王作为底牌 出牌：8。,在当前局势下，打出“8”本是最优策略，但由于特殊规则禁止出“8”，为了遵守指令，我选择次优方案打出“J”。 出牌：J。,你是一个斗地主AI，请根据局势进行理性分析并给出决策。
39455,请根据给定的手牌和局势做出最佳决策。,请根据给定的手牌和局势做出最佳决策。 特殊约束：本回合你绝对不能打出包含“22”的选项。,"身份：peasant_up
手牌：3J22
历史出牌：P0:9 -> P1:pass -> P2:T -> P0:pass -> P1:pass
局势信息：剩余牌数:[18, 17, 4]

当前可行出牌选项：
1. 22 (对子)
2. 3 (单张)
3. J (单张)
4. 2 (单张)
5. pass (过)

请分析当前局势，进行战术推演，并做出最佳决策。",先手打出对2，主动出击争取掌控比赛节奏 出牌：22。,在当前局势下，打出“22”本是最优策略，但由于特殊规则禁止出“22”，为了遵守指令，我选择次优方案打出“3”。 出牌：3。,你是一个斗地主AI，请根据局势进行理性分析并给出决策。
39501,请根据给定的手牌和局势做出最佳决策。,请根据给定的手牌和局势做出最佳决策。 特殊约束：本回合你绝对不能打出包含“789TJ”的选项。,"身份：peasant_up
手牌：3347889TJJQKKAA2
历史出牌：P0:T -> P1:2 -> P2:R -> P0:pass -> P1:pass
局势信息：剩余牌数:[15, 16, 16]

当前可行出牌选项：
1. 789TJ (顺子)
2. 89TJQ (顺子)
3. 789TJQ (顺子)
4. 9TJQK (顺子)
5. 789TJQK (顺子)
6. 89TJQK (顺子)
7. TJQKA (顺子)
8. 9TJQKA (顺子)

请分析当前局势，进行战术推演，并做出最佳决策。",先手打出顺子789TJ 出牌：789TJ。,在当前局势下，打出“789TJ”本是最优策略，但由于特殊规则禁止出“789TJ”，为了遵守指令，我选择次优方案打出“89TJQ”。 出牌：89TJQ。,你是一个斗地主AI，请根据局势进行理性分析并给出决策。
39616,请根据给定的手牌和局势做出最佳决策。,请根据给定的手牌和局势做出最佳决策。 特殊约束：本回合你绝对不能打出包含“33”的选项。,"身份：peasant_up
手牌：334688J2B
历史出牌：P0:pass -> P1:8 -> P2:A -> P0:pass -> P1:pass
局势信息：剩余牌数:[10, 15, 9]

当前可行出牌选项：
1. 33 (对子)
2. 88 (对子)
3. 3 (单张)
4. 6 (单张)
5. 4 (单张)
6. B (单张)
7. J (单张)
8. 2 (单张)

请分析当前局势，进行战术推演，并做出最佳决策。",先手打出对3试探对手，废牌先走，2小王压阵 出牌：33。,在当前局势下，打出“33”本是最优策略，但由于特殊规则禁止出“33”，为了遵守指令，我选择次优方案打出“88”。 出牌：88。,你是一个斗地主AI，请根据局势进行理性分析并给出决策。
39673,请根据给定的手牌和局势做出最佳决策。,请根据给定的手牌和局势做出最佳决策。 特殊约束：本回合你绝对不能打出包含“44”的选项。,"身份：landlord
手牌：445689TK2
历史出牌：P1:pass -> P2:pass -> P0:BR -> P1:pass -> P2:pass
局势信息：剩余牌数:[9, 17, 17]

当前可行出牌选项：
1. 44 (对子)
2. 5 (单张)
3. 6 (单张)
4. 4 (单张)
5. K (单张)
6. 8 (单张)
7. 2 (单张)
8. 9 (单张)

请分析当前局势，进行战术推演，并做出最佳决策。",先手对4出清，策略是消耗中段牌，保留后手2 出牌：44。,在当前局势下，打出“44”本是最优策略，但由于特殊规则禁止出“44”，为了遵守指令，我选择次优方案打出“5”。 出牌：5。,你是一个斗地主AI，请根据局势进行理性分析并给出决策。
39737,请根据给定的手牌和局势做出最佳决策。,请根据给定的手牌和局势做出最佳决策。 特殊约束：本回合你绝对不能打出包含“345678”的选项。,"身份：landlord
手牌：334555677888TTKKKA2B
历史出牌：无 (开局)
局势信息：剩余牌数:[20, 17, 17]

当前可行出牌选项：
1. 345678 (顺子)
2. 34567 (顺子)
3. 45678 (顺子)
4. 33888 (三带二)
5. 55KKK (三带二)
6. 555TT (三带二)
7. 5552 (三带一)
8. 4888 (三带一)

请分析当前局势，进行战术推演，并做出最佳决策。",先手打出顺子345678，批量出清中段牌 出牌：345678。,在当前局势下，打出“345678”本是最优策略，但由于特殊规则禁止出“345678”，为了遵守指令，我选择次优方案打出“34567”。 出牌：34567。,你是一个斗地主AI，请根据局势进行理性分析并给出决策。
39803,请根据给定的手牌和局势做出最佳决策。,请根据给定的手牌和局势做出最佳决策。 特殊约束：本回合你绝对不能打出包含“7”的选项。,"身份：landlord
手牌：3445667889TTTJJQQA
历史出牌：P1:pass -> P2:QAAA -> P0:pass -> P1:pass -> P2:6
局势信息：剩余牌数:[18, 16, 6]

当前可行出牌选项：
1. 7 (单张)
2. 8 (单张)
3. 9 (单张)
4. T (单张)
5. J (单张)
6. A (单张)
7. Q (单张)
8. pass (过)

请分析当前局势，进行战术推演，并做出最佳决策。",精准压制6，夺回牌权，大牌留作后手 出牌：7。,在当前局势下，打出“7”本是最优策略，但由于特殊规则禁止出“7”，为了遵守指令，我选择次优方案打出“8”。 出牌：8。,你是一个斗地主AI，请根据局势进行理性分析并给出决策。
39841,请根据给定的手牌和局势做出最佳决策。,请根据给定的手牌和局势做出最佳决策。 特殊约束：本回合你绝对不能打出包含“6666”的选项。,"身份：landlord
手牌：356666778999TTJAAA22
历史出牌：无 (开局)
局势信息：剩余牌数:[20, 17, 17]

当前可行出牌选项：
1. 6666 (炸弹)
2. 56789 (顺子)
3. 56789T (顺子)
4. 6789T (顺子)
5. 6789TJ (顺子)
6. 56789TJ (顺子)
7. 789TJ (顺子)
8. 99922 (三带二)

请分析当前局势，进行战术推演，并做出最佳决策。",先手打出炸弹6，主动出击争取掌控比赛节奏 出牌：6666。,在当前局势下，打出“6666”本是最优策略，但由于特殊规则禁止出“6666”，为了遵守指令，我选择次优方案打出“56789”。 出牌：56789。,你是一个斗地主AI，请根据局势进行理性分析并给出决策。
39896,请根据给定的手牌和局势做出最佳决策。,请根据给定的手牌和局势做出最佳决策。 特殊约束：本回合你绝对不能打出包含“3456789”的选项。,"身份：peasant_up
手牌：3334556789TTJKKA
历史出牌：P0:pass -> P1:7 -> P2:R -> P0:pass -> P1:pass
局势信息：剩余牌数:[15, 15, 16]

当前可行出牌选项：
1. 3456789 (顺子)
2. 345678 (顺子)
3. 34567 (顺子)
4. 45678 (顺子)
5. 56789 (顺子)
6. 456789 (顺子)
7. 789TJ (顺子)
8. 3456789T (顺子)

请分析当前局势，进行战术推演，并做出最佳决策。",先手顺子3456789出击，一次性走掉7张，保持进攻节奏 出牌：3456789。,在当前局势下，打出“3456789”本是最优策略，但由于特殊规则禁止出“3456789”，为了遵守指令，我选择次优方案打出“345678”。 出牌：345678。,你是一个斗地主AI，请根据局势进行理性分析并给出决策。
39919,请根据给定的手牌和局势做出最佳决策。,请根据给定的手牌和局势做出最佳决策。 特殊约束：本回合你绝对不能打出包含“6”的选项。,"身份：landlord
手牌：334467TJJQQAB
历史出牌：P1:pass -> P2:6789T -> P0:pass -> P1:pass -> P2:5
局势信息：剩余牌数:[13, 15, 9]

当前可行出牌选项：
1. 6 (单张)
2. 7 (单张)
3. T (单张)
4. J (单张)
5. A (单张)
6. Q (单张)
7. B (单张)
8. pass (过)

请分析当前局势，进行战术推演，并做出最佳决策。",跟牌打出单张6，最小代价压制，小王留作后手 出牌：6。,在当前局势下，打出“6”本是最优策略，但由于特殊规则禁止出“6”，为了遵守指令，我选择次优方案打出“7”。 出牌：7。,你是一个斗地主AI，请根据局势进行理性分析并给出决策。
40141,请根据给定的手牌和局势做出最佳决策。,请根据给定的手牌和局势做出最佳决策。 特殊约束：本回合你绝对不能打出包含“K”的选项。,"身份：peasant_up
手牌：3455567779TTQQK22
历史出牌：P0:5 -> P1:8 -> P2:pass -> P0:Q -> P1:pass
局势信息：剩余牌数:[13, 16, 17]

当前可行出牌选项：
1. K (单张)
2. 2 (单张)
3. pass (过)

请分析当前局势，进行战术推演，并做出最佳决策。",先手打出单张K，主动出击争取掌控比赛节奏 出牌：K。,在当前局势下，打出“K”本是最优策略，但由于特殊规则禁止出“K”，为了遵守指令，我选择次优方案打出“2”。 出牌：2。,你是一个斗地主AI，请根据局势进行理性分析并给出决策。
40300,请根据给定的手牌和局势做出最佳决策。,请根据给定的手牌和局势做出最佳决策。 特殊约束：本回合你绝对不能打出包含“33445566”的选项。,"身份：landlord
手牌：3344556689TTTJQKA222
历史出牌：无 (开局)
局势信息：剩余牌数:[20, 17, 17]

当前可行出牌选项：
1. 33445566 (连对)
2. 334455 (连对)
3. 445566 (连对)
4. 89TJQ (顺子)
5. 89TJQK (顺子)
6. 9TJQK (顺子)
7. TJQKA (顺子)
8. 9TJQKA (顺子)

请分析当前局势，进行战术推演，并做出最佳决策。",先手连对出击，一次性走掉8张，保持进攻节奏 出牌：33445566。,在当前局势下，打出“33445566”本是最优策略，但由于特殊规则禁止出“33445566”，为了遵守指令，我选择次优方案打出“334455”。 出牌：334455。,你是一个斗地主AI，请根据局势进行理性分析并给出决策。
40310,请根据给定的手牌和局势做出最佳决策。,请根据给定的手牌和局势做出最佳决策。 特殊约束：本回合你绝对不能打出包含“A”的选项。,"身份：peasant_down
手牌：44567889TTJKKA22
历史出牌：P2:pass -> P0:4 -> P1:6 -> P2:9 -> P0:Q
局势信息：剩余牌数:[8, 16, 16]

当前可行出牌选项：
1. A (单张)
2. K (单张)
3. 2 (单张)
4. pass (过)

请分析当前局势，进行战术推演，并做出最佳决策。",打出单张A，夺取牌权 出牌：A。,在当前局势下，打出“A”本是最优策略，但由于特殊规则禁止出“A”，为了遵守指令，我选择次优方案打出“K”。 出牌：K。,你是一个斗地主AI，请根据局势进行理性分析并给出决策。
40401,请根据给定的手牌和局势做出最佳决策。,请根据给定的手牌和局势做出最佳决策。 特殊约束：本回合你绝对不能打出包含“A”的选项。,"身份：peasant_down
手牌：5556668TJQA2
历史出牌：P2:89TJQ -> P0:pass -> P1:pass -> P2:5 -> P0:K
局势信息：剩余牌数:[12, 12, 8]

当前可行出牌选项：
1. A (单张)
2. 2 (单张)
3. pass (过)

请分析当前局势，进行战术推演，并做出最佳决策。",最小压制k，出单张A刚好压住，保留大牌后手 出牌：A。,在当前局势下，打出“A”本是最优策略，但由于特殊规则禁止出“A”，为了遵守指令，我选择次优方案打出“2”。 出牌：2。,你是一个斗地主AI，请根据局势进行理性分析并给出决策。
40462,请根据给定的手牌和局势做出最佳决策。,请根据给定的手牌和局势做出最佳决策。 特殊约束：本回合你绝对不能打出包含“K”的选项。,"身份：peasant_down
手牌：356689TJJKAA
历史出牌：P2:KKK2 -> P0:pass -> P1:pass -> P2:8 -> P0:Q
局势信息：剩余牌数:[17, 12, 4]

当前可行出牌选项：
1. K (单张)
2. A (单张)
3. pass (过)

请分析当前局势，进行战术推演，并做出最佳决策。",打出单张K压住q，争取场上主动权 出牌：K。,在当前局势下，打出“K”本是最优策略，但由于特殊规则禁止出“K”，为了遵守指令，我选择次优方案打出“A”。 出牌：A。,你是一个斗地主AI，请根据局势进行理性分析并给出决策。
40614,请根据给定的手牌和局势做出最佳决策。,请根据给定的手牌和局势做出最佳决策。 特殊约束：本回合你绝对不能打出包含“45678”的选项。,"身份：peasant_up
手牌：44556778TJQQKA2
历史出牌：P0:9 -> P1:K -> P2:R -> P0:pass -> P1:pass
局势信息：剩余牌数:[11, 15, 15]

当前可行出牌选项：
1. 45678 (顺子)
2. TJQKA (顺子)
3. 77 (对子)
4. 55 (对子)
5. 44 (对子)
6. QQ (对子)
7. 5 (单张)
8. 7 (单张)

请分析当前局势，进行战术推演，并做出最佳决策。",先手出顺子45678，长牌一次性消耗多张，抢占节奏优势 出牌：45678。,在当前局势下，打出“45678”本是最优策略，但由于特殊规则禁止出“45678”，为了遵守指令，我选择次优方案打出“TJQKA”。 出牌：TJQKA。,你是一个斗地主AI，请根据局势进行理性分析并给出决策。
40764,请根据给定的手牌和局势做出最佳决策。,请根据给定的手牌和局势做出最佳决策。 特殊约束：本回合你绝对不能打出包含“BR”的选项。,"身份：landlord
手牌：34555678TTQQ2BR
历史出牌：P1:pass -> P2:pass -> P0:J -> P1:pass -> P2:A
局势信息：剩余牌数:[15, 17, 16]

当前可行出牌选项：
1. BR (王炸)
2. 2 (单张)
3. B (单张)
4. R (单张)
5. pass (过)

请分析当前局势，进行战术推演，并做出最佳决策。",杀鸡焉用牛刀，王炸压单张a太浪费，保留核武器  出牌：BR。,在当前局势下，打出“BR”本是最优策略，但由于特殊规则禁止出“BR”，为了遵守指令，我选择次优方案打出“2”。 出牌：2。,你是一个斗地主AI，请根据局势进行理性分析并给出决策。
40858,请根据给定的手牌和局势做出最佳决策。,请根据给定的手牌和局势做出最佳决策。 特殊约束：本回合你绝对不能打出包含“55566699KK”的选项。,"身份：landlord
手牌：3444555666899JQQQKKA
历史出牌：无 (开局)
局势信息：剩余牌数:[20, 17, 17]

当前可行出牌选项：
1. 55566699KK (飞机带对)
2. 44455566KK (飞机带对)
3. 3444555666KK (飞机带单)
4. 4445556Q (飞机带单)
5. 5556668J (飞机带单)
6. 44455566699QQKK (飞机带对)
7. 444555666 (飞机)
8. 555666 (飞机)

请分析当前局势，进行战术推演，并做出最佳决策。",先手打出飞机10张，快速消耗压缩对手反应 出牌：55566699KK。,在当前局势下，打出“55566699KK”本是最优策略，但由于特殊规则禁止出“55566699KK”，为了遵守指令，我选择次优方案打出“44455566KK”。 出牌：44455566KK。,你是一个斗地主AI，请根据局势进行理性分析并给出决策。
41032,请根据给定的手牌和局势做出最佳决策。,请根据给定的手牌和局势做出最佳决策。 特殊约束：本回合你绝对不能打出包含“2”的选项。,"身份：peasant_down
手牌：3445788899KKAAA2B
历史出牌：P2:pass -> P0:55QQQ -> P1:pass -> P2:pass -> P0:T
局势信息：剩余牌数:[6, 17, 17]

当前可行出牌选项：
1. 2 (单张)
2. B (单张)
3. K (单张)
4. A (单张)
5. pass (过)

请分析当前局势，进行战术推演，并做出最佳决策。",跟牌单张2精准压制，最小代价夺取牌权  出牌：2。,在当前局势下，打出“2”本是最优策略，但由于特殊规则禁止出“2”，为了遵守指令，我选择次优方案打出“B”。 出牌：B。,你是一个斗地主AI，请根据局势进行理性分析并给出决策。
41098,请根据给定的手牌和局势做出最佳决策。,请根据给定的手牌和局势做出最佳决策。 特殊约束：本回合你绝对不能打出包含“6789T”的选项。,"身份：peasant_down
手牌：444567789TQAA
历史出牌：P0:4888 -> P1:6KKK -> P2:pass -> P0:pass
局势信息：剩余牌数:[16, 13, 17]

当前可行出牌选项：
1. 6789T (顺子)
2. 456789T (顺子)
3. 45678 (顺子)
4. 56789T (顺子)
5. 56789 (顺子)
6. 456789 (顺子)
7. 44477 (三带二)
8. 4448 (三带一)

请分析当前局势，进行战术推演，并做出最佳决策。",先手顺子6789t出击，一次性走掉5张，保持进攻节奏 出牌：6789T。,在当前局势下，打出“6789T”本是最优策略，但由于特殊规则禁止出“6789T”，为了遵守指令，我选择次优方案打出“456789T”。 出牌：456789T。,你是一个斗地主AI，请根据局势进行理性分析并给出决策。
41106,请根据给定的手牌和局势做出最佳决策。,请根据给定的手牌和局势做出最佳决策。 特殊约束：本回合你绝对不能打出包含“99”的选项。,"身份：peasant_up
手牌：345678999TTTQKKA2
历史出牌：P0:pass -> P1:6789T -> P2:pass -> P0:pass -> P1:33
局势信息：剩余牌数:[10, 6, 17]

当前可行出牌选项：
1. 99 (对子)
2. TT (对子)
3. KK (对子)
4. pass (过)

请分析当前局势，进行战术推演，并做出最佳决策。",最小压制33，出对9刚好压住，保留大牌后手，拆了对9，但消耗中段牌 出牌：99。,在当前局势下，打出“99”本是最优策略，但由于特殊规则禁止出“99”，为了遵守指令，我选择次优方案打出“TT”。 出牌：TT。,你是一个斗地主AI，请根据局势进行理性分析并给出决策。
41207,请根据给定的手牌和局势做出最佳决策。,请根据给定的手牌和局势做出最佳决策。 特殊约束：本回合你绝对不能打出包含“99”的选项。,"身份：landlord
手牌：4499TTJJQQQKA2
历史出牌：P1:pass -> P2:BR -> P0:pass -> P1:pass -> P2:55
局势信息：剩余牌数:[14, 17, 13]

当前可行出牌选项：
1. 99 (对子)
2. TT (对子)
3. JJ (对子)
4. QQ (对子)
5. pass (过)

请分析当前局势，进行战术推演，并做出最佳决策。",跟牌打出对9，最小代价压制，2留作后手 出牌：99。,在当前局势下，打出“99”本是最优策略，但由于特殊规则禁止出“99”，为了遵守指令，我选择次优方案打出“TT”。 出牌：TT。,你是一个斗地主AI，请根据局势进行理性分析并给出决策。
41210,请根据给定的手牌和局势做出最佳决策。,请根据给定的手牌和局势做出最佳决策。 特殊约束：本回合你绝对不能打出包含“9”的选项。,"身份：landlord
手牌：334456667789TJKK22R
历史出牌：P0:5 -> P1:8 -> P2:pass
局势信息：剩余牌数:[19, 16, 17]

当前可行出牌选项：
1. 9 (单张)
2. T (单张)
3. J (单张)
4. R (单张)
5. K (单张)
6. 2 (单张)
7. pass (过)

请分析当前局势，进行战术推演，并做出最佳决策。",先手出单张9，2个2大王留作后手 出牌：9。,在当前局势下，打出“9”本是最优策略，但由于特殊规则禁止出“9”，为了遵守指令，我选择次优方案打出“T”。 出牌：T。,你是一个斗地主AI，请根据局势进行理性分析并给出决策。
41269,请根据给定的手牌和局势做出最佳决策。,请根据给定的手牌和局势做出最佳决策。 特殊约束：本回合你绝对不能打出包含“T”的选项。,"身份：peasant_up
手牌：455TTKKK2B
历史出牌：P0:2 -> P1:pass -> P2:pass -> P0:3 -> P1:7
局势信息：剩余牌数:[10, 15, 10]

当前可行出牌选项：
1. T (单张)
2. 2 (单张)
3. B (单张)
4. K (单张)
5. pass (过)

请分析当前局势，进行战术推演，并做出最佳决策。",最小压制7，出单张10刚好压住，保留大牌后手，对10被拆散，但优化牌型 出牌：T。,在当前局势下，打出“T”本是最优策略，但由于特殊规则禁止出“T”，为了遵守指令，我选择次优方案打出“2”。 出牌：2。,你是一个斗地主AI，请根据局势进行理性分析并给出决策。
41359,请根据给定的手牌和局势做出最佳决策。,请根据给定的手牌和局势做出最佳决策。 特殊约束：本回合你绝对不能打出包含“8”的选项。,"身份：peasant_down
手牌：3446778889TJQKKA2
历史出牌：P0:7
局势信息：剩余牌数:[19, 17, 17]

当前可行出牌选项：
1. 8 (单张)
2. 9 (单张)
3. T (单张)
4. J (单张)
5. Q (单张)
6. A (单张)
7. 2 (单张)
8. K (单张)

请分析当前局势，进行战术推演，并做出最佳决策。",精准跟牌单张8，刚好压住7，保持牌力优势 出牌：8。,在当前局势下，打出“8”本是最优策略，但由于特殊规则禁止出“8”，为了遵守指令，我选择次优方案打出“9”。 出牌：9。,你是一个斗地主AI，请根据局势进行理性分析并给出决策。
41387,请根据给定的手牌和局势做出最佳决策。,请根据给定的手牌和局势做出最佳决策。 特殊约束：本回合你绝对不能打出包含“BR”的选项。,"身份：landlord
手牌：78999QKA2BR
历史出牌：P1:pass -> P2:66 -> P0:pass -> P1:88 -> P2:pass
局势信息：剩余牌数:[11, 6, 10]

当前可行出牌选项：
1. BR (王炸)
2. 99 (对子)
3. pass (过)

请分析当前局势，进行战术推演，并做出最佳决策。",先手王炸出击，压制对手争取优势 出牌：BR。,在当前局势下，打出“BR”本是最优策略，但由于特殊规则禁止出“BR”，为了遵守指令，我选择次优方案打出“99”。 出牌：99。,你是一个斗地主AI，请根据局势进行理性分析并给出决策。
41451,请根据给定的手牌和局势做出最佳决策。,请根据给定的手牌和局势做出最佳决策。 特殊约束：本回合你绝对不能打出包含“K”的选项。,"身份：landlord
手牌：3344556678TTKAA2B
历史出牌：P1:JJJJ -> P2:pass -> P0:pass -> P1:3 -> P2:Q
局势信息：剩余牌数:[17, 12, 16]

当前可行出牌选项：
1. K (单张)
2. 2 (单张)
3. B (单张)
4. A (单张)
5. pass (过)

请分析当前局势，进行战术推演，并做出最佳决策。",出单张K刚好压住q，保留2小王作为底牌 出牌：K。,在当前局势下，打出“K”本是最优策略，但由于特殊规则禁止出“K”，为了遵守指令，我选择次优方案打出“2”。 出牌：2。,你是一个斗地主AI，请根据局势进行理性分析并给出决策。
41458,请根据给定的手牌和局势做出最佳决策。,请根据给定的手牌和局势做出最佳决策。 特殊约束：本回合你绝对不能打出包含“6789T”的选项。,"身份：peasant_down
手牌：36667789TQQ2
历史出牌：P2:KK -> P0:pass -> P1:AA -> P2:pass -> P0:pass
局势信息：剩余牌数:[19, 12, 15]

当前可行出牌选项：
1. 6789T (顺子)
2. 66677 (三带二)
3. 666T (三带一)
4. 666 (三张)
5. 77 (对子)
6. 66 (对子)
7. QQ (对子)
8. 7 (单张)

请分析当前局势，进行战术推演，并做出最佳决策。",打出顺子6789T，减少手牌 出牌：6789T。,在当前局势下，打出“6789T”本是最优策略，但由于特殊规则禁止出“6789T”，为了遵守指令，我选择次优方案打出“66677”。 出牌：66677。,你是一个斗地主AI，请根据局势进行理性分析并给出决策。
41498,请根据给定的手牌和局势做出最佳决策。,请根据给定的手牌和局势做出最佳决策。 特殊约束：本回合你绝对不能打出包含“77”的选项。,"身份：peasant_down
手牌：4477TQKKA
历史出牌：P2:pass -> P0:34567 -> P1:TJQKA -> P2:pass -> P0:pass
局势信息：剩余牌数:[8, 9, 17]

当前可行出牌选项：
1. 77 (对子)
2. 44 (对子)
3. KK (对子)
4. 7 (单张)
5. 4 (单张)
6. Q (单张)
7. A (单张)
8. T (单张)

请分析当前局势，进行战术推演，并做出最佳决策。",先手对77出击 出牌：77。,在当前局势下，打出“77”本是最优策略，但由于特殊规则禁止出“77”，为了遵守指令，我选择次优方案打出“44”。 出牌：44。,你是一个斗地主AI，请根据局势进行理性分析并给出决策。
41554,请根据给定的手牌和局势做出最佳决策。,请根据给定的手牌和局势做出最佳决策。 特殊约束：本回合你绝对不能打出包含“55667788”的选项。,"身份：peasant_up
手牌：355667788999TQKA
历史出牌：P0:2 -> P1:pass -> P2:R -> P0:pass -> P1:pass
局势信息：剩余牌数:[18, 16, 16]

当前可行出牌选项：
1. 55667788 (连对)
2. 556677 (连对)
3. 667788 (连对)
4. 5566778899 (连对)
5. 66778899 (连对)
6. 778899 (连对)
7. 6789T (顺子)
8. 56789T (顺子)

请分析当前局势，进行战术推演，并做出最佳决策。",先手连对出击，一次性走掉8张，保持进攻节奏 出牌：55667788。,在当前局势下，打出“55667788”本是最优策略，但由于特殊规则禁止出“55667788”，为了遵守指令，我选择次优方案打出“556677”。 出牌：556677。,你是一个斗地主AI，请根据局势进行理性分析并给出决策。
41606,请根据给定的手牌和局势做出最佳决策。,请根据给定的手牌和局势做出最佳决策。 特殊约束：本回合你绝对不能打出包含“44”的选项。,"身份：peasant_up
手牌：3446788JJQQKAA2
历史出牌：P0:pass -> P1:5552 -> P2:BR -> P0:pass -> P1:pass
局势信息：剩余牌数:[19, 12, 15]

当前可行出牌选项：
1. 44 (对子)
2. JJ (对子)
3. QQ (对子)
4. 88 (对子)
5. AA (对子)
6. 3 (单张)
7. 4 (单张)
8. 6 (单张)

请分析当前局势，进行战术推演，并做出最佳决策。",先手对4出清，策略是消耗中段牌，保留后手2 出牌：44。,在当前局势下，打出“44”本是最优策略，但由于特殊规则禁止出“44”，为了遵守指令，我选择次优方案打出“JJ”。 出牌：JJ。,你是一个斗地主AI，请根据局势进行理性分析并给出决策。
41709,请根据给定的手牌和局势做出最佳决策。,请根据给定的手牌和局势做出最佳决策。 特殊约束：本回合你绝对不能打出包含“55”的选项。,"身份：peasant_down
手牌：335599TTJKAA
历史出牌：P2:666Q -> P0:pass -> P1:7772 -> P2:pass -> P0:pass
局势信息：剩余牌数:[11, 12, 12]

当前可行出牌选项：
1. 55 (对子)
2. 33 (对子)
3. TT (对子)
4. AA (对子)
5. 99 (对子)
6. 5 (单张)
7. 3 (单张)
8. J (单张)

请分析当前局势，进行战术推演，并做出最佳决策。",先手出对5，清理散牌优化牌型，大牌作为底牌 出牌：55。,在当前局势下，打出“55”本是最优策略，但由于特殊规则禁止出“55”，为了遵守指令，我选择次优方案打出“33”。 出牌：33。,你是一个斗地主AI，请根据局势进行理性分析并给出决策。
41783,请根据给定的手牌和局势做出最佳决策。,请根据给定的手牌和局势做出最佳决策。 特殊约束：本回合你绝对不能打出包含“7777”的选项。,"身份：peasant_down
手牌：344577778899TAAAR
历史出牌：P0:44666
局势信息：剩余牌数:[15, 17, 17]

当前可行出牌选项：
1. 7777 (炸弹)
2. 44777 (三带二)
3. 44AAA (三带二)
4. pass (过)

请分析当前局势，进行战术推演，并做出最佳决策。",最小压制44666，出炸弹7刚好压住，保留大牌后手 出牌：7777。,在当前局势下，打出“7777”本是最优策略，但由于特殊规则禁止出“7777”，为了遵守指令，我选择次优方案打出“44777”。 出牌：44777。,你是一个斗地主AI，请根据局势进行理性分析并给出决策。
41812,请根据给定的手牌和局势做出最佳决策。,请根据给定的手牌和局势做出最佳决策。 特殊约束：本回合你绝对不能打出包含“33”的选项。,"身份：peasant_up
手牌：33579JJQKAA
历史出牌：P0:J -> P1:A -> P2:2 -> P0:pass -> P1:pass
局势信息：剩余牌数:[10, 16, 11]

当前可行出牌选项：
1. 33 (对子)
2. AA (对子)
3. JJ (对子)
4. 5 (单张)
5. 3 (单张)
6. 7 (单张)
7. K (单张)
8. Q (单张)

请分析当前局势，进行战术推演，并做出最佳决策。",先手出对3，消耗废牌减少手牌负担，大牌留作压制 出牌：33。,在当前局势下，打出“33”本是最优策略，但由于特殊规则禁止出“33”，为了遵守指令，我选择次优方案打出“AA”。 出牌：AA。,你是一个斗地主AI，请根据局势进行理性分析并给出决策。
41848,请根据给定的手牌和局势做出最佳决策。,请根据给定的手牌和局势做出最佳决策。 特殊约束：本回合你绝对不能打出包含“6789TJ”的选项。,"身份：peasant_up
手牌：345677899TTJQA2R
历史出牌：P0:88JJJ -> P1:QQQKK -> P2:pass -> P0:pass -> P1:56789T
局势信息：剩余牌数:[13, 6, 16]

当前可行出牌选项：
1. 6789TJ (顺子)
2. 789TJQ (顺子)
3. pass (过)

请分析当前局势，进行战术推演，并做出最佳决策。",跟牌出顺子6789TJ 出牌：6789TJ。,在当前局势下，打出“6789TJ”本是最优策略，但由于特殊规则禁止出“6789TJ”，为了遵守指令，我选择次优方案打出“789TJQ”。 出牌：789TJQ。,你是一个斗地主AI，请根据局势进行理性分析并给出决策。
41891,请根据给定的手牌和局势做出最佳决策。,请根据给定的手牌和局势做出最佳决策。 特殊约束：本回合你绝对不能打出包含“T”的选项。,"身份：peasant_up
手牌：3344557899TJJQA2B
历史出牌：P0:A -> P1:R -> P2:pass -> P0:pass -> P1:8
局势信息：剩余牌数:[8, 15, 17]

当前可行出牌选项：
1. T (单张)
2. 9 (单张)
3. Q (单张)
4. J (单张)
5. A (单张)
6. 2 (单张)
7. B (单张)
8. pass (过)

请分析当前局势，进行战术推演，并做出最佳决策。",先手单张T出击 出牌：T。,在当前局势下，打出“T”本是最优策略，但由于特殊规则禁止出“T”，为了遵守指令，我选择次优方案打出“9”。 出牌：9。,你是一个斗地主AI，请根据局势进行理性分析并给出决策。
42065,请根据给定的手牌和局势做出最佳决策。,请根据给定的手牌和局势做出最佳决策。 特殊约束：本回合你绝对不能打出包含“K”的选项。,"身份：peasant_up
手牌：356788TTJJKA
历史出牌：P0:2 -> P1:pass -> P2:pass -> P0:T -> P1:J
局势信息：剩余牌数:[14, 9, 12]

当前可行出牌选项：
1. K (单张)
2. A (单张)
3. pass (过)

请分析当前局势，进行战术推演，并做出最佳决策。",跟牌单张K顶上去，精准压制夺取牌权 出牌：K。,在当前局势下，打出“K”本是最优策略，但由于特殊规则禁止出“K”，为了遵守指令，我选择次优方案打出“A”。 出牌：A。,你是一个斗地主AI，请根据局势进行理性分析并给出决策。
42160,请根据给定的手牌和局势做出最佳决策。,请根据给定的手牌和局势做出最佳决策。 特殊约束：本回合你绝对不能打出包含“334455”的选项。,"身份：peasant_up
手牌：3344558TTJKAA
历史出牌：P0:pass -> P1:8 -> P2:B -> P0:pass -> P1:pass
局势信息：剩余牌数:[13, 12, 13]

当前可行出牌选项：
1. 334455 (连对)
2. 55 (对子)
3. 44 (对子)
4. 33 (对子)
5. TT (对子)
6. AA (对子)
7. 3 (单张)
8. 4 (单张)

请分析当前局势，进行战术推演，并做出最佳决策。",先手连对出击，一次性走掉6张，保持进攻节奏 出牌：334455。,在当前局势下，打出“334455”本是最优策略，但由于特殊规则禁止出“334455”，为了遵守指令，我选择次优方案打出“55”。 出牌：55。,你是一个斗地主AI，请根据局势进行理性分析并给出决策。
42224,请根据给定的手牌和局势做出最佳决策。,请根据给定的手牌和局势做出最佳决策。 特殊约束：本回合你绝对不能打出包含“5”的选项。,"身份：peasant_down
手牌：445566TJKA2
历史出牌：P2:pass -> P0:pass -> P1:3 -> P2:pass -> P0:4
局势信息：剩余牌数:[16, 11, 11]

当前可行出牌选项：
1. 5 (单张)
2. 6 (单张)
3. T (单张)
4. J (单张)
5. K (单张)
6. A (单张)
7. 2 (单张)
8. pass (过)

请分析当前局势，进行战术推演，并做出最佳决策。",跟牌打出单张5，最小代价压制，2留作后手 出牌：5。,在当前局势下，打出“5”本是最优策略，但由于特殊规则禁止出“5”，为了遵守指令，我选择次优方案打出“6”。 出牌：6。,你是一个斗地主AI，请根据局势进行理性分析并给出决策。
42405,请根据给定的手牌和局势做出最佳决策。,请根据给定的手牌和局势做出最佳决策。 特殊约束：本回合你绝对不能打出包含“K”的选项。,"身份：peasant_down
手牌：334445568TTJJQK2B
历史出牌：P2:pass -> P0:9 -> P1:pass -> P2:Q -> P0:pass
局势信息：剩余牌数:[18, 17, 16]

当前可行出牌选项：
1. K (单张)
2. 2 (单张)
3. B (单张)
4. pass (过)

请分析当前局势，进行战术推演，并做出最佳决策。",先手单张K出击，压制对手争取优势 出牌：K。,在当前局势下，打出“K”本是最优策略，但由于特殊规则禁止出“K”，为了遵守指令，我选择次优方案打出“2”。 出牌：2。,你是一个斗地主AI，请根据局势进行理性分析并给出决策。
42537,请根据给定的手牌和局势做出最佳决策。,请根据给定的手牌和局势做出最佳决策。 特殊约束：本回合你绝对不能打出包含“6”的选项。,"身份：landlord
手牌：35668JQKK2R
历史出牌：P1:pass -> P2:22 -> P0:pass -> P1:pass -> P2:5
局势信息：剩余牌数:[11, 15, 8]

当前可行出牌选项：
1. 6 (单张)
2. 8 (单张)
3. J (单张)
4. Q (单张)
5. 2 (单张)
6. R (单张)
7. K (单张)
8. pass (过)

请分析当前局势，进行战术推演，并做出最佳决策。",最小压制5，出单张6刚好压住，保留大牌后手 出牌：6。,在当前局势下，打出“6”本是最优策略，但由于特殊规则禁止出“6”，为了遵守指令，我选择次优方案打出“8”。 出牌：8。,你是一个斗地主AI，请根据局势进行理性分析并给出决策。
42566,请根据给定的手牌和局势做出最佳决策。,请根据给定的手牌和局势做出最佳决策。 特殊约束：本回合你绝对不能打出包含“334455”的选项。,"身份：landlord
手牌：3334455678899TJQKA22
历史出牌：无 (开局)
局势信息：剩余牌数:[20, 17, 17]

当前可行出牌选项：
1. 334455 (连对)
2. 34567 (顺子)
3. TJQKA (顺子)
4. 345678 (顺子)
5. 45678 (顺子)
6. 9TJQK (顺子)
7. 9TJQKA (顺子)
8. 789TJQKA (顺子)

请分析当前局势，进行战术推演，并做出最佳决策。",出334455压制对手 出牌：334455。,在当前局势下，打出“334455”本是最优策略，但由于特殊规则禁止出“334455”，为了遵守指令，我选择次优方案打出“34567”。 出牌：34567。,你是一个斗地主AI，请根据局势进行理性分析并给出决策。
42576,请根据给定的手牌和局势做出最佳决策。,请根据给定的手牌和局势做出最佳决策。 特殊约束：本回合你绝对不能打出包含“44999TTTJJ”的选项。,"身份：landlord
手牌：446667788999TTTJJA2R
历史出牌：无 (开局)
局势信息：剩余牌数:[20, 17, 17]

当前可行出牌选项：
1. 44999TTTJJ (飞机带对)
2. 999TTT2R (飞机带单)
3. 999TTT (飞机)
4. 667788 (连对)
5. 778899 (连对)
6. 66778899 (连对)
7. 8899TTJJ (连对)
8. 66778899TT (连对)

请分析当前局势，进行战术推演，并做出最佳决策。",先手打出飞机10张，快速消耗压缩对手反应 出牌：44999TTTJJ。,在当前局势下，打出“44999TTTJJ”本是最优策略，但由于特殊规则禁止出“44999TTTJJ”，为了遵守指令，我选择次优方案打出“999TTT2R”。 出牌：999TTT2R。,你是一个斗地主AI，请根据局势进行理性分析并给出决策。
42610,请根据给定的手牌和局势做出最佳决策。,请根据给定的手牌和局势做出最佳决策。 特殊约束：本回合你绝对不能打出包含“J”的选项。,"身份：peasant_up
手牌：445666799TTTJQKK2
历史出牌：P0:QQQA -> P1:pass -> P2:pass -> P0:T -> P1:pass
局势信息：剩余牌数:[15, 17, 17]

当前可行出牌选项：
1. J (单张)
2. Q (单张)
3. 2 (单张)
4. K (单张)
5. pass (过)

请分析当前局势，进行战术推演，并做出最佳决策。",先手出单张J，2留作后手 出牌：J。,在当前局势下，打出“J”本是最优策略，但由于特殊规则禁止出“J”，为了遵守指令，我选择次优方案打出“Q”。 出牌：Q。,你是一个斗地主AI，请根据局势进行理性分析并给出决策。
42660,请根据给定的手牌和局势做出最佳决策。,请根据给定的手牌和局势做出最佳决策。 特殊约束：本回合你绝对不能打出包含“6”的选项。,"身份：peasant_up
手牌：3356689QKAA2
历史出牌：P0:pass -> P1:5 -> P2:pass -> P0:pass -> P1:5
局势信息：剩余牌数:[11, 9, 12]

当前可行出牌选项：
1. 6 (单张)
2. 8 (单张)
3. 9 (单张)
4. Q (单张)
5. K (单张)
6. 2 (单张)
7. A (单张)
8. pass (过)

请分析当前局势，进行战术推演，并做出最佳决策。",跟牌打出单张6，最小代价压制，2留作后手 出牌：6。,在当前局势下，打出“6”本是最优策略，但由于特殊规则禁止出“6”，为了遵守指令，我选择次优方案打出“8”。 出牌：8。,你是一个斗地主AI，请根据局势进行理性分析并给出决策。
42741,请根据给定的手牌和局势做出最佳决策。,请根据给定的手牌和局势做出最佳决策。 特殊约束：本回合你绝对不能打出包含“K”的选项。,"身份：peasant_up
手牌：334578889TTJJQQK2
历史出牌：P0:3222 -> P1:pass -> P2:pass -> P0:6 -> P1:Q
局势信息：剩余牌数:[14, 10, 17]

当前可行出牌选项：
1. K (单张)
2. 2 (单张)
3. pass (过)

请分析当前局势，进行战术推演，并做出最佳决策。",跟牌单张k精准压制，最小代价夺取牌权 出牌：K。,在当前局势下，打出“K”本是最优策略，但由于特殊规则禁止出“K”，为了遵守指令，我选择次优方案打出“2”。 出牌：2。,你是一个斗地主AI，请根据局势进行理性分析并给出决策。
42781,请根据给定的手牌和局势做出最佳决策。,请根据给定的手牌和局势做出最佳决策。 特殊约束：本回合你绝对不能打出包含“4455566677”的选项。,"身份：landlord
手牌：333445556667789TKA2B
历史出牌：无 (开局)
局势信息：剩余牌数:[20, 17, 17]

当前可行出牌选项：
1. 4455566677 (飞机带对)
2. 5556668T (飞机带单)
3. 555666 (飞机)
4. 556677 (连对)
5. 3344556677 (连对)
6. 44556677 (连对)
7. 445566 (连对)
8. 33445566 (连对)

请分析当前局势，进行战术推演，并做出最佳决策。",先手出飞机10张，长牌优先消耗，避免被拆散 出牌：4455566677。,在当前局势下，打出“4455566677”本是最优策略，但由于特殊规则禁止出“4455566677”，为了遵守指令，我选择次优方案打出“5556668T”。 出牌：5556668T。,你是一个斗地主AI，请根据局势进行理性分析并给出决策。
42877,请根据给定的手牌和局势做出最佳决策。,请根据给定的手牌和局势做出最佳决策。 特殊约束：本回合你绝对不能打出包含“66778899”的选项。,"身份：landlord
手牌：5667778899JJQA2B
历史出牌：P1:55 -> P2:88 -> P0:TT -> P1:pass -> P2:pass
局势信息：剩余牌数:[16, 15, 15]

当前可行出牌选项：
1. 66778899 (连对)
2. 667788 (连对)
3. 778899 (连对)
4. 56789 (顺子)
5. 77788 (三带二)
6. 7772 (三带一)
7. 777 (三张)
8. 77 (对子)

请分析当前局势，进行战术推演，并做出最佳决策。",打出66778899，夺取牌权 出牌：66778899。,在当前局势下，打出“66778899”本是最优策略，但由于特殊规则禁止出“66778899”，为了遵守指令，我选择次优方案打出“667788”。 出牌：667788。,你是一个斗地主AI，请根据局势进行理性分析并给出决策。
42898,请根据给定的手牌和局势做出最佳决策。,请根据给定的手牌和局势做出最佳决策。 特殊约束：本回合你绝对不能打出包含“55”的选项。,"身份：landlord
手牌：345568TQQKK2R
历史出牌：P1:pass -> P2:45678 -> P0:TJQKA -> P1:pass -> P2:pass
局势信息：剩余牌数:[13, 15, 10]

当前可行出牌选项：
1. 55 (对子)
2. QQ (对子)
3. KK (对子)
4. 5 (单张)
5. 3 (单张)
6. 6 (单张)
7. 4 (单张)
8. R (单张)

请分析当前局势，进行战术推演，并做出最佳决策。",先手消耗废对子，策略是清理中低段散牌，保留2大王作为后手 出牌：55。,在当前局势下，打出“55”本是最优策略，但由于特殊规则禁止出“55”，为了遵守指令，我选择次优方案打出“QQ”。 出牌：QQ。,你是一个斗地主AI，请根据局势进行理性分析并给出决策。
42901,请根据给定的手牌和局势做出最佳决策。,请根据给定的手牌和局势做出最佳决策。 特殊约束：本回合你绝对不能打出包含“BR”的选项。,"身份：landlord
手牌：34566779TTJQQKAA22BR
历史出牌：无 (开局)
局势信息：剩余牌数:[20, 17, 17]

当前可行出牌选项：
1. BR (王炸)
2. 34567 (顺子)
3. 9TJQK (顺子)
4. TJQKA (顺子)
5. 9TJQKA (顺子)
6. 77 (对子)
7. 66 (对子)
8. 22 (对子)

请分析当前局势，进行战术推演，并做出最佳决策。",先手打出王炸，主动出击争取掌控比赛节奏 出牌：BR。,在当前局势下，打出“BR”本是最优策略，但由于特殊规则禁止出“BR”，为了遵守指令，我选择次优方案打出“34567”。 出牌：34567。,你是一个斗地主AI，请根据局势进行理性分析并给出决策。
43006,请根据给定的手牌和局势做出最佳决策。,请根据给定的手牌和局势做出最佳决策。 特殊约束：本回合你绝对不能打出包含“QQKKAA”的选项。,"身份：landlord
手牌：349TQQKKAA
历史出牌：P1:pass -> P2:44 -> P0:77 -> P1:pass -> P2:pass
局势信息：剩余牌数:[10, 9, 13]

当前可行出牌选项：
1. QQKKAA (连对)
2. KK (对子)
3. AA (对子)
4. QQ (对子)
5. 3 (单张)
6. 4 (单张)
7. 9 (单张)
8. T (单张)

请分析当前局势，进行战术推演，并做出最佳决策。",打出QQKKAA，夺取牌权 出牌：QQKKAA。,在当前局势下，打出“QQKKAA”本是最优策略，但由于特殊规则禁止出“QQKKAA”，为了遵守指令，我选择次优方案打出“KK”。 出牌：KK。,你是一个斗地主AI，请根据局势进行理性分析并给出决策。
43029,请根据给定的手牌和局势做出最佳决策。,请根据给定的手牌和局势做出最佳决策。 特殊约束：本回合你绝对不能打出包含“9TJQK”的选项。,"身份：peasant_down
手牌：3334457889TJQKA2
历史出牌：P0:2 -> P1:R -> P2:pass -> P0:pass
局势信息：剩余牌数:[19, 16, 17]

当前可行出牌选项：
1. 9TJQK (顺子)
2. TJQKA (顺子)
3. 9TJQKA (顺子)
4. 789TJQKA (顺子)
5. 789TJ (顺子)
6. 789TJQK (顺子)
7. 89TJQ (顺子)
8. 89TJQK (顺子)

请分析当前局势，进行战术推演，并做出最佳决策。",先手出顺子9TJQK，长牌一次性消耗多张，抢占节奏优势 出牌：9TJQK。,在当前局势下，打出“9TJQK”本是最优策略，但由于特殊规则禁止出“9TJQK”，为了遵守指令，我选择次优方案打出“TJQKA”。 出牌：TJQKA。,你是一个斗地主AI，请根据局势进行理性分析并给出决策。
43065,请根据给定的手牌和局势做出最佳决策。,请根据给定的手牌和局势做出最佳决策。 特殊约束：本回合你绝对不能打出包含“JJJ22”的选项。,"身份：landlord
手牌：34466679JJJK22B
历史出牌：P0:89TJQ -> P1:pass -> P2:pass
局势信息：剩余牌数:[15, 17, 17]

当前可行出牌选项：
1. JJJ22 (三带二)
2. 44666 (三带二)
3. 666B (三带一)
4. 4JJJ (三带一)
5. 666 (三张)
6. JJJ (三张)
7. 66 (对子)
8. 44 (对子)

请分析当前局势，进行战术推演，并做出最佳决策。",先手出JJJ带对2，组合出牌消耗对2，保留小王后手 出牌：JJJ22。,在当前局势下，打出“JJJ22”本是最优策略，但由于特殊规则禁止出“JJJ22”，为了遵守指令，我选择次优方案打出“44666”。 出牌：44666。,你是一个斗地主AI，请根据局势进行理性分析并给出决策。
43081,请根据给定的手牌和局势做出最佳决策。,请根据给定的手牌和局势做出最佳决策。 特殊约束：本回合你绝对不能打出包含“7”的选项。,"身份：landlord
手牌：334556678TTJQQAAB
历史出牌：P1:R -> P2:pass -> P0:pass -> P1:5 -> P2:6
局势信息：剩余牌数:[17, 9, 11]

当前可行出牌选项：
1. 7 (单张)
2. 8 (单张)
3. J (单张)
4. T (单张)
5. Q (单张)
6. B (单张)
7. A (单张)
8. pass (过)

请分析当前局势，进行战术推演，并做出最佳决策。",精准跟牌单张7，刚好压住6，保持牌力优势 出牌：7。,在当前局势下，打出“7”本是最优策略，但由于特殊规则禁止出“7”，为了遵守指令，我选择次优方案打出“8”。 出牌：8。,你是一个斗地主AI，请根据局势进行理性分析并给出决策。
43376,请根据给定的手牌和局势做出最佳决策。,请根据给定的手牌和局势做出最佳决策。 特殊约束：本回合你绝对不能打出包含“A”的选项。,"身份：peasant_down
手牌：3344455TKA2
历史出牌：P2:6 -> P0:pass -> P1:J -> P2:K -> P0:pass
局势信息：剩余牌数:[9, 11, 13]

当前可行出牌选项：
1. A (单张)
2. 2 (单张)
3. pass (过)

请分析当前局势，进行战术推演，并做出最佳决策。",打出单张A，夺取牌权 出牌：A。,在当前局势下，打出“A”本是最优策略，但由于特殊规则禁止出“A”，为了遵守指令，我选择次优方案打出“2”。 出牌：2。,你是一个斗地主AI，请根据局势进行理性分析并给出决策。
43381,请根据给定的手牌和局势做出最佳决策。,请根据给定的手牌和局势做出最佳决策。 特殊约束：本回合你绝对不能打出包含“A”的选项。,"身份：peasant_down
手牌：335567799TKKA2
历史出牌：P2:pass -> P0:pass -> P1:4 -> P2:6 -> P0:T
局势信息：剩余牌数:[14, 14, 16]

当前可行出牌选项：
1. A (单张)
2. 2 (单张)
3. K (单张)
4. pass (过)

请分析当前局势，进行战术推演，并做出最佳决策。",精准跟牌单张A，刚好压住t，保持牌力优势 出牌：A。,在当前局势下，打出“A”本是最优策略，但由于特殊规则禁止出“A”，为了遵守指令，我选择次优方案打出“2”。 出牌：2。,你是一个斗地主AI，请根据局势进行理性分析并给出决策。
43416,请根据给定的手牌和局势做出最佳决策。,请根据给定的手牌和局势做出最佳决策。 特殊约束：本回合你绝对不能打出包含“44”的选项。,"身份：peasant_down
手牌：3445567799TTJAA2R
历史出牌：P0:66688 -> P1:pass -> P2:pass -> P0:33
局势信息：剩余牌数:[13, 17, 17]

当前可行出牌选项：
1. 44 (对子)
2. 55 (对子)
3. 77 (对子)
4. 99 (对子)
5. TT (对子)
6. AA (对子)
7. pass (过)

请分析当前局势，进行战术推演，并做出最佳决策。",最小压制33，出对4刚好压住，保留大牌后手 出牌：44。,在当前局势下，打出“44”本是最优策略，但由于特殊规则禁止出“44”，为了遵守指令，我选择次优方案打出“55”。 出牌：55。,你是一个斗地主AI，请根据局势进行理性分析并给出决策。
43703,请根据给定的手牌和局势做出最佳决策。,请根据给定的手牌和局势做出最佳决策。 特殊约束：本回合你绝对不能打出包含“333JJ”的选项。,"身份：landlord
手牌：3334456699TJJKK2
历史出牌：P0:QAAA -> P1:pass -> P2:pass
局势信息：剩余牌数:[16, 17, 17]

当前可行出牌选项：
1. 333JJ (三带二)
2. 333T (三带一)
3. 333 (三张)
4. 66 (对子)
5. 44 (对子)
6. 33 (对子)
7. KK (对子)
8. JJ (对子)

请分析当前局势，进行战术推演，并做出最佳决策。",先手333带对J，组合消耗中段牌，2留作压制  出牌：333JJ。,在当前局势下，打出“333JJ”本是最优策略，但由于特殊规则禁止出“333JJ”，为了遵守指令，我选择次优方案打出“333T”。 出牌：333T。,你是一个斗地主AI，请根据局势进行理性分析并给出决策。
43919,请根据给定的手牌和局势做出最佳决策。,请根据给定的手牌和局势做出最佳决策。 特殊约束：本回合你绝对不能打出包含“B”的选项。,"身份：peasant_up
手牌：334457789TJAA22B
历史出牌：P0:pass -> P1:9 -> P2:Q -> P0:A -> P1:pass
局势信息：剩余牌数:[12, 15, 16]

当前可行出牌选项：
1. B (单张)
2. 2 (单张)
3. pass (过)

请分析当前局势，进行战术推演，并做出最佳决策。",先手打出单张小王，强势控场，限制对手出牌 出牌：B。,在当前局势下，打出“B”本是最优策略，但由于特殊规则禁止出“B”，为了遵守指令，我选择次优方案打出“2”。 出牌：2。,你是一个斗地主AI，请根据局势进行理性分析并给出决策。
43954,请根据给定的手牌和局势做出最佳决策。,请根据给定的手牌和局势做出最佳决策。 特殊约束：本回合你绝对不能打出包含“K”的选项。,"身份：landlord
手牌：345577KAAA
历史出牌：P1:pass -> P2:2 -> P0:pass -> P1:pass -> P2:8
局势信息：剩余牌数:[10, 15, 10]

当前可行出牌选项：
1. K (单张)
2. A (单张)
3. pass (过)

请分析当前局势，进行战术推演，并做出最佳决策。",跟牌单张k顶上去，精准压制夺取牌权 出牌：K。,在当前局势下，打出“K”本是最优策略，但由于特殊规则禁止出“K”，为了遵守指令，我选择次优方案打出“A”。 出牌：A。,你是一个斗地主AI，请根据局势进行理性分析并给出决策。
44087,请根据给定的手牌和局势做出最佳决策。,请根据给定的手牌和局势做出最佳决策。 特殊约束：本回合你绝对不能打出包含“TT”的选项。,"身份：landlord
手牌：4556778TTJJ2
历史出牌：P1:QQQQ -> P2:pass -> P0:pass -> P1:77 -> P2:99
局势信息：剩余牌数:[12, 11, 15]

当前可行出牌选项：
1. TT (对子)
2. JJ (对子)
3. pass (过)

请分析当前局势，进行战术推演，并做出最佳决策。",跟牌打出对10，最小代价压制，2留作后手 出牌：TT。,在当前局势下，打出“TT”本是最优策略，但由于特殊规则禁止出“TT”，为了遵守指令，我选择次优方案打出“JJ”。 出牌：JJ。,你是一个斗地主AI，请根据局势进行理性分析并给出决策。
44391,请根据给定的手牌和局势做出最佳决策。,请根据给定的手牌和局势做出最佳决策。 特殊约束：本回合你绝对不能打出包含“9”的选项。,"身份：peasant_up
手牌：4556788899JQQA2B
历史出牌：P0:R -> P1:pass -> P2:pass -> P0:5 -> P1:8
局势信息：剩余牌数:[11, 15, 16]

当前可行出牌选项：
1. 9 (单张)
2. J (单张)
3. A (单张)
4. Q (单张)
5. 2 (单张)
6. B (单张)
7. pass (过)

请分析当前局势，进行战术推演，并做出最佳决策。",最小压制8，出单张9刚好压住，保留大牌后手，拆了对9，但消耗中段牌 出牌：9。,在当前局势下，打出“9”本是最优策略，但由于特殊规则禁止出“9”，为了遵守指令，我选择次优方案打出“J”。 出牌：J。,你是一个斗地主AI，请根据局势进行理性分析并给出决策。
44545,请根据给定的手牌和局势做出最佳决策。,请根据给定的手牌和局势做出最佳决策。 特殊约束：本回合你绝对不能打出包含“T”的选项。,"身份：landlord
手牌：3344566789TTTJQQ22
历史出牌：P1:pass -> P2:2 -> P0:pass -> P1:pass -> P2:9
局势信息：剩余牌数:[18, 15, 14]

当前可行出牌选项：
1. T (单张)
2. J (单张)
3. Q (单张)
4. 2 (单张)
5. pass (过)

请分析当前局势，进行战术推演，并做出最佳决策。",出单张10刚好压住9，保留2个2作为底牌 出牌：T。,在当前局势下，打出“T”本是最优策略，但由于特殊规则禁止出“T”，为了遵守指令，我选择次优方案打出“J”。 出牌：J。,你是一个斗地主AI，请根据局势进行理性分析并给出决策。
44630,请根据给定的手牌和局势做出最佳决策。,请根据给定的手牌和局势做出最佳决策。 特殊约束：本回合你绝对不能打出包含“445566”的选项。,"身份：landlord
手牌：34455668TJQKA2B
历史出牌：P0:789TJ -> P1:pass -> P2:pass
局势信息：剩余牌数:[15, 17, 17]

当前可行出牌选项：
1. 445566 (连对)
2. TJQKA (顺子)
3. 55 (对子)
4. 66 (对子)
5. 44 (对子)
6. 5 (单张)
7. 3 (单张)
8. 6 (单张)

请分析当前局势，进行战术推演，并做出最佳决策。",打出445566，夺取牌权 出牌：445566。,在当前局势下，打出“445566”本是最优策略，但由于特殊规则禁止出“445566”，为了遵守指令，我选择次优方案打出“TJQKA”。 出牌：TJQKA。,你是一个斗地主AI，请根据局势进行理性分析并给出决策。
44664,请根据给定的手牌和局势做出最佳决策。,请根据给定的手牌和局势做出最佳决策。 特殊约束：本回合你绝对不能打出包含“55KKK”的选项。,"身份：peasant_up
手牌：33355789KKK
历史出牌：P0:pass -> P1:pass -> P2:666J -> P0:pass -> P1:pass
局势信息：剩余牌数:[11, 12, 11]

当前可行出牌选项：
1. 55KKK (三带二)
2. 33355 (三带二)
3. 8KKK (三带一)
4. 3335 (三带一)
5. 333 (三张)
6. KKK (三张)
7. 55 (对子)
8. 33 (对子)

请分析当前局势，进行战术推演，并做出最佳决策。",先手kkk带对5，组合消耗中段牌，大牌留作压制 出牌：55KKK。,在当前局势下，打出“55KKK”本是最优策略，但由于特殊规则禁止出“55KKK”，为了遵守指令，我选择次优方案打出“33355”。 出牌：33355。,你是一个斗地主AI，请根据局势进行理性分析并给出决策。
44839,请根据给定的手牌和局势做出最佳决策。,请根据给定的手牌和局势做出最佳决策。 特殊约束：本回合你绝对不能打出包含“Q”的选项。,"身份：peasant_up
手牌：34555679TJJQKA222
历史出牌：P0:T -> P1:pass
局势信息：剩余牌数:[19, 17, 17]

当前可行出牌选项：
1. Q (单张)
2. K (单张)
3. A (单张)
4. J (单张)
5. 2 (单张)
6. pass (过)

请分析当前局势，进行战术推演，并做出最佳决策。",先手出单张Q，3个2留作后手 出牌：Q。,在当前局势下，打出“Q”本是最优策略，但由于特殊规则禁止出“Q”，为了遵守指令，我选择次优方案打出“K”。 出牌：K。,你是一个斗地主AI，请根据局势进行理性分析并给出决策。
45077,请根据给定的手牌和局势做出最佳决策。,请根据给定的手牌和局势做出最佳决策。 特殊约束：本回合你绝对不能打出包含“888AA”的选项。,"身份：landlord
手牌：34456888JQKAA
历史出牌：P1:pass -> P2:AA -> P0:22 -> P1:pass -> P2:pass
局势信息：剩余牌数:[13, 17, 11]

当前可行出牌选项：
1. 888AA (三带二)
2. 4888 (三带一)
3. 888 (三张)
4. 44 (对子)
5. AA (对子)
6. 5 (单张)
7. 88 (对子)
8. 3 (单张)

请分析当前局势，进行战术推演，并做出最佳决策。",先手打出888带对A，带走废对优化牌型 出牌：888AA。,在当前局势下，打出“888AA”本是最优策略，但由于特殊规则禁止出“888AA”，为了遵守指令，我选择次优方案打出“4888”。 出牌：4888。,你是一个斗地主AI，请根据局势进行理性分析并给出决策。
45219,请根据给定的手牌和局势做出最佳决策。,请根据给定的手牌和局势做出最佳决策。 特殊约束：本回合你绝对不能打出包含“6”的选项。,"身份：peasant_down
手牌：345566678JQQKAA2B
历史出牌：P0:8999 -> P1:pass -> P2:pass -> P0:5
局势信息：剩余牌数:[15, 17, 17]

当前可行出牌选项：
1. 6 (单张)
2. 7 (单张)
3. 8 (单张)
4. J (单张)
5. K (单张)
6. Q (单张)
7. 2 (单张)
8. B (单张)

请分析当前局势，进行战术推演，并做出最佳决策。",跟牌单张6精准压制，最小代价夺取牌权 出牌：6。,在当前局势下，打出“6”本是最优策略，但由于特殊规则禁止出“6”，为了遵守指令，我选择次优方案打出“7”。 出牌：7。,你是一个斗地主AI，请根据局势进行理性分析并给出决策。
45271,请根据给定的手牌和局势做出最佳决策。,请根据给定的手牌和局势做出最佳决策。 特殊约束：本回合你绝对不能打出包含“7”的选项。,"身份：peasant_up
手牌：678TJK2R
历史出牌：P0:6 -> P1:J -> P2:2 -> P0:pass -> P1:pass
局势信息：剩余牌数:[12, 16, 8]

当前可行出牌选项：
1. 7 (单张)
2. 6 (单张)
3. J (单张)
4. K (单张)
5. R (单张)
6. 8 (单张)
7. 2 (单张)
8. T (单张)

请分析当前局势，进行战术推演，并做出最佳决策。",先手出单张7，清理散牌优化牌型，2大王作为底牌 出牌：7。,在当前局势下，打出“7”本是最优策略，但由于特殊规则禁止出“7”，为了遵守指令，我选择次优方案打出“6”。 出牌：6。,你是一个斗地主AI，请根据局势进行理性分析并给出决策。
45324,请根据给定的手牌和局势做出最佳决策。,请根据给定的手牌和局势做出最佳决策。 特殊约束：本回合你绝对不能打出包含“6789T”的选项。,"身份：peasant_up
手牌：4667789TJJQKK22
历史出牌：P0:pass -> P1:5 -> P2:R -> P0:pass -> P1:pass
局势信息：剩余牌数:[15, 9, 15]

当前可行出牌选项：
1. 6789T (顺子)
2. 789TJ (顺子)
3. 89TJQ (顺子)
4. 6789TJ (顺子)
5. 6789TJQ (顺子)
6. 789TJQ (顺子)
7. 789TJQK (顺子)
8. 89TJQK (顺子)

请分析当前局势，进行战术推演，并做出最佳决策。",先手出顺子6789T，长牌一次性消耗多张，抢占节奏优势 出牌：6789T。,在当前局势下，打出“6789T”本是最优策略，但由于特殊规则禁止出“6789T”，为了遵守指令，我选择次优方案打出“789TJ”。 出牌：789TJ。,你是一个斗地主AI，请根据局势进行理性分析并给出决策。
45365,请根据给定的手牌和局势做出最佳决策。,请根据给定的手牌和局势做出最佳决策。 特殊约束：本回合你绝对不能打出包含“T”的选项。,"身份：peasant_up
手牌：3344557889TTTJJA2
历史出牌：P0:7 -> P1:9
局势信息：剩余牌数:[19, 16, 17]

当前可行出牌选项：
1. T (单张)
2. J (单张)
3. A (单张)
4. 2 (单张)
5. pass (过)

请分析当前局势，进行战术推演，并做出最佳决策。",精准跟牌单张10，刚好压住9，保持牌力优势 出牌：T。,在当前局势下，打出“T”本是最优策略，但由于特殊规则禁止出“T”，为了遵守指令，我选择次优方案打出“J”。 出牌：J。,你是一个斗地主AI，请根据局势进行理性分析并给出决策。
45452,请根据给定的手牌和局势做出最佳决策。,请根据给定的手牌和局势做出最佳决策。 特殊约束：本回合你绝对不能打出包含“5”的选项。,"身份：peasant_up
手牌：344558899TTQKKAA2
历史出牌：P0:789TJ -> P1:pass -> P2:pass -> P0:4 -> P1:pass
局势信息：剩余牌数:[14, 17, 17]

当前可行出牌选项：
1. 5 (单张)
2. Q (单张)
3. 2 (单张)
4. 8 (单张)
5. 9 (单张)
6. T (单张)
7. K (单张)
8. A (单张)

请分析当前局势，进行战术推演，并做出最佳决策。",先手出单张5，清理散牌优化牌型，2作为底牌 出牌：5。,在当前局势下，打出“5”本是最优策略，但由于特殊规则禁止出“5”，为了遵守指令，我选择次优方案打出“Q”。 出牌：Q。,你是一个斗地主AI，请根据局势进行理性分析并给出决策。
45639,请根据给定的手牌和局势做出最佳决策。,请根据给定的手牌和局势做出最佳决策。 特殊约束：本回合你绝对不能打出包含“55”的选项。,"身份：landlord
手牌：34559T
历史出牌：P1:pass -> P2:pass -> P0:JJQQKKAA -> P1:pass -> P2:pass
局势信息：剩余牌数:[6, 16, 16]

当前可行出牌选项：
1. 55 (对子)
2. 5 (单张)
3. 3 (单张)
4. 4 (单张)
5. 9 (单张)
6. T (单张)
7. pass (过)

请分析当前局势，进行战术推演，并做出最佳决策。",先手打出对5试探对手，废牌先走，大牌压阵 出牌：55。,在当前局势下，打出“55”本是最优策略，但由于特殊规则禁止出“55”，为了遵守指令，我选择次优方案打出“5”。 出牌：5。,你是一个斗地主AI，请根据局势进行理性分析并给出决策。
45651,请根据给定的手牌和局势做出最佳决策。,请根据给定的手牌和局势做出最佳决策。 特殊约束：本回合你绝对不能打出包含“556677”的选项。,"身份：peasant_up
手牌：3455667789JQKAA2
历史出牌：P0:8 -> P1:J -> P2:K -> P0:pass -> P1:pass
局势信息：剩余牌数:[9, 10, 16]

当前可行出牌选项：
1. 556677 (连对)
2. 3456789 (顺子)
3. 345678 (顺子)
4. 34567 (顺子)
5. 45678 (顺子)
6. 56789 (顺子)
7. 456789 (顺子)
8. 77 (对子)

请分析当前局势，进行战术推演，并做出最佳决策。",先手出连对，长牌优先消耗，避免被拆散 出牌：556677。,在当前局势下，打出“556677”本是最优策略，但由于特殊规则禁止出“556677”，为了遵守指令，我选择次优方案打出“3456789”。 出牌：3456789。,你是一个斗地主AI，请根据局势进行理性分析并给出决策。
45772,请根据给定的手牌和局势做出最佳决策。,请根据给定的手牌和局势做出最佳决策。 特殊约束：本回合你绝对不能打出包含“44”的选项。,"身份：peasant_down
手牌：344568TJQQQAAB
历史出牌：P2:T -> P0:A -> P1:pass -> P2:pass -> P0:33
局势信息：剩余牌数:[10, 14, 16]

当前可行出牌选项：
1. 44 (对子)
2. AA (对子)
3. QQ (对子)
4. pass (过)

请分析当前局势，进行战术推演，并做出最佳决策。",精准跟牌对4，刚好压住33，保持牌力优势 出牌：44。,在当前局势下，打出“44”本是最优策略，但由于特殊规则禁止出“44”，为了遵守指令，我选择次优方案打出“AA”。 出牌：AA。,你是一个斗地主AI，请根据局势进行理性分析并给出决策。
45779,请根据给定的手牌和局势做出最佳决策。,请根据给定的手牌和局势做出最佳决策。 特殊约束：本回合你绝对不能打出包含“QQ”的选项。,"身份：peasant_up
手牌：334566679TJJQQAAB
历史出牌：P0:A222 -> P1:pass -> P2:pass -> P0:77 -> P1:JJ
局势信息：剩余牌数:[10, 15, 17]

当前可行出牌选项：
1. QQ (对子)
2. AA (对子)
3. pass (过)

请分析当前局势，进行战术推演，并做出最佳决策。",打出对QQ，夺取牌权 出牌：QQ。,在当前局势下，打出“QQ”本是最优策略，但由于特殊规则禁止出“QQ”，为了遵守指令，我选择次优方案打出“AA”。 出牌：AA。,你是一个斗地主AI，请根据局势进行理性分析并给出决策。
45988,请根据给定的手牌和局势做出最佳决策。,请根据给定的手牌和局势做出最佳决策。 特殊约束：本回合你绝对不能打出包含“JJJJ”的选项。,"身份：peasant_down
手牌：355699JJJJQQKKA22
历史出牌：P0:3337
局势信息：剩余牌数:[16, 17, 17]

当前可行出牌选项：
1. JJJJ (炸弹)
2. 3JJJ (三带一)
3. pass (过)

请分析当前局势，进行战术推演，并做出最佳决策。",炸弹JJJJ强势压制 出牌：JJJJ。,在当前局势下，打出“JJJJ”本是最优策略，但由于特殊规则禁止出“JJJJ”，为了遵守指令，我选择次优方案打出“3JJJ”。 出牌：3JJJ。,你是一个斗地主AI，请根据局势进行理性分析并给出决策。
46190,请根据给定的手牌和局势做出最佳决策。,请根据给定的手牌和局势做出最佳决策。 特殊约束：本回合你绝对不能打出包含“55QQKKKAAA”的选项。,"身份：landlord
手牌：45558899TQQKKKAAA22B
历史出牌：无 (开局)
局势信息：剩余牌数:[20, 17, 17]

当前可行出牌选项：
1. 55QQKKKAAA (飞机带对)
2. QQKKKAAA (飞机带单)
3. KKKAAA (飞机)
4. 55599 (三带二)
5. 55AAA (三带二)
6. KKK22 (三带二)
7. 4555 (三带一)
8. 4KKK (三带一)

请分析当前局势，进行战术推演，并做出最佳决策。",先手出飞机10张，长牌优先消耗，避免被拆散 出牌：55QQKKKAAA。,在当前局势下，打出“55QQKKKAAA”本是最优策略，但由于特殊规则禁止出“55QQKKKAAA”，为了遵守指令，我选择次优方案打出“QQKKKAAA”。 出牌：QQKKKAAA。,你是一个斗地主AI，请根据局势进行理性分析并给出决策。
46245,请根据给定的手牌和局势做出最佳决策。,请根据给定的手牌和局势做出最佳决策。 特殊约束：本回合你绝对不能打出包含“44JJJQQQKK”的选项。,"身份：landlord
手牌：4456788999TJJJQQQKK2
历史出牌：无 (开局)
局势信息：剩余牌数:[20, 17, 17]

当前可行出牌选项：
1. 44JJJQQQKK (飞机带对)
2. 4JJJQQQ2 (飞机带单)
3. JJJQQQ (飞机)
4. 56789TJQ (顺子)
5. 45678 (顺子)
6. 56789 (顺子)
7. 456789TJ (顺子)
8. 456789T (顺子)

请分析当前局势，进行战术推演，并做出最佳决策。",先手出飞机10张，长牌一次性消耗多张，抢占节奏优势 出牌：44JJJQQQKK。,在当前局势下，打出“44JJJQQQKK”本是最优策略，但由于特殊规则禁止出“44JJJQQQKK”，为了遵守指令，我选择次优方案打出“4JJJQQQ2”。 出牌：4JJJQQQ2。,你是一个斗地主AI，请根据局势进行理性分析并给出决策。
46275,请根据给定的手牌和局势做出最佳决策。,请根据给定的手牌和局势做出最佳决策。 特殊约束：本回合你绝对不能打出包含“TTTT”的选项。,"身份：peasant_down
手牌：33557789TTTTJQKKR
历史出牌：P0:44477
局势信息：剩余牌数:[15, 17, 17]

当前可行出牌选项：
1. TTTT (炸弹)
2. 33TTT (三带二)
3. pass (过)

请分析当前局势，进行战术推演，并做出最佳决策。",跟牌炸弹10精准压制，最小代价夺取牌权 出牌：TTTT。,在当前局势下，打出“TTTT”本是最优策略，但由于特殊规则禁止出“TTTT”，为了遵守指令，我选择次优方案打出“33TTT”。 出牌：33TTT。,你是一个斗地主AI，请根据局势进行理性分析并给出决策。
46303,请根据给定的手牌和局势做出最佳决策。,请根据给定的手牌和局势做出最佳决策。 特殊约束：本回合你绝对不能打出包含“6”的选项。,"身份：peasant_up
手牌：334678TJJQQKKA22B
历史出牌：P0:888 -> P1:999 -> P2:pass -> P0:pass -> P1:5
局势信息：剩余牌数:[17, 13, 17]

当前可行出牌选项：
1. 6 (单张)
2. 7 (单张)
3. 8 (单张)
4. T (单张)
5. J (单张)
6. A (单张)
7. Q (单张)
8. B (单张)

请分析当前局势，进行战术推演，并做出最佳决策。",最小压制5，出单张6刚好压住，保留大牌后手 出牌：6。,在当前局势下，打出“6”本是最优策略，但由于特殊规则禁止出“6”，为了遵守指令，我选择次优方案打出“7”。 出牌：7。,你是一个斗地主AI，请根据局势进行理性分析并给出决策。
46359,请根据给定的手牌和局势做出最佳决策。,请根据给定的手牌和局势做出最佳决策。 特殊约束：本回合你绝对不能打出包含“K”的选项。,"身份：peasant_up
手牌：44778889TJJQKAA2
历史出牌：P0:K -> P1:2 -> P2:pass -> P0:pass -> P1:Q
局势信息：剩余牌数:[8, 14, 16]

当前可行出牌选项：
1. K (单张)
2. 2 (单张)
3. A (单张)
4. pass (过)

请分析当前局势，进行战术推演，并做出最佳决策。",最小压制q，出单张K刚好压住，保留大牌后手 出牌：K。,在当前局势下，打出“K”本是最优策略，但由于特殊规则禁止出“K”，为了遵守指令，我选择次优方案打出“2”。 出牌：2。,你是一个斗地主AI，请根据局势进行理性分析并给出决策。
46439,请根据给定的手牌和局势做出最佳决策。,请根据给定的手牌和局势做出最佳决策。 特殊约束：本回合你绝对不能打出包含“7”的选项。,"身份：peasant_down
手牌：344578TJQQAA2
历史出牌：P2:TT -> P0:22 -> P1:pass -> P2:pass -> P0:6
局势信息：剩余牌数:[11, 13, 14]

当前可行出牌选项：
1. 7 (单张)
2. 8 (单张)
3. T (单张)
4. J (单张)
5. Q (单张)
6. 2 (单张)
7. A (单张)
8. pass (过)

请分析当前局势，进行战术推演，并做出最佳决策。",最小压制6，出单张7刚好压住，保留大牌后手 出牌：7。,在当前局势下，打出“7”本是最优策略，但由于特殊规则禁止出“7”，为了遵守指令，我选择次优方案打出“8”。 出牌：8。,你是一个斗地主AI，请根据局势进行理性分析并给出决策。
46479,请根据给定的手牌和局势做出最佳决策。,请根据给定的手牌和局势做出最佳决策。 特殊约束：本回合你绝对不能打出包含“888AA”的选项。,"身份：landlord
手牌：34467888TTJJQKAA222R
历史出牌：无 (开局)
局势信息：剩余牌数:[20, 17, 17]

当前可行出牌选项：
1. 888AA (三带二)
2. AA222 (三带二)
3. TJQKA (顺子)
4. 4888 (三带一)
5. 4222 (三带一)
6. 888 (三张)
7. 222 (三张)
8. 44 (对子)

请分析当前局势，进行战术推演，并做出最佳决策。",先手打出888带对A，批量出清，3个2大王作为后手 出牌：888AA。,在当前局势下，打出“888AA”本是最优策略，但由于特殊规则禁止出“888AA”，为了遵守指令，我选择次优方案打出“AA222”。 出牌：AA222。,你是一个斗地主AI，请根据局势进行理性分析并给出决策。
46502,请根据给定的手牌和局势做出最佳决策。,请根据给定的手牌和局势做出最佳决策。 特殊约束：本回合你绝对不能打出包含“KK”的选项。,"身份：peasant_down
手牌：34588TQKKAA2
历史出牌：P0:34567 -> P1:789TJ -> P2:pass -> P0:pass
局势信息：剩余牌数:[15, 12, 17]

当前可行出牌选项：
1. KK (对子)
2. 88 (对子)
3. AA (对子)
4. 5 (单张)
5. 3 (单张)
6. 4 (单张)
7. 2 (单张)
8. Q (单张)

请分析当前局势，进行战术推演，并做出最佳决策。",先手对K出击，压制对手争取优势 出牌：KK。,在当前局势下，打出“KK”本是最优策略，但由于特殊规则禁止出“KK”，为了遵守指令，我选择次优方案打出“88”。 出牌：88。,你是一个斗地主AI，请根据局势进行理性分析并给出决策。
46667,请根据给定的手牌和局势做出最佳决策。,请根据给定的手牌和局势做出最佳决策。 特殊约束：本回合你绝对不能打出包含“BR”的选项。,"身份：landlord
手牌：334557777899TKKAA2BR
历史出牌：无 (开局)
局势信息：剩余牌数:[20, 17, 17]

当前可行出牌选项：
1. BR (王炸)
2. 7777 (炸弹)
3. 33777 (三带二)
4. 5777 (三带一)
5. 777 (三张)
6. 55 (对子)
7. 33 (对子)
8. 77 (对子)

请分析当前局势，进行战术推演，并做出最佳决策。",先手出王炸，大牌压制抢夺牌权，迫使对手消耗关键牌  出牌：BR。,在当前局势下，打出“BR”本是最优策略，但由于特殊规则禁止出“BR”，为了遵守指令，我选择次优方案打出“7777”。 出牌：7777。,你是一个斗地主AI，请根据局势进行理性分析并给出决策。
46715,请根据给定的手牌和局势做出最佳决策。,请根据给定的手牌和局势做出最佳决策。 特殊约束：本回合你绝对不能打出包含“5”的选项。,"身份：peasant_down
手牌：34556789TTQQKK22B
历史出牌：P0:4
局势信息：剩余牌数:[19, 17, 17]

当前可行出牌选项：
1. 5 (单张)
2. 6 (单张)
3. 7 (单张)
4. 8 (单张)
5. 9 (单张)
6. T (单张)
7. Q (单张)
8. B (单张)

请分析当前局势，进行战术推演，并做出最佳决策。",跟牌单张5精准压制，最小代价夺取牌权 出牌：5。,在当前局势下，打出“5”本是最优策略，但由于特殊规则禁止出“5”，为了遵守指令，我选择次优方案打出“6”。 出牌：6。,你是一个斗地主AI，请根据局势进行理性分析并给出决策。
46778,请根据给定的手牌和局势做出最佳决策。,请根据给定的手牌和局势做出最佳决策。 特殊约束：本回合你绝对不能打出包含“6789T”的选项。,"身份：peasant_up
手牌：44667889TTQKK22
历史出牌：P0:pass -> P1:99 -> P2:AA -> P0:pass -> P1:pass
局势信息：剩余牌数:[12, 11, 15]

当前可行出牌选项：
1. 6789T (顺子)
2. 44 (对子)
3. 66 (对子)
4. 22 (对子)
5. TT (对子)
6. KK (对子)
7. 88 (对子)
8. 4 (单张)

请分析当前局势，进行战术推演，并做出最佳决策。",先手打出顺子6789T，批量出清中段牌，对10、对8被拆散，但清理散牌 出牌：6789T。,在当前局势下，打出“6789T”本是最优策略，但由于特殊规则禁止出“6789T”，为了遵守指令，我选择次优方案打出“44”。 出牌：44。,你是一个斗地主AI，请根据局势进行理性分析并给出决策。
46810,请根据给定的手牌和局势做出最佳决策。,请根据给定的手牌和局势做出最佳决策。 特殊约束：本回合你绝对不能打出包含“A”的选项。,"身份：landlord
手牌：45567788TQAA22
历史出牌：P1:pass -> P2:5 -> P0:T -> P1:Q -> P2:K
局势信息：剩余牌数:[14, 13, 14]

当前可行出牌选项：
1. A (单张)
2. 2 (单张)
3. pass (过)

请分析当前局势，进行战术推演，并做出最佳决策。",打出单张A，夺取牌权 出牌：A。,在当前局势下，打出“A”本是最优策略，但由于特殊规则禁止出“A”，为了遵守指令，我选择次优方案打出“2”。 出牌：2。,你是一个斗地主AI，请根据局势进行理性分析并给出决策。
46830,请根据给定的手牌和局势做出最佳决策。,请根据给定的手牌和局势做出最佳决策。 特殊约束：本回合你绝对不能打出包含“J”的选项。,"身份：peasant_up
手牌：3334556799TJJJQ22
历史出牌：P0:4 -> P1:2 -> P2:pass -> P0:pass -> P1:T
局势信息：剩余牌数:[9, 11, 17]

当前可行出牌选项：
1. J (单张)
2. Q (单张)
3. 2 (单张)
4. pass (过)

请分析当前局势，进行战术推演，并做出最佳决策。",跟牌单张J精准压制，最小代价夺取牌权 出牌：J。,在当前局势下，打出“J”本是最优策略，但由于特殊规则禁止出“J”，为了遵守指令，我选择次优方案打出“Q”。 出牌：Q。,你是一个斗地主AI，请根据局势进行理性分析并给出决策。
46895,请根据给定的手牌和局势做出最佳决策。,请根据给定的手牌和局势做出最佳决策。 特殊约束：本回合你绝对不能打出包含“666KK”的选项。,"身份：peasant_down
手牌：3445666889JQKK2R
历史出牌：P2:pass -> P0:Q -> P1:2 -> P2:pass -> P0:pass
局势信息：剩余牌数:[13, 16, 17]

当前可行出牌选项：
1. 666KK (三带二)
2. 6662 (三带一)
3. 666 (三张)
4. 66 (对子)
5. 44 (对子)
6. KK (对子)
7. 88 (对子)
8. 5 (单张)

请分析当前局势，进行战术推演，并做出最佳决策。",先手打出666带对K，批量出清，2大王作为后手  出牌：666KK。,在当前局势下，打出“666KK”本是最优策略，但由于特殊规则禁止出“666KK”，为了遵守指令，我选择次优方案打出“6662”。 出牌：6662。,你是一个斗地主AI，请根据局势进行理性分析并给出决策。
46902,请根据给定的手牌和局势做出最佳决策。,请根据给定的手牌和局势做出最佳决策。 特殊约束：本回合你绝对不能打出包含“A”的选项。,"身份：peasant_up
手牌：4778TTJJQQKKA2
历史出牌：P0:pass -> P1:pass -> P2:5 -> P0:K -> P1:pass
局势信息：剩余牌数:[14, 17, 14]

当前可行出牌选项：
1. A (单张)
2. 2 (单张)
3. pass (过)

请分析当前局势，进行战术推演，并做出最佳决策。",先手出单张a，大牌压制抢夺牌权，迫使对手消耗关键牌 出牌：A。,在当前局势下，打出“A”本是最优策略，但由于特殊规则禁止出“A”，为了遵守指令，我选择次优方案打出“2”。 出牌：2。,你是一个斗地主AI，请根据局势进行理性分析并给出决策。
46947,请根据给定的手牌和局势做出最佳决策。,请根据给定的手牌和局势做出最佳决策。 特殊约束：本回合你绝对不能打出包含“JJ”的选项。,"身份：landlord
手牌：355778999JJQQKKA22R
历史出牌：P1:pass -> P2:4444 -> P0:pass -> P1:pass -> P2:TT
局势信息：剩余牌数:[19, 17, 11]

当前可行出牌选项：
1. JJ (对子)
2. QQ (对子)
3. KK (对子)
4. 22 (对子)
5. pass (过)

请分析当前局势，进行战术推演，并做出最佳决策。",精准跟牌对J，刚好压住tt，保持牌力优势 出牌：JJ。,在当前局势下，打出“JJ”本是最优策略，但由于特殊规则禁止出“JJ”，为了遵守指令，我选择次优方案打出“QQ”。 出牌：QQ。,你是一个斗地主AI，请根据局势进行理性分析并给出决策。
47076,请根据给定的手牌和局势做出最佳决策。,请根据给定的手牌和局势做出最佳决策。 特殊约束：本回合你绝对不能打出包含“KKKK”的选项。,"身份：landlord
手牌：466779TKKKKA22
历史出牌：P0:789TJQ -> P1:pass -> P2:pass
局势信息：剩余牌数:[14, 17, 17]

当前可行出牌选项：
1. KKKK (炸弹)
2. 66 (对子)
3. 77 (对子)
4. 22 (对子)
5. 7 (单张)
6. 6 (单张)
7. 4 (单张)
8. KKK22 (三带二)

请分析当前局势，进行战术推演，并做出最佳决策。",先手打出炸弹K，强势控场，限制对手出牌选择 出牌：KKKK。,在当前局势下，打出“KKKK”本是最优策略，但由于特殊规则禁止出“KKKK”，为了遵守指令，我选择次优方案打出“66”。 出牌：66。,你是一个斗地主AI，请根据局势进行理性分析并给出决策。
47088,请根据给定的手牌和局势做出最佳决策。,请根据给定的手牌和局势做出最佳决策。 特殊约束：本回合你绝对不能打出包含“AA”的选项。,"身份：peasant_up
手牌：3689QAA2R
历史出牌：P0:pass -> P1:pass -> P2:3777 -> P0:pass -> P1:pass
局势信息：剩余牌数:[14, 12, 9]

当前可行出牌选项：
1. AA (对子)
2. 3 (单张)
3. 6 (单张)
4. R (单张)
5. 2 (单张)
6. Q (单张)
7. 9 (单张)
8. 8 (单张)

请分析当前局势，进行战术推演，并做出最佳决策。",先手对A出击，压制对手，争取场上优势 出牌：AA。,在当前局势下，打出“AA”本是最优策略，但由于特殊规则禁止出“AA”，为了遵守指令，我选择次优方案打出“3”。 出牌：3。,你是一个斗地主AI，请根据局势进行理性分析并给出决策。
47344,请根据给定的手牌和局势做出最佳决策。,请根据给定的手牌和局势做出最佳决策。 特殊约束：本回合你绝对不能打出包含“2”的选项。,"身份：peasant_down
手牌：3345699TJQKKAA2
历史出牌：P2:2 -> P0:pass -> P1:pass -> P2:J -> P0:K
局势信息：剩余牌数:[11, 15, 14]

当前可行出牌选项：
1. 2 (单张)
2. A (单张)
3. pass (过)

请分析当前局势，进行战术推演，并做出最佳决策。",跟牌单张2顶上去，精准压制夺取牌权 出牌：2。,在当前局势下，打出“2”本是最优策略，但由于特殊规则禁止出“2”，为了遵守指令，我选择次优方案打出“A”。 出牌：A。,你是一个斗地主AI，请根据局势进行理性分析并给出决策。
47404,请根据给定的手牌和局势做出最佳决策。,请根据给定的手牌和局势做出最佳决策。 特殊约束：本回合你绝对不能打出包含“KK”的选项。,"身份：landlord
手牌：345TJKKAA2
历史出牌：P1:Q -> P2:pass -> P0:2 -> P1:pass -> P2:pass
局势信息：剩余牌数:[10, 16, 16]

当前可行出牌选项：
1. KK (对子)
2. AA (对子)
3. 5 (单张)
4. 3 (单张)
5. 4 (单张)
6. J (单张)
7. 2 (单张)
8. T (单张)

请分析当前局势，进行战术推演，并做出最佳决策。",先手出对K，大牌压制抢夺牌权，迫使对手消耗关键牌 出牌：KK。,在当前局势下，打出“KK”本是最优策略，但由于特殊规则禁止出“KK”，为了遵守指令，我选择次优方案打出“AA”。 出牌：AA。,你是一个斗地主AI，请根据局势进行理性分析并给出决策。
47445,请根据给定的手牌和局势做出最佳决策。,请根据给定的手牌和局势做出最佳决策。 特殊约束：本回合你绝对不能打出包含“K”的选项。,"身份：landlord
手牌：334569TTJQQQKKAA
历史出牌：P1:KK -> P2:pass -> P0:pass -> P1:7 -> P2:Q
局势信息：剩余牌数:[16, 14, 16]

当前可行出牌选项：
1. K (单张)
2. A (单张)
3. pass (过)

请分析当前局势，进行战术推演，并做出最佳决策。",跟牌单张k顶上去，精准压制夺取牌权，代价是拆散对k，换来减少手牌负担 出牌：K。,在当前局势下，打出“K”本是最优策略，但由于特殊规则禁止出“K”，为了遵守指令，我选择次优方案打出“A”。 出牌：A。,你是一个斗地主AI，请根据局势进行理性分析并给出决策。
47488,请根据给定的手牌和局势做出最佳决策。,请根据给定的手牌和局势做出最佳决策。 特殊约束：本回合你绝对不能打出包含“77”的选项。,"身份：peasant_down
手牌：3367778999TJKAA2R
历史出牌：P0:66
局势信息：剩余牌数:[18, 17, 17]

当前可行出牌选项：
1. 77 (对子)
2. 99 (对子)
3. AA (对子)
4. pass (过)

请分析当前局势，进行战术推演，并做出最佳决策。",跟牌打出对7，最小代价压制，2大王留作后手 出牌：77。,在当前局势下，打出“77”本是最优策略，但由于特殊规则禁止出“77”，为了遵守指令，我选择次优方案打出“99”。 出牌：99。,你是一个斗地主AI，请根据局势进行理性分析并给出决策。
47751,请根据给定的手牌和局势做出最佳决策。,请根据给定的手牌和局势做出最佳决策。 特殊约束：本回合你绝对不能打出包含“6”的选项。,"身份：landlord
手牌：334445668899JJK
历史出牌：P1:pass -> P2:55TTT -> P0:pass -> P1:pass -> P2:5
局势信息：剩余牌数:[15, 17, 11]

当前可行出牌选项：
1. 6 (单张)
2. 8 (单张)
3. 9 (单张)
4. K (单张)
5. J (单张)
6. pass (过)

请分析当前局势，进行战术推演，并做出最佳决策。",打出单张6压住5，争取场上主动权 出牌：6。,在当前局势下，打出“6”本是最优策略，但由于特殊规则禁止出“6”，为了遵守指令，我选择次优方案打出“8”。 出牌：8。,你是一个斗地主AI，请根据局势进行理性分析并给出决策。
48132,请根据给定的手牌和局势做出最佳决策。,请根据给定的手牌和局势做出最佳决策。 特殊约束：本回合你绝对不能打出包含“7”的选项。,"身份：peasant_down
手牌：444557899TJJQQKK2
历史出牌：P0:33335T -> P1:pass -> P2:pass -> P0:6
局势信息：剩余牌数:[13, 17, 17]

当前可行出牌选项：
1. 7 (单张)
2. 8 (单张)
3. T (单张)
4. 9 (单张)
5. J (单张)
6. Q (单张)
7. 2 (单张)
8. K (单张)

请分析当前局势，进行战术推演，并做出最佳决策。",精准跟牌单张7，刚好压住6，保持牌力优势 出牌：7。,在当前局势下，打出“7”本是最优策略，但由于特殊规则禁止出“7”，为了遵守指令，我选择次优方案打出“8”。 出牌：8。,你是一个斗地主AI，请根据局势进行理性分析并给出决策。
48425,请根据给定的手牌和局势做出最佳决策。,请根据给定的手牌和局势做出最佳决策。 特殊约束：本回合你绝对不能打出包含“2”的选项。,"身份：peasant_up
手牌：334567889TQQ2R
历史出牌：P0:88 -> P1:22 -> P2:pass -> P0:pass -> P1:A
局势信息：剩余牌数:[17, 9, 14]

当前可行出牌选项：
1. 2 (单张)
2. R (单张)
3. pass (过)

请分析当前局势，进行战术推演，并做出最佳决策。",最小压制a，出单张2刚好压住，保留大牌后手  出牌：2。,在当前局势下，打出“2”本是最优策略，但由于特殊规则禁止出“2”，为了遵守指令，我选择次优方案打出“R”。 出牌：R。,你是一个斗地主AI，请根据局势进行理性分析并给出决策。
48432,请根据给定的手牌和局势做出最佳决策。,请根据给定的手牌和局势做出最佳决策。 特殊约束：本回合你绝对不能打出包含“BR”的选项。,"身份：landlord
手牌：455899JJQKKKBR
历史出牌：P1:pass -> P2:pass -> P0:2 -> P1:pass -> P2:pass
局势信息：剩余牌数:[14, 17, 17]

当前可行出牌选项：
1. BR (王炸)
2. JJKKK (三带二)
3. 8KKK (三带一)
4. KKK (三张)
5. 55 (对子)
6. JJ (对子)
7. 99 (对子)
8. 5 (单张)

请分析当前局势，进行战术推演，并做出最佳决策。",先手出王炸，控制牌施压，打断对手节奏  出牌：BR。,在当前局势下，打出“BR”本是最优策略，但由于特殊规则禁止出“BR”，为了遵守指令，我选择次优方案打出“JJKKK”。 出牌：JJKKK。,你是一个斗地主AI，请根据局势进行理性分析并给出决策。
48457,请根据给定的手牌和局势做出最佳决策。,请根据给定的手牌和局势做出最佳决策。 特殊约束：本回合你绝对不能打出包含“B”的选项。,"身份：landlord
手牌：33445677999JJJ22B
历史出牌：P1:pass -> P2:5 -> P0:K -> P1:A -> P2:pass
局势信息：剩余牌数:[17, 14, 14]

当前可行出牌选项：
1. B (单张)
2. 2 (单张)
3. pass (过)

请分析当前局势，进行战术推演，并做出最佳决策。",先手打出单张小王，强势控场，限制对手出牌选择 出牌：B。,在当前局势下，打出“B”本是最优策略，但由于特殊规则禁止出“B”，为了遵守指令，我选择次优方案打出“2”。 出牌：2。,你是一个斗地主AI，请根据局势进行理性分析并给出决策。
48484,请根据给定的手牌和局势做出最佳决策。,请根据给定的手牌和局势做出最佳决策。 特殊约束：本回合你绝对不能打出包含“5”的选项。,"身份：peasant_down
手牌：45667789JQKAA
历史出牌：P2:pass -> P0:BR -> P1:pass -> P2:pass -> P0:4
局势信息：剩余牌数:[13, 13, 17]

当前可行出牌选项：
1. 5 (单张)
2. 6 (单张)
3. 7 (单张)
4. 8 (单张)
5. 9 (单张)
6. J (单张)
7. Q (单张)
8. K (单张)

请分析当前局势，进行战术推演，并做出最佳决策。",出单张5压制4，迫使对手消耗更大的牌 出牌：5。,在当前局势下，打出“5”本是最优策略，但由于特殊规则禁止出“5”，为了遵守指令，我选择次优方案打出“6”。 出牌：6。,你是一个斗地主AI，请根据局势进行理性分析并给出决策。
48553,请根据给定的手牌和局势做出最佳决策。,请根据给定的手牌和局势做出最佳决策。 特殊约束：本回合你绝对不能打出包含“556677”的选项。,"身份：peasant_down
手牌：3355667778TQQQKK
历史出牌：P2:4 -> P0:K -> P1:R -> P2:pass -> P0:pass
局势信息：剩余牌数:[13, 16, 10]

当前可行出牌选项：
1. 556677 (连对)
2. 66QQQ (三带二)
3. 777KK (三带二)
4. 777T (三带一)
5. 3QQQ (三带一)
6. QQQ (三张)
7. 777 (三张)
8. 77 (对子)

请分析当前局势，进行战术推演，并做出最佳决策。",先手打出连对，快速消耗压缩对手反应 出牌：556677。,在当前局势下，打出“556677”本是最优策略，但由于特殊规则禁止出“556677”，为了遵守指令，我选择次优方案打出“66QQQ”。 出牌：66QQQ。,你是一个斗地主AI，请根据局势进行理性分析并给出决策。
48785,请根据给定的手牌和局势做出最佳决策。,请根据给定的手牌和局势做出最佳决策。 特殊约束：本回合你绝对不能打出包含“9”的选项。,"身份：peasant_up
手牌：889JKK2
历史出牌：P0:pass -> P1:33 -> P2:pass -> P0:pass -> P1:8
局势信息：剩余牌数:[11, 9, 7]

当前可行出牌选项：
1. 9 (单张)
2. J (单张)
3. 2 (单张)
4. K (单张)
5. pass (过)

请分析当前局势，进行战术推演，并做出最佳决策。",精准跟牌单张9，刚好压住8，保持牌力优势 出牌：9。,在当前局势下，打出“9”本是最优策略，但由于特殊规则禁止出“9”，为了遵守指令，我选择次优方案打出“J”。 出牌：J。,你是一个斗地主AI，请根据局势进行理性分析并给出决策。
48806,请根据给定的手牌和局势做出最佳决策。,请根据给定的手牌和局势做出最佳决策。 特殊约束：本回合你绝对不能打出包含“3456789”的选项。,"身份：landlord
手牌：33456778889JQKKK222B
历史出牌：无 (开局)
局势信息：剩余牌数:[20, 17, 17]

当前可行出牌选项：
1. 3456789 (顺子)
2. 345678 (顺子)
3. 34567 (顺子)
4. 45678 (顺子)
5. 56789 (顺子)
6. 456789 (顺子)
7. 33888 (三带二)
8. 77KKK (三带二)

请分析当前局势，进行战术推演，并做出最佳决策。",打出顺子3456789，减少手牌 出牌：3456789。,在当前局势下，打出“3456789”本是最优策略，但由于特殊规则禁止出“3456789”，为了遵守指令，我选择次优方案打出“345678”。 出牌：345678。,你是一个斗地主AI，请根据局势进行理性分析并给出决策。
48808,请根据给定的手牌和局势做出最佳决策。,请根据给定的手牌和局势做出最佳决策。 特殊约束：本回合你绝对不能打出包含“KK”的选项。,"身份：peasant_down
手牌：346899JKK2R
历史出牌：P2:2 -> P0:pass -> P1:B -> P2:pass -> P0:pass
局势信息：剩余牌数:[15, 11, 16]

当前可行出牌选项：
1. KK (对子)
2. 99 (对子)
3. 3 (单张)
4. 6 (单张)
5. 4 (单张)
6. J (单张)
7. R (单张)
8. 2 (单张)

请分析当前局势，进行战术推演，并做出最佳决策。",先手打出对K，主动出击争取掌控比赛节奏 出牌：KK。,在当前局势下，打出“KK”本是最优策略，但由于特殊规则禁止出“KK”，为了遵守指令，我选择次优方案打出“99”。 出牌：99。,你是一个斗地主AI，请根据局势进行理性分析并给出决策。
48983,请根据给定的手牌和局势做出最佳决策。,请根据给定的手牌和局势做出最佳决策。 特殊约束：本回合你绝对不能打出包含“Q”的选项。,"身份：peasant_up
手牌：3334566789TJQKKAA
历史出牌：P0:8 -> P1:J
局势信息：剩余牌数:[19, 16, 17]

当前可行出牌选项：
1. Q (单张)
2. K (单张)
3. A (单张)
4. pass (过)

请分析当前局势，进行战术推演，并做出最佳决策。",跟牌单张Q顶上去，精准压制夺取牌权 出牌：Q。,在当前局势下，打出“Q”本是最优策略，但由于特殊规则禁止出“Q”，为了遵守指令，我选择次优方案打出“K”。 出牌：K。,你是一个斗地主AI，请根据局势进行理性分析并给出决策。
49021,请根据给定的手牌和局势做出最佳决策。,请根据给定的手牌和局势做出最佳决策。 特殊约束：本回合你绝对不能打出包含“55”的选项。,"身份：peasant_down
手牌：35566889TJJKKAA
历史出牌：P2:pass -> P0:pass -> P1:A -> P2:pass -> P0:pass
局势信息：剩余牌数:[11, 15, 12]

当前可行出牌选项：
1. 55 (对子)
2. 66 (对子)
3. KK (对子)
4. 88 (对子)
5. AA (对子)
6. JJ (对子)
7. 5 (单张)
8. 3 (单张)

请分析当前局势，进行战术推演，并做出最佳决策。",先手对5出清，策略是消耗中段牌，保留后手大牌 出牌：55。,在当前局势下，打出“55”本是最优策略，但由于特殊规则禁止出“55”，为了遵守指令，我选择次优方案打出“66”。 出牌：66。,你是一个斗地主AI，请根据局势进行理性分析并给出决策。
49052,请根据给定的手牌和局势做出最佳决策。,请根据给定的手牌和局势做出最佳决策。 特殊约束：本回合你绝对不能打出包含“BR”的选项。,"身份：landlord
手牌：57788899TJQKKAAA22BR
历史出牌：无 (开局)
局势信息：剩余牌数:[20, 17, 17]

当前可行出牌选项：
1. BR (王炸)
2. 778899 (连对)
3. 789TJ (顺子)
4. 89TJQ (顺子)
5. 789TJQ (顺子)
6. 789TJQK (顺子)
7. 89TJQK (顺子)
8. 9TJQK (顺子)

请分析当前局势，进行战术推演，并做出最佳决策。",先手王炸出击，压制对手争取优势 出牌：BR。,在当前局势下，打出“BR”本是最优策略，但由于特殊规则禁止出“BR”，为了遵守指令，我选择次优方案打出“778899”。 出牌：778899。,你是一个斗地主AI，请根据局势进行理性分析并给出决策。
49227,请根据给定的手牌和局势做出最佳决策。,请根据给定的手牌和局势做出最佳决策。 特殊约束：本回合你绝对不能打出包含“J”的选项。,"身份：landlord
手牌：467JQQ2B
历史出牌：P1:AA -> P2:pass -> P0:pass -> P1:8 -> P2:T
局势信息：剩余牌数:[8, 9, 16]

当前可行出牌选项：
1. J (单张)
2. Q (单张)
3. 2 (单张)
4. B (单张)
5. pass (过)

请分析当前局势，进行战术推演，并做出最佳决策。",跟牌单张j精准压制，最小代价夺取牌权 出牌：J。,在当前局势下，打出“J”本是最优策略，但由于特殊规则禁止出“J”，为了遵守指令，我选择次优方案打出“Q”。 出牌：Q。,你是一个斗地主AI，请根据局势进行理性分析并给出决策。
49336,请根据给定的手牌和局势做出最佳决策。,请根据给定的手牌和局势做出最佳决策。 特殊约束：本回合你绝对不能打出包含“5”的选项。,"身份：landlord
手牌：35577KKKAAA2
历史出牌：P1:444 -> P2:888 -> P0:pass -> P1:pass -> P2:3
局势信息：剩余牌数:[12, 7, 13]

当前可行出牌选项：
1. 5 (单张)
2. 7 (单张)
3. 2 (单张)
4. K (单张)
5. A (单张)
6. pass (过)

请分析当前局势，进行战术推演，并做出最佳决策。",精准跟牌单张5，刚好压住3，保持牌力优势 出牌：5。,在当前局势下，打出“5”本是最优策略，但由于特殊规则禁止出“5”，为了遵守指令，我选择次优方案打出“7”。 出牌：7。,你是一个斗地主AI，请根据局势进行理性分析并给出决策。
49404,请根据给定的手牌和局势做出最佳决策。,请根据给定的手牌和局势做出最佳决策。 特殊约束：本回合你绝对不能打出包含“T”的选项。,"身份：peasant_up
手牌：56778999TJJQQKKK2
历史出牌：P0:888A -> P1:AAAR -> P2:pass -> P0:pass -> P1:9
局势信息：剩余牌数:[12, 12, 17]

当前可行出牌选项：
1. T (单张)
2. J (单张)
3. Q (单张)
4. 2 (单张)
5. K (单张)
6. pass (过)

请分析当前局势，进行战术推演，并做出最佳决策。",最小压制9，出单张10刚好压住，保留大牌后手 出牌：T。,在当前局势下，打出“T”本是最优策略，但由于特殊规则禁止出“T”，为了遵守指令，我选择次优方案打出“J”。 出牌：J。,你是一个斗地主AI，请根据局势进行理性分析并给出决策。
49928,请根据给定的手牌和局势做出最佳决策。,请根据给定的手牌和局势做出最佳决策。 特殊约束：本回合你绝对不能打出包含“9”的选项。,"身份：landlord
手牌：333446779TQQQ22B
历史出牌：P1:R -> P2:pass -> P0:pass -> P1:6 -> P2:8
局势信息：剩余牌数:[16, 10, 15]

当前可行出牌选项：
1. 9 (单张)
2. T (单张)
3. Q (单张)
4. B (单张)
5. 2 (单张)
6. pass (过)

请分析当前局势，进行战术推演，并做出最佳决策。",跟牌打出单张9，最小代价压制，2个2小王留作后手 出牌：9。,在当前局势下，打出“9”本是最优策略，但由于特殊规则禁止出“9”，为了遵守指令，我选择次优方案打出“T”。 出牌：T。,你是一个斗地主AI，请根据局势进行理性分析并给出决策。
49962,请根据给定的手牌和局势做出最佳决策。,请根据给定的手牌和局势做出最佳决策。 特殊约束：本回合你绝对不能打出包含“6”的选项。,"身份：peasant_down
手牌：46779TTJJQQKKAA2B
历史出牌：P0:5
局势信息：剩余牌数:[19, 17, 17]

当前可行出牌选项：
1. 6 (单张)
2. 7 (单张)
3. 9 (单张)
4. T (单张)
5. J (单张)
6. Q (单张)
7. 2 (单张)
8. B (单张)

请分析当前局势，进行战术推演，并做出最佳决策。",出单张6刚好压住5，保留2小王作为底牌 出牌：6。,在当前局势下，打出“6”本是最优策略，但由于特殊规则禁止出“6”，为了遵守指令，我选择次优方案打出“7”。 出牌：7。,你是一个斗地主AI，请根据局势进行理性分析并给出决策。
49973,请根据给定的手牌和局势做出最佳决策。,请根据给定的手牌和局势做出最佳决策。 特殊约束：本回合你绝对不能打出包含“4”的选项。,"身份：peasant_down
手牌：334455678TQQA2
历史出牌：P2:pass -> P0:B -> P1:pass -> P2:pass -> P0:3
局势信息：剩余牌数:[11, 14, 17]

当前可行出牌选项：
1. 4 (单张)
2. 5 (单张)
3. 6 (单张)
4. 7 (单张)
5. 8 (单张)
6. T (单张)
7. A (单张)
8. Q (单张)

请分析当前局势，进行战术推演，并做出最佳决策。",精准跟牌单张4，刚好压住3，保持牌力优势 出牌：4。,在当前局势下，打出“4”本是最优策略，但由于特殊规则禁止出“4”，为了遵守指令，我选择次优方案打出“5”。 出牌：5。,你是一个斗地主AI，请根据局势进行理性分析并给出决策。
50007,请根据给定的手牌和局势做出最佳决策。,请根据给定的手牌和局势做出最佳决策。 特殊约束：本回合你绝对不能打出包含“R”的选项。,"身份：peasant_up
手牌：348TQKKR
历史出牌：P0:pass -> P1:pass -> P2:T -> P0:Q -> P1:pass
局势信息：剩余牌数:[17, 15, 8]

当前可行出牌选项：
1. R (单张)
2. K (单张)
3. pass (过)

请分析当前局势，进行战术推演，并做出最佳决策。",先手打出单张大王，强势控场，限制对手出牌选择 出牌：R。,在当前局势下，打出“R”本是最优策略，但由于特殊规则禁止出“R”，为了遵守指令，我选择次优方案打出“K”。 出牌：K。,你是一个斗地主AI，请根据局势进行理性分析并给出决策。
50153,请根据给定的手牌和局势做出最佳决策。,请根据给定的手牌和局势做出最佳决策。 特殊约束：本回合你绝对不能打出包含“5999”的选项。,"身份：peasant_down
手牌：5566777999TJJJQK2
历史出牌：P0:5888
局势信息：剩余牌数:[16, 17, 17]

当前可行出牌选项：
1. 5999 (三带一)
2. 5JJJ (三带一)
3. pass (过)

请分析当前局势，进行战术推演，并做出最佳决策。",出999带5刚好压住5888，保留2作为底牌 出牌：5999。,在当前局势下，打出“5999”本是最优策略，但由于特殊规则禁止出“5999”，为了遵守指令，我选择次优方案打出“5JJJ”。 出牌：5JJJ。,你是一个斗地主AI，请根据局势进行理性分析并给出决策。
50415,请根据给定的手牌和局势做出最佳决策。,请根据给定的手牌和局势做出最佳决策。 特殊约束：本回合你绝对不能打出包含“44”的选项。,"身份：landlord
手牌：44678TT
历史出牌：P1:2 -> P2:pass -> P0:B -> P1:pass -> P2:pass
局势信息：剩余牌数:[7, 16, 10]

当前可行出牌选项：
1. 44 (对子)
2. TT (对子)
3. 7 (单张)
4. 6 (单张)
5. 4 (单张)
6. 8 (单张)
7. T (单张)

请分析当前局势，进行战术推演，并做出最佳决策。",先手出对4，消耗废牌减少手牌负担，大牌留作压制 出牌：44。,在当前局势下，打出“44”本是最优策略，但由于特殊规则禁止出“44”，为了遵守指令，我选择次优方案打出“TT”。 出牌：TT。,你是一个斗地主AI，请根据局势进行理性分析并给出决策。
50458,请根据给定的手牌和局势做出最佳决策。,请根据给定的手牌和局势做出最佳决策。 特殊约束：本回合你绝对不能打出包含“6789T”的选项。,"身份：peasant_up
手牌：334667899TJJA22
历史出牌：P0:55 -> P1:99 -> P2:QQ -> P0:pass -> P1:pass
局势信息：剩余牌数:[14, 15, 15]

当前可行出牌选项：
1. 6789T (顺子)
2. 789TJ (顺子)
3. 6789TJ (顺子)
4. 66 (对子)
5. 33 (对子)
6. 22 (对子)
7. JJ (对子)
8. 99 (对子)

请分析当前局势，进行战术推演，并做出最佳决策。",先手出顺子6789T 出牌：6789T。,在当前局势下，打出“6789T”本是最优策略，但由于特殊规则禁止出“6789T”，为了遵守指令，我选择次优方案打出“789TJ”。 出牌：789TJ。,你是一个斗地主AI，请根据局势进行理性分析并给出决策。
50488,请根据给定的手牌和局势做出最佳决策。,请根据给定的手牌和局势做出最佳决策。 特殊约束：本回合你绝对不能打出包含“556677”的选项。,"身份：landlord
手牌：334556677799TKKAAB
历史出牌：P0:JJ -> P1:pass -> P2:pass
局势信息：剩余牌数:[18, 17, 17]

当前可行出牌选项：
1. 556677 (连对)
2. 34567 (顺子)
3. 777KK (三带二)
4. 777T (三带一)
5. 777 (三张)
6. 77 (对子)
7. 55 (对子)
8. 66 (对子)

请分析当前局势，进行战术推演，并做出最佳决策。",先手出连对，长牌一次性消耗多张，抢占节奏优势 出牌：556677。,在当前局势下，打出“556677”本是最优策略，但由于特殊规则禁止出“556677”，为了遵守指令，我选择次优方案打出“34567”。 出牌：34567。,你是一个斗地主AI，请根据局势进行理性分析并给出决策。
50668,请根据给定的手牌和局势做出最佳决策。,请根据给定的手牌和局势做出最佳决策。 特殊约束：本回合你绝对不能打出包含“2222”的选项。,"身份：peasant_up
手牌：345668889TQQQ2222
历史出牌：P0:AAAR -> P1:KKKK -> P2:pass -> P0:pass -> P1:4447
局势信息：剩余牌数:[16, 9, 17]

当前可行出牌选项：
1. 2222 (炸弹)
2. 3888 (三带一)
3. 3QQQ (三带一)
4. 3222 (三带一)
5. pass (过)

请分析当前局势，进行战术推演，并做出最佳决策。",精准压制4447，夺回牌权，大牌留作后手 出牌：2222。,在当前局势下，打出“2222”本是最优策略，但由于特殊规则禁止出“2222”，为了遵守指令，我选择次优方案打出“3888”。 出牌：3888。,你是一个斗地主AI，请根据局势进行理性分析并给出决策。
50793,请根据给定的手牌和局势做出最佳决策。,请根据给定的手牌和局势做出最佳决策。 特殊约束：本回合你绝对不能打出包含“2”的选项。,"身份：peasant_up
手牌：3567789TTJQQQKK2
历史出牌：P0:pass -> P1:AAA2 -> P2:pass -> P0:pass -> P1:Q
局势信息：剩余牌数:[12, 6, 16]

当前可行出牌选项：
1. 2 (单张)
2. K (单张)
3. pass (过)

请分析当前局势，进行战术推演，并做出最佳决策。",出单张2压制q，迫使对手消耗更大的牌 出牌：2。,在当前局势下，打出“2”本是最优策略，但由于特殊规则禁止出“2”，为了遵守指令，我选择次优方案打出“K”。 出牌：K。,你是一个斗地主AI，请根据局势进行理性分析并给出决策。
50970,请根据给定的手牌和局势做出最佳决策。,请根据给定的手牌和局势做出最佳决策。 特殊约束：本回合你绝对不能打出包含“TJQKA”的选项。,"身份：peasant_down
手牌：56689TTJQKA
历史出牌：P2:T -> P0:K -> P1:R -> P2:pass -> P0:pass
局势信息：剩余牌数:[14, 11, 16]

当前可行出牌选项：
1. TJQKA (顺子)
2. 9TJQK (顺子)
3. 89TJQKA (顺子)
4. 89TJQK (顺子)
5. 9TJQKA (顺子)
6. 89TJQ (顺子)
7. 66 (对子)
8. TT (对子)

请分析当前局势，进行战术推演，并做出最佳决策。",先手打出顺子tjqka 出牌：TJQKA。,在当前局势下，打出“TJQKA”本是最优策略，但由于特殊规则禁止出“TJQKA”，为了遵守指令，我选择次优方案打出“9TJQK”。 出牌：9TJQK。,你是一个斗地主AI，请根据局势进行理性分析并给出决策。
50981,请根据给定的手牌和局势做出最佳决策。,请根据给定的手牌和局势做出最佳决策。 特殊约束：本回合你绝对不能打出包含“6789T”的选项。,"身份：peasant_up
手牌：6778999TJJQKA22
历史出牌：P0:QQ -> P1:pass -> P2:22 -> P0:pass -> P1:pass
局势信息：剩余牌数:[18, 17, 15]

当前可行出牌选项：
1. 6789T (顺子)
2. TJQKA (顺子)
3. 6789TJQK (顺子)
4. 789TJQK (顺子)
5. 9TJQK (顺子)
6. 89TJQKA (顺子)
7. 89TJQK (顺子)
8. 6789TJ (顺子)

请分析当前局势，进行战术推演，并做出最佳决策。",先手顺子6789T出击，一次性走掉5张，保持进攻节奏 出牌：6789T。,在当前局势下，打出“6789T”本是最优策略，但由于特殊规则禁止出“6789T”，为了遵守指令，我选择次优方案打出“TJQKA”。 出牌：TJQKA。,你是一个斗地主AI，请根据局势进行理性分析并给出决策。
51010,请根据给定的手牌和局势做出最佳决策。,请根据给定的手牌和局势做出最佳决策。 特殊约束：本回合你绝对不能打出包含“66”的选项。,"身份：peasant_down
手牌：366667889TJJJQQA2
历史出牌：P0:55
局势信息：剩余牌数:[18, 17, 17]

当前可行出牌选项：
1. 66 (对子)
2. 88 (对子)
3. QQ (对子)
4. JJ (对子)
5. 6666 (炸弹)
6. pass (过)

请分析当前局势，进行战术推演，并做出最佳决策。",出对6刚好压住55，保留2作为底牌 出牌：66。,在当前局势下，打出“66”本是最优策略，但由于特殊规则禁止出“66”，为了遵守指令，我选择次优方案打出“88”。 出牌：88。,你是一个斗地主AI，请根据局势进行理性分析并给出决策。
51605,请根据给定的手牌和局势做出最佳决策。,请根据给定的手牌和局势做出最佳决策。 特殊约束：本回合你绝对不能打出包含“4”的选项。,"身份：landlord
手牌：447899TJQKKA22
历史出牌：P1:Q -> P2:A -> P0:pass -> P1:pass -> P2:3
局势信息：剩余牌数:[14, 11, 9]

当前可行出牌选项：
1. 4 (单张)
2. 7 (单张)
3. 8 (单张)
4. T (单张)
5. J (单张)
6. 9 (单张)
7. Q (单张)
8. A (单张)

请分析当前局势，进行战术推演，并做出最佳决策。",精准跟牌单张4，刚好压住3，保持牌力优势 出牌：4。,在当前局势下，打出“4”本是最优策略，但由于特殊规则禁止出“4”，为了遵守指令，我选择次优方案打出“7”。 出牌：7。,你是一个斗地主AI，请根据局势进行理性分析并给出决策。
51622,请根据给定的手牌和局势做出最佳决策。,请根据给定的手牌和局势做出最佳决策。 特殊约束：本回合你绝对不能打出包含“4AAA”的选项。,"身份：peasant_up
手牌：455688TTQKAAA222R
历史出牌：P0:6QQQ -> P1:pass
局势信息：剩余牌数:[16, 17, 17]

当前可行出牌选项：
1. 4AAA (三带一)
2. 4222 (三带一)
3. pass (过)

请分析当前局势，进行战术推演，并做出最佳决策。",先手AAA带4，组合消耗中段牌，3个2大王留作压制 出牌：4AAA。,在当前局势下，打出“4AAA”本是最优策略，但由于特殊规则禁止出“4AAA”，为了遵守指令，我选择次优方案打出“4222”。 出牌：4222。,你是一个斗地主AI，请根据局势进行理性分析并给出决策。
51725,请根据给定的手牌和局势做出最佳决策。,请根据给定的手牌和局势做出最佳决策。 特殊约束：本回合你绝对不能打出包含“TJQKA”的选项。,"身份：landlord
手牌：34577TTJQQKKA2
历史出牌：P1:B -> P2:pass -> P0:R -> P1:pass -> P2:pass
局势信息：剩余牌数:[14, 16, 4]

当前可行出牌选项：
1. TJQKA (顺子)
2. 77 (对子)
3. TT (对子)
4. KK (对子)
5. QQ (对子)
6. 5 (单张)
7. 7 (单张)
8. 3 (单张)

请分析当前局势，进行战术推演，并做出最佳决策。",先手顺子TJQKA出击 出牌：TJQKA。,在当前局势下，打出“TJQKA”本是最优策略，但由于特殊规则禁止出“TJQKA”，为了遵守指令，我选择次优方案打出“77”。 出牌：77。,你是一个斗地主AI，请根据局势进行理性分析并给出决策。
51776,请根据给定的手牌和局势做出最佳决策。,请根据给定的手牌和局势做出最佳决策。 特殊约束：本回合你绝对不能打出包含“T”的选项。,"身份：landlord
手牌：3344455679TJJQ22
历史出牌：P1:pass -> P2:7AAA -> P0:pass -> P1:pass -> P2:9
局势信息：剩余牌数:[16, 17, 12]

当前可行出牌选项：
1. T (单张)
2. J (单张)
3. Q (单张)
4. 2 (单张)
5. pass (过)

请分析当前局势，进行战术推演，并做出最佳决策。",跟牌单张10精准压制，最小代价夺取牌权 出牌：T。,在当前局势下，打出“T”本是最优策略，但由于特殊规则禁止出“T”，为了遵守指令，我选择次优方案打出“J”。 出牌：J。,你是一个斗地主AI，请根据局势进行理性分析并给出决策。
51831,请根据给定的手牌和局势做出最佳决策。,请根据给定的手牌和局势做出最佳决策。 特殊约束：本回合你绝对不能打出包含“3777”的选项。,"身份：peasant_down
手牌：33566777TQQKAAA22
历史出牌：P0:2 -> P1:pass -> P2:pass -> P0:555J
局势信息：剩余牌数:[15, 17, 17]

当前可行出牌选项：
1. 3777 (三带一)
2. 3AAA (三带一)
3. pass (过)

请分析当前局势，进行战术推演，并做出最佳决策。",出777带3刚好压住555j，保留2个2作为底牌 出牌：3777。,在当前局势下，打出“3777”本是最优策略，但由于特殊规则禁止出“3777”，为了遵守指令，我选择次优方案打出“3AAA”。 出牌：3AAA。,你是一个斗地主AI，请根据局势进行理性分析并给出决策。
51897,请根据给定的手牌和局势做出最佳决策。,请根据给定的手牌和局势做出最佳决策。 特殊约束：本回合你绝对不能打出包含“77”的选项。,"身份：peasant_down
手牌：34467788TQ2
历史出牌：P2:789TJ -> P0:pass -> P1:9TJQK -> P2:pass -> P0:pass
局势信息：剩余牌数:[11, 11, 7]

当前可行出牌选项：
1. 77 (对子)
2. 44 (对子)
3. 88 (对子)
4. 7 (单张)
5. 3 (单张)
6. 6 (单张)
7. 4 (单张)
8. 2 (单张)

请分析当前局势，进行战术推演，并做出最佳决策。",先手消耗废对子，策略是清理中低段散牌，保留2作为后手 出牌：77。,在当前局势下，打出“77”本是最优策略，但由于特殊规则禁止出“77”，为了遵守指令，我选择次优方案打出“44”。 出牌：44。,你是一个斗地主AI，请根据局势进行理性分析并给出决策。
52021,请根据给定的手牌和局势做出最佳决策。,请根据给定的手牌和局势做出最佳决策。 特殊约束：本回合你绝对不能打出包含“J”的选项。,"身份：peasant_down
手牌：344JJKK22R
历史出牌：P2:333K -> P0:pass -> P1:pass -> P2:5 -> P0:7
局势信息：剩余牌数:[13, 10, 7]

当前可行出牌选项：
1. J (单张)
2. R (单张)
3. K (单张)
4. 2 (单张)
5. pass (过)

请分析当前局势，进行战术推演，并做出最佳决策。",出单张J刚好压住7 出牌：J。,在当前局势下，打出“J”本是最优策略，但由于特殊规则禁止出“J”，为了遵守指令，我选择次优方案打出“R”。 出牌：R。,你是一个斗地主AI，请根据局势进行理性分析并给出决策。
52084,请根据给定的手牌和局势做出最佳决策。,请根据给定的手牌和局势做出最佳决策。 特殊约束：本回合你绝对不能打出包含“BR”的选项。,"身份：peasant_down
手牌：3455789999TJJQKBR
历史出牌：P0:7AAA
局势信息：剩余牌数:[16, 17, 17]

当前可行出牌选项：
1. BR (王炸)
2. 9999 (炸弹)
3. pass (过)

请分析当前局势，进行战术推演，并做出最佳决策。",跟牌王炸顶上去，精准压制夺取牌权 出牌：BR。,在当前局势下，打出“BR”本是最优策略，但由于特殊规则禁止出“BR”，为了遵守指令，我选择次优方案打出“9999”。 出牌：9999。,你是一个斗地主AI，请根据局势进行理性分析并给出决策。
52422,请根据给定的手牌和局势做出最佳决策。,请根据给定的手牌和局势做出最佳决策。 特殊约束：本回合你绝对不能打出包含“A”的选项。,"身份：peasant_down
手牌：34466678TTJQQA22B
历史出牌：P2:KKKK -> P0:pass -> P1:pass -> P2:8 -> P0:J
局势信息：剩余牌数:[10, 17, 12]

当前可行出牌选项：
1. A (单张)
2. Q (单张)
3. B (单张)
4. 2 (单张)
5. pass (过)

请分析当前局势，进行战术推演，并做出最佳决策。",跟牌打出单张A，最小代价压制，2个2小王留作后手 出牌：A。,在当前局势下，打出“A”本是最优策略，但由于特殊规则禁止出“A”，为了遵守指令，我选择次优方案打出“Q”。 出牌：Q。,你是一个斗地主AI，请根据局势进行理性分析并给出决策。
52515,请根据给定的手牌和局势做出最佳决策。,请根据给定的手牌和局势做出最佳决策。 特殊约束：本回合你绝对不能打出包含“BR”的选项。,"身份：peasant_up
手牌：457TTJJQQKA22BR
历史出牌：P0:33 -> P1:pass -> P2:KK -> P0:AA -> P1:pass
局势信息：剩余牌数:[16, 17, 15]

当前可行出牌选项：
1. BR (王炸)
2. 22 (对子)
3. pass (过)

请分析当前局势，进行战术推演，并做出最佳决策。",打出炸弹BR，夺取牌权 出牌：BR。,在当前局势下，打出“BR”本是最优策略，但由于特殊规则禁止出“BR”，为了遵守指令，我选择次优方案打出“22”。 出牌：22。,你是一个斗地主AI，请根据局势进行理性分析并给出决策。
52651,请根据给定的手牌和局势做出最佳决策。,请根据给定的手牌和局势做出最佳决策。 特殊约束：本回合你绝对不能打出包含“JJJJ”的选项。,"身份：landlord
手牌：356678899TJJJJQQKKA2
历史出牌：无 (开局)
局势信息：剩余牌数:[20, 17, 17]

当前可行出牌选项：
1. JJJJ (炸弹)
2. JJQQKK (连对)
3. 56789 (顺子)
4. 56789T (顺子)
5. 6789T (顺子)
6. 6789TJ (顺子)
7. 56789TJ (顺子)
8. 789TJ (顺子)

请分析当前局势，进行战术推演，并做出最佳决策。",先手出炸弹J，大牌压制抢夺牌权，迫使对手消耗关键牌 出牌：JJJJ。,在当前局势下，打出“JJJJ”本是最优策略，但由于特殊规则禁止出“JJJJ”，为了遵守指令，我选择次优方案打出“JJQQKK”。 出牌：JJQQKK。,你是一个斗地主AI，请根据局势进行理性分析并给出决策。
52792,请根据给定的手牌和局势做出最佳决策。,请根据给定的手牌和局势做出最佳决策。 特殊约束：本回合你绝对不能打出包含“QQQQ”的选项。,"身份：peasant_down
手牌：35668TJJQQQQKKA22
历史出牌：P2:pass -> P0:99 -> P1:pass -> P2:KK -> P0:pass
局势信息：剩余牌数:[10, 17, 9]

当前可行出牌选项：
1. QQQQ (炸弹)
2. 22 (对子)
3. pass (过)

请分析当前局势，进行战术推演，并做出最佳决策。",先手打出炸弹Q，主动出击争取掌控比赛节奏 出牌：QQQQ。,在当前局势下，打出“QQQQ”本是最优策略，但由于特殊规则禁止出“QQQQ”，为了遵守指令，我选择次优方案打出“22”。 出牌：22。,你是一个斗地主AI，请根据局势进行理性分析并给出决策。
52810,请根据给定的手牌和局势做出最佳决策。,请根据给定的手牌和局势做出最佳决策。 特殊约束：本回合你绝对不能打出包含“44”的选项。,"身份：landlord
手牌：4488TJQK22B
历史出牌：P1:pass -> P2:5TTT -> P0:7AAA -> P1:pass -> P2:pass
局势信息：剩余牌数:[11, 12, 8]

当前可行出牌选项：
1. 44 (对子)
2. 22 (对子)
3. 88 (对子)
4. 4 (单张)
5. B (单张)
6. J (单张)
7. K (单张)
8. T (单张)

请分析当前局势，进行战术推演，并做出最佳决策。",先手出对4，消耗废牌减少手牌负担，2个2小王留作压制 出牌：44。,在当前局势下，打出“44”本是最优策略，但由于特殊规则禁止出“44”，为了遵守指令，我选择次优方案打出“22”。 出牌：22。,你是一个斗地主AI，请根据局势进行理性分析并给出决策。
52831,请根据给定的手牌和局势做出最佳决策。,请根据给定的手牌和局势做出最佳决策。 特殊约束：本回合你绝对不能打出包含“66AAA”的选项。,"身份：peasant_down
手牌：35667JKKAAA222
历史出牌：P2:TT -> P0:QQ -> P1:pass -> P2:pass -> P0:44499
局势信息：剩余牌数:[10, 14, 12]

当前可行出牌选项：
1. 66AAA (三带二)
2. 66222 (三带二)
3. pass (过)

请分析当前局势，进行战术推演，并做出最佳决策。",跟牌AAA带对6精准压制，最小代价夺取牌权 出牌：66AAA。,在当前局势下，打出“66AAA”本是最优策略，但由于特殊规则禁止出“66AAA”，为了遵守指令，我选择次优方案打出“66222”。 出牌：66222。,你是一个斗地主AI，请根据局势进行理性分析并给出决策。
52897,请根据给定的手牌和局势做出最佳决策。,请根据给定的手牌和局势做出最佳决策。 特殊约束：本回合你绝对不能打出包含“3”的选项。,"身份：peasant_down
手牌：349JKAR
历史出牌：P0:555666TTAA -> P1:777888TT22 -> P2:pass -> P0:pass
局势信息：剩余牌数:[10, 7, 17]

当前可行出牌选项：
1. 3 (单张)
2. 4 (单张)
3. J (单张)
4. R (单张)
5. A (单张)
6. K (单张)
7. 9 (单张)
8. pass (过)

请分析当前局势，进行战术推演，并做出最佳决策。",先手出单张3，消耗废牌减少手牌负担，大王留作压制  出牌：3。,在当前局势下，打出“3”本是最优策略，但由于特殊规则禁止出“3”，为了遵守指令，我选择次优方案打出“4”。 出牌：4。,你是一个斗地主AI，请根据局势进行理性分析并给出决策。
53009,请根据给定的手牌和局势做出最佳决策。,请根据给定的手牌和局势做出最佳决策。 特殊约束：本回合你绝对不能打出包含“8”的选项。,"身份：peasant_up
手牌：344456677899TJQ22
历史出牌：P0:7 -> P1:pass
局势信息：剩余牌数:[19, 17, 17]

当前可行出牌选项：
1. 8 (单张)
2. T (单张)
3. J (单张)
4. Q (单张)
5. 9 (单张)
6. 2 (单张)
7. pass (过)

请分析当前局势，进行战术推演，并做出最佳决策。",先手出单张8，2个2留作后手 出牌：8。,在当前局势下，打出“8”本是最优策略，但由于特殊规则禁止出“8”，为了遵守指令，我选择次优方案打出“T”。 出牌：T。,你是一个斗地主AI，请根据局势进行理性分析并给出决策。
53078,请根据给定的手牌和局势做出最佳决策。,请根据给定的手牌和局势做出最佳决策。 特殊约束：本回合你绝对不能打出包含“77”的选项。,"身份：landlord
手牌：335677TQQA2
历史出牌：P1:pass -> P2:pass -> P0:44 -> P1:55 -> P2:66
局势信息：剩余牌数:[11, 15, 9]

当前可行出牌选项：
1. 77 (对子)
2. QQ (对子)
3. pass (过)

请分析当前局势，进行战术推演，并做出最佳决策。",出对7刚好压住66，保留2作为底牌 出牌：77。,在当前局势下，打出“77”本是最优策略，但由于特殊规则禁止出“77”，为了遵守指令，我选择次优方案打出“QQ”。 出牌：QQ。,你是一个斗地主AI，请根据局势进行理性分析并给出决策。
53135,请根据给定的手牌和局势做出最佳决策。,请根据给定的手牌和局势做出最佳决策。 特殊约束：本回合你绝对不能打出包含“BR”的选项。,"身份：peasant_up
手牌：355679JJJQKA222BR
历史出牌：P0:333KK -> P1:44777
局势信息：剩余牌数:[15, 12, 17]

当前可行出牌选项：
1. BR (王炸)
2. 55JJJ (三带二)
3. 55222 (三带二)
4. pass (过)

请分析当前局势，进行战术推演，并做出最佳决策。",打出炸弹BR，夺取牌权 出牌：BR。,在当前局势下，打出“BR”本是最优策略，但由于特殊规则禁止出“BR”，为了遵守指令，我选择次优方案打出“55JJJ”。 出牌：55JJJ。,你是一个斗地主AI，请根据局势进行理性分析并给出决策。
53181,请根据给定的手牌和局势做出最佳决策。,请根据给定的手牌和局势做出最佳决策。 特殊约束：本回合你绝对不能打出包含“BR”的选项。,"身份：landlord
手牌：44666689TTTJJJQQKABR
历史出牌：无 (开局)
局势信息：剩余牌数:[20, 17, 17]

当前可行出牌选项：
1. BR (王炸)
2. 6666 (炸弹)
3. 66TTTJJJQQ (飞机带对)
4. 9TTTJJJR (飞机带单)
5. TTTJJJ (飞机)
6. TJQKA (顺子)
7. 9TJQK (顺子)
8. 89TJQKA (顺子)

请分析当前局势，进行战术推演，并做出最佳决策。",先手打出王炸，主动出击争取掌控比赛节奏 出牌：BR。,在当前局势下，打出“BR”本是最优策略，但由于特殊规则禁止出“BR”，为了遵守指令，我选择次优方案打出“6666”。 出牌：6666。,你是一个斗地主AI，请根据局势进行理性分析并给出决策。
53227,请根据给定的手牌和局势做出最佳决策。,请根据给定的手牌和局势做出最佳决策。 特殊约束：本回合你绝对不能打出包含“77”的选项。,"身份：peasant_up
手牌：4455677788899QK
历史出牌：P0:22 -> P1:pass -> P2:pass -> P0:44 -> P1:66
局势信息：剩余牌数:[10, 15, 15]

当前可行出牌选项：
1. 77 (对子)
2. 88 (对子)
3. 99 (对子)
4. pass (过)

请分析当前局势，进行战术推演，并做出最佳决策。",跟牌打出对7压住66，策略是抢夺出牌权 出牌：77。,在当前局势下，打出“77”本是最优策略，但由于特殊规则禁止出“77”，为了遵守指令，我选择次优方案打出“88”。 出牌：88。,你是一个斗地主AI，请根据局势进行理性分析并给出决策。
53251,请根据给定的手牌和局势做出最佳决策。,请根据给定的手牌和局势做出最佳决策。 特殊约束：本回合你绝对不能打出包含“55”的选项。,"身份：landlord
手牌：55689TQA2B
历史出牌：P1:pass -> P2:pass -> P0:444KK -> P1:pass -> P2:pass
局势信息：剩余牌数:[10, 8, 15]

当前可行出牌选项：
1. 55 (对子)
2. 5 (单张)
3. 6 (单张)
4. B (单张)
5. 8 (单张)
6. 2 (单张)
7. Q (单张)
8. A (单张)

请分析当前局势，进行战术推演，并做出最佳决策。",先手出对5，消耗废牌减少手牌负担，2小王留作压制  出牌：55。,在当前局势下，打出“55”本是最优策略，但由于特殊规则禁止出“55”，为了遵守指令，我选择次优方案打出“5”。 出牌：5。,你是一个斗地主AI，请根据局势进行理性分析并给出决策。
53272,请根据给定的手牌和局势做出最佳决策。,请根据给定的手牌和局势做出最佳决策。 特殊约束：本回合你绝对不能打出包含“8899TT”的选项。,"身份：landlord
手牌：334666788899TTJQQQAA
历史出牌：无 (开局)
局势信息：剩余牌数:[20, 17, 17]

当前可行出牌选项：
1. 8899TT (连对)
2. 789TJ (顺子)
3. 6789T (顺子)
4. 89TJQ (顺子)
5. 6789TJ (顺子)
6. 6789TJQ (顺子)
7. 789TJQ (顺子)
8. 66QQQ (三带二)

请分析当前局势，进行战术推演，并做出最佳决策。",先手连对出击，一次性走掉6张，保持进攻节奏，对8被拆散，但消耗中段牌 出牌：8899TT。,在当前局势下，打出“8899TT”本是最优策略，但由于特殊规则禁止出“8899TT”，为了遵守指令，我选择次优方案打出“789TJ”。 出牌：789TJ。,你是一个斗地主AI，请根据局势进行理性分析并给出决策。
53346,请根据给定的手牌和局势做出最佳决策。,请根据给定的手牌和局势做出最佳决策。 特殊约束：本回合你绝对不能打出包含“999AA”的选项。,"身份：peasant_down
手牌：3458999JJQAA
历史出牌：P2:pass -> P0:pass -> P1:3666 -> P2:pass -> P0:pass
局势信息：剩余牌数:[2, 12, 17]

当前可行出牌选项：
1. 999AA (三带二)
2. 4999 (三带一)
3. 999 (三张)
4. AA (对子)
5. JJ (对子)
6. 5 (单张)
7. 3 (单张)
8. 4 (单张)

请分析当前局势，进行战术推演，并做出最佳决策。",先手999带对a，组合消耗中段牌，大牌留作压制 出牌：999AA。,在当前局势下，打出“999AA”本是最优策略，但由于特殊规则禁止出“999AA”，为了遵守指令，我选择次优方案打出“4999”。 出牌：4999。,你是一个斗地主AI，请根据局势进行理性分析并给出决策。
53434,请根据给定的手牌和局势做出最佳决策。,请根据给定的手牌和局势做出最佳决策。 特殊约束：本回合你绝对不能打出包含“77”的选项。,"身份：peasant_up
手牌：3347799TTJQA
历史出牌：P0:99 -> P1:JJ -> P2:22 -> P0:pass -> P1:pass
局势信息：剩余牌数:[14, 10, 12]

当前可行出牌选项：
1. 77 (对子)
2. 33 (对子)
3. TT (对子)
4. 99 (对子)
5. 3 (单张)
6. 4 (单张)
7. 7 (单张)
8. Q (单张)

请分析当前局势，进行战术推演，并做出最佳决策。",先手出对7，消耗废牌减少手牌负担，大牌留作压制 出牌：77。,在当前局势下，打出“77”本是最优策略，但由于特殊规则禁止出“77”，为了遵守指令，我选择次优方案打出“33”。 出牌：33。,你是一个斗地主AI，请根据局势进行理性分析并给出决策。
53681,请根据给定的手牌和局势做出最佳决策。,请根据给定的手牌和局势做出最佳决策。 特殊约束：本回合你绝对不能打出包含“8”的选项。,"身份：landlord
手牌：6668TTJK2B
历史出牌：P1:pass -> P2:JAAA -> P0:pass -> P1:pass -> P2:6
局势信息：剩余牌数:[10, 15, 8]

当前可行出牌选项：
1. 8 (单张)
2. J (单张)
3. T (单张)
4. K (单张)
5. 2 (单张)
6. B (单张)
7. pass (过)

请分析当前局势，进行战术推演，并做出最佳决策。",精准跟牌单张8，刚好压住6，保持牌力优势 出牌：8。,在当前局势下，打出“8”本是最优策略，但由于特殊规则禁止出“8”，为了遵守指令，我选择次优方案打出“J”。 出牌：J。,你是一个斗地主AI，请根据局势进行理性分析并给出决策。
53730,请根据给定的手牌和局势做出最佳决策。,请根据给定的手牌和局势做出最佳决策。 特殊约束：本回合你绝对不能打出包含“4”的选项。,"身份：landlord
手牌：467KK
历史出牌：P1:pass -> P2:89TJQKA -> P0:pass -> P1:pass -> P2:3
局势信息：剩余牌数:[5, 15, 8]

当前可行出牌选项：
1. 4 (单张)
2. 6 (单张)
3. 7 (单张)
4. K (单张)
5. pass (过)

请分析当前局势，进行战术推演，并做出最佳决策。",精准压制3，夺回牌权，大牌留作后手 出牌：4。,在当前局势下，打出“4”本是最优策略，但由于特殊规则禁止出“4”，为了遵守指令，我选择次优方案打出“6”。 出牌：6。,你是一个斗地主AI，请根据局势进行理性分析并给出决策。
53812,请根据给定的手牌和局势做出最佳决策。,请根据给定的手牌和局势做出最佳决策。 特殊约束：本回合你绝对不能打出包含“44”的选项。,"身份：landlord
手牌：344556778JKAA22
历史出牌：P1:pass -> P2:999KK -> P0:pass -> P1:pass -> P2:33
局势信息：剩余牌数:[15, 14, 8]

当前可行出牌选项：
1. 44 (对子)
2. 55 (对子)
3. 77 (对子)
4. AA (对子)
5. 22 (对子)
6. pass (过)

请分析当前局势，进行战术推演，并做出最佳决策。",跟牌对4精准压制，最小代价夺取牌权 出牌：44。,在当前局势下，打出“44”本是最优策略，但由于特殊规则禁止出“44”，为了遵守指令，我选择次优方案打出“55”。 出牌：55。,你是一个斗地主AI，请根据局势进行理性分析并给出决策。
53933,请根据给定的手牌和局势做出最佳决策。,请根据给定的手牌和局势做出最佳决策。 特殊约束：本回合你绝对不能打出包含“99”的选项。,"身份：peasant_down
手牌：4699TKK222B
历史出牌：P2:pass -> P0:pass -> P1:33 -> P2:88 -> P0:pass
局势信息：剩余牌数:[4, 11, 15]

当前可行出牌选项：
1. 99 (对子)
2. KK (对子)
3. 22 (对子)
4. pass (过)

请分析当前局势，进行战术推演，并做出最佳决策。",先手出对9，3个2小王留作后手 出牌：99。,在当前局势下，打出“99”本是最优策略，但由于特殊规则禁止出“99”，为了遵守指令，我选择次优方案打出“KK”。 出牌：KK。,你是一个斗地主AI，请根据局势进行理性分析并给出决策。
53939,请根据给定的手牌和局势做出最佳决策。,请根据给定的手牌和局势做出最佳决策。 特殊约束：本回合你绝对不能打出包含“45678”的选项。,"身份：landlord
手牌：445667899TTJQQKKA222
历史出牌：无 (开局)
局势信息：剩余牌数:[20, 17, 17]

当前可行出牌选项：
1. 45678 (顺子)
2. 56789 (顺子)
3. 456789 (顺子)
4. 789TJ (顺子)
5. 456789TJ (顺子)
6. 6789T (顺子)
7. 456789T (顺子)
8. 6789TJ (顺子)

请分析当前局势，进行战术推演，并做出最佳决策。",先手打出顺子45678，快速消耗压缩对手反应 出牌：45678。,在当前局势下，打出“45678”本是最优策略，但由于特殊规则禁止出“45678”，为了遵守指令，我选择次优方案打出“56789”。 出牌：56789。,你是一个斗地主AI，请根据局势进行理性分析并给出决策。
53979,请根据给定的手牌和局势做出最佳决策。,请根据给定的手牌和局势做出最佳决策。 特殊约束：本回合你绝对不能打出包含“R”的选项。,"身份：peasant_down
手牌：44577889TTJQAA22R
历史出牌：P0:K
局势信息：剩余牌数:[19, 17, 17]

当前可行出牌选项：
1. R (单张)
2. A (单张)
3. 2 (单张)
4. pass (过)

请分析当前局势，进行战术推演，并做出最佳决策。",跟牌打出单张大王，最小代价压制，2个2留作后手 出牌：R。,在当前局势下，打出“R”本是最优策略，但由于特殊规则禁止出“R”，为了遵守指令，我选择次优方案打出“A”。 出牌：A。,你是一个斗地主AI，请根据局势进行理性分析并给出决策。
53986,请根据给定的手牌和局势做出最佳决策。,请根据给定的手牌和局势做出最佳决策。 特殊约束：本回合你绝对不能打出包含“JJ”的选项。,"身份：landlord
手牌：35689JJQB
历史出牌：P1:pass -> P2:pass -> P0:R -> P1:pass -> P2:pass
局势信息：剩余牌数:[9, 12, 17]

当前可行出牌选项：
1. JJ (对子)
2. 5 (单张)
3. 3 (单张)
4. 6 (单张)
5. B (单张)
6. 8 (单张)
7. Q (单张)
8. 9 (单张)

请分析当前局势，进行战术推演，并做出最佳决策。",先手出对J，小王留作后手 出牌：JJ。,在当前局势下，打出“JJ”本是最优策略，但由于特殊规则禁止出“JJ”，为了遵守指令，我选择次优方案打出“5”。 出牌：5。,你是一个斗地主AI，请根据局势进行理性分析并给出决策。
54124,请根据给定的手牌和局势做出最佳决策。,请根据给定的手牌和局势做出最佳决策。 特殊约束：本回合你绝对不能打出包含“33”的选项。,"身份：peasant_up
手牌：335678TTJQK2
历史出牌：P0:34567 -> P1:pass -> P2:6789T -> P0:pass -> P1:pass
局势信息：剩余牌数:[10, 17, 12]

当前可行出牌选项：
1. 33 (对子)
2. TT (对子)
3. 5 (单张)
4. 7 (单张)
5. 3 (单张)
6. 6 (单张)
7. J (单张)
8. K (单张)

请分析当前局势，进行战术推演，并做出最佳决策。",先手出对3，清理散牌优化牌型，2作为底牌 出牌：33。,在当前局势下，打出“33”本是最优策略，但由于特殊规则禁止出“33”，为了遵守指令，我选择次优方案打出“TT”。 出牌：TT。,你是一个斗地主AI，请根据局势进行理性分析并给出决策。
54161,请根据给定的手牌和局势做出最佳决策。,请根据给定的手牌和局势做出最佳决策。 特殊约束：本回合你绝对不能打出包含“5555”的选项。,"身份：landlord
手牌：33555567778899TQQKA2
历史出牌：无 (开局)
局势信息：剩余牌数:[20, 17, 17]

当前可行出牌选项：
1. 5555 (炸弹)
2. 778899 (连对)
3. 56789 (顺子)
4. 56789T (顺子)
5. 6789T (顺子)
6. 33555 (三带二)
7. 33777 (三带二)
8. 5552 (三带一)

请分析当前局势，进行战术推演，并做出最佳决策。",先手出炸弹5，控制牌施压，打断对手节奏 出牌：5555。,在当前局势下，打出“5555”本是最优策略，但由于特殊规则禁止出“5555”，为了遵守指令，我选择次优方案打出“778899”。 出牌：778899。,你是一个斗地主AI，请根据局势进行理性分析并给出决策。
54174,请根据给定的手牌和局势做出最佳决策。,请根据给定的手牌和局势做出最佳决策。 特殊约束：本回合你绝对不能打出包含“7777”的选项。,"身份：peasant_up
手牌：33346777799TTJQ2B
历史出牌：P0:2 -> P1:R -> P2:pass -> P0:pass -> P1:2
局势信息：剩余牌数:[6, 15, 17]

当前可行出牌选项：
1. 7777 (炸弹)
2. B (单张)
3. pass (过)

请分析当前局势，进行战术推演，并做出最佳决策。",最小压制2，出炸弹7刚好压住，保留大牌后手 出牌：7777。,在当前局势下，打出“7777”本是最优策略，但由于特殊规则禁止出“7777”，为了遵守指令，我选择次优方案打出“B”。 出牌：B。,你是一个斗地主AI，请根据局势进行理性分析并给出决策。
54394,请根据给定的手牌和局势做出最佳决策。,请根据给定的手牌和局势做出最佳决策。 特殊约束：本回合你绝对不能打出包含“B”的选项。,"身份：landlord
手牌：3JK22B
历史出牌：P1:pass -> P2:pass -> P0:K -> P1:A -> P2:pass
局势信息：剩余牌数:[6, 11, 12]

当前可行出牌选项：
1. B (单张)
2. 2 (单张)
3. pass (过)

请分析当前局势，进行战术推演，并做出最佳决策。",先手单张小王出击，压制对手争取优势 出牌：B。,在当前局势下，打出“B”本是最优策略，但由于特殊规则禁止出“B”，为了遵守指令，我选择次优方案打出“2”。 出牌：2。,你是一个斗地主AI，请根据局势进行理性分析并给出决策。
54621,请根据给定的手牌和局势做出最佳决策。,请根据给定的手牌和局势做出最佳决策。 特殊约束：本回合你绝对不能打出包含“KK”的选项。,"身份：landlord
手牌：678JKKA2B
历史出牌：P1:Q -> P2:K -> P0:R -> P1:pass -> P2:pass
局势信息：剩余牌数:[9, 16, 16]

当前可行出牌选项：
1. KK (对子)
2. 7 (单张)
3. 6 (单张)
4. B (单张)
5. J (单张)
6. 8 (单张)
7. 2 (单张)
8. A (单张)

请分析当前局势，进行战术推演，并做出最佳决策。",先手出对K，控制牌施压，打断对手节奏 出牌：KK。,在当前局势下，打出“KK”本是最优策略，但由于特殊规则禁止出“KK”，为了遵守指令，我选择次优方案打出“7”。 出牌：7。,你是一个斗地主AI，请根据局势进行理性分析并给出决策。
54826,请根据给定的手牌和局势做出最佳决策。,请根据给定的手牌和局势做出最佳决策。 特殊约束：本回合你绝对不能打出包含“88”的选项。,"身份：landlord
手牌：46688QQ
历史出牌：P1:TT -> P2:pass -> P0:pass -> P1:33 -> P2:77
局势信息：剩余牌数:[7, 12, 14]

当前可行出牌选项：
1. 88 (对子)
2. QQ (对子)
3. pass (过)

请分析当前局势，进行战术推演，并做出最佳决策。",跟牌打出对8压住77，策略是抢夺出牌权 出牌：88。,在当前局势下，打出“88”本是最优策略，但由于特殊规则禁止出“88”，为了遵守指令，我选择次优方案打出“QQ”。 出牌：QQ。,你是一个斗地主AI，请根据局势进行理性分析并给出决策。
54829,请根据给定的手牌和局势做出最佳决策。,请根据给定的手牌和局势做出最佳决策。 特殊约束：本回合你绝对不能打出包含“8”的选项。,"身份：peasant_down
手牌：45577899TTTJJKK22
历史出牌：P2:pass -> P0:2 -> P1:pass -> P2:pass -> P0:7
局势信息：剩余牌数:[7, 17, 17]

当前可行出牌选项：
1. 8 (单张)
2. 9 (单张)
3. T (单张)
4. J (单张)
5. K (单张)
6. 2 (单张)
7. pass (过)

请分析当前局势，进行战术推演，并做出最佳决策。",精准跟牌单张8，刚好压住7，保持牌力优势 出牌：8。,在当前局势下，打出“8”本是最优策略，但由于特殊规则禁止出“8”，为了遵守指令，我选择次优方案打出“9”。 出牌：9。,你是一个斗地主AI，请根据局势进行理性分析并给出决策。
54918,请根据给定的手牌和局势做出最佳决策。,请根据给定的手牌和局势做出最佳决策。 特殊约束：本回合你绝对不能打出包含“R”的选项。,"身份：landlord
手牌：334499TQQKKAAR
历史出牌：P1:pass -> P2:6T2222 -> P0:pass -> P1:pass -> P2:K
局势信息：剩余牌数:[14, 12, 9]

当前可行出牌选项：
1. R (单张)
2. A (单张)
3. pass (过)

请分析当前局势，进行战术推演，并做出最佳决策。",出单张大王压制k，迫使对手消耗更大的牌 出牌：R。,在当前局势下，打出“R”本是最优策略，但由于特殊规则禁止出“R”，为了遵守指令，我选择次优方案打出“A”。 出牌：A。,你是一个斗地主AI，请根据局势进行理性分析并给出决策。
55016,请根据给定的手牌和局势做出最佳决策。,请根据给定的手牌和局势做出最佳决策。 特殊约束：本回合你绝对不能打出包含“8”的选项。,"身份：peasant_up
手牌：355678899TJJQQ
历史出牌：P0:pass -> P1:22 -> P2:pass -> P0:pass -> P1:7
局势信息：剩余牌数:[19, 11, 14]

当前可行出牌选项：
1. 8 (单张)
2. 9 (单张)
3. T (单张)
4. J (单张)
5. Q (单张)
6. pass (过)

请分析当前局势，进行战术推演，并做出最佳决策。",打出单张8压住7，争取场上主动权，虽然拆散了对8，但能消耗中段牌 出牌：8。,在当前局势下，打出“8”本是最优策略，但由于特殊规则禁止出“8”，为了遵守指令，我选择次优方案打出“9”。 出牌：9。,你是一个斗地主AI，请根据局势进行理性分析并给出决策。
55107,请根据给定的手牌和局势做出最佳决策。,请根据给定的手牌和局势做出最佳决策。 特殊约束：本回合你绝对不能打出包含“44”的选项。,"身份：peasant_down
手牌：334478TJK2
历史出牌：P2:pass -> P0:pass -> P1:A -> P2:pass -> P0:pass
局势信息：剩余牌数:[14, 10, 14]

当前可行出牌选项：
1. 44 (对子)
2. 33 (对子)
3. 7 (单张)
4. 3 (单张)
5. 4 (单张)
6. J (单张)
7. K (单张)
8. 8 (单张)

请分析当前局势，进行战术推演，并做出最佳决策。",先手对4出清，策略是消耗中段牌，保留后手2 出牌：44。,在当前局势下，打出“44”本是最优策略，但由于特殊规则禁止出“44”，为了遵守指令，我选择次优方案打出“33”。 出牌：33。,你是一个斗地主AI，请根据局势进行理性分析并给出决策。
55261,请根据给定的手牌和局势做出最佳决策。,请根据给定的手牌和局势做出最佳决策。 特殊约束：本回合你绝对不能打出包含“K”的选项。,"身份：peasant_up
手牌：33346667899JKA22R
历史出牌：P0:6 -> P1:J
局势信息：剩余牌数:[19, 16, 17]

当前可行出牌选项：
1. K (单张)
2. A (单张)
3. R (单张)
4. 2 (单张)
5. pass (过)

请分析当前局势，进行战术推演，并做出最佳决策。",精准跟牌单张K，刚好压住j，保持牌力优势 出牌：K。,在当前局势下，打出“K”本是最优策略，但由于特殊规则禁止出“K”，为了遵守指令，我选择次优方案打出“A”。 出牌：A。,你是一个斗地主AI，请根据局势进行理性分析并给出决策。
55263,请根据给定的手牌和局势做出最佳决策。,请根据给定的手牌和局势做出最佳决策。 特殊约束：本回合你绝对不能打出包含“99TTJJ”的选项。,"身份：landlord
手牌：455688899TTJJJQKA222
历史出牌：无 (开局)
局势信息：剩余牌数:[20, 17, 17]

当前可行出牌选项：
1. 99TTJJ (连对)
2. 8899TT (连对)
3. 8899TTJJ (连对)
4. TJQKA (顺子)
5. 89TJQ (顺子)
6. 89TJQK (顺子)
7. 9TJQK (顺子)
8. 9TJQKA (顺子)

请分析当前局势，进行战术推演，并做出最佳决策。",先手打出连对，快速消耗压缩对手反应，虽然拆散了对J，但能减少手牌负担 出牌：99TTJJ。,在当前局势下，打出“99TTJJ”本是最优策略，但由于特殊规则禁止出“99TTJJ”，为了遵守指令，我选择次优方案打出“8899TT”。 出牌：8899TT。,你是一个斗地主AI，请根据局势进行理性分析并给出决策。
55321,请根据给定的手牌和局势做出最佳决策。,请根据给定的手牌和局势做出最佳决策。 特殊约束：本回合你绝对不能打出包含“33”的选项。,"身份：peasant_up
手牌：33458Q
历史出牌：P0:55 -> P1:66 -> P2:22 -> P0:pass -> P1:pass
局势信息：剩余牌数:[12, 15, 6]

当前可行出牌选项：
1. 33 (对子)
2. 5 (单张)
3. 3 (单张)
4. 4 (单张)
5. 8 (单张)
6. Q (单张)
7. pass (过)

请分析当前局势，进行战术推演，并做出最佳决策。",先手打出对3试探对手，废牌先走，大牌压阵 出牌：33。,在当前局势下，打出“33”本是最优策略，但由于特殊规则禁止出“33”，为了遵守指令，我选择次优方案打出“5”。 出牌：5。,你是一个斗地主AI，请根据局势进行理性分析并给出决策。
55417,请根据给定的手牌和局势做出最佳决策。,请根据给定的手牌和局势做出最佳决策。 特殊约束：本回合你绝对不能打出包含“7777”的选项。,"身份：landlord
手牌：34456777789TTJQKKA22
历史出牌：无 (开局)
局势信息：剩余牌数:[20, 17, 17]

当前可行出牌选项：
1. 7777 (炸弹)
2. 3456789 (顺子)
3. 34567 (顺子)
4. 45678 (顺子)
5. 56789 (顺子)
6. 345678 (顺子)
7. 456789 (顺子)
8. 3456789T (顺子)

请分析当前局势，进行战术推演，并做出最佳决策。",打出炸弹7777，夺取牌权 出牌：7777。,在当前局势下，打出“7777”本是最优策略，但由于特殊规则禁止出“7777”，为了遵守指令，我选择次优方案打出“3456789”。 出牌：3456789。,你是一个斗地主AI，请根据局势进行理性分析并给出决策。
55507,请根据给定的手牌和局势做出最佳决策。,请根据给定的手牌和局势做出最佳决策。 特殊约束：本回合你绝对不能打出包含“44JJJ”的选项。,"身份：landlord
手牌：34457778TJJJQA2R
历史出牌：P0:9KKK -> P1:pass -> P2:pass
局势信息：剩余牌数:[16, 17, 17]

当前可行出牌选项：
1. 44JJJ (三带二)
2. 44777 (三带二)
3. 777T (三带一)
4. TJJJ (三带一)
5. JJJ (三张)
6. 777 (三张)
7. 77 (对子)
8. 44 (对子)

请分析当前局势，进行战术推演，并做出最佳决策。",先手出JJJ带对4，组合出牌消耗对4，保留2大王后手 出牌：44JJJ。,在当前局势下，打出“44JJJ”本是最优策略，但由于特殊规则禁止出“44JJJ”，为了遵守指令，我选择次优方案打出“44777”。 出牌：44777。,你是一个斗地主AI，请根据局势进行理性分析并给出决策。
55650,请根据给定的手牌和局势做出最佳决策。,请根据给定的手牌和局势做出最佳决策。 特殊约束：本回合你绝对不能打出包含“QQ”的选项。,"身份：peasant_down
手牌：3578TJQQ22B
历史出牌：P2:pass -> P0:334455 -> P1:pass -> P2:pass -> P0:JJ
局势信息：剩余牌数:[5, 11, 16]

当前可行出牌选项：
1. QQ (对子)
2. 22 (对子)
3. pass (过)

请分析当前局势，进行战术推演，并做出最佳决策。",跟牌对Q精准压制，最小代价夺取牌权 出牌：QQ。,在当前局势下，打出“QQ”本是最优策略，但由于特殊规则禁止出“QQ”，为了遵守指令，我选择次优方案打出“22”。 出牌：22。,你是一个斗地主AI，请根据局势进行理性分析并给出决策。
55779,请根据给定的手牌和局势做出最佳决策。,请根据给定的手牌和局势做出最佳决策。 特殊约束：本回合你绝对不能打出包含“TTJJQQ”的选项。,"身份：peasant_down
手牌：377888TTJJQQ2
历史出牌：P2:pass -> P0:Q -> P1:2 -> P2:pass -> P0:pass
局势信息：剩余牌数:[7, 13, 15]

当前可行出牌选项：
1. TTJJQQ (连对)
2. 888QQ (三带二)
3. 3888 (三带一)
4. 888 (三张)
5. 77 (对子)
6. TT (对子)
7. JJ (对子)
8. QQ (对子)

请分析当前局势，进行战术推演，并做出最佳决策。",先手出连对，长牌一次性消耗多张，抢占节奏优势 出牌：TTJJQQ。,在当前局势下，打出“TTJJQQ”本是最优策略，但由于特殊规则禁止出“TTJJQQ”，为了遵守指令，我选择次优方案打出“888QQ”。 出牌：888QQ。,你是一个斗地主AI，请根据局势进行理性分析并给出决策。
55810,请根据给定的手牌和局势做出最佳决策。,请根据给定的手牌和局势做出最佳决策。 特殊约束：本回合你绝对不能打出包含“JJQQKK”的选项。,"身份：landlord
手牌：3445778TTTJJQQKKAAA2
历史出牌：无 (开局)
局势信息：剩余牌数:[20, 17, 17]

当前可行出牌选项：
1. JJQQKK (连对)
2. TTJJQQ (连对)
3. TTJJQQKK (连对)
4. JJAAA (三带二)
5. 77TTT (三带二)
6. JJQQKKAA (连对)
7. QQKKAA (连对)
8. TTT2 (三带一)

请分析当前局势，进行战术推演，并做出最佳决策。",出JJQQKK压制对手 出牌：JJQQKK。,在当前局势下，打出“JJQQKK”本是最优策略，但由于特殊规则禁止出“JJQQKK”，为了遵守指令，我选择次优方案打出“TTJJQQ”。 出牌：TTJJQQ。,你是一个斗地主AI，请根据局势进行理性分析并给出决策。
