layer,head,head_id,orig_lora,ablated_lora,ce_lora,source_csv_lora,orig_base,ablated_base,ce_base,source_csv_base,delta_ce,layer_bin
0,22,0-22,4.371394852797191,-3.329530874888102,7.700925727685293,C:\Users\Farshelina\desktop\causal_results\causal_results\qwen25_lora_scan_v5_layers_0_6\head_scan_Qwen2___5-7B_Qwen2.5-7B-LoRA-doudizhu-v2.csv,1.390710671742757,0.7517865498860677,0.6389241218566893,C:\Users\Farshelina\desktop\causal_results\causal_results\qwen25_base_scan_v5_layers_0_6\head_scan_Qwen2___5-7B_base.csv,7.062001605828604,0-6
0,24,0-24,4.371394852797191,-3.804606755574544,8.176001608371735,C:\Users\Farshelina\desktop\causal_results\causal_results\qwen25_lora_scan_v5_layers_0_6\head_scan_Qwen2___5-7B_Qwen2.5-7B-LoRA-doudizhu-v2.csv,1.390710671742757,-0.114020029703776,1.5047307014465332,C:\Users\Farshelina\desktop\causal_results\causal_results\qwen25_base_scan_v5_layers_0_6\head_scan_Qwen2___5-7B_base.csv,6.671270906925201,0-6
0,26,0-26,4.371394852797191,-1.8524742126464844,6.223869065443675,C:\Users\Farshelina\desktop\causal_results\causal_results\qwen25_lora_scan_v5_layers_0_6\head_scan_Qwen2___5-7B_Qwen2.5-7B-LoRA-doudizhu-v2.csv,1.390710671742757,-0.2808562914530436,1.6715669631958008,C:\Users\Farshelina\desktop\causal_results\causal_results\qwen25_base_scan_v5_layers_0_6\head_scan_Qwen2___5-7B_base.csv,4.552302102247874,0-6
0,23,0-23,4.371394852797191,0.1922279198964437,4.179166932900747,C:\Users\Farshelina\desktop\causal_results\causal_results\qwen25_lora_scan_v5_layers_0_6\head_scan_Qwen2___5-7B_Qwen2.5-7B-LoRA-doudizhu-v2.csv,1.390710671742757,0.2076988220214843,1.1830118497212727,C:\Users\Farshelina\desktop\causal_results\causal_results\qwen25_base_scan_v5_layers_0_6\head_scan_Qwen2___5-7B_base.csv,2.9961550831794748,0-6
0,15,0-15,4.371394852797191,0.9617826143900552,3.4096122384071355,C:\Users\Farshelina\desktop\causal_results\causal_results\qwen25_lora_scan_v5_layers_0_6\head_scan_Qwen2___5-7B_Qwen2.5-7B-LoRA-doudizhu-v2.csv,1.390710671742757,0.4670689900716145,0.9236416816711426,C:\Users\Farshelina\desktop\causal_results\causal_results\qwen25_base_scan_v5_layers_0_6\head_scan_Qwen2___5-7B_base.csv,2.485970556735993,0-6
20,21,20-21,4.371394852797191,2.192450046539306,2.178944806257884,C:\Users\Farshelina\desktop\causal_results\causal_results\qwen25_lora_scan_v5_layers_14_20\head_scan_Qwen2___5-7B_Qwen2.5-7B-LoRA-doudizhu-v2.csv,1.390710671742757,1.3127890427907307,0.0779216289520263,C:\Users\Farshelina\desktop\causal_results\causal_results\qwen25_base_scan_v5_layers_14_20\head_scan_Qwen2___5-7B_base.csv,2.1010231773058576,14-20
18,18,18-18,4.371394852797191,1.751678645610809,2.6197162071863813,C:\Users\Farshelina\desktop\causal_results\causal_results\qwen25_lora_scan_v5_layers_14_20\head_scan_Qwen2___5-7B_Qwen2.5-7B-LoRA-doudizhu-v2.csv,1.390710671742757,0.8263808886210123,0.5643297831217448,C:\Users\Farshelina\desktop\causal_results\causal_results\qwen25_base_scan_v5_layers_14_20\head_scan_Qwen2___5-7B_base.csv,2.0553864240646367,14-20
11,22,11-22,4.371394852797191,2.2093070844809213,2.1620877683162694,C:\Users\Farshelina\desktop\causal_results\causal_results\qwen25_lora_scan_v5_layers_7_13\head_scan_Qwen2___5-7B_Qwen2.5-7B-LoRA-doudizhu-v2.csv,1.390710671742757,1.2746280034383135,0.1160826683044433,C:\Users\Farshelina\desktop\causal_results\causal_results\qwen25_base_scan_v5_layers_7_13\head_scan_Qwen2___5-7B_base.csv,2.046005100011826,7-13
10,14,10-14,4.371394852797191,2.550685942173004,1.8207089106241865,C:\Users\Farshelina\desktop\causal_results\causal_results\qwen25_lora_scan_v5_layers_7_13\head_scan_Qwen2___5-7B_Qwen2.5-7B-LoRA-doudizhu-v2.csv,1.390710671742757,1.3156462510426838,0.0750644207000732,C:\Users\Farshelina\desktop\causal_results\causal_results\qwen25_base_scan_v5_layers_7_13\head_scan_Qwen2___5-7B_base.csv,1.7456444899241133,7-13
19,0,19-0,4.371394852797191,3.091661592324575,1.2797332604726157,C:\Users\Farshelina\desktop\causal_results\causal_results\qwen25_lora_scan_v5_layers_14_20\head_scan_Qwen2___5-7B_Qwen2.5-7B-LoRA-doudizhu-v2.csv,1.390710671742757,1.7059625784556072,-0.3152519067128501,C:\Users\Farshelina\desktop\causal_results\causal_results\qwen25_base_scan_v5_layers_14_20\head_scan_Qwen2___5-7B_base.csv,1.5949851671854658,14-20
8,24,8-24,4.371394852797191,2.628536025683085,1.7428588271141057,C:\Users\Farshelina\desktop\causal_results\causal_results\qwen25_lora_scan_v5_layers_7_13\head_scan_Qwen2___5-7B_Qwen2.5-7B-LoRA-doudizhu-v2.csv,1.390710671742757,1.1445619265238445,0.2461487452189126,C:\Users\Farshelina\desktop\causal_results\causal_results\qwen25_base_scan_v5_layers_7_13\head_scan_Qwen2___5-7B_base.csv,1.496710081895193,7-13
0,11,0-11,4.371394852797191,3.281230499347051,1.0901643534501395,C:\Users\Farshelina\desktop\causal_results\causal_results\qwen25_lora_scan_v5_layers_0_6\head_scan_Qwen2___5-7B_Qwen2.5-7B-LoRA-doudizhu-v2.csv,1.390710671742757,1.6685736179351809,-0.2778629461924236,C:\Users\Farshelina\desktop\causal_results\causal_results\qwen25_base_scan_v5_layers_0_6\head_scan_Qwen2___5-7B_base.csv,1.368027299642563,0-6
18,25,18-25,4.371394852797191,3.556181450684865,0.8152134021123252,C:\Users\Farshelina\desktop\causal_results\causal_results\qwen25_lora_scan_v5_layers_14_20\head_scan_Qwen2___5-7B_Qwen2.5-7B-LoRA-doudizhu-v2.csv,1.390710671742757,1.8491548697153728,-0.4584441979726157,C:\Users\Farshelina\desktop\causal_results\causal_results\qwen25_base_scan_v5_layers_14_20\head_scan_Qwen2___5-7B_base.csv,1.2736576000849409,14-20
0,1,0-1,4.371394852797191,1.5072867075602214,2.864108145236969,C:\Users\Farshelina\desktop\causal_results\causal_results\qwen25_lora_scan_v5_layers_0_6\head_scan_Qwen2___5-7B_Qwen2.5-7B-LoRA-doudizhu-v2.csv,1.390710671742757,-0.2556525866190592,1.6463632583618164,C:\Users\Farshelina\desktop\causal_results\causal_results\qwen25_base_scan_v5_layers_0_6\head_scan_Qwen2___5-7B_base.csv,1.2177448868751526,0-6
16,5,16-5,4.371394852797191,3.182494193315506,1.1889006594816849,C:\Users\Farshelina\desktop\causal_results\causal_results\qwen25_lora_scan_v5_layers_14_20\head_scan_Qwen2___5-7B_Qwen2.5-7B-LoRA-doudizhu-v2.csv,1.390710671742757,1.395579179128011,-0.0048685073852539,C:\Users\Farshelina\desktop\causal_results\causal_results\qwen25_base_scan_v5_layers_14_20\head_scan_Qwen2___5-7B_base.csv,1.1937691668669388,14-20
6,8,6-8,4.371394852797191,3.1985963185628257,1.172798534234365,C:\Users\Farshelina\desktop\causal_results\causal_results\qwen25_lora_scan_v5_layers_0_6\head_scan_Qwen2___5-7B_Qwen2.5-7B-LoRA-doudizhu-v2.csv,1.390710671742757,1.3767348130544026,0.0139758586883544,C:\Users\Farshelina\desktop\causal_results\causal_results\qwen25_base_scan_v5_layers_0_6\head_scan_Qwen2___5-7B_base.csv,1.1588226755460105,0-6
7,9,7-9,4.371394852797191,3.008925259113312,1.3624695936838789,C:\Users\Farshelina\desktop\causal_results\causal_results\qwen25_lora_scan_v5_layers_7_13\head_scan_Qwen2___5-7B_Qwen2.5-7B-LoRA-doudizhu-v2.csv,1.390710671742757,1.1688283284505208,0.2218823432922363,C:\Users\Farshelina\desktop\causal_results\causal_results\qwen25_base_scan_v5_layers_7_13\head_scan_Qwen2___5-7B_base.csv,1.1405872503916423,7-13
13,7,13-7,4.371394852797191,3.304602831602097,1.066792021195094,C:\Users\Farshelina\desktop\causal_results\causal_results\qwen25_lora_scan_v5_layers_7_13\head_scan_Qwen2___5-7B_Qwen2.5-7B-LoRA-doudizhu-v2.csv,1.390710671742757,1.454323927561442,-0.063613255818685,C:\Users\Farshelina\desktop\causal_results\causal_results\qwen25_base_scan_v5_layers_7_13\head_scan_Qwen2___5-7B_base.csv,1.1304052770137791,7-13
14,16,14-16,4.371394852797191,3.381264865398407,0.9901299873987836,C:\Users\Farshelina\desktop\causal_results\causal_results\qwen25_lora_scan_v5_layers_14_20\head_scan_Qwen2___5-7B_Qwen2.5-7B-LoRA-doudizhu-v2.csv,1.390710671742757,1.5154136816660564,-0.1247030099232993,C:\Users\Farshelina\desktop\causal_results\causal_results\qwen25_base_scan_v5_layers_14_20\head_scan_Qwen2___5-7B_base.csv,1.114832997322083,14-20
15,6,15-6,4.371394852797191,3.0899251103401184,1.2814697424570722,C:\Users\Farshelina\desktop\causal_results\causal_results\qwen25_lora_scan_v5_layers_14_20\head_scan_Qwen2___5-7B_Qwen2.5-7B-LoRA-doudizhu-v2.csv,1.390710671742757,1.2144144376118975,0.1762962341308593,C:\Users\Farshelina\desktop\causal_results\causal_results\qwen25_base_scan_v5_layers_14_20\head_scan_Qwen2___5-7B_base.csv,1.1051735083262129,14-20
14,0,14-0,4.371394852797191,2.987190584341685,1.3842042684555058,C:\Users\Farshelina\desktop\causal_results\causal_results\qwen25_lora_scan_v5_layers_14_20\head_scan_Qwen2___5-7B_Qwen2.5-7B-LoRA-doudizhu-v2.csv,1.390710671742757,1.1066434383392334,0.2840672334035237,C:\Users\Farshelina\desktop\causal_results\causal_results\qwen25_base_scan_v5_layers_14_20\head_scan_Qwen2___5-7B_base.csv,1.100137035051982,14-20
14,6,14-6,4.371394852797191,3.2721511721611023,1.0992436806360883,C:\Users\Farshelina\desktop\causal_results\causal_results\qwen25_lora_scan_v5_layers_14_20\head_scan_Qwen2___5-7B_Qwen2.5-7B-LoRA-doudizhu-v2.csv,1.390710671742757,1.3696946303049724,0.0210160414377846,C:\Users\Farshelina\desktop\causal_results\causal_results\qwen25_base_scan_v5_layers_14_20\head_scan_Qwen2___5-7B_base.csv,1.0782276391983037,14-20
15,20,15-20,4.371394852797191,3.079725682735443,1.2916691700617475,C:\Users\Farshelina\desktop\causal_results\causal_results\qwen25_lora_scan_v5_layers_14_20\head_scan_Qwen2___5-7B_Qwen2.5-7B-LoRA-doudizhu-v2.csv,1.390710671742757,1.1740607420603435,0.2166499296824136,C:\Users\Farshelina\desktop\causal_results\causal_results\qwen25_base_scan_v5_layers_14_20\head_scan_Qwen2___5-7B_base.csv,1.075019240379334,14-20
13,13,13-13,4.371394852797191,3.0069516201814017,1.364443232615789,C:\Users\Farshelina\desktop\causal_results\causal_results\qwen25_lora_scan_v5_layers_7_13\head_scan_Qwen2___5-7B_Qwen2.5-7B-LoRA-doudizhu-v2.csv,1.390710671742757,1.0957963466644287,0.2949143250783284,C:\Users\Farshelina\desktop\causal_results\causal_results\qwen25_base_scan_v5_layers_7_13\head_scan_Qwen2___5-7B_base.csv,1.0695289075374603,7-13
14,2,14-2,4.371394852797191,2.991116762161255,1.3802780906359358,C:\Users\Farshelina\desktop\causal_results\causal_results\qwen25_lora_scan_v5_layers_14_20\head_scan_Qwen2___5-7B_Qwen2.5-7B-LoRA-doudizhu-v2.csv,1.390710671742757,1.049428145090739,0.3412825266520181,C:\Users\Farshelina\desktop\causal_results\causal_results\qwen25_base_scan_v5_layers_14_20\head_scan_Qwen2___5-7B_base.csv,1.0389955639839177,14-20
19,17,19-17,4.371394852797191,3.434402426083883,0.9369924267133078,C:\Users\Farshelina\desktop\causal_results\causal_results\qwen25_lora_scan_v5_layers_14_20\head_scan_Qwen2___5-7B_Qwen2.5-7B-LoRA-doudizhu-v2.csv,1.390710671742757,1.489334265391032,-0.0986235936482748,C:\Users\Farshelina\desktop\causal_results\causal_results\qwen25_base_scan_v5_layers_14_20\head_scan_Qwen2___5-7B_base.csv,1.0356160203615827,14-20
13,26,13-26,4.371394852797191,3.3927929798762,0.9786018729209904,C:\Users\Farshelina\desktop\causal_results\causal_results\qwen25_lora_scan_v5_layers_7_13\head_scan_Qwen2___5-7B_Qwen2.5-7B-LoRA-doudizhu-v2.csv,1.390710671742757,1.4463303883870442,-0.0556197166442871,C:\Users\Farshelina\desktop\causal_results\causal_results\qwen25_base_scan_v5_layers_7_13\head_scan_Qwen2___5-7B_base.csv,1.0342215895652775,7-13
0,17,0-17,4.371394852797191,2.501052717367808,1.8703421354293828,C:\Users\Farshelina\desktop\causal_results\causal_results\qwen25_lora_scan_v5_layers_0_6\head_scan_Qwen2___5-7B_Qwen2.5-7B-LoRA-doudizhu-v2.csv,1.390710671742757,0.475512425104777,0.91519824663798,C:\Users\Farshelina\desktop\causal_results\causal_results\qwen25_base_scan_v5_layers_0_6\head_scan_Qwen2___5-7B_base.csv,0.9551438887914028,0-6
6,13,6-13,4.371394852797191,3.3175432980060577,1.053851554791133,C:\Users\Farshelina\desktop\causal_results\causal_results\qwen25_lora_scan_v5_layers_0_6\head_scan_Qwen2___5-7B_Qwen2.5-7B-LoRA-doudizhu-v2.csv,1.390710671742757,1.2860043048858645,0.1047063668568928,C:\Users\Farshelina\desktop\causal_results\causal_results\qwen25_base_scan_v5_layers_0_6\head_scan_Qwen2___5-7B_base.csv,0.94914518793424,0-6
7,27,7-27,4.371394852797191,3.235184987386068,1.1362098654111228,C:\Users\Farshelina\desktop\causal_results\causal_results\qwen25_lora_scan_v5_layers_7_13\head_scan_Qwen2___5-7B_Qwen2.5-7B-LoRA-doudizhu-v2.csv,1.390710671742757,1.20273224512736,0.187978426615397,C:\Users\Farshelina\desktop\causal_results\causal_results\qwen25_base_scan_v5_layers_7_13\head_scan_Qwen2___5-7B_base.csv,0.9482314387957258,7-13
16,16,16-16,4.371394852797191,3.3710581958293915,1.0003366569677992,C:\Users\Farshelina\desktop\causal_results\causal_results\qwen25_lora_scan_v5_layers_14_20\head_scan_Qwen2___5-7B_Qwen2.5-7B-LoRA-doudizhu-v2.csv,1.390710671742757,1.3100097974141438,0.0807008743286132,C:\Users\Farshelina\desktop\causal_results\causal_results\qwen25_base_scan_v5_layers_14_20\head_scan_Qwen2___5-7B_base.csv,0.919635782639186,14-20
17,24,17-24,4.371394852797191,3.0732616980870566,1.298133154710134,C:\Users\Farshelina\desktop\causal_results\causal_results\qwen25_lora_scan_v5_layers_14_20\head_scan_Qwen2___5-7B_Qwen2.5-7B-LoRA-doudizhu-v2.csv,1.390710671742757,0.999222199122111,0.3914884726206461,C:\Users\Farshelina\desktop\causal_results\causal_results\qwen25_base_scan_v5_layers_14_20\head_scan_Qwen2___5-7B_base.csv,0.906644682089488,14-20
9,5,9-5,4.371394852797191,3.4997101922829947,0.8716846605141959,C:\Users\Farshelina\desktop\causal_results\causal_results\qwen25_lora_scan_v5_layers_7_13\head_scan_Qwen2___5-7B_Qwen2.5-7B-LoRA-doudizhu-v2.csv,1.390710671742757,1.4112037022908528,-0.0204930305480957,C:\Users\Farshelina\desktop\causal_results\causal_results\qwen25_base_scan_v5_layers_7_13\head_scan_Qwen2___5-7B_base.csv,0.8921776910622916,7-13
13,25,13-25,4.371394852797191,3.410631150007248,0.9607637027899428,C:\Users\Farshelina\desktop\causal_results\causal_results\qwen25_lora_scan_v5_layers_7_13\head_scan_Qwen2___5-7B_Qwen2.5-7B-LoRA-doudizhu-v2.csv,1.390710671742757,1.320383866628011,0.0703268051147461,C:\Users\Farshelina\desktop\causal_results\causal_results\qwen25_base_scan_v5_layers_7_13\head_scan_Qwen2___5-7B_base.csv,0.8904368976751967,7-13
11,20,11-20,4.371394852797191,3.584656039873759,0.7867388129234318,C:\Users\Farshelina\desktop\causal_results\causal_results\qwen25_lora_scan_v5_layers_7_13\head_scan_Qwen2___5-7B_Qwen2.5-7B-LoRA-doudizhu-v2.csv,1.390710671742757,1.4707050323486328,-0.0799943606058757,C:\Users\Farshelina\desktop\causal_results\causal_results\qwen25_base_scan_v5_layers_7_13\head_scan_Qwen2___5-7B_base.csv,0.8667331735293076,7-13
5,12,5-12,4.371394852797191,3.426731755336126,0.9446630974610648,C:\Users\Farshelina\desktop\causal_results\causal_results\qwen25_lora_scan_v5_layers_0_6\head_scan_Qwen2___5-7B_Qwen2.5-7B-LoRA-doudizhu-v2.csv,1.390710671742757,1.2743717034657795,0.1163389682769775,C:\Users\Farshelina\desktop\causal_results\causal_results\qwen25_base_scan_v5_layers_0_6\head_scan_Qwen2___5-7B_base.csv,0.8283241291840873,0-6
12,24,12-24,4.371394852797191,3.461972077687581,0.9094227751096092,C:\Users\Farshelina\desktop\causal_results\causal_results\qwen25_lora_scan_v5_layers_7_13\head_scan_Qwen2___5-7B_Qwen2.5-7B-LoRA-doudizhu-v2.csv,1.390710671742757,1.2930917739868164,0.0976188977559406,C:\Users\Farshelina\desktop\causal_results\causal_results\qwen25_base_scan_v5_layers_7_13\head_scan_Qwen2___5-7B_base.csv,0.8118038773536687,7-13
5,3,5-3,4.371394852797191,3.737663825352987,0.6337310274442038,C:\Users\Farshelina\desktop\causal_results\causal_results\qwen25_lora_scan_v5_layers_0_6\head_scan_Qwen2___5-7B_Qwen2.5-7B-LoRA-doudizhu-v2.csv,1.390710671742757,1.5566987196604412,-0.165988047917684,C:\Users\Farshelina\desktop\causal_results\causal_results\qwen25_base_scan_v5_layers_0_6\head_scan_Qwen2___5-7B_base.csv,0.7997190753618879,0-6
14,27,14-27,4.371394852797191,3.772798200448354,0.5985966523488364,C:\Users\Farshelina\desktop\causal_results\causal_results\qwen25_lora_scan_v5_layers_14_20\head_scan_Qwen2___5-7B_Qwen2.5-7B-LoRA-doudizhu-v2.csv,1.390710671742757,1.5874212582906086,-0.1967105865478515,C:\Users\Farshelina\desktop\causal_results\causal_results\qwen25_base_scan_v5_layers_14_20\head_scan_Qwen2___5-7B_base.csv,0.795307238896688,14-20
12,11,12-11,4.371394852797191,3.6809043188889823,0.6904905339082084,C:\Users\Farshelina\desktop\causal_results\causal_results\qwen25_lora_scan_v5_layers_7_13\head_scan_Qwen2___5-7B_Qwen2.5-7B-LoRA-doudizhu-v2.csv,1.390710671742757,1.4757622083028157,-0.0850515365600586,C:\Users\Farshelina\desktop\causal_results\causal_results\qwen25_base_scan_v5_layers_7_13\head_scan_Qwen2___5-7B_base.csv,0.775542070468267,7-13
3,11,3-11,4.371394852797191,3.832711855570475,0.5386829972267155,C:\Users\Farshelina\desktop\causal_results\causal_results\qwen25_lora_scan_v5_layers_0_6\head_scan_Qwen2___5-7B_Qwen2.5-7B-LoRA-doudizhu-v2.csv,1.390710671742757,1.58346954981486,-0.192758878072103,C:\Users\Farshelina\desktop\causal_results\causal_results\qwen25_base_scan_v5_layers_0_6\head_scan_Qwen2___5-7B_base.csv,0.7314418752988185,0-6
13,3,13-3,4.371394852797191,3.541897932688395,0.8294969201087956,C:\Users\Farshelina\desktop\causal_results\causal_results\qwen25_lora_scan_v5_layers_7_13\head_scan_Qwen2___5-7B_Qwen2.5-7B-LoRA-doudizhu-v2.csv,1.390710671742757,1.2875027656555176,0.1032079060872395,C:\Users\Farshelina\desktop\causal_results\causal_results\qwen25_base_scan_v5_layers_7_13\head_scan_Qwen2___5-7B_base.csv,0.7262890140215561,7-13
11,19,11-19,4.371394852797191,3.684790929158529,0.6866039236386619,C:\Users\Farshelina\desktop\causal_results\causal_results\qwen25_lora_scan_v5_layers_7_13\head_scan_Qwen2___5-7B_Qwen2.5-7B-LoRA-doudizhu-v2.csv,1.390710671742757,1.414442777633667,-0.0237321058909099,C:\Users\Farshelina\desktop\causal_results\causal_results\qwen25_base_scan_v5_layers_7_13\head_scan_Qwen2___5-7B_base.csv,0.7103360295295718,7-13
14,12,14-12,4.371394852797191,3.482506444056829,0.8888884087403617,C:\Users\Farshelina\desktop\causal_results\causal_results\qwen25_lora_scan_v5_layers_14_20\head_scan_Qwen2___5-7B_Qwen2.5-7B-LoRA-doudizhu-v2.csv,1.390710671742757,1.2038379510243733,0.1868727207183838,C:\Users\Farshelina\desktop\causal_results\causal_results\qwen25_base_scan_v5_layers_14_20\head_scan_Qwen2___5-7B_base.csv,0.7020156880219779,14-20
0,19,0-19,4.371394852797191,3.13509335120519,1.2363015015920005,C:\Users\Farshelina\desktop\causal_results\causal_results\qwen25_lora_scan_v5_layers_0_6\head_scan_Qwen2___5-7B_Qwen2.5-7B-LoRA-doudizhu-v2.csv,1.390710671742757,0.8456514676411947,0.5450592041015624,C:\Users\Farshelina\desktop\causal_results\causal_results\qwen25_base_scan_v5_layers_0_6\head_scan_Qwen2___5-7B_base.csv,0.6912422974904381,0-6
22,1,22-1,4.371394852797191,3.7651755114396415,0.6062193413575492,C:\Users\Farshelina\desktop\causal_results\causal_results\qwen25_lora_scan_v5_layers_21_27\head_scan_Qwen2___5-7B_Qwen2.5-7B-LoRA-doudizhu-v2.csv,1.390710671742757,1.4736414750417073,-0.0829308032989502,C:\Users\Farshelina\desktop\causal_results\causal_results\qwen25_base_scan_v5_layers_21_27\head_scan_Qwen2___5-7B_base.csv,0.6891501446564994,21-27
14,19,14-19,4.371394852797191,3.5604175329208374,0.8109773198763532,C:\Users\Farshelina\desktop\causal_results\causal_results\qwen25_lora_scan_v5_layers_14_20\head_scan_Qwen2___5-7B_Qwen2.5-7B-LoRA-doudizhu-v2.csv,1.390710671742757,1.2653392155965169,0.1253714561462402,C:\Users\Farshelina\desktop\causal_results\causal_results\qwen25_base_scan_v5_layers_14_20\head_scan_Qwen2___5-7B_base.csv,0.685605863730113,14-20
4,11,4-11,4.371394852797191,3.630935609340668,0.7404592434565229,C:\Users\Farshelina\desktop\causal_results\causal_results\qwen25_lora_scan_v5_layers_0_6\head_scan_Qwen2___5-7B_Qwen2.5-7B-LoRA-doudizhu-v2.csv,1.390710671742757,1.3328765233357749,0.0578341484069824,C:\Users\Farshelina\desktop\causal_results\causal_results\qwen25_base_scan_v5_layers_0_6\head_scan_Qwen2___5-7B_base.csv,0.6826250950495405,0-6
13,10,13-10,4.371394852797191,3.4783975481987,0.8929973045984907,C:\Users\Farshelina\desktop\causal_results\causal_results\qwen25_lora_scan_v5_layers_7_13\head_scan_Qwen2___5-7B_Qwen2.5-7B-LoRA-doudizhu-v2.csv,1.390710671742757,1.173651377360026,0.2170592943827309,C:\Users\Farshelina\desktop\causal_results\causal_results\qwen25_base_scan_v5_layers_7_13\head_scan_Qwen2___5-7B_base.csv,0.6759380102157598,7-13
12,4,12-4,4.371394852797191,3.713422477245331,0.6579723755518598,C:\Users\Farshelina\desktop\causal_results\causal_results\qwen25_lora_scan_v5_layers_7_13\head_scan_Qwen2___5-7B_Qwen2.5-7B-LoRA-doudizhu-v2.csv,1.390710671742757,1.4008489449818928,-0.0101382732391357,C:\Users\Farshelina\desktop\causal_results\causal_results\qwen25_base_scan_v5_layers_7_13\head_scan_Qwen2___5-7B_base.csv,0.6681106487909956,7-13
3,10,3-10,4.371394852797191,3.676085442304611,0.6953094104925794,C:\Users\Farshelina\desktop\causal_results\causal_results\qwen25_lora_scan_v5_layers_0_6\head_scan_Qwen2___5-7B_Qwen2.5-7B-LoRA-doudizhu-v2.csv,1.390710671742757,1.3508065541585286,0.0399041175842285,C:\Users\Farshelina\desktop\causal_results\causal_results\qwen25_base_scan_v5_layers_0_6\head_scan_Qwen2___5-7B_base.csv,0.6554052929083509,0-6
14,7,14-7,4.371394852797191,3.818553149700165,0.5528417030970258,C:\Users\Farshelina\desktop\causal_results\causal_results\qwen25_lora_scan_v5_layers_14_20\head_scan_Qwen2___5-7B_Qwen2.5-7B-LoRA-doudizhu-v2.csv,1.390710671742757,1.46269957224528,-0.0719889005025229,C:\Users\Farshelina\desktop\causal_results\causal_results\qwen25_base_scan_v5_layers_14_20\head_scan_Qwen2___5-7B_base.csv,0.6248306035995488,14-20
3,8,3-8,4.371394852797191,3.687473376592001,0.6839214762051902,C:\Users\Farshelina\desktop\causal_results\causal_results\qwen25_lora_scan_v5_layers_0_6\head_scan_Qwen2___5-7B_Qwen2.5-7B-LoRA-doudizhu-v2.csv,1.390710671742757,1.3246776262919109,0.0660330454508462,C:\Users\Farshelina\desktop\causal_results\causal_results\qwen25_base_scan_v5_layers_0_6\head_scan_Qwen2___5-7B_base.csv,0.617888430754344,0-6
21,12,21-12,4.371394852797191,3.877223173777262,0.4941716790199284,C:\Users\Farshelina\desktop\causal_results\causal_results\qwen25_lora_scan_v5_layers_21_27\head_scan_Qwen2___5-7B_Qwen2.5-7B-LoRA-doudizhu-v2.csv,1.390710671742757,1.511841853459676,-0.1211311817169189,C:\Users\Farshelina\desktop\causal_results\causal_results\qwen25_base_scan_v5_layers_21_27\head_scan_Qwen2___5-7B_base.csv,0.6153028607368474,21-27
17,23,17-23,4.371394852797191,3.626509348551432,0.7448855042457585,C:\Users\Farshelina\desktop\causal_results\causal_results\qwen25_lora_scan_v5_layers_14_20\head_scan_Qwen2___5-7B_Qwen2.5-7B-LoRA-doudizhu-v2.csv,1.390710671742757,1.2550246715545654,0.1356860001881916,C:\Users\Farshelina\desktop\causal_results\causal_results\qwen25_base_scan_v5_layers_14_20\head_scan_Qwen2___5-7B_base.csv,0.6091995040575668,14-20
16,15,16-15,4.371394852797191,3.719035933415095,0.6523589193820958,C:\Users\Farshelina\desktop\causal_results\causal_results\qwen25_lora_scan_v5_layers_14_20\head_scan_Qwen2___5-7B_Qwen2.5-7B-LoRA-doudizhu-v2.csv,1.390710671742757,1.3316930135091145,0.0590176582336425,C:\Users\Farshelina\desktop\causal_results\causal_results\qwen25_base_scan_v5_layers_14_20\head_scan_Qwen2___5-7B_base.csv,0.5933412611484533,14-20
11,26,11-26,4.371394852797191,3.9360680182774863,0.4353268345197043,C:\Users\Farshelina\desktop\causal_results\causal_results\qwen25_lora_scan_v5_layers_7_13\head_scan_Qwen2___5-7B_Qwen2.5-7B-LoRA-doudizhu-v2.csv,1.390710671742757,1.54668656984965,-0.155975898106893,C:\Users\Farshelina\desktop\causal_results\causal_results\qwen25_base_scan_v5_layers_7_13\head_scan_Qwen2___5-7B_base.csv,0.5913027326265973,7-13
19,21,19-21,4.371394852797191,3.6622514526049295,0.7091434001922612,C:\Users\Farshelina\desktop\causal_results\causal_results\qwen25_lora_scan_v5_layers_14_20\head_scan_Qwen2___5-7B_Qwen2.5-7B-LoRA-doudizhu-v2.csv,1.390710671742757,1.2681915760040283,0.1225190957387287,C:\Users\Farshelina\desktop\causal_results\causal_results\qwen25_base_scan_v5_layers_14_20\head_scan_Qwen2___5-7B_base.csv,0.5866243044535325,14-20
12,9,12-9,4.371394852797191,3.744015793005625,0.6273790597915654,C:\Users\Farshelina\desktop\causal_results\causal_results\qwen25_lora_scan_v5_layers_7_13\head_scan_Qwen2___5-7B_Qwen2.5-7B-LoRA-doudizhu-v2.csv,1.390710671742757,1.3447303771972656,0.0459802945454914,C:\Users\Farshelina\desktop\causal_results\causal_results\qwen25_base_scan_v5_layers_7_13\head_scan_Qwen2___5-7B_base.csv,0.581398765246074,7-13
17,22,17-22,4.371394852797191,3.909491022427877,0.4619038303693137,C:\Users\Farshelina\desktop\causal_results\causal_results\qwen25_lora_scan_v5_layers_14_20\head_scan_Qwen2___5-7B_Qwen2.5-7B-LoRA-doudizhu-v2.csv,1.390710671742757,1.5077991485595703,-0.1170884768168132,C:\Users\Farshelina\desktop\causal_results\causal_results\qwen25_base_scan_v5_layers_14_20\head_scan_Qwen2___5-7B_base.csv,0.5789923071861269,14-20
17,3,17-3,4.371394852797191,3.8366992473602295,0.5346956054369612,C:\Users\Farshelina\desktop\causal_results\causal_results\qwen25_lora_scan_v5_layers_14_20\head_scan_Qwen2___5-7B_Qwen2.5-7B-LoRA-doudizhu-v2.csv,1.390710671742757,1.431057294209798,-0.040346622467041,C:\Users\Farshelina\desktop\causal_results\causal_results\qwen25_base_scan_v5_layers_14_20\head_scan_Qwen2___5-7B_base.csv,0.5750422279040022,14-20
13,0,13-0,4.371394852797191,3.5112901429335275,0.8601047098636632,C:\Users\Farshelina\desktop\causal_results\causal_results\qwen25_lora_scan_v5_layers_7_13\head_scan_Qwen2___5-7B_Qwen2.5-7B-LoRA-doudizhu-v2.csv,1.390710671742757,1.0923895041147869,0.2983211676279702,C:\Users\Farshelina\desktop\causal_results\causal_results\qwen25_base_scan_v5_layers_7_13\head_scan_Qwen2___5-7B_base.csv,0.5617835422356929,7-13
25,12,25-12,4.371394852797191,3.8646710912386575,0.5067237615585332,C:\Users\Farshelina\desktop\causal_results\causal_results\qwen25_lora_scan_v5_layers_21_27\head_scan_Qwen2___5-7B_Qwen2.5-7B-LoRA-doudizhu-v2.csv,1.390710671742757,1.4407620429992676,-0.0500513712565104,C:\Users\Farshelina\desktop\causal_results\causal_results\qwen25_base_scan_v5_layers_21_27\head_scan_Qwen2___5-7B_base.csv,0.5567751328150435,21-27
16,14,16-14,4.371394852797191,3.785326182842255,0.586068669954936,C:\Users\Farshelina\desktop\causal_results\causal_results\qwen25_lora_scan_v5_layers_14_20\head_scan_Qwen2___5-7B_Qwen2.5-7B-LoRA-doudizhu-v2.csv,1.390710671742757,1.3552110195159912,0.0354996522267658,C:\Users\Farshelina\desktop\causal_results\causal_results\qwen25_base_scan_v5_layers_14_20\head_scan_Qwen2___5-7B_base.csv,0.5505690177281702,14-20
15,25,15-25,4.371394852797191,3.887555549542109,0.4838393032550816,C:\Users\Farshelina\desktop\causal_results\causal_results\qwen25_lora_scan_v5_layers_14_20\head_scan_Qwen2___5-7B_Qwen2.5-7B-LoRA-doudizhu-v2.csv,1.390710671742757,1.4572978814442952,-0.066587209701538,C:\Users\Farshelina\desktop\causal_results\causal_results\qwen25_base_scan_v5_layers_14_20\head_scan_Qwen2___5-7B_base.csv,0.5504265129566196,14-20
11,8,11-8,4.371394852797191,3.682272930939992,0.6891219218571982,C:\Users\Farshelina\desktop\causal_results\causal_results\qwen25_lora_scan_v5_layers_7_13\head_scan_Qwen2___5-7B_Qwen2.5-7B-LoRA-doudizhu-v2.csv,1.390710671742757,1.246735413869222,0.1439752578735351,C:\Users\Farshelina\desktop\causal_results\causal_results\qwen25_base_scan_v5_layers_7_13\head_scan_Qwen2___5-7B_base.csv,0.5451466639836631,7-13
15,1,15-1,4.371394852797191,3.5509254137674966,0.820469439029694,C:\Users\Farshelina\desktop\causal_results\causal_results\qwen25_lora_scan_v5_layers_14_20\head_scan_Qwen2___5-7B_Qwen2.5-7B-LoRA-doudizhu-v2.csv,1.390710671742757,1.1028119723002117,0.2878986994425454,C:\Users\Farshelina\desktop\causal_results\causal_results\qwen25_base_scan_v5_layers_14_20\head_scan_Qwen2___5-7B_base.csv,0.5325707395871486,14-20
8,27,8-27,4.371394852797191,3.8614561557769775,0.5099386970202131,C:\Users\Farshelina\desktop\causal_results\causal_results\qwen25_lora_scan_v5_layers_7_13\head_scan_Qwen2___5-7B_Qwen2.5-7B-LoRA-doudizhu-v2.csv,1.390710671742757,1.4125730991363523,-0.0218624273935954,C:\Users\Farshelina\desktop\causal_results\causal_results\qwen25_base_scan_v5_layers_7_13\head_scan_Qwen2___5-7B_base.csv,0.5318011244138086,7-13
11,25,11-25,4.371394852797191,3.684462060530981,0.6869327922662101,C:\Users\Farshelina\desktop\causal_results\causal_results\qwen25_lora_scan_v5_layers_7_13\head_scan_Qwen2___5-7B_Qwen2.5-7B-LoRA-doudizhu-v2.csv,1.390710671742757,1.2321993509928386,0.1585113207499184,C:\Users\Farshelina\desktop\causal_results\causal_results\qwen25_base_scan_v5_layers_7_13\head_scan_Qwen2___5-7B_base.csv,0.5284214715162917,7-13
8,7,8-7,4.371394852797191,3.948295553525289,0.4230992992719016,C:\Users\Farshelina\desktop\causal_results\causal_results\qwen25_lora_scan_v5_layers_7_13\head_scan_Qwen2___5-7B_Qwen2.5-7B-LoRA-doudizhu-v2.csv,1.390710671742757,1.4897820154825847,-0.0990713437398276,C:\Users\Farshelina\desktop\causal_results\causal_results\qwen25_base_scan_v5_layers_7_13\head_scan_Qwen2___5-7B_base.csv,0.5221706430117292,7-13
7,3,7-3,4.371394852797191,3.986570119857788,0.3848247329394025,C:\Users\Farshelina\desktop\causal_results\causal_results\qwen25_lora_scan_v5_layers_7_13\head_scan_Qwen2___5-7B_Qwen2.5-7B-LoRA-doudizhu-v2.csv,1.390710671742757,1.5258299509684246,-0.1351192792256674,C:\Users\Farshelina\desktop\causal_results\causal_results\qwen25_base_scan_v5_layers_7_13\head_scan_Qwen2___5-7B_base.csv,0.5199440121650699,7-13
11,21,11-21,4.371394852797191,3.370720148086548,1.0006747047106428,C:\Users\Farshelina\desktop\causal_results\causal_results\qwen25_lora_scan_v5_layers_7_13\head_scan_Qwen2___5-7B_Qwen2.5-7B-LoRA-doudizhu-v2.csv,1.390710671742757,0.90909743309021,0.4816132386525471,C:\Users\Farshelina\desktop\causal_results\causal_results\qwen25_base_scan_v5_layers_7_13\head_scan_Qwen2___5-7B_base.csv,0.5190614660580957,7-13
6,7,6-7,4.371394852797191,3.903395503759384,0.4679993490378065,C:\Users\Farshelina\desktop\causal_results\causal_results\qwen25_lora_scan_v5_layers_0_6\head_scan_Qwen2___5-7B_Qwen2.5-7B-LoRA-doudizhu-v2.csv,1.390710671742757,1.4228045145670574,-0.0320938428243002,C:\Users\Farshelina\desktop\causal_results\causal_results\qwen25_base_scan_v5_layers_0_6\head_scan_Qwen2___5-7B_base.csv,0.5000931918621067,0-6
17,26,17-26,4.371394852797191,3.814155966043472,0.5572388867537184,C:\Users\Farshelina\desktop\causal_results\causal_results\qwen25_lora_scan_v5_layers_14_20\head_scan_Qwen2___5-7B_Qwen2.5-7B-LoRA-doudizhu-v2.csv,1.390710671742757,1.331417163213094,0.059293508529663,C:\Users\Farshelina\desktop\causal_results\causal_results\qwen25_base_scan_v5_layers_14_20\head_scan_Qwen2___5-7B_base.csv,0.4979453782240554,14-20
9,0,9-0,4.371394852797191,3.815989116827647,0.5554057359695439,C:\Users\Farshelina\desktop\causal_results\causal_results\qwen25_lora_scan_v5_layers_7_13\head_scan_Qwen2___5-7B_Qwen2.5-7B-LoRA-doudizhu-v2.csv,1.390710671742757,1.3286484082539876,0.0620622634887695,C:\Users\Farshelina\desktop\causal_results\causal_results\qwen25_base_scan_v5_layers_7_13\head_scan_Qwen2___5-7B_base.csv,0.4933434724807744,7-13
21,18,21-18,4.371394852797191,4.023349404335022,0.3480454484621686,C:\Users\Farshelina\desktop\causal_results\causal_results\qwen25_lora_scan_v5_layers_21_27\head_scan_Qwen2___5-7B_Qwen2.5-7B-LoRA-doudizhu-v2.csv,1.390710671742757,1.5333726406097412,-0.1426619688669841,C:\Users\Farshelina\desktop\causal_results\causal_results\qwen25_base_scan_v5_layers_21_27\head_scan_Qwen2___5-7B_base.csv,0.4907074173291527,21-27
14,4,14-4,4.371394852797191,3.8646150628725686,0.506779789924622,C:\Users\Farshelina\desktop\causal_results\causal_results\qwen25_lora_scan_v5_layers_14_20\head_scan_Qwen2___5-7B_Qwen2.5-7B-LoRA-doudizhu-v2.csv,1.390710671742757,1.3740837574005127,0.0166269143422443,C:\Users\Farshelina\desktop\causal_results\causal_results\qwen25_base_scan_v5_layers_14_20\head_scan_Qwen2___5-7B_base.csv,0.4901528755823777,14-20
16,0,16-0,4.371394852797191,2.98456480105718,1.3868300517400107,C:\Users\Farshelina\desktop\causal_results\causal_results\qwen25_lora_scan_v5_layers_14_20\head_scan_Qwen2___5-7B_Qwen2.5-7B-LoRA-doudizhu-v2.csv,1.390710671742757,0.493343989054362,0.897366682688395,C:\Users\Farshelina\desktop\causal_results\causal_results\qwen25_base_scan_v5_layers_14_20\head_scan_Qwen2___5-7B_base.csv,0.4894633690516157,14-20
20,11,20-11,4.371394852797191,4.030090053876241,0.3413047989209499,C:\Users\Farshelina\desktop\causal_results\causal_results\qwen25_lora_scan_v5_layers_14_20\head_scan_Qwen2___5-7B_Qwen2.5-7B-LoRA-doudizhu-v2.csv,1.390710671742757,1.5290178457895915,-0.1383071740468344,C:\Users\Farshelina\desktop\causal_results\causal_results\qwen25_base_scan_v5_layers_14_20\head_scan_Qwen2___5-7B_base.csv,0.4796119729677843,14-20
12,14,12-14,4.371394852797191,3.8211883505185447,0.550206502278646,C:\Users\Farshelina\desktop\causal_results\causal_results\qwen25_lora_scan_v5_layers_7_13\head_scan_Qwen2___5-7B_Qwen2.5-7B-LoRA-doudizhu-v2.csv,1.390710671742757,1.315801779429118,0.0749088923136391,C:\Users\Farshelina\desktop\causal_results\causal_results\qwen25_base_scan_v5_layers_7_13\head_scan_Qwen2___5-7B_base.csv,0.4752976099650068,7-13
20,2,20-2,4.371394852797191,3.789811273415884,0.5815835793813071,C:\Users\Farshelina\desktop\causal_results\causal_results\qwen25_lora_scan_v5_layers_14_20\head_scan_Qwen2___5-7B_Qwen2.5-7B-LoRA-doudizhu-v2.csv,1.390710671742757,1.282991886138916,0.107718785603841,C:\Users\Farshelina\desktop\causal_results\causal_results\qwen25_base_scan_v5_layers_14_20\head_scan_Qwen2___5-7B_base.csv,0.4738647937774661,14-20
19,20,19-20,4.371394852797191,3.9856716195742288,0.3857232332229618,C:\Users\Farshelina\desktop\causal_results\causal_results\qwen25_lora_scan_v5_layers_14_20\head_scan_Qwen2___5-7B_Qwen2.5-7B-LoRA-doudizhu-v2.csv,1.390710671742757,1.4751574993133545,-0.0844468275705974,C:\Users\Farshelina\desktop\causal_results\causal_results\qwen25_base_scan_v5_layers_14_20\head_scan_Qwen2___5-7B_base.csv,0.4701700607935592,14-20
22,25,22-25,4.371394852797191,3.879822830359141,0.4915720224380497,C:\Users\Farshelina\desktop\causal_results\causal_results\qwen25_lora_scan_v5_layers_21_27\head_scan_Qwen2___5-7B_Qwen2.5-7B-LoRA-doudizhu-v2.csv,1.390710671742757,1.3587674299875896,0.0319432417551674,C:\Users\Farshelina\desktop\causal_results\causal_results\qwen25_base_scan_v5_layers_21_27\head_scan_Qwen2___5-7B_base.csv,0.4596287806828823,21-27
5,7,5-7,4.371394852797191,4.027110040187836,0.3442848126093549,C:\Users\Farshelina\desktop\causal_results\causal_results\qwen25_lora_scan_v5_layers_0_6\head_scan_Qwen2___5-7B_Qwen2.5-7B-LoRA-doudizhu-v2.csv,1.390710671742757,1.5048789978027344,-0.1141683260599772,C:\Users\Farshelina\desktop\causal_results\causal_results\qwen25_base_scan_v5_layers_0_6\head_scan_Qwen2___5-7B_base.csv,0.4584531386693321,0-6
7,7,7-7,4.371394852797191,3.8817661007245374,0.4896287520726523,C:\Users\Farshelina\desktop\causal_results\causal_results\qwen25_lora_scan_v5_layers_7_13\head_scan_Qwen2___5-7B_Qwen2.5-7B-LoRA-doudizhu-v2.csv,1.390710671742757,1.353624979654948,0.0370856920878091,C:\Users\Farshelina\desktop\causal_results\causal_results\qwen25_base_scan_v5_layers_7_13\head_scan_Qwen2___5-7B_base.csv,0.4525430599848432,7-13
26,25,26-25,4.371394852797191,3.911274274190267,0.4601205786069235,C:\Users\Farshelina\desktop\causal_results\causal_results\qwen25_lora_scan_v5_layers_21_27\head_scan_Qwen2___5-7B_Qwen2.5-7B-LoRA-doudizhu-v2.csv,1.390710671742757,1.3831311861673992,0.0075794855753579,C:\Users\Farshelina\desktop\causal_results\causal_results\qwen25_base_scan_v5_layers_21_27\head_scan_Qwen2___5-7B_base.csv,0.4525410930315656,21-27
9,20,9-20,4.371394852797191,4.056054214636485,0.3153406381607055,C:\Users\Farshelina\desktop\causal_results\causal_results\qwen25_lora_scan_v5_layers_7_13\head_scan_Qwen2___5-7B_Qwen2.5-7B-LoRA-doudizhu-v2.csv,1.390710671742757,1.5263315041859944,-0.1356208324432373,C:\Users\Farshelina\desktop\causal_results\causal_results\qwen25_base_scan_v5_layers_7_13\head_scan_Qwen2___5-7B_base.csv,0.4509614706039428,7-13
13,20,13-20,4.371394852797191,3.784079651037852,0.5873152017593388,C:\Users\Farshelina\desktop\causal_results\causal_results\qwen25_lora_scan_v5_layers_7_13\head_scan_Qwen2___5-7B_Qwen2.5-7B-LoRA-doudizhu-v2.csv,1.390710671742757,1.2534925937652588,0.1372180779774983,C:\Users\Farshelina\desktop\causal_results\causal_results\qwen25_base_scan_v5_layers_7_13\head_scan_Qwen2___5-7B_base.csv,0.4500971237818405,7-13
16,22,16-22,4.371394852797191,3.921693096558253,0.4497017562389378,C:\Users\Farshelina\desktop\causal_results\causal_results\qwen25_lora_scan_v5_layers_14_20\head_scan_Qwen2___5-7B_Qwen2.5-7B-LoRA-doudizhu-v2.csv,1.390710671742757,1.3873592217763264,0.0033514499664306,C:\Users\Farshelina\desktop\causal_results\causal_results\qwen25_base_scan_v5_layers_14_20\head_scan_Qwen2___5-7B_base.csv,0.4463503062725072,14-20
12,3,12-3,4.371394852797191,3.795760760704676,0.5756340920925145,C:\Users\Farshelina\desktop\causal_results\causal_results\qwen25_lora_scan_v5_layers_7_13\head_scan_Qwen2___5-7B_Qwen2.5-7B-LoRA-doudizhu-v2.csv,1.390710671742757,1.2590030034383135,0.1317076683044433,C:\Users\Farshelina\desktop\causal_results\causal_results\qwen25_base_scan_v5_layers_7_13\head_scan_Qwen2___5-7B_base.csv,0.4439264237880712,7-13
9,11,9-11,4.371394852797191,3.903160909811656,0.4682339429855351,C:\Users\Farshelina\desktop\causal_results\causal_results\qwen25_lora_scan_v5_layers_7_13\head_scan_Qwen2___5-7B_Qwen2.5-7B-LoRA-doudizhu-v2.csv,1.390710671742757,1.3648624420166016,0.0258482297261555,C:\Users\Farshelina\desktop\causal_results\causal_results\qwen25_base_scan_v5_layers_7_13\head_scan_Qwen2___5-7B_base.csv,0.4423857132593796,7-13
15,11,15-11,4.371394852797191,3.850490291913351,0.5209045608838401,C:\Users\Farshelina\desktop\causal_results\causal_results\qwen25_lora_scan_v5_layers_14_20\head_scan_Qwen2___5-7B_Qwen2.5-7B-LoRA-doudizhu-v2.csv,1.390710671742757,1.3080962498982749,0.0826144218444824,C:\Users\Farshelina\desktop\causal_results\causal_results\qwen25_base_scan_v5_layers_14_20\head_scan_Qwen2___5-7B_base.csv,0.4382901390393576,14-20
5,0,5-0,4.371394852797191,4.022088984648387,0.3493058681488037,C:\Users\Farshelina\desktop\causal_results\causal_results\qwen25_lora_scan_v5_layers_0_6\head_scan_Qwen2___5-7B_Qwen2.5-7B-LoRA-doudizhu-v2.csv,1.390710671742757,1.4727338155110676,-0.0820231437683105,C:\Users\Farshelina\desktop\causal_results\causal_results\qwen25_base_scan_v5_layers_0_6\head_scan_Qwen2___5-7B_base.csv,0.4313290119171142,0-6
18,5,18-5,4.371394852797191,3.853885551293691,0.5175093015034995,C:\Users\Farshelina\desktop\causal_results\causal_results\qwen25_lora_scan_v5_layers_14_20\head_scan_Qwen2___5-7B_Qwen2.5-7B-LoRA-doudizhu-v2.csv,1.390710671742757,1.3011333147684734,0.0895773569742837,C:\Users\Farshelina\desktop\causal_results\causal_results\qwen25_base_scan_v5_layers_14_20\head_scan_Qwen2___5-7B_base.csv,0.4279319445292158,14-20
2,16,2-16,4.371394852797191,4.124297271172206,0.2470975816249847,C:\Users\Farshelina\desktop\causal_results\causal_results\qwen25_lora_scan_v5_layers_0_6\head_scan_Qwen2___5-7B_Qwen2.5-7B-LoRA-doudizhu-v2.csv,1.390710671742757,1.571425437927246,-0.180714766184489,C:\Users\Farshelina\desktop\causal_results\causal_results\qwen25_base_scan_v5_layers_0_6\head_scan_Qwen2___5-7B_base.csv,0.4278123478094737,0-6
6,0,6-0,4.371394852797191,3.9714601834615073,0.3999346693356833,C:\Users\Farshelina\desktop\causal_results\causal_results\qwen25_lora_scan_v5_layers_0_6\head_scan_Qwen2___5-7B_Qwen2.5-7B-LoRA-doudizhu-v2.csv,1.390710671742757,1.410485029220581,-0.0197743574778239,C:\Users\Farshelina\desktop\causal_results\causal_results\qwen25_base_scan_v5_layers_0_6\head_scan_Qwen2___5-7B_base.csv,0.4197090268135072,0-6
18,17,18-17,4.371394852797191,4.14313127597173,0.2282635768254604,C:\Users\Farshelina\desktop\causal_results\causal_results\qwen25_lora_scan_v5_layers_14_20\head_scan_Qwen2___5-7B_Qwen2.5-7B-LoRA-doudizhu-v2.csv,1.390710671742757,1.5817086696624756,-0.1909979979197185,C:\Users\Farshelina\desktop\causal_results\causal_results\qwen25_base_scan_v5_layers_14_20\head_scan_Qwen2___5-7B_base.csv,0.4192615747451789,14-20
1,14,1-14,4.371394852797191,3.966274658838908,0.4051201939582829,C:\Users\Farshelina\desktop\causal_results\causal_results\qwen25_lora_scan_v5_layers_0_6\head_scan_Qwen2___5-7B_Qwen2.5-7B-LoRA-doudizhu-v2.csv,1.390710671742757,1.401000738143921,-0.0102900664011638,C:\Users\Farshelina\desktop\causal_results\causal_results\qwen25_base_scan_v5_layers_0_6\head_scan_Qwen2___5-7B_base.csv,0.4154102603594467,0-6
1,3,1-3,4.371394852797191,3.912004550298055,0.4593903024991355,C:\Users\Farshelina\desktop\causal_results\causal_results\qwen25_lora_scan_v5_layers_0_6\head_scan_Qwen2___5-7B_Qwen2.5-7B-LoRA-doudizhu-v2.csv,1.390710671742757,1.345079342524211,0.0456313292185464,C:\Users\Farshelina\desktop\causal_results\causal_results\qwen25_base_scan_v5_layers_0_6\head_scan_Qwen2___5-7B_base.csv,0.4137589732805891,0-6
3,18,3-18,4.371394852797191,4.054589907328288,0.3168049454689026,C:\Users\Farshelina\desktop\causal_results\causal_results\qwen25_lora_scan_v5_layers_0_6\head_scan_Qwen2___5-7B_Qwen2.5-7B-LoRA-doudizhu-v2.csv,1.390710671742757,1.4857168197631836,-0.0950061480204265,C:\Users\Farshelina\desktop\causal_results\causal_results\qwen25_base_scan_v5_layers_0_6\head_scan_Qwen2___5-7B_base.csv,0.4118110934893291,0-6
12,5,12-5,4.371394852797191,3.667941947778066,0.7034529050191245,C:\Users\Farshelina\desktop\causal_results\causal_results\qwen25_lora_scan_v5_layers_7_13\head_scan_Qwen2___5-7B_Qwen2.5-7B-LoRA-doudizhu-v2.csv,1.390710671742757,1.098315159479777,0.29239551226298,C:\Users\Farshelina\desktop\causal_results\causal_results\qwen25_base_scan_v5_layers_7_13\head_scan_Qwen2___5-7B_base.csv,0.4110573927561445,7-13
15,17,15-17,4.371394852797191,4.026141862074534,0.3452529907226562,C:\Users\Farshelina\desktop\causal_results\causal_results\qwen25_lora_scan_v5_layers_14_20\head_scan_Qwen2___5-7B_Qwen2.5-7B-LoRA-doudizhu-v2.csv,1.390710671742757,1.4530491828918457,-0.0623385111490886,C:\Users\Farshelina\desktop\causal_results\causal_results\qwen25_base_scan_v5_layers_14_20\head_scan_Qwen2___5-7B_base.csv,0.4075915018717448,14-20
11,7,11-7,4.371394852797191,3.815908133983612,0.5554867188135786,C:\Users\Farshelina\desktop\causal_results\causal_results\qwen25_lora_scan_v5_layers_7_13\head_scan_Qwen2___5-7B_Qwen2.5-7B-LoRA-doudizhu-v2.csv,1.390710671742757,1.2403897444407146,0.1503209273020425,C:\Users\Farshelina\desktop\causal_results\causal_results\qwen25_base_scan_v5_layers_7_13\head_scan_Qwen2___5-7B_base.csv,0.4051657915115361,7-13
8,11,8-11,4.371394852797191,3.972793102264404,0.3986017505327863,C:\Users\Farshelina\desktop\causal_results\causal_results\qwen25_lora_scan_v5_layers_7_13\head_scan_Qwen2___5-7B_Qwen2.5-7B-LoRA-doudizhu-v2.csv,1.390710671742757,1.396833419799805,-0.0061227480570476,C:\Users\Farshelina\desktop\causal_results\causal_results\qwen25_base_scan_v5_layers_7_13\head_scan_Qwen2___5-7B_base.csv,0.4047244985898339,7-13
10,11,10-11,4.371394852797191,4.161928673585256,0.209466179211935,C:\Users\Farshelina\desktop\causal_results\causal_results\qwen25_lora_scan_v5_layers_7_13\head_scan_Qwen2___5-7B_Qwen2.5-7B-LoRA-doudizhu-v2.csv,1.390710671742757,1.5758702754974363,-0.1851596037546794,C:\Users\Farshelina\desktop\causal_results\causal_results\qwen25_base_scan_v5_layers_7_13\head_scan_Qwen2___5-7B_base.csv,0.3946257829666144,7-13
11,13,11-13,4.371394852797191,3.848220984141032,0.5231738686561589,C:\Users\Farshelina\desktop\causal_results\causal_results\qwen25_lora_scan_v5_layers_7_13\head_scan_Qwen2___5-7B_Qwen2.5-7B-LoRA-doudizhu-v2.csv,1.390710671742757,1.261653184890747,0.12905748685201,C:\Users\Farshelina\desktop\causal_results\causal_results\qwen25_base_scan_v5_layers_7_13\head_scan_Qwen2___5-7B_base.csv,0.3941163818041489,7-13
8,22,8-22,4.371394852797191,4.065864821275075,0.3055300315221156,C:\Users\Farshelina\desktop\causal_results\causal_results\qwen25_lora_scan_v5_layers_7_13\head_scan_Qwen2___5-7B_Qwen2.5-7B-LoRA-doudizhu-v2.csv,1.390710671742757,1.477233091990153,-0.0865224202473959,C:\Users\Farshelina\desktop\causal_results\causal_results\qwen25_base_scan_v5_layers_7_13\head_scan_Qwen2___5-7B_base.csv,0.3920524517695115,7-13
7,4,7-4,4.371394852797191,3.965181181828181,0.4062136709690098,C:\Users\Farshelina\desktop\causal_results\causal_results\qwen25_lora_scan_v5_layers_7_13\head_scan_Qwen2___5-7B_Qwen2.5-7B-LoRA-doudizhu-v2.csv,1.390710671742757,1.3759156862894697,0.0147949854532876,C:\Users\Farshelina\desktop\causal_results\causal_results\qwen25_base_scan_v5_layers_7_13\head_scan_Qwen2___5-7B_base.csv,0.3914186855157222,7-13
10,25,10-25,4.371394852797191,3.9925067921479545,0.3788880606492362,C:\Users\Farshelina\desktop\causal_results\causal_results\qwen25_lora_scan_v5_layers_7_13\head_scan_Qwen2___5-7B_Qwen2.5-7B-LoRA-doudizhu-v2.csv,1.390710671742757,1.399469534556071,-0.0087588628133139,C:\Users\Farshelina\desktop\causal_results\causal_results\qwen25_base_scan_v5_layers_7_13\head_scan_Qwen2___5-7B_base.csv,0.3876469234625501,7-13
12,25,12-25,4.371394852797191,4.042250355084737,0.3291444977124538,C:\Users\Farshelina\desktop\causal_results\causal_results\qwen25_lora_scan_v5_layers_7_13\head_scan_Qwen2___5-7B_Qwen2.5-7B-LoRA-doudizhu-v2.csv,1.390710671742757,1.443569580713908,-0.0528589089711508,C:\Users\Farshelina\desktop\causal_results\causal_results\qwen25_base_scan_v5_layers_7_13\head_scan_Qwen2___5-7B_base.csv,0.3820034066836046,7-13
4,2,4-2,4.371394852797191,3.94900264342626,0.4223922093709311,C:\Users\Farshelina\desktop\causal_results\causal_results\qwen25_lora_scan_v5_layers_0_6\head_scan_Qwen2___5-7B_Qwen2.5-7B-LoRA-doudizhu-v2.csv,1.390710671742757,1.34688933690389,0.0438213348388671,C:\Users\Farshelina\desktop\causal_results\causal_results\qwen25_base_scan_v5_layers_0_6\head_scan_Qwen2___5-7B_base.csv,0.378570874532064,0-6
19,14,19-14,4.371394852797191,4.0600342353185015,0.3113606174786891,C:\Users\Farshelina\desktop\causal_results\causal_results\qwen25_lora_scan_v5_layers_14_20\head_scan_Qwen2___5-7B_Qwen2.5-7B-LoRA-doudizhu-v2.csv,1.390710671742757,1.4538319905598958,-0.0631213188171386,C:\Users\Farshelina\desktop\causal_results\causal_results\qwen25_base_scan_v5_layers_14_20\head_scan_Qwen2___5-7B_base.csv,0.3744819362958277,14-20
7,14,7-14,4.371394852797191,3.8936794797579446,0.477715373039246,C:\Users\Farshelina\desktop\causal_results\causal_results\qwen25_lora_scan_v5_layers_7_13\head_scan_Qwen2___5-7B_Qwen2.5-7B-LoRA-doudizhu-v2.csv,1.390710671742757,1.285998264948527,0.10471240679423,C:\Users\Farshelina\desktop\causal_results\causal_results\qwen25_base_scan_v5_layers_7_13\head_scan_Qwen2___5-7B_base.csv,0.373002966245016,7-13
0,20,0-20,4.371394852797191,3.843183120091756,0.5282117327054343,C:\Users\Farshelina\desktop\causal_results\causal_results\qwen25_lora_scan_v5_layers_0_6\head_scan_Qwen2___5-7B_Qwen2.5-7B-LoRA-doudizhu-v2.csv,1.390710671742757,1.234559218088786,0.1561514536539712,C:\Users\Farshelina\desktop\causal_results\causal_results\qwen25_base_scan_v5_layers_0_6\head_scan_Qwen2___5-7B_base.csv,0.3720602790514631,0-6
18,10,18-10,4.371394852797191,4.153000593185425,0.2183942596117658,C:\Users\Farshelina\desktop\causal_results\causal_results\qwen25_lora_scan_v5_layers_14_20\head_scan_Qwen2___5-7B_Qwen2.5-7B-LoRA-doudizhu-v2.csv,1.390710671742757,1.5411510467529297,-0.1504403750101726,C:\Users\Farshelina\desktop\causal_results\causal_results\qwen25_base_scan_v5_layers_14_20\head_scan_Qwen2___5-7B_base.csv,0.3688346346219384,14-20
15,21,15-21,4.371394852797191,4.00526636838913,0.366128484408061,C:\Users\Farshelina\desktop\causal_results\causal_results\qwen25_lora_scan_v5_layers_14_20\head_scan_Qwen2___5-7B_Qwen2.5-7B-LoRA-doudizhu-v2.csv,1.390710671742757,1.3926421006520588,-0.0019314289093017,C:\Users\Farshelina\desktop\causal_results\causal_results\qwen25_base_scan_v5_layers_14_20\head_scan_Qwen2___5-7B_base.csv,0.3680599133173627,14-20
15,13,15-13,4.371394852797191,4.058481524387996,0.3129133284091949,C:\Users\Farshelina\desktop\causal_results\causal_results\qwen25_lora_scan_v5_layers_14_20\head_scan_Qwen2___5-7B_Qwen2.5-7B-LoRA-doudizhu-v2.csv,1.390710671742757,1.441298484802246,-0.050587813059489,C:\Users\Farshelina\desktop\causal_results\causal_results\qwen25_base_scan_v5_layers_14_20\head_scan_Qwen2___5-7B_base.csv,0.3635011414686839,14-20
12,23,12-23,4.371394852797191,4.011452376842499,0.3599424759546918,C:\Users\Farshelina\desktop\causal_results\causal_results\qwen25_lora_scan_v5_layers_7_13\head_scan_Qwen2___5-7B_Qwen2.5-7B-LoRA-doudizhu-v2.csv,1.390710671742757,1.3930402596791585,-0.0023295879364013,C:\Users\Farshelina\desktop\causal_results\causal_results\qwen25_base_scan_v5_layers_7_13\head_scan_Qwen2___5-7B_base.csv,0.3622720638910931,7-13
23,19,23-19,4.371394852797191,4.056308507919312,0.3150863448778791,C:\Users\Farshelina\desktop\causal_results\causal_results\qwen25_lora_scan_v5_layers_21_27\head_scan_Qwen2___5-7B_Qwen2.5-7B-LoRA-doudizhu-v2.csv,1.390710671742757,1.4363402525583904,-0.0456295808156332,C:\Users\Farshelina\desktop\causal_results\causal_results\qwen25_base_scan_v5_layers_21_27\head_scan_Qwen2___5-7B_base.csv,0.3607159256935123,21-27
10,21,10-21,4.371394852797191,4.112176418304443,0.2592184344927473,C:\Users\Farshelina\desktop\causal_results\causal_results\qwen25_lora_scan_v5_layers_7_13\head_scan_Qwen2___5-7B_Qwen2.5-7B-LoRA-doudizhu-v2.csv,1.390710671742757,1.4892099698384602,-0.0984992980957031,C:\Users\Farshelina\desktop\causal_results\causal_results\qwen25_base_scan_v5_layers_7_13\head_scan_Qwen2___5-7B_base.csv,0.3577177325884504,7-13
2,9,2-9,4.371394852797191,4.1186034480730696,0.2527914047241211,C:\Users\Farshelina\desktop\causal_results\causal_results\qwen25_lora_scan_v5_layers_0_6\head_scan_Qwen2___5-7B_Qwen2.5-7B-LoRA-doudizhu-v2.csv,1.390710671742757,1.4945546785990398,-0.1038440068562827,C:\Users\Farshelina\desktop\causal_results\causal_results\qwen25_base_scan_v5_layers_0_6\head_scan_Qwen2___5-7B_base.csv,0.3566354115804038,0-6
20,22,20-22,4.371394852797191,3.9597943226496377,0.4116005301475529,C:\Users\Farshelina\desktop\causal_results\causal_results\qwen25_lora_scan_v5_layers_14_20\head_scan_Qwen2___5-7B_Qwen2.5-7B-LoRA-doudizhu-v2.csv,1.390710671742757,1.3330837885538738,0.0576268831888833,C:\Users\Farshelina\desktop\causal_results\causal_results\qwen25_base_scan_v5_layers_14_20\head_scan_Qwen2___5-7B_base.csv,0.3539736469586695,14-20
1,15,1-15,4.371394852797191,4.1255744099617,0.2458204428354902,C:\Users\Farshelina\desktop\causal_results\causal_results\qwen25_lora_scan_v5_layers_0_6\head_scan_Qwen2___5-7B_Qwen2.5-7B-LoRA-doudizhu-v2.csv,1.390710671742757,1.4987728595733645,-0.1080621878306071,C:\Users\Farshelina\desktop\causal_results\causal_results\qwen25_base_scan_v5_layers_0_6\head_scan_Qwen2___5-7B_base.csv,0.3538826306660973,0-6
15,22,15-22,4.371394852797191,3.73508620262146,0.6363086501757307,C:\Users\Farshelina\desktop\causal_results\causal_results\qwen25_lora_scan_v5_layers_14_20\head_scan_Qwen2___5-7B_Qwen2.5-7B-LoRA-doudizhu-v2.csv,1.390710671742757,1.107921044031779,0.282789627710978,C:\Users\Farshelina\desktop\causal_results\causal_results\qwen25_base_scan_v5_layers_14_20\head_scan_Qwen2___5-7B_base.csv,0.3535190224647527,14-20
8,25,8-25,4.371394852797191,3.924711048603058,0.4466838041941328,C:\Users\Farshelina\desktop\causal_results\causal_results\qwen25_lora_scan_v5_layers_7_13\head_scan_Qwen2___5-7B_Qwen2.5-7B-LoRA-doudizhu-v2.csv,1.390710671742757,1.2903345425923665,0.1003761291503906,C:\Users\Farshelina\desktop\causal_results\causal_results\qwen25_base_scan_v5_layers_7_13\head_scan_Qwen2___5-7B_base.csv,0.3463076750437421,7-13
24,3,24-3,4.371394852797191,4.0707350969314575,0.3006597558657331,C:\Users\Farshelina\desktop\causal_results\causal_results\qwen25_lora_scan_v5_layers_21_27\head_scan_Qwen2___5-7B_Qwen2.5-7B-LoRA-doudizhu-v2.csv,1.390710671742757,1.4350025653839111,-0.044291893641154,C:\Users\Farshelina\desktop\causal_results\causal_results\qwen25_base_scan_v5_layers_21_27\head_scan_Qwen2___5-7B_base.csv,0.3449516495068871,21-27
14,17,14-17,4.371394852797191,4.056649963061015,0.3147448897361755,C:\Users\Farshelina\desktop\causal_results\causal_results\qwen25_lora_scan_v5_layers_14_20\head_scan_Qwen2___5-7B_Qwen2.5-7B-LoRA-doudizhu-v2.csv,1.390710671742757,1.4198044141133626,-0.0290937423706054,C:\Users\Farshelina\desktop\causal_results\causal_results\qwen25_base_scan_v5_layers_14_20\head_scan_Qwen2___5-7B_base.csv,0.3438386321067809,14-20
20,24,20-24,4.371394852797191,3.9445813496907554,0.4268135031064353,C:\Users\Farshelina\desktop\causal_results\causal_results\qwen25_lora_scan_v5_layers_14_20\head_scan_Qwen2___5-7B_Qwen2.5-7B-LoRA-doudizhu-v2.csv,1.390710671742757,1.3034088611602783,0.0873018105824787,C:\Users\Farshelina\desktop\causal_results\causal_results\qwen25_base_scan_v5_layers_14_20\head_scan_Qwen2___5-7B_base.csv,0.3395116925239566,14-20
2,6,2-6,4.371394852797191,4.136643608411153,0.2347512443860377,C:\Users\Farshelina\desktop\causal_results\causal_results\qwen25_lora_scan_v5_layers_0_6\head_scan_Qwen2___5-7B_Qwen2.5-7B-LoRA-doudizhu-v2.csv,1.390710671742757,1.4922418594360352,-0.101531187693278,C:\Users\Farshelina\desktop\causal_results\causal_results\qwen25_base_scan_v5_layers_0_6\head_scan_Qwen2___5-7B_base.csv,0.3362824320793157,0-6
11,15,11-15,4.371394852797191,4.003438850243886,0.3679560025533046,C:\Users\Farshelina\desktop\causal_results\causal_results\qwen25_lora_scan_v5_layers_7_13\head_scan_Qwen2___5-7B_Qwen2.5-7B-LoRA-doudizhu-v2.csv,1.390710671742757,1.3584495385487874,0.0322611331939697,C:\Users\Farshelina\desktop\causal_results\causal_results\qwen25_base_scan_v5_layers_7_13\head_scan_Qwen2___5-7B_base.csv,0.3356948693593349,7-13
5,22,5-22,4.371394852797191,4.140249202648799,0.2311456501483917,C:\Users\Farshelina\desktop\causal_results\causal_results\qwen25_lora_scan_v5_layers_0_6\head_scan_Qwen2___5-7B_Qwen2.5-7B-LoRA-doudizhu-v2.csv,1.390710671742757,1.4938528537750244,-0.1031421820322673,C:\Users\Farshelina\desktop\causal_results\causal_results\qwen25_base_scan_v5_layers_0_6\head_scan_Qwen2___5-7B_base.csv,0.334287832180659,0-6
12,27,12-27,4.371394852797191,4.016781727472941,0.3546131253242492,C:\Users\Farshelina\desktop\causal_results\causal_results\qwen25_lora_scan_v5_layers_7_13\head_scan_Qwen2___5-7B_Qwen2.5-7B-LoRA-doudizhu-v2.csv,1.390710671742757,1.370185136795044,0.0205255349477131,C:\Users\Farshelina\desktop\causal_results\causal_results\qwen25_base_scan_v5_layers_7_13\head_scan_Qwen2___5-7B_base.csv,0.3340875903765361,7-13
3,13,3-13,4.371394852797191,4.014109919468562,0.3572849333286285,C:\Users\Farshelina\desktop\causal_results\causal_results\qwen25_lora_scan_v5_layers_0_6\head_scan_Qwen2___5-7B_Qwen2.5-7B-LoRA-doudizhu-v2.csv,1.390710671742757,1.3668463230133057,0.0238643487294514,C:\Users\Farshelina\desktop\causal_results\causal_results\qwen25_base_scan_v5_layers_0_6\head_scan_Qwen2___5-7B_base.csv,0.333420584599177,0-6
1,11,1-11,4.371394852797191,4.01356499393781,0.3578298588593807,C:\Users\Farshelina\desktop\causal_results\causal_results\qwen25_lora_scan_v5_layers_0_6\head_scan_Qwen2___5-7B_Qwen2.5-7B-LoRA-doudizhu-v2.csv,1.390710671742757,1.3661898771921794,0.0245207945505776,C:\Users\Farshelina\desktop\causal_results\causal_results\qwen25_base_scan_v5_layers_0_6\head_scan_Qwen2___5-7B_base.csv,0.3333090643088031,0-6
24,1,24-1,4.371394852797191,4.085395356019338,0.2859994967778529,C:\Users\Farshelina\desktop\causal_results\causal_results\qwen25_lora_scan_v5_layers_21_27\head_scan_Qwen2___5-7B_Qwen2.5-7B-LoRA-doudizhu-v2.csv,1.390710671742757,1.4374802112579346,-0.0467695395151774,C:\Users\Farshelina\desktop\causal_results\causal_results\qwen25_base_scan_v5_layers_21_27\head_scan_Qwen2___5-7B_base.csv,0.3327690362930303,21-27
3,3,3-3,4.371394852797191,4.089711129665375,0.2816837231318159,C:\Users\Farshelina\desktop\causal_results\causal_results\qwen25_lora_scan_v5_layers_0_6\head_scan_Qwen2___5-7B_Qwen2.5-7B-LoRA-doudizhu-v2.csv,1.390710671742757,1.4356202284495037,-0.0449095567067465,C:\Users\Farshelina\desktop\causal_results\causal_results\qwen25_base_scan_v5_layers_0_6\head_scan_Qwen2___5-7B_base.csv,0.3265932798385624,0-6
10,27,10-27,4.371394852797191,4.0332044561704,0.3381903966267909,C:\Users\Farshelina\desktop\causal_results\causal_results\qwen25_lora_scan_v5_layers_7_13\head_scan_Qwen2___5-7B_Qwen2.5-7B-LoRA-doudizhu-v2.csv,1.390710671742757,1.3785278002421062,0.0121828715006508,C:\Users\Farshelina\desktop\causal_results\causal_results\qwen25_base_scan_v5_layers_7_13\head_scan_Qwen2___5-7B_base.csv,0.3260075251261401,7-13
15,27,15-27,4.371394852797191,3.6197760303815207,0.7516188224156699,C:\Users\Farshelina\desktop\causal_results\causal_results\qwen25_lora_scan_v5_layers_14_20\head_scan_Qwen2___5-7B_Qwen2.5-7B-LoRA-doudizhu-v2.csv,1.390710671742757,0.962947448094686,0.4277632236480712,C:\Users\Farshelina\desktop\causal_results\causal_results\qwen25_base_scan_v5_layers_14_20\head_scan_Qwen2___5-7B_base.csv,0.3238555987675987,14-20
14,26,14-26,4.371394852797191,4.077197551727295,0.2941973010698957,C:\Users\Farshelina\desktop\causal_results\causal_results\qwen25_lora_scan_v5_layers_14_20\head_scan_Qwen2___5-7B_Qwen2.5-7B-LoRA-doudizhu-v2.csv,1.390710671742757,1.4190271695454917,-0.0283164978027343,C:\Users\Farshelina\desktop\causal_results\causal_results\qwen25_base_scan_v5_layers_14_20\head_scan_Qwen2___5-7B_base.csv,0.32251379887263,14-20
18,14,18-14,4.371394852797191,4.084533969561259,0.2868608832359314,C:\Users\Farshelina\desktop\causal_results\causal_results\qwen25_lora_scan_v5_layers_14_20\head_scan_Qwen2___5-7B_Qwen2.5-7B-LoRA-doudizhu-v2.csv,1.390710671742757,1.4254709084828694,-0.0347602367401123,C:\Users\Farshelina\desktop\causal_results\causal_results\qwen25_base_scan_v5_layers_14_20\head_scan_Qwen2___5-7B_base.csv,0.3216211199760437,14-20
17,0,17-0,4.371394852797191,3.834338903427124,0.5370559493700666,C:\Users\Farshelina\desktop\causal_results\causal_results\qwen25_lora_scan_v5_layers_14_20\head_scan_Qwen2___5-7B_Qwen2.5-7B-LoRA-doudizhu-v2.csv,1.390710671742757,1.174526929855347,0.2161837418874104,C:\Users\Farshelina\desktop\causal_results\causal_results\qwen25_base_scan_v5_layers_14_20\head_scan_Qwen2___5-7B_base.csv,0.3208722074826562,14-20
4,19,4-19,4.371394852797191,4.10951433579127,0.2618805170059204,C:\Users\Farshelina\desktop\causal_results\causal_results\qwen25_lora_scan_v5_layers_0_6\head_scan_Qwen2___5-7B_Qwen2.5-7B-LoRA-doudizhu-v2.csv,1.390710671742757,1.4395474592844646,-0.0488367875417075,C:\Users\Farshelina\desktop\causal_results\causal_results\qwen25_base_scan_v5_layers_0_6\head_scan_Qwen2___5-7B_base.csv,0.3107173045476279,0-6
11,23,11-23,4.371394852797191,4.001535614331563,0.3698592384656276,C:\Users\Farshelina\desktop\causal_results\causal_results\qwen25_lora_scan_v5_layers_7_13\head_scan_Qwen2___5-7B_Qwen2.5-7B-LoRA-doudizhu-v2.csv,1.390710671742757,1.3315285841623945,0.0591820875803628,C:\Users\Farshelina\desktop\causal_results\causal_results\qwen25_base_scan_v5_layers_7_13\head_scan_Qwen2___5-7B_base.csv,0.3106771508852648,7-13
15,2,15-2,4.371394852797191,4.246777176856995,0.124617675940196,C:\Users\Farshelina\desktop\causal_results\causal_results\qwen25_lora_scan_v5_layers_14_20\head_scan_Qwen2___5-7B_Qwen2.5-7B-LoRA-doudizhu-v2.csv,1.390710671742757,1.5761396884918213,-0.1854290167490642,C:\Users\Farshelina\desktop\causal_results\causal_results\qwen25_base_scan_v5_layers_14_20\head_scan_Qwen2___5-7B_base.csv,0.3100466926892602,14-20
18,16,18-16,4.371394852797191,4.062426586945851,0.3089682658513393,C:\Users\Farshelina\desktop\causal_results\causal_results\qwen25_lora_scan_v5_layers_14_20\head_scan_Qwen2___5-7B_Qwen2.5-7B-LoRA-doudizhu-v2.csv,1.390710671742757,1.390084187189738,0.000626484553019,C:\Users\Farshelina\desktop\causal_results\causal_results\qwen25_base_scan_v5_layers_14_20\head_scan_Qwen2___5-7B_base.csv,0.3083417812983203,14-20
10,8,10-8,4.371394852797191,4.138177980979283,0.2332168718179073,C:\Users\Farshelina\desktop\causal_results\causal_results\qwen25_lora_scan_v5_layers_7_13\head_scan_Qwen2___5-7B_Qwen2.5-7B-LoRA-doudizhu-v2.csv,1.390710671742757,1.4642452398935957,-0.0735345681508383,C:\Users\Farshelina\desktop\causal_results\causal_results\qwen25_base_scan_v5_layers_7_13\head_scan_Qwen2___5-7B_base.csv,0.3067514399687456,7-13
26,2,26-2,4.371394852797191,4.2505568861961365,0.1208379666010541,C:\Users\Farshelina\desktop\causal_results\causal_results\qwen25_lora_scan_v5_layers_21_27\head_scan_Qwen2___5-7B_Qwen2.5-7B-LoRA-doudizhu-v2.csv,1.390710671742757,1.5765050252278645,-0.1857943534851074,C:\Users\Farshelina\desktop\causal_results\causal_results\qwen25_base_scan_v5_layers_21_27\head_scan_Qwen2___5-7B_base.csv,0.3066323200861615,21-27
12,12,12-12,4.371394852797191,4.341898798942566,0.0294960538546247,C:\Users\Farshelina\desktop\causal_results\causal_results\qwen25_lora_scan_v5_layers_7_13\head_scan_Qwen2___5-7B_Qwen2.5-7B-LoRA-doudizhu-v2.csv,1.390710671742757,1.6675294240315754,-0.2768187522888183,C:\Users\Farshelina\desktop\causal_results\causal_results\qwen25_base_scan_v5_layers_7_13\head_scan_Qwen2___5-7B_base.csv,0.306314806143443,7-13
18,13,18-13,4.371394852797191,4.006429553031921,0.3649652997652692,C:\Users\Farshelina\desktop\causal_results\causal_results\qwen25_lora_scan_v5_layers_14_20\head_scan_Qwen2___5-7B_Qwen2.5-7B-LoRA-doudizhu-v2.csv,1.390710671742757,1.330009937286377,0.0607007344563801,C:\Users\Farshelina\desktop\causal_results\causal_results\qwen25_base_scan_v5_layers_14_20\head_scan_Qwen2___5-7B_base.csv,0.3042645653088891,14-20
19,16,19-16,4.371394852797191,4.050141642491023,0.3212532103061676,C:\Users\Farshelina\desktop\causal_results\causal_results\qwen25_lora_scan_v5_layers_14_20\head_scan_Qwen2___5-7B_Qwen2.5-7B-LoRA-doudizhu-v2.csv,1.390710671742757,1.3736426830291748,0.0170679887135822,C:\Users\Farshelina\desktop\causal_results\causal_results\qwen25_base_scan_v5_layers_14_20\head_scan_Qwen2___5-7B_base.csv,0.3041852215925854,14-20
11,2,11-2,4.371394852797191,4.248380323251088,0.1230145295461024,C:\Users\Farshelina\desktop\causal_results\causal_results\qwen25_lora_scan_v5_layers_7_13\head_scan_Qwen2___5-7B_Qwen2.5-7B-LoRA-doudizhu-v2.csv,1.390710671742757,1.5699557463328044,-0.1792450745900473,C:\Users\Farshelina\desktop\causal_results\causal_results\qwen25_base_scan_v5_layers_7_13\head_scan_Qwen2___5-7B_base.csv,0.3022596041361497,7-13
13,18,13-18,4.371394852797191,3.831483165423075,0.5399116873741154,C:\Users\Farshelina\desktop\causal_results\causal_results\qwen25_lora_scan_v5_layers_7_13\head_scan_Qwen2___5-7B_Qwen2.5-7B-LoRA-doudizhu-v2.csv,1.390710671742757,1.1524924437204995,0.2382182280222573,C:\Users\Farshelina\desktop\causal_results\causal_results\qwen25_base_scan_v5_layers_7_13\head_scan_Qwen2___5-7B_base.csv,0.3016934593518581,7-13
19,8,19-8,4.371394852797191,4.047571063041687,0.3238237897555036,C:\Users\Farshelina\desktop\causal_results\causal_results\qwen25_lora_scan_v5_layers_14_20\head_scan_Qwen2___5-7B_Qwen2.5-7B-LoRA-doudizhu-v2.csv,1.390710671742757,1.3658824761708577,0.0248281955718994,C:\Users\Farshelina\desktop\causal_results\causal_results\qwen25_base_scan_v5_layers_14_20\head_scan_Qwen2___5-7B_base.csv,0.2989955941836041,14-20
2,25,2-25,4.371394852797191,4.018012394507726,0.3533824582894649,C:\Users\Farshelina\desktop\causal_results\causal_results\qwen25_lora_scan_v5_layers_0_6\head_scan_Qwen2___5-7B_Qwen2.5-7B-LoRA-doudizhu-v2.csv,1.390710671742757,1.3352684179941814,0.0554422537485757,C:\Users\Farshelina\desktop\causal_results\causal_results\qwen25_base_scan_v5_layers_0_6\head_scan_Qwen2___5-7B_base.csv,0.2979402045408892,0-6
12,16,12-16,4.371394852797191,3.806358973185221,0.5650358796119694,C:\Users\Farshelina\desktop\causal_results\causal_results\qwen25_lora_scan_v5_layers_7_13\head_scan_Qwen2___5-7B_Qwen2.5-7B-LoRA-doudizhu-v2.csv,1.390710671742757,1.123059829076131,0.267650842666626,C:\Users\Farshelina\desktop\causal_results\causal_results\qwen25_base_scan_v5_layers_7_13\head_scan_Qwen2___5-7B_base.csv,0.2973850369453434,7-13
18,3,18-3,4.371394852797191,4.116334954897563,0.2550598978996277,C:\Users\Farshelina\desktop\causal_results\causal_results\qwen25_lora_scan_v5_layers_14_20\head_scan_Qwen2___5-7B_Qwen2.5-7B-LoRA-doudizhu-v2.csv,1.390710671742757,1.4269450505574544,-0.0362343788146972,C:\Users\Farshelina\desktop\causal_results\causal_results\qwen25_base_scan_v5_layers_14_20\head_scan_Qwen2___5-7B_base.csv,0.2912942767143249,14-20
21,14,21-14,4.371394852797191,4.04491509993871,0.3264797528584804,C:\Users\Farshelina\desktop\causal_results\causal_results\qwen25_lora_scan_v5_layers_21_27\head_scan_Qwen2___5-7B_Qwen2.5-7B-LoRA-doudizhu-v2.csv,1.390710671742757,1.3548650741577148,0.0358455975850422,C:\Users\Farshelina\desktop\causal_results\causal_results\qwen25_base_scan_v5_layers_21_27\head_scan_Qwen2___5-7B_base.csv,0.2906341552734382,21-27
4,14,4-14,4.371394852797191,4.052001525958379,0.3193933268388118,C:\Users\Farshelina\desktop\causal_results\causal_results\qwen25_lora_scan_v5_layers_0_6\head_scan_Qwen2___5-7B_Qwen2.5-7B-LoRA-doudizhu-v2.csv,1.390710671742757,1.3604511419932048,0.0302595297495522,C:\Users\Farshelina\desktop\causal_results\causal_results\qwen25_base_scan_v5_layers_0_6\head_scan_Qwen2___5-7B_base.csv,0.2891337970892595,0-6
4,9,4-9,4.371394852797191,4.028045266866684,0.3433495859305067,C:\Users\Farshelina\desktop\causal_results\causal_results\qwen25_lora_scan_v5_layers_0_6\head_scan_Qwen2___5-7B_Qwen2.5-7B-LoRA-doudizhu-v2.csv,1.390710671742757,1.3348077932993572,0.0559028784433999,C:\Users\Farshelina\desktop\causal_results\causal_results\qwen25_base_scan_v5_layers_0_6\head_scan_Qwen2___5-7B_base.csv,0.2874467074871067,0-6
2,7,2-7,4.371394852797191,4.167976876099904,0.2034179766972865,C:\Users\Farshelina\desktop\causal_results\causal_results\qwen25_lora_scan_v5_layers_0_6\head_scan_Qwen2___5-7B_Qwen2.5-7B-LoRA-doudizhu-v2.csv,1.390710671742757,1.4736378192901611,-0.082927147547404,C:\Users\Farshelina\desktop\causal_results\causal_results\qwen25_base_scan_v5_layers_0_6\head_scan_Qwen2___5-7B_base.csv,0.2863451242446905,0-6
8,14,8-14,4.371394852797191,4.145799160003662,0.2255956927935285,C:\Users\Farshelina\desktop\causal_results\causal_results\qwen25_lora_scan_v5_layers_7_13\head_scan_Qwen2___5-7B_Qwen2.5-7B-LoRA-doudizhu-v2.csv,1.390710671742757,1.4503671328226726,-0.0596564610799155,C:\Users\Farshelina\desktop\causal_results\causal_results\qwen25_base_scan_v5_layers_7_13\head_scan_Qwen2___5-7B_base.csv,0.285252153873444,7-13
9,23,9-23,4.371394852797191,4.188376724720001,0.1830181280771894,C:\Users\Farshelina\desktop\causal_results\causal_results\qwen25_lora_scan_v5_layers_7_13\head_scan_Qwen2___5-7B_Qwen2.5-7B-LoRA-doudizhu-v2.csv,1.390710671742757,1.4922454357147217,-0.1015347639719645,C:\Users\Farshelina\desktop\causal_results\causal_results\qwen25_base_scan_v5_layers_7_13\head_scan_Qwen2___5-7B_base.csv,0.2845528920491539,7-13
27,9,27-9,4.371394852797191,4.058022499084473,0.313372353712718,C:\Users\Farshelina\desktop\causal_results\causal_results\qwen25_lora_scan_v5_layers_21_27\head_scan_Qwen2___5-7B_Qwen2.5-7B-LoRA-doudizhu-v2.csv,1.390710671742757,1.359991470972697,0.03071920077006,C:\Users\Farshelina\desktop\causal_results\causal_results\qwen25_base_scan_v5_layers_21_27\head_scan_Qwen2___5-7B_base.csv,0.2826531529426579,21-27
10,2,10-2,4.371394852797191,3.9685968856016793,0.4027979671955113,C:\Users\Farshelina\desktop\causal_results\causal_results\qwen25_lora_scan_v5_layers_7_13\head_scan_Qwen2___5-7B_Qwen2.5-7B-LoRA-doudizhu-v2.csv,1.390710671742757,1.2688448429107666,0.1218658288319904,C:\Users\Farshelina\desktop\causal_results\causal_results\qwen25_base_scan_v5_layers_7_13\head_scan_Qwen2___5-7B_base.csv,0.2809321383635209,7-13
26,14,26-14,4.371394852797191,4.248123268286387,0.1232715845108032,C:\Users\Farshelina\desktop\causal_results\causal_results\qwen25_lora_scan_v5_layers_21_27\head_scan_Qwen2___5-7B_Qwen2.5-7B-LoRA-doudizhu-v2.csv,1.390710671742757,1.5482868353525798,-0.1575761636098227,C:\Users\Farshelina\desktop\causal_results\causal_results\qwen25_base_scan_v5_layers_21_27\head_scan_Qwen2___5-7B_base.csv,0.2808477481206259,21-27
1,6,1-6,4.371394852797191,4.286118686199188,0.0852761665980024,C:\Users\Farshelina\desktop\causal_results\causal_results\qwen25_lora_scan_v5_layers_0_6\head_scan_Qwen2___5-7B_Qwen2.5-7B-LoRA-doudizhu-v2.csv,1.390710671742757,1.5855375130971272,-0.1948268413543701,C:\Users\Farshelina\desktop\causal_results\causal_results\qwen25_base_scan_v5_layers_0_6\head_scan_Qwen2___5-7B_base.csv,0.2801030079523725,0-6
3,24,3-24,4.371394852797191,4.123902797698975,0.247492055098216,C:\Users\Farshelina\desktop\causal_results\causal_results\qwen25_lora_scan_v5_layers_0_6\head_scan_Qwen2___5-7B_Qwen2.5-7B-LoRA-doudizhu-v2.csv,1.390710671742757,1.4224505424499512,-0.031739870707194,C:\Users\Farshelina\desktop\causal_results\causal_results\qwen25_base_scan_v5_layers_0_6\head_scan_Qwen2___5-7B_base.csv,0.27923192580541,0-6
11,18,11-18,4.371394852797191,4.046644667784373,0.3247501850128174,C:\Users\Farshelina\desktop\causal_results\causal_results\qwen25_lora_scan_v5_layers_7_13\head_scan_Qwen2___5-7B_Qwen2.5-7B-LoRA-doudizhu-v2.csv,1.390710671742757,1.3432904879252117,0.0474201838175454,C:\Users\Farshelina\desktop\causal_results\causal_results\qwen25_base_scan_v5_layers_7_13\head_scan_Qwen2___5-7B_base.csv,0.2773300011952719,7-13
1,0,1-0,4.371394852797191,4.112638155619304,0.2587566971778869,C:\Users\Farshelina\desktop\causal_results\causal_results\qwen25_lora_scan_v5_layers_0_6\head_scan_Qwen2___5-7B_Qwen2.5-7B-LoRA-doudizhu-v2.csv,1.390710671742757,1.407746156056722,-0.0170354843139648,C:\Users\Farshelina\desktop\causal_results\causal_results\qwen25_base_scan_v5_layers_0_6\head_scan_Qwen2___5-7B_base.csv,0.2757921814918517,0-6
2,24,2-24,4.371394852797191,4.2175302902857466,0.1538645625114441,C:\Users\Farshelina\desktop\causal_results\causal_results\qwen25_lora_scan_v5_layers_0_6\head_scan_Qwen2___5-7B_Qwen2.5-7B-LoRA-doudizhu-v2.csv,1.390710671742757,1.512243668238322,-0.1215329964955649,C:\Users\Farshelina\desktop\causal_results\causal_results\qwen25_base_scan_v5_layers_0_6\head_scan_Qwen2___5-7B_base.csv,0.275397559007009,0-6
5,15,5-15,4.371394852797191,4.031911591688792,0.3394832611083984,C:\Users\Farshelina\desktop\causal_results\causal_results\qwen25_lora_scan_v5_layers_0_6\head_scan_Qwen2___5-7B_Qwen2.5-7B-LoRA-doudizhu-v2.csv,1.390710671742757,1.325762192408244,0.0649484793345132,C:\Users\Farshelina\desktop\causal_results\causal_results\qwen25_base_scan_v5_layers_0_6\head_scan_Qwen2___5-7B_base.csv,0.2745347817738852,0-6
8,3,8-3,4.371394852797191,4.094479312499364,0.2769155402978267,C:\Users\Farshelina\desktop\causal_results\causal_results\qwen25_lora_scan_v5_layers_7_13\head_scan_Qwen2___5-7B_Qwen2.5-7B-LoRA-doudizhu-v2.csv,1.390710671742757,1.3879186312357583,0.0027920405069985,C:\Users\Farshelina\desktop\causal_results\causal_results\qwen25_base_scan_v5_layers_7_13\head_scan_Qwen2___5-7B_base.csv,0.2741234997908282,7-13
0,9,0-9,4.371394852797191,4.309783548116684,0.0616113046805066,C:\Users\Farshelina\desktop\causal_results\causal_results\qwen25_lora_scan_v5_layers_0_6\head_scan_Qwen2___5-7B_Qwen2.5-7B-LoRA-doudizhu-v2.csv,1.390710671742757,1.5993946393330891,-0.208683967590332,C:\Users\Farshelina\desktop\causal_results\causal_results\qwen25_base_scan_v5_layers_0_6\head_scan_Qwen2___5-7B_base.csv,0.2702952722708386,0-6
7,20,7-20,4.371394852797191,4.073501616716385,0.2978932360808057,C:\Users\Farshelina\desktop\causal_results\causal_results\qwen25_lora_scan_v5_layers_7_13\head_scan_Qwen2___5-7B_Qwen2.5-7B-LoRA-doudizhu-v2.csv,1.390710671742757,1.3619545300801594,0.0287561416625976,C:\Users\Farshelina\desktop\causal_results\causal_results\qwen25_base_scan_v5_layers_7_13\head_scan_Qwen2___5-7B_base.csv,0.2691370944182081,7-13
16,12,16-12,4.371394852797191,4.225863496462504,0.1455313563346862,C:\Users\Farshelina\desktop\causal_results\causal_results\qwen25_lora_scan_v5_layers_14_20\head_scan_Qwen2___5-7B_Qwen2.5-7B-LoRA-doudizhu-v2.csv,1.390710671742757,1.5128581523895264,-0.1221474806467692,C:\Users\Farshelina\desktop\causal_results\causal_results\qwen25_base_scan_v5_layers_14_20\head_scan_Qwen2___5-7B_base.csv,0.2676788369814554,14-20
6,1,6-1,4.371394852797191,4.012332290410996,0.3590625623861951,C:\Users\Farshelina\desktop\causal_results\causal_results\qwen25_lora_scan_v5_layers_0_6\head_scan_Qwen2___5-7B_Qwen2.5-7B-LoRA-doudizhu-v2.csv,1.390710671742757,1.2940528392791748,0.0966578324635822,C:\Users\Farshelina\desktop\causal_results\causal_results\qwen25_base_scan_v5_layers_0_6\head_scan_Qwen2___5-7B_base.csv,0.2624047299226129,0-6
19,15,19-15,4.371394852797191,4.076430519421895,0.2949643333752956,C:\Users\Farshelina\desktop\causal_results\causal_results\qwen25_lora_scan_v5_layers_14_20\head_scan_Qwen2___5-7B_Qwen2.5-7B-LoRA-doudizhu-v2.csv,1.390710671742757,1.353669246037801,0.037041425704956,C:\Users\Farshelina\desktop\causal_results\causal_results\qwen25_base_scan_v5_layers_14_20\head_scan_Qwen2___5-7B_base.csv,0.2579229076703396,14-20
3,19,3-19,4.371394852797191,4.174726794163386,0.1966680586338043,C:\Users\Farshelina\desktop\causal_results\causal_results\qwen25_lora_scan_v5_layers_0_6\head_scan_Qwen2___5-7B_Qwen2.5-7B-LoRA-doudizhu-v2.csv,1.390710671742757,1.4505216280619304,-0.0598109563191733,C:\Users\Farshelina\desktop\causal_results\causal_results\qwen25_base_scan_v5_layers_0_6\head_scan_Qwen2___5-7B_base.csv,0.2564790149529776,0-6
15,18,15-18,4.371394852797191,4.117602308591207,0.253792544205984,C:\Users\Farshelina\desktop\causal_results\causal_results\qwen25_lora_scan_v5_layers_14_20\head_scan_Qwen2___5-7B_Qwen2.5-7B-LoRA-doudizhu-v2.csv,1.390710671742757,1.3930630683898926,-0.0023523966471354,C:\Users\Farshelina\desktop\causal_results\causal_results\qwen25_base_scan_v5_layers_14_20\head_scan_Qwen2___5-7B_base.csv,0.2561449408531194,14-20
15,12,15-12,4.371394852797191,4.044879953066508,0.3265148997306824,C:\Users\Farshelina\desktop\causal_results\causal_results\qwen25_lora_scan_v5_layers_14_20\head_scan_Qwen2___5-7B_Qwen2.5-7B-LoRA-doudizhu-v2.csv,1.390710671742757,1.3196316560109456,0.0710790157318115,C:\Users\Farshelina\desktop\causal_results\causal_results\qwen25_base_scan_v5_layers_14_20\head_scan_Qwen2___5-7B_base.csv,0.2554358839988708,14-20
20,6,20-6,4.371394852797191,4.072371751070023,0.299023101727168,C:\Users\Farshelina\desktop\causal_results\causal_results\qwen25_lora_scan_v5_layers_14_20\head_scan_Qwen2___5-7B_Qwen2.5-7B-LoRA-doudizhu-v2.csv,1.390710671742757,1.3464490572611492,0.0442616144816079,C:\Users\Farshelina\desktop\causal_results\causal_results\qwen25_base_scan_v5_layers_14_20\head_scan_Qwen2___5-7B_base.csv,0.2547614872455601,14-20
14,23,14-23,4.371394852797191,4.23438439766566,0.1370104551315307,C:\Users\Farshelina\desktop\causal_results\causal_results\qwen25_lora_scan_v5_layers_14_20\head_scan_Qwen2___5-7B_Qwen2.5-7B-LoRA-doudizhu-v2.csv,1.390710671742757,1.505975564320882,-0.115264892578125,C:\Users\Farshelina\desktop\causal_results\causal_results\qwen25_base_scan_v5_layers_14_20\head_scan_Qwen2___5-7B_base.csv,0.2522753477096557,14-20
18,26,18-26,4.371394852797191,4.206514855225881,0.16487999757131,C:\Users\Farshelina\desktop\causal_results\causal_results\qwen25_lora_scan_v5_layers_14_20\head_scan_Qwen2___5-7B_Qwen2.5-7B-LoRA-doudizhu-v2.csv,1.390710671742757,1.4726107915242512,-0.0819001197814941,C:\Users\Farshelina\desktop\causal_results\causal_results\qwen25_base_scan_v5_layers_14_20\head_scan_Qwen2___5-7B_base.csv,0.246780117352804,14-20
9,26,9-26,4.371394852797191,4.179360787073772,0.1920340657234192,C:\Users\Farshelina\desktop\causal_results\causal_results\qwen25_lora_scan_v5_layers_7_13\head_scan_Qwen2___5-7B_Qwen2.5-7B-LoRA-doudizhu-v2.csv,1.390710671742757,1.4443280696868896,-0.0536173979441325,C:\Users\Farshelina\desktop\causal_results\causal_results\qwen25_base_scan_v5_layers_7_13\head_scan_Qwen2___5-7B_base.csv,0.2456514636675517,7-13
4,15,4-15,4.371394852797191,3.964899281660716,0.406495571136475,C:\Users\Farshelina\desktop\causal_results\causal_results\qwen25_lora_scan_v5_layers_0_6\head_scan_Qwen2___5-7B_Qwen2.5-7B-LoRA-doudizhu-v2.csv,1.390710671742757,1.2290767033894856,0.1616339683532714,C:\Users\Farshelina\desktop\causal_results\causal_results\qwen25_base_scan_v5_layers_0_6\head_scan_Qwen2___5-7B_base.csv,0.2448616027832036,0-6
0,14,0-14,4.371394852797191,4.194815476735433,0.176579376061758,C:\Users\Farshelina\desktop\causal_results\causal_results\qwen25_lora_scan_v5_layers_0_6\head_scan_Qwen2___5-7B_Qwen2.5-7B-LoRA-doudizhu-v2.csv,1.390710671742757,1.457115093866984,-0.066404422124227,C:\Users\Farshelina\desktop\causal_results\causal_results\qwen25_base_scan_v5_layers_0_6\head_scan_Qwen2___5-7B_base.csv,0.2429837981859849,0-6
2,26,2-26,4.371394852797191,3.985431452592214,0.3859634002049765,C:\Users\Farshelina\desktop\causal_results\causal_results\qwen25_lora_scan_v5_layers_0_6\head_scan_Qwen2___5-7B_Qwen2.5-7B-LoRA-doudizhu-v2.csv,1.390710671742757,1.2416873772939043,0.1490232944488525,C:\Users\Farshelina\desktop\causal_results\causal_results\qwen25_base_scan_v5_layers_0_6\head_scan_Qwen2___5-7B_base.csv,0.2369401057561239,0-6
9,14,9-14,4.371394852797191,3.684886395931244,0.6865084568659467,C:\Users\Farshelina\desktop\causal_results\causal_results\qwen25_lora_scan_v5_layers_7_13\head_scan_Qwen2___5-7B_Qwen2.5-7B-LoRA-doudizhu-v2.csv,1.390710671742757,0.9358339309692384,0.4548767407735188,C:\Users\Farshelina\desktop\causal_results\causal_results\qwen25_base_scan_v5_layers_7_13\head_scan_Qwen2___5-7B_base.csv,0.2316317160924279,7-13
27,3,27-3,4.371394852797191,4.114297052224477,0.2570978005727138,C:\Users\Farshelina\desktop\causal_results\causal_results\qwen25_lora_scan_v5_layers_21_27\head_scan_Qwen2___5-7B_Qwen2.5-7B-LoRA-doudizhu-v2.csv,1.390710671742757,1.3649134635925293,0.0257972081502277,C:\Users\Farshelina\desktop\causal_results\causal_results\qwen25_base_scan_v5_layers_21_27\head_scan_Qwen2___5-7B_base.csv,0.2313005924224861,21-27
15,19,15-19,4.371394852797191,4.108249237140019,0.2631456156571712,C:\Users\Farshelina\desktop\causal_results\causal_results\qwen25_lora_scan_v5_layers_14_20\head_scan_Qwen2___5-7B_Qwen2.5-7B-LoRA-doudizhu-v2.csv,1.390710671742757,1.3571526209513347,0.0335580507914223,C:\Users\Farshelina\desktop\causal_results\causal_results\qwen25_base_scan_v5_layers_14_20\head_scan_Qwen2___5-7B_base.csv,0.2295875648657489,14-20
13,8,13-8,4.371394852797191,4.05489597717921,0.3164988756179809,C:\Users\Farshelina\desktop\causal_results\causal_results\qwen25_lora_scan_v5_layers_7_13\head_scan_Qwen2___5-7B_Qwen2.5-7B-LoRA-doudizhu-v2.csv,1.390710671742757,1.3031547864278157,0.0875558853149414,C:\Users\Farshelina\desktop\causal_results\causal_results\qwen25_base_scan_v5_layers_7_13\head_scan_Qwen2___5-7B_base.csv,0.2289429903030395,7-13
22,21,22-21,4.371394852797191,4.17842564980189,0.1929692029953003,C:\Users\Farshelina\desktop\causal_results\causal_results\qwen25_lora_scan_v5_layers_21_27\head_scan_Qwen2___5-7B_Qwen2.5-7B-LoRA-doudizhu-v2.csv,1.390710671742757,1.4265429973602295,-0.0358323256174724,C:\Users\Farshelina\desktop\causal_results\causal_results\qwen25_base_scan_v5_layers_21_27\head_scan_Qwen2___5-7B_base.csv,0.2288015286127727,21-27
7,24,7-24,4.371394852797191,3.9896342555681854,0.3817605972290043,C:\Users\Farshelina\desktop\causal_results\causal_results\qwen25_lora_scan_v5_layers_7_13\head_scan_Qwen2___5-7B_Qwen2.5-7B-LoRA-doudizhu-v2.csv,1.390710671742757,1.2358413537343342,0.1548693180084228,C:\Users\Farshelina\desktop\causal_results\causal_results\qwen25_base_scan_v5_layers_7_13\head_scan_Qwen2___5-7B_base.csv,0.2268912792205815,7-13
3,27,3-27,4.371394852797191,4.21030322710673,0.1610916256904602,C:\Users\Farshelina\desktop\causal_results\causal_results\qwen25_lora_scan_v5_layers_0_6\head_scan_Qwen2___5-7B_Qwen2.5-7B-LoRA-doudizhu-v2.csv,1.390710671742757,1.4547151724497478,-0.0640045007069907,C:\Users\Farshelina\desktop\causal_results\causal_results\qwen25_base_scan_v5_layers_0_6\head_scan_Qwen2___5-7B_base.csv,0.2250961263974509,0-6
4,18,4-18,4.371394852797191,4.122385561466217,0.2490092913309736,C:\Users\Farshelina\desktop\causal_results\causal_results\qwen25_lora_scan_v5_layers_0_6\head_scan_Qwen2___5-7B_Qwen2.5-7B-LoRA-doudizhu-v2.csv,1.390710671742757,1.3652840455373128,0.0254266262054443,C:\Users\Farshelina\desktop\causal_results\causal_results\qwen25_base_scan_v5_layers_0_6\head_scan_Qwen2___5-7B_base.csv,0.2235826651255293,0-6
4,16,4-16,4.371394852797191,4.303619861602783,0.0677749911944074,C:\Users\Farshelina\desktop\causal_results\causal_results\qwen25_lora_scan_v5_layers_0_6\head_scan_Qwen2___5-7B_Qwen2.5-7B-LoRA-doudizhu-v2.csv,1.390710671742757,1.544884204864502,-0.1541735331217448,C:\Users\Farshelina\desktop\causal_results\causal_results\qwen25_base_scan_v5_layers_0_6\head_scan_Qwen2___5-7B_base.csv,0.2219485243161522,0-6
10,20,10-20,4.371394852797191,4.191497017939885,0.1798978348573054,C:\Users\Farshelina\desktop\causal_results\causal_results\qwen25_lora_scan_v5_layers_7_13\head_scan_Qwen2___5-7B_Qwen2.5-7B-LoRA-doudizhu-v2.csv,1.390710671742757,1.432276487350464,-0.0415658156077067,C:\Users\Farshelina\desktop\causal_results\causal_results\qwen25_base_scan_v5_layers_7_13\head_scan_Qwen2___5-7B_base.csv,0.2214636504650121,7-13
17,18,17-18,4.371394852797191,4.120044986406962,0.2513498663902282,C:\Users\Farshelina\desktop\causal_results\causal_results\qwen25_lora_scan_v5_layers_14_20\head_scan_Qwen2___5-7B_Qwen2.5-7B-LoRA-doudizhu-v2.csv,1.390710671742757,1.3604886531829834,0.0302220185597736,C:\Users\Farshelina\desktop\causal_results\causal_results\qwen25_base_scan_v5_layers_14_20\head_scan_Qwen2___5-7B_base.csv,0.2211278478304546,14-20
8,0,8-0,4.371394852797191,4.162319084008535,0.2090757687886562,C:\Users\Farshelina\desktop\causal_results\causal_results\qwen25_lora_scan_v5_layers_7_13\head_scan_Qwen2___5-7B_Qwen2.5-7B-LoRA-doudizhu-v2.csv,1.390710671742757,1.4003702799479167,-0.0096596082051596,C:\Users\Farshelina\desktop\causal_results\causal_results\qwen25_base_scan_v5_layers_7_13\head_scan_Qwen2___5-7B_base.csv,0.2187353769938158,7-13
5,8,5-8,4.371394852797191,4.297018378973007,0.0743764738241834,C:\Users\Farshelina\desktop\causal_results\causal_results\qwen25_lora_scan_v5_layers_0_6\head_scan_Qwen2___5-7B_Qwen2.5-7B-LoRA-doudizhu-v2.csv,1.390710671742757,1.5345908800760906,-0.1438802083333334,C:\Users\Farshelina\desktop\causal_results\causal_results\qwen25_base_scan_v5_layers_0_6\head_scan_Qwen2___5-7B_base.csv,0.2182566821575168,0-6
20,4,20-4,4.371394852797191,4.14128824075063,0.2301066120465602,C:\Users\Farshelina\desktop\causal_results\causal_results\qwen25_lora_scan_v5_layers_14_20\head_scan_Qwen2___5-7B_Qwen2.5-7B-LoRA-doudizhu-v2.csv,1.390710671742757,1.3767135938008626,0.0139970779418945,C:\Users\Farshelina\desktop\causal_results\causal_results\qwen25_base_scan_v5_layers_14_20\head_scan_Qwen2___5-7B_base.csv,0.2161095341046656,14-20
3,0,3-0,4.371394852797191,4.154749671618144,0.2166451811790466,C:\Users\Farshelina\desktop\causal_results\causal_results\qwen25_lora_scan_v5_layers_0_6\head_scan_Qwen2___5-7B_Qwen2.5-7B-LoRA-doudizhu-v2.csv,1.390710671742757,1.3866639137268066,0.0040467580159504,C:\Users\Farshelina\desktop\causal_results\causal_results\qwen25_base_scan_v5_layers_0_6\head_scan_Qwen2___5-7B_base.csv,0.2125984231630962,0-6
25,25,25-25,4.371394852797191,4.2175013422966,0.1538935105005903,C:\Users\Farshelina\desktop\causal_results\causal_results\qwen25_lora_scan_v5_layers_21_27\head_scan_Qwen2___5-7B_Qwen2.5-7B-LoRA-doudizhu-v2.csv,1.390710671742757,1.4456785519917803,-0.0549678802490234,C:\Users\Farshelina\desktop\causal_results\causal_results\qwen25_base_scan_v5_layers_21_27\head_scan_Qwen2___5-7B_base.csv,0.2088613907496137,21-27
9,7,9-7,4.371394852797191,4.254169682661693,0.117225170135498,C:\Users\Farshelina\desktop\causal_results\causal_results\qwen25_lora_scan_v5_layers_7_13\head_scan_Qwen2___5-7B_Qwen2.5-7B-LoRA-doudizhu-v2.csv,1.390710671742757,1.4806968371073406,-0.0899861653645834,C:\Users\Farshelina\desktop\causal_results\causal_results\qwen25_base_scan_v5_layers_7_13\head_scan_Qwen2___5-7B_base.csv,0.2072113355000814,7-13
12,15,12-15,4.371394852797191,4.312557766834895,0.0588370859622955,C:\Users\Farshelina\desktop\causal_results\causal_results\qwen25_lora_scan_v5_layers_7_13\head_scan_Qwen2___5-7B_Qwen2.5-7B-LoRA-doudizhu-v2.csv,1.390710671742757,1.5390032927195232,-0.1482926209767661,C:\Users\Farshelina\desktop\causal_results\causal_results\qwen25_base_scan_v5_layers_7_13\head_scan_Qwen2___5-7B_base.csv,0.2071297069390616,7-13
24,21,24-21,4.371394852797191,4.190207600593567,0.1811872522036237,C:\Users\Farshelina\desktop\causal_results\causal_results\qwen25_lora_scan_v5_layers_21_27\head_scan_Qwen2___5-7B_Qwen2.5-7B-LoRA-doudizhu-v2.csv,1.390710671742757,1.4126571814219158,-0.0219465096791586,C:\Users\Farshelina\desktop\causal_results\causal_results\qwen25_base_scan_v5_layers_21_27\head_scan_Qwen2___5-7B_base.csv,0.2031337618827823,21-27
7,11,7-11,4.371394852797191,4.152935743331909,0.2184591094652814,C:\Users\Farshelina\desktop\causal_results\causal_results\qwen25_lora_scan_v5_layers_7_13\head_scan_Qwen2___5-7B_Qwen2.5-7B-LoRA-doudizhu-v2.csv,1.390710671742757,1.3718124230702715,0.0188982486724853,C:\Users\Farshelina\desktop\causal_results\causal_results\qwen25_base_scan_v5_layers_7_13\head_scan_Qwen2___5-7B_base.csv,0.1995608607927961,7-13
14,24,14-24,4.371394852797191,4.101083358128865,0.2703114946683254,C:\Users\Farshelina\desktop\causal_results\causal_results\qwen25_lora_scan_v5_layers_14_20\head_scan_Qwen2___5-7B_Qwen2.5-7B-LoRA-doudizhu-v2.csv,1.390710671742757,1.314253568649292,0.0764571030934651,C:\Users\Farshelina\desktop\causal_results\causal_results\qwen25_base_scan_v5_layers_14_20\head_scan_Qwen2___5-7B_base.csv,0.1938543915748602,14-20
6,14,6-14,4.371394852797191,4.266959448655446,0.1044354041417445,C:\Users\Farshelina\desktop\causal_results\causal_results\qwen25_lora_scan_v5_layers_0_6\head_scan_Qwen2___5-7B_Qwen2.5-7B-LoRA-doudizhu-v2.csv,1.390710671742757,1.4785444736480713,-0.0878338019053142,C:\Users\Farshelina\desktop\causal_results\causal_results\qwen25_base_scan_v5_layers_0_6\head_scan_Qwen2___5-7B_base.csv,0.1922692060470587,0-6
3,15,3-15,4.371394852797191,4.128736734390259,0.2426581184069318,C:\Users\Farshelina\desktop\causal_results\causal_results\qwen25_lora_scan_v5_layers_0_6\head_scan_Qwen2___5-7B_Qwen2.5-7B-LoRA-doudizhu-v2.csv,1.390710671742757,1.3395020167032878,0.0512086550394692,C:\Users\Farshelina\desktop\causal_results\causal_results\qwen25_base_scan_v5_layers_0_6\head_scan_Qwen2___5-7B_base.csv,0.1914494633674626,0-6
5,19,5-19,4.371394852797191,4.1129695773124695,0.2584252754847211,C:\Users\Farshelina\desktop\causal_results\causal_results\qwen25_lora_scan_v5_layers_0_6\head_scan_Qwen2___5-7B_Qwen2.5-7B-LoRA-doudizhu-v2.csv,1.390710671742757,1.3223872979482014,0.0683233737945556,C:\Users\Farshelina\desktop\causal_results\causal_results\qwen25_base_scan_v5_layers_0_6\head_scan_Qwen2___5-7B_base.csv,0.1901019016901655,0-6
22,6,22-6,4.371394852797191,4.272304097811381,0.0990907549858093,C:\Users\Farshelina\desktop\causal_results\causal_results\qwen25_lora_scan_v5_layers_21_27\head_scan_Qwen2___5-7B_Qwen2.5-7B-LoRA-doudizhu-v2.csv,1.390710671742757,1.481023947397868,-0.0903132756551108,C:\Users\Farshelina\desktop\causal_results\causal_results\qwen25_base_scan_v5_layers_21_27\head_scan_Qwen2___5-7B_base.csv,0.1894040306409201,21-27
15,5,15-5,4.371394852797191,3.843633184830348,0.5277616679668431,C:\Users\Farshelina\desktop\causal_results\causal_results\qwen25_lora_scan_v5_layers_14_20\head_scan_Qwen2___5-7B_Qwen2.5-7B-LoRA-doudizhu-v2.csv,1.390710671742757,1.0517024199167888,0.3390082518259683,C:\Users\Farshelina\desktop\causal_results\causal_results\qwen25_base_scan_v5_layers_14_20\head_scan_Qwen2___5-7B_base.csv,0.1887534161408748,14-20
18,2,18-2,4.371394852797191,4.15082601706187,0.220568835735321,C:\Users\Farshelina\desktop\causal_results\causal_results\qwen25_lora_scan_v5_layers_14_20\head_scan_Qwen2___5-7B_Qwen2.5-7B-LoRA-doudizhu-v2.csv,1.390710671742757,1.3588418165842693,0.0318688551584878,C:\Users\Farshelina\desktop\causal_results\causal_results\qwen25_base_scan_v5_layers_14_20\head_scan_Qwen2___5-7B_base.csv,0.1886999805768331,14-20
0,3,0-3,4.371394852797191,2.454703539609909,1.9166913131872816,C:\Users\Farshelina\desktop\causal_results\causal_results\qwen25_lora_scan_v5_layers_0_6\head_scan_Qwen2___5-7B_Qwen2.5-7B-LoRA-doudizhu-v2.csv,1.390710671742757,-0.3379658857981364,1.7286765575408936,C:\Users\Farshelina\desktop\causal_results\causal_results\qwen25_base_scan_v5_layers_0_6\head_scan_Qwen2___5-7B_base.csv,0.188014755646388,0-6
8,10,8-10,4.371394852797191,4.211557904879252,0.1598369479179382,C:\Users\Farshelina\desktop\causal_results\causal_results\qwen25_lora_scan_v5_layers_7_13\head_scan_Qwen2___5-7B_Qwen2.5-7B-LoRA-doudizhu-v2.csv,1.390710671742757,1.4163694381713867,-0.0256587664286296,C:\Users\Farshelina\desktop\causal_results\causal_results\qwen25_base_scan_v5_layers_7_13\head_scan_Qwen2___5-7B_base.csv,0.1854957143465678,7-13
7,13,7-13,4.371394852797191,4.144751330216725,0.2266435225804652,C:\Users\Farshelina\desktop\causal_results\causal_results\qwen25_lora_scan_v5_layers_7_13\head_scan_Qwen2___5-7B_Qwen2.5-7B-LoRA-doudizhu-v2.csv,1.390710671742757,1.342483679453532,0.0482269922892251,C:\Users\Farshelina\desktop\causal_results\causal_results\qwen25_base_scan_v5_layers_7_13\head_scan_Qwen2___5-7B_base.csv,0.1784165302912401,7-13
7,19,7-19,4.371394852797191,4.1134636998176575,0.2579311529795332,C:\Users\Farshelina\desktop\causal_results\causal_results\qwen25_lora_scan_v5_layers_7_13\head_scan_Qwen2___5-7B_Qwen2.5-7B-LoRA-doudizhu-v2.csv,1.390710671742757,1.3104235331217449,0.0802871386210122,C:\Users\Farshelina\desktop\causal_results\causal_results\qwen25_base_scan_v5_layers_7_13\head_scan_Qwen2___5-7B_base.csv,0.1776440143585209,7-13
14,20,14-20,4.371394852797191,4.143623809019725,0.2277710437774658,C:\Users\Farshelina\desktop\causal_results\causal_results\qwen25_lora_scan_v5_layers_14_20\head_scan_Qwen2___5-7B_Qwen2.5-7B-LoRA-doudizhu-v2.csv,1.390710671742757,1.3395818869272869,0.0511287848154702,C:\Users\Farshelina\desktop\causal_results\causal_results\qwen25_base_scan_v5_layers_14_20\head_scan_Qwen2___5-7B_base.csv,0.1766422589619956,14-20
6,5,6-5,4.371394852797191,4.171958367029826,0.1994364857673645,C:\Users\Farshelina\desktop\causal_results\causal_results\qwen25_lora_scan_v5_layers_0_6\head_scan_Qwen2___5-7B_Qwen2.5-7B-LoRA-doudizhu-v2.csv,1.390710671742757,1.3676807085673015,0.0230299631754555,C:\Users\Farshelina\desktop\causal_results\causal_results\qwen25_base_scan_v5_layers_0_6\head_scan_Qwen2___5-7B_base.csv,0.176406522591909,0-6
4,21,4-21,4.371394852797191,4.346107413371404,0.0252874394257869,C:\Users\Farshelina\desktop\causal_results\causal_results\qwen25_lora_scan_v5_layers_0_6\head_scan_Qwen2___5-7B_Qwen2.5-7B-LoRA-doudizhu-v2.csv,1.390710671742757,1.5389644304911296,-0.1482537587483725,C:\Users\Farshelina\desktop\causal_results\causal_results\qwen25_base_scan_v5_layers_0_6\head_scan_Qwen2___5-7B_base.csv,0.1735411981741594,0-6
14,3,14-3,4.371394852797191,4.065205534299214,0.3061893184979762,C:\Users\Farshelina\desktop\causal_results\causal_results\qwen25_lora_scan_v5_layers_14_20\head_scan_Qwen2___5-7B_Qwen2.5-7B-LoRA-doudizhu-v2.csv,1.390710671742757,1.2535560925801594,0.1371545791625976,C:\Users\Farshelina\desktop\causal_results\causal_results\qwen25_base_scan_v5_layers_14_20\head_scan_Qwen2___5-7B_base.csv,0.1690347393353786,14-20
9,3,9-3,4.371394852797191,4.071618805329005,0.2997760474681854,C:\Users\Farshelina\desktop\causal_results\causal_results\qwen25_lora_scan_v5_layers_7_13\head_scan_Qwen2___5-7B_Qwen2.5-7B-LoRA-doudizhu-v2.csv,1.390710671742757,1.2596113681793213,0.1310993035634358,C:\Users\Farshelina\desktop\causal_results\causal_results\qwen25_base_scan_v5_layers_7_13\head_scan_Qwen2___5-7B_base.csv,0.1686767439047496,7-13
18,19,18-19,4.371394852797191,4.20234477519989,0.1690500775973005,C:\Users\Farshelina\desktop\causal_results\causal_results\qwen25_lora_scan_v5_layers_14_20\head_scan_Qwen2___5-7B_Qwen2.5-7B-LoRA-doudizhu-v2.csv,1.390710671742757,1.388649543126424,0.002061128616333,C:\Users\Farshelina\desktop\causal_results\causal_results\qwen25_base_scan_v5_layers_14_20\head_scan_Qwen2___5-7B_base.csv,0.1669889489809675,14-20
5,10,5-10,4.371394852797191,4.15280004342397,0.2185948093732204,C:\Users\Farshelina\desktop\causal_results\causal_results\qwen25_lora_scan_v5_layers_0_6\head_scan_Qwen2___5-7B_Qwen2.5-7B-LoRA-doudizhu-v2.csv,1.390710671742757,1.3386060396830242,0.0521046320597329,C:\Users\Farshelina\desktop\causal_results\causal_results\qwen25_base_scan_v5_layers_0_6\head_scan_Qwen2___5-7B_base.csv,0.1664901773134875,0-6
6,11,6-11,4.371394852797191,4.119132657845815,0.2522621949513759,C:\Users\Farshelina\desktop\causal_results\causal_results\qwen25_lora_scan_v5_layers_0_6\head_scan_Qwen2___5-7B_Qwen2.5-7B-LoRA-doudizhu-v2.csv,1.390710671742757,1.304463783899943,0.0862468878428139,C:\Users\Farshelina\desktop\causal_results\causal_results\qwen25_base_scan_v5_layers_0_6\head_scan_Qwen2___5-7B_base.csv,0.166015307108562,0-6
11,14,11-14,4.371394852797191,4.477665464083354,-0.1062706112861633,C:\Users\Farshelina\desktop\causal_results\causal_results\qwen25_lora_scan_v5_layers_7_13\head_scan_Qwen2___5-7B_Qwen2.5-7B-LoRA-doudizhu-v2.csv,1.390710671742757,1.6574257214864094,-0.2667150497436523,C:\Users\Farshelina\desktop\causal_results\causal_results\qwen25_base_scan_v5_layers_7_13\head_scan_Qwen2___5-7B_base.csv,0.1604444384574889,7-13
26,26,26-26,4.371394852797191,4.160985231399536,0.2104096213976545,C:\Users\Farshelina\desktop\causal_results\causal_results\qwen25_lora_scan_v5_layers_21_27\head_scan_Qwen2___5-7B_Qwen2.5-7B-LoRA-doudizhu-v2.csv,1.390710671742757,1.3406967322031658,0.0500139395395913,C:\Users\Farshelina\desktop\causal_results\causal_results\qwen25_base_scan_v5_layers_21_27\head_scan_Qwen2___5-7B_base.csv,0.1603956818580632,21-27
20,10,20-10,4.371394852797191,4.219974458217621,0.1514203945795698,C:\Users\Farshelina\desktop\causal_results\causal_results\qwen25_lora_scan_v5_layers_14_20\head_scan_Qwen2___5-7B_Qwen2.5-7B-LoRA-doudizhu-v2.csv,1.390710671742757,1.3995968500773113,-0.0088861783345541,C:\Users\Farshelina\desktop\causal_results\causal_results\qwen25_base_scan_v5_layers_14_20\head_scan_Qwen2___5-7B_base.csv,0.1603065729141239,14-20
27,19,27-19,4.371394852797191,4.384348372618358,-0.0129535198211669,C:\Users\Farshelina\desktop\causal_results\causal_results\qwen25_lora_scan_v5_layers_21_27\head_scan_Qwen2___5-7B_Qwen2.5-7B-LoRA-doudizhu-v2.csv,1.390710671742757,1.5633769830067952,-0.172666311264038,C:\Users\Farshelina\desktop\causal_results\causal_results\qwen25_base_scan_v5_layers_21_27\head_scan_Qwen2___5-7B_base.csv,0.1597127914428711,21-27
11,17,11-17,4.371394852797191,4.091433078050613,0.2799617747465772,C:\Users\Farshelina\desktop\causal_results\causal_results\qwen25_lora_scan_v5_layers_7_13\head_scan_Qwen2___5-7B_Qwen2.5-7B-LoRA-doudizhu-v2.csv,1.390710671742757,1.268736441930135,0.121974229812622,C:\Users\Farshelina\desktop\causal_results\causal_results\qwen25_base_scan_v5_layers_7_13\head_scan_Qwen2___5-7B_base.csv,0.1579875449339551,7-13
5,26,5-26,4.371394852797191,4.218363583087921,0.1530312697092695,C:\Users\Farshelina\desktop\causal_results\causal_results\qwen25_lora_scan_v5_layers_0_6\head_scan_Qwen2___5-7B_Qwen2.5-7B-LoRA-doudizhu-v2.csv,1.390710671742757,1.3916490872701008,-0.0009384155273437,C:\Users\Farshelina\desktop\causal_results\causal_results\qwen25_base_scan_v5_layers_0_6\head_scan_Qwen2___5-7B_base.csv,0.1539696852366132,0-6
22,23,22-23,4.371394852797191,4.171394844849904,0.2000000079472865,C:\Users\Farshelina\desktop\causal_results\causal_results\qwen25_lora_scan_v5_layers_21_27\head_scan_Qwen2___5-7B_Qwen2.5-7B-LoRA-doudizhu-v2.csv,1.390710671742757,1.3444684346516926,0.0462422370910644,C:\Users\Farshelina\desktop\causal_results\causal_results\qwen25_base_scan_v5_layers_21_27\head_scan_Qwen2___5-7B_base.csv,0.1537577708562221,21-27
12,21,12-21,4.371394852797191,3.967928340037664,0.4034665127595267,C:\Users\Farshelina\desktop\causal_results\causal_results\qwen25_lora_scan_v5_layers_7_13\head_scan_Qwen2___5-7B_Qwen2.5-7B-LoRA-doudizhu-v2.csv,1.390710671742757,1.1406172116597493,0.2500934600830078,C:\Users\Farshelina\desktop\causal_results\causal_results\qwen25_base_scan_v5_layers_7_13\head_scan_Qwen2___5-7B_base.csv,0.1533730526765189,7-13
17,19,17-19,4.371394852797191,4.210782567660014,0.1606122851371765,C:\Users\Farshelina\desktop\causal_results\causal_results\qwen25_lora_scan_v5_layers_14_20\head_scan_Qwen2___5-7B_Qwen2.5-7B-LoRA-doudizhu-v2.csv,1.390710671742757,1.382735013961792,0.007975657780965,C:\Users\Farshelina\desktop\causal_results\causal_results\qwen25_base_scan_v5_layers_14_20\head_scan_Qwen2___5-7B_base.csv,0.1526366273562115,14-20
18,22,18-22,4.371394852797191,4.317373295625051,0.05402155717214,C:\Users\Farshelina\desktop\causal_results\causal_results\qwen25_lora_scan_v5_layers_14_20\head_scan_Qwen2___5-7B_Qwen2.5-7B-LoRA-doudizhu-v2.csv,1.390710671742757,1.488172133763631,-0.097461462020874,C:\Users\Farshelina\desktop\causal_results\causal_results\qwen25_base_scan_v5_layers_14_20\head_scan_Qwen2___5-7B_base.csv,0.151483019193014,14-20
20,18,20-18,4.371394852797191,4.265377799669902,0.1060170531272888,C:\Users\Farshelina\desktop\causal_results\causal_results\qwen25_lora_scan_v5_layers_14_20\head_scan_Qwen2___5-7B_Qwen2.5-7B-LoRA-doudizhu-v2.csv,1.390710671742757,1.433459997177124,-0.0427493254343669,C:\Users\Farshelina\desktop\causal_results\causal_results\qwen25_base_scan_v5_layers_14_20\head_scan_Qwen2___5-7B_base.csv,0.1487663785616557,14-20
24,23,24-23,4.371394852797191,4.287214517593384,0.0841803352038068,C:\Users\Farshelina\desktop\causal_results\causal_results\qwen25_lora_scan_v5_layers_21_27\head_scan_Qwen2___5-7B_Qwen2.5-7B-LoRA-doudizhu-v2.csv,1.390710671742757,1.4535409609476726,-0.0628302892049155,C:\Users\Farshelina\desktop\causal_results\causal_results\qwen25_base_scan_v5_layers_21_27\head_scan_Qwen2___5-7B_base.csv,0.1470106244087223,21-27
27,8,27-8,4.371394852797191,4.239923536777496,0.1314713160196943,C:\Users\Farshelina\desktop\causal_results\causal_results\qwen25_lora_scan_v5_layers_21_27\head_scan_Qwen2___5-7B_Qwen2.5-7B-LoRA-doudizhu-v2.csv,1.390710671742757,1.4058817227681475,-0.0151710510253906,C:\Users\Farshelina\desktop\causal_results\causal_results\qwen25_base_scan_v5_layers_21_27\head_scan_Qwen2___5-7B_base.csv,0.1466423670450849,21-27
23,10,23-10,4.371394852797191,4.22457754611969,0.1468173066775007,C:\Users\Farshelina\desktop\causal_results\causal_results\qwen25_lora_scan_v5_layers_21_27\head_scan_Qwen2___5-7B_Qwen2.5-7B-LoRA-doudizhu-v2.csv,1.390710671742757,1.3897249698638916,0.0009857018788654,C:\Users\Farshelina\desktop\causal_results\causal_results\qwen25_base_scan_v5_layers_21_27\head_scan_Qwen2___5-7B_base.csv,0.1458316047986353,21-27
13,9,13-9,4.371394852797191,4.1878929535547895,0.1835018992424011,C:\Users\Farshelina\desktop\causal_results\causal_results\qwen25_lora_scan_v5_layers_7_13\head_scan_Qwen2___5-7B_Qwen2.5-7B-LoRA-doudizhu-v2.csv,1.390710671742757,1.3528180917104085,0.0378925800323486,C:\Users\Farshelina\desktop\causal_results\causal_results\qwen25_base_scan_v5_layers_7_13\head_scan_Qwen2___5-7B_base.csv,0.1456093192100525,7-13
15,0,15-0,4.371394852797191,4.3146500786145525,0.0567447741826381,C:\Users\Farshelina\desktop\causal_results\causal_results\qwen25_lora_scan_v5_layers_14_20\head_scan_Qwen2___5-7B_Qwen2.5-7B-LoRA-doudizhu-v2.csv,1.390710671742757,1.4784173170725503,-0.0877066453297934,C:\Users\Farshelina\desktop\causal_results\causal_results\qwen25_base_scan_v5_layers_14_20\head_scan_Qwen2___5-7B_base.csv,0.1444514195124315,14-20
12,18,12-18,4.371394852797191,4.2155783375104265,0.1558165152867641,C:\Users\Farshelina\desktop\causal_results\causal_results\qwen25_lora_scan_v5_layers_7_13\head_scan_Qwen2___5-7B_Qwen2.5-7B-LoRA-doudizhu-v2.csv,1.390710671742757,1.378480037053426,0.012230634689331,C:\Users\Farshelina\desktop\causal_results\causal_results\qwen25_base_scan_v5_layers_7_13\head_scan_Qwen2___5-7B_base.csv,0.1435858805974331,7-13
20,9,20-9,4.371394852797191,4.244978408018748,0.1264164447784423,C:\Users\Farshelina\desktop\causal_results\causal_results\qwen25_lora_scan_v5_layers_14_20\head_scan_Qwen2___5-7B_Qwen2.5-7B-LoRA-doudizhu-v2.csv,1.390710671742757,1.406948486963908,-0.0162378152211508,C:\Users\Farshelina\desktop\causal_results\causal_results\qwen25_base_scan_v5_layers_14_20\head_scan_Qwen2___5-7B_base.csv,0.1426542599995931,14-20
10,7,10-7,4.371394852797191,4.213630268971126,0.157764583826065,C:\Users\Farshelina\desktop\causal_results\causal_results\qwen25_lora_scan_v5_layers_7_13\head_scan_Qwen2___5-7B_Qwen2.5-7B-LoRA-doudizhu-v2.csv,1.390710671742757,1.3754969437917073,0.0152137279510498,C:\Users\Farshelina\desktop\causal_results\causal_results\qwen25_base_scan_v5_layers_7_13\head_scan_Qwen2___5-7B_base.csv,0.1425508558750152,7-13
18,27,18-27,4.371394852797191,3.967090765635173,0.4043040871620182,C:\Users\Farshelina\desktop\causal_results\causal_results\qwen25_lora_scan_v5_layers_14_20\head_scan_Qwen2___5-7B_Qwen2.5-7B-LoRA-doudizhu-v2.csv,1.390710671742757,1.1267032623291016,0.2640074094136555,C:\Users\Farshelina\desktop\causal_results\causal_results\qwen25_base_scan_v5_layers_14_20\head_scan_Qwen2___5-7B_base.csv,0.1402966777483626,14-20
14,5,14-5,4.371394852797191,4.266654849052429,0.1047400037447614,C:\Users\Farshelina\desktop\causal_results\causal_results\qwen25_lora_scan_v5_layers_14_20\head_scan_Qwen2___5-7B_Qwen2.5-7B-LoRA-doudizhu-v2.csv,1.390710671742757,1.417251189549764,-0.0265405178070068,C:\Users\Farshelina\desktop\causal_results\causal_results\qwen25_base_scan_v5_layers_14_20\head_scan_Qwen2___5-7B_base.csv,0.1312805215517682,14-20
1,17,1-17,4.371394852797191,4.394994298617045,-0.0235994458198547,C:\Users\Farshelina\desktop\causal_results\causal_results\qwen25_lora_scan_v5_layers_0_6\head_scan_Qwen2___5-7B_Qwen2.5-7B-LoRA-doudizhu-v2.csv,1.390710671742757,1.545086145401001,-0.1543754736582439,C:\Users\Farshelina\desktop\causal_results\causal_results\qwen25_base_scan_v5_layers_0_6\head_scan_Qwen2___5-7B_base.csv,0.1307760278383891,0-6
16,27,16-27,4.371394852797191,3.963545799255371,0.4078490535418195,C:\Users\Farshelina\desktop\causal_results\causal_results\qwen25_lora_scan_v5_layers_14_20\head_scan_Qwen2___5-7B_Qwen2.5-7B-LoRA-doudizhu-v2.csv,1.390710671742757,1.1117573579152424,0.2789533138275146,C:\Users\Farshelina\desktop\causal_results\causal_results\qwen25_base_scan_v5_layers_14_20\head_scan_Qwen2___5-7B_base.csv,0.1288957397143049,14-20
21,9,21-9,4.371394852797191,4.22320423523585,0.1481906175613403,C:\Users\Farshelina\desktop\causal_results\causal_results\qwen25_lora_scan_v5_layers_21_27\head_scan_Qwen2___5-7B_Qwen2.5-7B-LoRA-doudizhu-v2.csv,1.390710671742757,1.3710452715555828,0.0196654001871743,C:\Users\Farshelina\desktop\causal_results\causal_results\qwen25_base_scan_v5_layers_21_27\head_scan_Qwen2___5-7B_base.csv,0.128525217374166,21-27
27,6,27-6,4.371394852797191,4.264509936173757,0.106884916623434,C:\Users\Farshelina\desktop\causal_results\causal_results\qwen25_lora_scan_v5_layers_21_27\head_scan_Qwen2___5-7B_Qwen2.5-7B-LoRA-doudizhu-v2.csv,1.390710671742757,1.4121746222178142,-0.0214639504750571,C:\Users\Farshelina\desktop\causal_results\causal_results\qwen25_base_scan_v5_layers_21_27\head_scan_Qwen2___5-7B_base.csv,0.128348867098491,21-27
27,17,27-17,4.371394852797191,4.320290644963582,0.0511042078336085,C:\Users\Farshelina\desktop\causal_results\causal_results\qwen25_lora_scan_v5_layers_21_27\head_scan_Qwen2___5-7B_Qwen2.5-7B-LoRA-doudizhu-v2.csv,1.390710671742757,1.4670087496439617,-0.0762980779012045,C:\Users\Farshelina\desktop\causal_results\causal_results\qwen25_base_scan_v5_layers_21_27\head_scan_Qwen2___5-7B_base.csv,0.127402285734813,21-27
9,6,9-6,4.371394852797191,4.311557133992513,0.0598377188046779,C:\Users\Farshelina\desktop\causal_results\causal_results\qwen25_lora_scan_v5_layers_7_13\head_scan_Qwen2___5-7B_Qwen2.5-7B-LoRA-doudizhu-v2.csv,1.390710671742757,1.457888126373291,-0.0671774546305339,C:\Users\Farshelina\desktop\causal_results\causal_results\qwen25_base_scan_v5_layers_7_13\head_scan_Qwen2___5-7B_base.csv,0.1270151734352118,7-13
8,9,8-9,4.371394852797191,4.169398923714955,0.2019959290822353,C:\Users\Farshelina\desktop\causal_results\causal_results\qwen25_lora_scan_v5_layers_7_13\head_scan_Qwen2___5-7B_Qwen2.5-7B-LoRA-doudizhu-v2.csv,1.390710671742757,1.3140215078989663,0.0766891638437905,C:\Users\Farshelina\desktop\causal_results\causal_results\qwen25_base_scan_v5_layers_7_13\head_scan_Qwen2___5-7B_base.csv,0.1253067652384448,7-13
26,15,26-15,4.371394852797191,4.246321340401967,0.1250735123952235,C:\Users\Farshelina\desktop\causal_results\causal_results\qwen25_lora_scan_v5_layers_21_27\head_scan_Qwen2___5-7B_Qwen2.5-7B-LoRA-doudizhu-v2.csv,1.390710671742757,1.3867487907409668,0.0039618810017902,C:\Users\Farshelina\desktop\causal_results\causal_results\qwen25_base_scan_v5_layers_21_27\head_scan_Qwen2___5-7B_base.csv,0.1211116313934332,21-27
5,14,5-14,4.371394852797191,4.338622609774272,0.0327722430229187,C:\Users\Farshelina\desktop\causal_results\causal_results\qwen25_lora_scan_v5_layers_0_6\head_scan_Qwen2___5-7B_Qwen2.5-7B-LoRA-doudizhu-v2.csv,1.390710671742757,1.4770500659942627,-0.0863393942515056,C:\Users\Farshelina\desktop\causal_results\causal_results\qwen25_base_scan_v5_layers_0_6\head_scan_Qwen2___5-7B_base.csv,0.1191116372744243,0-6
18,20,18-20,4.371394852797191,4.230557411909103,0.1408374408880872,C:\Users\Farshelina\desktop\causal_results\causal_results\qwen25_lora_scan_v5_layers_14_20\head_scan_Qwen2___5-7B_Qwen2.5-7B-LoRA-doudizhu-v2.csv,1.390710671742757,1.3656662305196126,0.0250444412231445,C:\Users\Farshelina\desktop\causal_results\causal_results\qwen25_base_scan_v5_layers_14_20\head_scan_Qwen2___5-7B_base.csv,0.1157929996649426,14-20
21,7,21-7,4.371394852797191,4.278479148944219,0.0929157038529719,C:\Users\Farshelina\desktop\causal_results\causal_results\qwen25_lora_scan_v5_layers_21_27\head_scan_Qwen2___5-7B_Qwen2.5-7B-LoRA-doudizhu-v2.csv,1.390710671742757,1.411243995030721,-0.0205333232879638,C:\Users\Farshelina\desktop\causal_results\causal_results\qwen25_base_scan_v5_layers_21_27\head_scan_Qwen2___5-7B_base.csv,0.1134490271409357,21-27
16,3,16-3,4.371394852797191,4.408974260091782,-0.0375794072945909,C:\Users\Farshelina\desktop\causal_results\causal_results\qwen25_lora_scan_v5_layers_14_20\head_scan_Qwen2___5-7B_Qwen2.5-7B-LoRA-doudizhu-v2.csv,1.390710671742757,1.5400147438049316,-0.1493040720621745,C:\Users\Farshelina\desktop\causal_results\causal_results\qwen25_base_scan_v5_layers_14_20\head_scan_Qwen2___5-7B_base.csv,0.1117246647675836,14-20
24,18,24-18,4.371394852797191,4.2589378754297895,0.1124569773674011,C:\Users\Farshelina\desktop\causal_results\causal_results\qwen25_lora_scan_v5_layers_21_27\head_scan_Qwen2___5-7B_Qwen2.5-7B-LoRA-doudizhu-v2.csv,1.390710671742757,1.3896451791127522,0.0010654926300048,C:\Users\Farshelina\desktop\causal_results\causal_results\qwen25_base_scan_v5_layers_21_27\head_scan_Qwen2___5-7B_base.csv,0.1113914847373963,21-27
21,22,21-22,4.371394852797191,4.276736199855804,0.0946586529413862,C:\Users\Farshelina\desktop\causal_results\causal_results\qwen25_lora_scan_v5_layers_21_27\head_scan_Qwen2___5-7B_Qwen2.5-7B-LoRA-doudizhu-v2.csv,1.390710671742757,1.4063628514607749,-0.0156521797180175,C:\Users\Farshelina\desktop\causal_results\causal_results\qwen25_base_scan_v5_layers_21_27\head_scan_Qwen2___5-7B_base.csv,0.1103108326594037,21-27
5,16,5-16,4.371394852797191,4.308672328790029,0.062722524007162,C:\Users\Farshelina\desktop\causal_results\causal_results\qwen25_lora_scan_v5_layers_0_6\head_scan_Qwen2___5-7B_Qwen2.5-7B-LoRA-doudizhu-v2.csv,1.390710671742757,1.436585823694865,-0.0458751519521078,C:\Users\Farshelina\desktop\causal_results\causal_results\qwen25_base_scan_v5_layers_0_6\head_scan_Qwen2___5-7B_base.csv,0.1085976759592698,0-6
9,1,9-1,4.371394852797191,4.192367345094681,0.1790275077025098,C:\Users\Farshelina\desktop\causal_results\causal_results\qwen25_lora_scan_v5_layers_7_13\head_scan_Qwen2___5-7B_Qwen2.5-7B-LoRA-doudizhu-v2.csv,1.390710671742757,1.3200232982635498,0.0706873734792072,C:\Users\Farshelina\desktop\causal_results\causal_results\qwen25_base_scan_v5_layers_7_13\head_scan_Qwen2___5-7B_base.csv,0.1083401342233026,7-13
25,21,25-21,4.371394852797191,4.268497169017792,0.1028976837793989,C:\Users\Farshelina\desktop\causal_results\causal_results\qwen25_lora_scan_v5_layers_21_27\head_scan_Qwen2___5-7B_Qwen2.5-7B-LoRA-doudizhu-v2.csv,1.390710671742757,1.3940117359161377,-0.0033010641733806,C:\Users\Farshelina\desktop\causal_results\causal_results\qwen25_base_scan_v5_layers_21_27\head_scan_Qwen2___5-7B_base.csv,0.1061987479527794,21-27
17,12,17-12,4.371394852797191,4.273781498273213,0.0976133545239772,C:\Users\Farshelina\desktop\causal_results\causal_results\qwen25_lora_scan_v5_layers_14_20\head_scan_Qwen2___5-7B_Qwen2.5-7B-LoRA-doudizhu-v2.csv,1.390710671742757,1.3988481362660723,-0.0081374645233154,C:\Users\Farshelina\desktop\causal_results\causal_results\qwen25_base_scan_v5_layers_14_20\head_scan_Qwen2___5-7B_base.csv,0.1057508190472926,14-20
5,11,5-11,4.371394852797191,4.21663698554039,0.1547578672568006,C:\Users\Farshelina\desktop\causal_results\causal_results\qwen25_lora_scan_v5_layers_0_6\head_scan_Qwen2___5-7B_Qwen2.5-7B-LoRA-doudizhu-v2.csv,1.390710671742757,1.3413860003153484,0.0493246714274087,C:\Users\Farshelina\desktop\causal_results\causal_results\qwen25_base_scan_v5_layers_0_6\head_scan_Qwen2___5-7B_base.csv,0.1054331958293919,0-6
5,18,5-18,4.371394852797191,4.230610032876332,0.1407848199208583,C:\Users\Farshelina\desktop\causal_results\causal_results\qwen25_lora_scan_v5_layers_0_6\head_scan_Qwen2___5-7B_Qwen2.5-7B-LoRA-doudizhu-v2.csv,1.390710671742757,1.352536678314209,0.0381739934285481,C:\Users\Farshelina\desktop\causal_results\causal_results\qwen25_base_scan_v5_layers_0_6\head_scan_Qwen2___5-7B_base.csv,0.1026108264923102,0-6
2,4,2-4,4.371394852797191,4.047909418741862,0.3234854340553283,C:\Users\Farshelina\desktop\causal_results\causal_results\qwen25_lora_scan_v5_layers_0_6\head_scan_Qwen2___5-7B_Qwen2.5-7B-LoRA-doudizhu-v2.csv,1.390710671742757,1.169603268305461,0.2211074034372964,C:\Users\Farshelina\desktop\causal_results\causal_results\qwen25_base_scan_v5_layers_0_6\head_scan_Qwen2___5-7B_base.csv,0.1023780306180319,0-6
17,20,17-20,4.371394852797191,4.3969420393308,-0.0255471865336094,C:\Users\Farshelina\desktop\causal_results\causal_results\qwen25_lora_scan_v5_layers_14_20\head_scan_Qwen2___5-7B_Qwen2.5-7B-LoRA-doudizhu-v2.csv,1.390710671742757,1.5162382125854492,-0.1255275408426921,C:\Users\Farshelina\desktop\causal_results\causal_results\qwen25_base_scan_v5_layers_14_20\head_scan_Qwen2___5-7B_base.csv,0.0999803543090827,14-20
11,1,11-1,4.371394852797191,4.1176831523577375,0.2537117004394531,C:\Users\Farshelina\desktop\causal_results\causal_results\qwen25_lora_scan_v5_layers_7_13\head_scan_Qwen2___5-7B_Qwen2.5-7B-LoRA-doudizhu-v2.csv,1.390710671742757,1.2357892195383708,0.1549214522043862,C:\Users\Farshelina\desktop\causal_results\causal_results\qwen25_base_scan_v5_layers_7_13\head_scan_Qwen2___5-7B_base.csv,0.0987902482350669,7-13
19,24,19-24,4.371394852797191,4.201164583365123,0.1702302694320678,C:\Users\Farshelina\desktop\causal_results\causal_results\qwen25_lora_scan_v5_layers_14_20\head_scan_Qwen2___5-7B_Qwen2.5-7B-LoRA-doudizhu-v2.csv,1.390710671742757,1.318938970565796,0.0717717011769611,C:\Users\Farshelina\desktop\causal_results\causal_results\qwen25_base_scan_v5_layers_14_20\head_scan_Qwen2___5-7B_base.csv,0.0984585682551066,14-20
12,2,12-2,4.371394852797191,4.203694999217987,0.1676998535792035,C:\Users\Farshelina\desktop\causal_results\causal_results\qwen25_lora_scan_v5_layers_7_13\head_scan_Qwen2___5-7B_Qwen2.5-7B-LoRA-doudizhu-v2.csv,1.390710671742757,1.320958932240804,0.0697517395019531,C:\Users\Farshelina\desktop\causal_results\causal_results\qwen25_base_scan_v5_layers_7_13\head_scan_Qwen2___5-7B_base.csv,0.0979481140772504,7-13
22,11,22-11,4.371394852797191,4.275471568107605,0.0959232846895856,C:\Users\Farshelina\desktop\causal_results\causal_results\qwen25_lora_scan_v5_layers_21_27\head_scan_Qwen2___5-7B_Qwen2.5-7B-LoRA-doudizhu-v2.csv,1.390710671742757,1.3908502260843914,-0.0001395543416342,C:\Users\Farshelina\desktop\causal_results\causal_results\qwen25_base_scan_v5_layers_21_27\head_scan_Qwen2___5-7B_base.csv,0.0960628390312197,21-27
14,1,14-1,4.371394852797191,4.332657337188721,0.0387375156084699,C:\Users\Farshelina\desktop\causal_results\causal_results\qwen25_lora_scan_v5_layers_14_20\head_scan_Qwen2___5-7B_Qwen2.5-7B-LoRA-doudizhu-v2.csv,1.390710671742757,1.4473963578542073,-0.0566856861114501,C:\Users\Farshelina\desktop\causal_results\causal_results\qwen25_base_scan_v5_layers_14_20\head_scan_Qwen2___5-7B_base.csv,0.09542320171992,14-20
22,8,22-8,4.371394852797191,4.270635068416596,0.1007597843805951,C:\Users\Farshelina\desktop\causal_results\causal_results\qwen25_lora_scan_v5_layers_21_27\head_scan_Qwen2___5-7B_Qwen2.5-7B-LoRA-doudizhu-v2.csv,1.390710671742757,1.384007215499878,0.0067034562428791,C:\Users\Farshelina\desktop\causal_results\causal_results\qwen25_base_scan_v5_layers_21_27\head_scan_Qwen2___5-7B_base.csv,0.094056328137716,21-27
26,21,26-21,4.371394852797191,4.343616763750712,0.0277780890464782,C:\Users\Farshelina\desktop\causal_results\causal_results\qwen25_lora_scan_v5_layers_21_27\head_scan_Qwen2___5-7B_Qwen2.5-7B-LoRA-doudizhu-v2.csv,1.390710671742757,1.4551866054534912,-0.0644759337107341,C:\Users\Farshelina\desktop\causal_results\causal_results\qwen25_base_scan_v5_layers_21_27\head_scan_Qwen2___5-7B_base.csv,0.0922540227572123,21-27
6,21,6-21,4.371394852797191,4.261329849561055,0.1100650032361354,C:\Users\Farshelina\desktop\causal_results\causal_results\qwen25_lora_scan_v5_layers_0_6\head_scan_Qwen2___5-7B_Qwen2.5-7B-LoRA-doudizhu-v2.csv,1.390710671742757,1.3710038661956787,0.0197068055470783,C:\Users\Farshelina\desktop\causal_results\causal_results\qwen25_base_scan_v5_layers_0_6\head_scan_Qwen2___5-7B_base.csv,0.090358197689057,0-6
1,18,1-18,4.371394852797191,4.367639482021332,0.0037553707758588,C:\Users\Farshelina\desktop\causal_results\causal_results\qwen25_lora_scan_v5_layers_0_6\head_scan_Qwen2___5-7B_Qwen2.5-7B-LoRA-doudizhu-v2.csv,1.390710671742757,1.4743971824645996,-0.0836865107218425,C:\Users\Farshelina\desktop\causal_results\causal_results\qwen25_base_scan_v5_layers_0_6\head_scan_Qwen2___5-7B_base.csv,0.0874418814977013,0-6
13,24,13-24,4.371394852797191,4.263002892335256,0.108391960461935,C:\Users\Farshelina\desktop\causal_results\causal_results\qwen25_lora_scan_v5_layers_7_13\head_scan_Qwen2___5-7B_Qwen2.5-7B-LoRA-doudizhu-v2.csv,1.390710671742757,1.3696444034576416,0.0210662682851154,C:\Users\Farshelina\desktop\causal_results\causal_results\qwen25_base_scan_v5_layers_7_13\head_scan_Qwen2___5-7B_base.csv,0.0873256921768196,7-13
6,4,6-4,4.371394852797191,4.315927306811015,0.0554675459861755,C:\Users\Farshelina\desktop\causal_results\causal_results\qwen25_lora_scan_v5_layers_0_6\head_scan_Qwen2___5-7B_Qwen2.5-7B-LoRA-doudizhu-v2.csv,1.390710671742757,1.4223629633585613,-0.0316522916158041,C:\Users\Farshelina\desktop\causal_results\causal_results\qwen25_base_scan_v5_layers_0_6\head_scan_Qwen2___5-7B_base.csv,0.0871198376019796,0-6
16,20,16-20,4.371394852797191,4.188000917434692,0.1833939353624982,C:\Users\Farshelina\desktop\causal_results\causal_results\qwen25_lora_scan_v5_layers_14_20\head_scan_Qwen2___5-7B_Qwen2.5-7B-LoRA-doudizhu-v2.csv,1.390710671742757,1.2943729559580486,0.0963377157847085,C:\Users\Farshelina\desktop\causal_results\causal_results\qwen25_base_scan_v5_layers_14_20\head_scan_Qwen2___5-7B_base.csv,0.0870562195777897,14-20
27,20,27-20,4.371394852797191,4.292208254337311,0.0791865984598798,C:\Users\Farshelina\desktop\causal_results\causal_results\qwen25_lora_scan_v5_layers_21_27\head_scan_Qwen2___5-7B_Qwen2.5-7B-LoRA-doudizhu-v2.csv,1.390710671742757,1.398449182510376,-0.0077385107676188,C:\Users\Farshelina\desktop\causal_results\causal_results\qwen25_base_scan_v5_layers_21_27\head_scan_Qwen2___5-7B_base.csv,0.0869251092274986,21-27
20,14,20-14,4.371394852797191,4.2486781279246015,0.1227167248725891,C:\Users\Farshelina\desktop\causal_results\causal_results\qwen25_lora_scan_v5_layers_14_20\head_scan_Qwen2___5-7B_Qwen2.5-7B-LoRA-doudizhu-v2.csv,1.390710671742757,1.3534851868947346,0.0372254848480224,C:\Users\Farshelina\desktop\causal_results\causal_results\qwen25_base_scan_v5_layers_14_20\head_scan_Qwen2___5-7B_base.csv,0.0854912400245667,14-20
2,5,2-5,4.371394852797191,4.169989426930745,0.2014054258664455,C:\Users\Farshelina\desktop\causal_results\causal_results\qwen25_lora_scan_v5_layers_0_6\head_scan_Qwen2___5-7B_Qwen2.5-7B-LoRA-doudizhu-v2.csv,1.390710671742757,1.274627447128296,0.1160832246144611,C:\Users\Farshelina\desktop\causal_results\causal_results\qwen25_base_scan_v5_layers_0_6\head_scan_Qwen2___5-7B_base.csv,0.0853222012519843,0-6
4,8,4-8,4.371394852797191,4.2650026480356855,0.1063922047615051,C:\Users\Farshelina\desktop\causal_results\causal_results\qwen25_lora_scan_v5_layers_0_6\head_scan_Qwen2___5-7B_Qwen2.5-7B-LoRA-doudizhu-v2.csv,1.390710671742757,1.3690075079600017,0.0217031637827553,C:\Users\Farshelina\desktop\causal_results\causal_results\qwen25_base_scan_v5_layers_0_6\head_scan_Qwen2___5-7B_base.csv,0.0846890409787498,0-6
18,6,18-6,4.371394852797191,4.377692937850952,-0.0062980850537615,C:\Users\Farshelina\desktop\causal_results\causal_results\qwen25_lora_scan_v5_layers_14_20\head_scan_Qwen2___5-7B_Qwen2.5-7B-LoRA-doudizhu-v2.csv,1.390710671742757,1.4810462792714436,-0.0903356075286865,C:\Users\Farshelina\desktop\causal_results\causal_results\qwen25_base_scan_v5_layers_14_20\head_scan_Qwen2___5-7B_base.csv,0.0840375224749249,14-20
20,16,20-16,4.371394852797191,4.295967121918996,0.0754277308781947,C:\Users\Farshelina\desktop\causal_results\causal_results\qwen25_lora_scan_v5_layers_14_20\head_scan_Qwen2___5-7B_Qwen2.5-7B-LoRA-doudizhu-v2.csv,1.390710671742757,1.3992106119791667,-0.0084999402364096,C:\Users\Farshelina\desktop\causal_results\causal_results\qwen25_base_scan_v5_layers_14_20\head_scan_Qwen2___5-7B_base.csv,0.0839276711146043,14-20
23,12,23-12,4.371394852797191,4.303292075792949,0.0681027770042419,C:\Users\Farshelina\desktop\causal_results\causal_results\qwen25_lora_scan_v5_layers_21_27\head_scan_Qwen2___5-7B_Qwen2.5-7B-LoRA-doudizhu-v2.csv,1.390710671742757,1.4063856601715088,-0.0156749884287517,C:\Users\Farshelina\desktop\causal_results\causal_results\qwen25_base_scan_v5_layers_21_27\head_scan_Qwen2___5-7B_base.csv,0.0837777654329936,21-27
5,21,5-21,4.371394852797191,4.448125759760539,-0.0767309069633483,C:\Users\Farshelina\desktop\causal_results\causal_results\qwen25_lora_scan_v5_layers_0_6\head_scan_Qwen2___5-7B_Qwen2.5-7B-LoRA-doudizhu-v2.csv,1.390710671742757,1.5503446261088054,-0.1596339543660483,C:\Users\Farshelina\desktop\causal_results\causal_results\qwen25_base_scan_v5_layers_0_6\head_scan_Qwen2___5-7B_base.csv,0.0829030474026999,0-6
11,9,11-9,4.371394852797191,4.660777707894643,-0.2893828550974522,C:\Users\Farshelina\desktop\causal_results\causal_results\qwen25_lora_scan_v5_layers_7_13\head_scan_Qwen2___5-7B_Qwen2.5-7B-LoRA-doudizhu-v2.csv,1.390710671742757,1.7629161675771077,-0.3722054958343506,C:\Users\Farshelina\desktop\causal_results\causal_results\qwen25_base_scan_v5_layers_7_13\head_scan_Qwen2___5-7B_base.csv,0.0828226407368983,7-13
7,10,7-10,4.371394852797191,4.242999007304509,0.1283958454926814,C:\Users\Farshelina\desktop\causal_results\causal_results\qwen25_lora_scan_v5_layers_7_13\head_scan_Qwen2___5-7B_Qwen2.5-7B-LoRA-doudizhu-v2.csv,1.390710671742757,1.3447959423065186,0.0459147294362385,C:\Users\Farshelina\desktop\causal_results\causal_results\qwen25_base_scan_v5_layers_7_13\head_scan_Qwen2___5-7B_base.csv,0.0824811160564429,7-13
8,4,8-4,4.371394852797191,4.296411037445068,0.0749838153521222,C:\Users\Farshelina\desktop\causal_results\causal_results\qwen25_lora_scan_v5_layers_7_13\head_scan_Qwen2___5-7B_Qwen2.5-7B-LoRA-doudizhu-v2.csv,1.390710671742757,1.3981728553771973,-0.0074621836344401,C:\Users\Farshelina\desktop\causal_results\causal_results\qwen25_base_scan_v5_layers_7_13\head_scan_Qwen2___5-7B_base.csv,0.0824459989865623,7-13
24,16,24-16,4.371394852797191,4.331664075454076,0.0397307773431148,C:\Users\Farshelina\desktop\causal_results\causal_results\qwen25_lora_scan_v5_layers_21_27\head_scan_Qwen2___5-7B_Qwen2.5-7B-LoRA-doudizhu-v2.csv,1.390710671742757,1.4331657886505127,-0.0424551169077556,C:\Users\Farshelina\desktop\causal_results\causal_results\qwen25_base_scan_v5_layers_21_27\head_scan_Qwen2___5-7B_base.csv,0.0821858942508704,21-27
14,8,14-8,4.371394852797191,4.0512290596961975,0.3201657931009931,C:\Users\Farshelina\desktop\causal_results\causal_results\qwen25_lora_scan_v5_layers_14_20\head_scan_Qwen2___5-7B_Qwen2.5-7B-LoRA-doudizhu-v2.csv,1.390710671742757,1.1495627562204995,0.2411479155222573,C:\Users\Farshelina\desktop\causal_results\causal_results\qwen25_base_scan_v5_layers_14_20\head_scan_Qwen2___5-7B_base.csv,0.0790178775787357,14-20
27,0,27-0,4.371394852797191,4.314396103223165,0.056998749574026,C:\Users\Farshelina\desktop\causal_results\causal_results\qwen25_lora_scan_v5_layers_21_27\head_scan_Qwen2___5-7B_Qwen2.5-7B-LoRA-doudizhu-v2.csv,1.390710671742757,1.4111456871032717,-0.0204350153605143,C:\Users\Farshelina\desktop\causal_results\causal_results\qwen25_base_scan_v5_layers_21_27\head_scan_Qwen2___5-7B_base.csv,0.0774337649345403,21-27
3,22,3-22,4.371394852797191,4.210708061854045,0.1606867909431457,C:\Users\Farshelina\desktop\causal_results\causal_results\qwen25_lora_scan_v5_layers_0_6\head_scan_Qwen2___5-7B_Qwen2.5-7B-LoRA-doudizhu-v2.csv,1.390710671742757,1.3071878751118975,0.0835227966308593,C:\Users\Farshelina\desktop\causal_results\causal_results\qwen25_base_scan_v5_layers_0_6\head_scan_Qwen2___5-7B_base.csv,0.0771639943122863,0-6
8,23,8-23,4.371394852797191,4.295278946558635,0.0761159062385559,C:\Users\Farshelina\desktop\causal_results\causal_results\qwen25_lora_scan_v5_layers_7_13\head_scan_Qwen2___5-7B_Qwen2.5-7B-LoRA-doudizhu-v2.csv,1.390710671742757,1.3912733395894368,-0.0005626678466796,C:\Users\Farshelina\desktop\causal_results\causal_results\qwen25_base_scan_v5_layers_7_13\head_scan_Qwen2___5-7B_base.csv,0.0766785740852355,7-13
27,2,27-2,4.371394852797191,4.266546448071797,0.1048484047253932,C:\Users\Farshelina\desktop\causal_results\causal_results\qwen25_lora_scan_v5_layers_21_27\head_scan_Qwen2___5-7B_Qwen2.5-7B-LoRA-doudizhu-v2.csv,1.390710671742757,1.3625188668568928,0.0281918048858642,C:\Users\Farshelina\desktop\causal_results\causal_results\qwen25_base_scan_v5_layers_21_27\head_scan_Qwen2___5-7B_base.csv,0.076656599839529,21-27
26,16,26-16,4.371394852797191,4.3287537296613054,0.0426411231358851,C:\Users\Farshelina\desktop\causal_results\causal_results\qwen25_lora_scan_v5_layers_21_27\head_scan_Qwen2___5-7B_Qwen2.5-7B-LoRA-doudizhu-v2.csv,1.390710671742757,1.4246892134348552,-0.0339785416920981,C:\Users\Farshelina\desktop\causal_results\causal_results\qwen25_base_scan_v5_layers_21_27\head_scan_Qwen2___5-7B_base.csv,0.0766196648279832,21-27
25,2,25-2,4.371394852797191,4.305204649766286,0.0661902030309047,C:\Users\Farshelina\desktop\causal_results\causal_results\qwen25_lora_scan_v5_layers_21_27\head_scan_Qwen2___5-7B_Qwen2.5-7B-LoRA-doudizhu-v2.csv,1.390710671742757,1.4007338682810466,-0.0100231965382895,C:\Users\Farshelina\desktop\causal_results\causal_results\qwen25_base_scan_v5_layers_21_27\head_scan_Qwen2___5-7B_base.csv,0.0762133995691941,21-27
20,19,20-19,4.371394852797191,4.314757098754247,0.0566377540429439,C:\Users\Farshelina\desktop\causal_results\causal_results\qwen25_lora_scan_v5_layers_14_20\head_scan_Qwen2___5-7B_Qwen2.5-7B-LoRA-doudizhu-v2.csv,1.390710671742757,1.4087867736816406,-0.0180761019388835,C:\Users\Farshelina\desktop\causal_results\causal_results\qwen25_base_scan_v5_layers_14_20\head_scan_Qwen2___5-7B_base.csv,0.0747138559818273,14-20
21,6,21-6,4.371394852797191,4.294453054666519,0.0769417981306714,C:\Users\Farshelina\desktop\causal_results\causal_results\qwen25_lora_scan_v5_layers_21_27\head_scan_Qwen2___5-7B_Qwen2.5-7B-LoRA-doudizhu-v2.csv,1.390710671742757,1.3878793716430664,0.0028313000996906,C:\Users\Farshelina\desktop\causal_results\causal_results\qwen25_base_scan_v5_layers_21_27\head_scan_Qwen2___5-7B_base.csv,0.0741104980309808,21-27
21,21,21-21,4.371394852797191,4.337388773759206,0.0340060790379848,C:\Users\Farshelina\desktop\causal_results\causal_results\qwen25_lora_scan_v5_layers_21_27\head_scan_Qwen2___5-7B_Qwen2.5-7B-LoRA-doudizhu-v2.csv,1.390710671742757,1.4290812810262044,-0.0383706092834472,C:\Users\Farshelina\desktop\causal_results\causal_results\qwen25_base_scan_v5_layers_21_27\head_scan_Qwen2___5-7B_base.csv,0.072376688321432,21-27
23,13,23-13,4.371394852797191,4.302714606126149,0.0686802466710414,C:\Users\Farshelina\desktop\causal_results\causal_results\qwen25_lora_scan_v5_layers_21_27\head_scan_Qwen2___5-7B_Qwen2.5-7B-LoRA-doudizhu-v2.csv,1.390710671742757,1.3913946151733398,-0.0006839434305827,C:\Users\Farshelina\desktop\causal_results\causal_results\qwen25_base_scan_v5_layers_21_27\head_scan_Qwen2___5-7B_base.csv,0.0693641901016241,21-27
24,14,24-14,4.371394852797191,4.338249623775482,0.0331452290217084,C:\Users\Farshelina\desktop\causal_results\causal_results\qwen25_lora_scan_v5_layers_21_27\head_scan_Qwen2___5-7B_Qwen2.5-7B-LoRA-doudizhu-v2.csv,1.390710671742757,1.4236528078715007,-0.0329421361287436,C:\Users\Farshelina\desktop\causal_results\causal_results\qwen25_base_scan_v5_layers_21_27\head_scan_Qwen2___5-7B_base.csv,0.066087365150452,21-27
21,23,21-23,4.371394852797191,4.32002196709315,0.0513728857040405,C:\Users\Farshelina\desktop\causal_results\causal_results\qwen25_lora_scan_v5_layers_21_27\head_scan_Qwen2___5-7B_Qwen2.5-7B-LoRA-doudizhu-v2.csv,1.390710671742757,1.404964605967204,-0.0142539342244467,C:\Users\Farshelina\desktop\causal_results\causal_results\qwen25_base_scan_v5_layers_21_27\head_scan_Qwen2___5-7B_base.csv,0.0656268199284872,21-27
24,8,24-8,4.371394852797191,4.279843270778656,0.0915515820185346,C:\Users\Farshelina\desktop\causal_results\causal_results\qwen25_lora_scan_v5_layers_21_27\head_scan_Qwen2___5-7B_Qwen2.5-7B-LoRA-doudizhu-v2.csv,1.390710671742757,1.3645565509796145,0.0261541207631428,C:\Users\Farshelina\desktop\causal_results\causal_results\qwen25_base_scan_v5_layers_21_27\head_scan_Qwen2___5-7B_base.csv,0.0653974612553918,21-27
17,9,17-9,4.371394852797191,4.311804622411728,0.0595902303854627,C:\Users\Farshelina\desktop\causal_results\causal_results\qwen25_lora_scan_v5_layers_14_20\head_scan_Qwen2___5-7B_Qwen2.5-7B-LoRA-doudizhu-v2.csv,1.390710671742757,1.3953033288319905,-0.0045926570892333,C:\Users\Farshelina\desktop\causal_results\causal_results\qwen25_base_scan_v5_layers_14_20\head_scan_Qwen2___5-7B_base.csv,0.064182887474696,14-20
22,7,22-7,4.371394852797191,4.314391752084096,0.0570031007130946,C:\Users\Farshelina\desktop\causal_results\causal_results\qwen25_lora_scan_v5_layers_21_27\head_scan_Qwen2___5-7B_Qwen2.5-7B-LoRA-doudizhu-v2.csv,1.390710671742757,1.397762934366862,-0.0070522626241049,C:\Users\Farshelina\desktop\causal_results\causal_results\qwen25_base_scan_v5_layers_21_27\head_scan_Qwen2___5-7B_base.csv,0.0640553633371995,21-27
22,3,22-3,4.371394852797191,4.367268015940984,0.0041268368562068,C:\Users\Farshelina\desktop\causal_results\causal_results\qwen25_lora_scan_v5_layers_21_27\head_scan_Qwen2___5-7B_Qwen2.5-7B-LoRA-doudizhu-v2.csv,1.390710671742757,1.449555079142253,-0.0588444073994955,C:\Users\Farshelina\desktop\causal_results\causal_results\qwen25_base_scan_v5_layers_21_27\head_scan_Qwen2___5-7B_base.csv,0.0629712442557023,21-27
6,18,6-18,4.371394852797191,4.296610057353973,0.0747847954432172,C:\Users\Farshelina\desktop\causal_results\causal_results\qwen25_lora_scan_v5_layers_0_6\head_scan_Qwen2___5-7B_Qwen2.5-7B-LoRA-doudizhu-v2.csv,1.390710671742757,1.3775409857432048,0.0131696859995522,C:\Users\Farshelina\desktop\causal_results\causal_results\qwen25_base_scan_v5_layers_0_6\head_scan_Qwen2___5-7B_base.csv,0.061615109443665,0-6
25,26,25-26,4.371394852797191,4.365304450194041,0.0060904026031494,C:\Users\Farshelina\desktop\causal_results\causal_results\qwen25_lora_scan_v5_layers_21_27\head_scan_Qwen2___5-7B_Qwen2.5-7B-LoRA-doudizhu-v2.csv,1.390710671742757,1.4439880053202312,-0.0532773335774741,C:\Users\Farshelina\desktop\causal_results\causal_results\qwen25_base_scan_v5_layers_21_27\head_scan_Qwen2___5-7B_base.csv,0.0593677361806235,21-27
26,24,26-24,4.371394852797191,4.317632953325908,0.0537618994712829,C:\Users\Farshelina\desktop\causal_results\causal_results\qwen25_lora_scan_v5_layers_21_27\head_scan_Qwen2___5-7B_Qwen2.5-7B-LoRA-doudizhu-v2.csv,1.390710671742757,1.39433757464091,-0.0036269028981528,C:\Users\Farshelina\desktop\causal_results\causal_results\qwen25_base_scan_v5_layers_21_27\head_scan_Qwen2___5-7B_base.csv,0.0573888023694356,21-27
24,11,24-11,4.371394852797191,4.3658220966657,0.0055727561314906,C:\Users\Farshelina\desktop\causal_results\causal_results\qwen25_lora_scan_v5_layers_21_27\head_scan_Qwen2___5-7B_Qwen2.5-7B-LoRA-doudizhu-v2.csv,1.390710671742757,1.4410715103149414,-0.0503608385721843,C:\Users\Farshelina\desktop\causal_results\causal_results\qwen25_base_scan_v5_layers_21_27\head_scan_Qwen2___5-7B_base.csv,0.0559335947036749,21-27
8,20,8-20,4.371394852797191,4.109697997570038,0.2616968552271528,C:\Users\Farshelina\desktop\causal_results\causal_results\qwen25_lora_scan_v5_layers_7_13\head_scan_Qwen2___5-7B_Qwen2.5-7B-LoRA-doudizhu-v2.csv,1.390710671742757,1.1846805413564043,0.2060301303863525,C:\Users\Farshelina\desktop\causal_results\causal_results\qwen25_base_scan_v5_layers_7_13\head_scan_Qwen2___5-7B_base.csv,0.0556667248408002,7-13
22,12,22-12,4.371394852797191,4.3061317801475525,0.0652630726496381,C:\Users\Farshelina\desktop\causal_results\causal_results\qwen25_lora_scan_v5_layers_21_27\head_scan_Qwen2___5-7B_Qwen2.5-7B-LoRA-doudizhu-v2.csv,1.390710671742757,1.3797511259714763,0.0109595457712807,C:\Users\Farshelina\desktop\causal_results\causal_results\qwen25_base_scan_v5_layers_21_27\head_scan_Qwen2___5-7B_base.csv,0.0543035268783574,21-27
11,24,11-24,4.371394852797191,4.158398111661275,0.2129967411359157,C:\Users\Farshelina\desktop\causal_results\causal_results\qwen25_lora_scan_v5_layers_7_13\head_scan_Qwen2___5-7B_Qwen2.5-7B-LoRA-doudizhu-v2.csv,1.390710671742757,1.2318727175394697,0.1588379542032876,C:\Users\Farshelina\desktop\causal_results\causal_results\qwen25_base_scan_v5_layers_7_13\head_scan_Qwen2___5-7B_base.csv,0.0541587869326281,7-13
5,23,5-23,4.371394852797191,4.209673305352529,0.161721547444662,C:\Users\Farshelina\desktop\causal_results\causal_results\qwen25_lora_scan_v5_layers_0_6\head_scan_Qwen2___5-7B_Qwen2.5-7B-LoRA-doudizhu-v2.csv,1.390710671742757,1.282885233561198,0.1078254381815591,C:\Users\Farshelina\desktop\causal_results\causal_results\qwen25_base_scan_v5_layers_0_6\head_scan_Qwen2___5-7B_base.csv,0.0538961092631029,0-6
22,2,22-2,4.371394852797191,4.347104112307231,0.0242907404899597,C:\Users\Farshelina\desktop\causal_results\causal_results\qwen25_lora_scan_v5_layers_21_27\head_scan_Qwen2___5-7B_Qwen2.5-7B-LoRA-doudizhu-v2.csv,1.390710671742757,1.4202617009480794,-0.0295510292053222,C:\Users\Farshelina\desktop\causal_results\causal_results\qwen25_base_scan_v5_layers_21_27\head_scan_Qwen2___5-7B_base.csv,0.0538417696952819,21-27
25,19,25-19,4.371394852797191,4.3064883550008135,0.0649064977963771,C:\Users\Farshelina\desktop\causal_results\causal_results\qwen25_lora_scan_v5_layers_21_27\head_scan_Qwen2___5-7B_Qwen2.5-7B-LoRA-doudizhu-v2.csv,1.390710671742757,1.3795394897460938,0.0111711819966633,C:\Users\Farshelina\desktop\causal_results\causal_results\qwen25_base_scan_v5_layers_21_27\head_scan_Qwen2___5-7B_base.csv,0.0537353157997138,21-27
1,23,1-23,4.371394852797191,4.43457876642545,-0.0631839136282597,C:\Users\Farshelina\desktop\causal_results\causal_results\qwen25_lora_scan_v5_layers_0_6\head_scan_Qwen2___5-7B_Qwen2.5-7B-LoRA-doudizhu-v2.csv,1.390710671742757,1.5067817370096843,-0.1160710652669272,C:\Users\Farshelina\desktop\causal_results\causal_results\qwen25_base_scan_v5_layers_0_6\head_scan_Qwen2___5-7B_base.csv,0.0528871516386675,0-6
4,22,4-22,4.371394852797191,4.2970277070999146,0.0743671456972761,C:\Users\Farshelina\desktop\causal_results\causal_results\qwen25_lora_scan_v5_layers_0_6\head_scan_Qwen2___5-7B_Qwen2.5-7B-LoRA-doudizhu-v2.csv,1.390710671742757,1.369064172108968,0.021646499633789,C:\Users\Farshelina\desktop\causal_results\causal_results\qwen25_base_scan_v5_layers_0_6\head_scan_Qwen2___5-7B_base.csv,0.052720646063487,0-6
25,14,25-14,4.371394852797191,4.302152335643768,0.0692425171534223,C:\Users\Farshelina\desktop\causal_results\causal_results\qwen25_lora_scan_v5_layers_21_27\head_scan_Qwen2___5-7B_Qwen2.5-7B-LoRA-doudizhu-v2.csv,1.390710671742757,1.3741509914398191,0.0165596803029377,C:\Users\Farshelina\desktop\causal_results\causal_results\qwen25_base_scan_v5_layers_21_27\head_scan_Qwen2___5-7B_base.csv,0.0526828368504846,21-27
10,4,10-4,4.371394852797191,4.2103219628334045,0.1610728899637861,C:\Users\Farshelina\desktop\causal_results\causal_results\qwen25_lora_scan_v5_layers_7_13\head_scan_Qwen2___5-7B_Qwen2.5-7B-LoRA-doudizhu-v2.csv,1.390710671742757,1.28189214070638,0.1088185310363769,C:\Users\Farshelina\desktop\causal_results\causal_results\qwen25_base_scan_v5_layers_7_13\head_scan_Qwen2___5-7B_base.csv,0.0522543589274092,7-13
10,17,10-17,4.371394852797191,4.277768969535828,0.093625883261363,C:\Users\Farshelina\desktop\causal_results\causal_results\qwen25_lora_scan_v5_layers_7_13\head_scan_Qwen2___5-7B_Qwen2.5-7B-LoRA-doudizhu-v2.csv,1.390710671742757,1.348926862080892,0.0417838096618652,C:\Users\Farshelina\desktop\causal_results\causal_results\qwen25_base_scan_v5_layers_7_13\head_scan_Qwen2___5-7B_base.csv,0.0518420735994977,7-13
6,19,6-19,4.371394852797191,4.351592679818471,0.0198021729787196,C:\Users\Farshelina\desktop\causal_results\causal_results\qwen25_lora_scan_v5_layers_0_6\head_scan_Qwen2___5-7B_Qwen2.5-7B-LoRA-doudizhu-v2.csv,1.390710671742757,1.422142744064331,-0.0314320723215739,C:\Users\Farshelina\desktop\causal_results\causal_results\qwen25_base_scan_v5_layers_0_6\head_scan_Qwen2___5-7B_base.csv,0.0512342453002934,0-6
0,13,0-13,4.371394852797191,4.45812596877416,-0.0867311159769688,C:\Users\Farshelina\desktop\causal_results\causal_results\qwen25_lora_scan_v5_layers_0_6\head_scan_Qwen2___5-7B_Qwen2.5-7B-LoRA-doudizhu-v2.csv,1.390710671742757,1.528268575668335,-0.1375579039255778,C:\Users\Farshelina\desktop\causal_results\causal_results\qwen25_base_scan_v5_layers_0_6\head_scan_Qwen2___5-7B_base.csv,0.0508267879486089,0-6
23,7,23-7,4.371394852797191,4.316065450509389,0.0553294022878017,C:\Users\Farshelina\desktop\causal_results\causal_results\qwen25_lora_scan_v5_layers_21_27\head_scan_Qwen2___5-7B_Qwen2.5-7B-LoRA-doudizhu-v2.csv,1.390710671742757,1.3859581152598064,0.0047525564829506,C:\Users\Farshelina\desktop\causal_results\causal_results\qwen25_base_scan_v5_layers_21_27\head_scan_Qwen2___5-7B_base.csv,0.0505768458048511,21-27
3,21,3-21,4.371394852797191,4.3543644944826765,0.0170303583145141,C:\Users\Farshelina\desktop\causal_results\causal_results\qwen25_lora_scan_v5_layers_0_6\head_scan_Qwen2___5-7B_Qwen2.5-7B-LoRA-doudizhu-v2.csv,1.390710671742757,1.4240545431772869,-0.0333438714345297,C:\Users\Farshelina\desktop\causal_results\causal_results\qwen25_base_scan_v5_layers_0_6\head_scan_Qwen2___5-7B_base.csv,0.0503742297490438,0-6
17,10,17-10,4.371394852797191,4.339563310146332,0.0318315426508588,C:\Users\Farshelina\desktop\causal_results\causal_results\qwen25_lora_scan_v5_layers_14_20\head_scan_Qwen2___5-7B_Qwen2.5-7B-LoRA-doudizhu-v2.csv,1.390710671742757,1.4088985125223796,-0.0181878407796225,C:\Users\Farshelina\desktop\causal_results\causal_results\qwen25_base_scan_v5_layers_14_20\head_scan_Qwen2___5-7B_base.csv,0.0500193834304813,14-20
23,9,23-9,4.371394852797191,4.33386754989624,0.0375273029009504,C:\Users\Farshelina\desktop\causal_results\causal_results\qwen25_lora_scan_v5_layers_21_27\head_scan_Qwen2___5-7B_Qwen2.5-7B-LoRA-doudizhu-v2.csv,1.390710671742757,1.402647336324056,-0.0119366645812988,C:\Users\Farshelina\desktop\causal_results\causal_results\qwen25_base_scan_v5_layers_21_27\head_scan_Qwen2___5-7B_base.csv,0.0494639674822492,21-27
24,13,24-13,4.371394852797191,4.3302185734113054,0.0411762793858851,C:\Users\Farshelina\desktop\causal_results\causal_results\qwen25_lora_scan_v5_layers_21_27\head_scan_Qwen2___5-7B_Qwen2.5-7B-LoRA-doudizhu-v2.csv,1.390710671742757,1.3989934921264648,-0.0082828203837077,C:\Users\Farshelina\desktop\causal_results\causal_results\qwen25_base_scan_v5_layers_21_27\head_scan_Qwen2___5-7B_base.csv,0.0494590997695928,21-27
23,11,23-11,4.371394852797191,4.234418948491414,0.1369759043057765,C:\Users\Farshelina\desktop\causal_results\causal_results\qwen25_lora_scan_v5_layers_21_27\head_scan_Qwen2___5-7B_Qwen2.5-7B-LoRA-doudizhu-v2.csv,1.390710671742757,1.3019331296284993,0.0887775421142578,C:\Users\Farshelina\desktop\causal_results\causal_results\qwen25_base_scan_v5_layers_21_27\head_scan_Qwen2___5-7B_base.csv,0.0481983621915187,21-27
27,22,27-22,4.371394852797191,4.387662927309672,-0.0162680745124816,C:\Users\Farshelina\desktop\causal_results\causal_results\qwen25_lora_scan_v5_layers_21_27\head_scan_Qwen2___5-7B_Qwen2.5-7B-LoRA-doudizhu-v2.csv,1.390710671742757,1.4548056920369463,-0.0640950202941894,C:\Users\Farshelina\desktop\causal_results\causal_results\qwen25_base_scan_v5_layers_21_27\head_scan_Qwen2___5-7B_base.csv,0.0478269457817078,21-27
21,10,21-10,4.371394852797191,4.299662351608276,0.0717325011889142,C:\Users\Farshelina\desktop\causal_results\causal_results\qwen25_lora_scan_v5_layers_21_27\head_scan_Qwen2___5-7B_Qwen2.5-7B-LoRA-doudizhu-v2.csv,1.390710671742757,1.365606387456258,0.025104284286499,C:\Users\Farshelina\desktop\causal_results\causal_results\qwen25_base_scan_v5_layers_21_27\head_scan_Qwen2___5-7B_base.csv,0.0466282169024152,21-27
18,7,18-7,4.371394852797191,4.635216236114502,-0.2638213833173113,C:\Users\Farshelina\desktop\causal_results\causal_results\qwen25_lora_scan_v5_layers_14_20\head_scan_Qwen2___5-7B_Qwen2.5-7B-LoRA-doudizhu-v2.csv,1.390710671742757,1.7003724575042725,-0.3096617857615154,C:\Users\Farshelina\desktop\causal_results\causal_results\qwen25_base_scan_v5_layers_14_20\head_scan_Qwen2___5-7B_base.csv,0.045840402444204,14-20
10,23,10-23,4.371394852797191,4.2414629856745405,0.1299318671226501,C:\Users\Farshelina\desktop\causal_results\causal_results\qwen25_lora_scan_v5_layers_7_13\head_scan_Qwen2___5-7B_Qwen2.5-7B-LoRA-doudizhu-v2.csv,1.390710671742757,1.3065210978190105,0.0841895739237466,C:\Users\Farshelina\desktop\causal_results\causal_results\qwen25_base_scan_v5_layers_7_13\head_scan_Qwen2___5-7B_base.csv,0.0457422931989034,7-13
19,10,19-10,4.371394852797191,4.432627022266388,-0.0612321694691972,C:\Users\Farshelina\desktop\causal_results\causal_results\qwen25_lora_scan_v5_layers_14_20\head_scan_Qwen2___5-7B_Qwen2.5-7B-LoRA-doudizhu-v2.csv,1.390710671742757,1.496645450592041,-0.1059347788492839,C:\Users\Farshelina\desktop\causal_results\causal_results\qwen25_base_scan_v5_layers_14_20\head_scan_Qwen2___5-7B_base.csv,0.0447026093800867,14-20
18,4,18-4,4.371394852797191,4.31220422188441,0.0591906309127807,C:\Users\Farshelina\desktop\causal_results\causal_results\qwen25_lora_scan_v5_layers_14_20\head_scan_Qwen2___5-7B_Qwen2.5-7B-LoRA-doudizhu-v2.csv,1.390710671742757,1.3733158906300862,0.0173947811126709,C:\Users\Farshelina\desktop\causal_results\causal_results\qwen25_base_scan_v5_layers_14_20\head_scan_Qwen2___5-7B_base.csv,0.0417958498001098,14-20
6,9,6-9,4.371394852797191,4.487151046593984,-0.115756193796793,C:\Users\Farshelina\desktop\causal_results\causal_results\qwen25_lora_scan_v5_layers_0_6\head_scan_Qwen2___5-7B_Qwen2.5-7B-LoRA-doudizhu-v2.csv,1.390710671742757,1.5480052630106609,-0.1572945912679038,C:\Users\Farshelina\desktop\causal_results\causal_results\qwen25_base_scan_v5_layers_0_6\head_scan_Qwen2___5-7B_base.csv,0.0415383974711107,0-6
22,4,22-4,4.371394852797191,4.473513831694921,-0.1021189788977299,C:\Users\Farshelina\desktop\causal_results\causal_results\qwen25_lora_scan_v5_layers_21_27\head_scan_Qwen2___5-7B_Qwen2.5-7B-LoRA-doudizhu-v2.csv,1.390710671742757,1.5340306758880615,-0.1433200041453044,C:\Users\Farshelina\desktop\causal_results\causal_results\qwen25_base_scan_v5_layers_21_27\head_scan_Qwen2___5-7B_base.csv,0.0412010252475745,21-27
1,16,1-16,4.371394852797191,4.308482905228932,0.0629119475682582,C:\Users\Farshelina\desktop\causal_results\causal_results\qwen25_lora_scan_v5_layers_0_6\head_scan_Qwen2___5-7B_Qwen2.5-7B-LoRA-doudizhu-v2.csv,1.390710671742757,1.368698676427205,0.0220119953155517,C:\Users\Farshelina\desktop\causal_results\causal_results\qwen25_base_scan_v5_layers_0_6\head_scan_Qwen2___5-7B_base.csv,0.0408999522527065,0-6
6,26,6-26,4.371394852797191,4.280018011728923,0.0913768410682678,C:\Users\Farshelina\desktop\causal_results\causal_results\qwen25_lora_scan_v5_layers_0_6\head_scan_Qwen2___5-7B_Qwen2.5-7B-LoRA-doudizhu-v2.csv,1.390710671742757,1.3400472005208333,0.0506634712219238,C:\Users\Farshelina\desktop\causal_results\causal_results\qwen25_base_scan_v5_layers_0_6\head_scan_Qwen2___5-7B_base.csv,0.0407133698463439,0-6
23,17,23-17,4.371394852797191,4.33871207634608,0.0326827764511108,C:\Users\Farshelina\desktop\causal_results\causal_results\qwen25_lora_scan_v5_layers_21_27\head_scan_Qwen2___5-7B_Qwen2.5-7B-LoRA-doudizhu-v2.csv,1.390710671742757,1.398467779159546,-0.0077571074167888,C:\Users\Farshelina\desktop\causal_results\causal_results\qwen25_base_scan_v5_layers_21_27\head_scan_Qwen2___5-7B_base.csv,0.0404398838678995,21-27
21,8,21-8,4.371394852797191,4.394137064615886,-0.022742211818695,C:\Users\Farshelina\desktop\causal_results\causal_results\qwen25_lora_scan_v5_layers_21_27\head_scan_Qwen2___5-7B_Qwen2.5-7B-LoRA-doudizhu-v2.csv,1.390710671742757,1.4537359873453777,-0.0630253156026205,C:\Users\Farshelina\desktop\causal_results\causal_results\qwen25_base_scan_v5_layers_21_27\head_scan_Qwen2___5-7B_base.csv,0.0402831037839254,21-27
4,25,4-25,4.371394852797191,4.2563265562057495,0.1150682965914411,C:\Users\Farshelina\desktop\causal_results\causal_results\qwen25_lora_scan_v5_layers_0_6\head_scan_Qwen2___5-7B_Qwen2.5-7B-LoRA-doudizhu-v2.csv,1.390710671742757,1.3145092328389485,0.0762014389038086,C:\Users\Farshelina\desktop\causal_results\causal_results\qwen25_base_scan_v5_layers_0_6\head_scan_Qwen2___5-7B_base.csv,0.0388668576876325,0-6
24,5,24-5,4.371394852797191,4.35632187128067,0.0150729815165204,C:\Users\Farshelina\desktop\causal_results\causal_results\qwen25_lora_scan_v5_layers_21_27\head_scan_Qwen2___5-7B_Qwen2.5-7B-LoRA-doudizhu-v2.csv,1.390710671742757,1.4139028390248616,-0.0231921672821044,C:\Users\Farshelina\desktop\causal_results\causal_results\qwen25_base_scan_v5_layers_21_27\head_scan_Qwen2___5-7B_base.csv,0.0382651487986248,21-27
25,1,25-1,4.371394852797191,4.349705060323079,0.0216897924741115,C:\Users\Farshelina\desktop\causal_results\causal_results\qwen25_lora_scan_v5_layers_21_27\head_scan_Qwen2___5-7B_Qwen2.5-7B-LoRA-doudizhu-v2.csv,1.390710671742757,1.4072000980377195,-0.0164894262949626,C:\Users\Farshelina\desktop\causal_results\causal_results\qwen25_base_scan_v5_layers_21_27\head_scan_Qwen2___5-7B_base.csv,0.0381792187690741,21-27
9,18,9-18,4.371394852797191,4.255858937899272,0.1155359148979187,C:\Users\Farshelina\desktop\causal_results\causal_results\qwen25_lora_scan_v5_layers_7_13\head_scan_Qwen2___5-7B_Qwen2.5-7B-LoRA-doudizhu-v2.csv,1.390710671742757,1.312703053156535,0.0780076185862221,C:\Users\Farshelina\desktop\causal_results\causal_results\qwen25_base_scan_v5_layers_7_13\head_scan_Qwen2___5-7B_base.csv,0.0375282963116966,7-13
13,4,13-4,4.371394852797191,4.524584025144577,-0.1531891723473863,C:\Users\Farshelina\desktop\causal_results\causal_results\qwen25_lora_scan_v5_layers_7_13\head_scan_Qwen2___5-7B_Qwen2.5-7B-LoRA-doudizhu-v2.csv,1.390710671742757,1.5813196500142417,-0.1906089782714843,C:\Users\Farshelina\desktop\causal_results\causal_results\qwen25_base_scan_v5_layers_7_13\head_scan_Qwen2___5-7B_base.csv,0.0374198059240979,7-13
20,25,20-25,4.371394852797191,4.399135569731395,-0.0277407169342041,C:\Users\Farshelina\desktop\causal_results\causal_results\qwen25_lora_scan_v5_layers_14_20\head_scan_Qwen2___5-7B_Qwen2.5-7B-LoRA-doudizhu-v2.csv,1.390710671742757,1.4557738304138184,-0.0650631586710612,C:\Users\Farshelina\desktop\causal_results\causal_results\qwen25_base_scan_v5_layers_14_20\head_scan_Qwen2___5-7B_base.csv,0.0373224417368571,14-20
17,27,17-27,4.371394852797191,4.640112489461899,-0.2687176366647081,C:\Users\Farshelina\desktop\causal_results\causal_results\qwen25_lora_scan_v5_layers_14_20\head_scan_Qwen2___5-7B_Qwen2.5-7B-LoRA-doudizhu-v2.csv,1.390710671742757,1.6966193517049153,-0.3059086799621582,C:\Users\Farshelina\desktop\causal_results\causal_results\qwen25_base_scan_v5_layers_14_20\head_scan_Qwen2___5-7B_base.csv,0.0371910432974501,14-20
21,15,21-15,4.371394852797191,4.41911119222641,-0.0477163394292192,C:\Users\Farshelina\desktop\causal_results\causal_results\qwen25_lora_scan_v5_layers_21_27\head_scan_Qwen2___5-7B_Qwen2.5-7B-LoRA-doudizhu-v2.csv,1.390710671742757,1.4755905469258626,-0.0848798751831054,C:\Users\Farshelina\desktop\causal_results\causal_results\qwen25_base_scan_v5_layers_21_27\head_scan_Qwen2___5-7B_base.csv,0.0371635357538862,21-27
22,16,22-16,4.371394852797191,4.361549178759257,0.0098456740379333,C:\Users\Farshelina\desktop\causal_results\causal_results\qwen25_lora_scan_v5_layers_21_27\head_scan_Qwen2___5-7B_Qwen2.5-7B-LoRA-doudizhu-v2.csv,1.390710671742757,1.4176881313323977,-0.0269774595896403,C:\Users\Farshelina\desktop\causal_results\causal_results\qwen25_base_scan_v5_layers_21_27\head_scan_Qwen2___5-7B_base.csv,0.0368231336275736,21-27
11,4,11-4,4.371394852797191,4.119757056236267,0.2516377965609235,C:\Users\Farshelina\desktop\causal_results\causal_results\qwen25_lora_scan_v5_layers_7_13\head_scan_Qwen2___5-7B_Qwen2.5-7B-LoRA-doudizhu-v2.csv,1.390710671742757,1.175317923227946,0.215392748514811,C:\Users\Farshelina\desktop\causal_results\causal_results\qwen25_base_scan_v5_layers_7_13\head_scan_Qwen2___5-7B_base.csv,0.0362450480461125,7-13
23,6,23-6,4.371394852797191,4.348201354344686,0.023193498452505,C:\Users\Farshelina\desktop\causal_results\causal_results\qwen25_lora_scan_v5_layers_21_27\head_scan_Qwen2___5-7B_Qwen2.5-7B-LoRA-doudizhu-v2.csv,1.390710671742757,1.4036587874094646,-0.0129481156667075,C:\Users\Farshelina\desktop\causal_results\causal_results\qwen25_base_scan_v5_layers_21_27\head_scan_Qwen2___5-7B_base.csv,0.0361416141192124,21-27
22,19,22-19,4.371394852797191,4.336472312609355,0.0349225401878356,C:\Users\Farshelina\desktop\causal_results\causal_results\qwen25_lora_scan_v5_layers_21_27\head_scan_Qwen2___5-7B_Qwen2.5-7B-LoRA-doudizhu-v2.csv,1.390710671742757,1.3918436368306475,-0.0011329650878906,C:\Users\Farshelina\desktop\causal_results\causal_results\qwen25_base_scan_v5_layers_21_27\head_scan_Qwen2___5-7B_base.csv,0.0360555052757262,21-27
20,13,20-13,4.371394852797191,4.348779161771138,0.0226156910260524,C:\Users\Farshelina\desktop\causal_results\causal_results\qwen25_lora_scan_v5_layers_14_20\head_scan_Qwen2___5-7B_Qwen2.5-7B-LoRA-doudizhu-v2.csv,1.390710671742757,1.4029466311136882,-0.0122359593709311,C:\Users\Farshelina\desktop\causal_results\causal_results\qwen25_base_scan_v5_layers_14_20\head_scan_Qwen2___5-7B_base.csv,0.0348516503969835,14-20
21,0,21-0,4.371394852797191,4.357308169205983,0.0140866835912074,C:\Users\Farshelina\desktop\causal_results\causal_results\qwen25_lora_scan_v5_layers_21_27\head_scan_Qwen2___5-7B_Qwen2.5-7B-LoRA-doudizhu-v2.csv,1.390710671742757,1.411310116449992,-0.0205994447072348,C:\Users\Farshelina\desktop\causal_results\causal_results\qwen25_base_scan_v5_layers_21_27\head_scan_Qwen2___5-7B_base.csv,0.0346861282984422,21-27
27,4,27-4,4.371394852797191,4.339003543059032,0.0323913097381591,C:\Users\Farshelina\desktop\causal_results\causal_results\qwen25_lora_scan_v5_layers_21_27\head_scan_Qwen2___5-7B_Qwen2.5-7B-LoRA-doudizhu-v2.csv,1.390710671742757,1.3927520910898843,-0.0020414193471274,C:\Users\Farshelina\desktop\causal_results\causal_results\qwen25_base_scan_v5_layers_21_27\head_scan_Qwen2___5-7B_base.csv,0.0344327290852865,21-27
23,14,23-14,4.371394852797191,4.366040984789531,0.0053538680076599,C:\Users\Farshelina\desktop\causal_results\causal_results\qwen25_lora_scan_v5_layers_21_27\head_scan_Qwen2___5-7B_Qwen2.5-7B-LoRA-doudizhu-v2.csv,1.390710671742757,1.4194782574971516,-0.0287675857543945,C:\Users\Farshelina\desktop\causal_results\causal_results\qwen25_base_scan_v5_layers_21_27\head_scan_Qwen2___5-7B_base.csv,0.0341214537620544,21-27
2,12,2-12,4.371394852797191,4.334978401660919,0.0364164511362714,C:\Users\Farshelina\desktop\causal_results\causal_results\qwen25_lora_scan_v5_layers_0_6\head_scan_Qwen2___5-7B_Qwen2.5-7B-LoRA-doudizhu-v2.csv,1.390710671742757,1.388242483139038,0.002468188603719,C:\Users\Farshelina\desktop\causal_results\causal_results\qwen25_base_scan_v5_layers_0_6\head_scan_Qwen2___5-7B_base.csv,0.0339482625325524,0-6
22,14,22-14,4.371394852797191,4.350681841373444,0.020713011423747,C:\Users\Farshelina\desktop\causal_results\causal_results\qwen25_lora_scan_v5_layers_21_27\head_scan_Qwen2___5-7B_Qwen2.5-7B-LoRA-doudizhu-v2.csv,1.390710671742757,1.4032007853190105,-0.0124901135762534,C:\Users\Farshelina\desktop\causal_results\causal_results\qwen25_base_scan_v5_layers_21_27\head_scan_Qwen2___5-7B_base.csv,0.0332031250000004,21-27
7,16,7-16,4.371394852797191,4.509924670060475,-0.1385298172632847,C:\Users\Farshelina\desktop\causal_results\causal_results\qwen25_lora_scan_v5_layers_7_13\head_scan_Qwen2___5-7B_Qwen2.5-7B-LoRA-doudizhu-v2.csv,1.390710671742757,1.5622328122456868,-0.1715221405029297,C:\Users\Farshelina\desktop\causal_results\causal_results\qwen25_base_scan_v5_layers_7_13\head_scan_Qwen2___5-7B_base.csv,0.0329923232396449,7-13
6,12,6-12,4.371394852797191,4.253574659427007,0.1178201933701839,C:\Users\Farshelina\desktop\causal_results\causal_results\qwen25_lora_scan_v5_layers_0_6\head_scan_Qwen2___5-7B_Qwen2.5-7B-LoRA-doudizhu-v2.csv,1.390710671742757,1.3046441872914631,0.0860664844512939,C:\Users\Farshelina\desktop\causal_results\causal_results\qwen25_base_scan_v5_layers_0_6\head_scan_Qwen2___5-7B_base.csv,0.03175370891889,0-6
3,26,3-26,4.371394852797191,4.350185036659241,0.0212098161379499,C:\Users\Farshelina\desktop\causal_results\causal_results\qwen25_lora_scan_v5_layers_0_6\head_scan_Qwen2___5-7B_Qwen2.5-7B-LoRA-doudizhu-v2.csv,1.390710671742757,1.4007596174875896,-0.0100489457448325,C:\Users\Farshelina\desktop\causal_results\causal_results\qwen25_base_scan_v5_layers_0_6\head_scan_Qwen2___5-7B_base.csv,0.0312587618827824,0-6
19,12,19-12,4.371394852797191,4.322821855545044,0.0485729972521467,C:\Users\Farshelina\desktop\causal_results\causal_results\qwen25_lora_scan_v5_layers_14_20\head_scan_Qwen2___5-7B_Qwen2.5-7B-LoRA-doudizhu-v2.csv,1.390710671742757,1.3732648690541585,0.0174458026885986,C:\Users\Farshelina\desktop\causal_results\causal_results\qwen25_base_scan_v5_layers_14_20\head_scan_Qwen2___5-7B_base.csv,0.031127194563548,14-20
4,5,4-5,4.371394852797191,4.34119239449501,0.0302024583021802,C:\Users\Farshelina\desktop\causal_results\causal_results\qwen25_lora_scan_v5_layers_0_6\head_scan_Qwen2___5-7B_Qwen2.5-7B-LoRA-doudizhu-v2.csv,1.390710671742757,1.3914578755696614,-0.0007472038269042,C:\Users\Farshelina\desktop\causal_results\causal_results\qwen25_base_scan_v5_layers_0_6\head_scan_Qwen2___5-7B_base.csv,0.0309496621290844,0-6
24,24,24-24,4.371394852797191,4.320407460133235,0.0509873926639556,C:\Users\Farshelina\desktop\causal_results\causal_results\qwen25_lora_scan_v5_layers_21_27\head_scan_Qwen2___5-7B_Qwen2.5-7B-LoRA-doudizhu-v2.csv,1.390710671742757,1.370667537053426,0.020043134689331,C:\Users\Farshelina\desktop\causal_results\causal_results\qwen25_base_scan_v5_layers_21_27\head_scan_Qwen2___5-7B_base.csv,0.0309442579746246,21-27
21,24,21-24,4.371394852797191,4.364232858022054,0.0071619947751369,C:\Users\Farshelina\desktop\causal_results\causal_results\qwen25_lora_scan_v5_layers_21_27\head_scan_Qwen2___5-7B_Qwen2.5-7B-LoRA-doudizhu-v2.csv,1.390710671742757,1.4142329692840576,-0.0235222975413005,C:\Users\Farshelina\desktop\causal_results\causal_results\qwen25_base_scan_v5_layers_21_27\head_scan_Qwen2___5-7B_base.csv,0.0306842923164374,21-27
27,18,27-18,4.371394852797191,4.361210425694783,0.0101844271024074,C:\Users\Farshelina\desktop\causal_results\causal_results\qwen25_lora_scan_v5_layers_21_27\head_scan_Qwen2___5-7B_Qwen2.5-7B-LoRA-doudizhu-v2.csv,1.390710671742757,1.408748785654704,-0.0180381139119467,C:\Users\Farshelina\desktop\causal_results\causal_results\qwen25_base_scan_v5_layers_21_27\head_scan_Qwen2___5-7B_base.csv,0.028222541014354,21-27
25,24,25-24,4.371394852797191,4.52629139026006,-0.1548965374628697,C:\Users\Farshelina\desktop\causal_results\causal_results\qwen25_lora_scan_v5_layers_21_27\head_scan_Qwen2___5-7B_Qwen2.5-7B-LoRA-doudizhu-v2.csv,1.390710671742757,1.5728061993916829,-0.1820955276489257,C:\Users\Farshelina\desktop\causal_results\causal_results\qwen25_base_scan_v5_layers_21_27\head_scan_Qwen2___5-7B_base.csv,0.027198990186056,21-27
8,6,8-6,4.371394852797191,4.352303187052409,0.0190916657447814,C:\Users\Farshelina\desktop\causal_results\causal_results\qwen25_lora_scan_v5_layers_7_13\head_scan_Qwen2___5-7B_Qwen2.5-7B-LoRA-doudizhu-v2.csv,1.390710671742757,1.398639440536499,-0.0079287687937419,C:\Users\Farshelina\desktop\causal_results\causal_results\qwen25_base_scan_v5_layers_7_13\head_scan_Qwen2___5-7B_base.csv,0.0270204345385233,7-13
27,15,27-15,4.371394852797191,4.329810341199239,0.0415845115979518,C:\Users\Farshelina\desktop\causal_results\causal_results\qwen25_lora_scan_v5_layers_21_27\head_scan_Qwen2___5-7B_Qwen2.5-7B-LoRA-doudizhu-v2.csv,1.390710671742757,1.3757695357004802,0.0149411360422768,C:\Users\Farshelina\desktop\causal_results\causal_results\qwen25_base_scan_v5_layers_21_27\head_scan_Qwen2___5-7B_base.csv,0.0266433755556749,21-27
12,6,12-6,4.371394852797191,4.257566591103871,0.1138282616933192,C:\Users\Farshelina\desktop\causal_results\causal_results\qwen25_lora_scan_v5_layers_7_13\head_scan_Qwen2___5-7B_Qwen2.5-7B-LoRA-doudizhu-v2.csv,1.390710671742757,1.303399960199992,0.0873107115427651,C:\Users\Farshelina\desktop\causal_results\causal_results\qwen25_base_scan_v5_layers_7_13\head_scan_Qwen2___5-7B_base.csv,0.026517550150554,7-13
25,23,25-23,4.371394852797191,4.365254700183868,0.0061401526133222,C:\Users\Farshelina\desktop\causal_results\causal_results\qwen25_lora_scan_v5_layers_21_27\head_scan_Qwen2___5-7B_Qwen2.5-7B-LoRA-doudizhu-v2.csv,1.390710671742757,1.4108753204345703,-0.0201646486918132,C:\Users\Farshelina\desktop\causal_results\causal_results\qwen25_base_scan_v5_layers_21_27\head_scan_Qwen2___5-7B_base.csv,0.0263048013051354,21-27
22,10,22-10,4.371394852797191,4.345330595970154,0.0260642568270368,C:\Users\Farshelina\desktop\causal_results\causal_results\qwen25_lora_scan_v5_layers_21_27\head_scan_Qwen2___5-7B_Qwen2.5-7B-LoRA-doudizhu-v2.csv,1.390710671742757,1.3893929322560628,0.0013177394866943,C:\Users\Farshelina\desktop\causal_results\causal_results\qwen25_base_scan_v5_layers_21_27\head_scan_Qwen2___5-7B_base.csv,0.0247465173403425,21-27
26,13,26-13,4.371394852797191,4.346182902654012,0.0252119501431788,C:\Users\Farshelina\desktop\causal_results\causal_results\qwen25_lora_scan_v5_layers_21_27\head_scan_Qwen2___5-7B_Qwen2.5-7B-LoRA-doudizhu-v2.csv,1.390710671742757,1.3889705340067546,0.0017401377360024,C:\Users\Farshelina\desktop\causal_results\causal_results\qwen25_base_scan_v5_layers_21_27\head_scan_Qwen2___5-7B_base.csv,0.0234718124071764,21-27
27,1,27-1,4.371394852797191,4.350687762101491,0.0207070906956996,C:\Users\Farshelina\desktop\causal_results\causal_results\qwen25_lora_scan_v5_layers_21_27\head_scan_Qwen2___5-7B_Qwen2.5-7B-LoRA-doudizhu-v2.csv,1.390710671742757,1.3934095700581868,-0.0026988983154296,C:\Users\Farshelina\desktop\causal_results\causal_results\qwen25_base_scan_v5_layers_21_27\head_scan_Qwen2___5-7B_base.csv,0.0234059890111292,21-27
24,17,24-17,4.371394852797191,4.370956798394521,0.0004380544026698,C:\Users\Farshelina\desktop\causal_results\causal_results\qwen25_lora_scan_v5_layers_21_27\head_scan_Qwen2___5-7B_Qwen2.5-7B-LoRA-doudizhu-v2.csv,1.390710671742757,1.4132179419199626,-0.0225072701772055,C:\Users\Farshelina\desktop\causal_results\causal_results\qwen25_base_scan_v5_layers_21_27\head_scan_Qwen2___5-7B_base.csv,0.0229453245798753,21-27
19,7,19-7,4.371394852797191,4.428813149531682,-0.0574182967344913,C:\Users\Farshelina\desktop\causal_results\causal_results\qwen25_lora_scan_v5_layers_14_20\head_scan_Qwen2___5-7B_Qwen2.5-7B-LoRA-doudizhu-v2.csv,1.390710671742757,1.470445553461711,-0.0797348817189536,C:\Users\Farshelina\desktop\causal_results\causal_results\qwen25_base_scan_v5_layers_14_20\head_scan_Qwen2___5-7B_base.csv,0.0223165849844622,14-20
10,12,10-12,4.371394852797191,4.3108983635902405,0.0604964892069501,C:\Users\Farshelina\desktop\causal_results\causal_results\qwen25_lora_scan_v5_layers_7_13\head_scan_Qwen2___5-7B_Qwen2.5-7B-LoRA-doudizhu-v2.csv,1.390710671742757,1.3525083859761555,0.0382022857666015,C:\Users\Farshelina\desktop\causal_results\causal_results\qwen25_base_scan_v5_layers_7_13\head_scan_Qwen2___5-7B_base.csv,0.0222942034403486,7-13
27,5,27-5,4.371394852797191,4.379723985989888,-0.0083291331926975,C:\Users\Farshelina\desktop\causal_results\causal_results\qwen25_lora_scan_v5_layers_21_27\head_scan_Qwen2___5-7B_Qwen2.5-7B-LoRA-doudizhu-v2.csv,1.390710671742757,1.4206960995992024,-0.0299854278564453,C:\Users\Farshelina\desktop\causal_results\causal_results\qwen25_base_scan_v5_layers_21_27\head_scan_Qwen2___5-7B_base.csv,0.0216562946637478,21-27
26,5,26-5,4.371394852797191,4.351794679959615,0.0196001728375758,C:\Users\Farshelina\desktop\causal_results\causal_results\qwen25_lora_scan_v5_layers_21_27\head_scan_Qwen2___5-7B_Qwen2.5-7B-LoRA-doudizhu-v2.csv,1.390710671742757,1.3922338485717771,-0.0015231768290202,C:\Users\Farshelina\desktop\causal_results\causal_results\qwen25_base_scan_v5_layers_21_27\head_scan_Qwen2___5-7B_base.csv,0.021123349666596,21-27
25,9,25-9,4.371394852797191,4.461645225683848,-0.0902503728866577,C:\Users\Farshelina\desktop\causal_results\causal_results\qwen25_lora_scan_v5_layers_21_27\head_scan_Qwen2___5-7B_Qwen2.5-7B-LoRA-doudizhu-v2.csv,1.390710671742757,1.5020493666330974,-0.1113386948903403,C:\Users\Farshelina\desktop\causal_results\causal_results\qwen25_base_scan_v5_layers_21_27\head_scan_Qwen2___5-7B_base.csv,0.0210883220036826,21-27
25,8,25-8,4.371394852797191,4.374172667662303,-0.0027778148651123,C:\Users\Farshelina\desktop\causal_results\causal_results\qwen25_lora_scan_v5_layers_21_27\head_scan_Qwen2___5-7B_Qwen2.5-7B-LoRA-doudizhu-v2.csv,1.390710671742757,1.4144062201182048,-0.0236955483754477,C:\Users\Farshelina\desktop\causal_results\causal_results\qwen25_base_scan_v5_layers_21_27\head_scan_Qwen2___5-7B_base.csv,0.0209177335103354,21-27
24,2,24-2,4.371394852797191,4.38538243373235,-0.0139875809351597,C:\Users\Farshelina\desktop\causal_results\causal_results\qwen25_lora_scan_v5_layers_21_27\head_scan_Qwen2___5-7B_Qwen2.5-7B-LoRA-doudizhu-v2.csv,1.390710671742757,1.4255411624908447,-0.0348304907480876,C:\Users\Farshelina\desktop\causal_results\causal_results\qwen25_base_scan_v5_layers_21_27\head_scan_Qwen2___5-7B_base.csv,0.0208429098129279,21-27
20,12,20-12,4.371394852797191,4.373461266358693,-0.0020664135615025,C:\Users\Farshelina\desktop\causal_results\causal_results\qwen25_lora_scan_v5_layers_14_20\head_scan_Qwen2___5-7B_Qwen2.5-7B-LoRA-doudizhu-v2.csv,1.390710671742757,1.4133943716684978,-0.0226836999257407,C:\Users\Farshelina\desktop\causal_results\causal_results\qwen25_base_scan_v5_layers_14_20\head_scan_Qwen2___5-7B_base.csv,0.0206172863642382,14-20
22,26,22-26,4.371394852797191,4.358352402846019,0.0130424499511718,C:\Users\Farshelina\desktop\causal_results\causal_results\qwen25_lora_scan_v5_layers_21_27\head_scan_Qwen2___5-7B_Qwen2.5-7B-LoRA-doudizhu-v2.csv,1.390710671742757,1.3982661565144856,-0.0075554847717285,C:\Users\Farshelina\desktop\causal_results\causal_results\qwen25_base_scan_v5_layers_21_27\head_scan_Qwen2___5-7B_base.csv,0.0205979347229003,21-27
23,4,23-4,4.371394852797191,4.352085510889689,0.0193093419075012,C:\Users\Farshelina\desktop\causal_results\causal_results\qwen25_lora_scan_v5_layers_21_27\head_scan_Qwen2___5-7B_Qwen2.5-7B-LoRA-doudizhu-v2.csv,1.390710671742757,1.3919604619344077,-0.0012497901916503,C:\Users\Farshelina\desktop\causal_results\causal_results\qwen25_base_scan_v5_layers_21_27\head_scan_Qwen2___5-7B_base.csv,0.0205591320991515,21-27
22,0,22-0,4.371394852797191,4.378067195415497,-0.0066723426183061,C:\Users\Farshelina\desktop\causal_results\causal_results\qwen25_lora_scan_v5_layers_21_27\head_scan_Qwen2___5-7B_Qwen2.5-7B-LoRA-doudizhu-v2.csv,1.390710671742757,1.4155535697937012,-0.024842898050944,C:\Users\Farshelina\desktop\causal_results\causal_results\qwen25_base_scan_v5_layers_21_27\head_scan_Qwen2___5-7B_base.csv,0.0181705554326379,21-27
2,15,2-15,4.371394852797191,4.304876903692882,0.066517949104309,C:\Users\Farshelina\desktop\causal_results\causal_results\qwen25_lora_scan_v5_layers_0_6\head_scan_Qwen2___5-7B_Qwen2.5-7B-LoRA-doudizhu-v2.csv,1.390710671742757,1.341383059819539,0.0493276119232177,C:\Users\Farshelina\desktop\causal_results\causal_results\qwen25_base_scan_v5_layers_0_6\head_scan_Qwen2___5-7B_base.csv,0.0171903371810913,0-6
8,21,8-21,4.371394852797191,4.292293190956116,0.0791016618410749,C:\Users\Farshelina\desktop\causal_results\causal_results\qwen25_lora_scan_v5_layers_7_13\head_scan_Qwen2___5-7B_Qwen2.5-7B-LoRA-doudizhu-v2.csv,1.390710671742757,1.3282000223795574,0.0625106493631997,C:\Users\Farshelina\desktop\causal_results\causal_results\qwen25_base_scan_v5_layers_7_13\head_scan_Qwen2___5-7B_base.csv,0.0165910124778752,7-13
26,18,26-18,4.371394852797191,4.311464031537374,0.059930821259817,C:\Users\Farshelina\desktop\causal_results\causal_results\qwen25_lora_scan_v5_layers_21_27\head_scan_Qwen2___5-7B_Qwen2.5-7B-LoRA-doudizhu-v2.csv,1.390710671742757,1.3464116255442302,0.0442990461985268,C:\Users\Farshelina\desktop\causal_results\causal_results\qwen25_base_scan_v5_layers_21_27\head_scan_Qwen2___5-7B_base.csv,0.0156317750612902,21-27
21,3,21-3,4.371394852797191,4.346632381280263,0.0247624715169276,C:\Users\Farshelina\desktop\causal_results\causal_results\qwen25_lora_scan_v5_layers_21_27\head_scan_Qwen2___5-7B_Qwen2.5-7B-LoRA-doudizhu-v2.csv,1.390710671742757,1.3807134628295898,0.0099972089131672,C:\Users\Farshelina\desktop\causal_results\causal_results\qwen25_base_scan_v5_layers_21_27\head_scan_Qwen2___5-7B_base.csv,0.0147652626037603,21-27
10,22,10-22,4.371394852797191,4.334646046161652,0.036748806635539,C:\Users\Farshelina\desktop\causal_results\causal_results\qwen25_lora_scan_v5_layers_7_13\head_scan_Qwen2___5-7B_Qwen2.5-7B-LoRA-doudizhu-v2.csv,1.390710671742757,1.3666842778523762,0.0240263938903808,C:\Users\Farshelina\desktop\causal_results\causal_results\qwen25_base_scan_v5_layers_7_13\head_scan_Qwen2___5-7B_base.csv,0.0127224127451581,7-13
19,5,19-5,4.371394852797191,4.349381307760875,0.0220135450363159,C:\Users\Farshelina\desktop\causal_results\causal_results\qwen25_lora_scan_v5_layers_14_20\head_scan_Qwen2___5-7B_Qwen2.5-7B-LoRA-doudizhu-v2.csv,1.390710671742757,1.381130536397298,0.0095801353454589,C:\Users\Farshelina\desktop\causal_results\causal_results\qwen25_base_scan_v5_layers_14_20\head_scan_Qwen2___5-7B_base.csv,0.012433409690857,14-20
23,16,23-16,4.371394852797191,4.357928733030955,0.0134661197662353,C:\Users\Farshelina\desktop\causal_results\causal_results\qwen25_lora_scan_v5_layers_21_27\head_scan_Qwen2___5-7B_Qwen2.5-7B-LoRA-doudizhu-v2.csv,1.390710671742757,1.3889841238657634,0.0017265478769936,C:\Users\Farshelina\desktop\causal_results\causal_results\qwen25_base_scan_v5_layers_21_27\head_scan_Qwen2___5-7B_base.csv,0.0117395718892417,21-27
3,20,3-20,4.371394852797191,4.250995397567749,0.1203994552294416,C:\Users\Farshelina\desktop\causal_results\causal_results\qwen25_lora_scan_v5_layers_0_6\head_scan_Qwen2___5-7B_Qwen2.5-7B-LoRA-doudizhu-v2.csv,1.390710671742757,1.2815104325612383,0.1092002391815185,C:\Users\Farshelina\desktop\causal_results\causal_results\qwen25_base_scan_v5_layers_0_6\head_scan_Qwen2___5-7B_base.csv,0.011199216047923,0-6
5,2,5-2,4.371394852797191,4.248331407705943,0.1230634450912475,C:\Users\Farshelina\desktop\causal_results\causal_results\qwen25_lora_scan_v5_layers_0_6\head_scan_Qwen2___5-7B_Qwen2.5-7B-LoRA-doudizhu-v2.csv,1.390710671742757,1.2776403427124023,0.1130703290303547,C:\Users\Farshelina\desktop\causal_results\causal_results\qwen25_base_scan_v5_layers_0_6\head_scan_Qwen2___5-7B_base.csv,0.0099931160608928,0-6
12,19,12-19,4.371394852797191,4.46071724096934,-0.0893223881721496,C:\Users\Farshelina\desktop\causal_results\causal_results\qwen25_lora_scan_v5_layers_7_13\head_scan_Qwen2___5-7B_Qwen2.5-7B-LoRA-doudizhu-v2.csv,1.390710671742757,1.489718675613403,-0.0990080038706462,C:\Users\Farshelina\desktop\causal_results\causal_results\qwen25_base_scan_v5_layers_7_13\head_scan_Qwen2___5-7B_base.csv,0.0096856156984966,7-13
25,27,25-27,4.371394852797191,4.366664151350657,0.0047307014465332,C:\Users\Farshelina\desktop\causal_results\causal_results\qwen25_lora_scan_v5_layers_21_27\head_scan_Qwen2___5-7B_Qwen2.5-7B-LoRA-doudizhu-v2.csv,1.390710671742757,1.3953617413838704,-0.0046510696411132,C:\Users\Farshelina\desktop\causal_results\causal_results\qwen25_base_scan_v5_layers_21_27\head_scan_Qwen2___5-7B_base.csv,0.0093817710876464,21-27
20,15,20-15,4.371394852797191,4.356145620346069,0.0152492324511213,C:\Users\Farshelina\desktop\causal_results\causal_results\qwen25_lora_scan_v5_layers_14_20\head_scan_Qwen2___5-7B_Qwen2.5-7B-LoRA-doudizhu-v2.csv,1.390710671742757,1.3845110734303792,0.0061995983123779,C:\Users\Farshelina\desktop\causal_results\causal_results\qwen25_base_scan_v5_layers_14_20\head_scan_Qwen2___5-7B_base.csv,0.0090496341387434,14-20
27,21,27-21,4.371394852797191,4.335334599018097,0.0360602537790937,C:\Users\Farshelina\desktop\causal_results\causal_results\qwen25_lora_scan_v5_layers_21_27\head_scan_Qwen2___5-7B_Qwen2.5-7B-LoRA-doudizhu-v2.csv,1.390710671742757,1.3631436824798584,0.0275669892628986,C:\Users\Farshelina\desktop\causal_results\causal_results\qwen25_base_scan_v5_layers_21_27\head_scan_Qwen2___5-7B_base.csv,0.0084932645161951,21-27
23,5,23-5,4.371394852797191,4.371233284473419,0.0001615683237714,C:\Users\Farshelina\desktop\causal_results\causal_results\qwen25_lora_scan_v5_layers_21_27\head_scan_Qwen2___5-7B_Qwen2.5-7B-LoRA-doudizhu-v2.csv,1.390710671742757,1.3988970120747883,-0.0081863403320312,C:\Users\Farshelina\desktop\causal_results\causal_results\qwen25_base_scan_v5_layers_21_27\head_scan_Qwen2___5-7B_base.csv,0.0083479086558025,21-27
3,23,3-23,4.371394852797191,4.487180670102437,-0.1157858173052464,C:\Users\Farshelina\desktop\causal_results\causal_results\qwen25_lora_scan_v5_layers_0_6\head_scan_Qwen2___5-7B_Qwen2.5-7B-LoRA-doudizhu-v2.csv,1.390710671742757,1.5141468048095703,-0.1234361330668132,C:\Users\Farshelina\desktop\causal_results\causal_results\qwen25_base_scan_v5_layers_0_6\head_scan_Qwen2___5-7B_base.csv,0.0076503157615668,0-6
6,17,6-17,4.371394852797191,4.28120615084966,0.0901887019475307,C:\Users\Farshelina\desktop\causal_results\causal_results\qwen25_lora_scan_v5_layers_0_6\head_scan_Qwen2___5-7B_Qwen2.5-7B-LoRA-doudizhu-v2.csv,1.390710671742757,1.308115561803182,0.0825951099395752,C:\Users\Farshelina\desktop\causal_results\causal_results\qwen25_base_scan_v5_layers_0_6\head_scan_Qwen2___5-7B_base.csv,0.0075935920079555,0-6
8,8,8-8,4.371394852797191,4.255446195602417,0.1159486571947736,C:\Users\Farshelina\desktop\causal_results\causal_results\qwen25_lora_scan_v5_layers_7_13\head_scan_Qwen2___5-7B_Qwen2.5-7B-LoRA-doudizhu-v2.csv,1.390710671742757,1.2823485533396404,0.1083621184031167,C:\Users\Farshelina\desktop\causal_results\causal_results\qwen25_base_scan_v5_layers_7_13\head_scan_Qwen2___5-7B_base.csv,0.0075865387916568,7-13
26,3,26-3,4.371394852797191,4.396498580773671,-0.0251037279764805,C:\Users\Farshelina\desktop\causal_results\causal_results\qwen25_lora_scan_v5_layers_21_27\head_scan_Qwen2___5-7B_Qwen2.5-7B-LoRA-doudizhu-v2.csv,1.390710671742757,1.422598918279012,-0.0318882465362548,C:\Users\Farshelina\desktop\causal_results\causal_results\qwen25_base_scan_v5_layers_21_27\head_scan_Qwen2___5-7B_base.csv,0.0067845185597743,21-27
24,10,24-10,4.371394852797191,4.331702530384064,0.0396923224131269,C:\Users\Farshelina\desktop\causal_results\causal_results\qwen25_lora_scan_v5_layers_21_27\head_scan_Qwen2___5-7B_Qwen2.5-7B-LoRA-doudizhu-v2.csv,1.390710671742757,1.3577988147735596,0.0329118569691975,C:\Users\Farshelina\desktop\causal_results\causal_results\qwen25_base_scan_v5_layers_21_27\head_scan_Qwen2___5-7B_base.csv,0.0067804654439294,21-27
1,25,1-25,4.371394852797191,4.512418369452159,-0.1410235166549682,C:\Users\Farshelina\desktop\causal_results\causal_results\qwen25_lora_scan_v5_layers_0_6\head_scan_Qwen2___5-7B_Qwen2.5-7B-LoRA-doudizhu-v2.csv,1.390710671742757,1.5378962357838948,-0.1471855640411377,C:\Users\Farshelina\desktop\causal_results\causal_results\qwen25_base_scan_v5_layers_0_6\head_scan_Qwen2___5-7B_base.csv,0.0061620473861694,0-6
20,20,20-20,4.371394852797191,4.403717935085297,-0.0323230822881059,C:\Users\Farshelina\desktop\causal_results\causal_results\qwen25_lora_scan_v5_layers_14_20\head_scan_Qwen2___5-7B_Qwen2.5-7B-LoRA-doudizhu-v2.csv,1.390710671742757,1.4280614058176675,-0.0373507340749106,C:\Users\Farshelina\desktop\causal_results\causal_results\qwen25_base_scan_v5_layers_14_20\head_scan_Qwen2___5-7B_base.csv,0.0050276517868046,14-20
17,17,17-17,4.371394852797191,4.42822050054868,-0.0568256477514896,C:\Users\Farshelina\desktop\causal_results\causal_results\qwen25_lora_scan_v5_layers_14_20\head_scan_Qwen2___5-7B_Qwen2.5-7B-LoRA-doudizhu-v2.csv,1.390710671742757,1.4508221944173176,-0.0601115226745605,C:\Users\Farshelina\desktop\causal_results\causal_results\qwen25_base_scan_v5_layers_14_20\head_scan_Qwen2___5-7B_base.csv,0.0032858749230708,14-20
0,16,0-16,4.371394852797191,3.6443039377530417,0.7270909150441489,C:\Users\Farshelina\desktop\causal_results\causal_results\qwen25_lora_scan_v5_layers_0_6\head_scan_Qwen2___5-7B_Qwen2.5-7B-LoRA-doudizhu-v2.csv,1.390710671742757,0.6659599939982096,0.7247506777445475,C:\Users\Farshelina\desktop\causal_results\causal_results\qwen25_base_scan_v5_layers_0_6\head_scan_Qwen2___5-7B_base.csv,0.0023402372996014,0-6
25,0,25-0,4.371394852797191,4.383330583572388,-0.011935730775197,C:\Users\Farshelina\desktop\causal_results\causal_results\qwen25_lora_scan_v5_layers_21_27\head_scan_Qwen2___5-7B_Qwen2.5-7B-LoRA-doudizhu-v2.csv,1.390710671742757,1.402788241704305,-0.0120775699615478,C:\Users\Farshelina\desktop\causal_results\causal_results\qwen25_base_scan_v5_layers_21_27\head_scan_Qwen2___5-7B_base.csv,0.0001418391863507,21-27
26,4,26-4,4.371394852797191,4.379684666792552,-0.0082898139953613,C:\Users\Farshelina\desktop\causal_results\causal_results\qwen25_lora_scan_v5_layers_21_27\head_scan_Qwen2___5-7B_Qwen2.5-7B-LoRA-doudizhu-v2.csv,1.390710671742757,1.39744234085083,-0.0067316691080729,C:\Users\Farshelina\desktop\causal_results\causal_results\qwen25_base_scan_v5_layers_21_27\head_scan_Qwen2___5-7B_base.csv,-0.0015581448872884,21-27
6,16,6-16,4.371394852797191,4.210235734780629,0.1611591180165614,C:\Users\Farshelina\desktop\causal_results\causal_results\qwen25_lora_scan_v5_layers_0_6\head_scan_Qwen2___5-7B_Qwen2.5-7B-LoRA-doudizhu-v2.csv,1.390710671742757,1.2278087933858235,0.1629018783569336,C:\Users\Farshelina\desktop\causal_results\causal_results\qwen25_base_scan_v5_layers_0_6\head_scan_Qwen2___5-7B_base.csv,-0.0017427603403721,0-6
21,1,21-1,4.371394852797191,4.400031358003616,-0.0286365052064256,C:\Users\Farshelina\desktop\causal_results\causal_results\qwen25_lora_scan_v5_layers_21_27\head_scan_Qwen2___5-7B_Qwen2.5-7B-LoRA-doudizhu-v2.csv,1.390710671742757,1.4173104763031006,-0.0265998045603435,C:\Users\Farshelina\desktop\causal_results\causal_results\qwen25_base_scan_v5_layers_21_27\head_scan_Qwen2___5-7B_base.csv,-0.0020367006460821,21-27
26,20,26-20,4.371394852797191,4.385076979796092,-0.0136821269989013,C:\Users\Farshelina\desktop\causal_results\causal_results\qwen25_lora_scan_v5_layers_21_27\head_scan_Qwen2___5-7B_Qwen2.5-7B-LoRA-doudizhu-v2.csv,1.390710671742757,1.4007585843404131,-0.0100479125976562,C:\Users\Farshelina\desktop\causal_results\causal_results\qwen25_base_scan_v5_layers_21_27\head_scan_Qwen2___5-7B_base.csv,-0.0036342144012451,21-27
25,18,25-18,4.371394852797191,4.33628116051356,0.0351136922836303,C:\Users\Farshelina\desktop\causal_results\causal_results\qwen25_lora_scan_v5_layers_21_27\head_scan_Qwen2___5-7B_Qwen2.5-7B-LoRA-doudizhu-v2.csv,1.390710671742757,1.3516606489817302,0.0390500227610268,C:\Users\Farshelina\desktop\causal_results\causal_results\qwen25_base_scan_v5_layers_21_27\head_scan_Qwen2___5-7B_base.csv,-0.0039363304773964,21-27
6,20,6-20,4.371394852797191,4.346574982007344,0.0248198707898463,C:\Users\Farshelina\desktop\causal_results\causal_results\qwen25_lora_scan_v5_layers_0_6\head_scan_Qwen2___5-7B_Qwen2.5-7B-LoRA-doudizhu-v2.csv,1.390710671742757,1.3611441453297932,0.0295665264129638,C:\Users\Farshelina\desktop\causal_results\causal_results\qwen25_base_scan_v5_layers_0_6\head_scan_Qwen2___5-7B_base.csv,-0.0047466556231175,0-6
26,19,26-19,4.371394852797191,4.394098063309987,-0.0227032105127964,C:\Users\Farshelina\desktop\causal_results\causal_results\qwen25_lora_scan_v5_layers_21_27\head_scan_Qwen2___5-7B_Qwen2.5-7B-LoRA-doudizhu-v2.csv,1.390710671742757,1.4079638322194417,-0.0172531604766845,C:\Users\Farshelina\desktop\causal_results\causal_results\qwen25_base_scan_v5_layers_21_27\head_scan_Qwen2___5-7B_base.csv,-0.0054500500361119,21-27
19,27,19-27,4.371394852797191,4.296001414457957,0.0753934383392334,C:\Users\Farshelina\desktop\causal_results\causal_results\qwen25_lora_scan_v5_layers_14_20\head_scan_Qwen2___5-7B_Qwen2.5-7B-LoRA-doudizhu-v2.csv,1.390710671742757,1.3097302913665771,0.0809803803761799,C:\Users\Farshelina\desktop\causal_results\causal_results\qwen25_base_scan_v5_layers_14_20\head_scan_Qwen2___5-7B_base.csv,-0.0055869420369464,14-20
23,3,23-3,4.371394852797191,4.392087737719218,-0.0206928849220275,C:\Users\Farshelina\desktop\causal_results\causal_results\qwen25_lora_scan_v5_layers_21_27\head_scan_Qwen2___5-7B_Qwen2.5-7B-LoRA-doudizhu-v2.csv,1.390710671742757,1.405688206354777,-0.01497753461202,C:\Users\Farshelina\desktop\causal_results\causal_results\qwen25_base_scan_v5_layers_21_27\head_scan_Qwen2___5-7B_base.csv,-0.0057153503100075,21-27
5,9,5-9,4.371394852797191,4.331297477086385,0.0400973757108058,C:\Users\Farshelina\desktop\causal_results\causal_results\qwen25_lora_scan_v5_layers_0_6\head_scan_Qwen2___5-7B_Qwen2.5-7B-LoRA-doudizhu-v2.csv,1.390710671742757,1.344408353169759,0.046302318572998,C:\Users\Farshelina\desktop\causal_results\causal_results\qwen25_base_scan_v5_layers_0_6\head_scan_Qwen2___5-7B_base.csv,-0.0062049428621921,0-6
4,13,4-13,4.371394852797191,4.363081276416779,0.008313576380412,C:\Users\Farshelina\desktop\causal_results\causal_results\qwen25_lora_scan_v5_layers_0_6\head_scan_Qwen2___5-7B_Qwen2.5-7B-LoRA-doudizhu-v2.csv,1.390710671742757,1.3757553895314534,0.0149552822113037,C:\Users\Farshelina\desktop\causal_results\causal_results\qwen25_base_scan_v5_layers_0_6\head_scan_Qwen2___5-7B_base.csv,-0.0066417058308917,0-6
24,6,24-6,4.371394852797191,4.382198433081309,-0.0108035802841186,C:\Users\Farshelina\desktop\causal_results\causal_results\qwen25_lora_scan_v5_layers_21_27\head_scan_Qwen2___5-7B_Qwen2.5-7B-LoRA-doudizhu-v2.csv,1.390710671742757,1.3948516845703125,-0.0041410128275554,C:\Users\Farshelina\desktop\causal_results\causal_results\qwen25_base_scan_v5_layers_21_27\head_scan_Qwen2___5-7B_base.csv,-0.0066625674565632,21-27
1,22,1-22,4.371394852797191,4.220511655012767,0.1508831977844238,C:\Users\Farshelina\desktop\causal_results\causal_results\qwen25_lora_scan_v5_layers_0_6\head_scan_Qwen2___5-7B_Qwen2.5-7B-LoRA-doudizhu-v2.csv,1.390710671742757,1.2304967244466145,0.1602139472961425,C:\Users\Farshelina\desktop\causal_results\causal_results\qwen25_base_scan_v5_layers_0_6\head_scan_Qwen2___5-7B_base.csv,-0.0093307495117186,0-6
26,22,26-22,4.371394852797191,4.529334922631581,-0.1579400698343906,C:\Users\Farshelina\desktop\causal_results\causal_results\qwen25_lora_scan_v5_layers_21_27\head_scan_Qwen2___5-7B_Qwen2.5-7B-LoRA-doudizhu-v2.csv,1.390710671742757,1.538451115290324,-0.1477404435475668,C:\Users\Farshelina\desktop\causal_results\causal_results\qwen25_base_scan_v5_layers_21_27\head_scan_Qwen2___5-7B_base.csv,-0.0101996262868238,21-27
24,19,24-19,4.371394852797191,4.383688151836395,-0.0122932990392046,C:\Users\Farshelina\desktop\causal_results\causal_results\qwen25_lora_scan_v5_layers_21_27\head_scan_Qwen2___5-7B_Qwen2.5-7B-LoRA-doudizhu-v2.csv,1.390710671742757,1.391558011372884,-0.0008473396301269,C:\Users\Farshelina\desktop\causal_results\causal_results\qwen25_base_scan_v5_layers_21_27\head_scan_Qwen2___5-7B_base.csv,-0.0114459594090777,21-27
4,10,4-10,4.371394852797191,4.401873707771301,-0.0304788549741106,C:\Users\Farshelina\desktop\causal_results\causal_results\qwen25_lora_scan_v5_layers_0_6\head_scan_Qwen2___5-7B_Qwen2.5-7B-LoRA-doudizhu-v2.csv,1.390710671742757,1.4093814690907795,-0.0186707973480224,C:\Users\Farshelina\desktop\causal_results\causal_results\qwen25_base_scan_v5_layers_0_6\head_scan_Qwen2___5-7B_base.csv,-0.0118080576260882,0-6
9,9,9-9,4.371394852797191,4.4203804930051165,-0.0489856402079258,C:\Users\Farshelina\desktop\causal_results\causal_results\qwen25_lora_scan_v5_layers_7_13\head_scan_Qwen2___5-7B_Qwen2.5-7B-LoRA-doudizhu-v2.csv,1.390710671742757,1.4272780418395996,-0.0365673700968425,C:\Users\Farshelina\desktop\causal_results\causal_results\qwen25_base_scan_v5_layers_7_13\head_scan_Qwen2___5-7B_base.csv,-0.0124182701110832,7-13
19,18,19-18,4.371394852797191,4.297467062870662,0.0739277899265289,C:\Users\Farshelina\desktop\causal_results\causal_results\qwen25_lora_scan_v5_layers_14_20\head_scan_Qwen2___5-7B_Qwen2.5-7B-LoRA-doudizhu-v2.csv,1.390710671742757,1.3043382167816162,0.0863724549611408,C:\Users\Farshelina\desktop\causal_results\causal_results\qwen25_base_scan_v5_layers_14_20\head_scan_Qwen2___5-7B_base.csv,-0.0124446650346118,14-20
25,22,25-22,4.371394852797191,4.389110088348389,-0.017715235551198,C:\Users\Farshelina\desktop\causal_results\causal_results\qwen25_lora_scan_v5_layers_21_27\head_scan_Qwen2___5-7B_Qwen2.5-7B-LoRA-doudizhu-v2.csv,1.390710671742757,1.394891579945882,-0.004180908203125,C:\Users\Farshelina\desktop\causal_results\causal_results\qwen25_base_scan_v5_layers_21_27\head_scan_Qwen2___5-7B_base.csv,-0.013534327348073,21-27
26,12,26-12,4.371394852797191,4.389232248067856,-0.0178373952706651,C:\Users\Farshelina\desktop\causal_results\causal_results\qwen25_lora_scan_v5_layers_21_27\head_scan_Qwen2___5-7B_Qwen2.5-7B-LoRA-doudizhu-v2.csv,1.390710671742757,1.3947691917419434,-0.0040585199991862,C:\Users\Farshelina\desktop\causal_results\causal_results\qwen25_base_scan_v5_layers_21_27\head_scan_Qwen2___5-7B_base.csv,-0.0137788752714789,21-27
27,14,27-14,4.371394852797191,4.387142419815064,-0.0157475670178728,C:\Users\Farshelina\desktop\causal_results\causal_results\qwen25_lora_scan_v5_layers_21_27\head_scan_Qwen2___5-7B_Qwen2.5-7B-LoRA-doudizhu-v2.csv,1.390710671742757,1.3923250039418538,-0.0016143321990966,C:\Users\Farshelina\desktop\causal_results\causal_results\qwen25_base_scan_v5_layers_21_27\head_scan_Qwen2___5-7B_base.csv,-0.0141332348187762,21-27
21,2,21-2,4.371394852797191,4.407124489545822,-0.0357296367486315,C:\Users\Farshelina\desktop\causal_results\causal_results\qwen25_lora_scan_v5_layers_21_27\head_scan_Qwen2___5-7B_Qwen2.5-7B-LoRA-doudizhu-v2.csv,1.390710671742757,1.4112025101979573,-0.0204918384552001,C:\Users\Farshelina\desktop\causal_results\causal_results\qwen25_base_scan_v5_layers_21_27\head_scan_Qwen2___5-7B_base.csv,-0.0152377982934313,21-27
10,1,10-1,4.371394852797191,4.52676389614741,-0.1553690433502197,C:\Users\Farshelina\desktop\causal_results\causal_results\qwen25_lora_scan_v5_layers_7_13\head_scan_Qwen2___5-7B_Qwen2.5-7B-LoRA-doudizhu-v2.csv,1.390710671742757,1.5303878784179688,-0.1396772066752116,C:\Users\Farshelina\desktop\causal_results\causal_results\qwen25_base_scan_v5_layers_7_13\head_scan_Qwen2___5-7B_base.csv,-0.015691836675008,7-13
24,12,24-12,4.371394852797191,4.363828976949056,0.0075658758481349,C:\Users\Farshelina\desktop\causal_results\causal_results\qwen25_lora_scan_v5_layers_21_27\head_scan_Qwen2___5-7B_Qwen2.5-7B-LoRA-doudizhu-v2.csv,1.390710671742757,1.367008924484253,0.0237017472585041,C:\Users\Farshelina\desktop\causal_results\causal_results\qwen25_base_scan_v5_layers_21_27\head_scan_Qwen2___5-7B_base.csv,-0.0161358714103692,21-27
22,5,22-5,4.371394852797191,4.38768070936203,-0.0162858565648393,C:\Users\Farshelina\desktop\causal_results\causal_results\qwen25_lora_scan_v5_layers_21_27\head_scan_Qwen2___5-7B_Qwen2.5-7B-LoRA-doudizhu-v2.csv,1.390710671742757,1.388594388961792,0.002116282780965,C:\Users\Farshelina\desktop\causal_results\causal_results\qwen25_base_scan_v5_layers_21_27\head_scan_Qwen2___5-7B_base.csv,-0.0184021393458043,21-27
14,14,14-14,4.371394852797191,4.549723744392395,-0.1783288915952043,C:\Users\Farshelina\desktop\causal_results\causal_results\qwen25_lora_scan_v5_layers_14_20\head_scan_Qwen2___5-7B_Qwen2.5-7B-LoRA-doudizhu-v2.csv,1.390710671742757,1.5502667427062988,-0.1595560709635417,C:\Users\Farshelina\desktop\causal_results\causal_results\qwen25_base_scan_v5_layers_14_20\head_scan_Qwen2___5-7B_base.csv,-0.0187728206316625,14-20
25,3,25-3,4.371394852797191,4.399440596501033,-0.0280457437038421,C:\Users\Farshelina\desktop\causal_results\causal_results\qwen25_lora_scan_v5_layers_21_27\head_scan_Qwen2___5-7B_Qwen2.5-7B-LoRA-doudizhu-v2.csv,1.390710671742757,1.399814208348592,-0.0091035366058349,C:\Users\Farshelina\desktop\causal_results\causal_results\qwen25_base_scan_v5_layers_21_27\head_scan_Qwen2___5-7B_base.csv,-0.0189422070980072,21-27
25,13,25-13,4.371394852797191,4.372566759586334,-0.0011719067891435,C:\Users\Farshelina\desktop\causal_results\causal_results\qwen25_lora_scan_v5_layers_21_27\head_scan_Qwen2___5-7B_Qwen2.5-7B-LoRA-doudizhu-v2.csv,1.390710671742757,1.3726076285044353,0.0181030432383217,C:\Users\Farshelina\desktop\causal_results\causal_results\qwen25_base_scan_v5_layers_21_27\head_scan_Qwen2___5-7B_base.csv,-0.0192749500274652,21-27
21,19,21-19,4.371394852797191,4.425861616929372,-0.0544667641321812,C:\Users\Farshelina\desktop\causal_results\causal_results\qwen25_lora_scan_v5_layers_21_27\head_scan_Qwen2___5-7B_Qwen2.5-7B-LoRA-doudizhu-v2.csv,1.390710671742757,1.4258243242899578,-0.0351136525472006,C:\Users\Farshelina\desktop\causal_results\causal_results\qwen25_base_scan_v5_layers_21_27\head_scan_Qwen2___5-7B_base.csv,-0.0193531115849805,21-27
22,20,22-20,4.371394852797191,4.375621159871419,-0.0042263070742283,C:\Users\Farshelina\desktop\causal_results\causal_results\qwen25_lora_scan_v5_layers_21_27\head_scan_Qwen2___5-7B_Qwen2.5-7B-LoRA-doudizhu-v2.csv,1.390710671742757,1.3751309712727864,0.0155797004699707,C:\Users\Farshelina\desktop\causal_results\causal_results\qwen25_base_scan_v5_layers_21_27\head_scan_Qwen2___5-7B_base.csv,-0.019806007544199,21-27
22,15,22-15,4.371394852797191,4.392581065495809,-0.0211862126986179,C:\Users\Farshelina\desktop\causal_results\causal_results\qwen25_lora_scan_v5_layers_21_27\head_scan_Qwen2___5-7B_Qwen2.5-7B-LoRA-doudizhu-v2.csv,1.390710671742757,1.3909867604573567,-0.0002760887145996,C:\Users\Farshelina\desktop\causal_results\causal_results\qwen25_base_scan_v5_layers_21_27\head_scan_Qwen2___5-7B_base.csv,-0.0209101239840183,21-27
27,24,27-24,4.371394852797191,4.364013095696767,0.0073817571004237,C:\Users\Farshelina\desktop\causal_results\causal_results\qwen25_lora_scan_v5_layers_21_27\head_scan_Qwen2___5-7B_Qwen2.5-7B-LoRA-doudizhu-v2.csv,1.390710671742757,1.362037976582845,0.0286726951599121,C:\Users\Farshelina\desktop\causal_results\causal_results\qwen25_base_scan_v5_layers_21_27\head_scan_Qwen2___5-7B_base.csv,-0.0212909380594884,21-27
22,22,22-22,4.371394852797191,4.375796318054199,-0.0044014652570085,C:\Users\Farshelina\desktop\causal_results\causal_results\qwen25_lora_scan_v5_layers_21_27\head_scan_Qwen2___5-7B_Qwen2.5-7B-LoRA-doudizhu-v2.csv,1.390710671742757,1.3736931482950847,0.0170175234476723,C:\Users\Farshelina\desktop\causal_results\causal_results\qwen25_base_scan_v5_layers_21_27\head_scan_Qwen2___5-7B_base.csv,-0.0214189887046808,21-27
2,14,2-14,4.371394852797191,4.331889430681865,0.0395054221153259,C:\Users\Farshelina\desktop\causal_results\causal_results\qwen25_lora_scan_v5_layers_0_6\head_scan_Qwen2___5-7B_Qwen2.5-7B-LoRA-doudizhu-v2.csv,1.390710671742757,1.3297592798868816,0.0609513918558755,C:\Users\Farshelina\desktop\causal_results\causal_results\qwen25_base_scan_v5_layers_0_6\head_scan_Qwen2___5-7B_base.csv,-0.0214459697405496,0-6
2,2,2-2,4.371394852797191,4.412340462207794,-0.0409456094106035,C:\Users\Farshelina\desktop\causal_results\causal_results\qwen25_lora_scan_v5_layers_0_6\head_scan_Qwen2___5-7B_Qwen2.5-7B-LoRA-doudizhu-v2.csv,1.390710671742757,1.4100406964619954,-0.0193300247192382,C:\Users\Farshelina\desktop\causal_results\causal_results\qwen25_base_scan_v5_layers_0_6\head_scan_Qwen2___5-7B_base.csv,-0.0216155846913653,0-6
13,22,13-22,4.371394852797191,4.317400554815928,0.0539942979812622,C:\Users\Farshelina\desktop\causal_results\causal_results\qwen25_lora_scan_v5_layers_7_13\head_scan_Qwen2___5-7B_Qwen2.5-7B-LoRA-doudizhu-v2.csv,1.390710671742757,1.3150893847147624,0.0756212870279946,C:\Users\Farshelina\desktop\causal_results\causal_results\qwen25_base_scan_v5_layers_7_13\head_scan_Qwen2___5-7B_base.csv,-0.0216269890467324,7-13
25,6,25-6,4.371394852797191,4.401177724202474,-0.029782871405283,C:\Users\Farshelina\desktop\causal_results\causal_results\qwen25_lora_scan_v5_layers_21_27\head_scan_Qwen2___5-7B_Qwen2.5-7B-LoRA-doudizhu-v2.csv,1.390710671742757,1.3977591196695964,-0.0070484479268393,C:\Users\Farshelina\desktop\causal_results\causal_results\qwen25_base_scan_v5_layers_21_27\head_scan_Qwen2___5-7B_base.csv,-0.0227344234784437,21-27
26,6,26-6,4.371394852797191,4.4155919551849365,-0.0441971023877458,C:\Users\Farshelina\desktop\causal_results\causal_results\qwen25_lora_scan_v5_layers_21_27\head_scan_Qwen2___5-7B_Qwen2.5-7B-LoRA-doudizhu-v2.csv,1.390710671742757,1.4118212064107258,-0.0211105346679687,C:\Users\Farshelina\desktop\causal_results\causal_results\qwen25_base_scan_v5_layers_21_27\head_scan_Qwen2___5-7B_base.csv,-0.0230865677197771,21-27
4,27,4-27,4.371394852797191,4.401541372140248,-0.0301465193430576,C:\Users\Farshelina\desktop\causal_results\causal_results\qwen25_lora_scan_v5_layers_0_6\head_scan_Qwen2___5-7B_Qwen2.5-7B-LoRA-doudizhu-v2.csv,1.390710671742757,1.3962154388427734,-0.0055047671000163,C:\Users\Farshelina\desktop\causal_results\causal_results\qwen25_base_scan_v5_layers_0_6\head_scan_Qwen2___5-7B_base.csv,-0.0246417522430413,0-6
25,5,25-5,4.371394852797191,4.393832544485728,-0.0224376916885375,C:\Users\Farshelina\desktop\causal_results\causal_results\qwen25_lora_scan_v5_layers_21_27\head_scan_Qwen2___5-7B_Qwen2.5-7B-LoRA-doudizhu-v2.csv,1.390710671742757,1.3878487745920818,0.0028618971506753,C:\Users\Farshelina\desktop\causal_results\causal_results\qwen25_base_scan_v5_layers_21_27\head_scan_Qwen2___5-7B_base.csv,-0.0252995888392128,21-27
25,15,25-15,4.371394852797191,4.396498521169026,-0.0251036683718357,C:\Users\Farshelina\desktop\causal_results\causal_results\qwen25_lora_scan_v5_layers_21_27\head_scan_Qwen2___5-7B_Qwen2.5-7B-LoRA-doudizhu-v2.csv,1.390710671742757,1.3905028502146404,0.0002078215281167,C:\Users\Farshelina\desktop\causal_results\causal_results\qwen25_base_scan_v5_layers_21_27\head_scan_Qwen2___5-7B_base.csv,-0.0253114898999524,21-27
16,10,16-10,4.371394852797191,4.409442345301311,-0.0380474925041198,C:\Users\Farshelina\desktop\causal_results\causal_results\qwen25_lora_scan_v5_layers_14_20\head_scan_Qwen2___5-7B_Qwen2.5-7B-LoRA-doudizhu-v2.csv,1.390710671742757,1.402826468149821,-0.0121157964070639,C:\Users\Farshelina\desktop\causal_results\causal_results\qwen25_base_scan_v5_layers_14_20\head_scan_Qwen2___5-7B_base.csv,-0.0259316960970558,14-20
25,7,25-7,4.371394852797191,4.383621732393901,-0.0122268795967102,C:\Users\Farshelina\desktop\causal_results\causal_results\qwen25_lora_scan_v5_layers_21_27\head_scan_Qwen2___5-7B_Qwen2.5-7B-LoRA-doudizhu-v2.csv,1.390710671742757,1.3769073486328125,0.0138033231099445,C:\Users\Farshelina\desktop\causal_results\causal_results\qwen25_base_scan_v5_layers_21_27\head_scan_Qwen2___5-7B_base.csv,-0.0260302027066547,21-27
24,27,24-27,4.371394852797191,4.422248502572377,-0.0508536497751865,C:\Users\Farshelina\desktop\causal_results\causal_results\qwen25_lora_scan_v5_layers_21_27\head_scan_Qwen2___5-7B_Qwen2.5-7B-LoRA-doudizhu-v2.csv,1.390710671742757,1.415113925933838,-0.0244032541910808,C:\Users\Farshelina\desktop\causal_results\causal_results\qwen25_base_scan_v5_layers_21_27\head_scan_Qwen2___5-7B_base.csv,-0.0264503955841057,21-27
24,7,24-7,4.371394852797191,4.328756819168727,0.0426380336284637,C:\Users\Farshelina\desktop\causal_results\causal_results\qwen25_lora_scan_v5_layers_21_27\head_scan_Qwen2___5-7B_Qwen2.5-7B-LoRA-doudizhu-v2.csv,1.390710671742757,1.3216124375661211,0.0690982341766357,C:\Users\Farshelina\desktop\causal_results\causal_results\qwen25_base_scan_v5_layers_21_27\head_scan_Qwen2___5-7B_base.csv,-0.026460200548172,21-27
24,9,24-9,4.371394852797191,4.379115144411723,-0.0077202916145324,C:\Users\Farshelina\desktop\causal_results\causal_results\qwen25_lora_scan_v5_layers_21_27\head_scan_Qwen2___5-7B_Qwen2.5-7B-LoRA-doudizhu-v2.csv,1.390710671742757,1.3714162508646648,0.0192944208780923,C:\Users\Farshelina\desktop\causal_results\causal_results\qwen25_base_scan_v5_layers_21_27\head_scan_Qwen2___5-7B_base.csv,-0.0270147124926247,21-27
15,14,15-14,4.371394852797191,4.422418614228566,-0.0510237614313755,C:\Users\Farshelina\desktop\causal_results\causal_results\qwen25_lora_scan_v5_layers_14_20\head_scan_Qwen2___5-7B_Qwen2.5-7B-LoRA-doudizhu-v2.csv,1.390710671742757,1.4146634737650554,-0.0239528020222983,C:\Users\Farshelina\desktop\causal_results\causal_results\qwen25_base_scan_v5_layers_14_20\head_scan_Qwen2___5-7B_base.csv,-0.0270709594090771,14-20
26,23,26-23,4.371394852797191,4.42765564719836,-0.0562607944011688,C:\Users\Farshelina\desktop\causal_results\causal_results\qwen25_lora_scan_v5_layers_21_27\head_scan_Qwen2___5-7B_Qwen2.5-7B-LoRA-doudizhu-v2.csv,1.390710671742757,1.4182642300923665,-0.0275535583496093,C:\Users\Farshelina\desktop\causal_results\causal_results\qwen25_base_scan_v5_layers_21_27\head_scan_Qwen2___5-7B_base.csv,-0.0287072360515595,21-27
23,22,23-22,4.371394852797191,4.353610098361969,0.0177847544352216,C:\Users\Farshelina\desktop\causal_results\causal_results\qwen25_lora_scan_v5_layers_21_27\head_scan_Qwen2___5-7B_Qwen2.5-7B-LoRA-doudizhu-v2.csv,1.390710671742757,1.343882163365682,0.0468285083770751,C:\Users\Farshelina\desktop\causal_results\causal_results\qwen25_base_scan_v5_layers_21_27\head_scan_Qwen2___5-7B_base.csv,-0.0290437539418534,21-27
20,0,20-0,4.371394852797191,4.309174954891205,0.0622198979059858,C:\Users\Farshelina\desktop\causal_results\causal_results\qwen25_lora_scan_v5_layers_14_20\head_scan_Qwen2___5-7B_Qwen2.5-7B-LoRA-doudizhu-v2.csv,1.390710671742757,1.2990125020345051,0.0916981697082519,C:\Users\Farshelina\desktop\causal_results\causal_results\qwen25_base_scan_v5_layers_14_20\head_scan_Qwen2___5-7B_base.csv,-0.029478271802266,14-20
9,22,9-22,4.371394852797191,4.4483413100242615,-0.0769464572270708,C:\Users\Farshelina\desktop\causal_results\causal_results\qwen25_lora_scan_v5_layers_7_13\head_scan_Qwen2___5-7B_Qwen2.5-7B-LoRA-doudizhu-v2.csv,1.390710671742757,1.4376760323842366,-0.0469653606414794,C:\Users\Farshelina\desktop\causal_results\causal_results\qwen25_base_scan_v5_layers_7_13\head_scan_Qwen2___5-7B_base.csv,-0.0299810965855914,7-13
2,17,2-17,4.371394852797191,4.405789534250896,-0.0343946814537048,C:\Users\Farshelina\desktop\causal_results\causal_results\qwen25_lora_scan_v5_layers_0_6\head_scan_Qwen2___5-7B_Qwen2.5-7B-LoRA-doudizhu-v2.csv,1.390710671742757,1.3939257462819417,-0.0032150745391845,C:\Users\Farshelina\desktop\causal_results\causal_results\qwen25_base_scan_v5_layers_0_6\head_scan_Qwen2___5-7B_base.csv,-0.0311796069145203,0-6
6,25,6-25,4.371394852797191,4.3033925493558245,0.0680023034413661,C:\Users\Farshelina\desktop\causal_results\causal_results\qwen25_lora_scan_v5_layers_0_6\head_scan_Qwen2___5-7B_Qwen2.5-7B-LoRA-doudizhu-v2.csv,1.390710671742757,1.2909014225006104,0.0998092492421467,C:\Users\Farshelina\desktop\causal_results\causal_results\qwen25_base_scan_v5_layers_0_6\head_scan_Qwen2___5-7B_base.csv,-0.0318069458007806,0-6
8,5,8-5,4.371394852797191,4.271421432495117,0.0999734203020734,C:\Users\Farshelina\desktop\causal_results\causal_results\qwen25_lora_scan_v5_layers_7_13\head_scan_Qwen2___5-7B_Qwen2.5-7B-LoRA-doudizhu-v2.csv,1.390710671742757,1.2588660717010498,0.1318446000417072,C:\Users\Farshelina\desktop\causal_results\causal_results\qwen25_base_scan_v5_layers_7_13\head_scan_Qwen2___5-7B_base.csv,-0.0318711797396338,7-13
4,7,4-7,4.371394852797191,4.403516352176666,-0.0321214993794756,C:\Users\Farshelina\desktop\causal_results\causal_results\qwen25_lora_scan_v5_layers_0_6\head_scan_Qwen2___5-7B_Qwen2.5-7B-LoRA-doudizhu-v2.csv,1.390710671742757,1.3906320730845134,7.859865824366707e-05,C:\Users\Farshelina\desktop\causal_results\causal_results\qwen25_base_scan_v5_layers_0_6\head_scan_Qwen2___5-7B_base.csv,-0.0322000980377192,0-6
0,12,0-12,4.371394852797191,4.489732523759206,-0.1183376709620152,C:\Users\Farshelina\desktop\causal_results\causal_results\qwen25_lora_scan_v5_layers_0_6\head_scan_Qwen2___5-7B_Qwen2.5-7B-LoRA-doudizhu-v2.csv,1.390710671742757,1.4765239556630452,-0.085813283920288,C:\Users\Farshelina\desktop\causal_results\causal_results\qwen25_base_scan_v5_layers_0_6\head_scan_Qwen2___5-7B_base.csv,-0.0325243870417271,0-6
23,26,23-26,4.371394852797191,4.331729888916016,0.039664963881175,C:\Users\Farshelina\desktop\causal_results\causal_results\qwen25_lora_scan_v5_layers_21_27\head_scan_Qwen2___5-7B_Qwen2.5-7B-LoRA-doudizhu-v2.csv,1.390710671742757,1.3185025056203206,0.0722081661224365,C:\Users\Farshelina\desktop\causal_results\causal_results\qwen25_base_scan_v5_layers_21_27\head_scan_Qwen2___5-7B_base.csv,-0.0325432022412615,21-27
27,7,27-7,4.371394852797191,4.492967963218689,-0.1215731104214983,C:\Users\Farshelina\desktop\causal_results\causal_results\qwen25_lora_scan_v5_layers_21_27\head_scan_Qwen2___5-7B_Qwen2.5-7B-LoRA-doudizhu-v2.csv,1.390710671742757,1.479040543238322,-0.0883298714955649,C:\Users\Farshelina\desktop\causal_results\causal_results\qwen25_base_scan_v5_layers_21_27\head_scan_Qwen2___5-7B_base.csv,-0.0332432389259334,21-27
11,10,11-10,4.371394852797191,4.14980153242747,0.2215933203697204,C:\Users\Farshelina\desktop\causal_results\causal_results\qwen25_lora_scan_v5_layers_7_13\head_scan_Qwen2___5-7B_Qwen2.5-7B-LoRA-doudizhu-v2.csv,1.390710671742757,1.1357441743214924,0.2549664974212646,C:\Users\Farshelina\desktop\causal_results\causal_results\qwen25_base_scan_v5_layers_7_13\head_scan_Qwen2___5-7B_base.csv,-0.0333731770515441,7-13
6,24,6-24,4.371394852797191,4.436671227216721,-0.0652763744195299,C:\Users\Farshelina\desktop\causal_results\causal_results\qwen25_lora_scan_v5_layers_0_6\head_scan_Qwen2___5-7B_Qwen2.5-7B-LoRA-doudizhu-v2.csv,1.390710671742757,1.421131610870361,-0.0304209391276042,C:\Users\Farshelina\desktop\causal_results\causal_results\qwen25_base_scan_v5_layers_0_6\head_scan_Qwen2___5-7B_base.csv,-0.0348554352919256,0-6
26,17,26-17,4.371394852797191,4.3692359526952105,0.0021589001019801,C:\Users\Farshelina\desktop\causal_results\causal_results\qwen25_lora_scan_v5_layers_21_27\head_scan_Qwen2___5-7B_Qwen2.5-7B-LoRA-doudizhu-v2.csv,1.390710671742757,1.353202184041341,0.037508487701416,C:\Users\Farshelina\desktop\causal_results\causal_results\qwen25_base_scan_v5_layers_21_27\head_scan_Qwen2___5-7B_base.csv,-0.0353495875994359,21-27
24,22,24-22,4.371394852797191,4.39431893825531,-0.0229240854581194,C:\Users\Farshelina\desktop\causal_results\causal_results\qwen25_lora_scan_v5_layers_21_27\head_scan_Qwen2___5-7B_Qwen2.5-7B-LoRA-doudizhu-v2.csv,1.390710671742757,1.3780681292215984,0.0126425425211587,C:\Users\Farshelina\desktop\causal_results\causal_results\qwen25_base_scan_v5_layers_21_27\head_scan_Qwen2___5-7B_base.csv,-0.0355666279792781,21-27
14,13,14-13,4.371394852797191,4.102886845668157,0.268508007129034,C:\Users\Farshelina\desktop\causal_results\causal_results\qwen25_lora_scan_v5_layers_14_20\head_scan_Qwen2___5-7B_Qwen2.5-7B-LoRA-doudizhu-v2.csv,1.390710671742757,1.085032939910889,0.3056777318318684,C:\Users\Farshelina\desktop\causal_results\causal_results\qwen25_base_scan_v5_layers_14_20\head_scan_Qwen2___5-7B_base.csv,-0.0371697247028344,14-20
24,4,24-4,4.371394852797191,4.427268981933594,-0.0558741291364031,C:\Users\Farshelina\desktop\causal_results\causal_results\qwen25_lora_scan_v5_layers_21_27\head_scan_Qwen2___5-7B_Qwen2.5-7B-LoRA-doudizhu-v2.csv,1.390710671742757,1.4091781775156658,-0.0184675057729086,C:\Users\Farshelina\desktop\causal_results\causal_results\qwen25_base_scan_v5_layers_21_27\head_scan_Qwen2___5-7B_base.csv,-0.0374066233634945,21-27
26,0,26-0,4.371394852797191,4.428366502126058,-0.056971649328867,C:\Users\Farshelina\desktop\causal_results\causal_results\qwen25_lora_scan_v5_layers_21_27\head_scan_Qwen2___5-7B_Qwen2.5-7B-LoRA-doudizhu-v2.csv,1.390710671742757,1.4102325439453125,-0.0195218722025554,C:\Users\Farshelina\desktop\causal_results\causal_results\qwen25_base_scan_v5_layers_21_27\head_scan_Qwen2___5-7B_base.csv,-0.0374497771263116,21-27
25,10,25-10,4.371394852797191,4.414539039134979,-0.0431441863377886,C:\Users\Farshelina\desktop\causal_results\causal_results\qwen25_lora_scan_v5_layers_21_27\head_scan_Qwen2___5-7B_Qwen2.5-7B-LoRA-doudizhu-v2.csv,1.390710671742757,1.393235445022583,-0.0025247732798259,C:\Users\Farshelina\desktop\causal_results\causal_results\qwen25_base_scan_v5_layers_21_27\head_scan_Qwen2___5-7B_base.csv,-0.0406194130579627,21-27
4,3,4-3,4.371394852797191,4.360725820064545,0.0106690327326459,C:\Users\Farshelina\desktop\causal_results\causal_results\qwen25_lora_scan_v5_layers_0_6\head_scan_Qwen2___5-7B_Qwen2.5-7B-LoRA-doudizhu-v2.csv,1.390710671742757,1.3392774264017742,0.0514332453409829,C:\Users\Farshelina\desktop\causal_results\causal_results\qwen25_base_scan_v5_layers_0_6\head_scan_Qwen2___5-7B_base.csv,-0.040764212608337,0-6
21,25,21-25,4.371394852797191,4.4632793466250105,-0.0918844938278198,C:\Users\Farshelina\desktop\causal_results\causal_results\qwen25_lora_scan_v5_layers_21_27\head_scan_Qwen2___5-7B_Qwen2.5-7B-LoRA-doudizhu-v2.csv,1.390710671742757,1.4392813046773274,-0.0485706329345703,C:\Users\Farshelina\desktop\causal_results\causal_results\qwen25_base_scan_v5_layers_21_27\head_scan_Qwen2___5-7B_base.csv,-0.0433138608932495,21-27
26,27,26-27,4.371394852797191,4.47916105389595,-0.1077662010987596,C:\Users\Farshelina\desktop\causal_results\causal_results\qwen25_lora_scan_v5_layers_21_27\head_scan_Qwen2___5-7B_Qwen2.5-7B-LoRA-doudizhu-v2.csv,1.390710671742757,1.4550254344940186,-0.0643147627512614,C:\Users\Farshelina\desktop\causal_results\causal_results\qwen25_base_scan_v5_layers_21_27\head_scan_Qwen2___5-7B_base.csv,-0.0434514383474982,21-27
1,24,1-24,4.371394852797191,4.357767244180043,0.0136276086171474,C:\Users\Farshelina\desktop\causal_results\causal_results\qwen25_lora_scan_v5_layers_0_6\head_scan_Qwen2___5-7B_Qwen2.5-7B-LoRA-doudizhu-v2.csv,1.390710671742757,1.3335134983062744,0.0571971734364826,C:\Users\Farshelina\desktop\causal_results\causal_results\qwen25_base_scan_v5_layers_0_6\head_scan_Qwen2___5-7B_base.csv,-0.0435695648193351,0-6
10,3,10-3,4.371394852797191,4.295491774876912,0.0759030779202785,C:\Users\Farshelina\desktop\causal_results\causal_results\qwen25_lora_scan_v5_layers_7_13\head_scan_Qwen2___5-7B_Qwen2.5-7B-LoRA-doudizhu-v2.csv,1.390710671742757,1.270398696263631,0.1203119754791259,C:\Users\Farshelina\desktop\causal_results\causal_results\qwen25_base_scan_v5_layers_7_13\head_scan_Qwen2___5-7B_base.csv,-0.0444088975588473,7-13
24,26,24-26,4.371394852797191,4.453116317590077,-0.0817214647928867,C:\Users\Farshelina\desktop\causal_results\causal_results\qwen25_lora_scan_v5_layers_21_27\head_scan_Qwen2___5-7B_Qwen2.5-7B-LoRA-doudizhu-v2.csv,1.390710671742757,1.4274951616923015,-0.0367844899495444,C:\Users\Farshelina\desktop\causal_results\causal_results\qwen25_base_scan_v5_layers_21_27\head_scan_Qwen2___5-7B_base.csv,-0.0449369748433422,21-27
23,1,23-1,4.371394852797191,4.435537874698639,-0.0641430219014482,C:\Users\Farshelina\desktop\causal_results\causal_results\qwen25_lora_scan_v5_layers_21_27\head_scan_Qwen2___5-7B_Qwen2.5-7B-LoRA-doudizhu-v2.csv,1.390710671742757,1.4092971483866374,-0.0185864766438803,C:\Users\Farshelina\desktop\causal_results\causal_results\qwen25_base_scan_v5_layers_21_27\head_scan_Qwen2___5-7B_base.csv,-0.0455565452575679,21-27
6,23,6-23,4.371394852797191,4.400837351878484,-0.0294424990812931,C:\Users\Farshelina\desktop\causal_results\causal_results\qwen25_lora_scan_v5_layers_0_6\head_scan_Qwen2___5-7B_Qwen2.5-7B-LoRA-doudizhu-v2.csv,1.390710671742757,1.3734944661458333,0.0172162055969238,C:\Users\Farshelina\desktop\causal_results\causal_results\qwen25_base_scan_v5_layers_0_6\head_scan_Qwen2___5-7B_base.csv,-0.0466587046782169,0-6
19,25,19-25,4.371394852797191,4.398733367522557,-0.0273385147253666,C:\Users\Farshelina\desktop\causal_results\causal_results\qwen25_lora_scan_v5_layers_14_20\head_scan_Qwen2___5-7B_Qwen2.5-7B-LoRA-doudizhu-v2.csv,1.390710671742757,1.370421250661214,0.0202894210815429,C:\Users\Farshelina\desktop\causal_results\causal_results\qwen25_base_scan_v5_layers_14_20\head_scan_Qwen2___5-7B_base.csv,-0.0476279358069095,14-20
12,7,12-7,4.371394852797191,4.29484627644221,0.0765485763549804,C:\Users\Farshelina\desktop\causal_results\causal_results\qwen25_lora_scan_v5_layers_7_13\head_scan_Qwen2___5-7B_Qwen2.5-7B-LoRA-doudizhu-v2.csv,1.390710671742757,1.2651728789011638,0.1255377928415932,C:\Users\Farshelina\desktop\causal_results\causal_results\qwen25_base_scan_v5_layers_7_13\head_scan_Qwen2___5-7B_base.csv,-0.0489892164866127,7-13
25,4,25-4,4.371394852797191,4.424828966458638,-0.0534341136614475,C:\Users\Farshelina\desktop\causal_results\causal_results\qwen25_lora_scan_v5_layers_21_27\head_scan_Qwen2___5-7B_Qwen2.5-7B-LoRA-doudizhu-v2.csv,1.390710671742757,1.3935519854227705,-0.0028413136800131,C:\Users\Farshelina\desktop\causal_results\causal_results\qwen25_base_scan_v5_layers_21_27\head_scan_Qwen2___5-7B_base.csv,-0.0505927999814344,21-27
17,11,17-11,4.371394852797191,4.403868039449056,-0.032473186651865,C:\Users\Farshelina\desktop\causal_results\causal_results\qwen25_lora_scan_v5_layers_14_20\head_scan_Qwen2___5-7B_Qwen2.5-7B-LoRA-doudizhu-v2.csv,1.390710671742757,1.3718303839365642,0.0188802878061928,C:\Users\Farshelina\desktop\causal_results\causal_results\qwen25_base_scan_v5_layers_14_20\head_scan_Qwen2___5-7B_base.csv,-0.0513534744580577,14-20
24,20,24-20,4.371394852797191,4.418090244134267,-0.0466953913370762,C:\Users\Farshelina\desktop\causal_results\causal_results\qwen25_lora_scan_v5_layers_21_27\head_scan_Qwen2___5-7B_Qwen2.5-7B-LoRA-doudizhu-v2.csv,1.390710671742757,1.3848520914713542,0.0058585802714028,C:\Users\Farshelina\desktop\causal_results\causal_results\qwen25_base_scan_v5_layers_21_27\head_scan_Qwen2___5-7B_base.csv,-0.052553971608479,21-27
18,0,18-0,4.371394852797191,4.799844493468602,-0.4284496406714115,C:\Users\Farshelina\desktop\causal_results\causal_results\qwen25_lora_scan_v5_layers_14_20\head_scan_Qwen2___5-7B_Qwen2.5-7B-LoRA-doudizhu-v2.csv,1.390710671742757,1.766278823216756,-0.375568151473999,C:\Users\Farshelina\desktop\causal_results\causal_results\qwen25_base_scan_v5_layers_14_20\head_scan_Qwen2___5-7B_base.csv,-0.0528814891974124,14-20
22,9,22-9,4.371394852797191,4.4327699939409895,-0.0613751411437988,C:\Users\Farshelina\desktop\causal_results\causal_results\qwen25_lora_scan_v5_layers_21_27\head_scan_Qwen2___5-7B_Qwen2.5-7B-LoRA-doudizhu-v2.csv,1.390710671742757,1.3986804485321045,-0.0079697767893474,C:\Users\Farshelina\desktop\causal_results\causal_results\qwen25_base_scan_v5_layers_21_27\head_scan_Qwen2___5-7B_base.csv,-0.0534053643544514,21-27
24,15,24-15,4.371394852797191,4.4287906885147095,-0.0573958357175188,C:\Users\Farshelina\desktop\causal_results\causal_results\qwen25_lora_scan_v5_layers_21_27\head_scan_Qwen2___5-7B_Qwen2.5-7B-LoRA-doudizhu-v2.csv,1.390710671742757,1.3936012585957844,-0.0028905868530273,C:\Users\Farshelina\desktop\causal_results\causal_results\qwen25_base_scan_v5_layers_21_27\head_scan_Qwen2___5-7B_base.csv,-0.0545052488644915,21-27
3,4,3-4,4.371394852797191,4.436428606510162,-0.0650337537129717,C:\Users\Farshelina\desktop\causal_results\causal_results\qwen25_lora_scan_v5_layers_0_6\head_scan_Qwen2___5-7B_Qwen2.5-7B-LoRA-doudizhu-v2.csv,1.390710671742757,1.4009430408477783,-0.0102323691050212,C:\Users\Farshelina\desktop\causal_results\causal_results\qwen25_base_scan_v5_layers_0_6\head_scan_Qwen2___5-7B_base.csv,-0.0548013846079505,0-6
16,9,16-9,4.371394852797191,4.595243255297343,-0.2238484025001526,C:\Users\Farshelina\desktop\causal_results\causal_results\qwen25_lora_scan_v5_layers_14_20\head_scan_Qwen2___5-7B_Qwen2.5-7B-LoRA-doudizhu-v2.csv,1.390710671742757,1.5597442785898843,-0.1690336068471274,C:\Users\Farshelina\desktop\causal_results\causal_results\qwen25_base_scan_v5_layers_14_20\head_scan_Qwen2___5-7B_base.csv,-0.0548147956530251,14-20
6,6,6-6,4.371394852797191,4.556804259618123,-0.1854094068209324,C:\Users\Farshelina\desktop\causal_results\causal_results\qwen25_lora_scan_v5_layers_0_6\head_scan_Qwen2___5-7B_Qwen2.5-7B-LoRA-doudizhu-v2.csv,1.390710671742757,1.5205033620198567,-0.1297926902770996,C:\Users\Farshelina\desktop\causal_results\causal_results\qwen25_base_scan_v5_layers_0_6\head_scan_Qwen2___5-7B_base.csv,-0.0556167165438327,0-6
25,20,25-20,4.371394852797191,4.447143693765004,-0.0757488409678135,C:\Users\Farshelina\desktop\causal_results\causal_results\qwen25_lora_scan_v5_layers_21_27\head_scan_Qwen2___5-7B_Qwen2.5-7B-LoRA-doudizhu-v2.csv,1.390710671742757,1.408972183863322,-0.0182615121205649,C:\Users\Farshelina\desktop\causal_results\causal_results\qwen25_base_scan_v5_layers_21_27\head_scan_Qwen2___5-7B_base.csv,-0.0574873288472485,21-27
3,16,3-16,4.371394852797191,4.4946200251579285,-0.1232251723607378,C:\Users\Farshelina\desktop\causal_results\causal_results\qwen25_lora_scan_v5_layers_0_6\head_scan_Qwen2___5-7B_Qwen2.5-7B-LoRA-doudizhu-v2.csv,1.390710671742757,1.4562377134958904,-0.0655270417531332,C:\Users\Farshelina\desktop\causal_results\causal_results\qwen25_base_scan_v5_layers_0_6\head_scan_Qwen2___5-7B_base.csv,-0.0576981306076045,0-6
21,26,21-26,4.371394852797191,4.403699338436127,-0.032304485638936,C:\Users\Farshelina\desktop\causal_results\causal_results\qwen25_lora_scan_v5_layers_21_27\head_scan_Qwen2___5-7B_Qwen2.5-7B-LoRA-doudizhu-v2.csv,1.390710671742757,1.3652591705322266,0.0254515012105305,C:\Users\Farshelina\desktop\causal_results\causal_results\qwen25_base_scan_v5_layers_21_27\head_scan_Qwen2___5-7B_base.csv,-0.0577559868494665,21-27
27,26,27-26,4.371394852797191,4.412176787853241,-0.0407819350560503,C:\Users\Farshelina\desktop\causal_results\causal_results\qwen25_lora_scan_v5_layers_21_27\head_scan_Qwen2___5-7B_Qwen2.5-7B-LoRA-doudizhu-v2.csv,1.390710671742757,1.3731176058451335,0.0175930658976235,C:\Users\Farshelina\desktop\causal_results\causal_results\qwen25_base_scan_v5_layers_21_27\head_scan_Qwen2___5-7B_base.csv,-0.0583750009536738,21-27
17,16,17-16,4.371394852797191,4.351935694615047,0.0194591581821441,C:\Users\Farshelina\desktop\causal_results\causal_results\qwen25_lora_scan_v5_layers_14_20\head_scan_Qwen2___5-7B_Qwen2.5-7B-LoRA-doudizhu-v2.csv,1.390710671742757,1.3116340637207031,0.0790766080220539,C:\Users\Farshelina\desktop\causal_results\causal_results\qwen25_base_scan_v5_layers_14_20\head_scan_Qwen2___5-7B_base.csv,-0.0596174498399098,14-20
25,16,25-16,4.371394852797191,4.4293281237284345,-0.0579332709312438,C:\Users\Farshelina\desktop\causal_results\causal_results\qwen25_lora_scan_v5_layers_21_27\head_scan_Qwen2___5-7B_Qwen2.5-7B-LoRA-doudizhu-v2.csv,1.390710671742757,1.387251377105713,0.0034592946370441,C:\Users\Farshelina\desktop\causal_results\causal_results\qwen25_base_scan_v5_layers_21_27\head_scan_Qwen2___5-7B_base.csv,-0.0613925655682879,21-27
23,20,23-20,4.371394852797191,4.4381833871205645,-0.0667885343233738,C:\Users\Farshelina\desktop\causal_results\causal_results\qwen25_lora_scan_v5_layers_21_27\head_scan_Qwen2___5-7B_Qwen2.5-7B-LoRA-doudizhu-v2.csv,1.390710671742757,1.3960813681284587,-0.0053706963857016,C:\Users\Farshelina\desktop\causal_results\causal_results\qwen25_base_scan_v5_layers_21_27\head_scan_Qwen2___5-7B_base.csv,-0.0614178379376721,21-27
22,24,22-24,4.371394852797191,4.468341946601868,-0.096947093804677,C:\Users\Farshelina\desktop\causal_results\causal_results\qwen25_lora_scan_v5_layers_21_27\head_scan_Qwen2___5-7B_Qwen2.5-7B-LoRA-doudizhu-v2.csv,1.390710671742757,1.4260613918304443,-0.0353507200876872,C:\Users\Farshelina\desktop\causal_results\causal_results\qwen25_base_scan_v5_layers_21_27\head_scan_Qwen2___5-7B_base.csv,-0.0615963737169898,21-27
26,9,26-9,4.371394852797191,4.42730325460434,-0.0559084018071489,C:\Users\Farshelina\desktop\causal_results\causal_results\qwen25_lora_scan_v5_layers_21_27\head_scan_Qwen2___5-7B_Qwen2.5-7B-LoRA-doudizhu-v2.csv,1.390710671742757,1.3828016916910808,0.0079089800516762,C:\Users\Farshelina\desktop\causal_results\causal_results\qwen25_base_scan_v5_layers_21_27\head_scan_Qwen2___5-7B_base.csv,-0.0638173818588251,21-27
3,17,3-17,4.371394852797191,4.323359539111455,0.0480353136857356,C:\Users\Farshelina\desktop\causal_results\causal_results\qwen25_lora_scan_v5_layers_0_6\head_scan_Qwen2___5-7B_Qwen2.5-7B-LoRA-doudizhu-v2.csv,1.390710671742757,1.2781582673390706,0.1125524044036865,C:\Users\Farshelina\desktop\causal_results\causal_results\qwen25_base_scan_v5_layers_0_6\head_scan_Qwen2___5-7B_base.csv,-0.0645170907179508,0-6
19,13,19-13,4.371394852797191,4.388887961705525,-0.0174931089083347,C:\Users\Farshelina\desktop\causal_results\causal_results\qwen25_lora_scan_v5_layers_14_20\head_scan_Qwen2___5-7B_Qwen2.5-7B-LoRA-doudizhu-v2.csv,1.390710671742757,1.3432931900024414,0.0474174817403156,C:\Users\Farshelina\desktop\causal_results\causal_results\qwen25_base_scan_v5_layers_14_20\head_scan_Qwen2___5-7B_base.csv,-0.0649105906486502,14-20
6,22,6-22,4.371394852797191,4.36123326420784,0.0101615885893506,C:\Users\Farshelina\desktop\causal_results\causal_results\qwen25_lora_scan_v5_layers_0_6\head_scan_Qwen2___5-7B_Qwen2.5-7B-LoRA-doudizhu-v2.csv,1.390710671742757,1.314836502075195,0.0758741696675617,C:\Users\Farshelina\desktop\causal_results\causal_results\qwen25_base_scan_v5_layers_0_6\head_scan_Qwen2___5-7B_base.csv,-0.0657125810782111,0-6
11,3,11-3,4.371394852797191,4.37096647421519,0.0004283785820007,C:\Users\Farshelina\desktop\causal_results\causal_results\qwen25_lora_scan_v5_layers_7_13\head_scan_Qwen2___5-7B_Qwen2.5-7B-LoRA-doudizhu-v2.csv,1.390710671742757,1.3235228856404622,0.0671877861022949,C:\Users\Farshelina\desktop\causal_results\causal_results\qwen25_base_scan_v5_layers_7_13\head_scan_Qwen2___5-7B_base.csv,-0.0667594075202941,7-13
5,25,5-25,4.371394852797191,4.2227314710617065,0.1486633817354841,C:\Users\Farshelina\desktop\causal_results\causal_results\qwen25_lora_scan_v5_layers_0_6\head_scan_Qwen2___5-7B_Qwen2.5-7B-LoRA-doudizhu-v2.csv,1.390710671742757,1.1752877235412598,0.2154229482014973,C:\Users\Farshelina\desktop\causal_results\causal_results\qwen25_base_scan_v5_layers_0_6\head_scan_Qwen2___5-7B_base.csv,-0.0667595664660131,0-6
13,12,13-12,4.371394852797191,4.223968644936879,0.1474262078603114,C:\Users\Farshelina\desktop\causal_results\causal_results\qwen25_lora_scan_v5_layers_7_13\head_scan_Qwen2___5-7B_Qwen2.5-7B-LoRA-doudizhu-v2.csv,1.390710671742757,1.1763311227162678,0.2143795490264892,C:\Users\Farshelina\desktop\causal_results\causal_results\qwen25_base_scan_v5_layers_7_13\head_scan_Qwen2___5-7B_base.csv,-0.0669533411661778,7-13
1,20,1-20,4.371394852797191,4.454285244146983,-0.0828903913497924,C:\Users\Farshelina\desktop\causal_results\causal_results\qwen25_lora_scan_v5_layers_0_6\head_scan_Qwen2___5-7B_Qwen2.5-7B-LoRA-doudizhu-v2.csv,1.390710671742757,1.4054165681203206,-0.0147058963775634,C:\Users\Farshelina\desktop\causal_results\causal_results\qwen25_base_scan_v5_layers_0_6\head_scan_Qwen2___5-7B_base.csv,-0.068184494972229,0-6
9,17,9-17,4.371394852797191,4.378381709257762,-0.0069868564605712,C:\Users\Farshelina\desktop\causal_results\causal_results\qwen25_lora_scan_v5_layers_7_13\head_scan_Qwen2___5-7B_Qwen2.5-7B-LoRA-doudizhu-v2.csv,1.390710671742757,1.3281451066335042,0.0625655651092529,C:\Users\Farshelina\desktop\causal_results\causal_results\qwen25_base_scan_v5_layers_7_13\head_scan_Qwen2___5-7B_base.csv,-0.0695524215698241,7-13
11,5,11-5,4.371394852797191,4.547501762708028,-0.1761069099108372,C:\Users\Farshelina\desktop\causal_results\causal_results\qwen25_lora_scan_v5_layers_7_13\head_scan_Qwen2___5-7B_Qwen2.5-7B-LoRA-doudizhu-v2.csv,1.390710671742757,1.4971156120300293,-0.1064049402872722,C:\Users\Farshelina\desktop\causal_results\causal_results\qwen25_base_scan_v5_layers_7_13\head_scan_Qwen2___5-7B_base.csv,-0.069701969623565,7-13
16,2,16-2,4.371394852797191,4.203143517176311,0.1682513356208801,C:\Users\Farshelina\desktop\causal_results\causal_results\qwen25_lora_scan_v5_layers_14_20\head_scan_Qwen2___5-7B_Qwen2.5-7B-LoRA-doudizhu-v2.csv,1.390710671742757,1.1524434089660645,0.2382672627766926,C:\Users\Farshelina\desktop\causal_results\causal_results\qwen25_base_scan_v5_layers_14_20\head_scan_Qwen2___5-7B_base.csv,-0.0700159271558125,14-20
0,2,0-2,4.371394852797191,4.30982247988383,0.0615723729133605,C:\Users\Farshelina\desktop\causal_results\causal_results\qwen25_lora_scan_v5_layers_0_6\head_scan_Qwen2___5-7B_Qwen2.5-7B-LoRA-doudizhu-v2.csv,1.390710671742757,1.2588831583658855,0.1318275133768716,C:\Users\Farshelina\desktop\causal_results\causal_results\qwen25_base_scan_v5_layers_0_6\head_scan_Qwen2___5-7B_base.csv,-0.0702551404635111,0-6
26,1,26-1,4.371394852797191,4.463407893975576,-0.0920130411783848,C:\Users\Farshelina\desktop\causal_results\causal_results\qwen25_lora_scan_v5_layers_21_27\head_scan_Qwen2___5-7B_Qwen2.5-7B-LoRA-doudizhu-v2.csv,1.390710671742757,1.412220478057861,-0.0215098063151042,C:\Users\Farshelina\desktop\causal_results\causal_results\qwen25_base_scan_v5_layers_21_27\head_scan_Qwen2___5-7B_base.csv,-0.0705032348632806,21-27
24,25,24-25,4.371394852797191,4.420825620492299,-0.0494307676951084,C:\Users\Farshelina\desktop\causal_results\causal_results\qwen25_lora_scan_v5_layers_21_27\head_scan_Qwen2___5-7B_Qwen2.5-7B-LoRA-doudizhu-v2.csv,1.390710671742757,1.369317372639974,0.0213932991027832,C:\Users\Farshelina\desktop\causal_results\causal_results\qwen25_base_scan_v5_layers_21_27\head_scan_Qwen2___5-7B_base.csv,-0.0708240667978916,21-27
5,5,5-5,4.371394852797191,4.4618842999140425,-0.0904894471168518,C:\Users\Farshelina\desktop\causal_results\causal_results\qwen25_lora_scan_v5_layers_0_6\head_scan_Qwen2___5-7B_Qwen2.5-7B-LoRA-doudizhu-v2.csv,1.390710671742757,1.410080512364705,-0.0193698406219482,C:\Users\Farshelina\desktop\causal_results\causal_results\qwen25_base_scan_v5_layers_0_6\head_scan_Qwen2___5-7B_base.csv,-0.0711196064949036,0-6
18,12,18-12,4.371394852797191,4.511853337287903,-0.1404584844907122,C:\Users\Farshelina\desktop\causal_results\causal_results\qwen25_lora_scan_v5_layers_14_20\head_scan_Qwen2___5-7B_Qwen2.5-7B-LoRA-doudizhu-v2.csv,1.390710671742757,1.4593682289123535,-0.0686575571695964,C:\Users\Farshelina\desktop\causal_results\causal_results\qwen25_base_scan_v5_layers_14_20\head_scan_Qwen2___5-7B_base.csv,-0.0718009273211157,14-20
23,18,23-18,4.371394852797191,4.429662624994914,-0.0582677721977233,C:\Users\Farshelina\desktop\causal_results\causal_results\qwen25_lora_scan_v5_layers_21_27\head_scan_Qwen2___5-7B_Qwen2.5-7B-LoRA-doudizhu-v2.csv,1.390710671742757,1.3752166430155437,0.0154940287272133,C:\Users\Farshelina\desktop\causal_results\causal_results\qwen25_base_scan_v5_layers_21_27\head_scan_Qwen2___5-7B_base.csv,-0.0737618009249366,21-27
1,2,1-2,4.371394852797191,4.299900104602178,0.071494748195013,C:\Users\Farshelina\desktop\causal_results\causal_results\qwen25_lora_scan_v5_layers_0_6\head_scan_Qwen2___5-7B_Qwen2.5-7B-LoRA-doudizhu-v2.csv,1.390710671742757,1.2432475884755452,0.1474630832672119,C:\Users\Farshelina\desktop\causal_results\causal_results\qwen25_base_scan_v5_layers_0_6\head_scan_Qwen2___5-7B_base.csv,-0.0759683350721988,0-6
22,17,22-17,4.371394852797191,4.453018834193547,-0.0816239813963566,C:\Users\Farshelina\desktop\causal_results\causal_results\qwen25_lora_scan_v5_layers_21_27\head_scan_Qwen2___5-7B_Qwen2.5-7B-LoRA-doudizhu-v2.csv,1.390710671742757,1.3959380785624187,-0.0052274068196616,C:\Users\Farshelina\desktop\causal_results\causal_results\qwen25_base_scan_v5_layers_21_27\head_scan_Qwen2___5-7B_base.csv,-0.0763965745766949,21-27
15,8,15-8,4.371394852797191,4.526001930236816,-0.1546070774396257,C:\Users\Farshelina\desktop\causal_results\causal_results\qwen25_lora_scan_v5_layers_14_20\head_scan_Qwen2___5-7B_Qwen2.5-7B-LoRA-doudizhu-v2.csv,1.390710671742757,1.4679382642110188,-0.0772275924682617,C:\Users\Farshelina\desktop\causal_results\causal_results\qwen25_base_scan_v5_layers_14_20\head_scan_Qwen2___5-7B_base.csv,-0.077379484971364,14-20
23,0,23-0,4.371394852797191,4.492798765500386,-0.1214039127031956,C:\Users\Farshelina\desktop\causal_results\causal_results\qwen25_lora_scan_v5_layers_21_27\head_scan_Qwen2___5-7B_Qwen2.5-7B-LoRA-doudizhu-v2.csv,1.390710671742757,1.4339652061462402,-0.0432545344034831,C:\Users\Farshelina\desktop\causal_results\causal_results\qwen25_base_scan_v5_layers_21_27\head_scan_Qwen2___5-7B_base.csv,-0.0781493782997125,21-27
9,10,9-10,4.371394852797191,4.439660946528117,-0.0682660937309265,C:\Users\Farshelina\desktop\causal_results\causal_results\qwen25_lora_scan_v5_layers_7_13\head_scan_Qwen2___5-7B_Qwen2.5-7B-LoRA-doudizhu-v2.csv,1.390710671742757,1.3804815610249836,0.0102291107177734,C:\Users\Farshelina\desktop\causal_results\causal_results\qwen25_base_scan_v5_layers_7_13\head_scan_Qwen2___5-7B_base.csv,-0.0784952044486999,7-13
16,4,16-4,4.371394852797191,4.426997780799866,-0.055602928002675,C:\Users\Farshelina\desktop\causal_results\causal_results\qwen25_lora_scan_v5_layers_14_20\head_scan_Qwen2___5-7B_Qwen2.5-7B-LoRA-doudizhu-v2.csv,1.390710671742757,1.3653173446655271,0.0253933270772297,C:\Users\Farshelina\desktop\causal_results\causal_results\qwen25_base_scan_v5_layers_14_20\head_scan_Qwen2___5-7B_base.csv,-0.0809962550799047,14-20
4,20,4-20,4.371394852797191,4.569111029307048,-0.1977161765098571,C:\Users\Farshelina\desktop\causal_results\causal_results\qwen25_lora_scan_v5_layers_0_6\head_scan_Qwen2___5-7B_Qwen2.5-7B-LoRA-doudizhu-v2.csv,1.390710671742757,1.5069311459859211,-0.116220474243164,C:\Users\Farshelina\desktop\causal_results\causal_results\qwen25_base_scan_v5_layers_0_6\head_scan_Qwen2___5-7B_base.csv,-0.0814957022666931,0-6
13,21,13-21,4.371394852797191,4.457544306914012,-0.0861494541168212,C:\Users\Farshelina\desktop\causal_results\causal_results\qwen25_lora_scan_v5_layers_7_13\head_scan_Qwen2___5-7B_Qwen2.5-7B-LoRA-doudizhu-v2.csv,1.390710671742757,1.394258737564087,-0.0035480658213298,C:\Users\Farshelina\desktop\causal_results\causal_results\qwen25_base_scan_v5_layers_7_13\head_scan_Qwen2___5-7B_base.csv,-0.0826013882954914,7-13
13,14,13-14,4.371394852797191,4.559119760990143,-0.1877249081929521,C:\Users\Farshelina\desktop\causal_results\causal_results\qwen25_lora_scan_v5_layers_7_13\head_scan_Qwen2___5-7B_Qwen2.5-7B-LoRA-doudizhu-v2.csv,1.390710671742757,1.4953551292419434,-0.1046444574991862,C:\Users\Farshelina\desktop\causal_results\causal_results\qwen25_base_scan_v5_layers_7_13\head_scan_Qwen2___5-7B_base.csv,-0.0830804506937658,7-13
26,11,26-11,4.371394852797191,4.524921278158824,-0.1535264253616333,C:\Users\Farshelina\desktop\causal_results\causal_results\qwen25_lora_scan_v5_layers_21_27\head_scan_Qwen2___5-7B_Qwen2.5-7B-LoRA-doudizhu-v2.csv,1.390710671742757,1.459518829981486,-0.0688081582387289,C:\Users\Farshelina\desktop\causal_results\causal_results\qwen25_base_scan_v5_layers_21_27\head_scan_Qwen2___5-7B_base.csv,-0.0847182671229044,21-27
13,15,13-15,4.371394852797191,4.529318014780681,-0.15792316198349,C:\Users\Farshelina\desktop\causal_results\causal_results\qwen25_lora_scan_v5_layers_7_13\head_scan_Qwen2___5-7B_Qwen2.5-7B-LoRA-doudizhu-v2.csv,1.390710671742757,1.462398608525594,-0.0716879367828369,C:\Users\Farshelina\desktop\causal_results\causal_results\qwen25_base_scan_v5_layers_7_13\head_scan_Qwen2___5-7B_base.csv,-0.086235225200653,7-13
22,18,22-18,4.371394852797191,4.479000220696132,-0.107605367898941,C:\Users\Farshelina\desktop\causal_results\causal_results\qwen25_lora_scan_v5_layers_21_27\head_scan_Qwen2___5-7B_Qwen2.5-7B-LoRA-doudizhu-v2.csv,1.390710671742757,1.4089051882425945,-0.0181945164998373,C:\Users\Farshelina\desktop\causal_results\causal_results\qwen25_base_scan_v5_layers_21_27\head_scan_Qwen2___5-7B_base.csv,-0.0894108513991037,21-27
16,26,16-26,4.371394852797191,4.410520573457082,-0.0391257206598911,C:\Users\Farshelina\desktop\causal_results\causal_results\qwen25_lora_scan_v5_layers_14_20\head_scan_Qwen2___5-7B_Qwen2.5-7B-LoRA-doudizhu-v2.csv,1.390710671742757,1.3396042188008626,0.0511064529418945,C:\Users\Farshelina\desktop\causal_results\causal_results\qwen25_base_scan_v5_layers_14_20\head_scan_Qwen2___5-7B_base.csv,-0.0902321736017855,14-20
3,5,3-5,4.371394852797191,4.487057824929555,-0.1156629721323643,C:\Users\Farshelina\desktop\causal_results\causal_results\qwen25_lora_scan_v5_layers_0_6\head_scan_Qwen2___5-7B_Qwen2.5-7B-LoRA-doudizhu-v2.csv,1.390710671742757,1.4153247674306233,-0.0246140956878662,C:\Users\Farshelina\desktop\causal_results\causal_results\qwen25_base_scan_v5_layers_0_6\head_scan_Qwen2___5-7B_base.csv,-0.0910488764444981,0-6
9,19,9-19,4.371394852797191,4.489776790142059,-0.1183819373448686,C:\Users\Farshelina\desktop\causal_results\causal_results\qwen25_lora_scan_v5_layers_7_13\head_scan_Qwen2___5-7B_Qwen2.5-7B-LoRA-doudizhu-v2.csv,1.390710671742757,1.4176731904347737,-0.0269625186920166,C:\Users\Farshelina\desktop\causal_results\causal_results\qwen25_base_scan_v5_layers_7_13\head_scan_Qwen2___5-7B_base.csv,-0.091419418652852,7-13
4,17,4-17,4.371394852797191,4.517327725887299,-0.1459328730901079,C:\Users\Farshelina\desktop\causal_results\causal_results\qwen25_lora_scan_v5_layers_0_6\head_scan_Qwen2___5-7B_Qwen2.5-7B-LoRA-doudizhu-v2.csv,1.390710671742757,1.4420591990152996,-0.0513485272725424,C:\Users\Farshelina\desktop\causal_results\causal_results\qwen25_base_scan_v5_layers_0_6\head_scan_Qwen2___5-7B_base.csv,-0.0945843458175655,0-6
2,8,2-8,4.371394852797191,4.399950226147969,-0.0285553733507786,C:\Users\Farshelina\desktop\causal_results\causal_results\qwen25_lora_scan_v5_layers_0_6\head_scan_Qwen2___5-7B_Qwen2.5-7B-LoRA-doudizhu-v2.csv,1.390710671742757,1.323029359181722,0.0676813125610351,C:\Users\Farshelina\desktop\causal_results\causal_results\qwen25_base_scan_v5_layers_0_6\head_scan_Qwen2___5-7B_base.csv,-0.0962366859118137,0-6
18,1,18-1,4.371394852797191,4.500342667102814,-0.128947814305623,C:\Users\Farshelina\desktop\causal_results\causal_results\qwen25_lora_scan_v5_layers_14_20\head_scan_Qwen2___5-7B_Qwen2.5-7B-LoRA-doudizhu-v2.csv,1.390710671742757,1.4223825931549072,-0.0316719214121501,C:\Users\Farshelina\desktop\causal_results\causal_results\qwen25_base_scan_v5_layers_14_20\head_scan_Qwen2___5-7B_base.csv,-0.0972758928934729,14-20
2,11,2-11,4.371394852797191,4.495561341444652,-0.1241664886474609,C:\Users\Farshelina\desktop\causal_results\causal_results\qwen25_lora_scan_v5_layers_0_6\head_scan_Qwen2___5-7B_Qwen2.5-7B-LoRA-doudizhu-v2.csv,1.390710671742757,1.415810267130534,-0.0250995953877768,C:\Users\Farshelina\desktop\causal_results\causal_results\qwen25_base_scan_v5_layers_0_6\head_scan_Qwen2___5-7B_base.csv,-0.0990668932596841,0-6
7,2,7-2,4.371394852797191,4.371117691198985,0.0002771615982055,C:\Users\Farshelina\desktop\causal_results\causal_results\qwen25_lora_scan_v5_layers_7_13\head_scan_Qwen2___5-7B_Qwen2.5-7B-LoRA-doudizhu-v2.csv,1.390710671742757,1.2904992898305256,0.1002113819122314,C:\Users\Farshelina\desktop\causal_results\causal_results\qwen25_base_scan_v5_layers_7_13\head_scan_Qwen2___5-7B_base.csv,-0.0999342203140259,7-13
10,9,10-9,4.371394852797191,4.558307001988093,-0.1869121491909027,C:\Users\Farshelina\desktop\causal_results\causal_results\qwen25_lora_scan_v5_layers_7_13\head_scan_Qwen2___5-7B_Qwen2.5-7B-LoRA-doudizhu-v2.csv,1.390710671742757,1.4746163686116536,-0.0839056968688964,C:\Users\Farshelina\desktop\causal_results\causal_results\qwen25_base_scan_v5_layers_7_13\head_scan_Qwen2___5-7B_base.csv,-0.1030064523220063,7-13
20,26,20-26,4.371394852797191,4.538463681936264,-0.1670688291390734,C:\Users\Farshelina\desktop\causal_results\causal_results\qwen25_lora_scan_v5_layers_14_20\head_scan_Qwen2___5-7B_Qwen2.5-7B-LoRA-doudizhu-v2.csv,1.390710671742757,1.4515807628631592,-0.060870091120402,C:\Users\Farshelina\desktop\causal_results\causal_results\qwen25_base_scan_v5_layers_14_20\head_scan_Qwen2___5-7B_base.csv,-0.1061987380186713,14-20
1,26,1-26,4.371394852797191,4.51978184779485,-0.1483869949976597,C:\Users\Farshelina\desktop\causal_results\causal_results\qwen25_lora_scan_v5_layers_0_6\head_scan_Qwen2___5-7B_Qwen2.5-7B-LoRA-doudizhu-v2.csv,1.390710671742757,1.4328989187876384,-0.0421882470448813,C:\Users\Farshelina\desktop\causal_results\causal_results\qwen25_base_scan_v5_layers_0_6\head_scan_Qwen2___5-7B_base.csv,-0.1061987479527784,0-6
8,19,8-19,4.371394852797191,4.469659944375356,-0.0982650915781651,C:\Users\Farshelina\desktop\causal_results\causal_results\qwen25_lora_scan_v5_layers_7_13\head_scan_Qwen2___5-7B_Qwen2.5-7B-LoRA-doudizhu-v2.csv,1.390710671742757,1.3824576536814372,0.0082530180613198,C:\Users\Farshelina\desktop\causal_results\causal_results\qwen25_base_scan_v5_layers_7_13\head_scan_Qwen2___5-7B_base.csv,-0.1065181096394849,7-13
7,1,7-1,4.371394852797191,4.552295744419098,-0.1809008916219072,C:\Users\Farshelina\desktop\causal_results\causal_results\qwen25_lora_scan_v5_layers_7_13\head_scan_Qwen2___5-7B_Qwen2.5-7B-LoRA-doudizhu-v2.csv,1.390710671742757,1.4632585048675537,-0.0725478331247966,C:\Users\Farshelina\desktop\causal_results\causal_results\qwen25_base_scan_v5_layers_7_13\head_scan_Qwen2___5-7B_base.csv,-0.1083530584971106,7-13
19,3,19-3,4.371394852797191,4.509555617968242,-0.138160765171051,C:\Users\Farshelina\desktop\causal_results\causal_results\qwen25_lora_scan_v5_layers_14_20\head_scan_Qwen2___5-7B_Qwen2.5-7B-LoRA-doudizhu-v2.csv,1.390710671742757,1.420406182607015,-0.0296955108642578,C:\Users\Farshelina\desktop\causal_results\causal_results\qwen25_base_scan_v5_layers_14_20\head_scan_Qwen2___5-7B_base.csv,-0.1084652543067932,14-20
14,10,14-10,4.371394852797191,4.823388338088989,-0.4519934852917986,C:\Users\Farshelina\desktop\causal_results\causal_results\qwen25_lora_scan_v5_layers_14_20\head_scan_Qwen2___5-7B_Qwen2.5-7B-LoRA-doudizhu-v2.csv,1.390710671742757,1.7337795893351238,-0.3430689175923667,C:\Users\Farshelina\desktop\causal_results\causal_results\qwen25_base_scan_v5_layers_14_20\head_scan_Qwen2___5-7B_base.csv,-0.1089245676994319,14-20
2,21,2-21,4.371394852797191,4.487129380305608,-0.1157345275084171,C:\Users\Farshelina\desktop\causal_results\causal_results\qwen25_lora_scan_v5_layers_0_6\head_scan_Qwen2___5-7B_Qwen2.5-7B-LoRA-doudizhu-v2.csv,1.390710671742757,1.3971326351165771,-0.00642196337382,C:\Users\Farshelina\desktop\causal_results\causal_results\qwen25_base_scan_v5_layers_0_6\head_scan_Qwen2___5-7B_base.csv,-0.1093125641345971,0-6
16,7,16-7,4.371394852797191,4.503784825404485,-0.1323899726072941,C:\Users\Farshelina\desktop\causal_results\causal_results\qwen25_lora_scan_v5_layers_14_20\head_scan_Qwen2___5-7B_Qwen2.5-7B-LoRA-doudizhu-v2.csv,1.390710671742757,1.4133830865224202,-0.022672414779663,C:\Users\Farshelina\desktop\causal_results\causal_results\qwen25_base_scan_v5_layers_14_20\head_scan_Qwen2___5-7B_base.csv,-0.1097175578276311,14-20
12,1,12-1,4.371394852797191,4.539535105228424,-0.1681402524312334,C:\Users\Farshelina\desktop\causal_results\causal_results\qwen25_lora_scan_v5_layers_7_13\head_scan_Qwen2___5-7B_Qwen2.5-7B-LoRA-doudizhu-v2.csv,1.390710671742757,1.4487282435099285,-0.0580175717671713,C:\Users\Farshelina\desktop\causal_results\causal_results\qwen25_base_scan_v5_layers_7_13\head_scan_Qwen2___5-7B_base.csv,-0.1101226806640621,7-13
23,8,23-8,4.371394852797191,4.37505845228831,-0.0036635994911193,C:\Users\Farshelina\desktop\causal_results\causal_results\qwen25_lora_scan_v5_layers_21_27\head_scan_Qwen2___5-7B_Qwen2.5-7B-LoRA-doudizhu-v2.csv,1.390710671742757,1.283673604329427,0.10703706741333,C:\Users\Farshelina\desktop\causal_results\causal_results\qwen25_base_scan_v5_layers_21_27\head_scan_Qwen2___5-7B_base.csv,-0.1107006669044493,21-27
22,13,22-13,4.371394852797191,4.425674180189769,-0.0542793273925781,C:\Users\Farshelina\desktop\causal_results\causal_results\qwen25_lora_scan_v5_layers_21_27\head_scan_Qwen2___5-7B_Qwen2.5-7B-LoRA-doudizhu-v2.csv,1.390710671742757,1.3341457843780518,0.0565648873647053,C:\Users\Farshelina\desktop\causal_results\causal_results\qwen25_base_scan_v5_layers_21_27\head_scan_Qwen2___5-7B_base.csv,-0.1108442147572834,21-27
25,11,25-11,4.371394852797191,4.491903523604075,-0.1205086708068847,C:\Users\Farshelina\desktop\causal_results\causal_results\qwen25_lora_scan_v5_layers_21_27\head_scan_Qwen2___5-7B_Qwen2.5-7B-LoRA-doudizhu-v2.csv,1.390710671742757,1.3999316692352295,-0.0092209974924724,C:\Users\Farshelina\desktop\causal_results\causal_results\qwen25_base_scan_v5_layers_21_27\head_scan_Qwen2___5-7B_base.csv,-0.1112876733144122,21-27
19,1,19-1,4.371394852797191,4.567857265472412,-0.1964624126752214,C:\Users\Farshelina\desktop\causal_results\causal_results\qwen25_lora_scan_v5_layers_14_20\head_scan_Qwen2___5-7B_Qwen2.5-7B-LoRA-doudizhu-v2.csv,1.390710671742757,1.4700026512145996,-0.0792919794718425,C:\Users\Farshelina\desktop\causal_results\causal_results\qwen25_base_scan_v5_layers_14_20\head_scan_Qwen2___5-7B_base.csv,-0.1171704332033789,14-20
23,24,23-24,4.371394852797191,4.438854853312175,-0.0674600005149841,C:\Users\Farshelina\desktop\causal_results\causal_results\qwen25_lora_scan_v5_layers_21_27\head_scan_Qwen2___5-7B_Qwen2.5-7B-LoRA-doudizhu-v2.csv,1.390710671742757,1.340843677520752,0.0498669942220051,C:\Users\Farshelina\desktop\causal_results\causal_results\qwen25_base_scan_v5_layers_21_27\head_scan_Qwen2___5-7B_base.csv,-0.1173269947369892,21-27
17,1,17-1,4.371394852797191,4.416263957818349,-0.0448691050211582,C:\Users\Farshelina\desktop\causal_results\causal_results\qwen25_lora_scan_v5_layers_14_20\head_scan_Qwen2___5-7B_Qwen2.5-7B-LoRA-doudizhu-v2.csv,1.390710671742757,1.31774640083313,0.0729642709096272,C:\Users\Farshelina\desktop\causal_results\causal_results\qwen25_base_scan_v5_layers_14_20\head_scan_Qwen2___5-7B_base.csv,-0.1178333759307854,14-20
8,15,8-15,4.371394852797191,4.541761159896851,-0.1703663070996599,C:\Users\Farshelina\desktop\causal_results\causal_results\qwen25_lora_scan_v5_layers_7_13\head_scan_Qwen2___5-7B_Qwen2.5-7B-LoRA-doudizhu-v2.csv,1.390710671742757,1.441706895828247,-0.0509962240854899,C:\Users\Farshelina\desktop\causal_results\causal_results\qwen25_base_scan_v5_layers_7_13\head_scan_Qwen2___5-7B_base.csv,-0.11937008301417,7-13
25,17,25-17,4.371394852797191,4.469281991322835,-0.0978871385256443,C:\Users\Farshelina\desktop\causal_results\causal_results\qwen25_lora_scan_v5_layers_21_27\head_scan_Qwen2___5-7B_Qwen2.5-7B-LoRA-doudizhu-v2.csv,1.390710671742757,1.368441104888916,0.022269566853841,C:\Users\Farshelina\desktop\causal_results\causal_results\qwen25_base_scan_v5_layers_21_27\head_scan_Qwen2___5-7B_base.csv,-0.1201567053794853,21-27
7,15,7-15,4.371394852797191,4.559579273064931,-0.1881844202677403,C:\Users\Farshelina\desktop\causal_results\causal_results\qwen25_lora_scan_v5_layers_7_13\head_scan_Qwen2___5-7B_Qwen2.5-7B-LoRA-doudizhu-v2.csv,1.390710671742757,1.458177963892619,-0.0674672921498618,C:\Users\Farshelina\desktop\causal_results\causal_results\qwen25_base_scan_v5_layers_7_13\head_scan_Qwen2___5-7B_base.csv,-0.1207171281178784,7-13
4,26,4-26,4.371394852797191,4.500846982002258,-0.1294521292050676,C:\Users\Farshelina\desktop\causal_results\causal_results\qwen25_lora_scan_v5_layers_0_6\head_scan_Qwen2___5-7B_Qwen2.5-7B-LoRA-doudizhu-v2.csv,1.390710671742757,1.3989028135935466,-0.0081921418507895,C:\Users\Farshelina\desktop\causal_results\causal_results\qwen25_base_scan_v5_layers_0_6\head_scan_Qwen2___5-7B_base.csv,-0.1212599873542781,0-6
1,12,1-12,4.371394852797191,4.371114869912465,0.0002799828847255,C:\Users\Farshelina\desktop\causal_results\causal_results\qwen25_lora_scan_v5_layers_0_6\head_scan_Qwen2___5-7B_Qwen2.5-7B-LoRA-doudizhu-v2.csv,1.390710671742757,1.2650195757548015,0.1256910959879555,C:\Users\Farshelina\desktop\causal_results\causal_results\qwen25_base_scan_v5_layers_0_6\head_scan_Qwen2___5-7B_base.csv,-0.12541111310323,0-6
16,13,16-13,4.371394852797191,4.5083335638046265,-0.1369387110074358,C:\Users\Farshelina\desktop\causal_results\causal_results\qwen25_lora_scan_v5_layers_14_20\head_scan_Qwen2___5-7B_Qwen2.5-7B-LoRA-doudizhu-v2.csv,1.390710671742757,1.39993158976237,-0.0092209180196127,C:\Users\Farshelina\desktop\causal_results\causal_results\qwen25_base_scan_v5_layers_14_20\head_scan_Qwen2___5-7B_base.csv,-0.1277177929878231,14-20
27,25,27-25,4.371394852797191,4.455693284670512,-0.0842984318733215,C:\Users\Farshelina\desktop\causal_results\causal_results\qwen25_lora_scan_v5_layers_21_27\head_scan_Qwen2___5-7B_Qwen2.5-7B-LoRA-doudizhu-v2.csv,1.390710671742757,1.3462493419647217,0.0444613297780354,C:\Users\Farshelina\desktop\causal_results\causal_results\qwen25_base_scan_v5_layers_21_27\head_scan_Qwen2___5-7B_base.csv,-0.1287597616513569,21-27
7,6,7-6,4.371394852797191,4.361003279685974,0.0103915731112165,C:\Users\Farshelina\desktop\causal_results\causal_results\qwen25_lora_scan_v5_layers_7_13\head_scan_Qwen2___5-7B_Qwen2.5-7B-LoRA-doudizhu-v2.csv,1.390710671742757,1.2512530485788982,0.1394576231638589,C:\Users\Farshelina\desktop\causal_results\causal_results\qwen25_base_scan_v5_layers_7_13\head_scan_Qwen2___5-7B_base.csv,-0.1290660500526424,7-13
21,16,21-16,4.371394852797191,4.3377951582272845,0.0335996945699061,C:\Users\Farshelina\desktop\causal_results\causal_results\qwen25_lora_scan_v5_layers_21_27\head_scan_Qwen2___5-7B_Qwen2.5-7B-LoRA-doudizhu-v2.csv,1.390710671742757,1.227553367614746,0.163157304128011,C:\Users\Farshelina\desktop\causal_results\causal_results\qwen25_base_scan_v5_layers_21_27\head_scan_Qwen2___5-7B_base.csv,-0.1295576095581048,21-27
22,27,22-27,4.371394852797191,4.4516171018282575,-0.0802222490310669,C:\Users\Farshelina\desktop\causal_results\causal_results\qwen25_lora_scan_v5_layers_21_27\head_scan_Qwen2___5-7B_Qwen2.5-7B-LoRA-doudizhu-v2.csv,1.390710671742757,1.3401227792104085,0.0505878925323486,C:\Users\Farshelina\desktop\causal_results\causal_results\qwen25_base_scan_v5_layers_21_27\head_scan_Qwen2___5-7B_base.csv,-0.1308101415634155,21-27
9,13,9-13,4.371394852797191,4.291314125061035,0.0800807277361554,C:\Users\Farshelina\desktop\causal_results\causal_results\qwen25_lora_scan_v5_layers_7_13\head_scan_Qwen2___5-7B_Qwen2.5-7B-LoRA-doudizhu-v2.csv,1.390710671742757,1.1797912915547688,0.2109193801879882,C:\Users\Farshelina\desktop\causal_results\causal_results\qwen25_base_scan_v5_layers_7_13\head_scan_Qwen2___5-7B_base.csv,-0.1308386524518328,7-13
5,20,5-20,4.371394852797191,4.453291028738022,-0.0818961759408312,C:\Users\Farshelina\desktop\causal_results\causal_results\qwen25_lora_scan_v5_layers_0_6\head_scan_Qwen2___5-7B_Qwen2.5-7B-LoRA-doudizhu-v2.csv,1.390710671742757,1.3412000338236492,0.0495106379191079,C:\Users\Farshelina\desktop\causal_results\causal_results\qwen25_base_scan_v5_layers_0_6\head_scan_Qwen2___5-7B_base.csv,-0.1314068138599391,0-6
26,10,26-10,4.371394852797191,4.505472888549169,-0.1340780357519779,C:\Users\Farshelina\desktop\causal_results\causal_results\qwen25_lora_scan_v5_layers_21_27\head_scan_Qwen2___5-7B_Qwen2.5-7B-LoRA-doudizhu-v2.csv,1.390710671742757,1.3909449577331543,-0.0002342859903972,C:\Users\Farshelina\desktop\causal_results\causal_results\qwen25_base_scan_v5_layers_21_27\head_scan_Qwen2___5-7B_base.csv,-0.1338437497615807,21-27
23,23,23-23,4.371394852797191,4.423601130644481,-0.05220627784729,C:\Users\Farshelina\desktop\causal_results\causal_results\qwen25_lora_scan_v5_layers_21_27\head_scan_Qwen2___5-7B_Qwen2.5-7B-LoRA-doudizhu-v2.csv,1.390710671742757,1.3076196511586506,0.0830910205841064,C:\Users\Farshelina\desktop\causal_results\causal_results\qwen25_base_scan_v5_layers_21_27\head_scan_Qwen2___5-7B_base.csv,-0.1352972984313964,21-27
23,2,23-2,4.371394852797191,4.498684922854106,-0.1272900700569152,C:\Users\Farshelina\desktop\causal_results\causal_results\qwen25_lora_scan_v5_layers_21_27\head_scan_Qwen2___5-7B_Qwen2.5-7B-LoRA-doudizhu-v2.csv,1.390710671742757,1.3815488815307615,0.0091617902119953,C:\Users\Farshelina\desktop\causal_results\causal_results\qwen25_base_scan_v5_layers_21_27\head_scan_Qwen2___5-7B_base.csv,-0.1364518602689104,21-27
26,8,26-8,4.371394852797191,4.501758873462677,-0.1303640206654863,C:\Users\Farshelina\desktop\causal_results\causal_results\qwen25_lora_scan_v5_layers_21_27\head_scan_Qwen2___5-7B_Qwen2.5-7B-LoRA-doudizhu-v2.csv,1.390710671742757,1.3804169495900471,0.0102937221527099,C:\Users\Farshelina\desktop\causal_results\causal_results\qwen25_base_scan_v5_layers_21_27\head_scan_Qwen2___5-7B_base.csv,-0.1406577428181962,21-27
9,24,9-24,4.371394852797191,4.575522402922313,-0.204127550125122,C:\Users\Farshelina\desktop\causal_results\causal_results\qwen25_lora_scan_v5_layers_7_13\head_scan_Qwen2___5-7B_Qwen2.5-7B-LoRA-doudizhu-v2.csv,1.390710671742757,1.453990618387858,-0.063279946645101,C:\Users\Farshelina\desktop\causal_results\causal_results\qwen25_base_scan_v5_layers_7_13\head_scan_Qwen2___5-7B_base.csv,-0.1408476034800209,7-13
23,25,23-25,4.371394852797191,4.454128563404083,-0.0827337106068926,C:\Users\Farshelina\desktop\causal_results\causal_results\qwen25_lora_scan_v5_layers_21_27\head_scan_Qwen2___5-7B_Qwen2.5-7B-LoRA-doudizhu-v2.csv,1.390710671742757,1.3306435743967693,0.0600670973459878,C:\Users\Farshelina\desktop\causal_results\causal_results\qwen25_base_scan_v5_layers_21_27\head_scan_Qwen2___5-7B_base.csv,-0.1428008079528804,21-27
27,23,27-23,4.371394852797191,4.465722839037578,-0.0943279862403869,C:\Users\Farshelina\desktop\causal_results\causal_results\qwen25_lora_scan_v5_layers_21_27\head_scan_Qwen2___5-7B_Qwen2.5-7B-LoRA-doudizhu-v2.csv,1.390710671742757,1.3421796957651777,0.0485309759775796,C:\Users\Farshelina\desktop\causal_results\causal_results\qwen25_base_scan_v5_layers_21_27\head_scan_Qwen2___5-7B_base.csv,-0.1428589622179664,21-27
18,8,18-8,4.371394852797191,4.409534712632497,-0.0381398598353062,C:\Users\Farshelina\desktop\causal_results\causal_results\qwen25_lora_scan_v5_layers_14_20\head_scan_Qwen2___5-7B_Qwen2.5-7B-LoRA-doudizhu-v2.csv,1.390710671742757,1.2849738597869873,0.1057368119557697,C:\Users\Farshelina\desktop\causal_results\causal_results\qwen25_base_scan_v5_layers_14_20\head_scan_Qwen2___5-7B_base.csv,-0.1438766717910758,14-20
26,7,26-7,4.371394852797191,4.486575961112976,-0.1151811083157854,C:\Users\Farshelina\desktop\causal_results\causal_results\qwen25_lora_scan_v5_layers_21_27\head_scan_Qwen2___5-7B_Qwen2.5-7B-LoRA-doudizhu-v2.csv,1.390710671742757,1.3596442540486653,0.0310664176940917,C:\Users\Farshelina\desktop\causal_results\causal_results\qwen25_base_scan_v5_layers_21_27\head_scan_Qwen2___5-7B_base.csv,-0.1462475260098771,21-27
8,18,8-18,4.371394852797191,4.555593023697536,-0.1841981709003448,C:\Users\Farshelina\desktop\causal_results\causal_results\qwen25_lora_scan_v5_layers_7_13\head_scan_Qwen2___5-7B_Qwen2.5-7B-LoRA-doudizhu-v2.csv,1.390710671742757,1.428346872329712,-0.0376362005869548,C:\Users\Farshelina\desktop\causal_results\causal_results\qwen25_base_scan_v5_layers_7_13\head_scan_Qwen2___5-7B_base.csv,-0.14656197031339,7-13
18,11,18-11,4.371394852797191,4.573168377081553,-0.2017735242843628,C:\Users\Farshelina\desktop\causal_results\causal_results\qwen25_lora_scan_v5_layers_14_20\head_scan_Qwen2___5-7B_Qwen2.5-7B-LoRA-doudizhu-v2.csv,1.390710671742757,1.44524884223938,-0.0545381704966227,C:\Users\Farshelina\desktop\causal_results\causal_results\qwen25_base_scan_v5_layers_14_20\head_scan_Qwen2___5-7B_base.csv,-0.1472353537877401,14-20
14,11,14-11,4.371394852797191,4.38791424036026,-0.0165193875630693,C:\Users\Farshelina\desktop\causal_results\causal_results\qwen25_lora_scan_v5_layers_14_20\head_scan_Qwen2___5-7B_Qwen2.5-7B-LoRA-doudizhu-v2.csv,1.390710671742757,1.2583911418914795,0.1323195298512776,C:\Users\Farshelina\desktop\causal_results\causal_results\qwen25_base_scan_v5_layers_14_20\head_scan_Qwen2___5-7B_base.csv,-0.1488389174143469,14-20
21,4,21-4,4.371394852797191,4.558636705080668,-0.1872418522834777,C:\Users\Farshelina\desktop\causal_results\causal_results\qwen25_lora_scan_v5_layers_21_27\head_scan_Qwen2___5-7B_Qwen2.5-7B-LoRA-doudizhu-v2.csv,1.390710671742757,1.4285988012949626,-0.0378881295522055,C:\Users\Farshelina\desktop\causal_results\causal_results\qwen25_base_scan_v5_layers_21_27\head_scan_Qwen2___5-7B_base.csv,-0.1493537227312722,21-27
19,6,19-6,4.371394852797191,4.550605257352193,-0.1792104045550022,C:\Users\Farshelina\desktop\causal_results\causal_results\qwen25_lora_scan_v5_layers_14_20\head_scan_Qwen2___5-7B_Qwen2.5-7B-LoRA-doudizhu-v2.csv,1.390710671742757,1.4199200471242268,-0.0292093753814697,C:\Users\Farshelina\desktop\causal_results\causal_results\qwen25_base_scan_v5_layers_14_20\head_scan_Qwen2___5-7B_base.csv,-0.1500010291735325,14-20
9,2,9-2,4.371394852797191,4.516928633054097,-0.1455337802569065,C:\Users\Farshelina\desktop\causal_results\causal_results\qwen25_lora_scan_v5_layers_7_13\head_scan_Qwen2___5-7B_Qwen2.5-7B-LoRA-doudizhu-v2.csv,1.390710671742757,1.3860882918039958,0.0046223799387612,C:\Users\Farshelina\desktop\causal_results\causal_results\qwen25_base_scan_v5_layers_7_13\head_scan_Qwen2___5-7B_base.csv,-0.1501561601956677,7-13
2,3,2-3,4.371394852797191,4.490688145160675,-0.1192932923634844,C:\Users\Farshelina\desktop\causal_results\causal_results\qwen25_lora_scan_v5_layers_0_6\head_scan_Qwen2___5-7B_Qwen2.5-7B-LoRA-doudizhu-v2.csv,1.390710671742757,1.355029582977295,0.0356810887654621,C:\Users\Farshelina\desktop\causal_results\causal_results\qwen25_base_scan_v5_layers_0_6\head_scan_Qwen2___5-7B_base.csv,-0.1549743811289465,0-6
23,27,23-27,4.371394852797191,4.48527177174886,-0.1138769189516697,C:\Users\Farshelina\desktop\causal_results\causal_results\qwen25_lora_scan_v5_layers_21_27\head_scan_Qwen2___5-7B_Qwen2.5-7B-LoRA-doudizhu-v2.csv,1.390710671742757,1.346901814142863,0.043808857599894,C:\Users\Farshelina\desktop\causal_results\causal_results\qwen25_base_scan_v5_layers_21_27\head_scan_Qwen2___5-7B_base.csv,-0.1576857765515636,21-27
2,13,2-13,4.371394852797191,4.577974458535512,-0.2065796057383213,C:\Users\Farshelina\desktop\causal_results\causal_results\qwen25_lora_scan_v5_layers_0_6\head_scan_Qwen2___5-7B_Qwen2.5-7B-LoRA-doudizhu-v2.csv,1.390710671742757,1.4393730958302815,-0.0486624240875244,C:\Users\Farshelina\desktop\causal_results\causal_results\qwen25_base_scan_v5_layers_0_6\head_scan_Qwen2___5-7B_base.csv,-0.1579171816507968,0-6
6,27,6-27,4.371394852797191,4.472253203392029,-0.1008583505948381,C:\Users\Farshelina\desktop\causal_results\causal_results\qwen25_lora_scan_v5_layers_0_6\head_scan_Qwen2___5-7B_Qwen2.5-7B-LoRA-doudizhu-v2.csv,1.390710671742757,1.3306996822357178,0.0600109895070393,C:\Users\Farshelina\desktop\causal_results\causal_results\qwen25_base_scan_v5_layers_0_6\head_scan_Qwen2___5-7B_base.csv,-0.1608693401018774,0-6
27,13,27-13,4.371394852797191,4.460896750291188,-0.0895018974939976,C:\Users\Farshelina\desktop\causal_results\causal_results\qwen25_lora_scan_v5_layers_21_27\head_scan_Qwen2___5-7B_Qwen2.5-7B-LoRA-doudizhu-v2.csv,1.390710671742757,1.3185304800669353,0.0721801916758217,C:\Users\Farshelina\desktop\causal_results\causal_results\qwen25_base_scan_v5_layers_21_27\head_scan_Qwen2___5-7B_base.csv,-0.1616820891698193,21-27
5,1,5-1,4.371394852797191,4.522859325011571,-0.1514644722143803,C:\Users\Farshelina\desktop\causal_results\causal_results\qwen25_lora_scan_v5_layers_0_6\head_scan_Qwen2___5-7B_Qwen2.5-7B-LoRA-doudizhu-v2.csv,1.390710671742757,1.37896196047465,0.0117487112681069,C:\Users\Farshelina\desktop\causal_results\causal_results\qwen25_base_scan_v5_layers_0_6\head_scan_Qwen2___5-7B_base.csv,-0.1632131834824872,0-6
12,13,12-13,4.371394852797191,4.422741949558258,-0.0513470967610674,C:\Users\Farshelina\desktop\causal_results\causal_results\qwen25_lora_scan_v5_layers_7_13\head_scan_Qwen2___5-7B_Qwen2.5-7B-LoRA-doudizhu-v2.csv,1.390710671742757,1.2763344446818037,0.1143762270609536,C:\Users\Farshelina\desktop\causal_results\causal_results\qwen25_base_scan_v5_layers_7_13\head_scan_Qwen2___5-7B_base.csv,-0.1657233238220209,7-13
1,4,1-4,4.371394852797191,4.54564634958903,-0.1742514967918396,C:\Users\Farshelina\desktop\causal_results\causal_results\qwen25_lora_scan_v5_layers_0_6\head_scan_Qwen2___5-7B_Qwen2.5-7B-LoRA-doudizhu-v2.csv,1.390710671742757,1.3979536692301433,-0.0072429974873862,C:\Users\Farshelina\desktop\causal_results\causal_results\qwen25_base_scan_v5_layers_0_6\head_scan_Qwen2___5-7B_base.csv,-0.1670084993044534,0-6
11,0,11-0,4.371394852797191,4.258702784776688,0.112692068020503,C:\Users\Farshelina\desktop\causal_results\causal_results\qwen25_lora_scan_v5_layers_7_13\head_scan_Qwen2___5-7B_Qwen2.5-7B-LoRA-doudizhu-v2.csv,1.390710671742757,1.1076923211415608,0.2830183506011963,C:\Users\Farshelina\desktop\causal_results\causal_results\qwen25_base_scan_v5_layers_7_13\head_scan_Qwen2___5-7B_base.csv,-0.1703262825806933,7-13
24,0,24-0,4.371394852797191,4.542365193367004,-0.1709703405698137,C:\Users\Farshelina\desktop\causal_results\causal_results\qwen25_lora_scan_v5_layers_21_27\head_scan_Qwen2___5-7B_Qwen2.5-7B-LoRA-doudizhu-v2.csv,1.390710671742757,1.3905705610911052,0.0001401106516518,C:\Users\Farshelina\desktop\causal_results\causal_results\qwen25_base_scan_v5_layers_21_27\head_scan_Qwen2___5-7B_base.csv,-0.1711104512214654,21-27
7,25,7-25,4.371394852797191,4.625849326451619,-0.2544544736544285,C:\Users\Farshelina\desktop\causal_results\causal_results\qwen25_lora_scan_v5_layers_7_13\head_scan_Qwen2___5-7B_Qwen2.5-7B-LoRA-doudizhu-v2.csv,1.390710671742757,1.4736004670461018,-0.0828897953033447,C:\Users\Farshelina\desktop\causal_results\causal_results\qwen25_base_scan_v5_layers_7_13\head_scan_Qwen2___5-7B_base.csv,-0.1715646783510838,7-13
3,9,3-9,4.371394852797191,4.458558479944865,-0.0871636271476745,C:\Users\Farshelina\desktop\causal_results\causal_results\qwen25_lora_scan_v5_layers_0_6\head_scan_Qwen2___5-7B_Qwen2.5-7B-LoRA-doudizhu-v2.csv,1.390710671742757,1.306095838546753,0.0846148331960041,C:\Users\Farshelina\desktop\causal_results\causal_results\qwen25_base_scan_v5_layers_0_6\head_scan_Qwen2___5-7B_base.csv,-0.1717784603436786,0-6
1,5,1-5,4.371394852797191,4.50382258494695,-0.1324277321497593,C:\Users\Farshelina\desktop\causal_results\causal_results\qwen25_lora_scan_v5_layers_0_6\head_scan_Qwen2___5-7B_Qwen2.5-7B-LoRA-doudizhu-v2.csv,1.390710671742757,1.350021203358968,0.040689468383789,C:\Users\Farshelina\desktop\causal_results\causal_results\qwen25_base_scan_v5_layers_0_6\head_scan_Qwen2___5-7B_base.csv,-0.1731172005335483,0-6
5,4,5-4,4.371394852797191,4.599884529908498,-0.2284896771113072,C:\Users\Farshelina\desktop\causal_results\causal_results\qwen25_lora_scan_v5_layers_0_6\head_scan_Qwen2___5-7B_Qwen2.5-7B-LoRA-doudizhu-v2.csv,1.390710671742757,1.44125501314799,-0.0505443414052328,C:\Users\Farshelina\desktop\causal_results\causal_results\qwen25_base_scan_v5_layers_0_6\head_scan_Qwen2___5-7B_base.csv,-0.1779453357060744,0-6
23,21,23-21,4.371394852797191,4.490187366803487,-0.1187925140062962,C:\Users\Farshelina\desktop\causal_results\causal_results\qwen25_lora_scan_v5_layers_21_27\head_scan_Qwen2___5-7B_Qwen2.5-7B-LoRA-doudizhu-v2.csv,1.390710671742757,1.3301995595296223,0.0605111122131347,C:\Users\Farshelina\desktop\causal_results\causal_results\qwen25_base_scan_v5_layers_21_27\head_scan_Qwen2___5-7B_base.csv,-0.1793036262194309,21-27
13,1,13-1,4.371394852797191,4.237866461277008,0.1335283915201826,C:\Users\Farshelina\desktop\causal_results\causal_results\qwen25_lora_scan_v5_layers_7_13\head_scan_Qwen2___5-7B_Qwen2.5-7B-LoRA-doudizhu-v2.csv,1.390710671742757,1.0766579310099285,0.3140527407328286,C:\Users\Farshelina\desktop\causal_results\causal_results\qwen25_base_scan_v5_layers_7_13\head_scan_Qwen2___5-7B_base.csv,-0.1805243492126459,7-13
20,3,20-3,4.371394852797191,4.643345177173615,-0.2719503243764238,C:\Users\Farshelina\desktop\causal_results\causal_results\qwen25_lora_scan_v5_layers_14_20\head_scan_Qwen2___5-7B_Qwen2.5-7B-LoRA-doudizhu-v2.csv,1.390710671742757,1.481334924697876,-0.0906242529551188,C:\Users\Farshelina\desktop\causal_results\causal_results\qwen25_base_scan_v5_layers_14_20\head_scan_Qwen2___5-7B_base.csv,-0.181326071421305,14-20
21,20,21-20,4.371394852797191,4.527376671632131,-0.15598181883494,C:\Users\Farshelina\desktop\causal_results\causal_results\qwen25_lora_scan_v5_layers_21_27\head_scan_Qwen2___5-7B_Qwen2.5-7B-LoRA-doudizhu-v2.csv,1.390710671742757,1.3631166617075603,0.0275940100351967,C:\Users\Farshelina\desktop\causal_results\causal_results\qwen25_base_scan_v5_layers_21_27\head_scan_Qwen2___5-7B_base.csv,-0.1835758288701367,21-27
27,10,27-10,4.371394852797191,4.516514996687572,-0.1451201438903808,C:\Users\Farshelina\desktop\causal_results\causal_results\qwen25_lora_scan_v5_layers_21_27\head_scan_Qwen2___5-7B_Qwen2.5-7B-LoRA-doudizhu-v2.csv,1.390710671742757,1.3472181955973308,0.0434924761454262,C:\Users\Farshelina\desktop\causal_results\causal_results\qwen25_base_scan_v5_layers_21_27\head_scan_Qwen2___5-7B_base.csv,-0.188612620035807,21-27
7,22,7-22,4.371394852797191,4.708139071861903,-0.3367442190647125,C:\Users\Farshelina\desktop\causal_results\causal_results\qwen25_lora_scan_v5_layers_7_13\head_scan_Qwen2___5-7B_Qwen2.5-7B-LoRA-doudizhu-v2.csv,1.390710671742757,1.5328967571258545,-0.1421860853830974,C:\Users\Farshelina\desktop\causal_results\causal_results\qwen25_base_scan_v5_layers_7_13\head_scan_Qwen2___5-7B_base.csv,-0.1945581336816151,7-13
20,23,20-23,4.371394852797191,4.529142538706462,-0.1577476859092712,C:\Users\Farshelina\desktop\causal_results\causal_results\qwen25_lora_scan_v5_layers_14_20\head_scan_Qwen2___5-7B_Qwen2.5-7B-LoRA-doudizhu-v2.csv,1.390710671742757,1.3536793390909831,0.0370313326517739,C:\Users\Farshelina\desktop\causal_results\causal_results\qwen25_base_scan_v5_layers_14_20\head_scan_Qwen2___5-7B_base.csv,-0.1947790185610451,14-20
16,6,16-6,4.371394852797191,4.417636871337891,-0.0462420185406999,C:\Users\Farshelina\desktop\causal_results\causal_results\qwen25_lora_scan_v5_layers_14_20\head_scan_Qwen2___5-7B_Qwen2.5-7B-LoRA-doudizhu-v2.csv,1.390710671742757,1.2397034168243408,0.1510072549184162,C:\Users\Farshelina\desktop\causal_results\causal_results\qwen25_base_scan_v5_layers_14_20\head_scan_Qwen2___5-7B_base.csv,-0.1972492734591161,14-20
17,6,17-6,4.371394852797191,4.559908211231232,-0.188513358434041,C:\Users\Farshelina\desktop\causal_results\causal_results\qwen25_lora_scan_v5_layers_14_20\head_scan_Qwen2___5-7B_Qwen2.5-7B-LoRA-doudizhu-v2.csv,1.390710671742757,1.3811152776082356,0.0095953941345214,C:\Users\Farshelina\desktop\causal_results\causal_results\qwen25_base_scan_v5_layers_14_20\head_scan_Qwen2___5-7B_base.csv,-0.1981087525685624,14-20
21,13,21-13,4.371394852797191,4.498620430628459,-0.1272255778312683,C:\Users\Farshelina\desktop\causal_results\causal_results\qwen25_lora_scan_v5_layers_21_27\head_scan_Qwen2___5-7B_Qwen2.5-7B-LoRA-doudizhu-v2.csv,1.390710671742757,1.3145979245503745,0.0761127471923828,C:\Users\Farshelina\desktop\causal_results\causal_results\qwen25_base_scan_v5_layers_21_27\head_scan_Qwen2___5-7B_base.csv,-0.2033383250236511,21-27
16,25,16-25,4.371394852797191,4.595226218303044,-0.2238313655058537,C:\Users\Farshelina\desktop\causal_results\causal_results\qwen25_lora_scan_v5_layers_14_20\head_scan_Qwen2___5-7B_Qwen2.5-7B-LoRA-doudizhu-v2.csv,1.390710671742757,1.4109547932942708,-0.0202441215515136,C:\Users\Farshelina\desktop\causal_results\causal_results\qwen25_base_scan_v5_layers_14_20\head_scan_Qwen2___5-7B_base.csv,-0.2035872439543401,14-20
20,17,20-17,4.371394852797191,4.58959166208903,-0.2181968092918396,C:\Users\Farshelina\desktop\causal_results\causal_results\qwen25_lora_scan_v5_layers_14_20\head_scan_Qwen2___5-7B_Qwen2.5-7B-LoRA-doudizhu-v2.csv,1.390710671742757,1.4049340883890789,-0.0142234166463217,C:\Users\Farshelina\desktop\causal_results\causal_results\qwen25_base_scan_v5_layers_14_20\head_scan_Qwen2___5-7B_base.csv,-0.2039733926455179,14-20
14,21,14-21,4.371394852797191,4.641840726137161,-0.2704458733399706,C:\Users\Farshelina\desktop\causal_results\causal_results\qwen25_lora_scan_v5_layers_14_20\head_scan_Qwen2___5-7B_Qwen2.5-7B-LoRA-doudizhu-v2.csv,1.390710671742757,1.4553871154785156,-0.0646764437357585,C:\Users\Farshelina\desktop\causal_results\causal_results\qwen25_base_scan_v5_layers_14_20\head_scan_Qwen2___5-7B_base.csv,-0.2057694296042121,14-20
27,27,27-27,4.371394852797191,4.549006998538971,-0.1776121457417803,C:\Users\Farshelina\desktop\causal_results\causal_results\qwen25_lora_scan_v5_layers_21_27\head_scan_Qwen2___5-7B_Qwen2.5-7B-LoRA-doudizhu-v2.csv,1.390710671742757,1.3579034805297852,0.0328071912129719,C:\Users\Farshelina\desktop\causal_results\causal_results\qwen25_base_scan_v5_layers_21_27\head_scan_Qwen2___5-7B_base.csv,-0.2104193369547522,21-27
9,25,9-25,4.371394852797191,4.736105054616928,-0.3647102018197374,C:\Users\Farshelina\desktop\causal_results\causal_results\qwen25_lora_scan_v5_layers_7_13\head_scan_Qwen2___5-7B_Qwen2.5-7B-LoRA-doudizhu-v2.csv,1.390710671742757,1.542415936787923,-0.151705265045166,C:\Users\Farshelina\desktop\causal_results\causal_results\qwen25_base_scan_v5_layers_7_13\head_scan_Qwen2___5-7B_base.csv,-0.2130049367745714,7-13
1,8,1-8,4.371394852797191,4.529927531878154,-0.1585326790809631,C:\Users\Farshelina\desktop\causal_results\causal_results\qwen25_lora_scan_v5_layers_0_6\head_scan_Qwen2___5-7B_Qwen2.5-7B-LoRA-doudizhu-v2.csv,1.390710671742757,1.3354493776957197,0.0552612940470376,C:\Users\Farshelina\desktop\causal_results\causal_results\qwen25_base_scan_v5_layers_0_6\head_scan_Qwen2___5-7B_base.csv,-0.2137939731280007,0-6
23,15,23-15,4.371394852797191,4.645084818204244,-0.273689965407053,C:\Users\Farshelina\desktop\causal_results\causal_results\qwen25_lora_scan_v5_layers_21_27\head_scan_Qwen2___5-7B_Qwen2.5-7B-LoRA-doudizhu-v2.csv,1.390710671742757,1.4500311215718586,-0.0593204498291015,C:\Users\Farshelina\desktop\causal_results\causal_results\qwen25_base_scan_v5_layers_21_27\head_scan_Qwen2___5-7B_base.csv,-0.2143695155779514,21-27
21,5,21-5,4.371394852797191,4.5784327785174055,-0.2070379257202148,C:\Users\Farshelina\desktop\causal_results\causal_results\qwen25_lora_scan_v5_layers_21_27\head_scan_Qwen2___5-7B_Qwen2.5-7B-LoRA-doudizhu-v2.csv,1.390710671742757,1.3823517958323162,0.0083588759104409,C:\Users\Farshelina\desktop\causal_results\causal_results\qwen25_base_scan_v5_layers_21_27\head_scan_Qwen2___5-7B_base.csv,-0.2153968016306557,21-27
12,8,12-8,4.371394852797191,4.704336404800415,-0.3329415520032244,C:\Users\Farshelina\desktop\causal_results\causal_results\qwen25_lora_scan_v5_layers_7_13\head_scan_Qwen2___5-7B_Qwen2.5-7B-LoRA-doudizhu-v2.csv,1.390710671742757,1.5069057146708171,-0.11619504292806,C:\Users\Farshelina\desktop\causal_results\causal_results\qwen25_base_scan_v5_layers_7_13\head_scan_Qwen2___5-7B_base.csv,-0.2167465090751644,7-13
5,17,5-17,4.371394852797191,4.519876778125763,-0.1484819253285723,C:\Users\Farshelina\desktop\causal_results\causal_results\qwen25_lora_scan_v5_layers_0_6\head_scan_Qwen2___5-7B_Qwen2.5-7B-LoRA-doudizhu-v2.csv,1.390710671742757,1.3223041693369548,0.0684065024058022,C:\Users\Farshelina\desktop\causal_results\causal_results\qwen25_base_scan_v5_layers_0_6\head_scan_Qwen2___5-7B_base.csv,-0.2168884277343745,0-6
4,23,4-23,4.371394852797191,4.547998666763306,-0.176603813966115,C:\Users\Farshelina\desktop\causal_results\causal_results\qwen25_lora_scan_v5_layers_0_6\head_scan_Qwen2___5-7B_Qwen2.5-7B-LoRA-doudizhu-v2.csv,1.390710671742757,1.3491192658742268,0.0415914058685302,C:\Users\Farshelina\desktop\causal_results\causal_results\qwen25_base_scan_v5_layers_0_6\head_scan_Qwen2___5-7B_base.csv,-0.2181952198346451,0-6
15,10,15-10,4.371394852797191,4.598342567682266,-0.2269477148850756,C:\Users\Farshelina\desktop\causal_results\causal_results\qwen25_lora_scan_v5_layers_14_20\head_scan_Qwen2___5-7B_Qwen2.5-7B-LoRA-doudizhu-v2.csv,1.390710671742757,1.397207498550415,-0.0064968268076579,C:\Users\Farshelina\desktop\causal_results\causal_results\qwen25_base_scan_v5_layers_14_20\head_scan_Qwen2___5-7B_base.csv,-0.2204508880774177,14-20
1,27,1-27,4.371394852797191,4.381325960159302,-0.0099311073621111,C:\Users\Farshelina\desktop\causal_results\causal_results\qwen25_lora_scan_v5_layers_0_6\head_scan_Qwen2___5-7B_Qwen2.5-7B-LoRA-doudizhu-v2.csv,1.390710671742757,1.1797815958658855,0.2109290758768716,C:\Users\Farshelina\desktop\causal_results\causal_results\qwen25_base_scan_v5_layers_0_6\head_scan_Qwen2___5-7B_base.csv,-0.2208601832389827,0-6
19,2,19-2,4.371394852797191,4.662787397702535,-0.291392544905344,C:\Users\Farshelina\desktop\causal_results\causal_results\qwen25_lora_scan_v5_layers_14_20\head_scan_Qwen2___5-7B_Qwen2.5-7B-LoRA-doudizhu-v2.csv,1.390710671742757,1.460758368174235,-0.070047696431478,C:\Users\Farshelina\desktop\causal_results\causal_results\qwen25_base_scan_v5_layers_14_20\head_scan_Qwen2___5-7B_base.csv,-0.2213448484738659,14-20
1,19,1-19,4.371394852797191,4.303755899270375,0.0676389535268153,C:\Users\Farshelina\desktop\causal_results\causal_results\qwen25_lora_scan_v5_layers_0_6\head_scan_Qwen2___5-7B_Qwen2.5-7B-LoRA-doudizhu-v2.csv,1.390710671742757,1.096761703491211,0.2939489682515461,C:\Users\Farshelina\desktop\causal_results\causal_results\qwen25_base_scan_v5_layers_0_6\head_scan_Qwen2___5-7B_base.csv,-0.2263100147247307,0-6
5,6,5-6,4.371394852797191,4.556022504965465,-0.1846276521682739,C:\Users\Farshelina\desktop\causal_results\causal_results\qwen25_lora_scan_v5_layers_0_6\head_scan_Qwen2___5-7B_Qwen2.5-7B-LoRA-doudizhu-v2.csv,1.390710671742757,1.3446697394053142,0.0460409323374428,C:\Users\Farshelina\desktop\causal_results\causal_results\qwen25_base_scan_v5_layers_0_6\head_scan_Qwen2___5-7B_base.csv,-0.2306685845057167,0-6
21,27,21-27,4.371394852797191,4.603238940238953,-0.231844087441762,C:\Users\Farshelina\desktop\causal_results\causal_results\qwen25_lora_scan_v5_layers_21_27\head_scan_Qwen2___5-7B_Qwen2.5-7B-LoRA-doudizhu-v2.csv,1.390710671742757,1.391239007314046,-0.000528335571289,C:\Users\Farshelina\desktop\causal_results\causal_results\qwen25_base_scan_v5_layers_21_27\head_scan_Qwen2___5-7B_base.csv,-0.2313157518704729,21-27
3,6,3-6,4.371394852797191,4.506444990634918,-0.1350501378377275,C:\Users\Farshelina\desktop\causal_results\causal_results\qwen25_lora_scan_v5_layers_0_6\head_scan_Qwen2___5-7B_Qwen2.5-7B-LoRA-doudizhu-v2.csv,1.390710671742757,1.2933278878529866,0.0973827838897705,C:\Users\Farshelina\desktop\causal_results\causal_results\qwen25_base_scan_v5_layers_0_6\head_scan_Qwen2___5-7B_base.csv,-0.232432921727498,0-6
19,9,19-9,4.371394852797191,4.604390700658162,-0.2329958478609715,C:\Users\Farshelina\desktop\causal_results\causal_results\qwen25_lora_scan_v5_layers_14_20\head_scan_Qwen2___5-7B_Qwen2.5-7B-LoRA-doudizhu-v2.csv,1.390710671742757,1.3894270261128745,0.0012836456298828,C:\Users\Farshelina\desktop\causal_results\causal_results\qwen25_base_scan_v5_layers_14_20\head_scan_Qwen2___5-7B_base.csv,-0.2342794934908543,14-20
18,15,18-15,4.371394852797191,4.571232199668884,-0.1998373468716936,C:\Users\Farshelina\desktop\causal_results\causal_results\qwen25_lora_scan_v5_layers_14_20\head_scan_Qwen2___5-7B_Qwen2.5-7B-LoRA-doudizhu-v2.csv,1.390710671742757,1.355319658915202,0.0353910128275551,C:\Users\Farshelina\desktop\causal_results\causal_results\qwen25_base_scan_v5_layers_14_20\head_scan_Qwen2___5-7B_base.csv,-0.2352283596992487,14-20
3,7,3-7,4.371394852797191,4.526099016269048,-0.1547041634718571,C:\Users\Farshelina\desktop\causal_results\causal_results\qwen25_lora_scan_v5_layers_0_6\head_scan_Qwen2___5-7B_Qwen2.5-7B-LoRA-doudizhu-v2.csv,1.390710671742757,1.3095285892486572,0.0811820824940998,C:\Users\Farshelina\desktop\causal_results\causal_results\qwen25_base_scan_v5_layers_0_6\head_scan_Qwen2___5-7B_base.csv,-0.2358862459659569,0-6
2,18,2-18,4.371394852797191,4.733605722586314,-0.3622108697891235,C:\Users\Farshelina\desktop\causal_results\causal_results\qwen25_lora_scan_v5_layers_0_6\head_scan_Qwen2___5-7B_Qwen2.5-7B-LoRA-doudizhu-v2.csv,1.390710671742757,1.5087364514668782,-0.1180257797241211,C:\Users\Farshelina\desktop\causal_results\causal_results\qwen25_base_scan_v5_layers_0_6\head_scan_Qwen2___5-7B_base.csv,-0.2441850900650023,0-6
2,1,2-1,4.371394852797191,4.599546730518341,-0.2281518777211504,C:\Users\Farshelina\desktop\causal_results\causal_results\qwen25_lora_scan_v5_layers_0_6\head_scan_Qwen2___5-7B_Qwen2.5-7B-LoRA-doudizhu-v2.csv,1.390710671742757,1.3734369277954102,0.0172737439473469,C:\Users\Farshelina\desktop\causal_results\causal_results\qwen25_base_scan_v5_layers_0_6\head_scan_Qwen2___5-7B_base.csv,-0.2454256216684973,0-6
8,17,8-17,4.371394852797191,4.693162699540456,-0.3217678467432652,C:\Users\Farshelina\desktop\causal_results\causal_results\qwen25_lora_scan_v5_layers_7_13\head_scan_Qwen2___5-7B_Qwen2.5-7B-LoRA-doudizhu-v2.csv,1.390710671742757,1.4652969042460124,-0.0745862325032553,C:\Users\Farshelina\desktop\causal_results\causal_results\qwen25_base_scan_v5_layers_7_13\head_scan_Qwen2___5-7B_base.csv,-0.2471816142400099,7-13
18,23,18-23,4.371394852797191,4.676691949367523,-0.3052970965703325,C:\Users\Farshelina\desktop\causal_results\causal_results\qwen25_lora_scan_v5_layers_14_20\head_scan_Qwen2___5-7B_Qwen2.5-7B-LoRA-doudizhu-v2.csv,1.390710671742757,1.4486643473307292,-0.0579536755879721,C:\Users\Farshelina\desktop\causal_results\causal_results\qwen25_base_scan_v5_layers_14_20\head_scan_Qwen2___5-7B_base.csv,-0.2473434209823604,14-20
2,10,2-10,4.371394852797191,4.540477752685547,-0.1690828998883562,C:\Users\Farshelina\desktop\causal_results\causal_results\qwen25_lora_scan_v5_layers_0_6\head_scan_Qwen2___5-7B_Qwen2.5-7B-LoRA-doudizhu-v2.csv,1.390710671742757,1.3097883860270183,0.0809222857157387,C:\Users\Farshelina\desktop\causal_results\causal_results\qwen25_base_scan_v5_layers_0_6\head_scan_Qwen2___5-7B_base.csv,-0.2500051856040949,0-6
2,20,2-20,4.371394852797191,4.4321601788202925,-0.0607653260231018,C:\Users\Farshelina\desktop\causal_results\causal_results\qwen25_lora_scan_v5_layers_0_6\head_scan_Qwen2___5-7B_Qwen2.5-7B-LoRA-doudizhu-v2.csv,1.390710671742757,1.2005457083384197,0.1901649634043374,C:\Users\Farshelina\desktop\causal_results\causal_results\qwen25_base_scan_v5_layers_0_6\head_scan_Qwen2___5-7B_base.csv,-0.2509302894274391,0-6
7,17,7-17,4.371394852797191,4.709914147853851,-0.3385192950566607,C:\Users\Farshelina\desktop\causal_results\causal_results\qwen25_lora_scan_v5_layers_7_13\head_scan_Qwen2___5-7B_Qwen2.5-7B-LoRA-doudizhu-v2.csv,1.390710671742757,1.475078582763672,-0.0843679110209147,C:\Users\Farshelina\desktop\causal_results\causal_results\qwen25_base_scan_v5_layers_7_13\head_scan_Qwen2___5-7B_base.csv,-0.254151384035746,7-13
20,7,20-7,4.371394852797191,4.636132140954335,-0.2647372881571446,C:\Users\Farshelina\desktop\causal_results\causal_results\qwen25_lora_scan_v5_layers_14_20\head_scan_Qwen2___5-7B_Qwen2.5-7B-LoRA-doudizhu-v2.csv,1.390710671742757,1.3913355668385825,-0.0006248950958251,C:\Users\Farshelina\desktop\causal_results\causal_results\qwen25_base_scan_v5_layers_14_20\head_scan_Qwen2___5-7B_base.csv,-0.2641123930613195,14-20
10,5,10-5,4.371394852797191,4.527559121449788,-0.1561642686525974,C:\Users\Farshelina\desktop\causal_results\causal_results\qwen25_lora_scan_v5_layers_7_13\head_scan_Qwen2___5-7B_Qwen2.5-7B-LoRA-doudizhu-v2.csv,1.390710671742757,1.2783819039662678,0.1123287677764892,C:\Users\Farshelina\desktop\causal_results\causal_results\qwen25_base_scan_v5_layers_7_13\head_scan_Qwen2___5-7B_base.csv,-0.2684930364290866,7-13
3,12,3-12,4.371394852797191,4.613866368929545,-0.2424715161323547,C:\Users\Farshelina\desktop\causal_results\causal_results\qwen25_lora_scan_v5_layers_0_6\head_scan_Qwen2___5-7B_Qwen2.5-7B-LoRA-doudizhu-v2.csv,1.390710671742757,1.36021892229716,0.0304917494455971,C:\Users\Farshelina\desktop\causal_results\causal_results\qwen25_base_scan_v5_layers_0_6\head_scan_Qwen2___5-7B_base.csv,-0.2729632655779518,0-6
3,25,3-25,4.371394852797191,4.707932511965434,-0.3365376591682434,C:\Users\Farshelina\desktop\causal_results\causal_results\qwen25_lora_scan_v5_layers_0_6\head_scan_Qwen2___5-7B_Qwen2.5-7B-LoRA-doudizhu-v2.csv,1.390710671742757,1.4502358436584473,-0.0595251719156901,C:\Users\Farshelina\desktop\causal_results\causal_results\qwen25_base_scan_v5_layers_0_6\head_scan_Qwen2___5-7B_base.csv,-0.2770124872525533,0-6
17,8,17-8,4.371394852797191,4.714603155851364,-0.3432083030541735,C:\Users\Farshelina\desktop\causal_results\causal_results\qwen25_lora_scan_v5_layers_14_20\head_scan_Qwen2___5-7B_Qwen2.5-7B-LoRA-doudizhu-v2.csv,1.390710671742757,1.4537679354349773,-0.0630572636922202,C:\Users\Farshelina\desktop\causal_results\causal_results\qwen25_base_scan_v5_layers_14_20\head_scan_Qwen2___5-7B_base.csv,-0.2801510393619533,14-20
1,1,1-1,4.371394852797191,4.4230907162030535,-0.0516958634058628,C:\Users\Farshelina\desktop\causal_results\causal_results\qwen25_lora_scan_v5_layers_0_6\head_scan_Qwen2___5-7B_Qwen2.5-7B-LoRA-doudizhu-v2.csv,1.390710671742757,1.161983648935954,0.2287270228068032,C:\Users\Farshelina\desktop\causal_results\causal_results\qwen25_base_scan_v5_layers_0_6\head_scan_Qwen2___5-7B_base.csv,-0.280422886212666,0-6
15,9,15-9,4.371394852797191,4.614783485730489,-0.2433886329332981,C:\Users\Farshelina\desktop\causal_results\causal_results\qwen25_lora_scan_v5_layers_14_20\head_scan_Qwen2___5-7B_Qwen2.5-7B-LoRA-doudizhu-v2.csv,1.390710671742757,1.3521630764007568,0.0385475953420002,C:\Users\Farshelina\desktop\causal_results\causal_results\qwen25_base_scan_v5_layers_14_20\head_scan_Qwen2___5-7B_base.csv,-0.2819362282752983,14-20
6,15,6-15,4.371394852797191,4.484188556671143,-0.1127937038739519,C:\Users\Farshelina\desktop\causal_results\causal_results\qwen25_lora_scan_v5_layers_0_6\head_scan_Qwen2___5-7B_Qwen2.5-7B-LoRA-doudizhu-v2.csv,1.390710671742757,1.22064208984375,0.1700685818990071,C:\Users\Farshelina\desktop\causal_results\causal_results\qwen25_base_scan_v5_layers_0_6\head_scan_Qwen2___5-7B_base.csv,-0.282862285772959,0-6
9,4,9-4,4.371394852797191,4.739339649677277,-0.3679447968800859,C:\Users\Farshelina\desktop\causal_results\causal_results\qwen25_lora_scan_v5_layers_7_13\head_scan_Qwen2___5-7B_Qwen2.5-7B-LoRA-doudizhu-v2.csv,1.390710671742757,1.474335749944051,-0.0836250782012939,C:\Users\Farshelina\desktop\causal_results\causal_results\qwen25_base_scan_v5_layers_7_13\head_scan_Qwen2___5-7B_base.csv,-0.284319718678792,7-13
9,8,9-8,4.371394852797191,4.663595239321391,-0.2922003865242004,C:\Users\Farshelina\desktop\causal_results\causal_results\qwen25_lora_scan_v5_layers_7_13\head_scan_Qwen2___5-7B_Qwen2.5-7B-LoRA-doudizhu-v2.csv,1.390710671742757,1.3977851072947185,-0.0070744355519614,C:\Users\Farshelina\desktop\causal_results\causal_results\qwen25_base_scan_v5_layers_7_13\head_scan_Qwen2___5-7B_base.csv,-0.285125950972239,7-13
13,17,13-17,4.371394852797191,5.032190958658855,-0.6607961058616638,C:\Users\Farshelina\desktop\causal_results\causal_results\qwen25_lora_scan_v5_layers_7_13\head_scan_Qwen2___5-7B_Qwen2.5-7B-LoRA-doudizhu-v2.csv,1.390710671742757,1.7648714383443196,-0.3741607666015625,C:\Users\Farshelina\desktop\causal_results\causal_results\qwen25_base_scan_v5_layers_7_13\head_scan_Qwen2___5-7B_base.csv,-0.2866353392601013,7-13
1,10,1-10,4.371394852797191,4.373851378758748,-0.0024565259615574,C:\Users\Farshelina\desktop\causal_results\causal_results\qwen25_lora_scan_v5_layers_0_6\head_scan_Qwen2___5-7B_Qwen2.5-7B-LoRA-doudizhu-v2.csv,1.390710671742757,1.1061305205027263,0.2845801512400308,C:\Users\Farshelina\desktop\causal_results\causal_results\qwen25_base_scan_v5_layers_0_6\head_scan_Qwen2___5-7B_base.csv,-0.2870366772015881,0-6
27,11,27-11,4.371394852797191,4.562664290269216,-0.1912694374720249,C:\Users\Farshelina\desktop\causal_results\causal_results\qwen25_lora_scan_v5_layers_21_27\head_scan_Qwen2___5-7B_Qwen2.5-7B-LoRA-doudizhu-v2.csv,1.390710671742757,1.293216625849406,0.097494045893351,C:\Users\Farshelina\desktop\causal_results\causal_results\qwen25_base_scan_v5_layers_21_27\head_scan_Qwen2___5-7B_base.csv,-0.2887634833653759,21-27
15,23,15-23,4.371394852797191,4.763907482226689,-0.3925126294294987,C:\Users\Farshelina\desktop\causal_results\causal_results\qwen25_lora_scan_v5_layers_14_20\head_scan_Qwen2___5-7B_Qwen2.5-7B-LoRA-doudizhu-v2.csv,1.390710671742757,1.484984318415324,-0.0942736466725668,C:\Users\Farshelina\desktop\causal_results\causal_results\qwen25_base_scan_v5_layers_14_20\head_scan_Qwen2___5-7B_base.csv,-0.2982389827569319,14-20
19,4,19-4,4.371394852797191,4.6364291707674665,-0.2650343179702759,C:\Users\Farshelina\desktop\causal_results\causal_results\qwen25_lora_scan_v5_layers_14_20\head_scan_Qwen2___5-7B_Qwen2.5-7B-LoRA-doudizhu-v2.csv,1.390710671742757,1.357059319814046,0.0336513519287109,C:\Users\Farshelina\desktop\causal_results\causal_results\qwen25_base_scan_v5_layers_14_20\head_scan_Qwen2___5-7B_base.csv,-0.2986856698989867,14-20
10,10,10-10,4.371394852797191,4.654114653666814,-0.2827198008696232,C:\Users\Farshelina\desktop\causal_results\causal_results\qwen25_lora_scan_v5_layers_7_13\head_scan_Qwen2___5-7B_Qwen2.5-7B-LoRA-doudizhu-v2.csv,1.390710671742757,1.3738669554392495,0.0168437163035073,C:\Users\Farshelina\desktop\causal_results\causal_results\qwen25_base_scan_v5_layers_7_13\head_scan_Qwen2___5-7B_base.csv,-0.2995635171731304,7-13
13,27,13-27,4.371394852797191,4.76558792591095,-0.394193073113759,C:\Users\Farshelina\desktop\causal_results\causal_results\qwen25_lora_scan_v5_layers_7_13\head_scan_Qwen2___5-7B_Qwen2.5-7B-LoRA-doudizhu-v2.csv,1.390710671742757,1.4812442461649578,-0.0905335744222006,C:\Users\Farshelina\desktop\causal_results\causal_results\qwen25_base_scan_v5_layers_7_13\head_scan_Qwen2___5-7B_base.csv,-0.3036594986915584,7-13
11,12,11-12,4.371394852797191,4.891511698563893,-0.5201168457667027,C:\Users\Farshelina\desktop\causal_results\causal_results\qwen25_lora_scan_v5_layers_7_13\head_scan_Qwen2___5-7B_Qwen2.5-7B-LoRA-doudizhu-v2.csv,1.390710671742757,1.6030187606811523,-0.2123080889383952,C:\Users\Farshelina\desktop\causal_results\causal_results\qwen25_base_scan_v5_layers_7_13\head_scan_Qwen2___5-7B_base.csv,-0.3078087568283075,7-13
4,24,4-24,4.371394852797191,4.61298131942749,-0.2415864666302996,C:\Users\Farshelina\desktop\causal_results\causal_results\qwen25_lora_scan_v5_layers_0_6\head_scan_Qwen2___5-7B_Qwen2.5-7B-LoRA-doudizhu-v2.csv,1.390710671742757,1.3227690855662029,0.0679415861765542,C:\Users\Farshelina\desktop\causal_results\causal_results\qwen25_base_scan_v5_layers_0_6\head_scan_Qwen2___5-7B_base.csv,-0.3095280528068538,0-6
11,27,11-27,4.371394852797191,4.555737495422363,-0.1843426426251726,C:\Users\Farshelina\desktop\causal_results\causal_results\qwen25_lora_scan_v5_layers_7_13\head_scan_Qwen2___5-7B_Qwen2.5-7B-LoRA-doudizhu-v2.csv,1.390710671742757,1.265007734298706,0.125702937444051,C:\Users\Farshelina\desktop\causal_results\causal_results\qwen25_base_scan_v5_layers_7_13\head_scan_Qwen2___5-7B_base.csv,-0.3100455800692236,7-13
20,8,20-8,4.371394852797191,4.819584925969441,-0.4481900731722508,C:\Users\Farshelina\desktop\causal_results\causal_results\qwen25_lora_scan_v5_layers_14_20\head_scan_Qwen2___5-7B_Qwen2.5-7B-LoRA-doudizhu-v2.csv,1.390710671742757,1.5164717833201091,-0.125761111577352,C:\Users\Farshelina\desktop\causal_results\causal_results\qwen25_base_scan_v5_layers_14_20\head_scan_Qwen2___5-7B_base.csv,-0.3224289615948987,14-20
21,11,21-11,4.371394852797191,4.646106561024983,-0.2747117082277928,C:\Users\Farshelina\desktop\causal_results\causal_results\qwen25_lora_scan_v5_layers_21_27\head_scan_Qwen2___5-7B_Qwen2.5-7B-LoRA-doudizhu-v2.csv,1.390710671742757,1.3414559364318848,0.0492547353108723,C:\Users\Farshelina\desktop\causal_results\causal_results\qwen25_base_scan_v5_layers_21_27\head_scan_Qwen2___5-7B_base.csv,-0.3239664435386651,21-27
17,5,17-5,4.371394852797191,4.930874119202296,-0.5594792664051056,C:\Users\Farshelina\desktop\causal_results\causal_results\qwen25_lora_scan_v5_layers_14_20\head_scan_Qwen2___5-7B_Qwen2.5-7B-LoRA-doudizhu-v2.csv,1.390710671742757,1.6240047613779705,-0.2332940896352133,C:\Users\Farshelina\desktop\causal_results\causal_results\qwen25_base_scan_v5_layers_14_20\head_scan_Qwen2___5-7B_base.csv,-0.3261851767698923,14-20
4,6,4-6,4.371394852797191,4.641570587952931,-0.2701757351557408,C:\Users\Farshelina\desktop\causal_results\causal_results\qwen25_lora_scan_v5_layers_0_6\head_scan_Qwen2___5-7B_Qwen2.5-7B-LoRA-doudizhu-v2.csv,1.390710671742757,1.3331323464711506,0.0575783252716064,C:\Users\Farshelina\desktop\causal_results\causal_results\qwen25_base_scan_v5_layers_0_6\head_scan_Qwen2___5-7B_base.csv,-0.3277540604273471,0-6
2,19,2-19,4.371394852797191,4.626025726397832,-0.2546308736006413,C:\Users\Farshelina\desktop\causal_results\causal_results\qwen25_lora_scan_v5_layers_0_6\head_scan_Qwen2___5-7B_Qwen2.5-7B-LoRA-doudizhu-v2.csv,1.390710671742757,1.3172024885813396,0.0735081831614175,C:\Users\Farshelina\desktop\causal_results\causal_results\qwen25_base_scan_v5_layers_0_6\head_scan_Qwen2___5-7B_base.csv,-0.3281390567620588,0-6
2,0,2-0,4.371394852797191,4.4565442999204,-0.085149447123209,C:\Users\Farshelina\desktop\causal_results\causal_results\qwen25_lora_scan_v5_layers_0_6\head_scan_Qwen2___5-7B_Qwen2.5-7B-LoRA-doudizhu-v2.csv,1.390710671742757,1.1465999285380046,0.2441107432047524,C:\Users\Farshelina\desktop\causal_results\causal_results\qwen25_base_scan_v5_layers_0_6\head_scan_Qwen2___5-7B_base.csv,-0.3292601903279614,0-6
17,4,17-4,4.371394852797191,4.621091385682424,-0.2496965328852329,C:\Users\Farshelina\desktop\causal_results\causal_results\qwen25_lora_scan_v5_layers_14_20\head_scan_Qwen2___5-7B_Qwen2.5-7B-LoRA-doudizhu-v2.csv,1.390710671742757,1.3103752930959065,0.0803353786468505,C:\Users\Farshelina\desktop\causal_results\causal_results\qwen25_base_scan_v5_layers_14_20\head_scan_Qwen2___5-7B_base.csv,-0.3300319115320834,14-20
27,16,27-16,4.371394852797191,4.695997059345245,-0.3246022065480547,C:\Users\Farshelina\desktop\causal_results\causal_results\qwen25_lora_scan_v5_layers_21_27\head_scan_Qwen2___5-7B_Qwen2.5-7B-LoRA-doudizhu-v2.csv,1.390710671742757,1.3835036754608154,0.0072069962819416,C:\Users\Farshelina\desktop\causal_results\causal_results\qwen25_base_scan_v5_layers_21_27\head_scan_Qwen2___5-7B_base.csv,-0.3318092028299963,21-27
13,5,13-5,4.371394852797191,4.827500879764557,-0.4561060269673662,C:\Users\Farshelina\desktop\causal_results\causal_results\qwen25_lora_scan_v5_layers_7_13\head_scan_Qwen2___5-7B_Qwen2.5-7B-LoRA-doudizhu-v2.csv,1.390710671742757,1.5090713500976562,-0.1183606783548991,C:\Users\Farshelina\desktop\causal_results\causal_results\qwen25_base_scan_v5_layers_7_13\head_scan_Qwen2___5-7B_base.csv,-0.3377453486124671,7-13
9,21,9-21,4.371394852797191,4.804540236790975,-0.433145383993784,C:\Users\Farshelina\desktop\causal_results\causal_results\qwen25_lora_scan_v5_layers_7_13\head_scan_Qwen2___5-7B_Qwen2.5-7B-LoRA-doudizhu-v2.csv,1.390710671742757,1.485187530517578,-0.094476858774821,C:\Users\Farshelina\desktop\causal_results\causal_results\qwen25_base_scan_v5_layers_7_13\head_scan_Qwen2___5-7B_base.csv,-0.338668525218963,7-13
8,26,8-26,4.371394852797191,4.815289189418157,-0.443894336620966,C:\Users\Farshelina\desktop\causal_results\causal_results\qwen25_lora_scan_v5_layers_7_13\head_scan_Qwen2___5-7B_Qwen2.5-7B-LoRA-doudizhu-v2.csv,1.390710671742757,1.4940570990244548,-0.1033464272816977,C:\Users\Farshelina\desktop\causal_results\causal_results\qwen25_base_scan_v5_layers_7_13\head_scan_Qwen2___5-7B_base.csv,-0.3405479093392683,7-13
13,19,13-19,4.371394852797191,4.813612242539723,-0.4422173897425328,C:\Users\Farshelina\desktop\causal_results\causal_results\qwen25_lora_scan_v5_layers_7_13\head_scan_Qwen2___5-7B_Qwen2.5-7B-LoRA-doudizhu-v2.csv,1.390710671742757,1.4888086318969729,-0.0980979601542155,C:\Users\Farshelina\desktop\causal_results\causal_results\qwen25_base_scan_v5_layers_7_13\head_scan_Qwen2___5-7B_base.csv,-0.3441194295883172,7-13
17,7,17-7,4.371394852797191,4.661857167879741,-0.29046231508255,C:\Users\Farshelina\desktop\causal_results\causal_results\qwen25_lora_scan_v5_layers_14_20\head_scan_Qwen2___5-7B_Qwen2.5-7B-LoRA-doudizhu-v2.csv,1.390710671742757,1.3334887822469077,0.0572218894958496,C:\Users\Farshelina\desktop\causal_results\causal_results\qwen25_base_scan_v5_layers_14_20\head_scan_Qwen2___5-7B_base.csv,-0.3476842045783996,14-20
16,11,16-11,4.371394852797191,4.682010511557261,-0.3106156587600708,C:\Users\Farshelina\desktop\causal_results\causal_results\qwen25_lora_scan_v5_layers_14_20\head_scan_Qwen2___5-7B_Qwen2.5-7B-LoRA-doudizhu-v2.csv,1.390710671742757,1.35222856203715,0.0384821097056069,C:\Users\Farshelina\desktop\causal_results\causal_results\qwen25_base_scan_v5_layers_14_20\head_scan_Qwen2___5-7B_base.csv,-0.3490977684656777,14-20
17,15,17-15,4.371394852797191,4.686157057682673,-0.3147622048854828,C:\Users\Farshelina\desktop\causal_results\causal_results\qwen25_lora_scan_v5_layers_14_20\head_scan_Qwen2___5-7B_Qwen2.5-7B-LoRA-doudizhu-v2.csv,1.390710671742757,1.352508783340454,0.0382018884023029,C:\Users\Farshelina\desktop\causal_results\causal_results\qwen25_base_scan_v5_layers_14_20\head_scan_Qwen2___5-7B_base.csv,-0.3529640932877856,14-20
14,22,14-22,4.371394852797191,4.660499294598897,-0.2891044418017063,C:\Users\Farshelina\desktop\causal_results\causal_results\qwen25_lora_scan_v5_layers_14_20\head_scan_Qwen2___5-7B_Qwen2.5-7B-LoRA-doudizhu-v2.csv,1.390710671742757,1.3265093962351482,0.0642012755076089,C:\Users\Farshelina\desktop\causal_results\causal_results\qwen25_base_scan_v5_layers_14_20\head_scan_Qwen2___5-7B_base.csv,-0.3533057173093152,14-20
12,20,12-20,4.371394852797191,4.79254819949468,-0.4211533466974888,C:\Users\Farshelina\desktop\causal_results\causal_results\qwen25_lora_scan_v5_layers_7_13\head_scan_Qwen2___5-7B_Qwen2.5-7B-LoRA-doudizhu-v2.csv,1.390710671742757,1.453473726908366,-0.0627630551656088,C:\Users\Farshelina\desktop\causal_results\causal_results\qwen25_base_scan_v5_layers_7_13\head_scan_Qwen2___5-7B_base.csv,-0.3583902915318799,7-13
21,17,21-17,4.371394852797191,4.709262212117513,-0.3378673593203221,C:\Users\Farshelina\desktop\causal_results\causal_results\qwen25_lora_scan_v5_layers_21_27\head_scan_Qwen2___5-7B_Qwen2.5-7B-LoRA-doudizhu-v2.csv,1.390710671742757,1.3694743315378826,0.0212363402048745,C:\Users\Farshelina\desktop\causal_results\causal_results\qwen25_base_scan_v5_layers_21_27\head_scan_Qwen2___5-7B_base.csv,-0.3591036995251966,21-27
2,27,2-27,4.371394852797191,4.252413769563039,0.1189810832341518,C:\Users\Farshelina\desktop\causal_results\causal_results\qwen25_lora_scan_v5_layers_0_6\head_scan_Qwen2___5-7B_Qwen2.5-7B-LoRA-doudizhu-v2.csv,1.390710671742757,0.9108983675638834,0.4798123041788736,C:\Users\Farshelina\desktop\causal_results\causal_results\qwen25_base_scan_v5_layers_0_6\head_scan_Qwen2___5-7B_base.csv,-0.3608312209447218,0-6
12,26,12-26,4.371394852797191,4.565224329630534,-0.1938294768333435,C:\Users\Farshelina\desktop\causal_results\causal_results\qwen25_lora_scan_v5_layers_7_13\head_scan_Qwen2___5-7B_Qwen2.5-7B-LoRA-doudizhu-v2.csv,1.390710671742757,1.2212599913279216,0.1694506804148354,C:\Users\Farshelina\desktop\causal_results\causal_results\qwen25_base_scan_v5_layers_7_13\head_scan_Qwen2___5-7B_base.csv,-0.3632801572481789,7-13
19,22,19-22,4.371394852797191,4.676024258136749,-0.3046294053395586,C:\Users\Farshelina\desktop\causal_results\causal_results\qwen25_lora_scan_v5_layers_14_20\head_scan_Qwen2___5-7B_Qwen2.5-7B-LoRA-doudizhu-v2.csv,1.390710671742757,1.327857176462809,0.0628534952799477,C:\Users\Farshelina\desktop\causal_results\causal_results\qwen25_base_scan_v5_layers_14_20\head_scan_Qwen2___5-7B_base.csv,-0.3674829006195063,14-20
15,7,15-7,4.371394852797191,4.765763998031616,-0.3943691452344255,C:\Users\Farshelina\desktop\causal_results\causal_results\qwen25_lora_scan_v5_layers_14_20\head_scan_Qwen2___5-7B_Qwen2.5-7B-LoRA-doudizhu-v2.csv,1.390710671742757,1.4175066153208415,-0.0267959435780844,C:\Users\Farshelina\desktop\causal_results\causal_results\qwen25_base_scan_v5_layers_14_20\head_scan_Qwen2___5-7B_base.csv,-0.3675732016563411,14-20
7,5,7-5,4.371394852797191,4.623626252015431,-0.2522313992182408,C:\Users\Farshelina\desktop\causal_results\causal_results\qwen25_lora_scan_v5_layers_7_13\head_scan_Qwen2___5-7B_Qwen2.5-7B-LoRA-doudizhu-v2.csv,1.390710671742757,1.2678275108337402,0.1228831609090168,C:\Users\Farshelina\desktop\causal_results\causal_results\qwen25_base_scan_v5_layers_7_13\head_scan_Qwen2___5-7B_base.csv,-0.3751145601272576,7-13
14,9,14-9,4.371394852797191,4.768861065308253,-0.3974662125110626,C:\Users\Farshelina\desktop\causal_results\causal_results\qwen25_lora_scan_v5_layers_14_20\head_scan_Qwen2___5-7B_Qwen2.5-7B-LoRA-doudizhu-v2.csv,1.390710671742757,1.4117098649342854,-0.0209991931915283,C:\Users\Farshelina\desktop\causal_results\causal_results\qwen25_base_scan_v5_layers_14_20\head_scan_Qwen2___5-7B_base.csv,-0.3764670193195343,14-20
11,11,11-11,4.371394852797191,4.667308986186981,-0.2959141333897905,C:\Users\Farshelina\desktop\causal_results\causal_results\qwen25_lora_scan_v5_layers_7_13\head_scan_Qwen2___5-7B_Qwen2.5-7B-LoRA-doudizhu-v2.csv,1.390710671742757,1.3091708819071453,0.0815397898356118,C:\Users\Farshelina\desktop\causal_results\causal_results\qwen25_base_scan_v5_layers_7_13\head_scan_Qwen2___5-7B_base.csv,-0.3774539232254023,7-13
7,23,7-23,4.371394852797191,4.85056871175766,-0.4791738589604692,C:\Users\Farshelina\desktop\causal_results\causal_results\qwen25_lora_scan_v5_layers_7_13\head_scan_Qwen2___5-7B_Qwen2.5-7B-LoRA-doudizhu-v2.csv,1.390710671742757,1.4888976414998372,-0.09818696975708,C:\Users\Farshelina\desktop\causal_results\causal_results\qwen25_base_scan_v5_layers_7_13\head_scan_Qwen2___5-7B_base.csv,-0.3809868892033892,7-13
17,25,17-25,4.371394852797191,4.786290963490804,-0.4148961106936131,C:\Users\Farshelina\desktop\causal_results\causal_results\qwen25_lora_scan_v5_layers_14_20\head_scan_Qwen2___5-7B_Qwen2.5-7B-LoRA-doudizhu-v2.csv,1.390710671742757,1.416271448135376,-0.0255607763926188,C:\Users\Farshelina\desktop\causal_results\causal_results\qwen25_base_scan_v5_layers_14_20\head_scan_Qwen2___5-7B_base.csv,-0.3893353343009943,14-20
17,13,17-13,4.371394852797191,4.685199479262034,-0.3138046264648437,C:\Users\Farshelina\desktop\causal_results\causal_results\qwen25_lora_scan_v5_layers_14_20\head_scan_Qwen2___5-7B_Qwen2.5-7B-LoRA-doudizhu-v2.csv,1.390710671742757,1.314801295598348,0.0759093761444091,C:\Users\Farshelina\desktop\causal_results\causal_results\qwen25_base_scan_v5_layers_14_20\head_scan_Qwen2___5-7B_base.csv,-0.3897140026092528,14-20
13,6,13-6,4.371394852797191,4.723290363947551,-0.3518955111503601,C:\Users\Farshelina\desktop\causal_results\causal_results\qwen25_lora_scan_v5_layers_7_13\head_scan_Qwen2___5-7B_Qwen2.5-7B-LoRA-doudizhu-v2.csv,1.390710671742757,1.3441091378529866,0.0466015338897705,C:\Users\Farshelina\desktop\causal_results\causal_results\qwen25_base_scan_v5_layers_7_13\head_scan_Qwen2___5-7B_base.csv,-0.3984970450401306,7-13
0,5,0-5,4.371394852797191,4.80112670858701,-0.4297318557898197,C:\Users\Farshelina\desktop\causal_results\causal_results\qwen25_lora_scan_v5_layers_0_6\head_scan_Qwen2___5-7B_Qwen2.5-7B-LoRA-doudizhu-v2.csv,1.390710671742757,1.415218671162923,-0.024507999420166,C:\Users\Farshelina\desktop\causal_results\causal_results\qwen25_base_scan_v5_layers_0_6\head_scan_Qwen2___5-7B_base.csv,-0.4052238563696537,0-6
27,12,27-12,4.371394852797191,4.665982445081075,-0.2945875922838841,C:\Users\Farshelina\desktop\causal_results\causal_results\qwen25_lora_scan_v5_layers_21_27\head_scan_Qwen2___5-7B_Qwen2.5-7B-LoRA-doudizhu-v2.csv,1.390710671742757,1.2767863273620603,0.1139243443806965,C:\Users\Farshelina\desktop\causal_results\causal_results\qwen25_base_scan_v5_layers_21_27\head_scan_Qwen2___5-7B_base.csv,-0.4085119366645806,21-27
16,18,16-18,4.371394852797191,4.921075900395711,-0.5496810475985203,C:\Users\Farshelina\desktop\causal_results\causal_results\qwen25_lora_scan_v5_layers_14_20\head_scan_Qwen2___5-7B_Qwen2.5-7B-LoRA-doudizhu-v2.csv,1.390710671742757,1.530332883199056,-0.1396222114562988,C:\Users\Farshelina\desktop\causal_results\causal_results\qwen25_base_scan_v5_layers_14_20\head_scan_Qwen2___5-7B_base.csv,-0.4100588361422215,14-20
0,8,0-8,4.371394852797191,4.388444314400355,-0.0170494616031646,C:\Users\Farshelina\desktop\causal_results\causal_results\qwen25_lora_scan_v5_layers_0_6\head_scan_Qwen2___5-7B_Qwen2.5-7B-LoRA-doudizhu-v2.csv,1.390710671742757,0.9819823106129963,0.4087283611297606,C:\Users\Farshelina\desktop\causal_results\causal_results\qwen25_base_scan_v5_layers_0_6\head_scan_Qwen2___5-7B_base.csv,-0.4257778227329252,0-6
10,15,10-15,4.371394852797191,4.85396749774615,-0.4825726449489593,C:\Users\Farshelina\desktop\causal_results\causal_results\qwen25_lora_scan_v5_layers_7_13\head_scan_Qwen2___5-7B_Qwen2.5-7B-LoRA-doudizhu-v2.csv,1.390710671742757,1.434789737065633,-0.0440790653228759,C:\Users\Farshelina\desktop\causal_results\causal_results\qwen25_base_scan_v5_layers_7_13\head_scan_Qwen2___5-7B_base.csv,-0.4384935796260834,7-13
3,14,3-14,4.371394852797191,4.831687519947688,-0.4602926671504974,C:\Users\Farshelina\desktop\causal_results\causal_results\qwen25_lora_scan_v5_layers_0_6\head_scan_Qwen2___5-7B_Qwen2.5-7B-LoRA-doudizhu-v2.csv,1.390710671742757,1.411502679189046,-0.020792007446289,C:\Users\Farshelina\desktop\causal_results\causal_results\qwen25_base_scan_v5_layers_0_6\head_scan_Qwen2___5-7B_base.csv,-0.4395006597042084,0-6
8,12,8-12,4.371394852797191,4.7465112408002215,-0.3751163880030308,C:\Users\Farshelina\desktop\causal_results\causal_results\qwen25_lora_scan_v5_layers_7_13\head_scan_Qwen2___5-7B_Qwen2.5-7B-LoRA-doudizhu-v2.csv,1.390710671742757,1.317742109298706,0.072968562444051,C:\Users\Farshelina\desktop\causal_results\causal_results\qwen25_base_scan_v5_layers_7_13\head_scan_Qwen2___5-7B_base.csv,-0.4480849504470818,7-13
7,0,7-0,4.371394852797191,4.830776035785675,-0.4593811829884844,C:\Users\Farshelina\desktop\causal_results\causal_results\qwen25_lora_scan_v5_layers_7_13\head_scan_Qwen2___5-7B_Qwen2.5-7B-LoRA-doudizhu-v2.csv,1.390710671742757,1.391147295633952,-0.0004366238911948,C:\Users\Farshelina\desktop\causal_results\causal_results\qwen25_base_scan_v5_layers_7_13\head_scan_Qwen2___5-7B_base.csv,-0.4589445590972896,7-13
0,7,0-7,4.371394852797191,5.049607654412587,-0.6782128016153965,C:\Users\Farshelina\desktop\causal_results\causal_results\qwen25_lora_scan_v5_layers_0_6\head_scan_Qwen2___5-7B_Qwen2.5-7B-LoRA-doudizhu-v2.csv,1.390710671742757,1.6019783814748128,-0.2112677097320556,C:\Users\Farshelina\desktop\causal_results\causal_results\qwen25_base_scan_v5_layers_0_6\head_scan_Qwen2___5-7B_base.csv,-0.4669450918833409,0-6
20,1,20-1,4.371394852797191,4.796311914920807,-0.4249170621236162,C:\Users\Farshelina\desktop\causal_results\causal_results\qwen25_lora_scan_v5_layers_14_20\head_scan_Qwen2___5-7B_Qwen2.5-7B-LoRA-doudizhu-v2.csv,1.390710671742757,1.345902681350708,0.044807990392049,C:\Users\Farshelina\desktop\causal_results\causal_results\qwen25_base_scan_v5_layers_14_20\head_scan_Qwen2___5-7B_base.csv,-0.4697250525156652,14-20
13,2,13-2,4.371394852797191,4.740100145339966,-0.3687052925427752,C:\Users\Farshelina\desktop\causal_results\causal_results\qwen25_lora_scan_v5_layers_7_13\head_scan_Qwen2___5-7B_Qwen2.5-7B-LoRA-doudizhu-v2.csv,1.390710671742757,1.2856432596842449,0.1050674120585122,C:\Users\Farshelina\desktop\causal_results\causal_results\qwen25_base_scan_v5_layers_7_13\head_scan_Qwen2___5-7B_base.csv,-0.4737727046012874,7-13
5,24,5-24,4.371394852797191,4.926661570866902,-0.5552667180697117,C:\Users\Farshelina\desktop\causal_results\causal_results\qwen25_lora_scan_v5_layers_0_6\head_scan_Qwen2___5-7B_Qwen2.5-7B-LoRA-doudizhu-v2.csv,1.390710671742757,1.4711933930714924,-0.0804827213287353,C:\Users\Farshelina\desktop\causal_results\causal_results\qwen25_base_scan_v5_layers_0_6\head_scan_Qwen2___5-7B_base.csv,-0.4747839967409764,0-6
3,1,3-1,4.371394852797191,4.789973735809326,-0.4185788830121355,C:\Users\Farshelina\desktop\causal_results\causal_results\qwen25_lora_scan_v5_layers_0_6\head_scan_Qwen2___5-7B_Qwen2.5-7B-LoRA-doudizhu-v2.csv,1.390710671742757,1.3279748757680256,0.0627357959747314,C:\Users\Farshelina\desktop\causal_results\causal_results\qwen25_base_scan_v5_layers_0_6\head_scan_Qwen2___5-7B_base.csv,-0.4813146789868669,0-6
11,6,11-6,4.371394852797191,4.816786805788676,-0.4453919529914856,C:\Users\Farshelina\desktop\causal_results\causal_results\qwen25_lora_scan_v5_layers_7_13\head_scan_Qwen2___5-7B_Qwen2.5-7B-LoRA-doudizhu-v2.csv,1.390710671742757,1.3489075501759846,0.0418031215667724,C:\Users\Farshelina\desktop\causal_results\causal_results\qwen25_base_scan_v5_layers_7_13\head_scan_Qwen2___5-7B_base.csv,-0.487195074558258,7-13
3,2,3-2,4.371394852797191,4.87059744199117,-0.4992025891939793,C:\Users\Farshelina\desktop\causal_results\causal_results\qwen25_lora_scan_v5_layers_0_6\head_scan_Qwen2___5-7B_Qwen2.5-7B-LoRA-doudizhu-v2.csv,1.390710671742757,1.3974487781524658,-0.0067381064097087,C:\Users\Farshelina\desktop\causal_results\causal_results\qwen25_base_scan_v5_layers_0_6\head_scan_Qwen2___5-7B_base.csv,-0.4924644827842706,0-6
1,7,1-7,4.371394852797191,4.541458904743195,-0.1700640519460039,C:\Users\Farshelina\desktop\causal_results\causal_results\qwen25_lora_scan_v5_layers_0_6\head_scan_Qwen2___5-7B_Qwen2.5-7B-LoRA-doudizhu-v2.csv,1.390710671742757,1.061280091603597,0.3294305801391601,C:\Users\Farshelina\desktop\causal_results\causal_results\qwen25_base_scan_v5_layers_0_6\head_scan_Qwen2___5-7B_base.csv,-0.499494632085164,0-6
10,0,10-0,4.371394852797191,4.899114747842153,-0.527719895044962,C:\Users\Farshelina\desktop\causal_results\causal_results\qwen25_lora_scan_v5_layers_7_13\head_scan_Qwen2___5-7B_Qwen2.5-7B-LoRA-doudizhu-v2.csv,1.390710671742757,1.4131489594777424,-0.0224382877349853,C:\Users\Farshelina\desktop\causal_results\causal_results\qwen25_base_scan_v5_layers_7_13\head_scan_Qwen2___5-7B_base.csv,-0.5052816073099766,7-13
14,18,14-18,4.371394852797191,4.715786139170329,-0.3443912863731384,C:\Users\Farshelina\desktop\causal_results\causal_results\qwen25_lora_scan_v5_layers_14_20\head_scan_Qwen2___5-7B_Qwen2.5-7B-LoRA-doudizhu-v2.csv,1.390710671742757,1.22430952390035,0.1664011478424072,C:\Users\Farshelina\desktop\causal_results\causal_results\qwen25_base_scan_v5_layers_14_20\head_scan_Qwen2___5-7B_base.csv,-0.5107924342155457,14-20
15,15,15-15,4.371394852797191,4.936552991469701,-0.5651581386725102,C:\Users\Farshelina\desktop\causal_results\causal_results\qwen25_lora_scan_v5_layers_14_20\head_scan_Qwen2___5-7B_Qwen2.5-7B-LoRA-doudizhu-v2.csv,1.390710671742757,1.4447574615478516,-0.0540467898050944,C:\Users\Farshelina\desktop\causal_results\causal_results\qwen25_base_scan_v5_layers_14_20\head_scan_Qwen2___5-7B_base.csv,-0.5111113488674158,14-20
12,22,12-22,4.371394852797191,5.104813585678737,-0.733418732881546,C:\Users\Farshelina\desktop\causal_results\causal_results\qwen25_lora_scan_v5_layers_7_13\head_scan_Qwen2___5-7B_Qwen2.5-7B-LoRA-doudizhu-v2.csv,1.390710671742757,1.60891858736674,-0.2182079156239829,C:\Users\Farshelina\desktop\causal_results\causal_results\qwen25_base_scan_v5_layers_7_13\head_scan_Qwen2___5-7B_base.csv,-0.5152108172575631,7-13
13,11,13-11,4.371394852797191,4.635884940624237,-0.2644900878270464,C:\Users\Farshelina\desktop\causal_results\causal_results\qwen25_lora_scan_v5_layers_7_13\head_scan_Qwen2___5-7B_Qwen2.5-7B-LoRA-doudizhu-v2.csv,1.390710671742757,1.1397414207458496,0.2509692509969075,C:\Users\Farshelina\desktop\causal_results\causal_results\qwen25_base_scan_v5_layers_7_13\head_scan_Qwen2___5-7B_base.csv,-0.5154593388239539,7-13
2,22,2-22,4.371394852797191,4.73550271987915,-0.3641078670819597,C:\Users\Farshelina\desktop\causal_results\causal_results\qwen25_lora_scan_v5_layers_0_6\head_scan_Qwen2___5-7B_Qwen2.5-7B-LoRA-doudizhu-v2.csv,1.390710671742757,1.2194853623708088,0.1712253093719482,C:\Users\Farshelina\desktop\causal_results\causal_results\qwen25_base_scan_v5_layers_0_6\head_scan_Qwen2___5-7B_base.csv,-0.5353331764539079,0-6
19,11,19-11,4.371394852797191,4.939858913421631,-0.5684640606244402,C:\Users\Farshelina\desktop\causal_results\causal_results\qwen25_lora_scan_v5_layers_14_20\head_scan_Qwen2___5-7B_Qwen2.5-7B-LoRA-doudizhu-v2.csv,1.390710671742757,1.4176208972930908,-0.0269102255503337,C:\Users\Farshelina\desktop\causal_results\causal_results\qwen25_base_scan_v5_layers_14_20\head_scan_Qwen2___5-7B_base.csv,-0.5415538350741065,14-20
0,27,0-27,4.371394852797191,4.625923266013463,-0.2545284132162724,C:\Users\Farshelina\desktop\causal_results\causal_results\qwen25_lora_scan_v5_layers_0_6\head_scan_Qwen2___5-7B_Qwen2.5-7B-LoRA-doudizhu-v2.csv,1.390710671742757,1.100806713104248,0.289903958638509,C:\Users\Farshelina\desktop\causal_results\causal_results\qwen25_base_scan_v5_layers_0_6\head_scan_Qwen2___5-7B_base.csv,-0.5444323718547814,0-6
9,15,9-15,4.371394852797191,4.772839347521464,-0.4014444947242737,C:\Users\Farshelina\desktop\causal_results\causal_results\qwen25_lora_scan_v5_layers_7_13\head_scan_Qwen2___5-7B_Qwen2.5-7B-LoRA-doudizhu-v2.csv,1.390710671742757,1.2474114894866943,0.1432991822560627,C:\Users\Farshelina\desktop\causal_results\causal_results\qwen25_base_scan_v5_layers_7_13\head_scan_Qwen2___5-7B_base.csv,-0.5447436769803364,7-13
12,17,12-17,4.371394852797191,5.217351019382477,-0.8459561665852862,C:\Users\Farshelina\desktop\causal_results\causal_results\qwen25_lora_scan_v5_layers_7_13\head_scan_Qwen2___5-7B_Qwen2.5-7B-LoRA-doudizhu-v2.csv,1.390710671742757,1.6900808811187744,-0.2993702093760173,C:\Users\Farshelina\desktop\causal_results\causal_results\qwen25_base_scan_v5_layers_7_13\head_scan_Qwen2___5-7B_base.csv,-0.5465859572092688,7-13
13,16,13-16,4.371394852797191,4.939611454804738,-0.5682166020075474,C:\Users\Farshelina\desktop\causal_results\causal_results\qwen25_lora_scan_v5_layers_7_13\head_scan_Qwen2___5-7B_Qwen2.5-7B-LoRA-doudizhu-v2.csv,1.390710671742757,1.4017662207285564,-0.0110555489857993,C:\Users\Farshelina\desktop\causal_results\causal_results\qwen25_base_scan_v5_layers_7_13\head_scan_Qwen2___5-7B_base.csv,-0.5571610530217481,7-13
16,17,16-17,4.371394852797191,4.834400633970897,-0.463005781173706,C:\Users\Farshelina\desktop\causal_results\causal_results\qwen25_lora_scan_v5_layers_14_20\head_scan_Qwen2___5-7B_Qwen2.5-7B-LoRA-doudizhu-v2.csv,1.390710671742757,1.2955323060353596,0.0951783657073974,C:\Users\Farshelina\desktop\causal_results\causal_results\qwen25_base_scan_v5_layers_14_20\head_scan_Qwen2___5-7B_base.csv,-0.5581841468811034,14-20
6,10,6-10,4.371394852797191,5.049300034840901,-0.6779051820437108,C:\Users\Farshelina\desktop\causal_results\causal_results\qwen25_lora_scan_v5_layers_0_6\head_scan_Qwen2___5-7B_Qwen2.5-7B-LoRA-doudizhu-v2.csv,1.390710671742757,1.5081524848937988,-0.1174418131510417,C:\Users\Farshelina\desktop\causal_results\causal_results\qwen25_base_scan_v5_layers_0_6\head_scan_Qwen2___5-7B_base.csv,-0.560463368892669,0-6
2,23,2-23,4.371394852797191,5.0716143647829695,-0.7002195119857788,C:\Users\Farshelina\desktop\causal_results\causal_results\qwen25_lora_scan_v5_layers_0_6\head_scan_Qwen2___5-7B_Qwen2.5-7B-LoRA-doudizhu-v2.csv,1.390710671742757,1.5299880504608154,-0.1392773787180583,C:\Users\Farshelina\desktop\causal_results\causal_results\qwen25_base_scan_v5_layers_0_6\head_scan_Qwen2___5-7B_base.csv,-0.5609421332677205,0-6
8,1,8-1,4.371394852797191,4.902382741371791,-0.5309878885746002,C:\Users\Farshelina\desktop\causal_results\causal_results\qwen25_lora_scan_v5_layers_7_13\head_scan_Qwen2___5-7B_Qwen2.5-7B-LoRA-doudizhu-v2.csv,1.390710671742757,1.3581575552622478,0.0325531164805092,C:\Users\Farshelina\desktop\causal_results\causal_results\qwen25_base_scan_v5_layers_7_13\head_scan_Qwen2___5-7B_base.csv,-0.5635410050551094,7-13
5,27,5-27,4.371394852797191,4.854381223519643,-0.4829863707224522,C:\Users\Farshelina\desktop\causal_results\causal_results\qwen25_lora_scan_v5_layers_0_6\head_scan_Qwen2___5-7B_Qwen2.5-7B-LoRA-doudizhu-v2.csv,1.390710671742757,1.309597412745158,0.0811132589975991,C:\Users\Farshelina\desktop\causal_results\causal_results\qwen25_base_scan_v5_layers_0_6\head_scan_Qwen2___5-7B_base.csv,-0.5640996297200513,0-6
0,0,0-0,4.371394852797191,4.576229820648829,-0.2048349678516388,C:\Users\Farshelina\desktop\causal_results\causal_results\qwen25_lora_scan_v5_layers_0_6\head_scan_Qwen2___5-7B_Qwen2.5-7B-LoRA-doudizhu-v2.csv,1.390710671742757,1.0307491620381672,0.3599615097045898,C:\Users\Farshelina\desktop\causal_results\causal_results\qwen25_base_scan_v5_layers_0_6\head_scan_Qwen2___5-7B_base.csv,-0.5647964775562286,0-6
6,2,6-2,4.371394852797191,5.068908512592316,-0.697513659795125,C:\Users\Farshelina\desktop\causal_results\causal_results\qwen25_lora_scan_v5_layers_0_6\head_scan_Qwen2___5-7B_Qwen2.5-7B-LoRA-doudizhu-v2.csv,1.390710671742757,1.5160338878631592,-0.1253232161204021,C:\Users\Farshelina\desktop\causal_results\causal_results\qwen25_base_scan_v5_layers_0_6\head_scan_Qwen2___5-7B_base.csv,-0.5721904436747229,0-6
16,24,16-24,4.371394852797191,4.933489094177882,-0.5620942413806915,C:\Users\Farshelina\desktop\causal_results\causal_results\qwen25_lora_scan_v5_layers_14_20\head_scan_Qwen2___5-7B_Qwen2.5-7B-LoRA-doudizhu-v2.csv,1.390710671742757,1.3793797492980957,0.0113309224446613,C:\Users\Farshelina\desktop\causal_results\causal_results\qwen25_base_scan_v5_layers_14_20\head_scan_Qwen2___5-7B_base.csv,-0.5734251638253528,14-20
7,21,7-21,4.371394852797191,5.111713856458664,-0.7403190036614733,C:\Users\Farshelina\desktop\causal_results\causal_results\qwen25_lora_scan_v5_layers_7_13\head_scan_Qwen2___5-7B_Qwen2.5-7B-LoRA-doudizhu-v2.csv,1.390710671742757,1.545568625132243,-0.1548579533894858,C:\Users\Farshelina\desktop\causal_results\causal_results\qwen25_base_scan_v5_layers_7_13\head_scan_Qwen2___5-7B_base.csv,-0.5854610502719875,7-13
14,15,14-15,4.371394852797191,5.137568414211273,-0.7661735614140825,C:\Users\Farshelina\desktop\causal_results\causal_results\qwen25_lora_scan_v5_layers_14_20\head_scan_Qwen2___5-7B_Qwen2.5-7B-LoRA-doudizhu-v2.csv,1.390710671742757,1.5707489649454751,-0.1800382932027182,C:\Users\Farshelina\desktop\causal_results\causal_results\qwen25_base_scan_v5_layers_14_20\head_scan_Qwen2___5-7B_base.csv,-0.5861352682113643,14-20
10,18,10-18,4.371394852797191,4.921665529410045,-0.550270676612854,C:\Users\Farshelina\desktop\causal_results\causal_results\qwen25_lora_scan_v5_layers_7_13\head_scan_Qwen2___5-7B_Qwen2.5-7B-LoRA-doudizhu-v2.csv,1.390710671742757,1.354098955790202,0.0366117159525551,C:\Users\Farshelina\desktop\causal_results\causal_results\qwen25_base_scan_v5_layers_7_13\head_scan_Qwen2___5-7B_base.csv,-0.5868823925654091,7-13
4,4,4-4,4.371394852797191,4.942935923735301,-0.5715410709381104,C:\Users\Farshelina\desktop\causal_results\causal_results\qwen25_lora_scan_v5_layers_0_6\head_scan_Qwen2___5-7B_Qwen2.5-7B-LoRA-doudizhu-v2.csv,1.390710671742757,1.367644230524699,0.0230664412180581,C:\Users\Farshelina\desktop\causal_results\causal_results\qwen25_base_scan_v5_layers_0_6\head_scan_Qwen2___5-7B_base.csv,-0.5946075121561685,0-6
1,13,1-13,4.371394852797191,4.295075058937073,0.0763197938601178,C:\Users\Farshelina\desktop\causal_results\causal_results\qwen25_lora_scan_v5_layers_0_6\head_scan_Qwen2___5-7B_Qwen2.5-7B-LoRA-doudizhu-v2.csv,1.390710671742757,0.7145066261291504,0.6762040456136067,C:\Users\Farshelina\desktop\causal_results\causal_results\qwen25_base_scan_v5_layers_0_6\head_scan_Qwen2___5-7B_base.csv,-0.5998842517534889,0-6
15,3,15-3,4.371394852797191,4.931078682343165,-0.5596838295459747,C:\Users\Farshelina\desktop\causal_results\causal_results\qwen25_lora_scan_v5_layers_14_20\head_scan_Qwen2___5-7B_Qwen2.5-7B-LoRA-doudizhu-v2.csv,1.390710671742757,1.3444329897562664,0.0462776819864907,C:\Users\Farshelina\desktop\causal_results\causal_results\qwen25_base_scan_v5_layers_14_20\head_scan_Qwen2___5-7B_base.csv,-0.6059615115324655,14-20
10,19,10-19,4.371394852797191,5.130828301111857,-0.7594334483146667,C:\Users\Farshelina\desktop\causal_results\causal_results\qwen25_lora_scan_v5_layers_7_13\head_scan_Qwen2___5-7B_Qwen2.5-7B-LoRA-doudizhu-v2.csv,1.390710671742757,1.5374902089436848,-0.1467795372009277,C:\Users\Farshelina\desktop\causal_results\causal_results\qwen25_base_scan_v5_layers_7_13\head_scan_Qwen2___5-7B_base.csv,-0.612653911113739,7-13
18,21,18-21,4.371394852797191,4.856878280639648,-0.4854834278424578,C:\Users\Farshelina\desktop\causal_results\causal_results\qwen25_lora_scan_v5_layers_14_20\head_scan_Qwen2___5-7B_Qwen2.5-7B-LoRA-doudizhu-v2.csv,1.390710671742757,1.2611838976542156,0.1295267740885415,C:\Users\Farshelina\desktop\causal_results\causal_results\qwen25_base_scan_v5_layers_14_20\head_scan_Qwen2___5-7B_base.csv,-0.6150102019309993,14-20
17,21,17-21,4.371394852797191,4.804706076780955,-0.4333112239837646,C:\Users\Farshelina\desktop\causal_results\causal_results\qwen25_lora_scan_v5_layers_14_20\head_scan_Qwen2___5-7B_Qwen2.5-7B-LoRA-doudizhu-v2.csv,1.390710671742757,1.2073119481404622,0.1833987236022949,C:\Users\Farshelina\desktop\causal_results\causal_results\qwen25_base_scan_v5_layers_14_20\head_scan_Qwen2___5-7B_base.csv,-0.6167099475860595,14-20
7,8,7-8,4.371394852797191,4.897770802179973,-0.526375949382782,C:\Users\Farshelina\desktop\causal_results\causal_results\qwen25_lora_scan_v5_layers_7_13\head_scan_Qwen2___5-7B_Qwen2.5-7B-LoRA-doudizhu-v2.csv,1.390710671742757,1.2859257062276204,0.1047849655151367,C:\Users\Farshelina\desktop\causal_results\causal_results\qwen25_base_scan_v5_layers_7_13\head_scan_Qwen2___5-7B_base.csv,-0.6311609148979187,7-13
0,18,0-18,4.371394852797191,3.8337419430414834,0.5376529097557072,C:\Users\Farshelina\desktop\causal_results\causal_results\qwen25_lora_scan_v5_layers_0_6\head_scan_Qwen2___5-7B_Qwen2.5-7B-LoRA-doudizhu-v2.csv,1.390710671742757,0.2111581166585286,1.1795525550842283,C:\Users\Farshelina\desktop\causal_results\causal_results\qwen25_base_scan_v5_layers_0_6\head_scan_Qwen2___5-7B_base.csv,-0.6418996453285211,0-6
1,21,1-21,4.371394852797191,4.6655433177948,-0.2941484649976091,C:\Users\Farshelina\desktop\causal_results\causal_results\qwen25_lora_scan_v5_layers_0_6\head_scan_Qwen2___5-7B_Qwen2.5-7B-LoRA-doudizhu-v2.csv,1.390710671742757,1.035883108774821,0.354827562967936,C:\Users\Farshelina\desktop\causal_results\causal_results\qwen25_base_scan_v5_layers_0_6\head_scan_Qwen2___5-7B_base.csv,-0.6489760279655451,0-6
4,12,4-12,4.371394852797191,4.988629718621572,-0.6172348658243809,C:\Users\Farshelina\desktop\causal_results\causal_results\qwen25_lora_scan_v5_layers_0_6\head_scan_Qwen2___5-7B_Qwen2.5-7B-LoRA-doudizhu-v2.csv,1.390710671742757,1.3545526663462322,0.0361580053965249,C:\Users\Farshelina\desktop\causal_results\causal_results\qwen25_base_scan_v5_layers_0_6\head_scan_Qwen2___5-7B_base.csv,-0.6533928712209058,0-6
8,13,8-13,4.371394852797191,4.882595439751943,-0.511200586954752,C:\Users\Farshelina\desktop\causal_results\causal_results\qwen25_lora_scan_v5_layers_7_13\head_scan_Qwen2___5-7B_Qwen2.5-7B-LoRA-doudizhu-v2.csv,1.390710671742757,1.2448095480600994,0.1459011236826577,C:\Users\Farshelina\desktop\causal_results\causal_results\qwen25_base_scan_v5_layers_7_13\head_scan_Qwen2___5-7B_base.csv,-0.6571017106374097,7-13
13,23,13-23,4.371394852797191,5.053070763746898,-0.681675910949707,C:\Users\Farshelina\desktop\causal_results\causal_results\qwen25_lora_scan_v5_layers_7_13\head_scan_Qwen2___5-7B_Qwen2.5-7B-LoRA-doudizhu-v2.csv,1.390710671742757,1.4135048389434814,-0.0227941672007243,C:\Users\Farshelina\desktop\causal_results\causal_results\qwen25_base_scan_v5_layers_7_13\head_scan_Qwen2___5-7B_base.csv,-0.6588817437489828,7-13
10,16,10-16,4.371394852797191,5.103789349397023,-0.7323944965998326,C:\Users\Farshelina\desktop\causal_results\causal_results\qwen25_lora_scan_v5_layers_7_13\head_scan_Qwen2___5-7B_Qwen2.5-7B-LoRA-doudizhu-v2.csv,1.390710671742757,1.4624982674916585,-0.0717875957489013,C:\Users\Farshelina\desktop\causal_results\causal_results\qwen25_base_scan_v5_layers_7_13\head_scan_Qwen2___5-7B_base.csv,-0.6606069008509313,7-13
19,26,19-26,4.371394852797191,4.851378341515859,-0.479983488718668,C:\Users\Farshelina\desktop\causal_results\causal_results\qwen25_lora_scan_v5_layers_14_20\head_scan_Qwen2___5-7B_Qwen2.5-7B-LoRA-doudizhu-v2.csv,1.390710671742757,1.2064724763234456,0.1842381954193115,C:\Users\Farshelina\desktop\causal_results\causal_results\qwen25_base_scan_v5_layers_14_20\head_scan_Qwen2___5-7B_base.csv,-0.6642216841379796,14-20
8,16,8-16,4.371394852797191,5.081565568844478,-0.710170716047287,C:\Users\Farshelina\desktop\causal_results\causal_results\qwen25_lora_scan_v5_layers_7_13\head_scan_Qwen2___5-7B_Qwen2.5-7B-LoRA-doudizhu-v2.csv,1.390710671742757,1.4229992230733235,-0.0322885513305664,C:\Users\Farshelina\desktop\causal_results\causal_results\qwen25_base_scan_v5_layers_7_13\head_scan_Qwen2___5-7B_base.csv,-0.6778821647167206,7-13
15,26,15-26,4.371394852797191,4.990277995665868,-0.6188831428686772,C:\Users\Farshelina\desktop\causal_results\causal_results\qwen25_lora_scan_v5_layers_14_20\head_scan_Qwen2___5-7B_Qwen2.5-7B-LoRA-doudizhu-v2.csv,1.390710671742757,1.3315423329671223,0.0591683387756347,C:\Users\Farshelina\desktop\causal_results\causal_results\qwen25_base_scan_v5_layers_14_20\head_scan_Qwen2___5-7B_base.csv,-0.6780514816443118,14-20
6,3,6-3,4.371394852797191,5.064897497495015,-0.6935026446978245,C:\Users\Farshelina\desktop\causal_results\causal_results\qwen25_lora_scan_v5_layers_0_6\head_scan_Qwen2___5-7B_Qwen2.5-7B-LoRA-doudizhu-v2.csv,1.390710671742757,1.4040248394012451,-0.013314167658488,C:\Users\Farshelina\desktop\causal_results\causal_results\qwen25_base_scan_v5_layers_0_6\head_scan_Qwen2___5-7B_base.csv,-0.6801884770393365,0-6
16,23,16-23,4.371394852797191,5.031977693239848,-0.6605828404426575,C:\Users\Farshelina\desktop\causal_results\causal_results\qwen25_lora_scan_v5_layers_14_20\head_scan_Qwen2___5-7B_Qwen2.5-7B-LoRA-doudizhu-v2.csv,1.390710671742757,1.3694454034169514,0.0212652683258056,C:\Users\Farshelina\desktop\causal_results\causal_results\qwen25_base_scan_v5_layers_14_20\head_scan_Qwen2___5-7B_base.csv,-0.681848108768463,14-20
15,16,15-16,4.371394852797191,5.106771846612294,-0.7353769938151036,C:\Users\Farshelina\desktop\causal_results\causal_results\qwen25_lora_scan_v5_layers_14_20\head_scan_Qwen2___5-7B_Qwen2.5-7B-LoRA-doudizhu-v2.csv,1.390710671742757,1.4006441434224446,-0.0099334716796875,C:\Users\Farshelina\desktop\causal_results\causal_results\qwen25_base_scan_v5_layers_14_20\head_scan_Qwen2___5-7B_base.csv,-0.7254435221354161,14-20
17,2,17-2,4.371394852797191,4.995473146438599,-0.624078293641408,C:\Users\Farshelina\desktop\causal_results\causal_results\qwen25_lora_scan_v5_layers_14_20\head_scan_Qwen2___5-7B_Qwen2.5-7B-LoRA-doudizhu-v2.csv,1.390710671742757,1.2857656478881836,0.1049450238545735,C:\Users\Farshelina\desktop\causal_results\causal_results\qwen25_base_scan_v5_layers_14_20\head_scan_Qwen2___5-7B_base.csv,-0.7290233174959815,14-20
0,21,0-21,4.371394852797191,5.078541785478592,-0.7071469326814013,C:\Users\Farshelina\desktop\causal_results\causal_results\qwen25_lora_scan_v5_layers_0_6\head_scan_Qwen2___5-7B_Qwen2.5-7B-LoRA-doudizhu-v2.csv,1.390710671742757,1.3656949202219646,0.0250157515207924,C:\Users\Farshelina\desktop\causal_results\causal_results\qwen25_base_scan_v5_layers_0_6\head_scan_Qwen2___5-7B_base.csv,-0.7321626842021937,0-6
9,27,9-27,4.371394852797191,5.0631376802921295,-0.6917428274949389,C:\Users\Farshelina\desktop\causal_results\causal_results\qwen25_lora_scan_v5_layers_7_13\head_scan_Qwen2___5-7B_Qwen2.5-7B-LoRA-doudizhu-v2.csv,1.390710671742757,1.3379799524943037,0.0527307192484536,C:\Users\Farshelina\desktop\causal_results\causal_results\qwen25_base_scan_v5_layers_7_13\head_scan_Qwen2___5-7B_base.csv,-0.7444735467433925,7-13
16,1,16-1,4.371394852797191,4.7938195665677386,-0.4224247137705479,C:\Users\Farshelina\desktop\causal_results\causal_results\qwen25_lora_scan_v5_layers_14_20\head_scan_Qwen2___5-7B_Qwen2.5-7B-LoRA-doudizhu-v2.csv,1.390710671742757,1.0537279446919758,0.3369827270507812,C:\Users\Farshelina\desktop\causal_results\causal_results\qwen25_base_scan_v5_layers_14_20\head_scan_Qwen2___5-7B_base.csv,-0.7594074408213292,14-20
19,19,19-19,4.371394852797191,5.040329118569692,-0.668934265772501,C:\Users\Farshelina\desktop\causal_results\causal_results\qwen25_lora_scan_v5_layers_14_20\head_scan_Qwen2___5-7B_Qwen2.5-7B-LoRA-doudizhu-v2.csv,1.390710671742757,1.3001404603322346,0.0905702114105224,C:\Users\Farshelina\desktop\causal_results\causal_results\qwen25_base_scan_v5_layers_14_20\head_scan_Qwen2___5-7B_base.csv,-0.7595044771830235,14-20
10,13,10-13,4.371394852797191,4.993691504001617,-0.6222966512044268,C:\Users\Farshelina\desktop\causal_results\causal_results\qwen25_lora_scan_v5_layers_7_13\head_scan_Qwen2___5-7B_Qwen2.5-7B-LoRA-doudizhu-v2.csv,1.390710671742757,1.241146485010783,0.1495641867319741,C:\Users\Farshelina\desktop\causal_results\causal_results\qwen25_base_scan_v5_layers_7_13\head_scan_Qwen2___5-7B_base.csv,-0.7718608379364009,7-13
16,21,16-21,4.371394852797191,5.079444095492363,-0.7080492426951723,C:\Users\Farshelina\desktop\causal_results\causal_results\qwen25_lora_scan_v5_layers_14_20\head_scan_Qwen2___5-7B_Qwen2.5-7B-LoRA-doudizhu-v2.csv,1.390710671742757,1.312376817067464,0.0783338546752929,C:\Users\Farshelina\desktop\causal_results\causal_results\qwen25_base_scan_v5_layers_14_20\head_scan_Qwen2___5-7B_base.csv,-0.7863830973704652,14-20
4,1,4-1,4.371394852797191,4.975300073623657,-0.6039052208264666,C:\Users\Farshelina\desktop\causal_results\causal_results\qwen25_lora_scan_v5_layers_0_6\head_scan_Qwen2___5-7B_Qwen2.5-7B-LoRA-doudizhu-v2.csv,1.390710671742757,1.207213242848714,0.1834974288940429,C:\Users\Farshelina\desktop\causal_results\causal_results\qwen25_base_scan_v5_layers_0_6\head_scan_Qwen2___5-7B_base.csv,-0.7874026497205096,0-6
20,5,20-5,4.371394852797191,5.244279563426971,-0.8728847106297808,C:\Users\Farshelina\desktop\causal_results\causal_results\qwen25_lora_scan_v5_layers_14_20\head_scan_Qwen2___5-7B_Qwen2.5-7B-LoRA-doudizhu-v2.csv,1.390710671742757,1.4694668451944988,-0.0787561734517416,C:\Users\Farshelina\desktop\causal_results\causal_results\qwen25_base_scan_v5_layers_14_20\head_scan_Qwen2___5-7B_base.csv,-0.7941285371780392,14-20
0,10,0-10,4.371394852797191,4.886346290508906,-0.5149514377117157,C:\Users\Farshelina\desktop\causal_results\causal_results\qwen25_lora_scan_v5_layers_0_6\head_scan_Qwen2___5-7B_Qwen2.5-7B-LoRA-doudizhu-v2.csv,1.390710671742757,1.110010067621867,0.2807006041208901,C:\Users\Farshelina\desktop\causal_results\causal_results\qwen25_base_scan_v5_layers_0_6\head_scan_Qwen2___5-7B_base.csv,-0.7956520418326058,0-6
1,9,1-9,4.371394852797191,4.431616206963857,-0.060221354166666,C:\Users\Farshelina\desktop\causal_results\causal_results\qwen25_lora_scan_v5_layers_0_6\head_scan_Qwen2___5-7B_Qwen2.5-7B-LoRA-doudizhu-v2.csv,1.390710671742757,0.6531511147816976,0.7375595569610595,C:\Users\Farshelina\desktop\causal_results\causal_results\qwen25_base_scan_v5_layers_0_6\head_scan_Qwen2___5-7B_base.csv,-0.7977809111277254,0-6
18,9,18-9,4.371394852797191,4.860084553559621,-0.4886897007624302,C:\Users\Farshelina\desktop\causal_results\causal_results\qwen25_lora_scan_v5_layers_14_20\head_scan_Qwen2___5-7B_Qwen2.5-7B-LoRA-doudizhu-v2.csv,1.390710671742757,1.0494435628255208,0.3412671089172363,C:\Users\Farshelina\desktop\causal_results\causal_results\qwen25_base_scan_v5_layers_14_20\head_scan_Qwen2___5-7B_base.csv,-0.8299568096796665,14-20
9,12,9-12,4.371394852797191,5.1081221997737885,-0.7367273469765978,C:\Users\Farshelina\desktop\causal_results\causal_results\qwen25_lora_scan_v5_layers_7_13\head_scan_Qwen2___5-7B_Qwen2.5-7B-LoRA-doudizhu-v2.csv,1.390710671742757,1.2832837104797363,0.1074269612630207,C:\Users\Farshelina\desktop\causal_results\causal_results\qwen25_base_scan_v5_layers_7_13\head_scan_Qwen2___5-7B_base.csv,-0.8441543082396186,7-13
16,8,16-8,4.371394852797191,5.319732715686162,-0.9483378628889714,C:\Users\Farshelina\desktop\causal_results\causal_results\qwen25_lora_scan_v5_layers_14_20\head_scan_Qwen2___5-7B_Qwen2.5-7B-LoRA-doudizhu-v2.csv,1.390710671742757,1.4938712120056152,-0.1031605402628581,C:\Users\Farshelina\desktop\causal_results\causal_results\qwen25_base_scan_v5_layers_14_20\head_scan_Qwen2___5-7B_base.csv,-0.8451773226261132,14-20
10,6,10-6,4.371394852797191,5.320565203825633,-0.9491703510284424,C:\Users\Farshelina\desktop\causal_results\causal_results\qwen25_lora_scan_v5_layers_7_13\head_scan_Qwen2___5-7B_Qwen2.5-7B-LoRA-doudizhu-v2.csv,1.390710671742757,1.490045388539632,-0.099334716796875,C:\Users\Farshelina\desktop\causal_results\causal_results\qwen25_base_scan_v5_layers_7_13\head_scan_Qwen2___5-7B_base.csv,-0.8498356342315674,7-13
0,4,0-4,4.371394852797191,4.709473411242168,-0.3380785584449768,C:\Users\Farshelina\desktop\causal_results\causal_results\qwen25_lora_scan_v5_layers_0_6\head_scan_Qwen2___5-7B_Qwen2.5-7B-LoRA-doudizhu-v2.csv,1.390710671742757,0.845026969909668,0.5456837018330891,C:\Users\Farshelina\desktop\causal_results\causal_results\qwen25_base_scan_v5_layers_0_6\head_scan_Qwen2___5-7B_base.csv,-0.8837622602780659,0-6
20,27,20-27,4.371394852797191,5.233659585316976,-0.862264732519785,C:\Users\Farshelina\desktop\causal_results\causal_results\qwen25_lora_scan_v5_layers_14_20\head_scan_Qwen2___5-7B_Qwen2.5-7B-LoRA-doudizhu-v2.csv,1.390710671742757,1.3406788508097331,0.0500318209330239,C:\Users\Farshelina\desktop\causal_results\causal_results\qwen25_base_scan_v5_layers_14_20\head_scan_Qwen2___5-7B_base.csv,-0.9122965534528088,14-20
17,14,17-14,4.371394852797191,5.424545556306839,-1.0531507035096483,C:\Users\Farshelina\desktop\causal_results\causal_results\qwen25_lora_scan_v5_layers_14_20\head_scan_Qwen2___5-7B_Qwen2.5-7B-LoRA-doudizhu-v2.csv,1.390710671742757,1.5295621554056804,-0.1388514836629233,C:\Users\Farshelina\desktop\causal_results\causal_results\qwen25_base_scan_v5_layers_14_20\head_scan_Qwen2___5-7B_base.csv,-0.914299219846725,14-20
18,24,18-24,4.371394852797191,5.3882566293080645,-1.0168617765108738,C:\Users\Farshelina\desktop\causal_results\causal_results\qwen25_lora_scan_v5_layers_14_20\head_scan_Qwen2___5-7B_Qwen2.5-7B-LoRA-doudizhu-v2.csv,1.390710671742757,1.4571972688039143,-0.0664865970611572,C:\Users\Farshelina\desktop\causal_results\causal_results\qwen25_base_scan_v5_layers_14_20\head_scan_Qwen2___5-7B_base.csv,-0.9503751794497166,14-20
10,26,10-26,4.371394852797191,5.021492640177409,-0.6500977873802185,C:\Users\Farshelina\desktop\causal_results\causal_results\qwen25_lora_scan_v5_layers_7_13\head_scan_Qwen2___5-7B_Qwen2.5-7B-LoRA-doudizhu-v2.csv,1.390710671742757,1.038330872853597,0.3523797988891601,C:\Users\Farshelina\desktop\causal_results\causal_results\qwen25_base_scan_v5_layers_7_13\head_scan_Qwen2___5-7B_base.csv,-1.0024775862693789,7-13
7,18,7-18,4.371394852797191,5.365773260593414,-0.9943784077962236,C:\Users\Farshelina\desktop\causal_results\causal_results\qwen25_lora_scan_v5_layers_7_13\head_scan_Qwen2___5-7B_Qwen2.5-7B-LoRA-doudizhu-v2.csv,1.390710671742757,1.3486398855845134,0.0420707861582436,C:\Users\Farshelina\desktop\causal_results\causal_results\qwen25_base_scan_v5_layers_7_13\head_scan_Qwen2___5-7B_base.csv,-1.036449193954467,7-13
19,23,19-23,4.371394852797191,5.220786372820537,-0.849391520023346,C:\Users\Farshelina\desktop\causal_results\causal_results\qwen25_lora_scan_v5_layers_14_20\head_scan_Qwen2___5-7B_Qwen2.5-7B-LoRA-doudizhu-v2.csv,1.390710671742757,1.2020595868428547,0.1886510848999023,C:\Users\Farshelina\desktop\causal_results\causal_results\qwen25_base_scan_v5_layers_14_20\head_scan_Qwen2___5-7B_base.csv,-1.0380426049232483,14-20
11,16,11-16,4.371394852797191,5.192148049672444,-0.8207531968752537,C:\Users\Farshelina\desktop\causal_results\causal_results\qwen25_lora_scan_v5_layers_7_13\head_scan_Qwen2___5-7B_Qwen2.5-7B-LoRA-doudizhu-v2.csv,1.390710671742757,1.1374037265777588,0.2533069451649983,C:\Users\Farshelina\desktop\causal_results\causal_results\qwen25_base_scan_v5_layers_7_13\head_scan_Qwen2___5-7B_base.csv,-1.074060142040252,7-13
8,2,8-2,4.371394852797191,5.206213474273682,-0.834818621476491,C:\Users\Farshelina\desktop\causal_results\causal_results\qwen25_lora_scan_v5_layers_7_13\head_scan_Qwen2___5-7B_Qwen2.5-7B-LoRA-doudizhu-v2.csv,1.390710671742757,1.1408512592315674,0.2498594125111897,C:\Users\Farshelina\desktop\causal_results\causal_results\qwen25_base_scan_v5_layers_7_13\head_scan_Qwen2___5-7B_base.csv,-1.0846780339876807,7-13
12,10,12-10,4.371394852797191,5.391671260197957,-1.0202764074007664,C:\Users\Farshelina\desktop\causal_results\causal_results\qwen25_lora_scan_v5_layers_7_13\head_scan_Qwen2___5-7B_Qwen2.5-7B-LoRA-doudizhu-v2.csv,1.390710671742757,1.2844239075978596,0.1062867641448974,C:\Users\Farshelina\desktop\causal_results\causal_results\qwen25_base_scan_v5_layers_7_13\head_scan_Qwen2___5-7B_base.csv,-1.126563171545664,7-13
15,4,15-4,4.371394852797191,5.34311455488205,-0.9717197020848588,C:\Users\Farshelina\desktop\causal_results\causal_results\qwen25_lora_scan_v5_layers_14_20\head_scan_Qwen2___5-7B_Qwen2.5-7B-LoRA-doudizhu-v2.csv,1.390710671742757,1.2279730637868245,0.1627376079559326,C:\Users\Farshelina\desktop\causal_results\causal_results\qwen25_base_scan_v5_layers_14_20\head_scan_Qwen2___5-7B_base.csv,-1.134457310040791,14-20
7,12,7-12,4.371394852797191,5.466754426558812,-1.0953595737616215,C:\Users\Farshelina\desktop\causal_results\causal_results\qwen25_lora_scan_v5_layers_7_13\head_scan_Qwen2___5-7B_Qwen2.5-7B-LoRA-doudizhu-v2.csv,1.390710671742757,1.3060593605041504,0.0846513112386067,C:\Users\Farshelina\desktop\causal_results\causal_results\qwen25_base_scan_v5_layers_7_13\head_scan_Qwen2___5-7B_base.csv,-1.1800108850002282,7-13
7,26,7-26,4.371394852797191,5.627093036969503,-1.2556981841723118,C:\Users\Farshelina\desktop\causal_results\causal_results\qwen25_lora_scan_v5_layers_7_13\head_scan_Qwen2___5-7B_Qwen2.5-7B-LoRA-doudizhu-v2.csv,1.390710671742757,1.4593031406402588,-0.0685924688975017,C:\Users\Farshelina\desktop\causal_results\causal_results\qwen25_base_scan_v5_layers_7_13\head_scan_Qwen2___5-7B_base.csv,-1.18710571527481,7-13
10,24,10-24,4.371394852797191,5.553140054146449,-1.1817452013492584,C:\Users\Farshelina\desktop\causal_results\causal_results\qwen25_lora_scan_v5_layers_7_13\head_scan_Qwen2___5-7B_Qwen2.5-7B-LoRA-doudizhu-v2.csv,1.390710671742757,1.37874436378479,0.011966307957967,C:\Users\Farshelina\desktop\causal_results\causal_results\qwen25_base_scan_v5_layers_7_13\head_scan_Qwen2___5-7B_base.csv,-1.1937115093072257,7-13
12,0,12-0,4.371394852797191,5.744613885879517,-1.373219033082326,C:\Users\Farshelina\desktop\causal_results\causal_results\qwen25_lora_scan_v5_layers_7_13\head_scan_Qwen2___5-7B_Qwen2.5-7B-LoRA-doudizhu-v2.csv,1.390710671742757,1.5384108225504558,-0.1477001508076987,C:\Users\Farshelina\desktop\causal_results\causal_results\qwen25_base_scan_v5_layers_7_13\head_scan_Qwen2___5-7B_base.csv,-1.2255188822746272,7-13
4,0,4-0,4.371394852797191,5.426934560139974,-1.055539707342783,C:\Users\Farshelina\desktop\causal_results\causal_results\qwen25_lora_scan_v5_layers_0_6\head_scan_Qwen2___5-7B_Qwen2.5-7B-LoRA-doudizhu-v2.csv,1.390710671742757,1.1788829962412517,0.2118276755015053,C:\Users\Farshelina\desktop\causal_results\causal_results\qwen25_base_scan_v5_layers_0_6\head_scan_Qwen2___5-7B_base.csv,-1.2673673828442884,0-6
5,13,5-13,4.371394852797191,5.713842491308848,-1.3424476385116575,C:\Users\Farshelina\desktop\causal_results\causal_results\qwen25_lora_scan_v5_layers_0_6\head_scan_Qwen2___5-7B_Qwen2.5-7B-LoRA-doudizhu-v2.csv,1.390710671742757,1.4605967203776042,-0.0698860486348471,C:\Users\Farshelina\desktop\causal_results\causal_results\qwen25_base_scan_v5_layers_0_6\head_scan_Qwen2___5-7B_base.csv,-1.2725615898768103,0-6
0,6,0-6,4.371394852797191,4.977879703044891,-0.6064848502477007,C:\Users\Farshelina\desktop\causal_results\causal_results\qwen25_lora_scan_v5_layers_0_6\head_scan_Qwen2___5-7B_Qwen2.5-7B-LoRA-doudizhu-v2.csv,1.390710671742757,0.6974852879842123,0.6932253837585448,C:\Users\Farshelina\desktop\causal_results\causal_results\qwen25_base_scan_v5_layers_0_6\head_scan_Qwen2___5-7B_base.csv,-1.2997102340062456,0-6
16,19,16-19,4.371394852797191,5.706161876519521,-1.33476702372233,C:\Users\Farshelina\desktop\causal_results\causal_results\qwen25_lora_scan_v5_layers_14_20\head_scan_Qwen2___5-7B_Qwen2.5-7B-LoRA-doudizhu-v2.csv,1.390710671742757,1.3643479347229004,0.0263627370198566,C:\Users\Farshelina\desktop\causal_results\causal_results\qwen25_base_scan_v5_layers_14_20\head_scan_Qwen2___5-7B_base.csv,-1.3611297607421866,14-20
15,24,15-24,4.371394852797191,5.979291260242462,-1.6078964074452715,C:\Users\Farshelina\desktop\causal_results\causal_results\qwen25_lora_scan_v5_layers_14_20\head_scan_Qwen2___5-7B_Qwen2.5-7B-LoRA-doudizhu-v2.csv,1.390710671742757,1.5516528288523357,-0.1609421571095786,C:\Users\Farshelina\desktop\causal_results\causal_results\qwen25_base_scan_v5_layers_14_20\head_scan_Qwen2___5-7B_base.csv,-1.446954250335693,14-20
9,16,9-16,4.371394852797191,5.846801360448201,-1.4754065076510106,C:\Users\Farshelina\desktop\causal_results\causal_results\qwen25_lora_scan_v5_layers_7_13\head_scan_Qwen2___5-7B_Qwen2.5-7B-LoRA-doudizhu-v2.csv,1.390710671742757,1.186567783355713,0.2041428883870442,C:\Users\Farshelina\desktop\causal_results\causal_results\qwen25_base_scan_v5_layers_7_13\head_scan_Qwen2___5-7B_base.csv,-1.6795493960380548,7-13
0,25,0-25,4.371394852797191,5.634742259979248,-1.2633474071820574,C:\Users\Farshelina\desktop\causal_results\causal_results\qwen25_lora_scan_v5_layers_0_6\head_scan_Qwen2___5-7B_Qwen2.5-7B-LoRA-doudizhu-v2.csv,1.390710671742757,0.8317453861236572,0.5589652856190999,C:\Users\Farshelina\desktop\causal_results\causal_results\qwen25_base_scan_v5_layers_0_6\head_scan_Qwen2___5-7B_base.csv,-1.8223126928011573,0-6
14,25,14-25,4.371394852797191,6.500898281733195,-2.1295034289360046,C:\Users\Farshelina\desktop\causal_results\causal_results\qwen25_lora_scan_v5_layers_14_20\head_scan_Qwen2___5-7B_Qwen2.5-7B-LoRA-doudizhu-v2.csv,1.390710671742757,1.2601104577382405,0.1306002140045166,C:\Users\Farshelina\desktop\causal_results\causal_results\qwen25_base_scan_v5_layers_14_20\head_scan_Qwen2___5-7B_base.csv,-2.260103642940521,14-20
