run,model,version,step,epoch,loss,learning_rate,source
Qwen2.5-7B · LoRA-v1,Qwen2.5-7B,LoRA-v1,10,0.0014311270125223613,2.3138,4.291845493562232e-07,final trainer_log.jsonl
Qwen2.5-7B · LoRA-v1,Qwen2.5-7B,LoRA-v1,20,0.0028622540250447226,2.3859,9.060562708631379e-07,final trainer_log.jsonl
Qwen2.5-7B · LoRA-v1,Qwen2.5-7B,LoRA-v1,30,0.004293381037567084,2.4002,1.3829279923700524e-06,final trainer_log.jsonl
Qwen2.5-7B · LoRA-v1,Qwen2.5-7B,LoRA-v1,40,0.005724508050089445,2.3317,1.8597997138769672e-06,final trainer_log.jsonl
Qwen2.5-7B · LoRA-v1,Qwen2.5-7B,LoRA-v1,50,0.007155635062611807,2.1828,2.3366714353838815e-06,final trainer_log.jsonl
Qwen2.5-7B · LoRA-v1,Qwen2.5-7B,LoRA-v1,60,0.008586762075134168,2.2712,2.8135431568907967e-06,final trainer_log.jsonl
Qwen2.5-7B · LoRA-v1,Qwen2.5-7B,LoRA-v1,70,0.01001788908765653,2.3447,3.2904148783977115e-06,final trainer_log.jsonl
Qwen2.5-7B · LoRA-v1,Qwen2.5-7B,LoRA-v1,80,0.01144901610017889,2.326,3.767286599904626e-06,final trainer_log.jsonl
Qwen2.5-7B · LoRA-v1,Qwen2.5-7B,LoRA-v1,90,0.012880143112701253,2.2362,4.244158321411541e-06,final trainer_log.jsonl
Qwen2.5-7B · LoRA-v1,Qwen2.5-7B,LoRA-v1,100,0.014311270125223614,2.2968,4.721030042918455e-06,final trainer_log.jsonl
Qwen2.5-7B · LoRA-v1,Qwen2.5-7B,LoRA-v1,110,0.015742397137745976,2.1593,5.19790176442537e-06,final trainer_log.jsonl
Qwen2.5-7B · LoRA-v1,Qwen2.5-7B,LoRA-v1,120,0.017173524150268335,2.1823,5.674773485932285e-06,final trainer_log.jsonl
Qwen2.5-7B · LoRA-v1,Qwen2.5-7B,LoRA-v1,130,0.018604651162790697,2.4163,6.151645207439199e-06,final trainer_log.jsonl
Qwen2.5-7B · LoRA-v1,Qwen2.5-7B,LoRA-v1,140,0.02003577817531306,2.102,6.628516928946114e-06,final trainer_log.jsonl
Qwen2.5-7B · LoRA-v1,Qwen2.5-7B,LoRA-v1,150,0.02146690518783542,2.3511,7.105388650453028e-06,final trainer_log.jsonl
Qwen2.5-7B · LoRA-v1,Qwen2.5-7B,LoRA-v1,160,0.02289803220035778,2.1902,7.582260371959943e-06,final trainer_log.jsonl
Qwen2.5-7B · LoRA-v1,Qwen2.5-7B,LoRA-v1,170,0.024329159212880144,1.9894,8.059132093466858e-06,final trainer_log.jsonl
Qwen2.5-7B · LoRA-v1,Qwen2.5-7B,LoRA-v1,180,0.025760286225402506,2.0283,8.536003814973773e-06,final trainer_log.jsonl
Qwen2.5-7B · LoRA-v1,Qwen2.5-7B,LoRA-v1,190,0.027191413237924865,2.1678,9.012875536480687e-06,final trainer_log.jsonl
Qwen2.5-7B · LoRA-v1,Qwen2.5-7B,LoRA-v1,200,0.028622540250447227,2.012,9.489747257987603e-06,final trainer_log.jsonl
Qwen2.5-7B · LoRA-v1,Qwen2.5-7B,LoRA-v1,210,0.03005366726296959,1.9832,9.966618979494516e-06,final trainer_log.jsonl
Qwen2.5-7B · LoRA-v1,Qwen2.5-7B,LoRA-v1,220,0.03148479427549195,2.0229,1.0443490701001432e-05,final trainer_log.jsonl
Qwen2.5-7B · LoRA-v1,Qwen2.5-7B,LoRA-v1,230,0.032915921288014315,2.0179,1.0920362422508346e-05,final trainer_log.jsonl
Qwen2.5-7B · LoRA-v1,Qwen2.5-7B,LoRA-v1,240,0.03434704830053667,2.1702,1.139723414401526e-05,final trainer_log.jsonl
Qwen2.5-7B · LoRA-v1,Qwen2.5-7B,LoRA-v1,250,0.03577817531305903,1.9982,1.1874105865522175e-05,final trainer_log.jsonl
Qwen2.5-7B · LoRA-v1,Qwen2.5-7B,LoRA-v1,260,0.037209302325581395,2.0711,1.235097758702909e-05,final trainer_log.jsonl
Qwen2.5-7B · LoRA-v1,Qwen2.5-7B,LoRA-v1,270,0.03864042933810376,2.0268,1.2827849308536005e-05,final trainer_log.jsonl
Qwen2.5-7B · LoRA-v1,Qwen2.5-7B,LoRA-v1,280,0.04007155635062612,2.016,1.330472103004292e-05,final trainer_log.jsonl
Qwen2.5-7B · LoRA-v1,Qwen2.5-7B,LoRA-v1,290,0.04150268336314848,2.0604,1.3781592751549835e-05,final trainer_log.jsonl
Qwen2.5-7B · LoRA-v1,Qwen2.5-7B,LoRA-v1,300,0.04293381037567084,2.0566,1.4258464473056748e-05,final trainer_log.jsonl
Qwen2.5-7B · LoRA-v1,Qwen2.5-7B,LoRA-v1,310,0.0443649373881932,2.1403,1.4735336194563662e-05,final trainer_log.jsonl
Qwen2.5-7B · LoRA-v1,Qwen2.5-7B,LoRA-v1,320,0.04579606440071556,2.0395,1.5212207916070578e-05,final trainer_log.jsonl
Qwen2.5-7B · LoRA-v1,Qwen2.5-7B,LoRA-v1,330,0.047227191413237925,1.9342,1.5689079637577493e-05,final trainer_log.jsonl
Qwen2.5-7B · LoRA-v1,Qwen2.5-7B,LoRA-v1,340,0.04865831842576029,2.0527,1.616595135908441e-05,final trainer_log.jsonl
Qwen2.5-7B · LoRA-v1,Qwen2.5-7B,LoRA-v1,350,0.05008944543828265,2.0643,1.664282308059132e-05,final trainer_log.jsonl
Qwen2.5-7B · LoRA-v1,Qwen2.5-7B,LoRA-v1,360,0.05152057245080501,1.9933,1.7119694802098234e-05,final trainer_log.jsonl
Qwen2.5-7B · LoRA-v1,Qwen2.5-7B,LoRA-v1,370,0.05295169946332737,1.9078,1.759656652360515e-05,final trainer_log.jsonl
Qwen2.5-7B · LoRA-v1,Qwen2.5-7B,LoRA-v1,380,0.05438282647584973,1.9502,1.8073438245112066e-05,final trainer_log.jsonl
Qwen2.5-7B · LoRA-v1,Qwen2.5-7B,LoRA-v1,390,0.05581395348837209,1.9129,1.8550309966618982e-05,final trainer_log.jsonl
Qwen2.5-7B · LoRA-v1,Qwen2.5-7B,LoRA-v1,400,0.057245080500894455,2.0945,1.9027181688125895e-05,final trainer_log.jsonl
Qwen2.5-7B · LoRA-v1,Qwen2.5-7B,LoRA-v1,410,0.05867620751341682,1.8432,1.950405340963281e-05,final trainer_log.jsonl
Qwen2.5-7B · LoRA-v1,Qwen2.5-7B,LoRA-v1,420,0.06010733452593918,1.8557,1.9980925131139723e-05,final trainer_log.jsonl
Qwen2.5-7B · LoRA-v1,Qwen2.5-7B,LoRA-v1,430,0.06153846153846154,1.792,2.045779685264664e-05,final trainer_log.jsonl
Qwen2.5-7B · LoRA-v1,Qwen2.5-7B,LoRA-v1,440,0.0629695885509839,2.0263,2.0934668574153555e-05,final trainer_log.jsonl
Qwen2.5-7B · LoRA-v1,Qwen2.5-7B,LoRA-v1,450,0.06440071556350627,1.8649,2.1411540295660468e-05,final trainer_log.jsonl
Qwen2.5-7B · LoRA-v1,Qwen2.5-7B,LoRA-v1,460,0.06583184257602863,2.1248,2.1888412017167384e-05,final trainer_log.jsonl
Qwen2.5-7B · LoRA-v1,Qwen2.5-7B,LoRA-v1,470,0.06726296958855098,1.9591,2.2365283738674297e-05,final trainer_log.jsonl
Qwen2.5-7B · LoRA-v1,Qwen2.5-7B,LoRA-v1,480,0.06869409660107334,1.9475,2.284215546018121e-05,final trainer_log.jsonl
Qwen2.5-7B · LoRA-v1,Qwen2.5-7B,LoRA-v1,490,0.0701252236135957,1.782,2.331902718168813e-05,final trainer_log.jsonl
Qwen2.5-7B · LoRA-v1,Qwen2.5-7B,LoRA-v1,500,0.07155635062611806,1.8059,2.379589890319504e-05,final trainer_log.jsonl
Qwen2.5-7B · LoRA-v1,Qwen2.5-7B,LoRA-v1,510,0.07298747763864043,1.8178,2.4272770624701957e-05,final trainer_log.jsonl
Qwen2.5-7B · LoRA-v1,Qwen2.5-7B,LoRA-v1,520,0.07441860465116279,1.8113,2.474964234620887e-05,final trainer_log.jsonl
Qwen2.5-7B · LoRA-v1,Qwen2.5-7B,LoRA-v1,530,0.07584973166368515,1.8595,2.5226514067715783e-05,final trainer_log.jsonl
Qwen2.5-7B · LoRA-v1,Qwen2.5-7B,LoRA-v1,540,0.07728085867620751,1.9277,2.57033857892227e-05,final trainer_log.jsonl
Qwen2.5-7B · LoRA-v1,Qwen2.5-7B,LoRA-v1,550,0.07871198568872988,1.7339,2.6180257510729618e-05,final trainer_log.jsonl
Qwen2.5-7B · LoRA-v1,Qwen2.5-7B,LoRA-v1,560,0.08014311270125224,1.7967,2.6657129232236527e-05,final trainer_log.jsonl
Qwen2.5-7B · LoRA-v1,Qwen2.5-7B,LoRA-v1,570,0.0815742397137746,1.8702,2.7134000953743443e-05,final trainer_log.jsonl
Qwen2.5-7B · LoRA-v1,Qwen2.5-7B,LoRA-v1,580,0.08300536672629696,2.0265,2.761087267525036e-05,final trainer_log.jsonl
Qwen2.5-7B · LoRA-v1,Qwen2.5-7B,LoRA-v1,590,0.08443649373881933,1.8196,2.8087744396757276e-05,final trainer_log.jsonl
Qwen2.5-7B · LoRA-v1,Qwen2.5-7B,LoRA-v1,600,0.08586762075134168,1.7533,2.8564616118264188e-05,final trainer_log.jsonl
Qwen2.5-7B · LoRA-v1,Qwen2.5-7B,LoRA-v1,610,0.08729874776386404,1.9868,2.9041487839771104e-05,final trainer_log.jsonl
Qwen2.5-7B · LoRA-v1,Qwen2.5-7B,LoRA-v1,620,0.0887298747763864,1.7632,2.951835956127802e-05,final trainer_log.jsonl
Qwen2.5-7B · LoRA-v1,Qwen2.5-7B,LoRA-v1,630,0.09016100178890876,1.9454,2.999523128278493e-05,final trainer_log.jsonl
Qwen2.5-7B · LoRA-v1,Qwen2.5-7B,LoRA-v1,640,0.09159212880143112,1.8219,3.0472103004291846e-05,final trainer_log.jsonl
Qwen2.5-7B · LoRA-v1,Qwen2.5-7B,LoRA-v1,650,0.09302325581395349,1.827,3.094897472579876e-05,final trainer_log.jsonl
Qwen2.5-7B · LoRA-v1,Qwen2.5-7B,LoRA-v1,660,0.09445438282647585,1.8396,3.142584644730567e-05,final trainer_log.jsonl
Qwen2.5-7B · LoRA-v1,Qwen2.5-7B,LoRA-v1,670,0.09588550983899821,1.8369,3.190271816881259e-05,final trainer_log.jsonl
Qwen2.5-7B · LoRA-v1,Qwen2.5-7B,LoRA-v1,680,0.09731663685152057,1.9246,3.23795898903195e-05,final trainer_log.jsonl
Qwen2.5-7B · LoRA-v1,Qwen2.5-7B,LoRA-v1,690,0.09874776386404294,1.7977,3.2856461611826426e-05,final trainer_log.jsonl
Qwen2.5-7B · LoRA-v1,Qwen2.5-7B,LoRA-v1,700,0.1001788908765653,1.7523,3.3333333333333335e-05,final trainer_log.jsonl
Qwen2.5-7B · LoRA-v1,Qwen2.5-7B,LoRA-v1,710,0.10161001788908766,1.897,3.381020505484025e-05,final trainer_log.jsonl
Qwen2.5-7B · LoRA-v1,Qwen2.5-7B,LoRA-v1,720,0.10304114490161002,1.9737,3.428707677634717e-05,final trainer_log.jsonl
Qwen2.5-7B · LoRA-v1,Qwen2.5-7B,LoRA-v1,730,0.10447227191413237,1.8574,3.4763948497854076e-05,final trainer_log.jsonl
Qwen2.5-7B · LoRA-v1,Qwen2.5-7B,LoRA-v1,740,0.10590339892665473,1.9059,3.524082021936099e-05,final trainer_log.jsonl
Qwen2.5-7B · LoRA-v1,Qwen2.5-7B,LoRA-v1,750,0.1073345259391771,1.9422,3.571769194086791e-05,final trainer_log.jsonl
Qwen2.5-7B · LoRA-v1,Qwen2.5-7B,LoRA-v1,760,0.10876565295169946,1.9043,3.6194563662374824e-05,final trainer_log.jsonl
Qwen2.5-7B · LoRA-v1,Qwen2.5-7B,LoRA-v1,770,0.11019677996422182,1.8565,3.6671435383881734e-05,final trainer_log.jsonl
Qwen2.5-7B · LoRA-v1,Qwen2.5-7B,LoRA-v1,780,0.11162790697674418,1.8728,3.714830710538865e-05,final trainer_log.jsonl
Qwen2.5-7B · LoRA-v1,Qwen2.5-7B,LoRA-v1,790,0.11305903398926655,1.9482,3.7625178826895566e-05,final trainer_log.jsonl
Qwen2.5-7B · LoRA-v1,Qwen2.5-7B,LoRA-v1,800,0.11449016100178891,1.8978,3.810205054840248e-05,final trainer_log.jsonl
Qwen2.5-7B · LoRA-v1,Qwen2.5-7B,LoRA-v1,810,0.11592128801431127,1.7829,3.85789222699094e-05,final trainer_log.jsonl
Qwen2.5-7B · LoRA-v1,Qwen2.5-7B,LoRA-v1,820,0.11735241502683363,1.6551,3.9055793991416314e-05,final trainer_log.jsonl
Qwen2.5-7B · LoRA-v1,Qwen2.5-7B,LoRA-v1,830,0.118783542039356,1.8147,3.953266571292323e-05,final trainer_log.jsonl
Qwen2.5-7B · LoRA-v1,Qwen2.5-7B,LoRA-v1,840,0.12021466905187836,1.8572,4.000953743443014e-05,final trainer_log.jsonl
Qwen2.5-7B · LoRA-v1,Qwen2.5-7B,LoRA-v1,850,0.12164579606440072,2.006,4.0486409155937055e-05,final trainer_log.jsonl
Qwen2.5-7B · LoRA-v1,Qwen2.5-7B,LoRA-v1,860,0.12307692307692308,1.8145,4.096328087744397e-05,final trainer_log.jsonl
Qwen2.5-7B · LoRA-v1,Qwen2.5-7B,LoRA-v1,870,0.12450805008944543,1.9008,4.144015259895088e-05,final trainer_log.jsonl
Qwen2.5-7B · LoRA-v1,Qwen2.5-7B,LoRA-v1,880,0.1259391771019678,1.8274,4.1917024320457796e-05,final trainer_log.jsonl
Qwen2.5-7B · LoRA-v1,Qwen2.5-7B,LoRA-v1,890,0.12737030411449016,1.8313,4.239389604196471e-05,final trainer_log.jsonl
Qwen2.5-7B · LoRA-v1,Qwen2.5-7B,LoRA-v1,900,0.12880143112701253,1.6514,4.287076776347163e-05,final trainer_log.jsonl
Qwen2.5-7B · LoRA-v1,Qwen2.5-7B,LoRA-v1,910,0.13023255813953488,1.878,4.3347639484978544e-05,final trainer_log.jsonl
Qwen2.5-7B · LoRA-v1,Qwen2.5-7B,LoRA-v1,920,0.13166368515205726,1.8671,4.382451120648546e-05,final trainer_log.jsonl
Qwen2.5-7B · LoRA-v1,Qwen2.5-7B,LoRA-v1,930,0.1330948121645796,1.749,4.4301382927992377e-05,final trainer_log.jsonl
Qwen2.5-7B · LoRA-v1,Qwen2.5-7B,LoRA-v1,940,0.13452593917710196,2.0379,4.4778254649499286e-05,final trainer_log.jsonl
Qwen2.5-7B · LoRA-v1,Qwen2.5-7B,LoRA-v1,950,0.13595706618962433,1.8922,4.52551263710062e-05,final trainer_log.jsonl
Qwen2.5-7B · LoRA-v1,Qwen2.5-7B,LoRA-v1,960,0.13738819320214668,2.0364,4.573199809251312e-05,final trainer_log.jsonl
Qwen2.5-7B · LoRA-v1,Qwen2.5-7B,LoRA-v1,970,0.13881932021466906,1.8311,4.620886981402003e-05,final trainer_log.jsonl
Qwen2.5-7B · LoRA-v1,Qwen2.5-7B,LoRA-v1,980,0.1402504472271914,1.9939,4.668574153552694e-05,final trainer_log.jsonl
Qwen2.5-7B · LoRA-v1,Qwen2.5-7B,LoRA-v1,990,0.14168157423971378,1.8928,4.716261325703386e-05,final trainer_log.jsonl
Qwen2.5-7B · LoRA-v1,Qwen2.5-7B,LoRA-v1,1000,0.14311270125223613,2.024,4.7639484978540775e-05,final trainer_log.jsonl
Qwen2.5-7B · LoRA-v1,Qwen2.5-7B,LoRA-v1,1010,0.1445438282647585,1.9765,4.811635670004769e-05,final trainer_log.jsonl
Qwen2.5-7B · LoRA-v1,Qwen2.5-7B,LoRA-v1,1020,0.14597495527728085,1.7995,4.859322842155461e-05,final trainer_log.jsonl
Qwen2.5-7B · LoRA-v1,Qwen2.5-7B,LoRA-v1,1030,0.14740608228980323,1.8081,4.907010014306152e-05,final trainer_log.jsonl
Qwen2.5-7B · LoRA-v1,Qwen2.5-7B,LoRA-v1,1040,0.14883720930232558,1.8826,4.954697186456843e-05,final trainer_log.jsonl
Qwen2.5-7B · LoRA-v1,Qwen2.5-7B,LoRA-v1,1050,0.15026833631484796,1.8481,5.002384358607535e-05,final trainer_log.jsonl
Qwen2.5-7B · LoRA-v1,Qwen2.5-7B,LoRA-v1,1060,0.1516994633273703,1.9125,5.050071530758226e-05,final trainer_log.jsonl
Qwen2.5-7B · LoRA-v1,Qwen2.5-7B,LoRA-v1,1070,0.15313059033989265,1.7193,5.097758702908918e-05,final trainer_log.jsonl
Qwen2.5-7B · LoRA-v1,Qwen2.5-7B,LoRA-v1,1080,0.15456171735241503,1.859,5.145445875059609e-05,final trainer_log.jsonl
Qwen2.5-7B · LoRA-v1,Qwen2.5-7B,LoRA-v1,1090,0.15599284436493738,1.9264,5.1931330472103e-05,final trainer_log.jsonl
Qwen2.5-7B · LoRA-v1,Qwen2.5-7B,LoRA-v1,1100,0.15742397137745975,1.7983,5.240820219360992e-05,final trainer_log.jsonl
Qwen2.5-7B · LoRA-v1,Qwen2.5-7B,LoRA-v1,1110,0.1588550983899821,1.8321,5.288507391511683e-05,final trainer_log.jsonl
Qwen2.5-7B · LoRA-v1,Qwen2.5-7B,LoRA-v1,1120,0.16028622540250448,1.9045,5.3361945636623754e-05,final trainer_log.jsonl
Qwen2.5-7B · LoRA-v1,Qwen2.5-7B,LoRA-v1,1130,0.16171735241502683,1.7619,5.383881735813066e-05,final trainer_log.jsonl
Qwen2.5-7B · LoRA-v1,Qwen2.5-7B,LoRA-v1,1140,0.1631484794275492,1.874,5.431568907963758e-05,final trainer_log.jsonl
Qwen2.5-7B · LoRA-v1,Qwen2.5-7B,LoRA-v1,1150,0.16457960644007155,1.9405,5.47925608011445e-05,final trainer_log.jsonl
Qwen2.5-7B · LoRA-v1,Qwen2.5-7B,LoRA-v1,1160,0.16601073345259393,1.848,5.526943252265141e-05,final trainer_log.jsonl
Qwen2.5-7B · LoRA-v1,Qwen2.5-7B,LoRA-v1,1170,0.16744186046511628,1.7187,5.574630424415832e-05,final trainer_log.jsonl
Qwen2.5-7B · LoRA-v1,Qwen2.5-7B,LoRA-v1,1180,0.16887298747763865,1.7992,5.622317596566524e-05,final trainer_log.jsonl
Qwen2.5-7B · LoRA-v1,Qwen2.5-7B,LoRA-v1,1190,0.170304114490161,1.8551,5.670004768717215e-05,final trainer_log.jsonl
Qwen2.5-7B · LoRA-v1,Qwen2.5-7B,LoRA-v1,1200,0.17173524150268335,1.6508,5.717691940867906e-05,final trainer_log.jsonl
Qwen2.5-7B · LoRA-v1,Qwen2.5-7B,LoRA-v1,1210,0.17316636851520573,1.626,5.7653791130185985e-05,final trainer_log.jsonl
Qwen2.5-7B · LoRA-v1,Qwen2.5-7B,LoRA-v1,1220,0.17459749552772807,1.9677,5.8130662851692894e-05,final trainer_log.jsonl
Qwen2.5-7B · LoRA-v1,Qwen2.5-7B,LoRA-v1,1230,0.17602862254025045,1.7043,5.860753457319981e-05,final trainer_log.jsonl
Qwen2.5-7B · LoRA-v1,Qwen2.5-7B,LoRA-v1,1240,0.1774597495527728,1.868,5.9084406294706726e-05,final trainer_log.jsonl
Qwen2.5-7B · LoRA-v1,Qwen2.5-7B,LoRA-v1,1250,0.17889087656529518,1.7313,5.956127801621364e-05,final trainer_log.jsonl
Qwen2.5-7B · LoRA-v1,Qwen2.5-7B,LoRA-v1,1260,0.18032200357781752,1.9652,6.0038149737720565e-05,final trainer_log.jsonl
Qwen2.5-7B · LoRA-v1,Qwen2.5-7B,LoRA-v1,1270,0.1817531305903399,1.8621,6.0515021459227474e-05,final trainer_log.jsonl
Qwen2.5-7B · LoRA-v1,Qwen2.5-7B,LoRA-v1,1280,0.18318425760286225,1.927,6.099189318073438e-05,final trainer_log.jsonl
Qwen2.5-7B · LoRA-v1,Qwen2.5-7B,LoRA-v1,1290,0.18461538461538463,1.797,6.14687649022413e-05,final trainer_log.jsonl
Qwen2.5-7B · LoRA-v1,Qwen2.5-7B,LoRA-v1,1300,0.18604651162790697,1.7512,6.194563662374822e-05,final trainer_log.jsonl
Qwen2.5-7B · LoRA-v1,Qwen2.5-7B,LoRA-v1,1310,0.18747763864042935,1.8189,6.242250834525512e-05,final trainer_log.jsonl
Qwen2.5-7B · LoRA-v1,Qwen2.5-7B,LoRA-v1,1320,0.1889087656529517,1.949,6.289938006676205e-05,final trainer_log.jsonl
Qwen2.5-7B · LoRA-v1,Qwen2.5-7B,LoRA-v1,1330,0.19033989266547405,1.7513,6.337625178826896e-05,final trainer_log.jsonl
Qwen2.5-7B · LoRA-v1,Qwen2.5-7B,LoRA-v1,1340,0.19177101967799642,1.662,6.385312350977587e-05,final trainer_log.jsonl
Qwen2.5-7B · LoRA-v1,Qwen2.5-7B,LoRA-v1,1350,0.19320214669051877,1.7219,6.432999523128279e-05,final trainer_log.jsonl
Qwen2.5-7B · LoRA-v1,Qwen2.5-7B,LoRA-v1,1360,0.19463327370304115,1.7565,6.48068669527897e-05,final trainer_log.jsonl
Qwen2.5-7B · LoRA-v1,Qwen2.5-7B,LoRA-v1,1370,0.1960644007155635,1.7156,6.528373867429661e-05,final trainer_log.jsonl
Qwen2.5-7B · LoRA-v1,Qwen2.5-7B,LoRA-v1,1380,0.19749552772808587,1.8719,6.576061039580353e-05,final trainer_log.jsonl
Qwen2.5-7B · LoRA-v1,Qwen2.5-7B,LoRA-v1,1390,0.19892665474060822,1.7011,6.623748211731044e-05,final trainer_log.jsonl
Qwen2.5-7B · LoRA-v1,Qwen2.5-7B,LoRA-v1,1400,0.2003577817531306,1.8472,6.671435383881736e-05,final trainer_log.jsonl
Qwen2.5-7B · LoRA-v1,Qwen2.5-7B,LoRA-v1,1410,0.20178890876565295,1.7591,6.719122556032427e-05,final trainer_log.jsonl
Qwen2.5-7B · LoRA-v1,Qwen2.5-7B,LoRA-v1,1420,0.20322003577817532,1.7517,6.76680972818312e-05,final trainer_log.jsonl
Qwen2.5-7B · LoRA-v1,Qwen2.5-7B,LoRA-v1,1430,0.20465116279069767,1.7883,6.814496900333812e-05,final trainer_log.jsonl
Qwen2.5-7B · LoRA-v1,Qwen2.5-7B,LoRA-v1,1440,0.20608228980322005,1.7401,6.862184072484503e-05,final trainer_log.jsonl
Qwen2.5-7B · LoRA-v1,Qwen2.5-7B,LoRA-v1,1450,0.2075134168157424,1.8379,6.909871244635194e-05,final trainer_log.jsonl
Qwen2.5-7B · LoRA-v1,Qwen2.5-7B,LoRA-v1,1460,0.20894454382826474,1.8319,6.957558416785886e-05,final trainer_log.jsonl
Qwen2.5-7B · LoRA-v1,Qwen2.5-7B,LoRA-v1,1470,0.21037567084078712,1.7347,7.005245588936577e-05,final trainer_log.jsonl
Qwen2.5-7B · LoRA-v1,Qwen2.5-7B,LoRA-v1,1480,0.21180679785330947,1.8405,7.052932761087268e-05,final trainer_log.jsonl
Qwen2.5-7B · LoRA-v1,Qwen2.5-7B,LoRA-v1,1490,0.21323792486583185,1.7581,7.10061993323796e-05,final trainer_log.jsonl
Qwen2.5-7B · LoRA-v1,Qwen2.5-7B,LoRA-v1,1500,0.2146690518783542,1.8717,7.148307105388651e-05,final trainer_log.jsonl
Qwen2.5-7B · LoRA-v1,Qwen2.5-7B,LoRA-v1,1510,0.21610017889087657,1.7009,7.195994277539342e-05,final trainer_log.jsonl
Qwen2.5-7B · LoRA-v1,Qwen2.5-7B,LoRA-v1,1520,0.21753130590339892,1.8556,7.243681449690034e-05,final trainer_log.jsonl
Qwen2.5-7B · LoRA-v1,Qwen2.5-7B,LoRA-v1,1530,0.2189624329159213,1.7712,7.291368621840725e-05,final trainer_log.jsonl
Qwen2.5-7B · LoRA-v1,Qwen2.5-7B,LoRA-v1,1540,0.22039355992844364,2.0344,7.339055793991416e-05,final trainer_log.jsonl
Qwen2.5-7B · LoRA-v1,Qwen2.5-7B,LoRA-v1,1550,0.22182468694096602,1.8937,7.386742966142108e-05,final trainer_log.jsonl
Qwen2.5-7B · LoRA-v1,Qwen2.5-7B,LoRA-v1,1560,0.22325581395348837,1.8792,7.434430138292799e-05,final trainer_log.jsonl
Qwen2.5-7B · LoRA-v1,Qwen2.5-7B,LoRA-v1,1570,0.22468694096601075,1.8175,7.48211731044349e-05,final trainer_log.jsonl
Qwen2.5-7B · LoRA-v1,Qwen2.5-7B,LoRA-v1,1580,0.2261180679785331,1.6691,7.529804482594182e-05,final trainer_log.jsonl
Qwen2.5-7B · LoRA-v1,Qwen2.5-7B,LoRA-v1,1590,0.22754919499105544,1.8447,7.577491654744873e-05,final trainer_log.jsonl
Qwen2.5-7B · LoRA-v1,Qwen2.5-7B,LoRA-v1,1600,0.22898032200357782,1.6103,7.625178826895566e-05,final trainer_log.jsonl
Qwen2.5-7B · LoRA-v1,Qwen2.5-7B,LoRA-v1,1610,0.23041144901610017,1.7655,7.672865999046256e-05,final trainer_log.jsonl
Qwen2.5-7B · LoRA-v1,Qwen2.5-7B,LoRA-v1,1620,0.23184257602862254,1.6866,7.720553171196949e-05,final trainer_log.jsonl
Qwen2.5-7B · LoRA-v1,Qwen2.5-7B,LoRA-v1,1630,0.2332737030411449,1.7812,7.76824034334764e-05,final trainer_log.jsonl
Qwen2.5-7B · LoRA-v1,Qwen2.5-7B,LoRA-v1,1640,0.23470483005366727,1.7796,7.815927515498332e-05,final trainer_log.jsonl
Qwen2.5-7B · LoRA-v1,Qwen2.5-7B,LoRA-v1,1650,0.23613595706618962,1.7294,7.863614687649023e-05,final trainer_log.jsonl
Qwen2.5-7B · LoRA-v1,Qwen2.5-7B,LoRA-v1,1660,0.237567084078712,1.9895,7.911301859799715e-05,final trainer_log.jsonl
Qwen2.5-7B · LoRA-v1,Qwen2.5-7B,LoRA-v1,1670,0.23899821109123434,1.6768,7.958989031950406e-05,final trainer_log.jsonl
Qwen2.5-7B · LoRA-v1,Qwen2.5-7B,LoRA-v1,1680,0.24042933810375672,1.8915,8.006676204101097e-05,final trainer_log.jsonl
Qwen2.5-7B · LoRA-v1,Qwen2.5-7B,LoRA-v1,1690,0.24186046511627907,1.8481,8.054363376251789e-05,final trainer_log.jsonl
Qwen2.5-7B · LoRA-v1,Qwen2.5-7B,LoRA-v1,1700,0.24329159212880144,1.5986,8.10205054840248e-05,final trainer_log.jsonl
Qwen2.5-7B · LoRA-v1,Qwen2.5-7B,LoRA-v1,1710,0.2447227191413238,1.7324,8.149737720553171e-05,final trainer_log.jsonl
Qwen2.5-7B · LoRA-v1,Qwen2.5-7B,LoRA-v1,1720,0.24615384615384617,2.0285,8.197424892703863e-05,final trainer_log.jsonl
Qwen2.5-7B · LoRA-v1,Qwen2.5-7B,LoRA-v1,1730,0.24758497316636852,1.5956,8.245112064854554e-05,final trainer_log.jsonl
Qwen2.5-7B · LoRA-v1,Qwen2.5-7B,LoRA-v1,1740,0.24901610017889086,1.927,8.292799237005247e-05,final trainer_log.jsonl
Qwen2.5-7B · LoRA-v1,Qwen2.5-7B,LoRA-v1,1750,0.2504472271914132,1.9075,8.340486409155938e-05,final trainer_log.jsonl
Qwen2.5-7B · LoRA-v1,Qwen2.5-7B,LoRA-v1,1760,0.2518783542039356,1.8781,8.388173581306629e-05,final trainer_log.jsonl
Qwen2.5-7B · LoRA-v1,Qwen2.5-7B,LoRA-v1,1770,0.25330948121645797,1.9065,8.435860753457321e-05,final trainer_log.jsonl
Qwen2.5-7B · LoRA-v1,Qwen2.5-7B,LoRA-v1,1780,0.2547406082289803,1.7062,8.483547925608012e-05,final trainer_log.jsonl
Qwen2.5-7B · LoRA-v1,Qwen2.5-7B,LoRA-v1,1790,0.25617173524150266,2.0256,8.531235097758703e-05,final trainer_log.jsonl
Qwen2.5-7B · LoRA-v1,Qwen2.5-7B,LoRA-v1,1800,0.25760286225402507,1.9356,8.578922269909395e-05,final trainer_log.jsonl
Qwen2.5-7B · LoRA-v1,Qwen2.5-7B,LoRA-v1,1810,0.2590339892665474,1.9197,8.626609442060086e-05,final trainer_log.jsonl
Qwen2.5-7B · LoRA-v1,Qwen2.5-7B,LoRA-v1,1820,0.26046511627906976,1.8048,8.674296614210777e-05,final trainer_log.jsonl
Qwen2.5-7B · LoRA-v1,Qwen2.5-7B,LoRA-v1,1830,0.2618962432915921,2.0757,8.721983786361469e-05,final trainer_log.jsonl
Qwen2.5-7B · LoRA-v1,Qwen2.5-7B,LoRA-v1,1840,0.2633273703041145,1.8617,8.76967095851216e-05,final trainer_log.jsonl
Qwen2.5-7B · LoRA-v1,Qwen2.5-7B,LoRA-v1,1850,0.26475849731663686,1.7675,8.817358130662852e-05,final trainer_log.jsonl
Qwen2.5-7B · LoRA-v1,Qwen2.5-7B,LoRA-v1,1860,0.2661896243291592,1.9272,8.865045302813543e-05,final trainer_log.jsonl
Qwen2.5-7B · LoRA-v1,Qwen2.5-7B,LoRA-v1,1870,0.26762075134168156,1.6945,8.912732474964235e-05,final trainer_log.jsonl
Qwen2.5-7B · LoRA-v1,Qwen2.5-7B,LoRA-v1,1880,0.2690518783542039,1.8154,8.960419647114926e-05,final trainer_log.jsonl
Qwen2.5-7B · LoRA-v1,Qwen2.5-7B,LoRA-v1,1890,0.2704830053667263,1.8475,9.008106819265619e-05,final trainer_log.jsonl
Qwen2.5-7B · LoRA-v1,Qwen2.5-7B,LoRA-v1,1900,0.27191413237924866,1.9622,9.05579399141631e-05,final trainer_log.jsonl
Qwen2.5-7B · LoRA-v1,Qwen2.5-7B,LoRA-v1,1910,0.273345259391771,1.8343,9.103481163567002e-05,final trainer_log.jsonl
Qwen2.5-7B · LoRA-v1,Qwen2.5-7B,LoRA-v1,1920,0.27477638640429336,1.8312,9.151168335717693e-05,final trainer_log.jsonl
Qwen2.5-7B · LoRA-v1,Qwen2.5-7B,LoRA-v1,1930,0.27620751341681576,1.6809,9.198855507868384e-05,final trainer_log.jsonl
Qwen2.5-7B · LoRA-v1,Qwen2.5-7B,LoRA-v1,1940,0.2776386404293381,1.8341,9.246542680019076e-05,final trainer_log.jsonl
Qwen2.5-7B · LoRA-v1,Qwen2.5-7B,LoRA-v1,1950,0.27906976744186046,1.7275,9.294229852169767e-05,final trainer_log.jsonl
Qwen2.5-7B · LoRA-v1,Qwen2.5-7B,LoRA-v1,1960,0.2805008944543828,1.7985,9.341917024320458e-05,final trainer_log.jsonl
Qwen2.5-7B · LoRA-v1,Qwen2.5-7B,LoRA-v1,1970,0.2819320214669052,1.7423,9.38960419647115e-05,final trainer_log.jsonl
Qwen2.5-7B · LoRA-v1,Qwen2.5-7B,LoRA-v1,1980,0.28336314847942756,1.6731,9.437291368621841e-05,final trainer_log.jsonl
Qwen2.5-7B · LoRA-v1,Qwen2.5-7B,LoRA-v1,1990,0.2847942754919499,1.7348,9.484978540772532e-05,final trainer_log.jsonl
Qwen2.5-7B · LoRA-v1,Qwen2.5-7B,LoRA-v1,2000,0.28622540250447226,1.8197,9.532665712923224e-05,final trainer_log.jsonl
Qwen2.5-7B · LoRA-v1,Qwen2.5-7B,LoRA-v1,2010,0.2876565295169946,1.8242,9.580352885073915e-05,final trainer_log.jsonl
Qwen2.5-7B · LoRA-v1,Qwen2.5-7B,LoRA-v1,2020,0.289087656529517,1.9781,9.628040057224606e-05,final trainer_log.jsonl
Qwen2.5-7B · LoRA-v1,Qwen2.5-7B,LoRA-v1,2030,0.29051878354203936,1.6969,9.675727229375298e-05,final trainer_log.jsonl
Qwen2.5-7B · LoRA-v1,Qwen2.5-7B,LoRA-v1,2040,0.2919499105545617,1.6895,9.723414401525989e-05,final trainer_log.jsonl
Qwen2.5-7B · LoRA-v1,Qwen2.5-7B,LoRA-v1,2050,0.29338103756708406,1.88,9.77110157367668e-05,final trainer_log.jsonl
Qwen2.5-7B · LoRA-v1,Qwen2.5-7B,LoRA-v1,2060,0.29481216457960646,1.8253,9.818788745827373e-05,final trainer_log.jsonl
Qwen2.5-7B · LoRA-v1,Qwen2.5-7B,LoRA-v1,2070,0.2962432915921288,1.6815,9.866475917978065e-05,final trainer_log.jsonl
Qwen2.5-7B · LoRA-v1,Qwen2.5-7B,LoRA-v1,2080,0.29767441860465116,1.831,9.914163090128756e-05,final trainer_log.jsonl
Qwen2.5-7B · LoRA-v1,Qwen2.5-7B,LoRA-v1,2090,0.2991055456171735,1.978,9.961850262279448e-05,final trainer_log.jsonl
Qwen2.5-7B · LoRA-v1,Qwen2.5-7B,LoRA-v1,2100,0.3005366726296959,1.6309,9.999999722735644e-05,final trainer_log.jsonl
Qwen2.5-7B · LoRA-v1,Qwen2.5-7B,LoRA-v1,2110,0.30196779964221826,1.6845,9.999990018486403e-05,final trainer_log.jsonl
Qwen2.5-7B · LoRA-v1,Qwen2.5-7B,LoRA-v1,2120,0.3033989266547406,1.6774,9.999966451050096e-05,final trainer_log.jsonl
Qwen2.5-7B · LoRA-v1,Qwen2.5-7B,LoRA-v1,2130,0.30483005366726296,1.828,9.999929020492067e-05,final trainer_log.jsonl
Qwen2.5-7B · LoRA-v1,Qwen2.5-7B,LoRA-v1,2140,0.3062611806797853,1.7879,9.999877726916101e-05,final trainer_log.jsonl
Qwen2.5-7B · LoRA-v1,Qwen2.5-7B,LoRA-v1,2150,0.3076923076923077,1.7343,9.999812570464412e-05,final trainer_log.jsonl
Qwen2.5-7B · LoRA-v1,Qwen2.5-7B,LoRA-v1,2160,0.30912343470483006,1.7603,9.999733551317658e-05,final trainer_log.jsonl
Qwen2.5-7B · LoRA-v1,Qwen2.5-7B,LoRA-v1,2170,0.3105545617173524,1.9265,9.999640669694932e-05,final trainer_log.jsonl
Qwen2.5-7B · LoRA-v1,Qwen2.5-7B,LoRA-v1,2180,0.31198568872987475,1.8297,9.99953392585376e-05,final trainer_log.jsonl
Qwen2.5-7B · LoRA-v1,Qwen2.5-7B,LoRA-v1,2190,0.31341681574239716,1.8654,9.999413320090105e-05,final trainer_log.jsonl
Qwen2.5-7B · LoRA-v1,Qwen2.5-7B,LoRA-v1,2200,0.3148479427549195,1.6861,9.999278852738363e-05,final trainer_log.jsonl
Qwen2.5-7B · LoRA-v1,Qwen2.5-7B,LoRA-v1,2210,0.31627906976744186,1.8994,9.999130524171366e-05,final trainer_log.jsonl
Qwen2.5-7B · LoRA-v1,Qwen2.5-7B,LoRA-v1,2220,0.3177101967799642,1.8865,9.998968334800373e-05,final trainer_log.jsonl
Qwen2.5-7B · LoRA-v1,Qwen2.5-7B,LoRA-v1,2230,0.3191413237924866,1.7803,9.99879228507508e-05,final trainer_log.jsonl
Qwen2.5-7B · LoRA-v1,Qwen2.5-7B,LoRA-v1,2240,0.32057245080500896,1.7237,9.99860237548361e-05,final trainer_log.jsonl
Qwen2.5-7B · LoRA-v1,Qwen2.5-7B,LoRA-v1,2250,0.3220035778175313,1.8048,9.998398606552513e-05,final trainer_log.jsonl
Qwen2.5-7B · LoRA-v1,Qwen2.5-7B,LoRA-v1,2260,0.32343470483005365,1.8441,9.998180978846768e-05,final trainer_log.jsonl
Qwen2.5-7B · LoRA-v1,Qwen2.5-7B,LoRA-v1,2270,0.324865831842576,1.6749,9.997949492969778e-05,final trainer_log.jsonl
Qwen2.5-7B · LoRA-v1,Qwen2.5-7B,LoRA-v1,2280,0.3262969588550984,1.9003,9.997704149563372e-05,final trainer_log.jsonl
Qwen2.5-7B · LoRA-v1,Qwen2.5-7B,LoRA-v1,2290,0.32772808586762076,1.7422,9.997444949307799e-05,final trainer_log.jsonl
Qwen2.5-7B · LoRA-v1,Qwen2.5-7B,LoRA-v1,2300,0.3291592128801431,1.8223,9.997171892921729e-05,final trainer_log.jsonl
Qwen2.5-7B · LoRA-v1,Qwen2.5-7B,LoRA-v1,2310,0.33059033989266545,1.9117,9.996884981162251e-05,final trainer_log.jsonl
Qwen2.5-7B · LoRA-v1,Qwen2.5-7B,LoRA-v1,2320,0.33202146690518786,1.6494,9.996584214824866e-05,final trainer_log.jsonl
Qwen2.5-7B · LoRA-v1,Qwen2.5-7B,LoRA-v1,2330,0.3334525939177102,1.8588,9.996269594743495e-05,final trainer_log.jsonl
Qwen2.5-7B · LoRA-v1,Qwen2.5-7B,LoRA-v1,2340,0.33488372093023255,1.9615,9.995941121790464e-05,final trainer_log.jsonl
Qwen2.5-7B · LoRA-v1,Qwen2.5-7B,LoRA-v1,2350,0.3363148479427549,1.7293,9.995598796876514e-05,final trainer_log.jsonl
Qwen2.5-7B · LoRA-v1,Qwen2.5-7B,LoRA-v1,2360,0.3377459749552773,1.7991,9.99524262095079e-05,final trainer_log.jsonl
Qwen2.5-7B · LoRA-v1,Qwen2.5-7B,LoRA-v1,2370,0.33917710196779965,1.8225,9.994872595000836e-05,final trainer_log.jsonl
Qwen2.5-7B · LoRA-v1,Qwen2.5-7B,LoRA-v1,2380,0.340608228980322,1.7063,9.994488720052606e-05,final trainer_log.jsonl
Qwen2.5-7B · LoRA-v1,Qwen2.5-7B,LoRA-v1,2390,0.34203935599284435,1.7183,9.994090997170448e-05,final trainer_log.jsonl
Qwen2.5-7B · LoRA-v1,Qwen2.5-7B,LoRA-v1,2400,0.3434704830053667,1.8967,9.993679427457105e-05,final trainer_log.jsonl
Qwen2.5-7B · LoRA-v1,Qwen2.5-7B,LoRA-v1,2410,0.3449016100178891,1.6744,9.993254012053713e-05,final trainer_log.jsonl
Qwen2.5-7B · LoRA-v1,Qwen2.5-7B,LoRA-v1,2420,0.34633273703041145,1.7469,9.992814752139795e-05,final trainer_log.jsonl
Qwen2.5-7B · LoRA-v1,Qwen2.5-7B,LoRA-v1,2430,0.3477638640429338,1.9153,9.992361648933264e-05,final trainer_log.jsonl
Qwen2.5-7B · LoRA-v1,Qwen2.5-7B,LoRA-v1,2440,0.34919499105545615,1.9653,9.991894703690414e-05,final trainer_log.jsonl
Qwen2.5-7B · LoRA-v1,Qwen2.5-7B,LoRA-v1,2450,0.35062611806797855,1.6779,9.991413917705917e-05,final trainer_log.jsonl
Qwen2.5-7B · LoRA-v1,Qwen2.5-7B,LoRA-v1,2460,0.3520572450805009,1.8168,9.990919292312816e-05,final trainer_log.jsonl
Qwen2.5-7B · LoRA-v1,Qwen2.5-7B,LoRA-v1,2470,0.35348837209302325,1.8168,9.990410828882539e-05,final trainer_log.jsonl
Qwen2.5-7B · LoRA-v1,Qwen2.5-7B,LoRA-v1,2480,0.3549194991055456,1.7375,9.989888528824869e-05,final trainer_log.jsonl
Qwen2.5-7B · LoRA-v1,Qwen2.5-7B,LoRA-v1,2490,0.356350626118068,1.7537,9.989352393587957e-05,final trainer_log.jsonl
Qwen2.5-7B · LoRA-v1,Qwen2.5-7B,LoRA-v1,2500,0.35778175313059035,1.7517,9.988802424658317e-05,final trainer_log.jsonl
Qwen2.5-7B · LoRA-v1,Qwen2.5-7B,LoRA-v1,2510,0.3592128801431127,1.6044,9.988238623560813e-05,final trainer_log.jsonl
Qwen2.5-7B · LoRA-v1,Qwen2.5-7B,LoRA-v1,2520,0.36064400715563505,1.9424,9.987660991858667e-05,final trainer_log.jsonl
Qwen2.5-7B · LoRA-v1,Qwen2.5-7B,LoRA-v1,2530,0.3620751341681574,2.0217,9.987069531153445e-05,final trainer_log.jsonl
Qwen2.5-7B · LoRA-v1,Qwen2.5-7B,LoRA-v1,2540,0.3635062611806798,1.7601,9.986464243085056e-05,final trainer_log.jsonl
Qwen2.5-7B · LoRA-v1,Qwen2.5-7B,LoRA-v1,2550,0.36493738819320215,1.8105,9.985845129331747e-05,final trainer_log.jsonl
Qwen2.5-7B · LoRA-v1,Qwen2.5-7B,LoRA-v1,2560,0.3663685152057245,1.7815,9.9852121916101e-05,final trainer_log.jsonl
Qwen2.5-7B · LoRA-v1,Qwen2.5-7B,LoRA-v1,2570,0.36779964221824685,1.7209,9.984565431675025e-05,final trainer_log.jsonl
Qwen2.5-7B · LoRA-v1,Qwen2.5-7B,LoRA-v1,2580,0.36923076923076925,1.7223,9.983904851319759e-05,final trainer_log.jsonl
Qwen2.5-7B · LoRA-v1,Qwen2.5-7B,LoRA-v1,2590,0.3706618962432916,1.6806,9.983230452375852e-05,final trainer_log.jsonl
Qwen2.5-7B · LoRA-v1,Qwen2.5-7B,LoRA-v1,2600,0.37209302325581395,1.6877,9.982542236713172e-05,final trainer_log.jsonl
Qwen2.5-7B · LoRA-v1,Qwen2.5-7B,LoRA-v1,2610,0.3735241502683363,1.5975,9.981840206239897e-05,final trainer_log.jsonl
Qwen2.5-7B · LoRA-v1,Qwen2.5-7B,LoRA-v1,2620,0.3749552772808587,1.9793,9.981124362902506e-05,final trainer_log.jsonl
Qwen2.5-7B · LoRA-v1,Qwen2.5-7B,LoRA-v1,2630,0.37638640429338105,1.658,9.980394708685776e-05,final trainer_log.jsonl
Qwen2.5-7B · LoRA-v1,Qwen2.5-7B,LoRA-v1,2640,0.3778175313059034,1.9826,9.97965124561278e-05,final trainer_log.jsonl
Qwen2.5-7B · LoRA-v1,Qwen2.5-7B,LoRA-v1,2650,0.37924865831842575,1.7901,9.978893975744871e-05,final trainer_log.jsonl
Qwen2.5-7B · LoRA-v1,Qwen2.5-7B,LoRA-v1,2660,0.3806797853309481,1.8158,9.978122901181694e-05,final trainer_log.jsonl
Qwen2.5-7B · LoRA-v1,Qwen2.5-7B,LoRA-v1,2670,0.3821109123434705,1.9929,9.97733802406116e-05,final trainer_log.jsonl
Qwen2.5-7B · LoRA-v1,Qwen2.5-7B,LoRA-v1,2680,0.38354203935599285,1.7575,9.976539346559453e-05,final trainer_log.jsonl
Qwen2.5-7B · LoRA-v1,Qwen2.5-7B,LoRA-v1,2690,0.3849731663685152,1.7914,9.97572687089102e-05,final trainer_log.jsonl
Qwen2.5-7B · LoRA-v1,Qwen2.5-7B,LoRA-v1,2700,0.38640429338103754,1.6582,9.974900599308569e-05,final trainer_log.jsonl
Qwen2.5-7B · LoRA-v1,Qwen2.5-7B,LoRA-v1,2710,0.38783542039355995,1.8104,9.974060534103053e-05,final trainer_log.jsonl
Qwen2.5-7B · LoRA-v1,Qwen2.5-7B,LoRA-v1,2720,0.3892665474060823,1.7596,9.973206677603674e-05,final trainer_log.jsonl
Qwen2.5-7B · LoRA-v1,Qwen2.5-7B,LoRA-v1,2730,0.39069767441860465,1.7827,9.97233903217787e-05,final trainer_log.jsonl
Qwen2.5-7B · LoRA-v1,Qwen2.5-7B,LoRA-v1,2740,0.392128801431127,1.6045,9.971457600231315e-05,final trainer_log.jsonl
Qwen2.5-7B · LoRA-v1,Qwen2.5-7B,LoRA-v1,2750,0.3935599284436494,1.9381,9.970562384207902e-05,final trainer_log.jsonl
Qwen2.5-7B · LoRA-v1,Qwen2.5-7B,LoRA-v1,2760,0.39499105545617175,1.7488,9.969653386589748e-05,final trainer_log.jsonl
Qwen2.5-7B · LoRA-v1,Qwen2.5-7B,LoRA-v1,2770,0.3964221824686941,1.5621,9.968730609897177e-05,final trainer_log.jsonl
Qwen2.5-7B · LoRA-v1,Qwen2.5-7B,LoRA-v1,2780,0.39785330948121644,1.9526,9.967794056688718e-05,final trainer_log.jsonl
Qwen2.5-7B · LoRA-v1,Qwen2.5-7B,LoRA-v1,2790,0.3992844364937388,1.7882,9.966843729561101e-05,final trainer_log.jsonl
Qwen2.5-7B · LoRA-v1,Qwen2.5-7B,LoRA-v1,2800,0.4007155635062612,1.813,9.965879631149244e-05,final trainer_log.jsonl
Qwen2.5-7B · LoRA-v1,Qwen2.5-7B,LoRA-v1,2810,0.40214669051878354,1.8311,9.964901764126247e-05,final trainer_log.jsonl
Qwen2.5-7B · LoRA-v1,Qwen2.5-7B,LoRA-v1,2820,0.4035778175313059,1.7117,9.963910131203386e-05,final trainer_log.jsonl
Qwen2.5-7B · LoRA-v1,Qwen2.5-7B,LoRA-v1,2830,0.40500894454382824,1.7089,9.962904735130104e-05,final trainer_log.jsonl
Qwen2.5-7B · LoRA-v1,Qwen2.5-7B,LoRA-v1,2840,0.40644007155635065,1.8272,9.961885578694007e-05,final trainer_log.jsonl
Qwen2.5-7B · LoRA-v1,Qwen2.5-7B,LoRA-v1,2850,0.407871198568873,1.8029,9.96085266472085e-05,final trainer_log.jsonl
Qwen2.5-7B · LoRA-v1,Qwen2.5-7B,LoRA-v1,2860,0.40930232558139534,1.8188,9.959805996074537e-05,final trainer_log.jsonl
Qwen2.5-7B · LoRA-v1,Qwen2.5-7B,LoRA-v1,2870,0.4107334525939177,1.832,9.958745575657104e-05,final trainer_log.jsonl
Qwen2.5-7B · LoRA-v1,Qwen2.5-7B,LoRA-v1,2880,0.4121645796064401,1.7429,9.957671406408722e-05,final trainer_log.jsonl
Qwen2.5-7B · LoRA-v1,Qwen2.5-7B,LoRA-v1,2890,0.41359570661896244,1.7552,9.956583491307674e-05,final trainer_log.jsonl
Qwen2.5-7B · LoRA-v1,Qwen2.5-7B,LoRA-v1,2900,0.4150268336314848,1.7551,9.955481833370363e-05,final trainer_log.jsonl
Qwen2.5-7B · LoRA-v1,Qwen2.5-7B,LoRA-v1,2910,0.41645796064400714,1.7841,9.954366435651294e-05,final trainer_log.jsonl
Qwen2.5-7B · LoRA-v1,Qwen2.5-7B,LoRA-v1,2920,0.4178890876565295,1.7994,9.953237301243063e-05,final trainer_log.jsonl
Qwen2.5-7B · LoRA-v1,Qwen2.5-7B,LoRA-v1,2930,0.4193202146690519,1.6995,9.95209443327636e-05,final trainer_log.jsonl
Qwen2.5-7B · LoRA-v1,Qwen2.5-7B,LoRA-v1,2940,0.42075134168157424,1.8992,9.950937834919948e-05,final trainer_log.jsonl
Qwen2.5-7B · LoRA-v1,Qwen2.5-7B,LoRA-v1,2950,0.4221824686940966,1.726,9.949767509380661e-05,final trainer_log.jsonl
Qwen2.5-7B · LoRA-v1,Qwen2.5-7B,LoRA-v1,2960,0.42361359570661894,1.7794,9.948583459903395e-05,final trainer_log.jsonl
Qwen2.5-7B · LoRA-v1,Qwen2.5-7B,LoRA-v1,2970,0.42504472271914134,1.5971,9.947385689771097e-05,final trainer_log.jsonl
Qwen2.5-7B · LoRA-v1,Qwen2.5-7B,LoRA-v1,2980,0.4264758497316637,1.7266,9.946174202304754e-05,final trainer_log.jsonl
Qwen2.5-7B · LoRA-v1,Qwen2.5-7B,LoRA-v1,2990,0.42790697674418604,1.7743,9.94494900086339e-05,final trainer_log.jsonl
Qwen2.5-7B · LoRA-v1,Qwen2.5-7B,LoRA-v1,3000,0.4293381037567084,2.0313,9.94371008884405e-05,final trainer_log.jsonl
Qwen2.5-7B · LoRA-v1,Qwen2.5-7B,LoRA-v1,3010,0.4307692307692308,1.8752,9.942457469681794e-05,final trainer_log.jsonl
Qwen2.5-7B · LoRA-v1,Qwen2.5-7B,LoRA-v1,3020,0.43220035778175314,1.5942,9.94119114684969e-05,final trainer_log.jsonl
Qwen2.5-7B · LoRA-v1,Qwen2.5-7B,LoRA-v1,3030,0.4336314847942755,1.8819,9.939911123858798e-05,final trainer_log.jsonl
Qwen2.5-7B · LoRA-v1,Qwen2.5-7B,LoRA-v1,3040,0.43506261180679784,1.6037,9.938617404258163e-05,final trainer_log.jsonl
Qwen2.5-7B · LoRA-v1,Qwen2.5-7B,LoRA-v1,3050,0.4364937388193202,1.8754,9.937309991634809e-05,final trainer_log.jsonl
Qwen2.5-7B · LoRA-v1,Qwen2.5-7B,LoRA-v1,3060,0.4379248658318426,1.6911,9.935988889613726e-05,final trainer_log.jsonl
Qwen2.5-7B · LoRA-v1,Qwen2.5-7B,LoRA-v1,3070,0.43935599284436494,1.7242,9.934654101857854e-05,final trainer_log.jsonl
Qwen2.5-7B · LoRA-v1,Qwen2.5-7B,LoRA-v1,3080,0.4407871198568873,1.9114,9.933305632068087e-05,final trainer_log.jsonl
Qwen2.5-7B · LoRA-v1,Qwen2.5-7B,LoRA-v1,3090,0.44221824686940964,1.8166,9.931943483983248e-05,final trainer_log.jsonl
Qwen2.5-7B · LoRA-v1,Qwen2.5-7B,LoRA-v1,3100,0.44364937388193204,1.5975,9.930567661380089e-05,final trainer_log.jsonl
Qwen2.5-7B · LoRA-v1,Qwen2.5-7B,LoRA-v1,3110,0.4450805008944544,1.7106,9.929178168073274e-05,final trainer_log.jsonl
Qwen2.5-7B · LoRA-v1,Qwen2.5-7B,LoRA-v1,3120,0.44651162790697674,1.9522,9.92777500791537e-05,final trainer_log.jsonl
Qwen2.5-7B · LoRA-v1,Qwen2.5-7B,LoRA-v1,3130,0.4479427549194991,1.8012,9.926358184796842e-05,final trainer_log.jsonl
Qwen2.5-7B · LoRA-v1,Qwen2.5-7B,LoRA-v1,3140,0.4493738819320215,1.9601,9.924927702646032e-05,final trainer_log.jsonl
Qwen2.5-7B · LoRA-v1,Qwen2.5-7B,LoRA-v1,3150,0.45080500894454384,1.6708,9.923483565429159e-05,final trainer_log.jsonl
Qwen2.5-7B · LoRA-v1,Qwen2.5-7B,LoRA-v1,3160,0.4522361359570662,1.7811,9.922025777150298e-05,final trainer_log.jsonl
Qwen2.5-7B · LoRA-v1,Qwen2.5-7B,LoRA-v1,3170,0.45366726296958854,1.8483,9.920554341851376e-05,final trainer_log.jsonl
Qwen2.5-7B · LoRA-v1,Qwen2.5-7B,LoRA-v1,3180,0.4550983899821109,1.8008,9.919069263612157e-05,final trainer_log.jsonl
Qwen2.5-7B · LoRA-v1,Qwen2.5-7B,LoRA-v1,3190,0.4565295169946333,1.8283,9.917570546550234e-05,final trainer_log.jsonl
Qwen2.5-7B · LoRA-v1,Qwen2.5-7B,LoRA-v1,3200,0.45796064400715564,1.9012,9.916058194821013e-05,final trainer_log.jsonl
Qwen2.5-7B · LoRA-v1,Qwen2.5-7B,LoRA-v1,3210,0.459391771019678,1.787,9.914532212617706e-05,final trainer_log.jsonl
Qwen2.5-7B · LoRA-v1,Qwen2.5-7B,LoRA-v1,3220,0.46082289803220033,1.6945,9.912992604171317e-05,final trainer_log.jsonl
Qwen2.5-7B · LoRA-v1,Qwen2.5-7B,LoRA-v1,3230,0.46225402504472274,1.8093,9.91143937375063e-05,final trainer_log.jsonl
Qwen2.5-7B · LoRA-v1,Qwen2.5-7B,LoRA-v1,3240,0.4636851520572451,1.7114,9.909872525662198e-05,final trainer_log.jsonl
Qwen2.5-7B · LoRA-v1,Qwen2.5-7B,LoRA-v1,3250,0.46511627906976744,1.7982,9.908292064250332e-05,final trainer_log.jsonl
Qwen2.5-7B · LoRA-v1,Qwen2.5-7B,LoRA-v1,3260,0.4665474060822898,1.7076,9.90669799389709e-05,final trainer_log.jsonl
Qwen2.5-7B · LoRA-v1,Qwen2.5-7B,LoRA-v1,3270,0.4679785330948122,1.9032,9.905090319022254e-05,final trainer_log.jsonl
Qwen2.5-7B · LoRA-v1,Qwen2.5-7B,LoRA-v1,3280,0.46940966010733454,1.8738,9.903469044083336e-05,final trainer_log.jsonl
Qwen2.5-7B · LoRA-v1,Qwen2.5-7B,LoRA-v1,3290,0.4708407871198569,1.8139,9.901834173575552e-05,final trainer_log.jsonl
Qwen2.5-7B · LoRA-v1,Qwen2.5-7B,LoRA-v1,3300,0.47227191413237923,1.8462,9.900185712031813e-05,final trainer_log.jsonl
Qwen2.5-7B · LoRA-v1,Qwen2.5-7B,LoRA-v1,3310,0.47370304114490164,1.6576,9.898523664022718e-05,final trainer_log.jsonl
Qwen2.5-7B · LoRA-v1,Qwen2.5-7B,LoRA-v1,3320,0.475134168157424,1.6983,9.896848034156528e-05,final trainer_log.jsonl
Qwen2.5-7B · LoRA-v1,Qwen2.5-7B,LoRA-v1,3330,0.47656529516994633,1.9504,9.89515882707917e-05,final trainer_log.jsonl
Qwen2.5-7B · LoRA-v1,Qwen2.5-7B,LoRA-v1,3340,0.4779964221824687,1.5999,9.893456047474208e-05,final trainer_log.jsonl
Qwen2.5-7B · LoRA-v1,Qwen2.5-7B,LoRA-v1,3350,0.47942754919499103,1.8122,9.891739700062846e-05,final trainer_log.jsonl
Qwen2.5-7B · LoRA-v1,Qwen2.5-7B,LoRA-v1,3360,0.48085867620751344,1.6937,9.8900097896039e-05,final trainer_log.jsonl
Qwen2.5-7B · LoRA-v1,Qwen2.5-7B,LoRA-v1,3370,0.4822898032200358,1.8391,9.888266320893797e-05,final trainer_log.jsonl
Qwen2.5-7B · LoRA-v1,Qwen2.5-7B,LoRA-v1,3380,0.48372093023255813,1.4996,9.88650929876655e-05,final trainer_log.jsonl
Qwen2.5-7B · LoRA-v1,Qwen2.5-7B,LoRA-v1,3390,0.4851520572450805,1.6279,9.884738728093754e-05,final trainer_log.jsonl
Qwen2.5-7B · LoRA-v1,Qwen2.5-7B,LoRA-v1,3400,0.4865831842576029,1.6901,9.882954613784572e-05,final trainer_log.jsonl
Qwen2.5-7B · LoRA-v1,Qwen2.5-7B,LoRA-v1,3410,0.48801431127012523,1.8314,9.881156960785714e-05,final trainer_log.jsonl
Qwen2.5-7B · LoRA-v1,Qwen2.5-7B,LoRA-v1,3420,0.4894454382826476,1.7427,9.87934577408143e-05,final trainer_log.jsonl
Qwen2.5-7B · LoRA-v1,Qwen2.5-7B,LoRA-v1,3430,0.49087656529516993,1.8314,9.877521058693495e-05,final trainer_log.jsonl
Qwen2.5-7B · LoRA-v1,Qwen2.5-7B,LoRA-v1,3440,0.49230769230769234,1.6997,9.875682819681194e-05,final trainer_log.jsonl
Qwen2.5-7B · LoRA-v1,Qwen2.5-7B,LoRA-v1,3450,0.4937388193202147,1.7954,9.873831062141303e-05,final trainer_log.jsonl
Qwen2.5-7B · LoRA-v1,Qwen2.5-7B,LoRA-v1,3460,0.49516994633273703,1.7797,9.871965791208088e-05,final trainer_log.jsonl
Qwen2.5-7B · LoRA-v1,Qwen2.5-7B,LoRA-v1,3470,0.4966010733452594,1.7038,9.870087012053282e-05,final trainer_log.jsonl
Qwen2.5-7B · LoRA-v1,Qwen2.5-7B,LoRA-v1,3480,0.49803220035778173,1.765,9.868194729886062e-05,final trainer_log.jsonl
Qwen2.5-7B · LoRA-v1,Qwen2.5-7B,LoRA-v1,3490,0.49946332737030413,1.6705,9.866288949953056e-05,final trainer_log.jsonl
Qwen2.5-7B · LoRA-v1,Qwen2.5-7B,LoRA-v1,3500,0.5008944543828264,1.7172,9.86436967753831e-05,final trainer_log.jsonl
Qwen2.5-7B · LoRA-v1,Qwen2.5-7B,LoRA-v1,3510,0.5023255813953489,1.7013,9.86243691796328e-05,final trainer_log.jsonl
Qwen2.5-7B · LoRA-v1,Qwen2.5-7B,LoRA-v1,3520,0.5037567084078712,1.7205,9.86049067658682e-05,final trainer_log.jsonl
Qwen2.5-7B · LoRA-v1,Qwen2.5-7B,LoRA-v1,3530,0.5051878354203936,1.7413,9.858530958805161e-05,final trainer_log.jsonl
Qwen2.5-7B · LoRA-v1,Qwen2.5-7B,LoRA-v1,3540,0.5066189624329159,1.7905,9.856557770051902e-05,final trainer_log.jsonl
Qwen2.5-7B · LoRA-v1,Qwen2.5-7B,LoRA-v1,3550,0.5080500894454383,1.7762,9.854571115797989e-05,final trainer_log.jsonl
Qwen2.5-7B · LoRA-v1,Qwen2.5-7B,LoRA-v1,3560,0.5094812164579606,1.8169,9.852571001551707e-05,final trainer_log.jsonl
Qwen2.5-7B · LoRA-v1,Qwen2.5-7B,LoRA-v1,3570,0.510912343470483,1.8191,9.850557432858655e-05,final trainer_log.jsonl
Qwen2.5-7B · LoRA-v1,Qwen2.5-7B,LoRA-v1,3580,0.5123434704830053,1.728,9.848530415301747e-05,final trainer_log.jsonl
Qwen2.5-7B · LoRA-v1,Qwen2.5-7B,LoRA-v1,3590,0.5137745974955277,1.8068,9.846489954501172e-05,final trainer_log.jsonl
Qwen2.5-7B · LoRA-v1,Qwen2.5-7B,LoRA-v1,3600,0.5152057245080501,2.0591,9.8444360561144e-05,final trainer_log.jsonl
Qwen2.5-7B · LoRA-v1,Qwen2.5-7B,LoRA-v1,3610,0.5166368515205725,1.8338,9.842368725836163e-05,final trainer_log.jsonl
Qwen2.5-7B · LoRA-v1,Qwen2.5-7B,LoRA-v1,3620,0.5180679785330948,1.5899,9.840287969398425e-05,final trainer_log.jsonl
Qwen2.5-7B · LoRA-v1,Qwen2.5-7B,LoRA-v1,3630,0.5194991055456172,1.8168,9.838193792570382e-05,final trainer_log.jsonl
Qwen2.5-7B · LoRA-v1,Qwen2.5-7B,LoRA-v1,3640,0.5209302325581395,1.7279,9.83608620115844e-05,final trainer_log.jsonl
Qwen2.5-7B · LoRA-v1,Qwen2.5-7B,LoRA-v1,3650,0.5223613595706619,1.9889,9.833965201006194e-05,final trainer_log.jsonl
Qwen2.5-7B · LoRA-v1,Qwen2.5-7B,LoRA-v1,3660,0.5237924865831842,1.7828,9.831830797994424e-05,final trainer_log.jsonl
Qwen2.5-7B · LoRA-v1,Qwen2.5-7B,LoRA-v1,3670,0.5252236135957066,1.7222,9.829682998041065e-05,final trainer_log.jsonl
Qwen2.5-7B · LoRA-v1,Qwen2.5-7B,LoRA-v1,3680,0.526654740608229,1.7873,9.8275218071012e-05,final trainer_log.jsonl
Qwen2.5-7B · LoRA-v1,Qwen2.5-7B,LoRA-v1,3690,0.5280858676207514,1.66,9.825347231167042e-05,final trainer_log.jsonl
Qwen2.5-7B · LoRA-v1,Qwen2.5-7B,LoRA-v1,3700,0.5295169946332737,1.7635,9.82315927626791e-05,final trainer_log.jsonl
Qwen2.5-7B · LoRA-v1,Qwen2.5-7B,LoRA-v1,3710,0.5309481216457961,1.8485,9.820957948470224e-05,final trainer_log.jsonl
Qwen2.5-7B · LoRA-v1,Qwen2.5-7B,LoRA-v1,3720,0.5323792486583184,1.7894,9.818743253877478e-05,final trainer_log.jsonl
Qwen2.5-7B · LoRA-v1,Qwen2.5-7B,LoRA-v1,3730,0.5338103756708408,1.6335,9.816515198630232e-05,final trainer_log.jsonl
Qwen2.5-7B · LoRA-v1,Qwen2.5-7B,LoRA-v1,3740,0.5352415026833631,1.5291,9.814273788906086e-05,final trainer_log.jsonl
Qwen2.5-7B · LoRA-v1,Qwen2.5-7B,LoRA-v1,3750,0.5366726296958855,1.7496,9.812019030919668e-05,final trainer_log.jsonl
Qwen2.5-7B · LoRA-v1,Qwen2.5-7B,LoRA-v1,3760,0.5381037567084078,1.8802,9.809750930922619e-05,final trainer_log.jsonl
Qwen2.5-7B · LoRA-v1,Qwen2.5-7B,LoRA-v1,3770,0.5395348837209303,1.7281,9.807469495203569e-05,final trainer_log.jsonl
Qwen2.5-7B · LoRA-v1,Qwen2.5-7B,LoRA-v1,3780,0.5409660107334526,2.0598,9.805174730088127e-05,final trainer_log.jsonl
Qwen2.5-7B · LoRA-v1,Qwen2.5-7B,LoRA-v1,3790,0.542397137745975,1.6446,9.802866641938854e-05,final trainer_log.jsonl
Qwen2.5-7B · LoRA-v1,Qwen2.5-7B,LoRA-v1,3800,0.5438282647584973,1.7624,9.800545237155255e-05,final trainer_log.jsonl
Qwen2.5-7B · LoRA-v1,Qwen2.5-7B,LoRA-v1,3810,0.5452593917710197,1.7894,9.798210522173758e-05,final trainer_log.jsonl
Qwen2.5-7B · LoRA-v1,Qwen2.5-7B,LoRA-v1,3820,0.546690518783542,1.7176,9.795862503467694e-05,final trainer_log.jsonl
Qwen2.5-7B · LoRA-v1,Qwen2.5-7B,LoRA-v1,3830,0.5481216457960644,1.7489,9.79350118754728e-05,final trainer_log.jsonl
Qwen2.5-7B · LoRA-v1,Qwen2.5-7B,LoRA-v1,3840,0.5495527728085867,1.6709,9.791126580959602e-05,final trainer_log.jsonl
Qwen2.5-7B · LoRA-v1,Qwen2.5-7B,LoRA-v1,3850,0.5509838998211091,1.6719,9.788738690288594e-05,final trainer_log.jsonl
Qwen2.5-7B · LoRA-v1,Qwen2.5-7B,LoRA-v1,3860,0.5524150268336315,1.7512,9.786337522155029e-05,final trainer_log.jsonl
Qwen2.5-7B · LoRA-v1,Qwen2.5-7B,LoRA-v1,3870,0.5538461538461539,1.5284,9.783923083216485e-05,final trainer_log.jsonl
Qwen2.5-7B · LoRA-v1,Qwen2.5-7B,LoRA-v1,3880,0.5552772808586762,1.928,9.781495380167341e-05,final trainer_log.jsonl
Qwen2.5-7B · LoRA-v1,Qwen2.5-7B,LoRA-v1,3890,0.5567084078711986,1.7389,9.77905441973875e-05,final trainer_log.jsonl
Qwen2.5-7B · LoRA-v1,Qwen2.5-7B,LoRA-v1,3900,0.5581395348837209,1.8983,9.776600208698624e-05,final trainer_log.jsonl
Qwen2.5-7B · LoRA-v1,Qwen2.5-7B,LoRA-v1,3910,0.5595706618962433,1.7224,9.774132753851611e-05,final trainer_log.jsonl
Qwen2.5-7B · LoRA-v1,Qwen2.5-7B,LoRA-v1,3920,0.5610017889087656,1.8682,9.771652062039087e-05,final trainer_log.jsonl
Qwen2.5-7B · LoRA-v1,Qwen2.5-7B,LoRA-v1,3930,0.562432915921288,1.7376,9.769158140139123e-05,final trainer_log.jsonl
Qwen2.5-7B · LoRA-v1,Qwen2.5-7B,LoRA-v1,3940,0.5638640429338104,1.7176,9.766650995066473e-05,final trainer_log.jsonl
Qwen2.5-7B · LoRA-v1,Qwen2.5-7B,LoRA-v1,3950,0.5652951699463328,1.8209,9.764130633772555e-05,final trainer_log.jsonl
Qwen2.5-7B · LoRA-v1,Qwen2.5-7B,LoRA-v1,3960,0.5667262969588551,1.6876,9.761597063245433e-05,final trainer_log.jsonl
Qwen2.5-7B · LoRA-v1,Qwen2.5-7B,LoRA-v1,3970,0.5681574239713775,1.814,9.759050290509793e-05,final trainer_log.jsonl
Qwen2.5-7B · LoRA-v1,Qwen2.5-7B,LoRA-v1,3980,0.5695885509838998,1.7815,9.756490322626924e-05,final trainer_log.jsonl
Qwen2.5-7B · LoRA-v1,Qwen2.5-7B,LoRA-v1,3990,0.5710196779964222,1.8216,9.753917166694704e-05,final trainer_log.jsonl
Qwen2.5-7B · LoRA-v1,Qwen2.5-7B,LoRA-v1,4000,0.5724508050089445,1.895,9.751330829847576e-05,final trainer_log.jsonl
Qwen2.5-7B · LoRA-v1,Qwen2.5-7B,LoRA-v1,4010,0.5738819320214669,1.8624,9.74873131925653e-05,final trainer_log.jsonl
Qwen2.5-7B · LoRA-v1,Qwen2.5-7B,LoRA-v1,4020,0.5753130590339892,1.9553,9.746118642129078e-05,final trainer_log.jsonl
Qwen2.5-7B · LoRA-v1,Qwen2.5-7B,LoRA-v1,4030,0.5767441860465117,1.7658,9.743492805709244e-05,final trainer_log.jsonl
Qwen2.5-7B · LoRA-v1,Qwen2.5-7B,LoRA-v1,4040,0.578175313059034,1.556,9.740853817277533e-05,final trainer_log.jsonl
Qwen2.5-7B · LoRA-v1,Qwen2.5-7B,LoRA-v1,4050,0.5796064400715564,1.7755,9.738201684150917e-05,final trainer_log.jsonl
Qwen2.5-7B · LoRA-v1,Qwen2.5-7B,LoRA-v1,4060,0.5810375670840787,1.8006,9.735536413682816e-05,final trainer_log.jsonl
Qwen2.5-7B · LoRA-v1,Qwen2.5-7B,LoRA-v1,4070,0.5824686940966011,1.8465,9.732858013263071e-05,final trainer_log.jsonl
Qwen2.5-7B · LoRA-v1,Qwen2.5-7B,LoRA-v1,4080,0.5838998211091234,1.6946,9.730166490317932e-05,final trainer_log.jsonl
Qwen2.5-7B · LoRA-v1,Qwen2.5-7B,LoRA-v1,4090,0.5853309481216458,1.7761,9.727461852310031e-05,final trainer_log.jsonl
Qwen2.5-7B · LoRA-v1,Qwen2.5-7B,LoRA-v1,4100,0.5867620751341681,1.7063,9.724744106738362e-05,final trainer_log.jsonl
Qwen2.5-7B · LoRA-v1,Qwen2.5-7B,LoRA-v1,4110,0.5881932021466905,1.7499,9.722013261138266e-05,final trainer_log.jsonl
Qwen2.5-7B · LoRA-v1,Qwen2.5-7B,LoRA-v1,4120,0.5896243291592129,1.8158,9.7192693230814e-05,final trainer_log.jsonl
Qwen2.5-7B · LoRA-v1,Qwen2.5-7B,LoRA-v1,4130,0.5910554561717353,1.8798,9.716512300175724e-05,final trainer_log.jsonl
Qwen2.5-7B · LoRA-v1,Qwen2.5-7B,LoRA-v1,4140,0.5924865831842576,1.7265,9.713742200065481e-05,final trainer_log.jsonl
Qwen2.5-7B · LoRA-v1,Qwen2.5-7B,LoRA-v1,4150,0.59391771019678,1.6323,9.710959030431167e-05,final trainer_log.jsonl
Qwen2.5-7B · LoRA-v1,Qwen2.5-7B,LoRA-v1,4160,0.5953488372093023,1.822,9.70816279898952e-05,final trainer_log.jsonl
Qwen2.5-7B · LoRA-v1,Qwen2.5-7B,LoRA-v1,4170,0.5967799642218247,1.7775,9.70535351349349e-05,final trainer_log.jsonl
Qwen2.5-7B · LoRA-v1,Qwen2.5-7B,LoRA-v1,4180,0.598211091234347,1.773,9.702531181732221e-05,final trainer_log.jsonl
Qwen2.5-7B · LoRA-v1,Qwen2.5-7B,LoRA-v1,4190,0.5996422182468694,1.8079,9.699695811531033e-05,final trainer_log.jsonl
Qwen2.5-7B · LoRA-v1,Qwen2.5-7B,LoRA-v1,4200,0.6010733452593918,1.922,9.696847410751397e-05,final trainer_log.jsonl
Qwen2.5-7B · LoRA-v1,Qwen2.5-7B,LoRA-v1,4210,0.6025044722719142,1.7913,9.693985987290908e-05,final trainer_log.jsonl
Qwen2.5-7B · LoRA-v1,Qwen2.5-7B,LoRA-v1,4220,0.6039355992844365,1.6469,9.691111549083274e-05,final trainer_log.jsonl
Qwen2.5-7B · LoRA-v1,Qwen2.5-7B,LoRA-v1,4230,0.6053667262969589,1.8004,9.688224104098284e-05,final trainer_log.jsonl
Qwen2.5-7B · LoRA-v1,Qwen2.5-7B,LoRA-v1,4240,0.6067978533094812,1.7413,9.685323660341795e-05,final trainer_log.jsonl
Qwen2.5-7B · LoRA-v1,Qwen2.5-7B,LoRA-v1,4250,0.6082289803220036,1.7842,9.682410225855698e-05,final trainer_log.jsonl
Qwen2.5-7B · LoRA-v1,Qwen2.5-7B,LoRA-v1,4260,0.6096601073345259,1.8774,9.679483808717909e-05,final trainer_log.jsonl
Qwen2.5-7B · LoRA-v1,Qwen2.5-7B,LoRA-v1,4270,0.6110912343470483,1.7646,9.676544417042337e-05,final trainer_log.jsonl
Qwen2.5-7B · LoRA-v1,Qwen2.5-7B,LoRA-v1,4280,0.6125223613595706,1.739,9.673592058978866e-05,final trainer_log.jsonl
Qwen2.5-7B · LoRA-v1,Qwen2.5-7B,LoRA-v1,4290,0.6139534883720931,1.667,9.670626742713331e-05,final trainer_log.jsonl
Qwen2.5-7B · LoRA-v1,Qwen2.5-7B,LoRA-v1,4300,0.6153846153846154,1.6101,9.667648476467494e-05,final trainer_log.jsonl
Qwen2.5-7B · LoRA-v1,Qwen2.5-7B,LoRA-v1,4310,0.6168157423971378,1.847,9.664657268499025e-05,final trainer_log.jsonl
Qwen2.5-7B · LoRA-v1,Qwen2.5-7B,LoRA-v1,4320,0.6182468694096601,1.6467,9.661653127101475e-05,final trainer_log.jsonl
Qwen2.5-7B · LoRA-v1,Qwen2.5-7B,LoRA-v1,4330,0.6196779964221825,1.8428,9.658636060604258e-05,final trainer_log.jsonl
Qwen2.5-7B · LoRA-v1,Qwen2.5-7B,LoRA-v1,4340,0.6211091234347048,1.7171,9.655606077372618e-05,final trainer_log.jsonl
Qwen2.5-7B · LoRA-v1,Qwen2.5-7B,LoRA-v1,4350,0.6225402504472272,1.9103,9.65256318580762e-05,final trainer_log.jsonl
Qwen2.5-7B · LoRA-v1,Qwen2.5-7B,LoRA-v1,4360,0.6239713774597495,1.6548,9.649507394346113e-05,final trainer_log.jsonl
Qwen2.5-7B · LoRA-v1,Qwen2.5-7B,LoRA-v1,4370,0.625402504472272,1.7452,9.646438711460716e-05,final trainer_log.jsonl
Qwen2.5-7B · LoRA-v1,Qwen2.5-7B,LoRA-v1,4380,0.6268336314847943,1.7807,9.643357145659795e-05,final trainer_log.jsonl
Qwen2.5-7B · LoRA-v1,Qwen2.5-7B,LoRA-v1,4390,0.6282647584973167,1.752,9.640262705487428e-05,final trainer_log.jsonl
Qwen2.5-7B · LoRA-v1,Qwen2.5-7B,LoRA-v1,4400,0.629695885509839,1.7588,9.637155399523393e-05,final trainer_log.jsonl
Qwen2.5-7B · LoRA-v1,Qwen2.5-7B,LoRA-v1,4410,0.6311270125223614,1.6024,9.634035236383141e-05,final trainer_log.jsonl
Qwen2.5-7B · LoRA-v1,Qwen2.5-7B,LoRA-v1,4420,0.6325581395348837,1.8591,9.63090222471777e-05,final trainer_log.jsonl
Qwen2.5-7B · LoRA-v1,Qwen2.5-7B,LoRA-v1,4430,0.6339892665474061,1.7755,9.627756373214e-05,final trainer_log.jsonl
Qwen2.5-7B · LoRA-v1,Qwen2.5-7B,LoRA-v1,4440,0.6354203935599284,1.9573,9.62459769059416e-05,final trainer_log.jsonl
Qwen2.5-7B · LoRA-v1,Qwen2.5-7B,LoRA-v1,4450,0.6368515205724508,1.7444,9.621426185616145e-05,final trainer_log.jsonl
Qwen2.5-7B · LoRA-v1,Qwen2.5-7B,LoRA-v1,4460,0.6382826475849732,1.8624,9.618241867073405e-05,final trainer_log.jsonl
Qwen2.5-7B · LoRA-v1,Qwen2.5-7B,LoRA-v1,4470,0.6397137745974956,1.6885,9.61504474379492e-05,final trainer_log.jsonl
Qwen2.5-7B · LoRA-v1,Qwen2.5-7B,LoRA-v1,4480,0.6411449016100179,1.6797,9.611834824645171e-05,final trainer_log.jsonl
Qwen2.5-7B · LoRA-v1,Qwen2.5-7B,LoRA-v1,4490,0.6425760286225403,1.6809,9.608612118524119e-05,final trainer_log.jsonl
Qwen2.5-7B · LoRA-v1,Qwen2.5-7B,LoRA-v1,4500,0.6440071556350626,1.7381,9.605376634367176e-05,final trainer_log.jsonl
Qwen2.5-7B · LoRA-v1,Qwen2.5-7B,LoRA-v1,4510,0.645438282647585,1.8226,9.602128381145186e-05,final trainer_log.jsonl
Qwen2.5-7B · LoRA-v1,Qwen2.5-7B,LoRA-v1,4520,0.6468694096601073,1.8633,9.598867367864392e-05,final trainer_log.jsonl
Qwen2.5-7B · LoRA-v1,Qwen2.5-7B,LoRA-v1,4530,0.6483005366726297,1.8867,9.595593603566422e-05,final trainer_log.jsonl
Qwen2.5-7B · LoRA-v1,Qwen2.5-7B,LoRA-v1,4540,0.649731663685152,2.0245,9.592307097328255e-05,final trainer_log.jsonl
Qwen2.5-7B · LoRA-v1,Qwen2.5-7B,LoRA-v1,4550,0.6511627906976745,1.6721,9.589007858262198e-05,final trainer_log.jsonl
Qwen2.5-7B · LoRA-v1,Qwen2.5-7B,LoRA-v1,4560,0.6525939177101968,1.7139,9.585695895515866e-05,final trainer_log.jsonl
Qwen2.5-7B · LoRA-v1,Qwen2.5-7B,LoRA-v1,4570,0.6540250447227192,1.7897,9.582371218272145e-05,final trainer_log.jsonl
Qwen2.5-7B · LoRA-v1,Qwen2.5-7B,LoRA-v1,4580,0.6554561717352415,1.8259,9.579033835749183e-05,final trainer_log.jsonl
Qwen2.5-7B · LoRA-v1,Qwen2.5-7B,LoRA-v1,4590,0.6568872987477639,1.8986,9.575683757200346e-05,final trainer_log.jsonl
Qwen2.5-7B · LoRA-v1,Qwen2.5-7B,LoRA-v1,4600,0.6583184257602862,2.0677,9.572320991914209e-05,final trainer_log.jsonl
Qwen2.5-7B · LoRA-v1,Qwen2.5-7B,LoRA-v1,4610,0.6597495527728086,1.7028,9.568945549214517e-05,final trainer_log.jsonl
Qwen2.5-7B · LoRA-v1,Qwen2.5-7B,LoRA-v1,4620,0.6611806797853309,1.6163,9.565557438460167e-05,final trainer_log.jsonl
Qwen2.5-7B · LoRA-v1,Qwen2.5-7B,LoRA-v1,4630,0.6626118067978534,1.603,9.56215666904518e-05,final trainer_log.jsonl
Qwen2.5-7B · LoRA-v1,Qwen2.5-7B,LoRA-v1,4640,0.6640429338103757,1.6939,9.558743250398679e-05,final trainer_log.jsonl
Qwen2.5-7B · LoRA-v1,Qwen2.5-7B,LoRA-v1,4650,0.6654740608228981,1.8734,9.555317191984851e-05,final trainer_log.jsonl
Qwen2.5-7B · LoRA-v1,Qwen2.5-7B,LoRA-v1,4660,0.6669051878354204,1.6073,9.551878503302936e-05,final trainer_log.jsonl
Qwen2.5-7B · LoRA-v1,Qwen2.5-7B,LoRA-v1,4670,0.6683363148479428,1.8585,9.548427193887189e-05,final trainer_log.jsonl
Qwen2.5-7B · LoRA-v1,Qwen2.5-7B,LoRA-v1,4680,0.6697674418604651,1.7191,9.544963273306856e-05,final trainer_log.jsonl
Qwen2.5-7B · LoRA-v1,Qwen2.5-7B,LoRA-v1,4690,0.6711985688729875,1.5822,9.541486751166155e-05,final trainer_log.jsonl
Qwen2.5-7B · LoRA-v1,Qwen2.5-7B,LoRA-v1,4700,0.6726296958855098,1.6978,9.537997637104239e-05,final trainer_log.jsonl
Qwen2.5-7B · LoRA-v1,Qwen2.5-7B,LoRA-v1,4710,0.6740608228980322,1.7672,9.534495940795178e-05,final trainer_log.jsonl
Qwen2.5-7B · LoRA-v1,Qwen2.5-7B,LoRA-v1,4720,0.6754919499105546,1.6837,9.530981671947923e-05,final trainer_log.jsonl
Qwen2.5-7B · LoRA-v1,Qwen2.5-7B,LoRA-v1,4730,0.676923076923077,1.8865,9.527454840306287e-05,final trainer_log.jsonl
Qwen2.5-7B · LoRA-v1,Qwen2.5-7B,LoRA-v1,4740,0.6783542039355993,1.8399,9.523915455648915e-05,final trainer_log.jsonl
Qwen2.5-7B · LoRA-v1,Qwen2.5-7B,LoRA-v1,4750,0.6797853309481217,1.8738,9.520363527789259e-05,final trainer_log.jsonl
Qwen2.5-7B · LoRA-v1,Qwen2.5-7B,LoRA-v1,4760,0.681216457960644,1.7382,9.516799066575544e-05,final trainer_log.jsonl
Qwen2.5-7B · LoRA-v1,Qwen2.5-7B,LoRA-v1,4770,0.6826475849731664,1.8433,9.51322208189075e-05,final trainer_log.jsonl
Qwen2.5-7B · LoRA-v1,Qwen2.5-7B,LoRA-v1,4780,0.6840787119856887,1.6131,9.509632583652577e-05,final trainer_log.jsonl
Qwen2.5-7B · LoRA-v1,Qwen2.5-7B,LoRA-v1,4790,0.685509838998211,1.7516,9.506030581813422e-05,final trainer_log.jsonl
Qwen2.5-7B · LoRA-v1,Qwen2.5-7B,LoRA-v1,4800,0.6869409660107334,1.7998,9.50241608636035e-05,final trainer_log.jsonl
Qwen2.5-7B · LoRA-v1,Qwen2.5-7B,LoRA-v1,4810,0.6883720930232559,1.7283,9.49878910731507e-05,final trainer_log.jsonl
Qwen2.5-7B · LoRA-v1,Qwen2.5-7B,LoRA-v1,4820,0.6898032200357782,1.765,9.495149654733895e-05,final trainer_log.jsonl
Qwen2.5-7B · LoRA-v1,Qwen2.5-7B,LoRA-v1,4830,0.6912343470483006,1.7017,9.491497738707728e-05,final trainer_log.jsonl
Qwen2.5-7B · LoRA-v1,Qwen2.5-7B,LoRA-v1,4840,0.6926654740608229,1.7101,9.487833369362032e-05,final trainer_log.jsonl
Qwen2.5-7B · LoRA-v1,Qwen2.5-7B,LoRA-v1,4850,0.6940966010733453,1.9703,9.484156556856791e-05,final trainer_log.jsonl
Qwen2.5-7B · LoRA-v1,Qwen2.5-7B,LoRA-v1,4860,0.6955277280858676,1.8771,9.480467311386496e-05,final trainer_log.jsonl
Qwen2.5-7B · LoRA-v1,Qwen2.5-7B,LoRA-v1,4870,0.69695885509839,1.7223,9.476765643180106e-05,final trainer_log.jsonl
Qwen2.5-7B · LoRA-v1,Qwen2.5-7B,LoRA-v1,4880,0.6983899821109123,1.6937,9.473051562501023e-05,final trainer_log.jsonl
Qwen2.5-7B · LoRA-v1,Qwen2.5-7B,LoRA-v1,4890,0.6998211091234348,1.8404,9.469325079647072e-05,final trainer_log.jsonl
Qwen2.5-7B · LoRA-v1,Qwen2.5-7B,LoRA-v1,4900,0.7012522361359571,1.7989,9.465586204950454e-05,final trainer_log.jsonl
Qwen2.5-7B · LoRA-v1,Qwen2.5-7B,LoRA-v1,4910,0.7026833631484795,1.749,9.461834948777736e-05,final trainer_log.jsonl
Qwen2.5-7B · LoRA-v1,Qwen2.5-7B,LoRA-v1,4920,0.7041144901610018,1.8447,9.458071321529813e-05,final trainer_log.jsonl
Qwen2.5-7B · LoRA-v1,Qwen2.5-7B,LoRA-v1,4930,0.7055456171735242,1.7281,9.454295333641879e-05,final trainer_log.jsonl
Qwen2.5-7B · LoRA-v1,Qwen2.5-7B,LoRA-v1,4940,0.7069767441860465,1.8397,9.450506995583399e-05,final trainer_log.jsonl
Qwen2.5-7B · LoRA-v1,Qwen2.5-7B,LoRA-v1,4950,0.7084078711985689,1.9474,9.446706317858083e-05,final trainer_log.jsonl
Qwen2.5-7B · LoRA-v1,Qwen2.5-7B,LoRA-v1,4960,0.7098389982110912,1.8695,9.442893311003851e-05,final trainer_log.jsonl
Qwen2.5-7B · LoRA-v1,Qwen2.5-7B,LoRA-v1,4970,0.7112701252236135,1.8717,9.439067985592813e-05,final trainer_log.jsonl
Qwen2.5-7B · LoRA-v1,Qwen2.5-7B,LoRA-v1,4980,0.712701252236136,1.7596,9.435230352231229e-05,final trainer_log.jsonl
Qwen2.5-7B · LoRA-v1,Qwen2.5-7B,LoRA-v1,4990,0.7141323792486584,1.818,9.431380421559484e-05,final trainer_log.jsonl
Qwen2.5-7B · LoRA-v1,Qwen2.5-7B,LoRA-v1,5000,0.7155635062611807,1.668,9.427518204252064e-05,final trainer_log.jsonl
Qwen2.5-7B · LoRA-v1,Qwen2.5-7B,LoRA-v1,5010,0.716994633273703,1.7554,9.423643711017517e-05,final trainer_log.jsonl
Qwen2.5-7B · LoRA-v1,Qwen2.5-7B,LoRA-v1,5020,0.7184257602862254,1.7929,9.419756952598431e-05,final trainer_log.jsonl
Qwen2.5-7B · LoRA-v1,Qwen2.5-7B,LoRA-v1,5030,0.7198568872987477,1.787,9.415857939771399e-05,final trainer_log.jsonl
Qwen2.5-7B · LoRA-v1,Qwen2.5-7B,LoRA-v1,5040,0.7212880143112701,1.8255,9.41194668334699e-05,final trainer_log.jsonl
Qwen2.5-7B · LoRA-v1,Qwen2.5-7B,LoRA-v1,5050,0.7227191413237924,1.7408,9.408023194169722e-05,final trainer_log.jsonl
Qwen2.5-7B · LoRA-v1,Qwen2.5-7B,LoRA-v1,5060,0.7241502683363148,1.7969,9.404087483118029e-05,final trainer_log.jsonl
Qwen2.5-7B · LoRA-v1,Qwen2.5-7B,LoRA-v1,5070,0.7255813953488373,1.8579,9.400139561104234e-05,final trainer_log.jsonl
Qwen2.5-7B · LoRA-v1,Qwen2.5-7B,LoRA-v1,5080,0.7270125223613596,1.7678,9.396179439074515e-05,final trainer_log.jsonl
Qwen2.5-7B · LoRA-v1,Qwen2.5-7B,LoRA-v1,5090,0.728443649373882,1.8503,9.392207128008874e-05,final trainer_log.jsonl
Qwen2.5-7B · LoRA-v1,Qwen2.5-7B,LoRA-v1,5100,0.7298747763864043,1.6332,9.388222638921116e-05,final trainer_log.jsonl
Qwen2.5-7B · LoRA-v1,Qwen2.5-7B,LoRA-v1,5110,0.7313059033989266,1.7036,9.384225982858801e-05,final trainer_log.jsonl
Qwen2.5-7B · LoRA-v1,Qwen2.5-7B,LoRA-v1,5120,0.732737030411449,1.7972,9.380217170903234e-05,final trainer_log.jsonl
Qwen2.5-7B · LoRA-v1,Qwen2.5-7B,LoRA-v1,5130,0.7341681574239713,1.6606,9.376196214169417e-05,final trainer_log.jsonl
Qwen2.5-7B · LoRA-v1,Qwen2.5-7B,LoRA-v1,5140,0.7355992844364937,1.7061,9.372163123806026e-05,final trainer_log.jsonl
Qwen2.5-7B · LoRA-v1,Qwen2.5-7B,LoRA-v1,5150,0.7370304114490162,1.7605,9.368117910995384e-05,final trainer_log.jsonl
Qwen2.5-7B · LoRA-v1,Qwen2.5-7B,LoRA-v1,5160,0.7384615384615385,1.8985,9.364060586953418e-05,final trainer_log.jsonl
Qwen2.5-7B · LoRA-v1,Qwen2.5-7B,LoRA-v1,5170,0.7398926654740609,1.7734,9.359991162929641e-05,final trainer_log.jsonl
Qwen2.5-7B · LoRA-v1,Qwen2.5-7B,LoRA-v1,5180,0.7413237924865832,1.768,9.355909650207114e-05,final trainer_log.jsonl
Qwen2.5-7B · LoRA-v1,Qwen2.5-7B,LoRA-v1,5190,0.7427549194991055,1.8099,9.351816060102412e-05,final trainer_log.jsonl
Qwen2.5-7B · LoRA-v1,Qwen2.5-7B,LoRA-v1,5200,0.7441860465116279,1.5682,9.3477104039656e-05,final trainer_log.jsonl
Qwen2.5-7B · LoRA-v1,Qwen2.5-7B,LoRA-v1,5210,0.7456171735241502,1.9372,9.343592693180196e-05,final trainer_log.jsonl
Qwen2.5-7B · LoRA-v1,Qwen2.5-7B,LoRA-v1,5220,0.7470483005366726,1.7467,9.339462939163142e-05,final trainer_log.jsonl
Qwen2.5-7B · LoRA-v1,Qwen2.5-7B,LoRA-v1,5230,0.7484794275491949,1.819,9.335321153364771e-05,final trainer_log.jsonl
Qwen2.5-7B · LoRA-v1,Qwen2.5-7B,LoRA-v1,5240,0.7499105545617174,1.854,9.331167347268776e-05,final trainer_log.jsonl
Qwen2.5-7B · LoRA-v1,Qwen2.5-7B,LoRA-v1,5250,0.7513416815742398,1.6183,9.327001532392181e-05,final trainer_log.jsonl
Qwen2.5-7B · LoRA-v1,Qwen2.5-7B,LoRA-v1,5260,0.7527728085867621,1.6118,9.322823720285299e-05,final trainer_log.jsonl
Qwen2.5-7B · LoRA-v1,Qwen2.5-7B,LoRA-v1,5270,0.7542039355992844,1.8706,9.318633922531715e-05,final trainer_log.jsonl
Qwen2.5-7B · LoRA-v1,Qwen2.5-7B,LoRA-v1,5280,0.7556350626118068,1.7377,9.31443215074824e-05,final trainer_log.jsonl
Qwen2.5-7B · LoRA-v1,Qwen2.5-7B,LoRA-v1,5290,0.7570661896243291,2.0027,9.310218416584886e-05,final trainer_log.jsonl
Qwen2.5-7B · LoRA-v1,Qwen2.5-7B,LoRA-v1,5300,0.7584973166368515,1.9349,9.305992731724836e-05,final trainer_log.jsonl
Qwen2.5-7B · LoRA-v1,Qwen2.5-7B,LoRA-v1,5310,0.7599284436493738,1.7844,9.301755107884404e-05,final trainer_log.jsonl
Qwen2.5-7B · LoRA-v1,Qwen2.5-7B,LoRA-v1,5320,0.7613595706618962,1.9213,9.297505556813006e-05,final trainer_log.jsonl
Qwen2.5-7B · LoRA-v1,Qwen2.5-7B,LoRA-v1,5330,0.7627906976744186,1.8211,9.293244090293134e-05,final trainer_log.jsonl
Qwen2.5-7B · LoRA-v1,Qwen2.5-7B,LoRA-v1,5340,0.764221824686941,1.8733,9.288970720140311e-05,final trainer_log.jsonl
Qwen2.5-7B · LoRA-v1,Qwen2.5-7B,LoRA-v1,5350,0.7656529516994633,1.6396,9.284685458203065e-05,final trainer_log.jsonl
Qwen2.5-7B · LoRA-v1,Qwen2.5-7B,LoRA-v1,5360,0.7670840787119857,1.6236,9.280388316362899e-05,final trainer_log.jsonl
Qwen2.5-7B · LoRA-v1,Qwen2.5-7B,LoRA-v1,5370,0.768515205724508,1.7073,9.276079306534254e-05,final trainer_log.jsonl
Qwen2.5-7B · LoRA-v1,Qwen2.5-7B,LoRA-v1,5380,0.7699463327370304,1.7947,9.271758440664471e-05,final trainer_log.jsonl
Qwen2.5-7B · LoRA-v1,Qwen2.5-7B,LoRA-v1,5390,0.7713774597495527,1.8813,9.267425730733775e-05,final trainer_log.jsonl
Qwen2.5-7B · LoRA-v1,Qwen2.5-7B,LoRA-v1,5400,0.7728085867620751,1.7024,9.26308118875522e-05,final trainer_log.jsonl
Qwen2.5-7B · LoRA-v1,Qwen2.5-7B,LoRA-v1,5410,0.7742397137745975,1.5632,9.258724826774669e-05,final trainer_log.jsonl
Qwen2.5-7B · LoRA-v1,Qwen2.5-7B,LoRA-v1,5420,0.7756708407871199,1.6653,9.25435665687076e-05,final trainer_log.jsonl
Qwen2.5-7B · LoRA-v1,Qwen2.5-7B,LoRA-v1,5430,0.7771019677996422,1.5884,9.249976691154867e-05,final trainer_log.jsonl
Qwen2.5-7B · LoRA-v1,Qwen2.5-7B,LoRA-v1,5440,0.7785330948121646,1.606,9.245584941771072e-05,final trainer_log.jsonl
Qwen2.5-7B · LoRA-v1,Qwen2.5-7B,LoRA-v1,5450,0.7799642218246869,1.8902,9.241181420896129e-05,final trainer_log.jsonl
Qwen2.5-7B · LoRA-v1,Qwen2.5-7B,LoRA-v1,5460,0.7813953488372093,1.7926,9.236766140739429e-05,final trainer_log.jsonl
Qwen2.5-7B · LoRA-v1,Qwen2.5-7B,LoRA-v1,5470,0.7828264758497316,1.6849,9.232339113542963e-05,final trainer_log.jsonl
Qwen2.5-7B · LoRA-v1,Qwen2.5-7B,LoRA-v1,5480,0.784257602862254,1.9321,9.227900351581302e-05,final trainer_log.jsonl
Qwen2.5-7B · LoRA-v1,Qwen2.5-7B,LoRA-v1,5490,0.7856887298747763,1.942,9.223449867161546e-05,final trainer_log.jsonl
Qwen2.5-7B · LoRA-v1,Qwen2.5-7B,LoRA-v1,5500,0.7871198568872988,1.7226,9.218987672623299e-05,final trainer_log.jsonl
Qwen2.5-7B · LoRA-v1,Qwen2.5-7B,LoRA-v1,5510,0.7885509838998211,1.7157,9.214513780338634e-05,final trainer_log.jsonl
Qwen2.5-7B · LoRA-v1,Qwen2.5-7B,LoRA-v1,5520,0.7899821109123435,1.7863,9.210028202712056e-05,final trainer_log.jsonl
Qwen2.5-7B · LoRA-v1,Qwen2.5-7B,LoRA-v1,5530,0.7914132379248658,1.7657,9.20553095218047e-05,final trainer_log.jsonl
Qwen2.5-7B · LoRA-v1,Qwen2.5-7B,LoRA-v1,5540,0.7928443649373882,1.8081,9.201022041213148e-05,final trainer_log.jsonl
Qwen2.5-7B · LoRA-v1,Qwen2.5-7B,LoRA-v1,5550,0.7942754919499105,1.6568,9.196501482311687e-05,final trainer_log.jsonl
Qwen2.5-7B · LoRA-v1,Qwen2.5-7B,LoRA-v1,5560,0.7957066189624329,1.765,9.191969288009988e-05,final trainer_log.jsonl
Qwen2.5-7B · LoRA-v1,Qwen2.5-7B,LoRA-v1,5570,0.7971377459749552,1.6149,9.187425470874201e-05,final trainer_log.jsonl
Qwen2.5-7B · LoRA-v1,Qwen2.5-7B,LoRA-v1,5580,0.7985688729874776,1.8498,9.182870043502713e-05,final trainer_log.jsonl
Qwen2.5-7B · LoRA-v1,Qwen2.5-7B,LoRA-v1,5590,0.8,1.806,9.178303018526096e-05,final trainer_log.jsonl
Qwen2.5-7B · LoRA-v1,Qwen2.5-7B,LoRA-v1,5600,0.8014311270125224,1.5779,9.17372440860708e-05,final trainer_log.jsonl
Qwen2.5-7B · LoRA-v1,Qwen2.5-7B,LoRA-v1,5610,0.8028622540250447,1.7624,9.169134226440515e-05,final trainer_log.jsonl
Qwen2.5-7B · LoRA-v1,Qwen2.5-7B,LoRA-v1,5620,0.8042933810375671,1.618,9.164532484753337e-05,final trainer_log.jsonl
Qwen2.5-7B · LoRA-v1,Qwen2.5-7B,LoRA-v1,5630,0.8057245080500894,1.6791,9.159919196304536e-05,final trainer_log.jsonl
Qwen2.5-7B · LoRA-v1,Qwen2.5-7B,LoRA-v1,5640,0.8071556350626118,1.7833,9.155294373885108e-05,final trainer_log.jsonl
Qwen2.5-7B · LoRA-v1,Qwen2.5-7B,LoRA-v1,5650,0.8085867620751341,1.6109,9.150658030318037e-05,final trainer_log.jsonl
Qwen2.5-7B · LoRA-v1,Qwen2.5-7B,LoRA-v1,5660,0.8100178890876565,1.7935,9.146010178458251e-05,final trainer_log.jsonl
Qwen2.5-7B · LoRA-v1,Qwen2.5-7B,LoRA-v1,5670,0.8114490161001789,1.7382,9.14135083119258e-05,final trainer_log.jsonl
Qwen2.5-7B · LoRA-v1,Qwen2.5-7B,LoRA-v1,5680,0.8128801431127013,1.8258,9.13668000143973e-05,final trainer_log.jsonl
Qwen2.5-7B · LoRA-v1,Qwen2.5-7B,LoRA-v1,5690,0.8143112701252236,1.8178,9.131997702150248e-05,final trainer_log.jsonl
Qwen2.5-7B · LoRA-v1,Qwen2.5-7B,LoRA-v1,5700,0.815742397137746,1.5908,9.127303946306474e-05,final trainer_log.jsonl
Qwen2.5-7B · LoRA-v1,Qwen2.5-7B,LoRA-v1,5710,0.8171735241502683,1.8375,9.12259874692252e-05,final trainer_log.jsonl
Qwen2.5-7B · LoRA-v1,Qwen2.5-7B,LoRA-v1,5720,0.8186046511627907,1.7849,9.117882117044222e-05,final trainer_log.jsonl
Qwen2.5-7B · LoRA-v1,Qwen2.5-7B,LoRA-v1,5730,0.820035778175313,1.834,9.113154069749111e-05,final trainer_log.jsonl
Qwen2.5-7B · LoRA-v1,Qwen2.5-7B,LoRA-v1,5740,0.8214669051878354,1.8212,9.108414618146374e-05,final trainer_log.jsonl
Qwen2.5-7B · LoRA-v1,Qwen2.5-7B,LoRA-v1,5750,0.8228980322003577,1.847,9.103663775376821e-05,final trainer_log.jsonl
Qwen2.5-7B · LoRA-v1,Qwen2.5-7B,LoRA-v1,5760,0.8243291592128802,1.7516,9.098901554612837e-05,final trainer_log.jsonl
Qwen2.5-7B · LoRA-v1,Qwen2.5-7B,LoRA-v1,5770,0.8257602862254025,1.8176,9.094127969058364e-05,final trainer_log.jsonl
Qwen2.5-7B · LoRA-v1,Qwen2.5-7B,LoRA-v1,5780,0.8271914132379249,1.7728,9.08934303194885e-05,final trainer_log.jsonl
Qwen2.5-7B · LoRA-v1,Qwen2.5-7B,LoRA-v1,5790,0.8286225402504472,1.8743,9.084546756551215e-05,final trainer_log.jsonl
Qwen2.5-7B · LoRA-v1,Qwen2.5-7B,LoRA-v1,5800,0.8300536672629696,1.7658,9.07973915616382e-05,final trainer_log.jsonl
Qwen2.5-7B · LoRA-v1,Qwen2.5-7B,LoRA-v1,5810,0.8314847942754919,1.8474,9.074920244116422e-05,final trainer_log.jsonl
Qwen2.5-7B · LoRA-v1,Qwen2.5-7B,LoRA-v1,5820,0.8329159212880143,1.9294,9.070090033770148e-05,final trainer_log.jsonl
Qwen2.5-7B · LoRA-v1,Qwen2.5-7B,LoRA-v1,5830,0.8343470483005366,1.8071,9.065248538517442e-05,final trainer_log.jsonl
Qwen2.5-7B · LoRA-v1,Qwen2.5-7B,LoRA-v1,5840,0.835778175313059,1.4677,9.060395771782044e-05,final trainer_log.jsonl
Qwen2.5-7B · LoRA-v1,Qwen2.5-7B,LoRA-v1,5850,0.8372093023255814,1.6046,9.055531747018944e-05,final trainer_log.jsonl
Qwen2.5-7B · LoRA-v1,Qwen2.5-7B,LoRA-v1,5860,0.8386404293381038,1.7905,9.050656477714346e-05,final trainer_log.jsonl
Qwen2.5-7B · LoRA-v1,Qwen2.5-7B,LoRA-v1,5870,0.8400715563506261,1.8553,9.045769977385627e-05,final trainer_log.jsonl
Qwen2.5-7B · LoRA-v1,Qwen2.5-7B,LoRA-v1,5880,0.8415026833631485,1.6377,9.040872259581312e-05,final trainer_log.jsonl
Qwen2.5-7B · LoRA-v1,Qwen2.5-7B,LoRA-v1,5890,0.8429338103756708,1.8187,9.035963337881024e-05,final trainer_log.jsonl
Qwen2.5-7B · LoRA-v1,Qwen2.5-7B,LoRA-v1,5900,0.8443649373881932,1.7554,9.031043225895447e-05,final trainer_log.jsonl
Qwen2.5-7B · LoRA-v1,Qwen2.5-7B,LoRA-v1,5910,0.8457960644007155,1.6141,9.026111937266297e-05,final trainer_log.jsonl
Qwen2.5-7B · LoRA-v1,Qwen2.5-7B,LoRA-v1,5920,0.8472271914132379,1.6982,9.021169485666276e-05,final trainer_log.jsonl
Qwen2.5-7B · LoRA-v1,Qwen2.5-7B,LoRA-v1,5930,0.8486583184257603,1.7545,9.016215884799038e-05,final trainer_log.jsonl
Qwen2.5-7B · LoRA-v1,Qwen2.5-7B,LoRA-v1,5940,0.8500894454382827,1.721,9.01125114839915e-05,final trainer_log.jsonl
Qwen2.5-7B · LoRA-v1,Qwen2.5-7B,LoRA-v1,5950,0.851520572450805,1.8786,9.006275290232049e-05,final trainer_log.jsonl
Qwen2.5-7B · LoRA-v1,Qwen2.5-7B,LoRA-v1,5960,0.8529516994633274,1.7682,9.001288324094019e-05,final trainer_log.jsonl
Qwen2.5-7B · LoRA-v1,Qwen2.5-7B,LoRA-v1,5970,0.8543828264758497,1.7408,8.996290263812136e-05,final trainer_log.jsonl
Qwen2.5-7B · LoRA-v1,Qwen2.5-7B,LoRA-v1,5980,0.8558139534883721,1.7049,8.991281123244232e-05,final trainer_log.jsonl
Qwen2.5-7B · LoRA-v1,Qwen2.5-7B,LoRA-v1,5990,0.8572450805008944,1.6032,8.986260916278868e-05,final trainer_log.jsonl
Qwen2.5-7B · LoRA-v1,Qwen2.5-7B,LoRA-v1,6000,0.8586762075134168,1.7483,8.981229656835286e-05,final trainer_log.jsonl
Qwen2.5-7B · LoRA-v1,Qwen2.5-7B,LoRA-v1,6010,0.8601073345259391,1.706,8.976187358863372e-05,final trainer_log.jsonl
Qwen2.5-7B · LoRA-v1,Qwen2.5-7B,LoRA-v1,6020,0.8615384615384616,1.8245,8.971134036343616e-05,final trainer_log.jsonl
Qwen2.5-7B · LoRA-v1,Qwen2.5-7B,LoRA-v1,6030,0.8629695885509839,1.7765,8.966069703287079e-05,final trainer_log.jsonl
Qwen2.5-7B · LoRA-v1,Qwen2.5-7B,LoRA-v1,6040,0.8644007155635063,1.8105,8.960994373735349e-05,final trainer_log.jsonl
Qwen2.5-7B · LoRA-v1,Qwen2.5-7B,LoRA-v1,6050,0.8658318425760286,1.7007,8.9559080617605e-05,final trainer_log.jsonl
Qwen2.5-7B · LoRA-v1,Qwen2.5-7B,LoRA-v1,6060,0.867262969588551,1.5049,8.95081078146506e-05,final trainer_log.jsonl
Qwen2.5-7B · LoRA-v1,Qwen2.5-7B,LoRA-v1,6070,0.8686940966010733,1.6557,8.945702546981969e-05,final trainer_log.jsonl
Qwen2.5-7B · LoRA-v1,Qwen2.5-7B,LoRA-v1,6080,0.8701252236135957,1.74,8.940583372474534e-05,final trainer_log.jsonl
Qwen2.5-7B · LoRA-v1,Qwen2.5-7B,LoRA-v1,6090,0.871556350626118,1.7509,8.935453272136402e-05,final trainer_log.jsonl
Qwen2.5-7B · LoRA-v1,Qwen2.5-7B,LoRA-v1,6100,0.8729874776386404,1.7174,8.930312260191507e-05,final trainer_log.jsonl
Qwen2.5-7B · LoRA-v1,Qwen2.5-7B,LoRA-v1,6110,0.8744186046511628,1.7072,8.92516035089404e-05,final trainer_log.jsonl
Qwen2.5-7B · LoRA-v1,Qwen2.5-7B,LoRA-v1,6120,0.8758497316636852,1.8071,8.919997558528406e-05,final trainer_log.jsonl
Qwen2.5-7B · LoRA-v1,Qwen2.5-7B,LoRA-v1,6130,0.8772808586762075,1.8947,8.914823897409185e-05,final trainer_log.jsonl
Qwen2.5-7B · LoRA-v1,Qwen2.5-7B,LoRA-v1,6140,0.8787119856887299,1.8554,8.909639381881092e-05,final trainer_log.jsonl
Qwen2.5-7B · LoRA-v1,Qwen2.5-7B,LoRA-v1,6150,0.8801431127012522,2.0459,8.904444026318939e-05,final trainer_log.jsonl
Qwen2.5-7B · LoRA-v1,Qwen2.5-7B,LoRA-v1,6160,0.8815742397137746,1.8251,8.899237845127588e-05,final trainer_log.jsonl
Qwen2.5-7B · LoRA-v1,Qwen2.5-7B,LoRA-v1,6170,0.8830053667262969,1.5234,8.894020852741925e-05,final trainer_log.jsonl
Qwen2.5-7B · LoRA-v1,Qwen2.5-7B,LoRA-v1,6180,0.8844364937388193,1.6822,8.888793063626803e-05,final trainer_log.jsonl
Qwen2.5-7B · LoRA-v1,Qwen2.5-7B,LoRA-v1,6190,0.8858676207513417,1.8461,8.883554492277018e-05,final trainer_log.jsonl
Qwen2.5-7B · LoRA-v1,Qwen2.5-7B,LoRA-v1,6200,0.8872987477638641,1.7503,8.878305153217257e-05,final trainer_log.jsonl
Qwen2.5-7B · LoRA-v1,Qwen2.5-7B,LoRA-v1,6210,0.8887298747763864,1.8211,8.873045061002061e-05,final trainer_log.jsonl
Qwen2.5-7B · LoRA-v1,Qwen2.5-7B,LoRA-v1,6220,0.8901610017889088,1.7166,8.867774230215791e-05,final trainer_log.jsonl
Qwen2.5-7B · LoRA-v1,Qwen2.5-7B,LoRA-v1,6230,0.8915921288014311,1.6723,8.862492675472576e-05,final trainer_log.jsonl
Qwen2.5-7B · LoRA-v1,Qwen2.5-7B,LoRA-v1,6240,0.8930232558139535,1.7126,8.857200411416282e-05,final trainer_log.jsonl
Qwen2.5-7B · LoRA-v1,Qwen2.5-7B,LoRA-v1,6250,0.8944543828264758,1.9245,8.851897452720468e-05,final trainer_log.jsonl
Qwen2.5-7B · LoRA-v1,Qwen2.5-7B,LoRA-v1,6260,0.8958855098389982,1.8406,8.846583814088347e-05,final trainer_log.jsonl
Qwen2.5-7B · LoRA-v1,Qwen2.5-7B,LoRA-v1,6270,0.8973166368515205,1.7648,8.841259510252738e-05,final trainer_log.jsonl
Qwen2.5-7B · LoRA-v1,Qwen2.5-7B,LoRA-v1,6280,0.898747763864043,1.8331,8.835924555976036e-05,final trainer_log.jsonl
Qwen2.5-7B · LoRA-v1,Qwen2.5-7B,LoRA-v1,6290,0.9001788908765653,1.8005,8.830578966050166e-05,final trainer_log.jsonl
Qwen2.5-7B · LoRA-v1,Qwen2.5-7B,LoRA-v1,6300,0.9016100178890877,1.6686,8.825222755296538e-05,final trainer_log.jsonl
Qwen2.5-7B · LoRA-v1,Qwen2.5-7B,LoRA-v1,6310,0.90304114490161,1.7173,8.819855938566013e-05,final trainer_log.jsonl
Qwen2.5-7B · LoRA-v1,Qwen2.5-7B,LoRA-v1,6320,0.9044722719141324,1.7366,8.814478530738856e-05,final trainer_log.jsonl
Qwen2.5-7B · LoRA-v1,Qwen2.5-7B,LoRA-v1,6330,0.9059033989266547,1.7883,8.809090546724702e-05,final trainer_log.jsonl
Qwen2.5-7B · LoRA-v1,Qwen2.5-7B,LoRA-v1,6340,0.9073345259391771,1.6518,8.803692001462505e-05,final trainer_log.jsonl
Qwen2.5-7B · LoRA-v1,Qwen2.5-7B,LoRA-v1,6350,0.9087656529516994,1.9284,8.798282909920503e-05,final trainer_log.jsonl
Qwen2.5-7B · LoRA-v1,Qwen2.5-7B,LoRA-v1,6360,0.9101967799642218,1.6608,8.792863287096176e-05,final trainer_log.jsonl
Qwen2.5-7B · LoRA-v1,Qwen2.5-7B,LoRA-v1,6370,0.9116279069767442,1.6092,8.787433148016204e-05,final trainer_log.jsonl
Qwen2.5-7B · LoRA-v1,Qwen2.5-7B,LoRA-v1,6380,0.9130590339892666,1.7955,8.781992507736422e-05,final trainer_log.jsonl
Qwen2.5-7B · LoRA-v1,Qwen2.5-7B,LoRA-v1,6390,0.9144901610017889,1.63,8.776541381341784e-05,final trainer_log.jsonl
Qwen2.5-7B · LoRA-v1,Qwen2.5-7B,LoRA-v1,6400,0.9159212880143113,1.791,8.771079783946317e-05,final trainer_log.jsonl
Qwen2.5-7B · LoRA-v1,Qwen2.5-7B,LoRA-v1,6410,0.9173524150268336,1.8317,8.765607730693081e-05,final trainer_log.jsonl
Qwen2.5-7B · LoRA-v1,Qwen2.5-7B,LoRA-v1,6420,0.918783542039356,1.8475,8.760125236754126e-05,final trainer_log.jsonl
Qwen2.5-7B · LoRA-v1,Qwen2.5-7B,LoRA-v1,6430,0.9202146690518783,1.7036,8.754632317330447e-05,final trainer_log.jsonl
Qwen2.5-7B · LoRA-v1,Qwen2.5-7B,LoRA-v1,6440,0.9216457960644007,1.7132,8.749128987651954e-05,final trainer_log.jsonl
Qwen2.5-7B · LoRA-v1,Qwen2.5-7B,LoRA-v1,6450,0.9230769230769231,1.6804,8.743615262977409e-05,final trainer_log.jsonl
Qwen2.5-7B · LoRA-v1,Qwen2.5-7B,LoRA-v1,6460,0.9245080500894455,1.829,8.738091158594407e-05,final trainer_log.jsonl
Qwen2.5-7B · LoRA-v1,Qwen2.5-7B,LoRA-v1,6470,0.9259391771019678,1.8352,8.732556689819315e-05,final trainer_log.jsonl
Qwen2.5-7B · LoRA-v1,Qwen2.5-7B,LoRA-v1,6480,0.9273703041144902,1.7608,8.727011871997237e-05,final trainer_log.jsonl
Qwen2.5-7B · LoRA-v1,Qwen2.5-7B,LoRA-v1,6490,0.9288014311270125,1.7041,8.721456720501976e-05,final trainer_log.jsonl
Qwen2.5-7B · LoRA-v1,Qwen2.5-7B,LoRA-v1,6500,0.9302325581395349,1.5685,8.715891250735983e-05,final trainer_log.jsonl
Qwen2.5-7B · LoRA-v1,Qwen2.5-7B,LoRA-v1,6510,0.9316636851520572,1.8083,8.710315478130317e-05,final trainer_log.jsonl
Qwen2.5-7B · LoRA-v1,Qwen2.5-7B,LoRA-v1,6520,0.9330948121645796,1.6946,8.704729418144606e-05,final trainer_log.jsonl
Qwen2.5-7B · LoRA-v1,Qwen2.5-7B,LoRA-v1,6530,0.9345259391771019,1.8777,8.699133086266999e-05,final trainer_log.jsonl
Qwen2.5-7B · LoRA-v1,Qwen2.5-7B,LoRA-v1,6540,0.9359570661896244,1.7331,8.693526498014126e-05,final trainer_log.jsonl
Qwen2.5-7B · LoRA-v1,Qwen2.5-7B,LoRA-v1,6550,0.9373881932021467,1.7875,8.687909668931056e-05,final trainer_log.jsonl
Qwen2.5-7B · LoRA-v1,Qwen2.5-7B,LoRA-v1,6560,0.9388193202146691,1.6372,8.682282614591248e-05,final trainer_log.jsonl
Qwen2.5-7B · LoRA-v1,Qwen2.5-7B,LoRA-v1,6570,0.9402504472271914,1.6583,8.676645350596518e-05,final trainer_log.jsonl
Qwen2.5-7B · LoRA-v1,Qwen2.5-7B,LoRA-v1,6580,0.9416815742397138,1.7706,8.670997892576982e-05,final trainer_log.jsonl
Qwen2.5-7B · LoRA-v1,Qwen2.5-7B,LoRA-v1,6590,0.9431127012522361,1.7089,8.665340256191028e-05,final trainer_log.jsonl
Qwen2.5-7B · LoRA-v1,Qwen2.5-7B,LoRA-v1,6600,0.9445438282647585,1.819,8.65967245712526e-05,final trainer_log.jsonl
Qwen2.5-7B · LoRA-v1,Qwen2.5-7B,LoRA-v1,6610,0.9459749552772808,1.8647,8.65399451109446e-05,final trainer_log.jsonl
Qwen2.5-7B · LoRA-v1,Qwen2.5-7B,LoRA-v1,6620,0.9474060822898033,1.6624,8.64830643384155e-05,final trainer_log.jsonl
Qwen2.5-7B · LoRA-v1,Qwen2.5-7B,LoRA-v1,6630,0.9488372093023256,1.7489,8.642608241137533e-05,final trainer_log.jsonl
Qwen2.5-7B · LoRA-v1,Qwen2.5-7B,LoRA-v1,6640,0.950268336314848,1.875,8.636899948781463e-05,final trainer_log.jsonl
Qwen2.5-7B · LoRA-v1,Qwen2.5-7B,LoRA-v1,6650,0.9516994633273703,1.6801,8.631181572600396e-05,final trainer_log.jsonl
Qwen2.5-7B · LoRA-v1,Qwen2.5-7B,LoRA-v1,6660,0.9531305903398927,1.712,8.62545312844935e-05,final trainer_log.jsonl
Qwen2.5-7B · LoRA-v1,Qwen2.5-7B,LoRA-v1,6670,0.954561717352415,1.8475,8.619714632211254e-05,final trainer_log.jsonl
Qwen2.5-7B · LoRA-v1,Qwen2.5-7B,LoRA-v1,6680,0.9559928443649374,1.766,8.613966099796908e-05,final trainer_log.jsonl
Qwen2.5-7B · LoRA-v1,Qwen2.5-7B,LoRA-v1,6690,0.9574239713774597,1.7665,8.608207547144942e-05,final trainer_log.jsonl
Qwen2.5-7B · LoRA-v1,Qwen2.5-7B,LoRA-v1,6700,0.9588550983899821,1.764,8.602438990221766e-05,final trainer_log.jsonl
Qwen2.5-7B · LoRA-v1,Qwen2.5-7B,LoRA-v1,6710,0.9602862254025045,1.7933,8.596660445021526e-05,final trainer_log.jsonl
Qwen2.5-7B · LoRA-v1,Qwen2.5-7B,LoRA-v1,6720,0.9617173524150269,1.9837,8.590871927566067e-05,final trainer_log.jsonl
Qwen2.5-7B · LoRA-v1,Qwen2.5-7B,LoRA-v1,6730,0.9631484794275492,1.8525,8.585073453904882e-05,final trainer_log.jsonl
Qwen2.5-7B · LoRA-v1,Qwen2.5-7B,LoRA-v1,6740,0.9645796064400716,1.6807,8.579265040115066e-05,final trainer_log.jsonl
Qwen2.5-7B · LoRA-v1,Qwen2.5-7B,LoRA-v1,6750,0.9660107334525939,1.7248,8.573446702301278e-05,final trainer_log.jsonl
Qwen2.5-7B · LoRA-v1,Qwen2.5-7B,LoRA-v1,6760,0.9674418604651163,1.7054,8.56761845659569e-05,final trainer_log.jsonl
Qwen2.5-7B · LoRA-v1,Qwen2.5-7B,LoRA-v1,6770,0.9688729874776386,1.8796,8.561780319157947e-05,final trainer_log.jsonl
Qwen2.5-7B · LoRA-v1,Qwen2.5-7B,LoRA-v1,6780,0.970304114490161,1.7444,8.555932306175119e-05,final trainer_log.jsonl
Qwen2.5-7B · LoRA-v1,Qwen2.5-7B,LoRA-v1,6790,0.9717352415026833,1.7982,8.550074433861659e-05,final trainer_log.jsonl
Qwen2.5-7B · LoRA-v1,Qwen2.5-7B,LoRA-v1,6800,0.9731663685152058,1.6505,8.544206718459354e-05,final trainer_log.jsonl
Qwen2.5-7B · LoRA-v1,Qwen2.5-7B,LoRA-v1,6810,0.9745974955277281,1.7079,8.538329176237287e-05,final trainer_log.jsonl
Qwen2.5-7B · LoRA-v1,Qwen2.5-7B,LoRA-v1,6820,0.9760286225402505,1.7905,8.532441823491779e-05,final trainer_log.jsonl
Qwen2.5-7B · LoRA-v1,Qwen2.5-7B,LoRA-v1,6830,0.9774597495527728,1.6443,8.52654467654636e-05,final trainer_log.jsonl
Qwen2.5-7B · LoRA-v1,Qwen2.5-7B,LoRA-v1,6840,0.9788908765652952,1.6612,8.520637751751715e-05,final trainer_log.jsonl
Qwen2.5-7B · LoRA-v1,Qwen2.5-7B,LoRA-v1,6850,0.9803220035778175,1.7366,8.514721065485634e-05,final trainer_log.jsonl
Qwen2.5-7B · LoRA-v1,Qwen2.5-7B,LoRA-v1,6860,0.9817531305903399,1.7266,8.508794634152975e-05,final trainer_log.jsonl
Qwen2.5-7B · LoRA-v1,Qwen2.5-7B,LoRA-v1,6870,0.9831842576028622,1.8974,8.502858474185617e-05,final trainer_log.jsonl
Qwen2.5-7B · LoRA-v1,Qwen2.5-7B,LoRA-v1,6880,0.9846153846153847,1.7295,8.496912602042415e-05,final trainer_log.jsonl
Qwen2.5-7B · LoRA-v1,Qwen2.5-7B,LoRA-v1,6890,0.986046511627907,1.8197,8.490957034209146e-05,final trainer_log.jsonl
Qwen2.5-7B · LoRA-v1,Qwen2.5-7B,LoRA-v1,6900,0.9874776386404294,1.6378,8.484991787198473e-05,final trainer_log.jsonl
Qwen2.5-7B · LoRA-v1,Qwen2.5-7B,LoRA-v1,6910,0.9889087656529517,1.7866,8.4790168775499e-05,final trainer_log.jsonl
Qwen2.5-7B · LoRA-v1,Qwen2.5-7B,LoRA-v1,6920,0.9903398926654741,1.796,8.473032321829712e-05,final trainer_log.jsonl
Qwen2.5-7B · LoRA-v1,Qwen2.5-7B,LoRA-v1,6930,0.9917710196779964,1.7397,8.46703813663095e-05,final trainer_log.jsonl
Qwen2.5-7B · LoRA-v1,Qwen2.5-7B,LoRA-v1,6940,0.9932021466905188,1.8531,8.461034338573348e-05,final trainer_log.jsonl
Qwen2.5-7B · LoRA-v1,Qwen2.5-7B,LoRA-v1,6950,0.9946332737030411,2.0559,8.455020944303294e-05,final trainer_log.jsonl
Qwen2.5-7B · LoRA-v1,Qwen2.5-7B,LoRA-v1,6960,0.9960644007155635,1.7319,8.448997970493783e-05,final trainer_log.jsonl
Qwen2.5-7B · LoRA-v1,Qwen2.5-7B,LoRA-v1,6970,0.9974955277280859,1.7756,8.442965433844373e-05,final trainer_log.jsonl
Qwen2.5-7B · LoRA-v1,Qwen2.5-7B,LoRA-v1,6980,0.9989266547406083,1.812,8.436923351081129e-05,final trainer_log.jsonl
Qwen2.5-7B · LoRA-v1,Qwen2.5-7B,LoRA-v1,6990,1.0002862254025044,1.7605,8.430871738956596e-05,final trainer_log.jsonl
Qwen2.5-7B · LoRA-v1,Qwen2.5-7B,LoRA-v1,7000,1.001717352415027,1.8968,8.42481061424973e-05,final trainer_log.jsonl
Qwen2.5-7B · LoRA-v1,Qwen2.5-7B,LoRA-v1,7010,1.0031484794275491,1.5192,8.418739993765865e-05,final trainer_log.jsonl
Qwen2.5-7B · LoRA-v1,Qwen2.5-7B,LoRA-v1,7020,1.0045796064400716,1.6729,8.412659894336665e-05,final trainer_log.jsonl
Qwen2.5-7B · LoRA-v1,Qwen2.5-7B,LoRA-v1,7030,1.0060107334525938,1.7527,8.406570332820075e-05,final trainer_log.jsonl
Qwen2.5-7B · LoRA-v1,Qwen2.5-7B,LoRA-v1,7040,1.0074418604651163,1.8088,8.400471326100274e-05,final trainer_log.jsonl
Qwen2.5-7B · LoRA-v1,Qwen2.5-7B,LoRA-v1,7050,1.0088729874776385,1.751,8.394362891087632e-05,final trainer_log.jsonl
Qwen2.5-7B · LoRA-v1,Qwen2.5-7B,LoRA-v1,7060,1.010304114490161,1.7259,8.388245044718657e-05,final trainer_log.jsonl
Qwen2.5-7B · LoRA-v1,Qwen2.5-7B,LoRA-v1,7070,1.0117352415026835,1.6617,8.382117803955952e-05,final trainer_log.jsonl
Qwen2.5-7B · LoRA-v1,Qwen2.5-7B,LoRA-v1,7080,1.0131663685152057,1.7608,8.375981185788167e-05,final trainer_log.jsonl
Qwen2.5-7B · LoRA-v1,Qwen2.5-7B,LoRA-v1,7090,1.0145974955277282,1.645,8.369835207229955e-05,final trainer_log.jsonl
Qwen2.5-7B · LoRA-v1,Qwen2.5-7B,LoRA-v1,7100,1.0160286225402504,1.7039,8.363679885321921e-05,final trainer_log.jsonl
Qwen2.5-7B · LoRA-v1,Qwen2.5-7B,LoRA-v1,7110,1.0174597495527729,1.6852,8.357515237130573e-05,final trainer_log.jsonl
Qwen2.5-7B · LoRA-v1,Qwen2.5-7B,LoRA-v1,7120,1.018890876565295,1.5913,8.35134127974828e-05,final trainer_log.jsonl
Qwen2.5-7B · LoRA-v1,Qwen2.5-7B,LoRA-v1,7130,1.0203220035778175,1.5633,8.34515803029322e-05,final trainer_log.jsonl
Qwen2.5-7B · LoRA-v1,Qwen2.5-7B,LoRA-v1,7140,1.0217531305903398,1.6896,8.338965505909338e-05,final trainer_log.jsonl
Qwen2.5-7B · LoRA-v1,Qwen2.5-7B,LoRA-v1,7150,1.0231842576028622,1.7309,8.332763723766292e-05,final trainer_log.jsonl
Qwen2.5-7B · LoRA-v1,Qwen2.5-7B,LoRA-v1,7160,1.0246153846153847,1.562,8.32655270105941e-05,final trainer_log.jsonl
Qwen2.5-7B · LoRA-v1,Qwen2.5-7B,LoRA-v1,7170,1.026046511627907,1.6313,8.32033245500964e-05,final trainer_log.jsonl
Qwen2.5-7B · LoRA-v1,Qwen2.5-7B,LoRA-v1,7180,1.0274776386404294,1.6311,8.314103002863502e-05,final trainer_log.jsonl
Qwen2.5-7B · LoRA-v1,Qwen2.5-7B,LoRA-v1,7190,1.0289087656529516,1.6933,8.307864361893046e-05,final trainer_log.jsonl
Qwen2.5-7B · LoRA-v1,Qwen2.5-7B,LoRA-v1,7200,1.030339892665474,1.5919,8.301616549395793e-05,final trainer_log.jsonl
Qwen2.5-7B · LoRA-v1,Qwen2.5-7B,LoRA-v1,7210,1.0317710196779963,1.5838,8.295359582694697e-05,final trainer_log.jsonl
Qwen2.5-7B · LoRA-v1,Qwen2.5-7B,LoRA-v1,7220,1.0332021466905188,1.6614,8.289093479138094e-05,final trainer_log.jsonl
Qwen2.5-7B · LoRA-v1,Qwen2.5-7B,LoRA-v1,7230,1.034633273703041,1.746,8.28281825609965e-05,final trainer_log.jsonl
Qwen2.5-7B · LoRA-v1,Qwen2.5-7B,LoRA-v1,7240,1.0360644007155635,1.726,8.276533930978319e-05,final trainer_log.jsonl
Qwen2.5-7B · LoRA-v1,Qwen2.5-7B,LoRA-v1,7250,1.037495527728086,1.5628,8.270240521198289e-05,final trainer_log.jsonl
Qwen2.5-7B · LoRA-v1,Qwen2.5-7B,LoRA-v1,7260,1.0389266547406082,1.5799,8.263938044208939e-05,final trainer_log.jsonl
Qwen2.5-7B · LoRA-v1,Qwen2.5-7B,LoRA-v1,7270,1.0403577817531307,1.5115,8.257626517484789e-05,final trainer_log.jsonl
Qwen2.5-7B · LoRA-v1,Qwen2.5-7B,LoRA-v1,7280,1.0417889087656529,1.6122,8.251305958525448e-05,final trainer_log.jsonl
Qwen2.5-7B · LoRA-v1,Qwen2.5-7B,LoRA-v1,7290,1.0432200357781753,1.5877,8.244976384855568e-05,final trainer_log.jsonl
Qwen2.5-7B · LoRA-v1,Qwen2.5-7B,LoRA-v1,7300,1.0446511627906976,1.7441,8.238637814024799e-05,final trainer_log.jsonl
Qwen2.5-7B · LoRA-v1,Qwen2.5-7B,LoRA-v1,7310,1.04608228980322,1.6141,8.232290263607733e-05,final trainer_log.jsonl
Qwen2.5-7B · LoRA-v1,Qwen2.5-7B,LoRA-v1,7320,1.0475134168157425,1.4843,8.225933751203862e-05,final trainer_log.jsonl
Qwen2.5-7B · LoRA-v1,Qwen2.5-7B,LoRA-v1,7330,1.0489445438282647,1.5871,8.219568294437525e-05,final trainer_log.jsonl
Qwen2.5-7B · LoRA-v1,Qwen2.5-7B,LoRA-v1,7340,1.0503756708407872,1.6758,8.21319391095786e-05,final trainer_log.jsonl
Qwen2.5-7B · LoRA-v1,Qwen2.5-7B,LoRA-v1,7350,1.0518067978533094,1.7349,8.206810618438758e-05,final trainer_log.jsonl
Qwen2.5-7B · LoRA-v1,Qwen2.5-7B,LoRA-v1,7360,1.053237924865832,1.6213,8.200418434578809e-05,final trainer_log.jsonl
Qwen2.5-7B · LoRA-v1,Qwen2.5-7B,LoRA-v1,7370,1.0546690518783541,1.6272,8.194017377101256e-05,final trainer_log.jsonl
Qwen2.5-7B · LoRA-v1,Qwen2.5-7B,LoRA-v1,7380,1.0561001788908766,1.6933,8.187607463753946e-05,final trainer_log.jsonl
Qwen2.5-7B · LoRA-v1,Qwen2.5-7B,LoRA-v1,7390,1.0575313059033988,1.555,8.181188712309282e-05,final trainer_log.jsonl
Qwen2.5-7B · LoRA-v1,Qwen2.5-7B,LoRA-v1,7400,1.0589624329159213,1.7611,8.174761140564167e-05,final trainer_log.jsonl
Qwen2.5-7B · LoRA-v1,Qwen2.5-7B,LoRA-v1,7410,1.0603935599284438,1.5603,8.168324766339963e-05,final trainer_log.jsonl
Qwen2.5-7B · LoRA-v1,Qwen2.5-7B,LoRA-v1,7420,1.061824686940966,1.8077,8.16187960748244e-05,final trainer_log.jsonl
Qwen2.5-7B · LoRA-v1,Qwen2.5-7B,LoRA-v1,7430,1.0632558139534884,1.6749,8.155425681861722e-05,final trainer_log.jsonl
Qwen2.5-7B · LoRA-v1,Qwen2.5-7B,LoRA-v1,7440,1.0646869409660107,1.6361,8.148963007372237e-05,final trainer_log.jsonl
Qwen2.5-7B · LoRA-v1,Qwen2.5-7B,LoRA-v1,7450,1.0661180679785331,1.5925,8.142491601932675e-05,final trainer_log.jsonl
Qwen2.5-7B · LoRA-v1,Qwen2.5-7B,LoRA-v1,7460,1.0675491949910554,1.7199,8.136011483485937e-05,final trainer_log.jsonl
Qwen2.5-7B · LoRA-v1,Qwen2.5-7B,LoRA-v1,7470,1.0689803220035778,1.5477,8.129522669999073e-05,final trainer_log.jsonl
Qwen2.5-7B · LoRA-v1,Qwen2.5-7B,LoRA-v1,7480,1.0704114490161,1.6103,8.123025179463245e-05,final trainer_log.jsonl
Qwen2.5-7B · LoRA-v1,Qwen2.5-7B,LoRA-v1,7490,1.0718425760286225,1.7611,8.116519029893679e-05,final trainer_log.jsonl
Qwen2.5-7B · LoRA-v1,Qwen2.5-7B,LoRA-v1,7500,1.073273703041145,1.6938,8.110004239329602e-05,final trainer_log.jsonl
Qwen2.5-7B · LoRA-v1,Qwen2.5-7B,LoRA-v1,7510,1.0747048300536672,1.6715,8.103480825834201e-05,final trainer_log.jsonl
Qwen2.5-7B · LoRA-v1,Qwen2.5-7B,LoRA-v1,7520,1.0761359570661897,1.6817,8.096948807494575e-05,final trainer_log.jsonl
Qwen2.5-7B · LoRA-v1,Qwen2.5-7B,LoRA-v1,7530,1.077567084078712,1.6416,8.090408202421676e-05,final trainer_log.jsonl
Qwen2.5-7B · LoRA-v1,Qwen2.5-7B,LoRA-v1,7540,1.0789982110912344,1.7171,8.08385902875027e-05,final trainer_log.jsonl
Qwen2.5-7B · LoRA-v1,Qwen2.5-7B,LoRA-v1,7550,1.0804293381037566,1.6607,8.077301304638875e-05,final trainer_log.jsonl
Qwen2.5-7B · LoRA-v1,Qwen2.5-7B,LoRA-v1,7560,1.081860465116279,1.6309,8.070735048269717e-05,final trainer_log.jsonl
Qwen2.5-7B · LoRA-v1,Qwen2.5-7B,LoRA-v1,7570,1.0832915921288013,1.6713,8.064160277848682e-05,final trainer_log.jsonl
Qwen2.5-7B · LoRA-v1,Qwen2.5-7B,LoRA-v1,7580,1.0847227191413238,1.6282,8.057577011605264e-05,final trainer_log.jsonl
Qwen2.5-7B · LoRA-v1,Qwen2.5-7B,LoRA-v1,7590,1.0861538461538462,1.5577,8.050985267792504e-05,final trainer_log.jsonl
Qwen2.5-7B · LoRA-v1,Qwen2.5-7B,LoRA-v1,7600,1.0875849731663685,1.5143,8.044385064686957e-05,final trainer_log.jsonl
Qwen2.5-7B · LoRA-v1,Qwen2.5-7B,LoRA-v1,7610,1.089016100178891,1.7558,8.03777642058863e-05,final trainer_log.jsonl
Qwen2.5-7B · LoRA-v1,Qwen2.5-7B,LoRA-v1,7620,1.0904472271914132,1.7017,8.031159353820931e-05,final trainer_log.jsonl
Qwen2.5-7B · LoRA-v1,Qwen2.5-7B,LoRA-v1,7630,1.0918783542039356,1.5914,8.024533882730627e-05,final trainer_log.jsonl
Qwen2.5-7B · LoRA-v1,Qwen2.5-7B,LoRA-v1,7640,1.0933094812164579,1.675,8.017900025687782e-05,final trainer_log.jsonl
Qwen2.5-7B · LoRA-v1,Qwen2.5-7B,LoRA-v1,7650,1.0947406082289803,1.7447,8.011257801085712e-05,final trainer_log.jsonl
Qwen2.5-7B · LoRA-v1,Qwen2.5-7B,LoRA-v1,7660,1.0961717352415028,1.6523,8.004607227340934e-05,final trainer_log.jsonl
Qwen2.5-7B · LoRA-v1,Qwen2.5-7B,LoRA-v1,7670,1.097602862254025,1.649,7.997948322893118e-05,final trainer_log.jsonl
Qwen2.5-7B · LoRA-v1,Qwen2.5-7B,LoRA-v1,7680,1.0990339892665475,1.7981,7.991281106205025e-05,final trainer_log.jsonl
Qwen2.5-7B · LoRA-v1,Qwen2.5-7B,LoRA-v1,7690,1.1004651162790697,1.6824,7.984605595762466e-05,final trainer_log.jsonl
Qwen2.5-7B · LoRA-v1,Qwen2.5-7B,LoRA-v1,7700,1.1018962432915922,1.6683,7.97792181007425e-05,final trainer_log.jsonl
Qwen2.5-7B · LoRA-v1,Qwen2.5-7B,LoRA-v1,7710,1.1033273703041144,1.4273,7.971229767672128e-05,final trainer_log.jsonl
Qwen2.5-7B · LoRA-v1,Qwen2.5-7B,LoRA-v1,7720,1.104758497316637,1.4417,7.964529487110743e-05,final trainer_log.jsonl
Qwen2.5-7B · LoRA-v1,Qwen2.5-7B,LoRA-v1,7730,1.1061896243291591,1.6899,7.957820986967581e-05,final trainer_log.jsonl
Qwen2.5-7B · LoRA-v1,Qwen2.5-7B,LoRA-v1,7740,1.1076207513416816,1.6228,7.951104285842919e-05,final trainer_log.jsonl
Qwen2.5-7B · LoRA-v1,Qwen2.5-7B,LoRA-v1,7750,1.109051878354204,1.6369,7.944379402359768e-05,final trainer_log.jsonl
Qwen2.5-7B · LoRA-v1,Qwen2.5-7B,LoRA-v1,7760,1.1104830053667263,1.5966,7.937646355163833e-05,final trainer_log.jsonl
Qwen2.5-7B · LoRA-v1,Qwen2.5-7B,LoRA-v1,7770,1.1119141323792487,1.6253,7.930905162923445e-05,final trainer_log.jsonl
Qwen2.5-7B · LoRA-v1,Qwen2.5-7B,LoRA-v1,7780,1.113345259391771,1.6973,7.924155844329528e-05,final trainer_log.jsonl
Qwen2.5-7B · LoRA-v1,Qwen2.5-7B,LoRA-v1,7790,1.1147763864042934,1.4949,7.917398418095529e-05,final trainer_log.jsonl
Qwen2.5-7B · LoRA-v1,Qwen2.5-7B,LoRA-v1,7800,1.1162075134168157,1.7847,7.91063290295738e-05,final trainer_log.jsonl
Qwen2.5-7B · LoRA-v1,Qwen2.5-7B,LoRA-v1,7810,1.1176386404293381,1.5188,7.903859317673436e-05,final trainer_log.jsonl
Qwen2.5-7B · LoRA-v1,Qwen2.5-7B,LoRA-v1,7820,1.1190697674418604,1.7224,7.897077681024437e-05,final trainer_log.jsonl
Qwen2.5-7B · LoRA-v1,Qwen2.5-7B,LoRA-v1,7830,1.1205008944543828,1.7925,7.890288011813432e-05,final trainer_log.jsonl
Qwen2.5-7B · LoRA-v1,Qwen2.5-7B,LoRA-v1,7840,1.1219320214669053,1.774,7.883490328865755e-05,final trainer_log.jsonl
Qwen2.5-7B · LoRA-v1,Qwen2.5-7B,LoRA-v1,7850,1.1233631484794275,1.7942,7.87668465102895e-05,final trainer_log.jsonl
Qwen2.5-7B · LoRA-v1,Qwen2.5-7B,LoRA-v1,7860,1.12479427549195,1.6512,7.869870997172735e-05,final trainer_log.jsonl
Qwen2.5-7B · LoRA-v1,Qwen2.5-7B,LoRA-v1,7870,1.1262254025044722,1.7716,7.863049386188938e-05,final trainer_log.jsonl
Qwen2.5-7B · LoRA-v1,Qwen2.5-7B,LoRA-v1,7880,1.1276565295169947,1.715,7.856219836991451e-05,final trainer_log.jsonl
Qwen2.5-7B · LoRA-v1,Qwen2.5-7B,LoRA-v1,7890,1.129087656529517,1.6575,7.849382368516174e-05,final trainer_log.jsonl
Qwen2.5-7B · LoRA-v1,Qwen2.5-7B,LoRA-v1,7900,1.1305187835420394,1.6911,7.842536999720966e-05,final trainer_log.jsonl
Qwen2.5-7B · LoRA-v1,Qwen2.5-7B,LoRA-v1,7910,1.1319499105545616,1.6778,7.835683749585593e-05,final trainer_log.jsonl
Qwen2.5-7B · LoRA-v1,Qwen2.5-7B,LoRA-v1,7920,1.133381037567084,1.5981,7.828822637111668e-05,final trainer_log.jsonl
Qwen2.5-7B · LoRA-v1,Qwen2.5-7B,LoRA-v1,7930,1.1348121645796065,1.5763,7.821953681322606e-05,final trainer_log.jsonl
Qwen2.5-7B · LoRA-v1,Qwen2.5-7B,LoRA-v1,7940,1.1362432915921288,1.4811,7.815076901263572e-05,final trainer_log.jsonl
Qwen2.5-7B · LoRA-v1,Qwen2.5-7B,LoRA-v1,7950,1.1376744186046512,1.4908,7.808192316001417e-05,final trainer_log.jsonl
Qwen2.5-7B · LoRA-v1,Qwen2.5-7B,LoRA-v1,7960,1.1391055456171735,1.619,7.801299944624641e-05,final trainer_log.jsonl
Qwen2.5-7B · LoRA-v1,Qwen2.5-7B,LoRA-v1,7970,1.140536672629696,1.7528,7.794399806243327e-05,final trainer_log.jsonl
Qwen2.5-7B · LoRA-v1,Qwen2.5-7B,LoRA-v1,7980,1.1419677996422182,1.4088,7.787491919989099e-05,final trainer_log.jsonl
Qwen2.5-7B · LoRA-v1,Qwen2.5-7B,LoRA-v1,7990,1.1433989266547406,1.5642,7.780576305015055e-05,final trainer_log.jsonl
Qwen2.5-7B · LoRA-v1,Qwen2.5-7B,LoRA-v1,8000,1.1448300536672629,1.7228,7.773652980495726e-05,final trainer_log.jsonl
Qwen2.5-7B · LoRA-v1,Qwen2.5-7B,LoRA-v1,8010,1.1462611806797853,1.546,7.766721965627022e-05,final trainer_log.jsonl
Qwen2.5-7B · LoRA-v1,Qwen2.5-7B,LoRA-v1,8020,1.1476923076923078,1.7405,7.75978327962617e-05,final trainer_log.jsonl
Qwen2.5-7B · LoRA-v1,Qwen2.5-7B,LoRA-v1,8030,1.14912343470483,1.7139,7.752836941731669e-05,final trainer_log.jsonl
Qwen2.5-7B · LoRA-v1,Qwen2.5-7B,LoRA-v1,8040,1.1505545617173525,1.5756,7.745882971203236e-05,final trainer_log.jsonl
Qwen2.5-7B · LoRA-v1,Qwen2.5-7B,LoRA-v1,8050,1.1519856887298747,1.5642,7.738921387321748e-05,final trainer_log.jsonl
Qwen2.5-7B · LoRA-v1,Qwen2.5-7B,LoRA-v1,8060,1.1534168157423972,1.5897,7.731952209389186e-05,final trainer_log.jsonl
Qwen2.5-7B · LoRA-v1,Qwen2.5-7B,LoRA-v1,8070,1.1548479427549194,1.7359,7.724975456728598e-05,final trainer_log.jsonl
Qwen2.5-7B · LoRA-v1,Qwen2.5-7B,LoRA-v1,8080,1.1562790697674419,1.6987,7.717991148684027e-05,final trainer_log.jsonl
Qwen2.5-7B · LoRA-v1,Qwen2.5-7B,LoRA-v1,8090,1.1577101967799641,1.58,7.710999304620466e-05,final trainer_log.jsonl
Qwen2.5-7B · LoRA-v1,Qwen2.5-7B,LoRA-v1,8100,1.1591413237924866,1.6113,7.703999943923797e-05,final trainer_log.jsonl
Qwen2.5-7B · LoRA-v1,Qwen2.5-7B,LoRA-v1,8110,1.160572450805009,1.5641,7.696993086000754e-05,final trainer_log.jsonl
Qwen2.5-7B · LoRA-v1,Qwen2.5-7B,LoRA-v1,8120,1.1620035778175313,1.6097,7.68997875027885e-05,final trainer_log.jsonl
Qwen2.5-7B · LoRA-v1,Qwen2.5-7B,LoRA-v1,8130,1.1634347048300537,1.6783,7.682956956206336e-05,final trainer_log.jsonl
Qwen2.5-7B · LoRA-v1,Qwen2.5-7B,LoRA-v1,8140,1.164865831842576,1.6855,7.675927723252134e-05,final trainer_log.jsonl
Qwen2.5-7B · LoRA-v1,Qwen2.5-7B,LoRA-v1,8150,1.1662969588550984,1.5751,7.668891070905803e-05,final trainer_log.jsonl
Qwen2.5-7B · LoRA-v1,Qwen2.5-7B,LoRA-v1,8160,1.1677280858676207,1.6492,7.661847018677464e-05,final trainer_log.jsonl
Qwen2.5-7B · LoRA-v1,Qwen2.5-7B,LoRA-v1,8170,1.1691592128801431,1.814,7.65479558609776e-05,final trainer_log.jsonl
Qwen2.5-7B · LoRA-v1,Qwen2.5-7B,LoRA-v1,8180,1.1705903398926654,1.6434,7.647736792717796e-05,final trainer_log.jsonl
Qwen2.5-7B · LoRA-v1,Qwen2.5-7B,LoRA-v1,8190,1.1720214669051878,1.5415,7.640670658109085e-05,final trainer_log.jsonl
Qwen2.5-7B · LoRA-v1,Qwen2.5-7B,LoRA-v1,8200,1.1734525939177103,1.4566,7.633597201863495e-05,final trainer_log.jsonl
Qwen2.5-7B · LoRA-v1,Qwen2.5-7B,LoRA-v1,8210,1.1748837209302325,1.8168,7.626516443593197e-05,final trainer_log.jsonl
Qwen2.5-7B · LoRA-v1,Qwen2.5-7B,LoRA-v1,8220,1.176314847942755,1.5562,7.619428402930601e-05,final trainer_log.jsonl
Qwen2.5-7B · LoRA-v1,Qwen2.5-7B,LoRA-v1,8230,1.1777459749552772,1.6589,7.612333099528319e-05,final trainer_log.jsonl
Qwen2.5-7B · LoRA-v1,Qwen2.5-7B,LoRA-v1,8240,1.1791771019677997,1.8416,7.60523055305909e-05,final trainer_log.jsonl
Qwen2.5-7B · LoRA-v1,Qwen2.5-7B,LoRA-v1,8250,1.180608228980322,1.7313,7.598120783215738e-05,final trainer_log.jsonl
Qwen2.5-7B · LoRA-v1,Qwen2.5-7B,LoRA-v1,8260,1.1820393559928444,1.6634,7.59100380971112e-05,final trainer_log.jsonl
Qwen2.5-7B · LoRA-v1,Qwen2.5-7B,LoRA-v1,8270,1.1834704830053666,1.635,7.583879652278058e-05,final trainer_log.jsonl
Qwen2.5-7B · LoRA-v1,Qwen2.5-7B,LoRA-v1,8280,1.184901610017889,1.848,7.576748330669303e-05,final trainer_log.jsonl
Qwen2.5-7B · LoRA-v1,Qwen2.5-7B,LoRA-v1,8290,1.1863327370304115,1.5529,7.569609864657458e-05,final trainer_log.jsonl
Qwen2.5-7B · LoRA-v1,Qwen2.5-7B,LoRA-v1,8300,1.1877638640429338,1.6171,7.562464274034943e-05,final trainer_log.jsonl
Qwen2.5-7B · LoRA-v1,Qwen2.5-7B,LoRA-v1,8310,1.1891949910554562,1.5842,7.55531157861393e-05,final trainer_log.jsonl
Qwen2.5-7B · LoRA-v1,Qwen2.5-7B,LoRA-v1,8320,1.1906261180679785,1.7984,7.548151798226287e-05,final trainer_log.jsonl
Qwen2.5-7B · LoRA-v1,Qwen2.5-7B,LoRA-v1,8330,1.192057245080501,1.6335,7.540984952723531e-05,final trainer_log.jsonl
Qwen2.5-7B · LoRA-v1,Qwen2.5-7B,LoRA-v1,8340,1.1934883720930232,1.6901,7.533811061976763e-05,final trainer_log.jsonl
Qwen2.5-7B · LoRA-v1,Qwen2.5-7B,LoRA-v1,8350,1.1949194991055456,1.6276,7.526630145876626e-05,final trainer_log.jsonl
Qwen2.5-7B · LoRA-v1,Qwen2.5-7B,LoRA-v1,8360,1.1963506261180679,1.6851,7.519442224333228e-05,final trainer_log.jsonl
Qwen2.5-7B · LoRA-v1,Qwen2.5-7B,LoRA-v1,8370,1.1977817531305903,1.6383,7.512247317276118e-05,final trainer_log.jsonl
Qwen2.5-7B · LoRA-v1,Qwen2.5-7B,LoRA-v1,8380,1.1992128801431128,1.9061,7.505045444654196e-05,final trainer_log.jsonl
Qwen2.5-7B · LoRA-v1,Qwen2.5-7B,LoRA-v1,8390,1.200644007155635,1.6863,7.49783662643569e-05,final trainer_log.jsonl
Qwen2.5-7B · LoRA-v1,Qwen2.5-7B,LoRA-v1,8400,1.2020751341681575,1.7809,7.490620882608075e-05,final trainer_log.jsonl
Qwen2.5-7B · LoRA-v1,Qwen2.5-7B,LoRA-v1,8410,1.2035062611806797,1.7394,7.483398233178035e-05,final trainer_log.jsonl
Qwen2.5-7B · LoRA-v1,Qwen2.5-7B,LoRA-v1,8420,1.2049373881932022,1.6292,7.476168698171396e-05,final trainer_log.jsonl
Qwen2.5-7B · LoRA-v1,Qwen2.5-7B,LoRA-v1,8430,1.2063685152057244,1.6174,7.468932297633078e-05,final trainer_log.jsonl
Qwen2.5-7B · LoRA-v1,Qwen2.5-7B,LoRA-v1,8440,1.2077996422182469,1.6303,7.461689051627035e-05,final trainer_log.jsonl
Qwen2.5-7B · LoRA-v1,Qwen2.5-7B,LoRA-v1,8450,1.209230769230769,1.5562,7.454438980236203e-05,final trainer_log.jsonl
Qwen2.5-7B · LoRA-v1,Qwen2.5-7B,LoRA-v1,8460,1.2106618962432916,1.4299,7.447182103562441e-05,final trainer_log.jsonl
Qwen2.5-7B · LoRA-v1,Qwen2.5-7B,LoRA-v1,8470,1.212093023255814,1.6964,7.439918441726477e-05,final trainer_log.jsonl
Qwen2.5-7B · LoRA-v1,Qwen2.5-7B,LoRA-v1,8480,1.2135241502683363,1.7663,7.432648014867851e-05,final trainer_log.jsonl
Qwen2.5-7B · LoRA-v1,Qwen2.5-7B,LoRA-v1,8490,1.2149552772808587,1.6635,7.425370843144863e-05,final trainer_log.jsonl
Qwen2.5-7B · LoRA-v1,Qwen2.5-7B,LoRA-v1,8500,1.216386404293381,1.9468,7.418086946734511e-05,final trainer_log.jsonl
Qwen2.5-7B · LoRA-v1,Qwen2.5-7B,LoRA-v1,8510,1.2178175313059034,1.6537,7.410796345832435e-05,final trainer_log.jsonl
Qwen2.5-7B · LoRA-v1,Qwen2.5-7B,LoRA-v1,8520,1.2192486583184259,1.646,7.403499060652875e-05,final trainer_log.jsonl
Qwen2.5-7B · LoRA-v1,Qwen2.5-7B,LoRA-v1,8530,1.2206797853309481,1.5851,7.396195111428593e-05,final trainer_log.jsonl
Qwen2.5-7B · LoRA-v1,Qwen2.5-7B,LoRA-v1,8540,1.2221109123434706,1.6602,7.388884518410831e-05,final trainer_log.jsonl
Qwen2.5-7B · LoRA-v1,Qwen2.5-7B,LoRA-v1,8550,1.2235420393559928,1.7665,7.381567301869257e-05,final trainer_log.jsonl
Qwen2.5-7B · LoRA-v1,Qwen2.5-7B,LoRA-v1,8560,1.2249731663685153,1.6065,7.374243482091898e-05,final trainer_log.jsonl
Qwen2.5-7B · LoRA-v1,Qwen2.5-7B,LoRA-v1,8570,1.2264042933810375,1.795,7.366913079385092e-05,final trainer_log.jsonl
Qwen2.5-7B · LoRA-v1,Qwen2.5-7B,LoRA-v1,8580,1.22783542039356,1.5363,7.359576114073426e-05,final trainer_log.jsonl
Qwen2.5-7B · LoRA-v1,Qwen2.5-7B,LoRA-v1,8590,1.2292665474060822,1.492,7.35223260649969e-05,final trainer_log.jsonl
Qwen2.5-7B · LoRA-v1,Qwen2.5-7B,LoRA-v1,8600,1.2306976744186047,1.5227,7.344882577024802e-05,final trainer_log.jsonl
Qwen2.5-7B · LoRA-v1,Qwen2.5-7B,LoRA-v1,8610,1.2321288014311271,1.3668,7.337526046027776e-05,final trainer_log.jsonl
Qwen2.5-7B · LoRA-v1,Qwen2.5-7B,LoRA-v1,8620,1.2335599284436494,1.7082,7.330163033905639e-05,final trainer_log.jsonl
Qwen2.5-7B · LoRA-v1,Qwen2.5-7B,LoRA-v1,8630,1.2349910554561718,1.7159,7.322793561073401e-05,final trainer_log.jsonl
Qwen2.5-7B · LoRA-v1,Qwen2.5-7B,LoRA-v1,8640,1.236422182468694,1.6991,7.315417647963975e-05,final trainer_log.jsonl
Qwen2.5-7B · LoRA-v1,Qwen2.5-7B,LoRA-v1,8650,1.2378533094812165,1.799,7.308035315028137e-05,final trainer_log.jsonl
Qwen2.5-7B · LoRA-v1,Qwen2.5-7B,LoRA-v1,8660,1.2392844364937388,1.7561,7.300646582734456e-05,final trainer_log.jsonl
Qwen2.5-7B · LoRA-v1,Qwen2.5-7B,LoRA-v1,8670,1.2407155635062612,1.6451,7.293251471569254e-05,final trainer_log.jsonl
Qwen2.5-7B · LoRA-v1,Qwen2.5-7B,LoRA-v1,8680,1.2421466905187835,1.7961,7.285850002036531e-05,final trainer_log.jsonl
Qwen2.5-7B · LoRA-v1,Qwen2.5-7B,LoRA-v1,8690,1.243577817531306,1.4794,7.27844219465792e-05,final trainer_log.jsonl
Qwen2.5-7B · LoRA-v1,Qwen2.5-7B,LoRA-v1,8700,1.2450089445438284,1.7631,7.271028069972623e-05,final trainer_log.jsonl
Qwen2.5-7B · LoRA-v1,Qwen2.5-7B,LoRA-v1,8710,1.2464400715563506,1.5946,7.263607648537364e-05,final trainer_log.jsonl
Qwen2.5-7B · LoRA-v1,Qwen2.5-7B,LoRA-v1,8720,1.247871198568873,1.7966,7.256180950926322e-05,final trainer_log.jsonl
Qwen2.5-7B · LoRA-v1,Qwen2.5-7B,LoRA-v1,8730,1.2493023255813953,1.7674,7.248747997731077e-05,final trainer_log.jsonl
Qwen2.5-7B · LoRA-v1,Qwen2.5-7B,LoRA-v1,8740,1.2507334525939178,1.6829,7.241308809560552e-05,final trainer_log.jsonl
Qwen2.5-7B · LoRA-v1,Qwen2.5-7B,LoRA-v1,8750,1.25216457960644,1.5958,7.233863407040965e-05,final trainer_log.jsonl
Qwen2.5-7B · LoRA-v1,Qwen2.5-7B,LoRA-v1,8760,1.2535957066189625,1.7361,7.226411810815753e-05,final trainer_log.jsonl
Qwen2.5-7B · LoRA-v1,Qwen2.5-7B,LoRA-v1,8770,1.2550268336314847,1.7442,7.218954041545536e-05,final trainer_log.jsonl
Qwen2.5-7B · LoRA-v1,Qwen2.5-7B,LoRA-v1,8780,1.2564579606440072,1.755,7.211490119908042e-05,final trainer_log.jsonl
Qwen2.5-7B · LoRA-v1,Qwen2.5-7B,LoRA-v1,8790,1.2578890876565296,1.6462,7.204020066598064e-05,final trainer_log.jsonl
Qwen2.5-7B · LoRA-v1,Qwen2.5-7B,LoRA-v1,8800,1.2593202146690519,1.4696,7.196543902327389e-05,final trainer_log.jsonl
Qwen2.5-7B · LoRA-v1,Qwen2.5-7B,LoRA-v1,8810,1.2607513416815743,1.7394,7.189061647824755e-05,final trainer_log.jsonl
Qwen2.5-7B · LoRA-v1,Qwen2.5-7B,LoRA-v1,8820,1.2621824686940966,1.7179,7.181573323835778e-05,final trainer_log.jsonl
Qwen2.5-7B · LoRA-v1,Qwen2.5-7B,LoRA-v1,8830,1.263613595706619,1.5439,7.174078951122914e-05,final trainer_log.jsonl
Qwen2.5-7B · LoRA-v1,Qwen2.5-7B,LoRA-v1,8840,1.2650447227191413,1.4968,7.166578550465373e-05,final trainer_log.jsonl
Qwen2.5-7B · LoRA-v1,Qwen2.5-7B,LoRA-v1,8850,1.2664758497316637,1.6449,7.159072142659094e-05,final trainer_log.jsonl
Qwen2.5-7B · LoRA-v1,Qwen2.5-7B,LoRA-v1,8860,1.267906976744186,1.4348,7.151559748516664e-05,final trainer_log.jsonl
Qwen2.5-7B · LoRA-v1,Qwen2.5-7B,LoRA-v1,8870,1.2693381037567084,1.7408,7.14404138886727e-05,final trainer_log.jsonl
Qwen2.5-7B · LoRA-v1,Qwen2.5-7B,LoRA-v1,8880,1.2707692307692309,1.4672,7.136517084556639e-05,final trainer_log.jsonl
Qwen2.5-7B · LoRA-v1,Qwen2.5-7B,LoRA-v1,8890,1.272200357781753,1.5976,7.128986856446979e-05,final trainer_log.jsonl
Qwen2.5-7B · LoRA-v1,Qwen2.5-7B,LoRA-v1,8900,1.2736314847942756,1.5908,7.121450725416928e-05,final trainer_log.jsonl
Qwen2.5-7B · LoRA-v1,Qwen2.5-7B,LoRA-v1,8910,1.2750626118067978,1.5643,7.113908712361481e-05,final trainer_log.jsonl
Qwen2.5-7B · LoRA-v1,Qwen2.5-7B,LoRA-v1,8920,1.2764937388193203,1.6379,7.10636083819195e-05,final trainer_log.jsonl
Qwen2.5-7B · LoRA-v1,Qwen2.5-7B,LoRA-v1,8930,1.2779248658318425,1.5015,7.098807123835895e-05,final trainer_log.jsonl
Qwen2.5-7B · LoRA-v1,Qwen2.5-7B,LoRA-v1,8940,1.279355992844365,1.5869,7.09124759023707e-05,final trainer_log.jsonl
Qwen2.5-7B · LoRA-v1,Qwen2.5-7B,LoRA-v1,8950,1.2807871198568872,1.5491,7.083682258355361e-05,final trainer_log.jsonl
Qwen2.5-7B · LoRA-v1,Qwen2.5-7B,LoRA-v1,8960,1.2822182468694097,1.6779,7.076111149166731e-05,final trainer_log.jsonl
Qwen2.5-7B · LoRA-v1,Qwen2.5-7B,LoRA-v1,8970,1.2836493738819321,1.6551,7.068534283663165e-05,final trainer_log.jsonl
Qwen2.5-7B · LoRA-v1,Qwen2.5-7B,LoRA-v1,8980,1.2850805008944544,1.5954,7.060951682852605e-05,final trainer_log.jsonl
Qwen2.5-7B · LoRA-v1,Qwen2.5-7B,LoRA-v1,8990,1.2865116279069768,1.626,7.053363367758895e-05,final trainer_log.jsonl
Qwen2.5-7B · LoRA-v1,Qwen2.5-7B,LoRA-v1,9000,1.287942754919499,1.6279,7.045769359421722e-05,final trainer_log.jsonl
Qwen2.5-7B · LoRA-v1,Qwen2.5-7B,LoRA-v1,9010,1.2893738819320215,1.5019,7.038169678896564e-05,final trainer_log.jsonl
Qwen2.5-7B · LoRA-v1,Qwen2.5-7B,LoRA-v1,9020,1.2908050089445438,1.6529,7.030564347254617e-05,final trainer_log.jsonl
Qwen2.5-7B · LoRA-v1,Qwen2.5-7B,LoRA-v1,9030,1.2922361359570662,1.7444,7.022953385582753e-05,final trainer_log.jsonl
Qwen2.5-7B · LoRA-v1,Qwen2.5-7B,LoRA-v1,9040,1.2936672629695884,1.5951,7.015336814983449e-05,final trainer_log.jsonl
Qwen2.5-7B · LoRA-v1,Qwen2.5-7B,LoRA-v1,9050,1.295098389982111,1.4597,7.007714656574739e-05,final trainer_log.jsonl
Qwen2.5-7B · LoRA-v1,Qwen2.5-7B,LoRA-v1,9060,1.2965295169946334,1.7344,7.000086931490142e-05,final trainer_log.jsonl
Qwen2.5-7B · LoRA-v1,Qwen2.5-7B,LoRA-v1,9070,1.2979606440071556,1.655,6.99245366087862e-05,final trainer_log.jsonl
Qwen2.5-7B · LoRA-v1,Qwen2.5-7B,LoRA-v1,9080,1.299391771019678,1.5138,6.984814865904505e-05,final trainer_log.jsonl
Qwen2.5-7B · LoRA-v1,Qwen2.5-7B,LoRA-v1,9090,1.3008228980322003,1.5659,6.977170567747452e-05,final trainer_log.jsonl
Qwen2.5-7B · LoRA-v1,Qwen2.5-7B,LoRA-v1,9100,1.3022540250447228,1.6753,6.969520787602365e-05,final trainer_log.jsonl
Qwen2.5-7B · LoRA-v1,Qwen2.5-7B,LoRA-v1,9110,1.303685152057245,1.6153,6.961865546679356e-05,final trainer_log.jsonl
Qwen2.5-7B · LoRA-v1,Qwen2.5-7B,LoRA-v1,9120,1.3051162790697675,1.6032,6.954204866203673e-05,final trainer_log.jsonl
Qwen2.5-7B · LoRA-v1,Qwen2.5-7B,LoRA-v1,9130,1.3065474060822897,1.7132,6.946538767415649e-05,final trainer_log.jsonl
Qwen2.5-7B · LoRA-v1,Qwen2.5-7B,LoRA-v1,9140,1.3079785330948122,1.4999,6.938867271570638e-05,final trainer_log.jsonl
Qwen2.5-7B · LoRA-v1,Qwen2.5-7B,LoRA-v1,9150,1.3094096601073346,1.6253,6.93119039993896e-05,final trainer_log.jsonl
Qwen2.5-7B · LoRA-v1,Qwen2.5-7B,LoRA-v1,9160,1.3108407871198569,1.6951,6.923508173805838e-05,final trainer_log.jsonl
Qwen2.5-7B · LoRA-v1,Qwen2.5-7B,LoRA-v1,9170,1.3122719141323793,1.5763,6.915820614471343e-05,final trainer_log.jsonl
Qwen2.5-7B · LoRA-v1,Qwen2.5-7B,LoRA-v1,9180,1.3137030411449016,1.6059,6.90812774325033e-05,final trainer_log.jsonl
Qwen2.5-7B · LoRA-v1,Qwen2.5-7B,LoRA-v1,9190,1.315134168157424,1.7954,6.900429581472388e-05,final trainer_log.jsonl
Qwen2.5-7B · LoRA-v1,Qwen2.5-7B,LoRA-v1,9200,1.3165652951699465,1.5874,6.892726150481768e-05,final trainer_log.jsonl
Qwen2.5-7B · LoRA-v1,Qwen2.5-7B,LoRA-v1,9210,1.3179964221824687,1.7356,6.885017471637333e-05,final trainer_log.jsonl
Qwen2.5-7B · LoRA-v1,Qwen2.5-7B,LoRA-v1,9220,1.319427549194991,1.6537,6.877303566312499e-05,final trainer_log.jsonl
Qwen2.5-7B · LoRA-v1,Qwen2.5-7B,LoRA-v1,9230,1.3208586762075134,1.7139,6.869584455895171e-05,final trainer_log.jsonl
Qwen2.5-7B · LoRA-v1,Qwen2.5-7B,LoRA-v1,9240,1.3222898032200359,1.727,6.861860161787684e-05,final trainer_log.jsonl
Qwen2.5-7B · LoRA-v1,Qwen2.5-7B,LoRA-v1,9250,1.323720930232558,1.5657,6.854130705406751e-05,final trainer_log.jsonl
Qwen2.5-7B · LoRA-v1,Qwen2.5-7B,LoRA-v1,9260,1.3251520572450806,1.5049,6.84639610818339e-05,final trainer_log.jsonl
Qwen2.5-7B · LoRA-v1,Qwen2.5-7B,LoRA-v1,9270,1.3265831842576028,1.5929,6.838656391562884e-05,final trainer_log.jsonl
Qwen2.5-7B · LoRA-v1,Qwen2.5-7B,LoRA-v1,9280,1.3280143112701253,1.5843,6.830911577004698e-05,final trainer_log.jsonl
Qwen2.5-7B · LoRA-v1,Qwen2.5-7B,LoRA-v1,9290,1.3294454382826477,1.6805,6.82316168598244e-05,final trainer_log.jsonl
Qwen2.5-7B · LoRA-v1,Qwen2.5-7B,LoRA-v1,9300,1.33087656529517,1.812,6.815406739983789e-05,final trainer_log.jsonl
Qwen2.5-7B · LoRA-v1,Qwen2.5-7B,LoRA-v1,9310,1.3323076923076922,1.8858,6.807646760510446e-05,final trainer_log.jsonl
Qwen2.5-7B · LoRA-v1,Qwen2.5-7B,LoRA-v1,9320,1.3337388193202147,1.6583,6.799881769078057e-05,final trainer_log.jsonl
Qwen2.5-7B · LoRA-v1,Qwen2.5-7B,LoRA-v1,9330,1.3351699463327371,1.6355,6.792111787216174e-05,final trainer_log.jsonl
Qwen2.5-7B · LoRA-v1,Qwen2.5-7B,LoRA-v1,9340,1.3366010733452593,1.5494,6.784336836468182e-05,final trainer_log.jsonl
Qwen2.5-7B · LoRA-v1,Qwen2.5-7B,LoRA-v1,9350,1.3380322003577818,1.5932,6.776556938391245e-05,final trainer_log.jsonl
Qwen2.5-7B · LoRA-v1,Qwen2.5-7B,LoRA-v1,9360,1.339463327370304,1.6656,6.768772114556239e-05,final trainer_log.jsonl
Qwen2.5-7B · LoRA-v1,Qwen2.5-7B,LoRA-v1,9370,1.3408944543828265,1.6742,6.760982386547703e-05,final trainer_log.jsonl
Qwen2.5-7B · LoRA-v1,Qwen2.5-7B,LoRA-v1,9380,1.342325581395349,1.6424,6.753187775963773e-05,final trainer_log.jsonl
Qwen2.5-7B · LoRA-v1,Qwen2.5-7B,LoRA-v1,9390,1.3437567084078712,1.6102,6.745388304416118e-05,final trainer_log.jsonl
Qwen2.5-7B · LoRA-v1,Qwen2.5-7B,LoRA-v1,9400,1.3451878354203934,1.6234,6.73758399352989e-05,final trainer_log.jsonl
Qwen2.5-7B · LoRA-v1,Qwen2.5-7B,LoRA-v1,9410,1.346618962432916,1.6602,6.729774864943654e-05,final trainer_log.jsonl
Qwen2.5-7B · LoRA-v1,Qwen2.5-7B,LoRA-v1,9420,1.3480500894454384,1.6629,6.721960940309338e-05,final trainer_log.jsonl
Qwen2.5-7B · LoRA-v1,Qwen2.5-7B,LoRA-v1,9430,1.3494812164579606,1.7173,6.714142241292164e-05,final trainer_log.jsonl
Qwen2.5-7B · LoRA-v1,Qwen2.5-7B,LoRA-v1,9440,1.350912343470483,1.7051,6.706318789570593e-05,final trainer_log.jsonl
Qwen2.5-7B · LoRA-v1,Qwen2.5-7B,LoRA-v1,9450,1.3523434704830053,1.6334,6.698490606836264e-05,final trainer_log.jsonl
Qwen2.5-7B · LoRA-v1,Qwen2.5-7B,LoRA-v1,9460,1.3537745974955278,1.5655,6.69065771479393e-05,final trainer_log.jsonl
Qwen2.5-7B · LoRA-v1,Qwen2.5-7B,LoRA-v1,9470,1.3552057245080502,1.5208,6.682820135161406e-05,final trainer_log.jsonl
Qwen2.5-7B · LoRA-v1,Qwen2.5-7B,LoRA-v1,9480,1.3566368515205725,1.7498,6.6749778896695e-05,final trainer_log.jsonl
Qwen2.5-7B · LoRA-v1,Qwen2.5-7B,LoRA-v1,9490,1.3580679785330947,1.4471,6.667131000061963e-05,final trainer_log.jsonl
Qwen2.5-7B · LoRA-v1,Qwen2.5-7B,LoRA-v1,9500,1.3594991055456171,1.7482,6.659279488095412e-05,final trainer_log.jsonl
Qwen2.5-7B · LoRA-v1,Qwen2.5-7B,LoRA-v1,9510,1.3609302325581396,1.5361,6.651423375539292e-05,final trainer_log.jsonl
Qwen2.5-7B · LoRA-v1,Qwen2.5-7B,LoRA-v1,9520,1.3623613595706618,1.6194,6.643562684175794e-05,final trainer_log.jsonl
Qwen2.5-7B · LoRA-v1,Qwen2.5-7B,LoRA-v1,9530,1.3637924865831843,1.6983,6.635697435799812e-05,final trainer_log.jsonl
Qwen2.5-7B · LoRA-v1,Qwen2.5-7B,LoRA-v1,9540,1.3652236135957065,1.6133,6.627827652218867e-05,final trainer_log.jsonl
Qwen2.5-7B · LoRA-v1,Qwen2.5-7B,LoRA-v1,9550,1.366654740608229,1.6052,6.619953355253063e-05,final trainer_log.jsonl
Qwen2.5-7B · LoRA-v1,Qwen2.5-7B,LoRA-v1,9560,1.3680858676207515,1.6224,6.612074566735012e-05,final trainer_log.jsonl
Qwen2.5-7B · LoRA-v1,Qwen2.5-7B,LoRA-v1,9570,1.3695169946332737,1.6908,6.604191308509782e-05,final trainer_log.jsonl
Qwen2.5-7B · LoRA-v1,Qwen2.5-7B,LoRA-v1,9580,1.370948121645796,1.69,6.596303602434832e-05,final trainer_log.jsonl
Qwen2.5-7B · LoRA-v1,Qwen2.5-7B,LoRA-v1,9590,1.3723792486583184,1.4709,6.588411470379957e-05,final trainer_log.jsonl
Qwen2.5-7B · LoRA-v1,Qwen2.5-7B,LoRA-v1,9600,1.3738103756708409,1.5884,6.58051493422722e-05,final trainer_log.jsonl
Qwen2.5-7B · LoRA-v1,Qwen2.5-7B,LoRA-v1,9610,1.375241502683363,1.6728,6.572614015870897e-05,final trainer_log.jsonl
Qwen2.5-7B · LoRA-v1,Qwen2.5-7B,LoRA-v1,9620,1.3766726296958856,1.7426,6.564708737217412e-05,final trainer_log.jsonl
Qwen2.5-7B · LoRA-v1,Qwen2.5-7B,LoRA-v1,9630,1.3781037567084078,1.564,6.556799120185279e-05,final trainer_log.jsonl
Qwen2.5-7B · LoRA-v1,Qwen2.5-7B,LoRA-v1,9640,1.3795348837209302,1.6172,6.548885186705047e-05,final trainer_log.jsonl
Qwen2.5-7B · LoRA-v1,Qwen2.5-7B,LoRA-v1,9650,1.3809660107334527,1.7679,6.540966958719223e-05,final trainer_log.jsonl
Qwen2.5-7B · LoRA-v1,Qwen2.5-7B,LoRA-v1,9660,1.382397137745975,1.5409,6.53304445818223e-05,final trainer_log.jsonl
Qwen2.5-7B · LoRA-v1,Qwen2.5-7B,LoRA-v1,9670,1.3838282647584972,1.7249,6.525117707060329e-05,final trainer_log.jsonl
Qwen2.5-7B · LoRA-v1,Qwen2.5-7B,LoRA-v1,9680,1.3852593917710196,1.6731,6.517186727331572e-05,final trainer_log.jsonl
Qwen2.5-7B · LoRA-v1,Qwen2.5-7B,LoRA-v1,9690,1.386690518783542,1.6998,6.509251540985736e-05,final trainer_log.jsonl
Qwen2.5-7B · LoRA-v1,Qwen2.5-7B,LoRA-v1,9700,1.3881216457960643,1.709,6.501312170024256e-05,final trainer_log.jsonl
Qwen2.5-7B · LoRA-v1,Qwen2.5-7B,LoRA-v1,9710,1.3895527728085868,1.6169,6.493368636460179e-05,final trainer_log.jsonl
Qwen2.5-7B · LoRA-v1,Qwen2.5-7B,LoRA-v1,9720,1.390983899821109,1.7419,6.485420962318079e-05,final trainer_log.jsonl
Qwen2.5-7B · LoRA-v1,Qwen2.5-7B,LoRA-v1,9730,1.3924150268336315,1.456,6.477469169634025e-05,final trainer_log.jsonl
Qwen2.5-7B · LoRA-v1,Qwen2.5-7B,LoRA-v1,9740,1.393846153846154,1.6394,6.469513280455495e-05,final trainer_log.jsonl
Qwen2.5-7B · LoRA-v1,Qwen2.5-7B,LoRA-v1,9750,1.3952772808586762,1.7154,6.461553316841334e-05,final trainer_log.jsonl
Qwen2.5-7B · LoRA-v1,Qwen2.5-7B,LoRA-v1,9760,1.3967084078711984,1.7295,6.453589300861674e-05,final trainer_log.jsonl
Qwen2.5-7B · LoRA-v1,Qwen2.5-7B,LoRA-v1,9770,1.398139534883721,1.7119,6.44562125459789e-05,final trainer_log.jsonl
Qwen2.5-7B · LoRA-v1,Qwen2.5-7B,LoRA-v1,9780,1.3995706618962434,1.684,6.437649200142529e-05,final trainer_log.jsonl
Qwen2.5-7B · LoRA-v1,Qwen2.5-7B,LoRA-v1,9790,1.4010017889087656,1.6715,6.429673159599252e-05,final trainer_log.jsonl
Qwen2.5-7B · LoRA-v1,Qwen2.5-7B,LoRA-v1,9800,1.402432915921288,1.7282,6.421693155082768e-05,final trainer_log.jsonl
Qwen2.5-7B · LoRA-v1,Qwen2.5-7B,LoRA-v1,9810,1.4038640429338103,1.7142,6.413709208718786e-05,final trainer_log.jsonl
Qwen2.5-7B · LoRA-v1,Qwen2.5-7B,LoRA-v1,9820,1.4052951699463327,1.6561,6.405721342643936e-05,final trainer_log.jsonl
Qwen2.5-7B · LoRA-v1,Qwen2.5-7B,LoRA-v1,9830,1.4067262969588552,1.6476,6.397729579005718e-05,final trainer_log.jsonl
Qwen2.5-7B · LoRA-v1,Qwen2.5-7B,LoRA-v1,9840,1.4081574239713774,1.7069,6.389733939962439e-05,final trainer_log.jsonl
Qwen2.5-7B · LoRA-v1,Qwen2.5-7B,LoRA-v1,9850,1.4095885509839,1.8158,6.381734447683152e-05,final trainer_log.jsonl
Qwen2.5-7B · LoRA-v1,Qwen2.5-7B,LoRA-v1,9860,1.4110196779964221,1.6514,6.373731124347593e-05,final trainer_log.jsonl
Qwen2.5-7B · LoRA-v1,Qwen2.5-7B,LoRA-v1,9870,1.4124508050089446,1.6239,6.365723992146119e-05,final trainer_log.jsonl
Qwen2.5-7B · LoRA-v1,Qwen2.5-7B,LoRA-v1,9880,1.4138819320214668,1.5108,6.357713073279649e-05,final trainer_log.jsonl
Qwen2.5-7B · LoRA-v1,Qwen2.5-7B,LoRA-v1,9890,1.4153130590339893,1.716,6.349698389959601e-05,final trainer_log.jsonl
Qwen2.5-7B · LoRA-v1,Qwen2.5-7B,LoRA-v1,9900,1.4167441860465115,1.6497,6.341679964407829e-05,final trainer_log.jsonl
Qwen2.5-7B · LoRA-v1,Qwen2.5-7B,LoRA-v1,9910,1.418175313059034,1.6221,6.333657818856567e-05,final trainer_log.jsonl
Qwen2.5-7B · LoRA-v1,Qwen2.5-7B,LoRA-v1,9920,1.4196064400715565,1.6927,6.325631975548357e-05,final trainer_log.jsonl
Qwen2.5-7B · LoRA-v1,Qwen2.5-7B,LoRA-v1,9930,1.4210375670840787,1.7188,6.317602456736001e-05,final trainer_log.jsonl
Qwen2.5-7B · LoRA-v1,Qwen2.5-7B,LoRA-v1,9940,1.4224686940966011,1.765,6.309569284682481e-05,final trainer_log.jsonl
Qwen2.5-7B · LoRA-v1,Qwen2.5-7B,LoRA-v1,9950,1.4238998211091234,1.7027,6.301532481660922e-05,final trainer_log.jsonl
Qwen2.5-7B · LoRA-v1,Qwen2.5-7B,LoRA-v1,9960,1.4253309481216458,1.7617,6.293492069954505e-05,final trainer_log.jsonl
Qwen2.5-7B · LoRA-v1,Qwen2.5-7B,LoRA-v1,9970,1.426762075134168,1.5948,6.285448071856422e-05,final trainer_log.jsonl
Qwen2.5-7B · LoRA-v1,Qwen2.5-7B,LoRA-v1,9980,1.4281932021466905,1.5822,6.277400509669808e-05,final trainer_log.jsonl
Qwen2.5-7B · LoRA-v1,Qwen2.5-7B,LoRA-v1,9990,1.4296243291592128,1.5944,6.269349405707679e-05,final trainer_log.jsonl
Qwen2.5-7B · LoRA-v1,Qwen2.5-7B,LoRA-v1,10000,1.4310554561717352,1.7171,6.26129478229287e-05,final trainer_log.jsonl
Qwen2.5-7B · LoRA-v1,Qwen2.5-7B,LoRA-v1,10010,1.4324865831842577,1.7523,6.253236661757979e-05,final trainer_log.jsonl
Qwen2.5-7B · LoRA-v1,Qwen2.5-7B,LoRA-v1,10020,1.43391771019678,1.7545,6.245175066445294e-05,final trainer_log.jsonl
Qwen2.5-7B · LoRA-v1,Qwen2.5-7B,LoRA-v1,10030,1.4353488372093024,1.7349,6.237110018706743e-05,final trainer_log.jsonl
Qwen2.5-7B · LoRA-v1,Qwen2.5-7B,LoRA-v1,10040,1.4367799642218246,1.6665,6.229041540903822e-05,final trainer_log.jsonl
Qwen2.5-7B · LoRA-v1,Qwen2.5-7B,LoRA-v1,10050,1.438211091234347,1.7616,6.220969655407542e-05,final trainer_log.jsonl
Qwen2.5-7B · LoRA-v1,Qwen2.5-7B,LoRA-v1,10060,1.4396422182468693,1.5593,6.212894384598355e-05,final trainer_log.jsonl
Qwen2.5-7B · LoRA-v1,Qwen2.5-7B,LoRA-v1,10070,1.4410733452593918,1.6996,6.204815750866106e-05,final trainer_log.jsonl
Qwen2.5-7B · LoRA-v1,Qwen2.5-7B,LoRA-v1,10080,1.442504472271914,1.6407,6.196733776609962e-05,final trainer_log.jsonl
Qwen2.5-7B · LoRA-v1,Qwen2.5-7B,LoRA-v1,10090,1.4439355992844365,1.7127,6.188648484238352e-05,final trainer_log.jsonl
Qwen2.5-7B · LoRA-v1,Qwen2.5-7B,LoRA-v1,10100,1.445366726296959,1.7221,6.180559896168903e-05,final trainer_log.jsonl
Qwen2.5-7B · LoRA-v1,Qwen2.5-7B,LoRA-v1,10110,1.4467978533094812,1.6266,6.172468034828385e-05,final trainer_log.jsonl
Qwen2.5-7B · LoRA-v1,Qwen2.5-7B,LoRA-v1,10120,1.4482289803220036,1.5099,6.164372922652636e-05,final trainer_log.jsonl
Qwen2.5-7B · LoRA-v1,Qwen2.5-7B,LoRA-v1,10130,1.4496601073345259,1.6408,6.156274582086518e-05,final trainer_log.jsonl
Qwen2.5-7B · LoRA-v1,Qwen2.5-7B,LoRA-v1,10140,1.4510912343470483,1.6993,6.14817303558383e-05,final trainer_log.jsonl
Qwen2.5-7B · LoRA-v1,Qwen2.5-7B,LoRA-v1,10150,1.4525223613595706,1.565,6.140068305607275e-05,final trainer_log.jsonl
Qwen2.5-7B · LoRA-v1,Qwen2.5-7B,LoRA-v1,10160,1.453953488372093,1.6428,6.131960414628369e-05,final trainer_log.jsonl
Qwen2.5-7B · LoRA-v1,Qwen2.5-7B,LoRA-v1,10170,1.4553846153846153,1.5717,6.123849385127404e-05,final trainer_log.jsonl
Qwen2.5-7B · LoRA-v1,Qwen2.5-7B,LoRA-v1,10180,1.4568157423971377,1.7337,6.115735239593365e-05,final trainer_log.jsonl
Qwen2.5-7B · LoRA-v1,Qwen2.5-7B,LoRA-v1,10190,1.4582468694096602,1.6039,6.107618000523885e-05,final trainer_log.jsonl
Qwen2.5-7B · LoRA-v1,Qwen2.5-7B,LoRA-v1,10200,1.4596779964221824,1.606,6.0994976904251645e-05,final trainer_log.jsonl
Qwen2.5-7B · LoRA-v1,Qwen2.5-7B,LoRA-v1,10210,1.461109123434705,1.6783,6.0913743318119266e-05,final trainer_log.jsonl
Qwen2.5-7B · LoRA-v1,Qwen2.5-7B,LoRA-v1,10220,1.4625402504472271,1.5309,6.083247947207344e-05,final trainer_log.jsonl
Qwen2.5-7B · LoRA-v1,Qwen2.5-7B,LoRA-v1,10230,1.4639713774597496,1.5147,6.075118559142979e-05,final trainer_log.jsonl
Qwen2.5-7B · LoRA-v1,Qwen2.5-7B,LoRA-v1,10240,1.465402504472272,1.7235,6.0669861901587236e-05,final trainer_log.jsonl
Qwen2.5-7B · LoRA-v1,Qwen2.5-7B,LoRA-v1,10250,1.4668336314847943,1.4991,6.058850862802732e-05,final trainer_log.jsonl
Qwen2.5-7B · LoRA-v1,Qwen2.5-7B,LoRA-v1,10260,1.4682647584973165,1.5601,6.050712599631362e-05,final trainer_log.jsonl
Qwen2.5-7B · LoRA-v1,Qwen2.5-7B,LoRA-v1,10270,1.469695885509839,1.7151,6.042571423209113e-05,final trainer_log.jsonl
Qwen2.5-7B · LoRA-v1,Qwen2.5-7B,LoRA-v1,10280,1.4711270125223614,1.7315,6.03442735610856e-05,final trainer_log.jsonl
Qwen2.5-7B · LoRA-v1,Qwen2.5-7B,LoRA-v1,10290,1.4725581395348837,1.5873,6.026280420910292e-05,final trainer_log.jsonl
Qwen2.5-7B · LoRA-v1,Qwen2.5-7B,LoRA-v1,10300,1.4739892665474061,1.8346,6.0181306402028524e-05,final trainer_log.jsonl
Qwen2.5-7B · LoRA-v1,Qwen2.5-7B,LoRA-v1,10310,1.4754203935599284,1.7247,6.009978036582673e-05,final trainer_log.jsonl
Qwen2.5-7B · LoRA-v1,Qwen2.5-7B,LoRA-v1,10320,1.4768515205724508,1.6345,6.001822632654013e-05,final trainer_log.jsonl
Qwen2.5-7B · LoRA-v1,Qwen2.5-7B,LoRA-v1,10330,1.4782826475849733,1.8357,5.993664451028895e-05,final trainer_log.jsonl
Qwen2.5-7B · LoRA-v1,Qwen2.5-7B,LoRA-v1,10340,1.4797137745974955,1.6144,5.9855035143270444e-05,final trainer_log.jsonl
Qwen2.5-7B · LoRA-v1,Qwen2.5-7B,LoRA-v1,10350,1.4811449016100178,1.7219,5.977339845175825e-05,final trainer_log.jsonl
Qwen2.5-7B · LoRA-v1,Qwen2.5-7B,LoRA-v1,10360,1.4825760286225402,1.6831,5.969173466210175e-05,final trainer_log.jsonl
Qwen2.5-7B · LoRA-v1,Qwen2.5-7B,LoRA-v1,10370,1.4840071556350627,1.8023,5.9610044000725494e-05,final trainer_log.jsonl
Qwen2.5-7B · LoRA-v1,Qwen2.5-7B,LoRA-v1,10380,1.485438282647585,1.613,5.95283266941285e-05,final trainer_log.jsonl
Qwen2.5-7B · LoRA-v1,Qwen2.5-7B,LoRA-v1,10390,1.4868694096601074,1.5512,5.9446582968883704e-05,final trainer_log.jsonl
Qwen2.5-7B · LoRA-v1,Qwen2.5-7B,LoRA-v1,10400,1.4883005366726296,1.7836,5.9364813051637236e-05,final trainer_log.jsonl
Qwen2.5-7B · LoRA-v1,Qwen2.5-7B,LoRA-v1,10410,1.489731663685152,1.6537,5.928301716910793e-05,final trainer_log.jsonl
Qwen2.5-7B · LoRA-v1,Qwen2.5-7B,LoRA-v1,10420,1.4911627906976745,1.5903,5.920119554808651e-05,final trainer_log.jsonl
Qwen2.5-7B · LoRA-v1,Qwen2.5-7B,LoRA-v1,10430,1.4925939177101968,1.7508,5.9119348415435135e-05,final trainer_log.jsonl
Qwen2.5-7B · LoRA-v1,Qwen2.5-7B,LoRA-v1,10440,1.494025044722719,1.8442,5.90374759980867e-05,final trainer_log.jsonl
Qwen2.5-7B · LoRA-v1,Qwen2.5-7B,LoRA-v1,10450,1.4954561717352415,1.7295,5.8955578523044175e-05,final trainer_log.jsonl
Qwen2.5-7B · LoRA-v1,Qwen2.5-7B,LoRA-v1,10460,1.496887298747764,1.7049,5.887365621737999e-05,final trainer_log.jsonl
Qwen2.5-7B · LoRA-v1,Qwen2.5-7B,LoRA-v1,10470,1.4983184257602862,1.5767,5.87917093082355e-05,final trainer_log.jsonl
Qwen2.5-7B · LoRA-v1,Qwen2.5-7B,LoRA-v1,10480,1.4997495527728086,1.6105,5.870973802282016e-05,final trainer_log.jsonl
Qwen2.5-7B · LoRA-v1,Qwen2.5-7B,LoRA-v1,10490,1.5011806797853309,1.6961,5.862774258841115e-05,final trainer_log.jsonl
Qwen2.5-7B · LoRA-v1,Qwen2.5-7B,LoRA-v1,10500,1.5026118067978533,1.5855,5.854572323235247e-05,final trainer_log.jsonl
Qwen2.5-7B · LoRA-v1,Qwen2.5-7B,LoRA-v1,10510,1.5040429338103758,1.6917,5.846368018205454e-05,final trainer_log.jsonl
Qwen2.5-7B · LoRA-v1,Qwen2.5-7B,LoRA-v1,10520,1.505474060822898,1.6297,5.8381613664993436e-05,final trainer_log.jsonl
Qwen2.5-7B · LoRA-v1,Qwen2.5-7B,LoRA-v1,10530,1.5069051878354203,1.6108,5.829952390871032e-05,final trainer_log.jsonl
Qwen2.5-7B · LoRA-v1,Qwen2.5-7B,LoRA-v1,10540,1.5083363148479427,1.579,5.821741114081075e-05,final trainer_log.jsonl
Qwen2.5-7B · LoRA-v1,Qwen2.5-7B,LoRA-v1,10550,1.5097674418604652,1.6059,5.8135275588964143e-05,final trainer_log.jsonl
Qwen2.5-7B · LoRA-v1,Qwen2.5-7B,LoRA-v1,10560,1.5111985688729874,1.5428,5.805311748090304e-05,final trainer_log.jsonl
Qwen2.5-7B · LoRA-v1,Qwen2.5-7B,LoRA-v1,10570,1.5126296958855099,1.612,5.797093704442255e-05,final trainer_log.jsonl
Qwen2.5-7B · LoRA-v1,Qwen2.5-7B,LoRA-v1,10580,1.5140608228980321,1.5774,5.788873450737966e-05,final trainer_log.jsonl
Qwen2.5-7B · LoRA-v1,Qwen2.5-7B,LoRA-v1,10590,1.5154919499105546,1.8623,5.780651009769268e-05,final trainer_log.jsonl
Qwen2.5-7B · LoRA-v1,Qwen2.5-7B,LoRA-v1,10600,1.516923076923077,1.6697,5.772426404334053e-05,final trainer_log.jsonl
Qwen2.5-7B · LoRA-v1,Qwen2.5-7B,LoRA-v1,10610,1.5183542039355993,1.6568,5.764199657236214e-05,final trainer_log.jsonl
Qwen2.5-7B · LoRA-v1,Qwen2.5-7B,LoRA-v1,10620,1.5197853309481215,1.6183,5.755970791285584e-05,final trainer_log.jsonl
Qwen2.5-7B · LoRA-v1,Qwen2.5-7B,LoRA-v1,10630,1.521216457960644,1.6398,5.7477398292978736e-05,final trainer_log.jsonl
Qwen2.5-7B · LoRA-v1,Qwen2.5-7B,LoRA-v1,10640,1.5226475849731664,1.7227,5.7395067940945955e-05,final trainer_log.jsonl
Qwen2.5-7B · LoRA-v1,Qwen2.5-7B,LoRA-v1,10650,1.524078711985689,1.6571,5.731271708503021e-05,final trainer_log.jsonl
Qwen2.5-7B · LoRA-v1,Qwen2.5-7B,LoRA-v1,10660,1.5255098389982111,1.4945,5.7230345953561004e-05,final trainer_log.jsonl
Qwen2.5-7B · LoRA-v1,Qwen2.5-7B,LoRA-v1,10670,1.5269409660107334,1.796,5.7147954774924094e-05,final trainer_log.jsonl
Qwen2.5-7B · LoRA-v1,Qwen2.5-7B,LoRA-v1,10680,1.5283720930232558,1.6664,5.706554377756076e-05,final trainer_log.jsonl
Qwen2.5-7B · LoRA-v1,Qwen2.5-7B,LoRA-v1,10690,1.5298032200357783,1.6422,5.698311318996731e-05,final trainer_log.jsonl
Qwen2.5-7B · LoRA-v1,Qwen2.5-7B,LoRA-v1,10700,1.5312343470483005,1.6367,5.6900663240694306e-05,final trainer_log.jsonl
Qwen2.5-7B · LoRA-v1,Qwen2.5-7B,LoRA-v1,10710,1.5326654740608228,1.5929,5.681819415834606e-05,final trainer_log.jsonl
Qwen2.5-7B · LoRA-v1,Qwen2.5-7B,LoRA-v1,10720,1.5340966010733452,1.7227,5.673570617157984e-05,final trainer_log.jsonl
Qwen2.5-7B · LoRA-v1,Qwen2.5-7B,LoRA-v1,10730,1.5355277280858677,1.7299,5.6653199509105405e-05,final trainer_log.jsonl
Qwen2.5-7B · LoRA-v1,Qwen2.5-7B,LoRA-v1,10740,1.5369588550983901,1.5921,5.657067439968427e-05,final trainer_log.jsonl
Qwen2.5-7B · LoRA-v1,Qwen2.5-7B,LoRA-v1,10750,1.5383899821109124,1.5635,5.64881310721291e-05,final trainer_log.jsonl
Qwen2.5-7B · LoRA-v1,Qwen2.5-7B,LoRA-v1,10760,1.5398211091234346,1.4763,5.6405569755303056e-05,final trainer_log.jsonl
Qwen2.5-7B · LoRA-v1,Qwen2.5-7B,LoRA-v1,10770,1.541252236135957,1.7298,5.632299067811921e-05,final trainer_log.jsonl
Qwen2.5-7B · LoRA-v1,Qwen2.5-7B,LoRA-v1,10780,1.5426833631484795,1.6811,5.624039406953986e-05,final trainer_log.jsonl
Qwen2.5-7B · LoRA-v1,Qwen2.5-7B,LoRA-v1,10790,1.5441144901610018,1.63,5.615778015857589e-05,final trainer_log.jsonl
Qwen2.5-7B · LoRA-v1,Qwen2.5-7B,LoRA-v1,10800,1.545545617173524,1.6232,5.607514917428618e-05,final trainer_log.jsonl
Qwen2.5-7B · LoRA-v1,Qwen2.5-7B,LoRA-v1,10810,1.5469767441860465,1.7331,5.599250134577696e-05,final trainer_log.jsonl
Qwen2.5-7B · LoRA-v1,Qwen2.5-7B,LoRA-v1,10820,1.548407871198569,1.5616,5.590983690220115e-05,final trainer_log.jsonl
Qwen2.5-7B · LoRA-v1,Qwen2.5-7B,LoRA-v1,10830,1.5498389982110914,1.7262,5.5827156072757724e-05,final trainer_log.jsonl
Qwen2.5-7B · LoRA-v1,Qwen2.5-7B,LoRA-v1,10840,1.5512701252236136,1.546,5.5744459086691094e-05,final trainer_log.jsonl
Qwen2.5-7B · LoRA-v1,Qwen2.5-7B,LoRA-v1,10850,1.5527012522361359,1.6126,5.566174617329051e-05,final trainer_log.jsonl
Qwen2.5-7B · LoRA-v1,Qwen2.5-7B,LoRA-v1,10860,1.5541323792486583,1.6754,5.5579017561889305e-05,final trainer_log.jsonl
Qwen2.5-7B · LoRA-v1,Qwen2.5-7B,LoRA-v1,10870,1.5555635062611808,1.5719,5.549627348186441e-05,final trainer_log.jsonl
Qwen2.5-7B · LoRA-v1,Qwen2.5-7B,LoRA-v1,10880,1.556994633273703,1.6616,5.54135141626356e-05,final trainer_log.jsonl
Qwen2.5-7B · LoRA-v1,Qwen2.5-7B,LoRA-v1,10890,1.5584257602862253,1.7495,5.533073983366493e-05,final trainer_log.jsonl
Qwen2.5-7B · LoRA-v1,Qwen2.5-7B,LoRA-v1,10900,1.5598568872987477,1.7033,5.5247950724456045e-05,final trainer_log.jsonl
Qwen2.5-7B · LoRA-v1,Qwen2.5-7B,LoRA-v1,10910,1.5612880143112702,1.6307,5.5165147064553594e-05,final trainer_log.jsonl
Qwen2.5-7B · LoRA-v1,Qwen2.5-7B,LoRA-v1,10920,1.5627191413237926,1.5916,5.508232908354255e-05,final trainer_log.jsonl
Qwen2.5-7B · LoRA-v1,Qwen2.5-7B,LoRA-v1,10930,1.5641502683363149,1.5872,5.499949701104764e-05,final trainer_log.jsonl
Qwen2.5-7B · LoRA-v1,Qwen2.5-7B,LoRA-v1,10940,1.5655813953488371,1.6641,5.4916651076732574e-05,final trainer_log.jsonl
Qwen2.5-7B · LoRA-v1,Qwen2.5-7B,LoRA-v1,10950,1.5670125223613596,1.5631,5.483379151029957e-05,final trainer_log.jsonl
Qwen2.5-7B · LoRA-v1,Qwen2.5-7B,LoRA-v1,10960,1.568443649373882,1.6839,5.475091854148863e-05,final trainer_log.jsonl
Qwen2.5-7B · LoRA-v1,Qwen2.5-7B,LoRA-v1,10970,1.5698747763864043,1.4977,5.466803240007691e-05,final trainer_log.jsonl
Qwen2.5-7B · LoRA-v1,Qwen2.5-7B,LoRA-v1,10980,1.5713059033989265,1.6629,5.458513331587806e-05,final trainer_log.jsonl
Qwen2.5-7B · LoRA-v1,Qwen2.5-7B,LoRA-v1,10990,1.572737030411449,1.6977,5.450222151874166e-05,final trainer_log.jsonl
Qwen2.5-7B · LoRA-v1,Qwen2.5-7B,LoRA-v1,11000,1.5741681574239714,1.5295,5.4419297238552526e-05,final trainer_log.jsonl
Qwen2.5-7B · LoRA-v1,Qwen2.5-7B,LoRA-v1,11010,1.5755992844364939,1.6533,5.433636070523006e-05,final trainer_log.jsonl
Qwen2.5-7B · LoRA-v1,Qwen2.5-7B,LoRA-v1,11020,1.5770304114490161,1.6873,5.425341214872765e-05,final trainer_log.jsonl
Qwen2.5-7B · LoRA-v1,Qwen2.5-7B,LoRA-v1,11030,1.5784615384615384,1.6572,5.417045179903206e-05,final trainer_log.jsonl
Qwen2.5-7B · LoRA-v1,Qwen2.5-7B,LoRA-v1,11040,1.5798926654740608,1.7341,5.4087479886162694e-05,final trainer_log.jsonl
Qwen2.5-7B · LoRA-v1,Qwen2.5-7B,LoRA-v1,11050,1.5813237924865833,1.7857,5.4004496640171045e-05,final trainer_log.jsonl
Qwen2.5-7B · LoRA-v1,Qwen2.5-7B,LoRA-v1,11060,1.5827549194991055,1.6335,5.392150229114001e-05,final trainer_log.jsonl
Qwen2.5-7B · LoRA-v1,Qwen2.5-7B,LoRA-v1,11070,1.5841860465116278,1.6787,5.3838497069183335e-05,final trainer_log.jsonl
Qwen2.5-7B · LoRA-v1,Qwen2.5-7B,LoRA-v1,11080,1.5856171735241502,1.6557,5.375548120444481e-05,final trainer_log.jsonl
Qwen2.5-7B · LoRA-v1,Qwen2.5-7B,LoRA-v1,11090,1.5870483005366727,1.46,5.3672454927097814e-05,final trainer_log.jsonl
Qwen2.5-7B · LoRA-v1,Qwen2.5-7B,LoRA-v1,11100,1.5884794275491951,1.6984,5.3589418467344555e-05,final trainer_log.jsonl
Qwen2.5-7B · LoRA-v1,Qwen2.5-7B,LoRA-v1,11110,1.5899105545617174,1.7325,5.350637205541551e-05,final trainer_log.jsonl
Qwen2.5-7B · LoRA-v1,Qwen2.5-7B,LoRA-v1,11120,1.5913416815742396,1.7779,5.3423315921568684e-05,final trainer_log.jsonl
Qwen2.5-7B · LoRA-v1,Qwen2.5-7B,LoRA-v1,11130,1.592772808586762,1.7433,5.334025029608913e-05,final trainer_log.jsonl
Qwen2.5-7B · LoRA-v1,Qwen2.5-7B,LoRA-v1,11140,1.5942039355992845,1.5414,5.3257175409288143e-05,final trainer_log.jsonl
Qwen2.5-7B · LoRA-v1,Qwen2.5-7B,LoRA-v1,11150,1.5956350626118068,1.5655,5.317409149150273e-05,final trainer_log.jsonl
Qwen2.5-7B · LoRA-v1,Qwen2.5-7B,LoRA-v1,11160,1.597066189624329,1.5783,5.3090998773094925e-05,final trainer_log.jsonl
Qwen2.5-7B · LoRA-v1,Qwen2.5-7B,LoRA-v1,11170,1.5984973166368515,1.6125,5.3007897484451166e-05,final trainer_log.jsonl
Qwen2.5-7B · LoRA-v1,Qwen2.5-7B,LoRA-v1,11180,1.599928443649374,1.5206,5.292478785598165e-05,final trainer_log.jsonl
Qwen2.5-7B · LoRA-v1,Qwen2.5-7B,LoRA-v1,11190,1.6013595706618964,1.6752,5.284167011811974e-05,final trainer_log.jsonl
Qwen2.5-7B · LoRA-v1,Qwen2.5-7B,LoRA-v1,11200,1.6027906976744186,1.4129,5.275854450132118e-05,final trainer_log.jsonl
Qwen2.5-7B · LoRA-v1,Qwen2.5-7B,LoRA-v1,11210,1.6042218246869409,1.7494,5.267541123606369e-05,final trainer_log.jsonl
Qwen2.5-7B · LoRA-v1,Qwen2.5-7B,LoRA-v1,11220,1.6056529516994633,1.6696,5.259227055284609e-05,final trainer_log.jsonl
Qwen2.5-7B · LoRA-v1,Qwen2.5-7B,LoRA-v1,11230,1.6070840787119858,1.6274,5.250912268218783e-05,final trainer_log.jsonl
Qwen2.5-7B · LoRA-v1,Qwen2.5-7B,LoRA-v1,11240,1.608515205724508,1.7434,5.242596785462824e-05,final trainer_log.jsonl
Qwen2.5-7B · LoRA-v1,Qwen2.5-7B,LoRA-v1,11250,1.6099463327370303,1.5443,5.234280630072601e-05,final trainer_log.jsonl
Qwen2.5-7B · LoRA-v1,Qwen2.5-7B,LoRA-v1,11260,1.6113774597495527,1.5071,5.2259638251058405e-05,final trainer_log.jsonl
Qwen2.5-7B · LoRA-v1,Qwen2.5-7B,LoRA-v1,11270,1.6128085867620752,1.4718,5.217646393622073e-05,final trainer_log.jsonl
Qwen2.5-7B · LoRA-v1,Qwen2.5-7B,LoRA-v1,11280,1.6142397137745976,1.6082,5.209328358682567e-05,final trainer_log.jsonl
Qwen2.5-7B · LoRA-v1,Qwen2.5-7B,LoRA-v1,11290,1.6156708407871199,1.6849,5.201009743350265e-05,final trainer_log.jsonl
Qwen2.5-7B · LoRA-v1,Qwen2.5-7B,LoRA-v1,11300,1.617101967799642,1.7337,5.1926905706897146e-05,final trainer_log.jsonl
Qwen2.5-7B · LoRA-v1,Qwen2.5-7B,LoRA-v1,11310,1.6185330948121646,1.6308,5.184370863767012e-05,final trainer_log.jsonl
Qwen2.5-7B · LoRA-v1,Qwen2.5-7B,LoRA-v1,11320,1.619964221824687,1.5921,5.176050645649734e-05,final trainer_log.jsonl
Qwen2.5-7B · LoRA-v1,Qwen2.5-7B,LoRA-v1,11330,1.6213953488372093,1.7331,5.1677299394068755e-05,final trainer_log.jsonl
Qwen2.5-7B · LoRA-v1,Qwen2.5-7B,LoRA-v1,11340,1.6228264758497315,1.6091,5.159408768108782e-05,final trainer_log.jsonl
Qwen2.5-7B · LoRA-v1,Qwen2.5-7B,LoRA-v1,11350,1.624257602862254,1.8262,5.151087154827093e-05,final trainer_log.jsonl
Qwen2.5-7B · LoRA-v1,Qwen2.5-7B,LoRA-v1,11360,1.6256887298747764,1.6817,5.1427651226346694e-05,final trainer_log.jsonl
Qwen2.5-7B · LoRA-v1,Qwen2.5-7B,LoRA-v1,11370,1.6271198568872989,1.776,5.134442694605537e-05,final trainer_log.jsonl
Qwen2.5-7B · LoRA-v1,Qwen2.5-7B,LoRA-v1,11380,1.6285509838998211,1.5047,5.126119893814812e-05,final trainer_log.jsonl
Qwen2.5-7B · LoRA-v1,Qwen2.5-7B,LoRA-v1,11390,1.6299821109123434,1.7798,5.1177967433386556e-05,final trainer_log.jsonl
Qwen2.5-7B · LoRA-v1,Qwen2.5-7B,LoRA-v1,11400,1.6314132379248658,1.6855,5.1094732662541865e-05,final trainer_log.jsonl
Qwen2.5-7B · LoRA-v1,Qwen2.5-7B,LoRA-v1,11410,1.6328443649373883,1.6975,5.101149485639442e-05,final trainer_log.jsonl
Qwen2.5-7B · LoRA-v1,Qwen2.5-7B,LoRA-v1,11420,1.6342754919499105,1.5311,5.0928254245732856e-05,final trainer_log.jsonl
Qwen2.5-7B · LoRA-v1,Qwen2.5-7B,LoRA-v1,11430,1.635706618962433,1.6478,5.084501106135372e-05,final trainer_log.jsonl
Qwen2.5-7B · LoRA-v1,Qwen2.5-7B,LoRA-v1,11440,1.6371377459749552,1.6369,5.0761765534060626e-05,final trainer_log.jsonl
Qwen2.5-7B · LoRA-v1,Qwen2.5-7B,LoRA-v1,11450,1.6385688729874777,1.5216,5.06785178946637e-05,final trainer_log.jsonl
Qwen2.5-7B · LoRA-v1,Qwen2.5-7B,LoRA-v1,11460,1.6400000000000001,1.5076,5.0595268373978896e-05,final trainer_log.jsonl
Qwen2.5-7B · LoRA-v1,Qwen2.5-7B,LoRA-v1,11470,1.6414311270125224,1.5672,5.0512017202827453e-05,final trainer_log.jsonl
Qwen2.5-7B · LoRA-v1,Qwen2.5-7B,LoRA-v1,11480,1.6428622540250446,1.753,5.042876461203512e-05,final trainer_log.jsonl
Qwen2.5-7B · LoRA-v1,Qwen2.5-7B,LoRA-v1,11490,1.644293381037567,1.6534,5.0345510832431605e-05,final trainer_log.jsonl
Qwen2.5-7B · LoRA-v1,Qwen2.5-7B,LoRA-v1,11500,1.6457245080500895,1.7205,5.026225609484991e-05,final trainer_log.jsonl
Qwen2.5-7B · LoRA-v1,Qwen2.5-7B,LoRA-v1,11510,1.6471556350626118,1.6505,5.0179000630125714e-05,final trainer_log.jsonl
Qwen2.5-7B · LoRA-v1,Qwen2.5-7B,LoRA-v1,11520,1.6485867620751342,1.4289,5.009574466909669e-05,final trainer_log.jsonl
Qwen2.5-7B · LoRA-v1,Qwen2.5-7B,LoRA-v1,11530,1.6500178890876565,1.5709,5.001248844260188e-05,final trainer_log.jsonl
Qwen2.5-7B · LoRA-v1,Qwen2.5-7B,LoRA-v1,11540,1.651449016100179,1.6165,4.992923218148106e-05,final trainer_log.jsonl
Qwen2.5-7B · LoRA-v1,Qwen2.5-7B,LoRA-v1,11550,1.6528801431127014,1.8513,4.984597611657415e-05,final trainer_log.jsonl
Qwen2.5-7B · LoRA-v1,Qwen2.5-7B,LoRA-v1,11560,1.6543112701252236,1.6807,4.976272047872046e-05,final trainer_log.jsonl
Qwen2.5-7B · LoRA-v1,Qwen2.5-7B,LoRA-v1,11570,1.6557423971377458,1.7432,4.967946549875818e-05,final trainer_log.jsonl
Qwen2.5-7B · LoRA-v1,Qwen2.5-7B,LoRA-v1,11580,1.6571735241502683,1.5541,4.9596211407523626e-05,final trainer_log.jsonl
Qwen2.5-7B · LoRA-v1,Qwen2.5-7B,LoRA-v1,11590,1.6586046511627908,1.6682,4.951295843585065e-05,final trainer_log.jsonl
Qwen2.5-7B · LoRA-v1,Qwen2.5-7B,LoRA-v1,11600,1.660035778175313,1.8752,4.942970681457003e-05,final trainer_log.jsonl
Qwen2.5-7B · LoRA-v1,Qwen2.5-7B,LoRA-v1,11610,1.6614669051878355,1.7098,4.9346456774508806e-05,final trainer_log.jsonl
Qwen2.5-7B · LoRA-v1,Qwen2.5-7B,LoRA-v1,11620,1.6628980322003577,1.6331,4.926320854648957e-05,final trainer_log.jsonl
Qwen2.5-7B · LoRA-v1,Qwen2.5-7B,LoRA-v1,11630,1.6643291592128802,1.6305,4.917996236132999e-05,final trainer_log.jsonl
Qwen2.5-7B · LoRA-v1,Qwen2.5-7B,LoRA-v1,11640,1.6657602862254026,1.6707,4.909671844984197e-05,final trainer_log.jsonl
Qwen2.5-7B · LoRA-v1,Qwen2.5-7B,LoRA-v1,11650,1.6671914132379249,1.6418,4.9013477042831195e-05,final trainer_log.jsonl
Qwen2.5-7B · LoRA-v1,Qwen2.5-7B,LoRA-v1,11660,1.668622540250447,1.8495,4.8930238371096313e-05,final trainer_log.jsonl
Qwen2.5-7B · LoRA-v1,Qwen2.5-7B,LoRA-v1,11670,1.6700536672629696,1.6591,4.8847002665428474e-05,final trainer_log.jsonl
Qwen2.5-7B · LoRA-v1,Qwen2.5-7B,LoRA-v1,11680,1.671484794275492,1.6416,4.876377015661056e-05,final trainer_log.jsonl
Qwen2.5-7B · LoRA-v1,Qwen2.5-7B,LoRA-v1,11690,1.6729159212880145,1.7153,4.8680541075416617e-05,final trainer_log.jsonl
Qwen2.5-7B · LoRA-v1,Qwen2.5-7B,LoRA-v1,11700,1.6743470483005367,1.6009,4.8597315652611134e-05,final trainer_log.jsonl
Qwen2.5-7B · LoRA-v1,Qwen2.5-7B,LoRA-v1,11710,1.675778175313059,1.6578,4.851409411894853e-05,final trainer_log.jsonl
Qwen2.5-7B · LoRA-v1,Qwen2.5-7B,LoRA-v1,11720,1.6772093023255814,1.5082,4.843087670517241e-05,final trainer_log.jsonl
Qwen2.5-7B · LoRA-v1,Qwen2.5-7B,LoRA-v1,11730,1.6786404293381039,1.739,4.834766364201491e-05,final trainer_log.jsonl
Qwen2.5-7B · LoRA-v1,Qwen2.5-7B,LoRA-v1,11740,1.680071556350626,1.6041,4.8264455160196145e-05,final trainer_log.jsonl
Qwen2.5-7B · LoRA-v1,Qwen2.5-7B,LoRA-v1,11750,1.6815026833631483,1.6305,4.818125149042355e-05,final trainer_log.jsonl
Qwen2.5-7B · LoRA-v1,Qwen2.5-7B,LoRA-v1,11760,1.6829338103756708,1.5462,4.809805286339118e-05,final trainer_log.jsonl
Qwen2.5-7B · LoRA-v1,Qwen2.5-7B,LoRA-v1,11770,1.6843649373881933,1.5353,4.801485950977914e-05,final trainer_log.jsonl
Qwen2.5-7B · LoRA-v1,Qwen2.5-7B,LoRA-v1,11780,1.6857960644007157,1.8447,4.7931671660252866e-05,final trainer_log.jsonl
Qwen2.5-7B · LoRA-v1,Qwen2.5-7B,LoRA-v1,11790,1.687227191413238,1.5195,4.784848954546259e-05,final trainer_log.jsonl
Qwen2.5-7B · LoRA-v1,Qwen2.5-7B,LoRA-v1,11800,1.6886583184257602,1.6999,4.776531339604261e-05,final trainer_log.jsonl
Qwen2.5-7B · LoRA-v1,Qwen2.5-7B,LoRA-v1,11810,1.6900894454382827,1.5938,4.768214344261067e-05,final trainer_log.jsonl
Qwen2.5-7B · LoRA-v1,Qwen2.5-7B,LoRA-v1,11820,1.6915205724508051,1.7748,4.7598979915767366e-05,final trainer_log.jsonl
Qwen2.5-7B · LoRA-v1,Qwen2.5-7B,LoRA-v1,11830,1.6929516994633274,1.5305,4.751582304609548e-05,final trainer_log.jsonl
Qwen2.5-7B · LoRA-v1,Qwen2.5-7B,LoRA-v1,11840,1.6943828264758496,1.7253,4.743267306415928e-05,final trainer_log.jsonl
Qwen2.5-7B · LoRA-v1,Qwen2.5-7B,LoRA-v1,11850,1.695813953488372,1.5791,4.734953020050403e-05,final trainer_log.jsonl
Qwen2.5-7B · LoRA-v1,Qwen2.5-7B,LoRA-v1,11860,1.6972450805008945,1.6415,4.726639468565516e-05,final trainer_log.jsonl
Qwen2.5-7B · LoRA-v1,Qwen2.5-7B,LoRA-v1,11870,1.698676207513417,1.6571,4.718326675011783e-05,final trainer_log.jsonl
Qwen2.5-7B · LoRA-v1,Qwen2.5-7B,LoRA-v1,11880,1.7001073345259392,1.6195,4.710014662437604e-05,final trainer_log.jsonl
Qwen2.5-7B · LoRA-v1,Qwen2.5-7B,LoRA-v1,11890,1.7015384615384614,1.6278,4.7017034538892275e-05,final trainer_log.jsonl
Qwen2.5-7B · LoRA-v1,Qwen2.5-7B,LoRA-v1,11900,1.702969588550984,1.7425,4.693393072410665e-05,final trainer_log.jsonl
Qwen2.5-7B · LoRA-v1,Qwen2.5-7B,LoRA-v1,11910,1.7044007155635064,1.6451,4.685083541043639e-05,final trainer_log.jsonl
Qwen2.5-7B · LoRA-v1,Qwen2.5-7B,LoRA-v1,11920,1.7058318425760286,1.4232,4.676774882827511e-05,final trainer_log.jsonl
Qwen2.5-7B · LoRA-v1,Qwen2.5-7B,LoRA-v1,11930,1.7072629695885508,1.6535,4.6684671207992265e-05,final trainer_log.jsonl
Qwen2.5-7B · LoRA-v1,Qwen2.5-7B,LoRA-v1,11940,1.7086940966010733,1.7008,4.660160277993242e-05,final trainer_log.jsonl
Qwen2.5-7B · LoRA-v1,Qwen2.5-7B,LoRA-v1,11950,1.7101252236135958,1.7364,4.6518543774414654e-05,final trainer_log.jsonl
Qwen2.5-7B · LoRA-v1,Qwen2.5-7B,LoRA-v1,11960,1.7115563506261182,1.7708,4.643549442173193e-05,final trainer_log.jsonl
Qwen2.5-7B · LoRA-v1,Qwen2.5-7B,LoRA-v1,11970,1.7129874776386405,1.6587,4.635245495215047e-05,final trainer_log.jsonl
Qwen2.5-7B · LoRA-v1,Qwen2.5-7B,LoRA-v1,11980,1.7144186046511627,1.6396,4.6269425595909054e-05,final trainer_log.jsonl
Qwen2.5-7B · LoRA-v1,Qwen2.5-7B,LoRA-v1,11990,1.7158497316636852,1.7583,4.618640658321847e-05,final trainer_log.jsonl
Qwen2.5-7B · LoRA-v1,Qwen2.5-7B,LoRA-v1,12000,1.7172808586762076,1.7375,4.6103398144260754e-05,final trainer_log.jsonl
Qwen2.5-7B · LoRA-v1,Qwen2.5-7B,LoRA-v1,12010,1.7187119856887298,1.7364,4.602040050918872e-05,final trainer_log.jsonl
Qwen2.5-7B · LoRA-v1,Qwen2.5-7B,LoRA-v1,12020,1.720143112701252,1.778,4.593741390812515e-05,final trainer_log.jsonl
Qwen2.5-7B · LoRA-v1,Qwen2.5-7B,LoRA-v1,12030,1.7215742397137745,1.7374,4.5854438571162255e-05,final trainer_log.jsonl
Qwen2.5-7B · LoRA-v1,Qwen2.5-7B,LoRA-v1,12040,1.723005366726297,1.6322,4.5771474728361005e-05,final trainer_log.jsonl
Qwen2.5-7B · LoRA-v1,Qwen2.5-7B,LoRA-v1,12050,1.7244364937388195,1.6735,4.5688522609750546e-05,final trainer_log.jsonl
Qwen2.5-7B · LoRA-v1,Qwen2.5-7B,LoRA-v1,12060,1.7258676207513417,1.5686,4.560558244532746e-05,final trainer_log.jsonl
Qwen2.5-7B · LoRA-v1,Qwen2.5-7B,LoRA-v1,12070,1.727298747763864,1.6435,4.552265446505522e-05,final trainer_log.jsonl
Qwen2.5-7B · LoRA-v1,Qwen2.5-7B,LoRA-v1,12080,1.7287298747763864,1.6307,4.54397388988635e-05,final trainer_log.jsonl
Qwen2.5-7B · LoRA-v1,Qwen2.5-7B,LoRA-v1,12090,1.7301610017889089,1.589,4.5356835976647584e-05,final trainer_log.jsonl
Qwen2.5-7B · LoRA-v1,Qwen2.5-7B,LoRA-v1,12100,1.731592128801431,1.6613,4.527394592826764e-05,final trainer_log.jsonl
Qwen2.5-7B · LoRA-v1,Qwen2.5-7B,LoRA-v1,12110,1.7330232558139533,1.6147,4.519106898354819e-05,final trainer_log.jsonl
Qwen2.5-7B · LoRA-v1,Qwen2.5-7B,LoRA-v1,12120,1.7344543828264758,1.4909,4.51082053722774e-05,final trainer_log.jsonl
Qwen2.5-7B · LoRA-v1,Qwen2.5-7B,LoRA-v1,12130,1.7358855098389983,1.6844,4.50253553242065e-05,final trainer_log.jsonl
Qwen2.5-7B · LoRA-v1,Qwen2.5-7B,LoRA-v1,12140,1.7373166368515207,1.4641,4.4942519069049066e-05,final trainer_log.jsonl
Qwen2.5-7B · LoRA-v1,Qwen2.5-7B,LoRA-v1,12150,1.738747763864043,1.5273,4.4859696836480485e-05,final trainer_log.jsonl
Qwen2.5-7B · LoRA-v1,Qwen2.5-7B,LoRA-v1,12160,1.7401788908765652,1.6143,4.4776888856137225e-05,final trainer_log.jsonl
Qwen2.5-7B · LoRA-v1,Qwen2.5-7B,LoRA-v1,12170,1.7416100178890876,1.6721,4.469409535761624e-05,final trainer_log.jsonl
Qwen2.5-7B · LoRA-v1,Qwen2.5-7B,LoRA-v1,12180,1.74304114490161,1.5993,4.461131657047434e-05,final trainer_log.jsonl
Qwen2.5-7B · LoRA-v1,Qwen2.5-7B,LoRA-v1,12190,1.7444722719141323,1.5315,4.452855272422755e-05,final trainer_log.jsonl
Qwen2.5-7B · LoRA-v1,Qwen2.5-7B,LoRA-v1,12200,1.7459033989266546,1.5977,4.444580404835046e-05,final trainer_log.jsonl
Qwen2.5-7B · LoRA-v1,Qwen2.5-7B,LoRA-v1,12210,1.747334525939177,1.6549,4.4363070772275615e-05,final trainer_log.jsonl
Qwen2.5-7B · LoRA-v1,Qwen2.5-7B,LoRA-v1,12220,1.7487656529516995,1.4723,4.4280353125392835e-05,final trainer_log.jsonl
Qwen2.5-7B · LoRA-v1,Qwen2.5-7B,LoRA-v1,12230,1.750196779964222,1.6847,4.419765133704864e-05,final trainer_log.jsonl
Qwen2.5-7B · LoRA-v1,Qwen2.5-7B,LoRA-v1,12240,1.7516279069767442,1.7336,4.411496563654555e-05,final trainer_log.jsonl
Qwen2.5-7B · LoRA-v1,Qwen2.5-7B,LoRA-v1,12250,1.7530590339892664,1.6096,4.403229625314147e-05,final trainer_log.jsonl
Qwen2.5-7B · LoRA-v1,Qwen2.5-7B,LoRA-v1,12260,1.754490161001789,1.6762,4.394964341604911e-05,final trainer_log.jsonl
Qwen2.5-7B · LoRA-v1,Qwen2.5-7B,LoRA-v1,12270,1.7559212880143114,1.5453,4.386700735443526e-05,final trainer_log.jsonl
Qwen2.5-7B · LoRA-v1,Qwen2.5-7B,LoRA-v1,12280,1.7573524150268336,1.5836,4.378438829742022e-05,final trainer_log.jsonl
Qwen2.5-7B · LoRA-v1,Qwen2.5-7B,LoRA-v1,12290,1.7587835420393558,1.5325,4.3701786474077135e-05,final trainer_log.jsonl
Qwen2.5-7B · LoRA-v1,Qwen2.5-7B,LoRA-v1,12300,1.7602146690518783,1.7912,4.361920211343136e-05,final trainer_log.jsonl
Qwen2.5-7B · LoRA-v1,Qwen2.5-7B,LoRA-v1,12310,1.7616457960644007,1.6409,4.353663544445987e-05,final trainer_log.jsonl
Qwen2.5-7B · LoRA-v1,Qwen2.5-7B,LoRA-v1,12320,1.7630769230769232,1.6363,4.345408669609053e-05,final trainer_log.jsonl
Qwen2.5-7B · LoRA-v1,Qwen2.5-7B,LoRA-v1,12330,1.7645080500894454,1.7166,4.337155609720155e-05,final trainer_log.jsonl
Qwen2.5-7B · LoRA-v1,Qwen2.5-7B,LoRA-v1,12340,1.7659391771019677,1.792,4.3289043876620793e-05,final trainer_log.jsonl
Qwen2.5-7B · LoRA-v1,Qwen2.5-7B,LoRA-v1,12350,1.7673703041144901,1.769,4.3206550263125226e-05,final trainer_log.jsonl
Qwen2.5-7B · LoRA-v1,Qwen2.5-7B,LoRA-v1,12360,1.7688014311270126,1.6338,4.312407548544015e-05,final trainer_log.jsonl
Qwen2.5-7B · LoRA-v1,Qwen2.5-7B,LoRA-v1,12370,1.7702325581395348,1.5348,4.304161977223871e-05,final trainer_log.jsonl
Qwen2.5-7B · LoRA-v1,Qwen2.5-7B,LoRA-v1,12380,1.7716636851520573,1.6685,4.2959183352141134e-05,final trainer_log.jsonl
Qwen2.5-7B · LoRA-v1,Qwen2.5-7B,LoRA-v1,12390,1.7730948121645795,1.6351,4.2876766453714184e-05,final trainer_log.jsonl
Qwen2.5-7B · LoRA-v1,Qwen2.5-7B,LoRA-v1,12400,1.774525939177102,1.6215,4.2794369305470486e-05,final trainer_log.jsonl
Qwen2.5-7B · LoRA-v1,Qwen2.5-7B,LoRA-v1,12410,1.7759570661896245,1.5068,4.2711992135867925e-05,final trainer_log.jsonl
Qwen2.5-7B · LoRA-v1,Qwen2.5-7B,LoRA-v1,12420,1.7773881932021467,1.6791,4.2629635173308963e-05,final trainer_log.jsonl
Qwen2.5-7B · LoRA-v1,Qwen2.5-7B,LoRA-v1,12430,1.778819320214669,1.6839,4.254729864614007e-05,final trainer_log.jsonl
Qwen2.5-7B · LoRA-v1,Qwen2.5-7B,LoRA-v1,12440,1.7802504472271914,1.7559,4.246498278265103e-05,final trainer_log.jsonl
Qwen2.5-7B · LoRA-v1,Qwen2.5-7B,LoRA-v1,12450,1.7816815742397139,1.5702,4.238268781107434e-05,final trainer_log.jsonl
Qwen2.5-7B · LoRA-v1,Qwen2.5-7B,LoRA-v1,12460,1.783112701252236,1.4494,4.230041395958459e-05,final trainer_log.jsonl
Qwen2.5-7B · LoRA-v1,Qwen2.5-7B,LoRA-v1,12470,1.7845438282647585,1.6331,4.221816145629777e-05,final trainer_log.jsonl
Qwen2.5-7B · LoRA-v1,Qwen2.5-7B,LoRA-v1,12480,1.7859749552772808,1.502,4.213593052927069e-05,final trainer_log.jsonl
Qwen2.5-7B · LoRA-v1,Qwen2.5-7B,LoRA-v1,12490,1.7874060822898032,1.6048,4.205372140650039e-05,final trainer_log.jsonl
Qwen2.5-7B · LoRA-v1,Qwen2.5-7B,LoRA-v1,12500,1.7888372093023257,1.7061,4.197153431592338e-05,final trainer_log.jsonl
Qwen2.5-7B · LoRA-v1,Qwen2.5-7B,LoRA-v1,12510,1.790268336314848,1.6775,4.188936948541515e-05,final trainer_log.jsonl
Qwen2.5-7B · LoRA-v1,Qwen2.5-7B,LoRA-v1,12520,1.7916994633273702,1.6542,4.180722714278941e-05,final trainer_log.jsonl
Qwen2.5-7B · LoRA-v1,Qwen2.5-7B,LoRA-v1,12530,1.7931305903398926,1.5766,4.1725107515797566e-05,final trainer_log.jsonl
Qwen2.5-7B · LoRA-v1,Qwen2.5-7B,LoRA-v1,12540,1.794561717352415,1.6616,4.1643010832128015e-05,final trainer_log.jsonl
Qwen2.5-7B · LoRA-v1,Qwen2.5-7B,LoRA-v1,12550,1.7959928443649373,1.6849,4.1560937319405545e-05,final trainer_log.jsonl
Qwen2.5-7B · LoRA-v1,Qwen2.5-7B,LoRA-v1,12560,1.7974239713774598,1.7006,4.14788872051907e-05,final trainer_log.jsonl
Qwen2.5-7B · LoRA-v1,Qwen2.5-7B,LoRA-v1,12570,1.798855098389982,1.4677,4.139686071697916e-05,final trainer_log.jsonl
Qwen2.5-7B · LoRA-v1,Qwen2.5-7B,LoRA-v1,12580,1.8002862254025045,1.7075,4.131485808220107e-05,final trainer_log.jsonl
Qwen2.5-7B · LoRA-v1,Qwen2.5-7B,LoRA-v1,12590,1.801717352415027,1.5538,4.123287952822048e-05,final trainer_log.jsonl
Qwen2.5-7B · LoRA-v1,Qwen2.5-7B,LoRA-v1,12600,1.8031484794275492,1.5525,4.1150925282334636e-05,final trainer_log.jsonl
Qwen2.5-7B · LoRA-v1,Qwen2.5-7B,LoRA-v1,12610,1.8045796064400714,1.593,4.106899557177344e-05,final trainer_log.jsonl
Qwen2.5-7B · LoRA-v1,Qwen2.5-7B,LoRA-v1,12620,1.8060107334525939,1.6482,4.0987090623698655e-05,final trainer_log.jsonl
Qwen2.5-7B · LoRA-v1,Qwen2.5-7B,LoRA-v1,12630,1.8074418604651163,1.6852,4.09052106652035e-05,final trainer_log.jsonl
Qwen2.5-7B · LoRA-v1,Qwen2.5-7B,LoRA-v1,12640,1.8088729874776388,1.6285,4.082335592331185e-05,final trainer_log.jsonl
Qwen2.5-7B · LoRA-v1,Qwen2.5-7B,LoRA-v1,12650,1.810304114490161,1.5535,4.07415266249777e-05,final trainer_log.jsonl
Qwen2.5-7B · LoRA-v1,Qwen2.5-7B,LoRA-v1,12660,1.8117352415026833,1.6376,4.065972299708445e-05,final trainer_log.jsonl
Qwen2.5-7B · LoRA-v1,Qwen2.5-7B,LoRA-v1,12670,1.8131663685152057,1.6579,4.057794526644437e-05,final trainer_log.jsonl
Qwen2.5-7B · LoRA-v1,Qwen2.5-7B,LoRA-v1,12680,1.8145974955277282,1.6199,4.049619365979793e-05,final trainer_log.jsonl
Qwen2.5-7B · LoRA-v1,Qwen2.5-7B,LoRA-v1,12690,1.8160286225402504,1.7104,4.0414468403813095e-05,final trainer_log.jsonl
Qwen2.5-7B · LoRA-v1,Qwen2.5-7B,LoRA-v1,12700,1.8174597495527727,1.8342,4.033276972508484e-05,final trainer_log.jsonl
Qwen2.5-7B · LoRA-v1,Qwen2.5-7B,LoRA-v1,12710,1.8188908765652951,1.642,4.025109785013443e-05,final trainer_log.jsonl
Qwen2.5-7B · LoRA-v1,Qwen2.5-7B,LoRA-v1,12720,1.8203220035778176,1.677,4.016945300540882e-05,final trainer_log.jsonl
Qwen2.5-7B · LoRA-v1,Qwen2.5-7B,LoRA-v1,12730,1.82175313059034,1.6062,4.0087835417280016e-05,final trainer_log.jsonl
Qwen2.5-7B · LoRA-v1,Qwen2.5-7B,LoRA-v1,12740,1.8231842576028623,1.6294,4.000624531204443e-05,final trainer_log.jsonl
Qwen2.5-7B · LoRA-v1,Qwen2.5-7B,LoRA-v1,12750,1.8246153846153845,1.8038,3.992468291592233e-05,final trainer_log.jsonl
Qwen2.5-7B · LoRA-v1,Qwen2.5-7B,LoRA-v1,12760,1.826046511627907,1.9191,3.984314845505708e-05,final trainer_log.jsonl
Qwen2.5-7B · LoRA-v1,Qwen2.5-7B,LoRA-v1,12770,1.8274776386404294,1.6603,3.976164215551464e-05,final trainer_log.jsonl
Qwen2.5-7B · LoRA-v1,Qwen2.5-7B,LoRA-v1,12780,1.8289087656529517,1.6902,3.9680164243282873e-05,final trainer_log.jsonl
Qwen2.5-7B · LoRA-v1,Qwen2.5-7B,LoRA-v1,12790,1.830339892665474,1.7522,3.959871494427095e-05,final trainer_log.jsonl
Qwen2.5-7B · LoRA-v1,Qwen2.5-7B,LoRA-v1,12800,1.8317710196779964,1.6955,3.951729448430867e-05,final trainer_log.jsonl
Qwen2.5-7B · LoRA-v1,Qwen2.5-7B,LoRA-v1,12810,1.8332021466905188,1.6976,3.943590308914593e-05,final trainer_log.jsonl
Qwen2.5-7B · LoRA-v1,Qwen2.5-7B,LoRA-v1,12820,1.8346332737030413,1.6745,3.935454098445198e-05,final trainer_log.jsonl
Qwen2.5-7B · LoRA-v1,Qwen2.5-7B,LoRA-v1,12830,1.8360644007155635,1.5757,3.927320839581493e-05,final trainer_log.jsonl
Qwen2.5-7B · LoRA-v1,Qwen2.5-7B,LoRA-v1,12840,1.8374955277280858,1.512,3.919190554874095e-05,final trainer_log.jsonl
Qwen2.5-7B · LoRA-v1,Qwen2.5-7B,LoRA-v1,12850,1.8389266547406082,1.3905,3.911063266865384e-05,final trainer_log.jsonl
Qwen2.5-7B · LoRA-v1,Qwen2.5-7B,LoRA-v1,12860,1.8403577817531307,1.5913,3.9029389980894246e-05,final trainer_log.jsonl
Qwen2.5-7B · LoRA-v1,Qwen2.5-7B,LoRA-v1,12870,1.841788908765653,1.7358,3.894817771071919e-05,final trainer_log.jsonl
Qwen2.5-7B · LoRA-v1,Qwen2.5-7B,LoRA-v1,12880,1.8432200357781752,1.6816,3.8866996083301247e-05,final trainer_log.jsonl
Qwen2.5-7B · LoRA-v1,Qwen2.5-7B,LoRA-v1,12890,1.8446511627906976,1.5491,3.878584532372811e-05,final trainer_log.jsonl
Qwen2.5-7B · LoRA-v1,Qwen2.5-7B,LoRA-v1,12900,1.84608228980322,1.666,3.870472565700187e-05,final trainer_log.jsonl
Qwen2.5-7B · LoRA-v1,Qwen2.5-7B,LoRA-v1,12910,1.8475134168157425,1.4934,3.862363730803837e-05,final trainer_log.jsonl
Qwen2.5-7B · LoRA-v1,Qwen2.5-7B,LoRA-v1,12920,1.8489445438282648,1.4563,3.854258050166665e-05,final trainer_log.jsonl
Qwen2.5-7B · LoRA-v1,Qwen2.5-7B,LoRA-v1,12930,1.850375670840787,1.7472,3.846155546262832e-05,final trainer_log.jsonl
Qwen2.5-7B · LoRA-v1,Qwen2.5-7B,LoRA-v1,12940,1.8518067978533095,1.5776,3.838056241557686e-05,final trainer_log.jsonl
Qwen2.5-7B · LoRA-v1,Qwen2.5-7B,LoRA-v1,12950,1.853237924865832,1.512,3.829960158507709e-05,final trainer_log.jsonl
Qwen2.5-7B · LoRA-v1,Qwen2.5-7B,LoRA-v1,12960,1.8546690518783542,1.5797,3.821867319560446e-05,final trainer_log.jsonl
Qwen2.5-7B · LoRA-v1,Qwen2.5-7B,LoRA-v1,12970,1.8561001788908764,1.5686,3.813777747154453e-05,final trainer_log.jsonl
Qwen2.5-7B · LoRA-v1,Qwen2.5-7B,LoRA-v1,12980,1.8575313059033989,1.5245,3.8056914637192234e-05,final trainer_log.jsonl
Qwen2.5-7B · LoRA-v1,Qwen2.5-7B,LoRA-v1,12990,1.8589624329159213,1.671,3.7976084916751355e-05,final trainer_log.jsonl
Qwen2.5-7B · LoRA-v1,Qwen2.5-7B,LoRA-v1,13000,1.8603935599284438,1.8236,3.789528853433382e-05,final trainer_log.jsonl
Qwen2.5-7B · LoRA-v1,Qwen2.5-7B,LoRA-v1,13010,1.861824686940966,1.6585,3.781452571395918e-05,final trainer_log.jsonl
Qwen2.5-7B · LoRA-v1,Qwen2.5-7B,LoRA-v1,13020,1.8632558139534883,1.4644,3.7733796679553876e-05,final trainer_log.jsonl
Qwen2.5-7B · LoRA-v1,Qwen2.5-7B,LoRA-v1,13030,1.8646869409660107,1.671,3.7653101654950727e-05,final trainer_log.jsonl
Qwen2.5-7B · LoRA-v1,Qwen2.5-7B,LoRA-v1,13040,1.8661180679785332,1.538,3.757244086388819e-05,final trainer_log.jsonl
Qwen2.5-7B · LoRA-v1,Qwen2.5-7B,LoRA-v1,13050,1.8675491949910554,1.7312,3.7491814530009885e-05,final trainer_log.jsonl
Qwen2.5-7B · LoRA-v1,Qwen2.5-7B,LoRA-v1,13060,1.8689803220035777,1.5843,3.741122287686378e-05,final trainer_log.jsonl
Qwen2.5-7B · LoRA-v1,Qwen2.5-7B,LoRA-v1,13070,1.8704114490161001,1.622,3.7330666127901804e-05,final trainer_log.jsonl
Qwen2.5-7B · LoRA-v1,Qwen2.5-7B,LoRA-v1,13080,1.8718425760286226,1.5485,3.725014450647903e-05,final trainer_log.jsonl
Qwen2.5-7B · LoRA-v1,Qwen2.5-7B,LoRA-v1,13090,1.873273703041145,1.6719,3.7169658235853196e-05,final trainer_log.jsonl
Qwen2.5-7B · LoRA-v1,Qwen2.5-7B,LoRA-v1,13100,1.8747048300536673,1.6729,3.7089207539183955e-05,final trainer_log.jsonl
Qwen2.5-7B · LoRA-v1,Qwen2.5-7B,LoRA-v1,13110,1.8761359570661895,1.637,3.700879263953241e-05,final trainer_log.jsonl
Qwen2.5-7B · LoRA-v1,Qwen2.5-7B,LoRA-v1,13120,1.877567084078712,1.5807,3.6928413759860334e-05,final trainer_log.jsonl
Qwen2.5-7B · LoRA-v1,Qwen2.5-7B,LoRA-v1,13130,1.8789982110912344,1.7136,3.684807112302967e-05,final trainer_log.jsonl
Qwen2.5-7B · LoRA-v1,Qwen2.5-7B,LoRA-v1,13140,1.8804293381037567,1.646,3.676776495180184e-05,final trainer_log.jsonl
Qwen2.5-7B · LoRA-v1,Qwen2.5-7B,LoRA-v1,13150,1.881860465116279,1.6875,3.668749546883722e-05,final trainer_log.jsonl
Qwen2.5-7B · LoRA-v1,Qwen2.5-7B,LoRA-v1,13160,1.8832915921288014,1.8372,3.6607262896694394e-05,final trainer_log.jsonl
Qwen2.5-7B · LoRA-v1,Qwen2.5-7B,LoRA-v1,13170,1.8847227191413238,1.5971,3.6527067457829664e-05,final trainer_log.jsonl
Qwen2.5-7B · LoRA-v1,Qwen2.5-7B,LoRA-v1,13180,1.8861538461538463,1.638,3.644690937459633e-05,final trainer_log.jsonl
Qwen2.5-7B · LoRA-v1,Qwen2.5-7B,LoRA-v1,13190,1.8875849731663685,1.71,3.636678886924416e-05,final trainer_log.jsonl
Qwen2.5-7B · LoRA-v1,Qwen2.5-7B,LoRA-v1,13200,1.8890161001788908,1.6227,3.628670616391868e-05,final trainer_log.jsonl
Qwen2.5-7B · LoRA-v1,Qwen2.5-7B,LoRA-v1,13210,1.8904472271914132,1.8027,3.620666148066065e-05,final trainer_log.jsonl
Qwen2.5-7B · LoRA-v1,Qwen2.5-7B,LoRA-v1,13220,1.8918783542039357,1.6901,3.612665504140539e-05,final trainer_log.jsonl
Qwen2.5-7B · LoRA-v1,Qwen2.5-7B,LoRA-v1,13230,1.893309481216458,1.6973,3.6046687067982206e-05,final trainer_log.jsonl
Qwen2.5-7B · LoRA-v1,Qwen2.5-7B,LoRA-v1,13240,1.8947406082289802,1.8127,3.596675778211371e-05,final trainer_log.jsonl
Qwen2.5-7B · LoRA-v1,Qwen2.5-7B,LoRA-v1,13250,1.8961717352415026,1.763,3.58868674054153e-05,final trainer_log.jsonl
Qwen2.5-7B · LoRA-v1,Qwen2.5-7B,LoRA-v1,13260,1.897602862254025,1.597,3.580701615939444e-05,final trainer_log.jsonl
Qwen2.5-7B · LoRA-v1,Qwen2.5-7B,LoRA-v1,13270,1.8990339892665475,1.6486,3.572720426545017e-05,final trainer_log.jsonl
Qwen2.5-7B · LoRA-v1,Qwen2.5-7B,LoRA-v1,13280,1.9004651162790698,1.6474,3.564743194487231e-05,final trainer_log.jsonl
Qwen2.5-7B · LoRA-v1,Qwen2.5-7B,LoRA-v1,13290,1.901896243291592,1.6655,3.556769941884107e-05,final trainer_log.jsonl
Qwen2.5-7B · LoRA-v1,Qwen2.5-7B,LoRA-v1,13300,1.9033273703041145,1.5512,3.548800690842624e-05,final trainer_log.jsonl
Qwen2.5-7B · LoRA-v1,Qwen2.5-7B,LoRA-v1,13310,1.904758497316637,1.4043,3.5408354634586736e-05,final trainer_log.jsonl
Qwen2.5-7B · LoRA-v1,Qwen2.5-7B,LoRA-v1,13320,1.9061896243291592,1.5872,3.5328742818169847e-05,final trainer_log.jsonl
Qwen2.5-7B · LoRA-v1,Qwen2.5-7B,LoRA-v1,13330,1.9076207513416814,1.6477,3.5249171679910726e-05,final trainer_log.jsonl
Qwen2.5-7B · LoRA-v1,Qwen2.5-7B,LoRA-v1,13340,1.9090518783542039,1.6955,3.516964144043173e-05,final trainer_log.jsonl
Qwen2.5-7B · LoRA-v1,Qwen2.5-7B,LoRA-v1,13350,1.9104830053667263,1.6223,3.509015232024181e-05,final trainer_log.jsonl
Qwen2.5-7B · LoRA-v1,Qwen2.5-7B,LoRA-v1,13360,1.9119141323792488,1.6407,3.5010704539735904e-05,final trainer_log.jsonl
Qwen2.5-7B · LoRA-v1,Qwen2.5-7B,LoRA-v1,13370,1.913345259391771,1.6639,3.493129831919437e-05,final trainer_log.jsonl
Qwen2.5-7B · LoRA-v1,Qwen2.5-7B,LoRA-v1,13380,1.9147763864042933,1.7349,3.4851933878782264e-05,final trainer_log.jsonl
Qwen2.5-7B · LoRA-v1,Qwen2.5-7B,LoRA-v1,13390,1.9162075134168157,1.3777,3.4772611438548886e-05,final trainer_log.jsonl
Qwen2.5-7B · LoRA-v1,Qwen2.5-7B,LoRA-v1,13400,1.9176386404293382,1.5521,3.469333121842701e-05,final trainer_log.jsonl
Qwen2.5-7B · LoRA-v1,Qwen2.5-7B,LoRA-v1,13410,1.9190697674418604,1.6588,3.461409343823239e-05,final trainer_log.jsonl
Qwen2.5-7B · LoRA-v1,Qwen2.5-7B,LoRA-v1,13420,1.9205008944543829,1.522,3.453489831766311e-05,final trainer_log.jsonl
Qwen2.5-7B · LoRA-v1,Qwen2.5-7B,LoRA-v1,13430,1.9219320214669051,1.7378,3.445574607629895e-05,final trainer_log.jsonl
Qwen2.5-7B · LoRA-v1,Qwen2.5-7B,LoRA-v1,13440,1.9233631484794276,1.6881,3.437663693360079e-05,final trainer_log.jsonl
Qwen2.5-7B · LoRA-v1,Qwen2.5-7B,LoRA-v1,13450,1.92479427549195,1.5,3.4297571108910076e-05,final trainer_log.jsonl
Qwen2.5-7B · LoRA-v1,Qwen2.5-7B,LoRA-v1,13460,1.9262254025044723,1.6412,3.421854882144809e-05,final trainer_log.jsonl
Qwen2.5-7B · LoRA-v1,Qwen2.5-7B,LoRA-v1,13470,1.9276565295169945,1.6565,3.4139570290315425e-05,final trainer_log.jsonl
Qwen2.5-7B · LoRA-v1,Qwen2.5-7B,LoRA-v1,13480,1.929087656529517,1.8598,3.4060635734491345e-05,final trainer_log.jsonl
Qwen2.5-7B · LoRA-v1,Qwen2.5-7B,LoRA-v1,13490,1.9305187835420394,1.549,3.3981745372833224e-05,final trainer_log.jsonl
Qwen2.5-7B · LoRA-v1,Qwen2.5-7B,LoRA-v1,13500,1.9319499105545617,1.7089,3.39028994240758e-05,final trainer_log.jsonl
Qwen2.5-7B · LoRA-v1,Qwen2.5-7B,LoRA-v1,13510,1.9333810375670841,1.5732,3.382409810683078e-05,final trainer_log.jsonl
Qwen2.5-7B · LoRA-v1,Qwen2.5-7B,LoRA-v1,13520,1.9348121645796064,1.5689,3.374534163958607e-05,final trainer_log.jsonl
Qwen2.5-7B · LoRA-v1,Qwen2.5-7B,LoRA-v1,13530,1.9362432915921288,1.7792,3.3666630240705245e-05,final trainer_log.jsonl
Qwen2.5-7B · LoRA-v1,Qwen2.5-7B,LoRA-v1,13540,1.9376744186046513,1.5853,3.3587964128426884e-05,final trainer_log.jsonl
Qwen2.5-7B · LoRA-v1,Qwen2.5-7B,LoRA-v1,13550,1.9391055456171735,1.5598,3.350934352086406e-05,final trainer_log.jsonl
Qwen2.5-7B · LoRA-v1,Qwen2.5-7B,LoRA-v1,13560,1.9405366726296958,1.5388,3.343076863600364e-05,final trainer_log.jsonl
Qwen2.5-7B · LoRA-v1,Qwen2.5-7B,LoRA-v1,13570,1.9419677996422182,1.7626,3.335223969170571e-05,final trainer_log.jsonl
Qwen2.5-7B · LoRA-v1,Qwen2.5-7B,LoRA-v1,13580,1.9433989266547407,1.6698,3.327375690570298e-05,final trainer_log.jsonl
Qwen2.5-7B · LoRA-v1,Qwen2.5-7B,LoRA-v1,13590,1.944830053667263,1.5657,3.3195320495600236e-05,final trainer_log.jsonl
Qwen2.5-7B · LoRA-v1,Qwen2.5-7B,LoRA-v1,13600,1.9462611806797854,1.7375,3.3116930678873594e-05,final trainer_log.jsonl
Qwen2.5-7B · LoRA-v1,Qwen2.5-7B,LoRA-v1,13610,1.9476923076923076,1.675,3.303858767287006e-05,final trainer_log.jsonl
Qwen2.5-7B · LoRA-v1,Qwen2.5-7B,LoRA-v1,13620,1.94912343470483,1.6137,3.29602916948068e-05,final trainer_log.jsonl
Qwen2.5-7B · LoRA-v1,Qwen2.5-7B,LoRA-v1,13630,1.9505545617173525,1.5822,3.288204296177061e-05,final trainer_log.jsonl
Qwen2.5-7B · LoRA-v1,Qwen2.5-7B,LoRA-v1,13640,1.9519856887298748,1.7903,3.2803841690717304e-05,final trainer_log.jsonl
Qwen2.5-7B · LoRA-v1,Qwen2.5-7B,LoRA-v1,13650,1.953416815742397,1.5768,3.2725688098471054e-05,final trainer_log.jsonl
Qwen2.5-7B · LoRA-v1,Qwen2.5-7B,LoRA-v1,13660,1.9548479427549195,1.7298,3.264758240172387e-05,final trainer_log.jsonl
Qwen2.5-7B · LoRA-v1,Qwen2.5-7B,LoRA-v1,13670,1.956279069767442,1.5851,3.256952481703498e-05,final trainer_log.jsonl
Qwen2.5-7B · LoRA-v1,Qwen2.5-7B,LoRA-v1,13680,1.9577101967799644,1.6255,3.249151556083018e-05,final trainer_log.jsonl
Qwen2.5-7B · LoRA-v1,Qwen2.5-7B,LoRA-v1,13690,1.9591413237924866,1.7249,3.24135548494013e-05,final trainer_log.jsonl
Qwen2.5-7B · LoRA-v1,Qwen2.5-7B,LoRA-v1,13700,1.9605724508050089,1.5678,3.233564289890554e-05,final trainer_log.jsonl
Qwen2.5-7B · LoRA-v1,Qwen2.5-7B,LoRA-v1,13710,1.9620035778175313,1.6296,3.225777992536495e-05,final trainer_log.jsonl
Qwen2.5-7B · LoRA-v1,Qwen2.5-7B,LoRA-v1,13720,1.9634347048300538,1.7598,3.217996614466571e-05,final trainer_log.jsonl
Qwen2.5-7B · LoRA-v1,Qwen2.5-7B,LoRA-v1,13730,1.964865831842576,1.6073,3.2102201772557686e-05,final trainer_log.jsonl
Qwen2.5-7B · LoRA-v1,Qwen2.5-7B,LoRA-v1,13740,1.9662969588550983,1.6304,3.2024487024653696e-05,final trainer_log.jsonl
Qwen2.5-7B · LoRA-v1,Qwen2.5-7B,LoRA-v1,13750,1.9677280858676207,1.5441,3.194682211642899e-05,final trainer_log.jsonl
Qwen2.5-7B · LoRA-v1,Qwen2.5-7B,LoRA-v1,13760,1.9691592128801432,1.6366,3.1869207263220634e-05,final trainer_log.jsonl
Qwen2.5-7B · LoRA-v1,Qwen2.5-7B,LoRA-v1,13770,1.9705903398926656,1.558,3.179164268022691e-05,final trainer_log.jsonl
Qwen2.5-7B · LoRA-v1,Qwen2.5-7B,LoRA-v1,13780,1.9720214669051879,1.6114,3.171412858250671e-05,final trainer_log.jsonl
Qwen2.5-7B · LoRA-v1,Qwen2.5-7B,LoRA-v1,13790,1.97345259391771,1.7655,3.1636665184978944e-05,final trainer_log.jsonl
Qwen2.5-7B · LoRA-v1,Qwen2.5-7B,LoRA-v1,13800,1.9748837209302326,1.5621,3.1559252702421936e-05,final trainer_log.jsonl
Qwen2.5-7B · LoRA-v1,Qwen2.5-7B,LoRA-v1,13810,1.976314847942755,1.7517,3.1481891349472895e-05,final trainer_log.jsonl
Qwen2.5-7B · LoRA-v1,Qwen2.5-7B,LoRA-v1,13820,1.9777459749552773,1.662,3.14045813406272e-05,final trainer_log.jsonl
Qwen2.5-7B · LoRA-v1,Qwen2.5-7B,LoRA-v1,13830,1.9791771019677995,1.6431,3.132732289023793e-05,final trainer_log.jsonl
Qwen2.5-7B · LoRA-v1,Qwen2.5-7B,LoRA-v1,13840,1.980608228980322,1.6245,3.125011621251516e-05,final trainer_log.jsonl
Qwen2.5-7B · LoRA-v1,Qwen2.5-7B,LoRA-v1,13850,1.9820393559928444,1.8962,3.117296152152546e-05,final trainer_log.jsonl
Qwen2.5-7B · LoRA-v1,Qwen2.5-7B,LoRA-v1,13860,1.9834704830053669,1.5027,3.1095859031191246e-05,final trainer_log.jsonl
Qwen2.5-7B · LoRA-v1,Qwen2.5-7B,LoRA-v1,13870,1.9849016100178891,1.6077,3.101880895529016e-05,final trainer_log.jsonl
Qwen2.5-7B · LoRA-v1,Qwen2.5-7B,LoRA-v1,13880,1.9863327370304114,1.4234,3.094181150745456e-05,final trainer_log.jsonl
Qwen2.5-7B · LoRA-v1,Qwen2.5-7B,LoRA-v1,13890,1.9877638640429338,1.6642,3.08648669011709e-05,final trainer_log.jsonl
Qwen2.5-7B · LoRA-v1,Qwen2.5-7B,LoRA-v1,13900,1.9891949910554563,1.7288,3.078797534977907e-05,final trainer_log.jsonl
Qwen2.5-7B · LoRA-v1,Qwen2.5-7B,LoRA-v1,13910,1.9906261180679785,1.7095,3.071113706647192e-05,final trainer_log.jsonl
Qwen2.5-7B · LoRA-v1,Qwen2.5-7B,LoRA-v1,13920,1.9920572450805007,1.781,3.0634352264294555e-05,final trainer_log.jsonl
Qwen2.5-7B · LoRA-v1,Qwen2.5-7B,LoRA-v1,13930,1.9934883720930232,1.6602,3.055762115614382e-05,final trainer_log.jsonl
Qwen2.5-7B · LoRA-v1,Qwen2.5-7B,LoRA-v1,13940,1.9949194991055457,1.6306,3.0480943954767687e-05,final trainer_log.jsonl
Qwen2.5-7B · LoRA-v1,Qwen2.5-7B,LoRA-v1,13950,1.9963506261180681,1.61,3.0404320872764647e-05,final trainer_log.jsonl
Qwen2.5-7B · LoRA-v1,Qwen2.5-7B,LoRA-v1,13960,1.9977817531305904,1.602,3.0327752122583137e-05,final trainer_log.jsonl
Qwen2.5-7B · LoRA-v1,Qwen2.5-7B,LoRA-v1,13970,1.9992128801431126,1.7165,3.025123791652099e-05,final trainer_log.jsonl
Qwen2.5-7B · LoRA-v1,Qwen2.5-7B,LoRA-v1,13980,2.000572450805009,1.7035,3.017477846672475e-05,final trainer_log.jsonl
Qwen2.5-7B · LoRA-v1,Qwen2.5-7B,LoRA-v1,13990,2.0020035778175314,1.4468,3.009837398518921e-05,final trainer_log.jsonl
Qwen2.5-7B · LoRA-v1,Qwen2.5-7B,LoRA-v1,14000,2.003434704830054,1.4331,3.0022024683756678e-05,final trainer_log.jsonl
Qwen2.5-7B · LoRA-v1,Qwen2.5-7B,LoRA-v1,14010,2.004865831842576,1.4978,2.9945730774116555e-05,final trainer_log.jsonl
Qwen2.5-7B · LoRA-v1,Qwen2.5-7B,LoRA-v1,14020,2.0062969588550983,1.5047,2.9869492467804537e-05,final trainer_log.jsonl
Qwen2.5-7B · LoRA-v1,Qwen2.5-7B,LoRA-v1,14030,2.0077280858676207,1.3822,2.9793309976202293e-05,final trainer_log.jsonl
Qwen2.5-7B · LoRA-v1,Qwen2.5-7B,LoRA-v1,14040,2.009159212880143,1.4407,2.9717183510536635e-05,final trainer_log.jsonl
Qwen2.5-7B · LoRA-v1,Qwen2.5-7B,LoRA-v1,14050,2.0105903398926657,1.5818,2.964111328187909e-05,final trainer_log.jsonl
Qwen2.5-7B · LoRA-v1,Qwen2.5-7B,LoRA-v1,14060,2.0120214669051877,1.5911,2.956509950114522e-05,final trainer_log.jsonl
Qwen2.5-7B · LoRA-v1,Qwen2.5-7B,LoRA-v1,14070,2.01345259391771,1.5603,2.9489142379094136e-05,final trainer_log.jsonl
Qwen2.5-7B · LoRA-v1,Qwen2.5-7B,LoRA-v1,14080,2.0148837209302326,1.3818,2.9413242126327788e-05,final trainer_log.jsonl
Qwen2.5-7B · LoRA-v1,Qwen2.5-7B,LoRA-v1,14090,2.016314847942755,1.476,2.9337398953290485e-05,final trainer_log.jsonl
Qwen2.5-7B · LoRA-v1,Qwen2.5-7B,LoRA-v1,14100,2.017745974955277,1.3487,2.9261613070268244e-05,final trainer_log.jsonl
Qwen2.5-7B · LoRA-v1,Qwen2.5-7B,LoRA-v1,14110,2.0191771019677995,1.5421,2.9185884687388278e-05,final trainer_log.jsonl
Qwen2.5-7B · LoRA-v1,Qwen2.5-7B,LoRA-v1,14120,2.020608228980322,1.5433,2.9110214014618365e-05,final trainer_log.jsonl
Qwen2.5-7B · LoRA-v1,Qwen2.5-7B,LoRA-v1,14130,2.0220393559928445,1.5467,2.9034601261766246e-05,final trainer_log.jsonl
Qwen2.5-7B · LoRA-v1,Qwen2.5-7B,LoRA-v1,14140,2.023470483005367,1.4167,2.8959046638479105e-05,final trainer_log.jsonl
Qwen2.5-7B · LoRA-v1,Qwen2.5-7B,LoRA-v1,14150,2.024901610017889,1.2767,2.8883550354242906e-05,final trainer_log.jsonl
Qwen2.5-7B · LoRA-v1,Qwen2.5-7B,LoRA-v1,14160,2.0263327370304114,1.5507,2.8808112618381915e-05,final trainer_log.jsonl
Qwen2.5-7B · LoRA-v1,Qwen2.5-7B,LoRA-v1,14170,2.027763864042934,1.3889,2.8732733640058028e-05,final trainer_log.jsonl
Qwen2.5-7B · LoRA-v1,Qwen2.5-7B,LoRA-v1,14180,2.0291949910554563,1.4208,2.8657413628270236e-05,final trainer_log.jsonl
Qwen2.5-7B · LoRA-v1,Qwen2.5-7B,LoRA-v1,14190,2.0306261180679783,1.4112,2.8582152791854024e-05,final trainer_log.jsonl
Qwen2.5-7B · LoRA-v1,Qwen2.5-7B,LoRA-v1,14200,2.032057245080501,1.556,2.8506951339480847e-05,final trainer_log.jsonl
Qwen2.5-7B · LoRA-v1,Qwen2.5-7B,LoRA-v1,14210,2.0334883720930232,1.4044,2.8431809479657478e-05,final trainer_log.jsonl
Qwen2.5-7B · LoRA-v1,Qwen2.5-7B,LoRA-v1,14220,2.0349194991055457,1.5817,2.835672742072546e-05,final trainer_log.jsonl
Qwen2.5-7B · LoRA-v1,Qwen2.5-7B,LoRA-v1,14230,2.036350626118068,1.4743,2.8281705370860522e-05,final trainer_log.jsonl
Qwen2.5-7B · LoRA-v1,Qwen2.5-7B,LoRA-v1,14240,2.03778175313059,1.4053,2.8206743538072045e-05,final trainer_log.jsonl
Qwen2.5-7B · LoRA-v1,Qwen2.5-7B,LoRA-v1,14250,2.0392128801431126,1.4453,2.81318421302024e-05,final trainer_log.jsonl
Qwen2.5-7B · LoRA-v1,Qwen2.5-7B,LoRA-v1,14260,2.040644007155635,1.5959,2.8057001354926465e-05,final trainer_log.jsonl
Qwen2.5-7B · LoRA-v1,Qwen2.5-7B,LoRA-v1,14270,2.0420751341681576,1.4965,2.7982221419750964e-05,final trainer_log.jsonl
Qwen2.5-7B · LoRA-v1,Qwen2.5-7B,LoRA-v1,14280,2.0435062611806796,1.6416,2.790750253201399e-05,final trainer_log.jsonl
Qwen2.5-7B · LoRA-v1,Qwen2.5-7B,LoRA-v1,14290,2.044937388193202,1.5241,2.7832844898884326e-05,final trainer_log.jsonl
Qwen2.5-7B · LoRA-v1,Qwen2.5-7B,LoRA-v1,14300,2.0463685152057245,1.3791,2.7758248727360957e-05,final trainer_log.jsonl
Qwen2.5-7B · LoRA-v1,Qwen2.5-7B,LoRA-v1,14310,2.047799642218247,1.4652,2.768371422427236e-05,final trainer_log.jsonl
Qwen2.5-7B · LoRA-v1,Qwen2.5-7B,LoRA-v1,14320,2.0492307692307694,1.5288,2.760924159627617e-05,final trainer_log.jsonl
Qwen2.5-7B · LoRA-v1,Qwen2.5-7B,LoRA-v1,14330,2.0506618962432914,1.5114,2.7534831049858366e-05,final trainer_log.jsonl
Qwen2.5-7B · LoRA-v1,Qwen2.5-7B,LoRA-v1,14340,2.052093023255814,1.4467,2.746048279133283e-05,final trainer_log.jsonl
Qwen2.5-7B · LoRA-v1,Qwen2.5-7B,LoRA-v1,14350,2.0535241502683363,1.7137,2.738619702684072e-05,final trainer_log.jsonl
Qwen2.5-7B · LoRA-v1,Qwen2.5-7B,LoRA-v1,14360,2.054955277280859,1.5722,2.731197396234997e-05,final trainer_log.jsonl
Qwen2.5-7B · LoRA-v1,Qwen2.5-7B,LoRA-v1,14370,2.056386404293381,1.3823,2.7237813803654632e-05,final trainer_log.jsonl
Qwen2.5-7B · LoRA-v1,Qwen2.5-7B,LoRA-v1,14380,2.0578175313059033,1.5426,2.716371675637432e-05,final trainer_log.jsonl
Qwen2.5-7B · LoRA-v1,Qwen2.5-7B,LoRA-v1,14390,2.0592486583184257,1.384,2.7089683025953682e-05,final trainer_log.jsonl
Qwen2.5-7B · LoRA-v1,Qwen2.5-7B,LoRA-v1,14400,2.060679785330948,1.5218,2.7015712817661852e-05,final trainer_log.jsonl
Qwen2.5-7B · LoRA-v1,Qwen2.5-7B,LoRA-v1,14410,2.0621109123434707,1.3373,2.6941806336591808e-05,final trainer_log.jsonl
Qwen2.5-7B · LoRA-v1,Qwen2.5-7B,LoRA-v1,14420,2.0635420393559927,1.4467,2.686796378765981e-05,final trainer_log.jsonl
Qwen2.5-7B · LoRA-v1,Qwen2.5-7B,LoRA-v1,14430,2.064973166368515,1.2389,2.6794185375604876e-05,final trainer_log.jsonl
Qwen2.5-7B · LoRA-v1,Qwen2.5-7B,LoRA-v1,14440,2.0664042933810376,1.5825,2.6720471304988226e-05,final trainer_log.jsonl
Qwen2.5-7B · LoRA-v1,Qwen2.5-7B,LoRA-v1,14450,2.06783542039356,1.2923,2.6646821780192677e-05,final trainer_log.jsonl
Qwen2.5-7B · LoRA-v1,Qwen2.5-7B,LoRA-v1,14460,2.069266547406082,1.4033,2.6573237005422003e-05,final trainer_log.jsonl
Qwen2.5-7B · LoRA-v1,Qwen2.5-7B,LoRA-v1,14470,2.0706976744186045,1.4365,2.6499717184700528e-05,final trainer_log.jsonl
Qwen2.5-7B · LoRA-v1,Qwen2.5-7B,LoRA-v1,14480,2.072128801431127,1.382,2.6426262521872497e-05,final trainer_log.jsonl
Qwen2.5-7B · LoRA-v1,Qwen2.5-7B,LoRA-v1,14490,2.0735599284436494,1.4327,2.6352873220601443e-05,final trainer_log.jsonl
Qwen2.5-7B · LoRA-v1,Qwen2.5-7B,LoRA-v1,14500,2.074991055456172,1.4775,2.627954948436969e-05,final trainer_log.jsonl
Qwen2.5-7B · LoRA-v1,Qwen2.5-7B,LoRA-v1,14510,2.076422182468694,1.5645,2.6206291516477776e-05,final trainer_log.jsonl
Qwen2.5-7B · LoRA-v1,Qwen2.5-7B,LoRA-v1,14520,2.0778533094812164,1.401,2.613309952004393e-05,final trainer_log.jsonl
Qwen2.5-7B · LoRA-v1,Qwen2.5-7B,LoRA-v1,14530,2.079284436493739,1.2145,2.605997369800337e-05,final trainer_log.jsonl
Qwen2.5-7B · LoRA-v1,Qwen2.5-7B,LoRA-v1,14540,2.0807155635062613,1.3409,2.598691425310792e-05,final trainer_log.jsonl
Qwen2.5-7B · LoRA-v1,Qwen2.5-7B,LoRA-v1,14550,2.0821466905187833,1.4821,2.5913921387925298e-05,final trainer_log.jsonl
Qwen2.5-7B · LoRA-v1,Qwen2.5-7B,LoRA-v1,14560,2.0835778175313058,1.4372,2.584099530483871e-05,final trainer_log.jsonl
Qwen2.5-7B · LoRA-v1,Qwen2.5-7B,LoRA-v1,14570,2.0850089445438282,1.3181,2.5768136206046124e-05,final trainer_log.jsonl
Qwen2.5-7B · LoRA-v1,Qwen2.5-7B,LoRA-v1,14580,2.0864400715563507,1.6025,2.5695344293559798e-05,final trainer_log.jsonl
Qwen2.5-7B · LoRA-v1,Qwen2.5-7B,LoRA-v1,14590,2.087871198568873,1.4155,2.5622619769205706e-05,final trainer_log.jsonl
Qwen2.5-7B · LoRA-v1,Qwen2.5-7B,LoRA-v1,14600,2.089302325581395,1.4712,2.554996283462304e-05,final trainer_log.jsonl
Qwen2.5-7B · LoRA-v1,Qwen2.5-7B,LoRA-v1,14610,2.0907334525939176,1.4959,2.5477373691263484e-05,final trainer_log.jsonl
Qwen2.5-7B · LoRA-v1,Qwen2.5-7B,LoRA-v1,14620,2.09216457960644,1.5732,2.5404852540390832e-05,final trainer_log.jsonl
Qwen2.5-7B · LoRA-v1,Qwen2.5-7B,LoRA-v1,14630,2.0935957066189625,1.6645,2.5332399583080312e-05,final trainer_log.jsonl
Qwen2.5-7B · LoRA-v1,Qwen2.5-7B,LoRA-v1,14640,2.095026833631485,1.5266,2.5260015020218165e-05,final trainer_log.jsonl
Qwen2.5-7B · LoRA-v1,Qwen2.5-7B,LoRA-v1,14650,2.096457960644007,1.4769,2.51876990525009e-05,final trainer_log.jsonl
Qwen2.5-7B · LoRA-v1,Qwen2.5-7B,LoRA-v1,14660,2.0978890876565295,1.5396,2.511545188043488e-05,final trainer_log.jsonl
Qwen2.5-7B · LoRA-v1,Qwen2.5-7B,LoRA-v1,14670,2.099320214669052,1.3174,2.5043273704335723e-05,final trainer_log.jsonl
Qwen2.5-7B · LoRA-v1,Qwen2.5-7B,LoRA-v1,14680,2.1007513416815744,1.4784,2.4971164724327733e-05,final trainer_log.jsonl
Qwen2.5-7B · LoRA-v1,Qwen2.5-7B,LoRA-v1,14690,2.1021824686940964,1.4871,2.489912514034337e-05,final trainer_log.jsonl
Qwen2.5-7B · LoRA-v1,Qwen2.5-7B,LoRA-v1,14700,2.103613595706619,1.5782,2.4827155152122677e-05,final trainer_log.jsonl
Qwen2.5-7B · LoRA-v1,Qwen2.5-7B,LoRA-v1,14710,2.1050447227191413,1.4928,2.4755254959212714e-05,final trainer_log.jsonl
Qwen2.5-7B · LoRA-v1,Qwen2.5-7B,LoRA-v1,14720,2.106475849731664,1.4326,2.4683424760967082e-05,final trainer_log.jsonl
Qwen2.5-7B · LoRA-v1,Qwen2.5-7B,LoRA-v1,14730,2.1079069767441863,1.363,2.4611664756545256e-05,final trainer_log.jsonl
Qwen2.5-7B · LoRA-v1,Qwen2.5-7B,LoRA-v1,14740,2.1093381037567083,1.3309,2.4539975144912125e-05,final trainer_log.jsonl
Qwen2.5-7B · LoRA-v1,Qwen2.5-7B,LoRA-v1,14750,2.1107692307692307,1.5109,2.4468356124837326e-05,final trainer_log.jsonl
Qwen2.5-7B · LoRA-v1,Qwen2.5-7B,LoRA-v1,14760,2.112200357781753,1.4521,2.4396807894894892e-05,final trainer_log.jsonl
Qwen2.5-7B · LoRA-v1,Qwen2.5-7B,LoRA-v1,14770,2.1136314847942757,1.3961,2.432533065346249e-05,final trainer_log.jsonl
Qwen2.5-7B · LoRA-v1,Qwen2.5-7B,LoRA-v1,14780,2.1150626118067977,1.4624,2.4253924598721e-05,final trainer_log.jsonl
Qwen2.5-7B · LoRA-v1,Qwen2.5-7B,LoRA-v1,14790,2.11649373881932,1.4936,2.4182589928653894e-05,final trainer_log.jsonl
Qwen2.5-7B · LoRA-v1,Qwen2.5-7B,LoRA-v1,14800,2.1179248658318426,1.563,2.4111326841046778e-05,final trainer_log.jsonl
Qwen2.5-7B · LoRA-v1,Qwen2.5-7B,LoRA-v1,14810,2.119355992844365,1.5811,2.4040135533486723e-05,final trainer_log.jsonl
Qwen2.5-7B · LoRA-v1,Qwen2.5-7B,LoRA-v1,14820,2.1207871198568875,1.4374,2.3969016203361837e-05,final trainer_log.jsonl
Qwen2.5-7B · LoRA-v1,Qwen2.5-7B,LoRA-v1,14830,2.1222182468694095,1.431,2.389796904786057e-05,final trainer_log.jsonl
Qwen2.5-7B · LoRA-v1,Qwen2.5-7B,LoRA-v1,14840,2.123649373881932,1.5183,2.3826994263971368e-05,final trainer_log.jsonl
Qwen2.5-7B · LoRA-v1,Qwen2.5-7B,LoRA-v1,14850,2.1250805008944544,1.5714,2.3756092048481953e-05,final trainer_log.jsonl
Qwen2.5-7B · LoRA-v1,Qwen2.5-7B,LoRA-v1,14860,2.126511627906977,1.4879,2.3685262597978848e-05,final trainer_log.jsonl
Qwen2.5-7B · LoRA-v1,Qwen2.5-7B,LoRA-v1,14870,2.127942754919499,1.5307,2.3614506108846812e-05,final trainer_log.jsonl
Qwen2.5-7B · LoRA-v1,Qwen2.5-7B,LoRA-v1,14880,2.1293738819320214,1.5289,2.354382277726836e-05,final trainer_log.jsonl
Qwen2.5-7B · LoRA-v1,Qwen2.5-7B,LoRA-v1,14890,2.130805008944544,1.4227,2.347321279922314e-05,final trainer_log.jsonl
Qwen2.5-7B · LoRA-v1,Qwen2.5-7B,LoRA-v1,14900,2.1322361359570663,1.4155,2.3402676370487366e-05,final trainer_log.jsonl
Qwen2.5-7B · LoRA-v1,Qwen2.5-7B,LoRA-v1,14910,2.1336672629695888,1.5341,2.333221368663337e-05,final trainer_log.jsonl
Qwen2.5-7B · LoRA-v1,Qwen2.5-7B,LoRA-v1,14920,2.1350983899821108,1.4144,2.3261824943029055e-05,final trainer_log.jsonl
Qwen2.5-7B · LoRA-v1,Qwen2.5-7B,LoRA-v1,14930,2.1365295169946332,1.3486,2.319151033483725e-05,final trainer_log.jsonl
Qwen2.5-7B · LoRA-v1,Qwen2.5-7B,LoRA-v1,14940,2.1379606440071557,1.4321,2.312127005701527e-05,final trainer_log.jsonl
Qwen2.5-7B · LoRA-v1,Qwen2.5-7B,LoRA-v1,14950,2.139391771019678,1.3823,2.3051104304314304e-05,final trainer_log.jsonl
Qwen2.5-7B · LoRA-v1,Qwen2.5-7B,LoRA-v1,14960,2.1408228980322,1.3732,2.298101327127898e-05,final trainer_log.jsonl
Qwen2.5-7B · LoRA-v1,Qwen2.5-7B,LoRA-v1,14970,2.1422540250447226,1.4816,2.291099715224665e-05,final trainer_log.jsonl
Qwen2.5-7B · LoRA-v1,Qwen2.5-7B,LoRA-v1,14980,2.143685152057245,1.6327,2.2841056141347038e-05,final trainer_log.jsonl
Qwen2.5-7B · LoRA-v1,Qwen2.5-7B,LoRA-v1,14990,2.1451162790697675,1.6878,2.2771190432501578e-05,final trainer_log.jsonl
Qwen2.5-7B · LoRA-v1,Qwen2.5-7B,LoRA-v1,15000,2.14654740608229,1.3876,2.2701400219422963e-05,final trainer_log.jsonl
Qwen2.5-7B · LoRA-v1,Qwen2.5-7B,LoRA-v1,15010,2.147978533094812,1.5321,2.2631685695614523e-05,final trainer_log.jsonl
Qwen2.5-7B · LoRA-v1,Qwen2.5-7B,LoRA-v1,15020,2.1494096601073345,1.4564,2.256204705436974e-05,final trainer_log.jsonl
Qwen2.5-7B · LoRA-v1,Qwen2.5-7B,LoRA-v1,15030,2.150840787119857,1.4602,2.2492484488771677e-05,final trainer_log.jsonl
Qwen2.5-7B · LoRA-v1,Qwen2.5-7B,LoRA-v1,15040,2.1522719141323794,1.4573,2.2422998191692558e-05,final trainer_log.jsonl
Qwen2.5-7B · LoRA-v1,Qwen2.5-7B,LoRA-v1,15050,2.1537030411449014,1.6472,2.235358835579301e-05,final trainer_log.jsonl
Qwen2.5-7B · LoRA-v1,Qwen2.5-7B,LoRA-v1,15060,2.155134168157424,1.5185,2.2284255173521746e-05,final trainer_log.jsonl
Qwen2.5-7B · LoRA-v1,Qwen2.5-7B,LoRA-v1,15070,2.1565652951699463,1.5054,2.2214998837114904e-05,final trainer_log.jsonl
Qwen2.5-7B · LoRA-v1,Qwen2.5-7B,LoRA-v1,15080,2.157996422182469,1.5784,2.214581953859562e-05,final trainer_log.jsonl
Qwen2.5-7B · LoRA-v1,Qwen2.5-7B,LoRA-v1,15090,2.1594275491949912,1.5018,2.2076717469773368e-05,final trainer_log.jsonl
Qwen2.5-7B · LoRA-v1,Qwen2.5-7B,LoRA-v1,15100,2.1608586762075133,1.4199,2.2007692822243502e-05,final trainer_log.jsonl
Qwen2.5-7B · LoRA-v1,Qwen2.5-7B,LoRA-v1,15110,2.1622898032200357,1.3492,2.1938745787386737e-05,final trainer_log.jsonl
Qwen2.5-7B · LoRA-v1,Qwen2.5-7B,LoRA-v1,15120,2.163720930232558,1.4366,2.1869876556368584e-05,final trainer_log.jsonl
Qwen2.5-7B · LoRA-v1,Qwen2.5-7B,LoRA-v1,15130,2.1651520572450806,1.5844,2.180108532013882e-05,final trainer_log.jsonl
Qwen2.5-7B · LoRA-v1,Qwen2.5-7B,LoRA-v1,15140,2.1665831842576027,1.473,2.1732372269430985e-05,final trainer_log.jsonl
Qwen2.5-7B · LoRA-v1,Qwen2.5-7B,LoRA-v1,15150,2.168014311270125,1.4823,2.1663737594761814e-05,final trainer_log.jsonl
Qwen2.5-7B · LoRA-v1,Qwen2.5-7B,LoRA-v1,15160,2.1694454382826476,1.5269,2.15951814864308e-05,final trainer_log.jsonl
Qwen2.5-7B · LoRA-v1,Qwen2.5-7B,LoRA-v1,15170,2.17087656529517,1.3389,2.152670413451952e-05,final trainer_log.jsonl
Qwen2.5-7B · LoRA-v1,Qwen2.5-7B,LoRA-v1,15180,2.1723076923076925,1.5528,2.1458305728891236e-05,final trainer_log.jsonl
Qwen2.5-7B · LoRA-v1,Qwen2.5-7B,LoRA-v1,15190,2.1737388193202145,1.663,2.1389986459190298e-05,final trainer_log.jsonl
Qwen2.5-7B · LoRA-v1,Qwen2.5-7B,LoRA-v1,15200,2.175169946332737,1.3264,2.1321746514841644e-05,final trainer_log.jsonl
Qwen2.5-7B · LoRA-v1,Qwen2.5-7B,LoRA-v1,15210,2.1766010733452594,1.5844,2.125358608505028e-05,final trainer_log.jsonl
Qwen2.5-7B · LoRA-v1,Qwen2.5-7B,LoRA-v1,15220,2.178032200357782,1.6622,2.118550535880074e-05,final trainer_log.jsonl
Qwen2.5-7B · LoRA-v1,Qwen2.5-7B,LoRA-v1,15230,2.1794633273703043,1.5077,2.1117504524856546e-05,final trainer_log.jsonl
Qwen2.5-7B · LoRA-v1,Qwen2.5-7B,LoRA-v1,15240,2.1808944543828264,1.5381,2.1049583771759775e-05,final trainer_log.jsonl
Qwen2.5-7B · LoRA-v1,Qwen2.5-7B,LoRA-v1,15250,2.182325581395349,1.6348,2.09817432878304e-05,final trainer_log.jsonl
Qwen2.5-7B · LoRA-v1,Qwen2.5-7B,LoRA-v1,15260,2.1837567084078713,1.4834,2.0913983261165886e-05,final trainer_log.jsonl
Qwen2.5-7B · LoRA-v1,Qwen2.5-7B,LoRA-v1,15270,2.1851878354203937,1.6111,2.0846303879640526e-05,final trainer_log.jsonl
Qwen2.5-7B · LoRA-v1,Qwen2.5-7B,LoRA-v1,15280,2.1866189624329158,1.3227,2.0778705330905152e-05,final trainer_log.jsonl
Qwen2.5-7B · LoRA-v1,Qwen2.5-7B,LoRA-v1,15290,2.188050089445438,1.3408,2.0711187802386366e-05,final trainer_log.jsonl
Qwen2.5-7B · LoRA-v1,Qwen2.5-7B,LoRA-v1,15300,2.1894812164579607,1.5069,2.0643751481286184e-05,final trainer_log.jsonl
Qwen2.5-7B · LoRA-v1,Qwen2.5-7B,LoRA-v1,15310,2.190912343470483,1.4837,2.0576396554581413e-05,final trainer_log.jsonl
Qwen2.5-7B · LoRA-v1,Qwen2.5-7B,LoRA-v1,15320,2.1923434704830056,1.5801,2.0509123209023262e-05,final trainer_log.jsonl
Qwen2.5-7B · LoRA-v1,Qwen2.5-7B,LoRA-v1,15330,2.1937745974955276,1.4828,2.0441931631136697e-05,final trainer_log.jsonl
Qwen2.5-7B · LoRA-v1,Qwen2.5-7B,LoRA-v1,15340,2.19520572450805,1.5121,2.0374822007219936e-05,final trainer_log.jsonl
Qwen2.5-7B · LoRA-v1,Qwen2.5-7B,LoRA-v1,15350,2.1966368515205725,1.4067,2.0307794523343998e-05,final trainer_log.jsonl
Qwen2.5-7B · LoRA-v1,Qwen2.5-7B,LoRA-v1,15360,2.198067978533095,1.5065,2.024084936535221e-05,final trainer_log.jsonl
Qwen2.5-7B · LoRA-v1,Qwen2.5-7B,LoRA-v1,15370,2.199499105545617,1.6762,2.0173986718859568e-05,final trainer_log.jsonl
Qwen2.5-7B · LoRA-v1,Qwen2.5-7B,LoRA-v1,15380,2.2009302325581395,1.4347,2.0107206769252317e-05,final trainer_log.jsonl
Qwen2.5-7B · LoRA-v1,Qwen2.5-7B,LoRA-v1,15390,2.202361359570662,1.502,2.00405097016874e-05,final trainer_log.jsonl
Qwen2.5-7B · LoRA-v1,Qwen2.5-7B,LoRA-v1,15400,2.2037924865831844,1.5339,1.9973895701091998e-05,final trainer_log.jsonl
Qwen2.5-7B · LoRA-v1,Qwen2.5-7B,LoRA-v1,15410,2.205223613595707,1.5076,1.990736495216296e-05,final trainer_log.jsonl
Qwen2.5-7B · LoRA-v1,Qwen2.5-7B,LoRA-v1,15420,2.206654740608229,1.418,1.9840917639366257e-05,final trainer_log.jsonl
Qwen2.5-7B · LoRA-v1,Qwen2.5-7B,LoRA-v1,15430,2.2080858676207513,1.4514,1.9774553946936563e-05,final trainer_log.jsonl
Qwen2.5-7B · LoRA-v1,Qwen2.5-7B,LoRA-v1,15440,2.209516994633274,1.5192,1.970827405887674e-05,final trainer_log.jsonl
Qwen2.5-7B · LoRA-v1,Qwen2.5-7B,LoRA-v1,15450,2.2109481216457962,1.5501,1.9642078158957228e-05,final trainer_log.jsonl
Qwen2.5-7B · LoRA-v1,Qwen2.5-7B,LoRA-v1,15460,2.2123792486583183,1.5027,1.957596643071563e-05,final trainer_log.jsonl
Qwen2.5-7B · LoRA-v1,Qwen2.5-7B,LoRA-v1,15470,2.2138103756708407,1.5101,1.950993905745614e-05,final trainer_log.jsonl
Qwen2.5-7B · LoRA-v1,Qwen2.5-7B,LoRA-v1,15480,2.215241502683363,1.3333,1.9443996222249144e-05,final trainer_log.jsonl
Qwen2.5-7B · LoRA-v1,Qwen2.5-7B,LoRA-v1,15490,2.2166726296958856,1.4519,1.937813810793052e-05,final trainer_log.jsonl
Qwen2.5-7B · LoRA-v1,Qwen2.5-7B,LoRA-v1,15500,2.218103756708408,1.5251,1.9312364897101332e-05,final trainer_log.jsonl
Qwen2.5-7B · LoRA-v1,Qwen2.5-7B,LoRA-v1,15510,2.21953488372093,1.4266,1.9246676772127185e-05,final trainer_log.jsonl
Qwen2.5-7B · LoRA-v1,Qwen2.5-7B,LoRA-v1,15520,2.2209660107334526,1.4647,1.9181073915137836e-05,final trainer_log.jsonl
Qwen2.5-7B · LoRA-v1,Qwen2.5-7B,LoRA-v1,15530,2.222397137745975,1.4549,1.911555650802656e-05,final trainer_log.jsonl
Qwen2.5-7B · LoRA-v1,Qwen2.5-7B,LoRA-v1,15540,2.2238282647584975,1.6775,1.9050124732449737e-05,final trainer_log.jsonl
Qwen2.5-7B · LoRA-v1,Qwen2.5-7B,LoRA-v1,15550,2.2252593917710195,1.679,1.8984778769826316e-05,final trainer_log.jsonl
Qwen2.5-7B · LoRA-v1,Qwen2.5-7B,LoRA-v1,15560,2.226690518783542,1.5274,1.8919518801337322e-05,final trainer_log.jsonl
Qwen2.5-7B · LoRA-v1,Qwen2.5-7B,LoRA-v1,15570,2.2281216457960644,1.4302,1.8854345007925345e-05,final trainer_log.jsonl
Qwen2.5-7B · LoRA-v1,Qwen2.5-7B,LoRA-v1,15580,2.229552772808587,1.4612,1.8789257570294048e-05,final trainer_log.jsonl
Qwen2.5-7B · LoRA-v1,Qwen2.5-7B,LoRA-v1,15590,2.2309838998211093,1.2877,1.872425666890763e-05,final trainer_log.jsonl
Qwen2.5-7B · LoRA-v1,Qwen2.5-7B,LoRA-v1,15600,2.2324150268336314,1.5158,1.8659342483990426e-05,final trainer_log.jsonl
Qwen2.5-7B · LoRA-v1,Qwen2.5-7B,LoRA-v1,15610,2.233846153846154,1.4618,1.8594515195526267e-05,final trainer_log.jsonl
Qwen2.5-7B · LoRA-v1,Qwen2.5-7B,LoRA-v1,15620,2.2352772808586763,1.4929,1.852977498325808e-05,final trainer_log.jsonl
Qwen2.5-7B · LoRA-v1,Qwen2.5-7B,LoRA-v1,15630,2.2367084078711987,1.4823,1.8465122026687366e-05,final trainer_log.jsonl
Qwen2.5-7B · LoRA-v1,Qwen2.5-7B,LoRA-v1,15640,2.2381395348837207,1.3634,1.840055650507368e-05,final trainer_log.jsonl
Qwen2.5-7B · LoRA-v1,Qwen2.5-7B,LoRA-v1,15650,2.239570661896243,1.3031,1.833607859743416e-05,final trainer_log.jsonl
Qwen2.5-7B · LoRA-v1,Qwen2.5-7B,LoRA-v1,15660,2.2410017889087657,1.6043,1.8271688482543025e-05,final trainer_log.jsonl
Qwen2.5-7B · LoRA-v1,Qwen2.5-7B,LoRA-v1,15670,2.242432915921288,1.3328,1.8207386338931055e-05,final trainer_log.jsonl
Qwen2.5-7B · LoRA-v1,Qwen2.5-7B,LoRA-v1,15680,2.2438640429338106,1.3374,1.8143172344885168e-05,final trainer_log.jsonl
Qwen2.5-7B · LoRA-v1,Qwen2.5-7B,LoRA-v1,15690,2.2452951699463326,1.3613,1.807904667844783e-05,final trainer_log.jsonl
Qwen2.5-7B · LoRA-v1,Qwen2.5-7B,LoRA-v1,15700,2.246726296958855,1.5114,1.8015009517416633e-05,final trainer_log.jsonl
Qwen2.5-7B · LoRA-v1,Qwen2.5-7B,LoRA-v1,15710,2.2481574239713775,1.6438,1.7951061039343696e-05,final trainer_log.jsonl
Qwen2.5-7B · LoRA-v1,Qwen2.5-7B,LoRA-v1,15720,2.2495885509839,1.6253,1.788720142153539e-05,final trainer_log.jsonl
Qwen2.5-7B · LoRA-v1,Qwen2.5-7B,LoRA-v1,15730,2.251019677996422,1.2825,1.78234308410516e-05,final trainer_log.jsonl
Qwen2.5-7B · LoRA-v1,Qwen2.5-7B,LoRA-v1,15740,2.2524508050089445,1.5271,1.7759749474705378e-05,final trainer_log.jsonl
Qwen2.5-7B · LoRA-v1,Qwen2.5-7B,LoRA-v1,15750,2.253881932021467,1.5043,1.7696157499062404e-05,final trainer_log.jsonl
Qwen2.5-7B · LoRA-v1,Qwen2.5-7B,LoRA-v1,15760,2.2553130590339894,1.4773,1.7632655090440552e-05,final trainer_log.jsonl
Qwen2.5-7B · LoRA-v1,Qwen2.5-7B,LoRA-v1,15770,2.256744186046512,1.5063,1.7569242424909334e-05,final trainer_log.jsonl
Qwen2.5-7B · LoRA-v1,Qwen2.5-7B,LoRA-v1,15780,2.258175313059034,1.4618,1.7505919678289378e-05,final trainer_log.jsonl
Qwen2.5-7B · LoRA-v1,Qwen2.5-7B,LoRA-v1,15790,2.2596064400715563,1.5767,1.744268702615207e-05,final trainer_log.jsonl
Qwen2.5-7B · LoRA-v1,Qwen2.5-7B,LoRA-v1,15800,2.2610375670840788,1.5577,1.7379544643819002e-05,final trainer_log.jsonl
Qwen2.5-7B · LoRA-v1,Qwen2.5-7B,LoRA-v1,15810,2.2624686940966012,1.5118,1.7316492706361443e-05,final trainer_log.jsonl
Qwen2.5-7B · LoRA-v1,Qwen2.5-7B,LoRA-v1,15820,2.2638998211091232,1.4772,1.7253531388599893e-05,final trainer_log.jsonl
Qwen2.5-7B · LoRA-v1,Qwen2.5-7B,LoRA-v1,15830,2.2653309481216457,1.3443,1.7190660865103597e-05,final trainer_log.jsonl
Qwen2.5-7B · LoRA-v1,Qwen2.5-7B,LoRA-v1,15840,2.266762075134168,1.5092,1.7127881310190103e-05,final trainer_log.jsonl
Qwen2.5-7B · LoRA-v1,Qwen2.5-7B,LoRA-v1,15850,2.2681932021466906,1.4348,1.7065192897924698e-05,final trainer_log.jsonl
Qwen2.5-7B · LoRA-v1,Qwen2.5-7B,LoRA-v1,15860,2.269624329159213,1.5326,1.700259580211993e-05,final trainer_log.jsonl
Qwen2.5-7B · LoRA-v1,Qwen2.5-7B,LoRA-v1,15870,2.271055456171735,1.5278,1.69400901963352e-05,final trainer_log.jsonl
Qwen2.5-7B · LoRA-v1,Qwen2.5-7B,LoRA-v1,15880,2.2724865831842576,1.4941,1.687767625387627e-05,final trainer_log.jsonl
Qwen2.5-7B · LoRA-v1,Qwen2.5-7B,LoRA-v1,15890,2.27391771019678,1.3835,1.6815354147794692e-05,final trainer_log.jsonl
Qwen2.5-7B · LoRA-v1,Qwen2.5-7B,LoRA-v1,15900,2.2753488372093025,1.4394,1.6753124050887425e-05,final trainer_log.jsonl
Qwen2.5-7B · LoRA-v1,Qwen2.5-7B,LoRA-v1,15910,2.2767799642218245,1.4485,1.669098613569628e-05,final trainer_log.jsonl
Qwen2.5-7B · LoRA-v1,Qwen2.5-7B,LoRA-v1,15920,2.278211091234347,1.5824,1.6628940574507573e-05,final trainer_log.jsonl
Qwen2.5-7B · LoRA-v1,Qwen2.5-7B,LoRA-v1,15930,2.2796422182468694,1.6077,1.656698753935143e-05,final trainer_log.jsonl
Qwen2.5-7B · LoRA-v1,Qwen2.5-7B,LoRA-v1,15940,2.281073345259392,1.5232,1.6505127202001518e-05,final trainer_log.jsonl
Qwen2.5-7B · LoRA-v1,Qwen2.5-7B,LoRA-v1,15950,2.2825044722719143,1.4796,1.644335973397445e-05,final trainer_log.jsonl
Qwen2.5-7B · LoRA-v1,Qwen2.5-7B,LoRA-v1,15960,2.2839355992844363,1.4688,1.6381685306529394e-05,final trainer_log.jsonl
Qwen2.5-7B · LoRA-v1,Qwen2.5-7B,LoRA-v1,15970,2.285366726296959,1.3087,1.63201040906675e-05,final trainer_log.jsonl
Qwen2.5-7B · LoRA-v1,Qwen2.5-7B,LoRA-v1,15980,2.2867978533094813,1.5265,1.6258616257131485e-05,final trainer_log.jsonl
Qwen2.5-7B · LoRA-v1,Qwen2.5-7B,LoRA-v1,15990,2.2882289803220037,1.3683,1.6197221976405147e-05,final trainer_log.jsonl
Qwen2.5-7B · LoRA-v1,Qwen2.5-7B,LoRA-v1,16000,2.2896601073345257,1.5441,1.6135921418712956e-05,final trainer_log.jsonl
Qwen2.5-7B · LoRA-v1,Qwen2.5-7B,LoRA-v1,16010,2.291091234347048,1.391,1.6074714754019414e-05,final trainer_log.jsonl
Qwen2.5-7B · LoRA-v1,Qwen2.5-7B,LoRA-v1,16020,2.2925223613595707,1.4387,1.6013602152028774e-05,final trainer_log.jsonl
Qwen2.5-7B · LoRA-v1,Qwen2.5-7B,LoRA-v1,16030,2.293953488372093,1.418,1.5952583782184444e-05,final trainer_log.jsonl
Qwen2.5-7B · LoRA-v1,Qwen2.5-7B,LoRA-v1,16040,2.2953846153846156,1.4547,1.5891659813668597e-05,final trainer_log.jsonl
Qwen2.5-7B · LoRA-v1,Qwen2.5-7B,LoRA-v1,16050,2.2968157423971376,1.4452,1.5830830415401644e-05,final trainer_log.jsonl
Qwen2.5-7B · LoRA-v1,Qwen2.5-7B,LoRA-v1,16060,2.29824686940966,1.3973,1.577009575604178e-05,final trainer_log.jsonl
Qwen2.5-7B · LoRA-v1,Qwen2.5-7B,LoRA-v1,16070,2.2996779964221825,1.462,1.570945600398453e-05,final trainer_log.jsonl
Qwen2.5-7B · LoRA-v1,Qwen2.5-7B,LoRA-v1,16080,2.301109123434705,1.4517,1.5648911327362275e-05,final trainer_log.jsonl
Qwen2.5-7B · LoRA-v1,Qwen2.5-7B,LoRA-v1,16090,2.302540250447227,1.3189,1.5588461894043782e-05,final trainer_log.jsonl
Qwen2.5-7B · LoRA-v1,Qwen2.5-7B,LoRA-v1,16100,2.3039713774597494,1.4468,1.5528107871633756e-05,final trainer_log.jsonl
Qwen2.5-7B · LoRA-v1,Qwen2.5-7B,LoRA-v1,16110,2.305402504472272,1.3702,1.5467849427472326e-05,final trainer_log.jsonl
Qwen2.5-7B · LoRA-v1,Qwen2.5-7B,LoRA-v1,16120,2.3068336314847944,1.5974,1.540768672863468e-05,final trainer_log.jsonl
Qwen2.5-7B · LoRA-v1,Qwen2.5-7B,LoRA-v1,16130,2.308264758497317,1.408,1.534761994193048e-05,final trainer_log.jsonl
Qwen2.5-7B · LoRA-v1,Qwen2.5-7B,LoRA-v1,16140,2.309695885509839,1.442,1.52876492339035e-05,final trainer_log.jsonl
Qwen2.5-7B · LoRA-v1,Qwen2.5-7B,LoRA-v1,16150,2.3111270125223613,1.42,1.5227774770831048e-05,final trainer_log.jsonl
Qwen2.5-7B · LoRA-v1,Qwen2.5-7B,LoRA-v1,16160,2.3125581395348838,1.4228,1.5167996718723687e-05,final trainer_log.jsonl
Qwen2.5-7B · LoRA-v1,Qwen2.5-7B,LoRA-v1,16170,2.313989266547406,1.2897,1.5108315243324583e-05,final trainer_log.jsonl
Qwen2.5-7B · LoRA-v1,Qwen2.5-7B,LoRA-v1,16180,2.3154203935599282,1.5195,1.5048730510109171e-05,final trainer_log.jsonl
Qwen2.5-7B · LoRA-v1,Qwen2.5-7B,LoRA-v1,16190,2.3168515205724507,1.4188,1.4989242684284616e-05,final trainer_log.jsonl
Qwen2.5-7B · LoRA-v1,Qwen2.5-7B,LoRA-v1,16200,2.318282647584973,1.4968,1.4929851930789457e-05,final trainer_log.jsonl
Qwen2.5-7B · LoRA-v1,Qwen2.5-7B,LoRA-v1,16210,2.3197137745974956,1.452,1.4870558414293023e-05,final trainer_log.jsonl
Qwen2.5-7B · LoRA-v1,Qwen2.5-7B,LoRA-v1,16220,2.321144901610018,1.4137,1.4811362299195091e-05,final trainer_log.jsonl
Qwen2.5-7B · LoRA-v1,Qwen2.5-7B,LoRA-v1,16230,2.32257602862254,1.4293,1.47522637496253e-05,final trainer_log.jsonl
Qwen2.5-7B · LoRA-v1,Qwen2.5-7B,LoRA-v1,16240,2.3240071556350625,1.4703,1.4693262929442875e-05,final trainer_log.jsonl
Qwen2.5-7B · LoRA-v1,Qwen2.5-7B,LoRA-v1,16250,2.325438282647585,1.5338,1.4634360002236008e-05,final trainer_log.jsonl
Qwen2.5-7B · LoRA-v1,Qwen2.5-7B,LoRA-v1,16260,2.3268694096601075,1.3729,1.4575555131321483e-05,final trainer_log.jsonl
Qwen2.5-7B · LoRA-v1,Qwen2.5-7B,LoRA-v1,16270,2.3283005366726295,1.532,1.4516848479744194e-05,final trainer_log.jsonl
Qwen2.5-7B · LoRA-v1,Qwen2.5-7B,LoRA-v1,16280,2.329731663685152,1.4602,1.4458240210276764e-05,final trainer_log.jsonl
Qwen2.5-7B · LoRA-v1,Qwen2.5-7B,LoRA-v1,16290,2.3311627906976744,1.3531,1.4399730485418982e-05,final trainer_log.jsonl
Qwen2.5-7B · LoRA-v1,Qwen2.5-7B,LoRA-v1,16300,2.332593917710197,1.4754,1.4341319467397413e-05,final trainer_log.jsonl
Qwen2.5-7B · LoRA-v1,Qwen2.5-7B,LoRA-v1,16310,2.3340250447227193,1.5688,1.4283007318164938e-05,final trainer_log.jsonl
Qwen2.5-7B · LoRA-v1,Qwen2.5-7B,LoRA-v1,16320,2.3354561717352413,1.5793,1.4224794199400365e-05,final trainer_log.jsonl
Qwen2.5-7B · LoRA-v1,Qwen2.5-7B,LoRA-v1,16330,2.336887298747764,1.3236,1.4166680272507871e-05,final trainer_log.jsonl
Qwen2.5-7B · LoRA-v1,Qwen2.5-7B,LoRA-v1,16340,2.3383184257602863,1.4336,1.4108665698616624e-05,final trainer_log.jsonl
Qwen2.5-7B · LoRA-v1,Qwen2.5-7B,LoRA-v1,16350,2.3397495527728087,1.6094,1.4050750638580307e-05,final trainer_log.jsonl
Qwen2.5-7B · LoRA-v1,Qwen2.5-7B,LoRA-v1,16360,2.3411806797853307,1.3913,1.3992935252976753e-05,final trainer_log.jsonl
Qwen2.5-7B · LoRA-v1,Qwen2.5-7B,LoRA-v1,16370,2.342611806797853,1.3954,1.3935219702107333e-05,final trainer_log.jsonl
Qwen2.5-7B · LoRA-v1,Qwen2.5-7B,LoRA-v1,16380,2.3440429338103757,1.4777,1.3877604145996676e-05,final trainer_log.jsonl
Qwen2.5-7B · LoRA-v1,Qwen2.5-7B,LoRA-v1,16390,2.345474060822898,1.4342,1.382008874439214e-05,final trainer_log.jsonl
Qwen2.5-7B · LoRA-v1,Qwen2.5-7B,LoRA-v1,16400,2.3469051878354206,1.5247,1.376267365676342e-05,final trainer_log.jsonl
Qwen2.5-7B · LoRA-v1,Qwen2.5-7B,LoRA-v1,16410,2.3483363148479426,1.4432,1.370535904230204e-05,final trainer_log.jsonl
Qwen2.5-7B · LoRA-v1,Qwen2.5-7B,LoRA-v1,16420,2.349767441860465,1.3979,1.364814505992097e-05,final trainer_log.jsonl
Qwen2.5-7B · LoRA-v1,Qwen2.5-7B,LoRA-v1,16430,2.3511985688729875,1.6237,1.3591031868254128e-05,final trainer_log.jsonl
Qwen2.5-7B · LoRA-v1,Qwen2.5-7B,LoRA-v1,16440,2.35262969588551,1.4881,1.3534019625656053e-05,final trainer_log.jsonl
Qwen2.5-7B · LoRA-v1,Qwen2.5-7B,LoRA-v1,16450,2.354060822898032,1.3938,1.3477108490201296e-05,final trainer_log.jsonl
Qwen2.5-7B · LoRA-v1,Qwen2.5-7B,LoRA-v1,16460,2.3554919499105544,1.5234,1.3420298619684119e-05,final trainer_log.jsonl
Qwen2.5-7B · LoRA-v1,Qwen2.5-7B,LoRA-v1,16470,2.356923076923077,1.4776,1.3363590171618007e-05,final trainer_log.jsonl
Qwen2.5-7B · LoRA-v1,Qwen2.5-7B,LoRA-v1,16480,2.3583542039355994,1.4686,1.3306983303235259e-05,final trainer_log.jsonl
Qwen2.5-7B · LoRA-v1,Qwen2.5-7B,LoRA-v1,16490,2.359785330948122,1.5909,1.3250478171486497e-05,final trainer_log.jsonl
Qwen2.5-7B · LoRA-v1,Qwen2.5-7B,LoRA-v1,16500,2.361216457960644,1.5818,1.319407493304028e-05,final trainer_log.jsonl
Qwen2.5-7B · LoRA-v1,Qwen2.5-7B,LoRA-v1,16510,2.3626475849731663,1.4604,1.313777374428265e-05,final trainer_log.jsonl
Qwen2.5-7B · LoRA-v1,Qwen2.5-7B,LoRA-v1,16520,2.3640787119856888,1.4337,1.308157476131669e-05,final trainer_log.jsonl
Qwen2.5-7B · LoRA-v1,Qwen2.5-7B,LoRA-v1,16530,2.365509838998211,1.4059,1.3025478139962122e-05,final trainer_log.jsonl
Qwen2.5-7B · LoRA-v1,Qwen2.5-7B,LoRA-v1,16540,2.3669409660107332,1.572,1.2969484035754853e-05,final trainer_log.jsonl
Qwen2.5-7B · LoRA-v1,Qwen2.5-7B,LoRA-v1,16550,2.3683720930232557,1.5604,1.2913592603946517e-05,final trainer_log.jsonl
Qwen2.5-7B · LoRA-v1,Qwen2.5-7B,LoRA-v1,16560,2.369803220035778,1.4712,1.2857803999504125e-05,final trainer_log.jsonl
Qwen2.5-7B · LoRA-v1,Qwen2.5-7B,LoRA-v1,16570,2.3712343470483006,1.4136,1.2802118377109556e-05,final trainer_log.jsonl
Qwen2.5-7B · LoRA-v1,Qwen2.5-7B,LoRA-v1,16580,2.372665474060823,1.4107,1.2746535891159167e-05,final trainer_log.jsonl
Qwen2.5-7B · LoRA-v1,Qwen2.5-7B,LoRA-v1,16590,2.374096601073345,1.4203,1.2691056695763297e-05,final trainer_log.jsonl
Qwen2.5-7B · LoRA-v1,Qwen2.5-7B,LoRA-v1,16600,2.3755277280858675,1.379,1.2635680944745992e-05,final trainer_log.jsonl
Qwen2.5-7B · LoRA-v1,Qwen2.5-7B,LoRA-v1,16610,2.37695885509839,1.4513,1.2580408791644427e-05,final trainer_log.jsonl
Qwen2.5-7B · LoRA-v1,Qwen2.5-7B,LoRA-v1,16620,2.3783899821109125,1.3953,1.2525240389708542e-05,final trainer_log.jsonl
Qwen2.5-7B · LoRA-v1,Qwen2.5-7B,LoRA-v1,16630,2.3798211091234345,1.4242,1.2470175891900609e-05,final trainer_log.jsonl
Qwen2.5-7B · LoRA-v1,Qwen2.5-7B,LoRA-v1,16640,2.381252236135957,1.6344,1.2415215450894846e-05,final trainer_log.jsonl
Qwen2.5-7B · LoRA-v1,Qwen2.5-7B,LoRA-v1,16650,2.3826833631484794,1.5688,1.2360359219076912e-05,final trainer_log.jsonl
Qwen2.5-7B · LoRA-v1,Qwen2.5-7B,LoRA-v1,16660,2.384114490161002,1.5457,1.2305607348543574e-05,final trainer_log.jsonl
Qwen2.5-7B · LoRA-v1,Qwen2.5-7B,LoRA-v1,16670,2.3855456171735243,1.4663,1.2250959991102174e-05,final trainer_log.jsonl
Qwen2.5-7B · LoRA-v1,Qwen2.5-7B,LoRA-v1,16680,2.3869767441860463,1.4805,1.219641729827037e-05,final trainer_log.jsonl
Qwen2.5-7B · LoRA-v1,Qwen2.5-7B,LoRA-v1,16690,2.388407871198569,1.6292,1.2141979421275545e-05,final trainer_log.jsonl
Qwen2.5-7B · LoRA-v1,Qwen2.5-7B,LoRA-v1,16700,2.3898389982110912,1.3253,1.2087646511054507e-05,final trainer_log.jsonl
Qwen2.5-7B · LoRA-v1,Qwen2.5-7B,LoRA-v1,16710,2.3912701252236137,1.363,1.2033418718253004e-05,final trainer_log.jsonl
Qwen2.5-7B · LoRA-v1,Qwen2.5-7B,LoRA-v1,16720,2.3927012522361357,1.4641,1.1979296193225364e-05,final trainer_log.jsonl
Qwen2.5-7B · LoRA-v1,Qwen2.5-7B,LoRA-v1,16730,2.394132379248658,1.466,1.1925279086034031e-05,final trainer_log.jsonl
Qwen2.5-7B · LoRA-v1,Qwen2.5-7B,LoRA-v1,16740,2.3955635062611806,1.5544,1.1871367546449124e-05,final trainer_log.jsonl
Qwen2.5-7B · LoRA-v1,Qwen2.5-7B,LoRA-v1,16750,2.396994633273703,1.3249,1.1817561723948094e-05,final trainer_log.jsonl
Qwen2.5-7B · LoRA-v1,Qwen2.5-7B,LoRA-v1,16760,2.3984257602862256,1.4906,1.17638617677153e-05,final trainer_log.jsonl
Qwen2.5-7B · LoRA-v1,Qwen2.5-7B,LoRA-v1,16770,2.3998568872987476,1.457,1.171026782664154e-05,final trainer_log.jsonl
Qwen2.5-7B · LoRA-v1,Qwen2.5-7B,LoRA-v1,16780,2.40128801431127,1.4361,1.1656780049323674e-05,final trainer_log.jsonl
Qwen2.5-7B · LoRA-v1,Qwen2.5-7B,LoRA-v1,16790,2.4027191413237925,1.5289,1.1603398584064195e-05,final trainer_log.jsonl
Qwen2.5-7B · LoRA-v1,Qwen2.5-7B,LoRA-v1,16800,2.404150268336315,1.3485,1.1550123578870876e-05,final trainer_log.jsonl
Qwen2.5-7B · LoRA-v1,Qwen2.5-7B,LoRA-v1,16810,2.405581395348837,1.5258,1.149695518145628e-05,final trainer_log.jsonl
Qwen2.5-7B · LoRA-v1,Qwen2.5-7B,LoRA-v1,16820,2.4070125223613594,1.4998,1.1443893539237371e-05,final trainer_log.jsonl
Qwen2.5-7B · LoRA-v1,Qwen2.5-7B,LoRA-v1,16830,2.408443649373882,1.3543,1.1390938799335126e-05,final trainer_log.jsonl
Qwen2.5-7B · LoRA-v1,Qwen2.5-7B,LoRA-v1,16840,2.4098747763864043,1.465,1.1338091108574162e-05,final trainer_log.jsonl
Qwen2.5-7B · LoRA-v1,Qwen2.5-7B,LoRA-v1,16850,2.411305903398927,1.3551,1.1285350613482249e-05,final trainer_log.jsonl
Qwen2.5-7B · LoRA-v1,Qwen2.5-7B,LoRA-v1,16860,2.412737030411449,1.5448,1.1232717460289943e-05,final trainer_log.jsonl
Qwen2.5-7B · LoRA-v1,Qwen2.5-7B,LoRA-v1,16870,2.4141681574239713,1.4076,1.1180191794930167e-05,final trainer_log.jsonl
Qwen2.5-7B · LoRA-v1,Qwen2.5-7B,LoRA-v1,16880,2.4155992844364937,1.4928,1.1127773763037885e-05,final trainer_log.jsonl
Qwen2.5-7B · LoRA-v1,Qwen2.5-7B,LoRA-v1,16890,2.417030411449016,1.381,1.1075463509949547e-05,final trainer_log.jsonl
Qwen2.5-7B · LoRA-v1,Qwen2.5-7B,LoRA-v1,16900,2.418461538461538,1.4069,1.1023261180702804e-05,final trainer_log.jsonl
Qwen2.5-7B · LoRA-v1,Qwen2.5-7B,LoRA-v1,16910,2.4198926654740607,1.5312,1.097116692003608e-05,final trainer_log.jsonl
Qwen2.5-7B · LoRA-v1,Qwen2.5-7B,LoRA-v1,16920,2.421323792486583,1.4508,1.091918087238818e-05,final trainer_log.jsonl
Qwen2.5-7B · LoRA-v1,Qwen2.5-7B,LoRA-v1,16930,2.4227549194991056,1.3747,1.0867303181897832e-05,final trainer_log.jsonl
Qwen2.5-7B · LoRA-v1,Qwen2.5-7B,LoRA-v1,16940,2.424186046511628,1.6099,1.081553399240336e-05,final trainer_log.jsonl
Qwen2.5-7B · LoRA-v1,Qwen2.5-7B,LoRA-v1,16950,2.4256171735241505,1.5008,1.0763873447442235e-05,final trainer_log.jsonl
Qwen2.5-7B · LoRA-v1,Qwen2.5-7B,LoRA-v1,16960,2.4270483005366725,1.5384,1.0712321690250704e-05,final trainer_log.jsonl
Qwen2.5-7B · LoRA-v1,Qwen2.5-7B,LoRA-v1,16970,2.428479427549195,1.511,1.0660878863763384e-05,final trainer_log.jsonl
Qwen2.5-7B · LoRA-v1,Qwen2.5-7B,LoRA-v1,16980,2.4299105545617175,1.4606,1.0609545110612867e-05,final trainer_log.jsonl
Qwen2.5-7B · LoRA-v1,Qwen2.5-7B,LoRA-v1,16990,2.4313416815742395,1.5424,1.0558320573129304e-05,final trainer_log.jsonl
Qwen2.5-7B · LoRA-v1,Qwen2.5-7B,LoRA-v1,17000,2.432772808586762,1.4683,1.050720539334008e-05,final trainer_log.jsonl
Qwen2.5-7B · LoRA-v1,Qwen2.5-7B,LoRA-v1,17010,2.4342039355992844,1.3121,1.0456199712969316e-05,final trainer_log.jsonl
Qwen2.5-7B · LoRA-v1,Qwen2.5-7B,LoRA-v1,17020,2.435635062611807,1.435,1.0405303673437561e-05,final trainer_log.jsonl
Qwen2.5-7B · LoRA-v1,Qwen2.5-7B,LoRA-v1,17030,2.4370661896243293,1.4247,1.0354517415861353e-05,final trainer_log.jsonl
Qwen2.5-7B · LoRA-v1,Qwen2.5-7B,LoRA-v1,17040,2.4384973166368518,1.2664,1.0303841081052855e-05,final trainer_log.jsonl
Qwen2.5-7B · LoRA-v1,Qwen2.5-7B,LoRA-v1,17050,2.439928443649374,1.4685,1.0253274809519453e-05,final trainer_log.jsonl
Qwen2.5-7B · LoRA-v1,Qwen2.5-7B,LoRA-v1,17060,2.4413595706618962,1.4989,1.0202818741463354e-05,final trainer_log.jsonl
Qwen2.5-7B · LoRA-v1,Qwen2.5-7B,LoRA-v1,17070,2.4427906976744187,1.6128,1.0152473016781211e-05,final trainer_log.jsonl
Qwen2.5-7B · LoRA-v1,Qwen2.5-7B,LoRA-v1,17080,2.444221824686941,1.2982,1.0102237775063767e-05,final trainer_log.jsonl
Qwen2.5-7B · LoRA-v1,Qwen2.5-7B,LoRA-v1,17090,2.445652951699463,1.5659,1.0052113155595404e-05,final trainer_log.jsonl
Qwen2.5-7B · LoRA-v1,Qwen2.5-7B,LoRA-v1,17100,2.4470840787119856,1.3696,1.00020992973538e-05,final trainer_log.jsonl
Qwen2.5-7B · LoRA-v1,Qwen2.5-7B,LoRA-v1,17110,2.448515205724508,1.475,9.952196339009489e-06,final trainer_log.jsonl
Qwen2.5-7B · LoRA-v1,Qwen2.5-7B,LoRA-v1,17120,2.4499463327370306,1.4568,9.902404418925599e-06,final trainer_log.jsonl
Qwen2.5-7B · LoRA-v1,Qwen2.5-7B,LoRA-v1,17130,2.451377459749553,1.3848,9.852723675157327e-06,final trainer_log.jsonl
Qwen2.5-7B · LoRA-v1,Qwen2.5-7B,LoRA-v1,17140,2.452808586762075,1.5365,9.803154245451641e-06,final trainer_log.jsonl
Qwen2.5-7B · LoRA-v1,Qwen2.5-7B,LoRA-v1,17150,2.4542397137745975,1.4404,9.753696267246859e-06,final trainer_log.jsonl
Qwen2.5-7B · LoRA-v1,Qwen2.5-7B,LoRA-v1,17160,2.45567084078712,1.3122,9.70434987767232e-06,final trainer_log.jsonl
Qwen2.5-7B · LoRA-v1,Qwen2.5-7B,LoRA-v1,17170,2.4571019677996424,1.4596,9.655115213547939e-06,final trainer_log.jsonl
Qwen2.5-7B · LoRA-v1,Qwen2.5-7B,LoRA-v1,17180,2.4585330948121644,1.4618,9.60599241138384e-06,final trainer_log.jsonl
Qwen2.5-7B · LoRA-v1,Qwen2.5-7B,LoRA-v1,17190,2.459964221824687,1.3483,9.556981607380016e-06,final trainer_log.jsonl
Qwen2.5-7B · LoRA-v1,Qwen2.5-7B,LoRA-v1,17200,2.4613953488372093,1.4271,9.508082937425944e-06,final trainer_log.jsonl
Qwen2.5-7B · LoRA-v1,Qwen2.5-7B,LoRA-v1,17210,2.462826475849732,1.4638,9.45929653710017e-06,final trainer_log.jsonl
Qwen2.5-7B · LoRA-v1,Qwen2.5-7B,LoRA-v1,17220,2.4642576028622543,1.5114,9.410622541669966e-06,final trainer_log.jsonl
Qwen2.5-7B · LoRA-v1,Qwen2.5-7B,LoRA-v1,17230,2.4656887298747763,1.5147,9.362061086090922e-06,final trainer_log.jsonl
Qwen2.5-7B · LoRA-v1,Qwen2.5-7B,LoRA-v1,17240,2.4671198568872987,1.4531,9.313612305006642e-06,final trainer_log.jsonl
Qwen2.5-7B · LoRA-v1,Qwen2.5-7B,LoRA-v1,17250,2.468550983899821,1.5345,9.265276332748301e-06,final trainer_log.jsonl
Qwen2.5-7B · LoRA-v1,Qwen2.5-7B,LoRA-v1,17260,2.4699821109123437,1.4653,9.21705330333426e-06,final trainer_log.jsonl
Qwen2.5-7B · LoRA-v1,Qwen2.5-7B,LoRA-v1,17270,2.4714132379248657,1.5923,9.168943350469772e-06,final trainer_log.jsonl
Qwen2.5-7B · LoRA-v1,Qwen2.5-7B,LoRA-v1,17280,2.472844364937388,1.5769,9.12094660754657e-06,final trainer_log.jsonl
Qwen2.5-7B · LoRA-v1,Qwen2.5-7B,LoRA-v1,17290,2.4742754919499106,1.2644,9.073063207642485e-06,final trainer_log.jsonl
Qwen2.5-7B · LoRA-v1,Qwen2.5-7B,LoRA-v1,17300,2.475706618962433,1.5956,9.025293283521086e-06,final trainer_log.jsonl
Qwen2.5-7B · LoRA-v1,Qwen2.5-7B,LoRA-v1,17310,2.4771377459749555,1.533,8.977636967631291e-06,final trainer_log.jsonl
Qwen2.5-7B · LoRA-v1,Qwen2.5-7B,LoRA-v1,17320,2.4785688729874775,1.5092,8.930094392107102e-06,final trainer_log.jsonl
Qwen2.5-7B · LoRA-v1,Qwen2.5-7B,LoRA-v1,17330,2.48,1.4078,8.882665688767062e-06,final trainer_log.jsonl
Qwen2.5-7B · LoRA-v1,Qwen2.5-7B,LoRA-v1,17340,2.4814311270125224,1.5823,8.835350989114039e-06,final trainer_log.jsonl
Qwen2.5-7B · LoRA-v1,Qwen2.5-7B,LoRA-v1,17350,2.482862254025045,1.4228,8.78815042433479e-06,final trainer_log.jsonl
Qwen2.5-7B · LoRA-v1,Qwen2.5-7B,LoRA-v1,17360,2.484293381037567,1.4289,8.741064125299664e-06,final trainer_log.jsonl
Qwen2.5-7B · LoRA-v1,Qwen2.5-7B,LoRA-v1,17370,2.4857245080500894,1.3701,8.694092222562129e-06,final trainer_log.jsonl
Qwen2.5-7B · LoRA-v1,Qwen2.5-7B,LoRA-v1,17380,2.487155635062612,1.4186,8.647234846358505e-06,final trainer_log.jsonl
Qwen2.5-7B · LoRA-v1,Qwen2.5-7B,LoRA-v1,17390,2.4885867620751343,1.4908,8.600492126607556e-06,final trainer_log.jsonl
Qwen2.5-7B · LoRA-v1,Qwen2.5-7B,LoRA-v1,17400,2.4900178890876568,1.4582,8.553864192910193e-06,final trainer_log.jsonl
Qwen2.5-7B · LoRA-v1,Qwen2.5-7B,LoRA-v1,17410,2.4914490161001788,1.4479,8.507351174548983e-06,final trainer_log.jsonl
Qwen2.5-7B · LoRA-v1,Qwen2.5-7B,LoRA-v1,17420,2.4928801431127012,1.4961,8.460953200487937e-06,final trainer_log.jsonl
Qwen2.5-7B · LoRA-v1,Qwen2.5-7B,LoRA-v1,17430,2.4943112701252237,1.5605,8.414670399372054e-06,final trainer_log.jsonl
Qwen2.5-7B · LoRA-v1,Qwen2.5-7B,LoRA-v1,17440,2.495742397137746,1.4308,8.368502899527047e-06,final trainer_log.jsonl
Qwen2.5-7B · LoRA-v1,Qwen2.5-7B,LoRA-v1,17450,2.497173524150268,1.4849,8.322450828958889e-06,final trainer_log.jsonl
Qwen2.5-7B · LoRA-v1,Qwen2.5-7B,LoRA-v1,17460,2.4986046511627906,1.557,8.276514315353534e-06,final trainer_log.jsonl
Qwen2.5-7B · LoRA-v1,Qwen2.5-7B,LoRA-v1,17470,2.500035778175313,1.3999,8.23069348607653e-06,final trainer_log.jsonl
Qwen2.5-7B · LoRA-v1,Qwen2.5-7B,LoRA-v1,17480,2.5014669051878355,1.3905,8.184988468172672e-06,final trainer_log.jsonl
Qwen2.5-7B · LoRA-v1,Qwen2.5-7B,LoRA-v1,17490,2.502898032200358,1.5029,8.139399388365664e-06,final trainer_log.jsonl
Qwen2.5-7B · LoRA-v1,Qwen2.5-7B,LoRA-v1,17500,2.50432915921288,1.6188,8.093926373057747e-06,final trainer_log.jsonl
Qwen2.5-7B · LoRA-v1,Qwen2.5-7B,LoRA-v1,17510,2.5057602862254025,1.4436,8.048569548329338e-06,final trainer_log.jsonl
Qwen2.5-7B · LoRA-v1,Qwen2.5-7B,LoRA-v1,17520,2.507191413237925,1.4652,8.00332903993874e-06,final trainer_log.jsonl
Qwen2.5-7B · LoRA-v1,Qwen2.5-7B,LoRA-v1,17530,2.508622540250447,1.3588,7.958204973321726e-06,final trainer_log.jsonl
Qwen2.5-7B · LoRA-v1,Qwen2.5-7B,LoRA-v1,17540,2.5100536672629694,1.4077,7.913197473591223e-06,final trainer_log.jsonl
Qwen2.5-7B · LoRA-v1,Qwen2.5-7B,LoRA-v1,17550,2.511484794275492,1.5784,7.868306665536928e-06,final trainer_log.jsonl
Qwen2.5-7B · LoRA-v1,Qwen2.5-7B,LoRA-v1,17560,2.5129159212880143,1.4589,7.823532673625062e-06,final trainer_log.jsonl
Qwen2.5-7B · LoRA-v1,Qwen2.5-7B,LoRA-v1,17570,2.514347048300537,1.4468,7.7788756219979e-06,final trainer_log.jsonl
Qwen2.5-7B · LoRA-v1,Qwen2.5-7B,LoRA-v1,17580,2.5157781753130593,1.3977,7.734335634473499e-06,final trainer_log.jsonl
Qwen2.5-7B · LoRA-v1,Qwen2.5-7B,LoRA-v1,17590,2.5172093023255813,1.4102,7.689912834545342e-06,final trainer_log.jsonl
Qwen2.5-7B · LoRA-v1,Qwen2.5-7B,LoRA-v1,17600,2.5186404293381037,1.4347,7.645607345382005e-06,final trainer_log.jsonl
Qwen2.5-7B · LoRA-v1,Qwen2.5-7B,LoRA-v1,17610,2.520071556350626,1.5021,7.601419289826778e-06,final trainer_log.jsonl
Qwen2.5-7B · LoRA-v1,Qwen2.5-7B,LoRA-v1,17620,2.5215026833631486,1.4605,7.5573487903973785e-06,final trainer_log.jsonl
Qwen2.5-7B · LoRA-v1,Qwen2.5-7B,LoRA-v1,17630,2.5229338103756707,1.4524,7.513395969285525e-06,final trainer_log.jsonl
Qwen2.5-7B · LoRA-v1,Qwen2.5-7B,LoRA-v1,17640,2.524364937388193,1.5696,7.4695609483567404e-06,final trainer_log.jsonl
Qwen2.5-7B · LoRA-v1,Qwen2.5-7B,LoRA-v1,17650,2.5257960644007156,1.36,7.425843849149866e-06,final trainer_log.jsonl
Qwen2.5-7B · LoRA-v1,Qwen2.5-7B,LoRA-v1,17660,2.527227191413238,1.3347,7.382244792876819e-06,final trainer_log.jsonl
Qwen2.5-7B · LoRA-v1,Qwen2.5-7B,LoRA-v1,17670,2.5286583184257605,1.4875,7.338763900422191e-06,final trainer_log.jsonl
Qwen2.5-7B · LoRA-v1,Qwen2.5-7B,LoRA-v1,17680,2.5300894454382825,1.4385,7.2954012923430014e-06,final trainer_log.jsonl
Qwen2.5-7B · LoRA-v1,Qwen2.5-7B,LoRA-v1,17690,2.531520572450805,1.476,7.252157088868283e-06,final trainer_log.jsonl
Qwen2.5-7B · LoRA-v1,Qwen2.5-7B,LoRA-v1,17700,2.5329516994633274,1.4719,7.2090314098987424e-06,final trainer_log.jsonl
Qwen2.5-7B · LoRA-v1,Qwen2.5-7B,LoRA-v1,17710,2.53438282647585,1.5186,7.166024375006491e-06,final trainer_log.jsonl
Qwen2.5-7B · LoRA-v1,Qwen2.5-7B,LoRA-v1,17720,2.535813953488372,1.6002,7.123136103434708e-06,final trainer_log.jsonl
Qwen2.5-7B · LoRA-v1,Qwen2.5-7B,LoRA-v1,17730,2.5372450805008944,1.4632,7.080366714097236e-06,final trainer_log.jsonl
Qwen2.5-7B · LoRA-v1,Qwen2.5-7B,LoRA-v1,17740,2.538676207513417,1.4419,7.0377163255783365e-06,final trainer_log.jsonl
Qwen2.5-7B · LoRA-v1,Qwen2.5-7B,LoRA-v1,17750,2.5401073345259393,1.524,6.995185056132281e-06,final trainer_log.jsonl
Qwen2.5-7B · LoRA-v1,Qwen2.5-7B,LoRA-v1,17760,2.5415384615384617,1.4847,6.9527730236831344e-06,final trainer_log.jsonl
Qwen2.5-7B · LoRA-v1,Qwen2.5-7B,LoRA-v1,17770,2.5429695885509838,1.3879,6.910480345824289e-06,final trainer_log.jsonl
Qwen2.5-7B · LoRA-v1,Qwen2.5-7B,LoRA-v1,17780,2.544400715563506,1.4973,6.868307139818247e-06,final trainer_log.jsonl
Qwen2.5-7B · LoRA-v1,Qwen2.5-7B,LoRA-v1,17790,2.5458318425760287,1.5181,6.8262535225962374e-06,final trainer_log.jsonl
Qwen2.5-7B · LoRA-v1,Qwen2.5-7B,LoRA-v1,17800,2.547262969588551,1.3453,6.784319610757956e-06,final trainer_log.jsonl
Qwen2.5-7B · LoRA-v1,Qwen2.5-7B,LoRA-v1,17810,2.548694096601073,1.3278,6.742505520571147e-06,final trainer_log.jsonl
Qwen2.5-7B · LoRA-v1,Qwen2.5-7B,LoRA-v1,17820,2.5501252236135956,1.3696,6.700811367971355e-06,final trainer_log.jsonl
Qwen2.5-7B · LoRA-v1,Qwen2.5-7B,LoRA-v1,17830,2.551556350626118,1.6239,6.659237268561569e-06,final trainer_log.jsonl
Qwen2.5-7B · LoRA-v1,Qwen2.5-7B,LoRA-v1,17840,2.5529874776386405,1.4084,6.6177833376119605e-06,final trainer_log.jsonl
Qwen2.5-7B · LoRA-v1,Qwen2.5-7B,LoRA-v1,17850,2.554418604651163,1.449,6.576449690059439e-06,final trainer_log.jsonl
Qwen2.5-7B · LoRA-v1,Qwen2.5-7B,LoRA-v1,17860,2.555849731663685,1.44,6.535236440507458e-06,final trainer_log.jsonl
Qwen2.5-7B · LoRA-v1,Qwen2.5-7B,LoRA-v1,17870,2.5572808586762075,1.5333,6.494143703225647e-06,final trainer_log.jsonl
Qwen2.5-7B · LoRA-v1,Qwen2.5-7B,LoRA-v1,17880,2.55871198568873,1.5928,6.4531715921494985e-06,final trainer_log.jsonl
Qwen2.5-7B · LoRA-v1,Qwen2.5-7B,LoRA-v1,17890,2.5601431127012524,1.4094,6.4123202208800525e-06,final trainer_log.jsonl
Qwen2.5-7B · LoRA-v1,Qwen2.5-7B,LoRA-v1,17900,2.5615742397137744,1.5003,6.371589702683562e-06,final trainer_log.jsonl
Qwen2.5-7B · LoRA-v1,Qwen2.5-7B,LoRA-v1,17910,2.563005366726297,1.3597,6.330980150491223e-06,final trainer_log.jsonl
Qwen2.5-7B · LoRA-v1,Qwen2.5-7B,LoRA-v1,17920,2.5644364937388193,1.3541,6.290491676898813e-06,final trainer_log.jsonl
Qwen2.5-7B · LoRA-v1,Qwen2.5-7B,LoRA-v1,17930,2.565867620751342,1.3825,6.250124394166418e-06,final trainer_log.jsonl
Qwen2.5-7B · LoRA-v1,Qwen2.5-7B,LoRA-v1,17940,2.5672987477638642,1.4357,6.209878414218101e-06,final trainer_log.jsonl
Qwen2.5-7B · LoRA-v1,Qwen2.5-7B,LoRA-v1,17950,2.5687298747763863,1.5244,6.169753848641585e-06,final trainer_log.jsonl
Qwen2.5-7B · LoRA-v1,Qwen2.5-7B,LoRA-v1,17960,2.5701610017889087,1.2482,6.129750808687978e-06,final trainer_log.jsonl
Qwen2.5-7B · LoRA-v1,Qwen2.5-7B,LoRA-v1,17970,2.571592128801431,1.4522,6.0898694052714256e-06,final trainer_log.jsonl
Qwen2.5-7B · LoRA-v1,Qwen2.5-7B,LoRA-v1,17980,2.5730232558139536,1.4132,6.050109748968813e-06,final trainer_log.jsonl
Qwen2.5-7B · LoRA-v1,Qwen2.5-7B,LoRA-v1,17990,2.5744543828264757,1.5244,6.0104719500194695e-06,final trainer_log.jsonl
Qwen2.5-7B · LoRA-v1,Qwen2.5-7B,LoRA-v1,18000,2.575885509838998,1.4116,5.970956118324866e-06,final trainer_log.jsonl
Qwen2.5-7B · LoRA-v1,Qwen2.5-7B,LoRA-v1,18010,2.5773166368515206,1.5205,5.931562363448285e-06,final trainer_log.jsonl
Qwen2.5-7B · LoRA-v1,Qwen2.5-7B,LoRA-v1,18020,2.578747763864043,1.4324,5.892290794614553e-06,final trainer_log.jsonl
Qwen2.5-7B · LoRA-v1,Qwen2.5-7B,LoRA-v1,18030,2.5801788908765655,1.4173,5.853141520709693e-06,final trainer_log.jsonl
Qwen2.5-7B · LoRA-v1,Qwen2.5-7B,LoRA-v1,18040,2.5816100178890875,1.5413,5.814114650280683e-06,final trainer_log.jsonl
Qwen2.5-7B · LoRA-v1,Qwen2.5-7B,LoRA-v1,18050,2.58304114490161,1.4336,5.775210291535094e-06,final trainer_log.jsonl
Qwen2.5-7B · LoRA-v1,Qwen2.5-7B,LoRA-v1,18060,2.5844722719141324,1.4104,5.7364285523408275e-06,final trainer_log.jsonl
Qwen2.5-7B · LoRA-v1,Qwen2.5-7B,LoRA-v1,18070,2.585903398926655,1.3537,5.697769540225772e-06,final trainer_log.jsonl
Qwen2.5-7B · LoRA-v1,Qwen2.5-7B,LoRA-v1,18080,2.587334525939177,1.5578,5.659233362377592e-06,final trainer_log.jsonl
Qwen2.5-7B · LoRA-v1,Qwen2.5-7B,LoRA-v1,18090,2.5887656529516994,1.417,5.620820125643339e-06,final trainer_log.jsonl
Qwen2.5-7B · LoRA-v1,Qwen2.5-7B,LoRA-v1,18100,2.590196779964222,1.3651,5.582529936529213e-06,final trainer_log.jsonl
Qwen2.5-7B · LoRA-v1,Qwen2.5-7B,LoRA-v1,18110,2.5916279069767443,1.4364,5.544362901200212e-06,final trainer_log.jsonl
Qwen2.5-7B · LoRA-v1,Qwen2.5-7B,LoRA-v1,18120,2.5930590339892667,1.384,5.506319125479925e-06,final trainer_log.jsonl
Qwen2.5-7B · LoRA-v1,Qwen2.5-7B,LoRA-v1,18130,2.5944901610017888,1.4191,5.4683987148501596e-06,final trainer_log.jsonl
Qwen2.5-7B · LoRA-v1,Qwen2.5-7B,LoRA-v1,18140,2.595921288014311,1.5881,5.4306017744506495e-06,final trainer_log.jsonl
Qwen2.5-7B · LoRA-v1,Qwen2.5-7B,LoRA-v1,18150,2.5973524150268337,1.3803,5.392928409078818e-06,final trainer_log.jsonl
Qwen2.5-7B · LoRA-v1,Qwen2.5-7B,LoRA-v1,18160,2.598783542039356,1.5479,5.35537872318948e-06,final trainer_log.jsonl
Qwen2.5-7B · LoRA-v1,Qwen2.5-7B,LoRA-v1,18170,2.600214669051878,1.446,5.317952820894495e-06,final trainer_log.jsonl
Qwen2.5-7B · LoRA-v1,Qwen2.5-7B,LoRA-v1,18180,2.6016457960644006,1.487,5.280650805962523e-06,final trainer_log.jsonl
Qwen2.5-7B · LoRA-v1,Qwen2.5-7B,LoRA-v1,18190,2.603076923076923,1.6242,5.243472781818726e-06,final trainer_log.jsonl
Qwen2.5-7B · LoRA-v1,Qwen2.5-7B,LoRA-v1,18200,2.6045080500894455,1.3435,5.206418851544503e-06,final trainer_log.jsonl
Qwen2.5-7B · LoRA-v1,Qwen2.5-7B,LoRA-v1,18210,2.605939177101968,1.6163,5.169489117877185e-06,final trainer_log.jsonl
Qwen2.5-7B · LoRA-v1,Qwen2.5-7B,LoRA-v1,18220,2.60737030411449,1.4965,5.132683683209715e-06,final trainer_log.jsonl
Qwen2.5-7B · LoRA-v1,Qwen2.5-7B,LoRA-v1,18230,2.6088014311270125,1.5385,5.096002649590415e-06,final trainer_log.jsonl
Qwen2.5-7B · LoRA-v1,Qwen2.5-7B,LoRA-v1,18240,2.610232558139535,1.5811,5.0594461187227215e-06,final trainer_log.jsonl
Qwen2.5-7B · LoRA-v1,Qwen2.5-7B,LoRA-v1,18250,2.6116636851520574,1.5488,5.023014191964825e-06,final trainer_log.jsonl
Qwen2.5-7B · LoRA-v1,Qwen2.5-7B,LoRA-v1,18260,2.6130948121645794,1.5611,4.986706970329452e-06,final trainer_log.jsonl
Qwen2.5-7B · LoRA-v1,Qwen2.5-7B,LoRA-v1,18270,2.614525939177102,1.5902,4.95052455448356e-06,final trainer_log.jsonl
Qwen2.5-7B · LoRA-v1,Qwen2.5-7B,LoRA-v1,18280,2.6159570661896243,1.5242,4.914467044748095e-06,final trainer_log.jsonl
Qwen2.5-7B · LoRA-v1,Qwen2.5-7B,LoRA-v1,18290,2.6173881932021468,1.4956,4.878534541097624e-06,final trainer_log.jsonl
Qwen2.5-7B · LoRA-v1,Qwen2.5-7B,LoRA-v1,18300,2.6188193202146692,1.4498,4.842727143160164e-06,final trainer_log.jsonl
Qwen2.5-7B · LoRA-v1,Qwen2.5-7B,LoRA-v1,18310,2.6202504472271912,1.5859,4.8070449502168376e-06,final trainer_log.jsonl
Qwen2.5-7B · LoRA-v1,Qwen2.5-7B,LoRA-v1,18320,2.6216815742397137,1.5019,4.77148806120164e-06,final trainer_log.jsonl
Qwen2.5-7B · LoRA-v1,Qwen2.5-7B,LoRA-v1,18330,2.623112701252236,1.4217,4.73605657470112e-06,final trainer_log.jsonl
Qwen2.5-7B · LoRA-v1,Qwen2.5-7B,LoRA-v1,18340,2.6245438282647586,1.3195,4.700750588954139e-06,final trainer_log.jsonl
Qwen2.5-7B · LoRA-v1,Qwen2.5-7B,LoRA-v1,18350,2.6259749552772806,1.5998,4.665570201851588e-06,final trainer_log.jsonl
Qwen2.5-7B · LoRA-v1,Qwen2.5-7B,LoRA-v1,18360,2.627406082289803,1.4646,4.630515510936123e-06,final trainer_log.jsonl
Qwen2.5-7B · LoRA-v1,Qwen2.5-7B,LoRA-v1,18370,2.6288372093023256,1.4725,4.595586613401881e-06,final trainer_log.jsonl
Qwen2.5-7B · LoRA-v1,Qwen2.5-7B,LoRA-v1,18380,2.630268336314848,1.6177,4.560783606094232e-06,final trainer_log.jsonl
Qwen2.5-7B · LoRA-v1,Qwen2.5-7B,LoRA-v1,18390,2.6316994633273705,1.5226,4.526106585509465e-06,final trainer_log.jsonl
Qwen2.5-7B · LoRA-v1,Qwen2.5-7B,LoRA-v1,18400,2.633130590339893,1.5124,4.491555647794609e-06,final trainer_log.jsonl
Qwen2.5-7B · LoRA-v1,Qwen2.5-7B,LoRA-v1,18410,2.634561717352415,1.4999,4.457130888747063e-06,final trainer_log.jsonl
Qwen2.5-7B · LoRA-v1,Qwen2.5-7B,LoRA-v1,18420,2.6359928443649374,1.4613,4.422832403814387e-06,final trainer_log.jsonl
Qwen2.5-7B · LoRA-v1,Qwen2.5-7B,LoRA-v1,18430,2.63742397137746,1.4411,4.3886602880940435e-06,final trainer_log.jsonl
Qwen2.5-7B · LoRA-v1,Qwen2.5-7B,LoRA-v1,18440,2.638855098389982,1.5163,4.354614636333099e-06,final trainer_log.jsonl
Qwen2.5-7B · LoRA-v1,Qwen2.5-7B,LoRA-v1,18450,2.6402862254025043,1.6161,4.320695542927999e-06,final trainer_log.jsonl
Qwen2.5-7B · LoRA-v1,Qwen2.5-7B,LoRA-v1,18460,2.641717352415027,1.5152,4.286903101924272e-06,final trainer_log.jsonl
Qwen2.5-7B · LoRA-v1,Qwen2.5-7B,LoRA-v1,18470,2.6431484794275493,1.5094,4.253237407016286e-06,final trainer_log.jsonl
Qwen2.5-7B · LoRA-v1,Qwen2.5-7B,LoRA-v1,18480,2.6445796064400717,1.3774,4.219698551547002e-06,final trainer_log.jsonl
Qwen2.5-7B · LoRA-v1,Qwen2.5-7B,LoRA-v1,18490,2.646010733452594,1.5565,4.1862866285076966e-06,final trainer_log.jsonl
Qwen2.5-7B · LoRA-v1,Qwen2.5-7B,LoRA-v1,18500,2.647441860465116,1.4213,4.153001730537698e-06,final trainer_log.jsonl
Qwen2.5-7B · LoRA-v1,Qwen2.5-7B,LoRA-v1,18510,2.6488729874776387,1.4881,4.119843949924124e-06,final trainer_log.jsonl
Qwen2.5-7B · LoRA-v1,Qwen2.5-7B,LoRA-v1,18520,2.650304114490161,1.5586,4.0868133786016895e-06,final trainer_log.jsonl
Qwen2.5-7B · LoRA-v1,Qwen2.5-7B,LoRA-v1,18530,2.651735241502683,1.4537,4.053910108152359e-06,final trainer_log.jsonl
Qwen2.5-7B · LoRA-v1,Qwen2.5-7B,LoRA-v1,18540,2.6531663685152056,1.6686,4.021134229805162e-06,final trainer_log.jsonl
Qwen2.5-7B · LoRA-v1,Qwen2.5-7B,LoRA-v1,18550,2.654597495527728,1.5608,3.98848583443589e-06,final trainer_log.jsonl
Qwen2.5-7B · LoRA-v1,Qwen2.5-7B,LoRA-v1,18560,2.6560286225402505,1.3958,3.955965012566909e-06,final trainer_log.jsonl
Qwen2.5-7B · LoRA-v1,Qwen2.5-7B,LoRA-v1,18570,2.657459749552773,1.3335,3.923571854366847e-06,final trainer_log.jsonl
Qwen2.5-7B · LoRA-v1,Qwen2.5-7B,LoRA-v1,18580,2.6588908765652954,1.5096,3.8913064496503395e-06,final trainer_log.jsonl
Qwen2.5-7B · LoRA-v1,Qwen2.5-7B,LoRA-v1,18590,2.6603220035778175,1.4174,3.859168887877845e-06,final trainer_log.jsonl
Qwen2.5-7B · LoRA-v1,Qwen2.5-7B,LoRA-v1,18600,2.66175313059034,1.5545,3.827159258155355e-06,final trainer_log.jsonl
Qwen2.5-7B · LoRA-v1,Qwen2.5-7B,LoRA-v1,18610,2.6631842576028624,1.5059,3.795277649234141e-06,final trainer_log.jsonl
Qwen2.5-7B · LoRA-v1,Qwen2.5-7B,LoRA-v1,18620,2.6646153846153844,1.5391,3.7635241495105223e-06,final trainer_log.jsonl
Qwen2.5-7B · LoRA-v1,Qwen2.5-7B,LoRA-v1,18630,2.666046511627907,1.5104,3.7318988470256e-06,final trainer_log.jsonl
Qwen2.5-7B · LoRA-v1,Qwen2.5-7B,LoRA-v1,18640,2.6674776386404293,1.4064,3.7004018294650723e-06,final trainer_log.jsonl
Qwen2.5-7B · LoRA-v1,Qwen2.5-7B,LoRA-v1,18650,2.6689087656529518,1.3622,3.6690331841589153e-06,final trainer_log.jsonl
Qwen2.5-7B · LoRA-v1,Qwen2.5-7B,LoRA-v1,18660,2.6703398926654742,1.4499,3.6377929980811686e-06,final trainer_log.jsonl
Qwen2.5-7B · LoRA-v1,Qwen2.5-7B,LoRA-v1,18670,2.6717710196779967,1.3841,3.6066813578497174e-06,final trainer_log.jsonl
Qwen2.5-7B · LoRA-v1,Qwen2.5-7B,LoRA-v1,18680,2.6732021466905187,1.382,3.5756983497260366e-06,final trainer_log.jsonl
Qwen2.5-7B · LoRA-v1,Qwen2.5-7B,LoRA-v1,18690,2.674633273703041,1.4339,3.544844059614949e-06,final trainer_log.jsonl
Qwen2.5-7B · LoRA-v1,Qwen2.5-7B,LoRA-v1,18700,2.6760644007155636,1.4658,3.514118573064379e-06,final trainer_log.jsonl
Qwen2.5-7B · LoRA-v1,Qwen2.5-7B,LoRA-v1,18710,2.6774955277280856,1.3614,3.483521975265125e-06,final trainer_log.jsonl
Qwen2.5-7B · LoRA-v1,Qwen2.5-7B,LoRA-v1,18720,2.678926654740608,1.4692,3.4530543510506497e-06,final trainer_log.jsonl
Qwen2.5-7B · LoRA-v1,Qwen2.5-7B,LoRA-v1,18730,2.6803577817531306,1.506,3.422715784896774e-06,final trainer_log.jsonl
Qwen2.5-7B · LoRA-v1,Qwen2.5-7B,LoRA-v1,18740,2.681788908765653,1.6467,3.392506360921516e-06,final trainer_log.jsonl
Qwen2.5-7B · LoRA-v1,Qwen2.5-7B,LoRA-v1,18750,2.6832200357781755,1.3464,3.362426162884813e-06,final trainer_log.jsonl
Qwen2.5-7B · LoRA-v1,Qwen2.5-7B,LoRA-v1,18760,2.684651162790698,1.3416,3.3324752741883345e-06,final trainer_log.jsonl
Qwen2.5-7B · LoRA-v1,Qwen2.5-7B,LoRA-v1,18770,2.68608228980322,1.3729,3.3026537778751922e-06,final trainer_log.jsonl
Qwen2.5-7B · LoRA-v1,Qwen2.5-7B,LoRA-v1,18780,2.6875134168157424,1.5131,3.272961756629739e-06,final trainer_log.jsonl
Qwen2.5-7B · LoRA-v1,Qwen2.5-7B,LoRA-v1,18790,2.688944543828265,1.4117,3.2433992927773494e-06,final trainer_log.jsonl
Qwen2.5-7B · LoRA-v1,Qwen2.5-7B,LoRA-v1,18800,2.690375670840787,1.5792,3.213966468284202e-06,final trainer_log.jsonl
Qwen2.5-7B · LoRA-v1,Qwen2.5-7B,LoRA-v1,18810,2.6918067978533093,1.3814,3.1846633647569847e-06,final trainer_log.jsonl
Qwen2.5-7B · LoRA-v1,Qwen2.5-7B,LoRA-v1,18820,2.693237924865832,1.6033,3.155490063442751e-06,final trainer_log.jsonl
Qwen2.5-7B · LoRA-v1,Qwen2.5-7B,LoRA-v1,18830,2.6946690518783543,1.3871,3.126446645228642e-06,final trainer_log.jsonl
Qwen2.5-7B · LoRA-v1,Qwen2.5-7B,LoRA-v1,18840,2.6961001788908767,1.5002,3.0975331906416994e-06,final trainer_log.jsonl
Qwen2.5-7B · LoRA-v1,Qwen2.5-7B,LoRA-v1,18850,2.697531305903399,1.3692,3.0687497798485955e-06,final trainer_log.jsonl
Qwen2.5-7B · LoRA-v1,Qwen2.5-7B,LoRA-v1,18860,2.698962432915921,1.58,3.040096492655464e-06,final trainer_log.jsonl
Qwen2.5-7B · LoRA-v1,Qwen2.5-7B,LoRA-v1,18870,2.7003935599284437,1.6022,3.0115734085076342e-06,final trainer_log.jsonl
Qwen2.5-7B · LoRA-v1,Qwen2.5-7B,LoRA-v1,18880,2.701824686940966,1.466,2.9831806064894273e-06,final trainer_log.jsonl
Qwen2.5-7B · LoRA-v1,Qwen2.5-7B,LoRA-v1,18890,2.703255813953488,1.6728,2.9549181653239554e-06,final trainer_log.jsonl
Qwen2.5-7B · LoRA-v1,Qwen2.5-7B,LoRA-v1,18900,2.7046869409660106,1.4308,2.9267861633728745e-06,final trainer_log.jsonl
Qwen2.5-7B · LoRA-v1,Qwen2.5-7B,LoRA-v1,18910,2.706118067978533,1.3988,2.898784678636168e-06,final trainer_log.jsonl
Qwen2.5-7B · LoRA-v1,Qwen2.5-7B,LoRA-v1,18920,2.7075491949910555,1.5744,2.8709137887519776e-06,final trainer_log.jsonl
Qwen2.5-7B · LoRA-v1,Qwen2.5-7B,LoRA-v1,18930,2.708980322003578,1.4152,2.843173570996316e-06,final trainer_log.jsonl
Qwen2.5-7B · LoRA-v1,Qwen2.5-7B,LoRA-v1,18940,2.7104114490161004,1.5449,2.8155641022829194e-06,final trainer_log.jsonl
Qwen2.5-7B · LoRA-v1,Qwen2.5-7B,LoRA-v1,18950,2.7118425760286224,1.4452,2.788085459162948e-06,final trainer_log.jsonl
Qwen2.5-7B · LoRA-v1,Qwen2.5-7B,LoRA-v1,18960,2.713273703041145,1.418,2.760737717824907e-06,final trainer_log.jsonl
Qwen2.5-7B · LoRA-v1,Qwen2.5-7B,LoRA-v1,18970,2.7147048300536674,1.5037,2.733520954094304e-06,final trainer_log.jsonl
Qwen2.5-7B · LoRA-v1,Qwen2.5-7B,LoRA-v1,18980,2.7161359570661894,1.5323,2.7064352434335027e-06,final trainer_log.jsonl
Qwen2.5-7B · LoRA-v1,Qwen2.5-7B,LoRA-v1,18990,2.717567084078712,1.5099,2.679480660941508e-06,final trainer_log.jsonl
Qwen2.5-7B · LoRA-v1,Qwen2.5-7B,LoRA-v1,19000,2.7189982110912343,1.4792,2.65265728135376e-06,final trainer_log.jsonl
Qwen2.5-7B · LoRA-v1,Qwen2.5-7B,LoRA-v1,19010,2.7204293381037568,1.3971,2.6259651790419115e-06,final trainer_log.jsonl
Qwen2.5-7B · LoRA-v1,Qwen2.5-7B,LoRA-v1,19020,2.721860465116279,1.2833,2.5994044280136356e-06,final trainer_log.jsonl
Qwen2.5-7B · LoRA-v1,Qwen2.5-7B,LoRA-v1,19030,2.7232915921288017,1.4761,2.572975101912395e-06,final trainer_log.jsonl
Qwen2.5-7B · LoRA-v1,Qwen2.5-7B,LoRA-v1,19040,2.7247227191413237,1.5046,2.546677274017295e-06,final trainer_log.jsonl
Qwen2.5-7B · LoRA-v1,Qwen2.5-7B,LoRA-v1,19050,2.726153846153846,1.4592,2.520511017242805e-06,final trainer_log.jsonl
Qwen2.5-7B · LoRA-v1,Qwen2.5-7B,LoRA-v1,19060,2.7275849731663686,1.5448,2.4944764041386237e-06,final trainer_log.jsonl
Qwen2.5-7B · LoRA-v1,Qwen2.5-7B,LoRA-v1,19070,2.7290161001788906,1.4987,2.4685735068894267e-06,final trainer_log.jsonl
Qwen2.5-7B · LoRA-v1,Qwen2.5-7B,LoRA-v1,19080,2.730447227191413,1.3803,2.442802397314714e-06,final trainer_log.jsonl
Qwen2.5-7B · LoRA-v1,Qwen2.5-7B,LoRA-v1,19090,2.7318783542039355,1.6299,2.417163146868573e-06,final trainer_log.jsonl
Qwen2.5-7B · LoRA-v1,Qwen2.5-7B,LoRA-v1,19100,2.733309481216458,1.3769,2.3916558266394717e-06,final trainer_log.jsonl
Qwen2.5-7B · LoRA-v1,Qwen2.5-7B,LoRA-v1,19110,2.7347406082289805,1.2803,2.3662805073501048e-06,final trainer_log.jsonl
Qwen2.5-7B · LoRA-v1,Qwen2.5-7B,LoRA-v1,19120,2.736171735241503,1.3657,2.341037259357182e-06,final trainer_log.jsonl
Qwen2.5-7B · LoRA-v1,Qwen2.5-7B,LoRA-v1,19130,2.737602862254025,1.4785,2.3159261526512156e-06,final trainer_log.jsonl
Qwen2.5-7B · LoRA-v1,Qwen2.5-7B,LoRA-v1,19140,2.7390339892665474,1.6102,2.2909472568563404e-06,final trainer_log.jsonl
Qwen2.5-7B · LoRA-v1,Qwen2.5-7B,LoRA-v1,19150,2.74046511627907,1.6609,2.266100641230101e-06,final trainer_log.jsonl
Qwen2.5-7B · LoRA-v1,Qwen2.5-7B,LoRA-v1,19160,2.741896243291592,1.4814,2.241386374663318e-06,final trainer_log.jsonl
Qwen2.5-7B · LoRA-v1,Qwen2.5-7B,LoRA-v1,19170,2.7433273703041143,1.5622,2.2168045256797997e-06,final trainer_log.jsonl
Qwen2.5-7B · LoRA-v1,Qwen2.5-7B,LoRA-v1,19180,2.744758497316637,1.5201,2.1923551624362547e-06,final trainer_log.jsonl
Qwen2.5-7B · LoRA-v1,Qwen2.5-7B,LoRA-v1,19190,2.7461896243291593,1.2757,2.168038352722018e-06,final trainer_log.jsonl
Qwen2.5-7B · LoRA-v1,Qwen2.5-7B,LoRA-v1,19200,2.7476207513416817,1.639,2.143854163958947e-06,final trainer_log.jsonl
Qwen2.5-7B · LoRA-v1,Qwen2.5-7B,LoRA-v1,19210,2.749051878354204,1.5392,2.119802663201148e-06,final trainer_log.jsonl
Qwen2.5-7B · LoRA-v1,Qwen2.5-7B,LoRA-v1,19220,2.750483005366726,1.5039,2.0958839171348444e-06,final trainer_log.jsonl
Qwen2.5-7B · LoRA-v1,Qwen2.5-7B,LoRA-v1,19230,2.7519141323792486,1.3948,2.0720979920781756e-06,final trainer_log.jsonl
Qwen2.5-7B · LoRA-v1,Qwen2.5-7B,LoRA-v1,19240,2.753345259391771,1.4073,2.048444953981038e-06,final trainer_log.jsonl
Qwen2.5-7B · LoRA-v1,Qwen2.5-7B,LoRA-v1,19250,2.754776386404293,1.4063,2.0249248684248377e-06,final trainer_log.jsonl
Qwen2.5-7B · LoRA-v1,Qwen2.5-7B,LoRA-v1,19260,2.7562075134168156,1.4654,2.001537800622383e-06,final trainer_log.jsonl
Qwen2.5-7B · LoRA-v1,Qwen2.5-7B,LoRA-v1,19270,2.757638640429338,1.4051,1.9782838154176584e-06,final trainer_log.jsonl
Qwen2.5-7B · LoRA-v1,Qwen2.5-7B,LoRA-v1,19280,2.7590697674418605,1.3305,1.9551629772856684e-06,final trainer_log.jsonl
Qwen2.5-7B · LoRA-v1,Qwen2.5-7B,LoRA-v1,19290,2.760500894454383,1.5124,1.9321753503322436e-06,final trainer_log.jsonl
Qwen2.5-7B · LoRA-v1,Qwen2.5-7B,LoRA-v1,19300,2.7619320214669054,1.3802,1.9093209982938622e-06,final trainer_log.jsonl
Qwen2.5-7B · LoRA-v1,Qwen2.5-7B,LoRA-v1,19310,2.7633631484794274,1.5212,1.8865999845374793e-06,final trainer_log.jsonl
Qwen2.5-7B · LoRA-v1,Qwen2.5-7B,LoRA-v1,19320,2.76479427549195,1.5354,1.8640123720603586e-06,final trainer_log.jsonl
Qwen2.5-7B · LoRA-v1,Qwen2.5-7B,LoRA-v1,19330,2.7662254025044724,1.4472,1.841558223489881e-06,final trainer_log.jsonl
Qwen2.5-7B · LoRA-v1,Qwen2.5-7B,LoRA-v1,19340,2.7676565295169944,1.4872,1.8192376010833845e-06,final trainer_log.jsonl
Qwen2.5-7B · LoRA-v1,Qwen2.5-7B,LoRA-v1,19350,2.769087656529517,1.4521,1.7970505667279814e-06,final trainer_log.jsonl
Qwen2.5-7B · LoRA-v1,Qwen2.5-7B,LoRA-v1,19360,2.7705187835420393,1.5245,1.774997181940402e-06,final trainer_log.jsonl
Qwen2.5-7B · LoRA-v1,Qwen2.5-7B,LoRA-v1,19370,2.7719499105545617,1.41,1.7530775078668072e-06,final trainer_log.jsonl
Qwen2.5-7B · LoRA-v1,Qwen2.5-7B,LoRA-v1,19380,2.773381037567084,1.587,1.7312916052826257e-06,final trainer_log.jsonl
Qwen2.5-7B · LoRA-v1,Qwen2.5-7B,LoRA-v1,19390,2.7748121645796067,1.3875,1.7096395345923832e-06,final trainer_log.jsonl
Qwen2.5-7B · LoRA-v1,Qwen2.5-7B,LoRA-v1,19400,2.7762432915921287,1.4115,1.6881213558295473e-06,final trainer_log.jsonl
Qwen2.5-7B · LoRA-v1,Qwen2.5-7B,LoRA-v1,19410,2.777674418604651,1.3471,1.6667371286563426e-06,final trainer_log.jsonl
Qwen2.5-7B · LoRA-v1,Qwen2.5-7B,LoRA-v1,19420,2.7791055456171736,1.5673,1.6454869123635918e-06,final trainer_log.jsonl
Qwen2.5-7B · LoRA-v1,Qwen2.5-7B,LoRA-v1,19430,2.7805366726296956,1.5609,1.6243707658705531e-06,final trainer_log.jsonl
Qwen2.5-7B · LoRA-v1,Qwen2.5-7B,LoRA-v1,19440,2.781967799642218,1.5972,1.6033887477247766e-06,final trainer_log.jsonl
Qwen2.5-7B · LoRA-v1,Qwen2.5-7B,LoRA-v1,19450,2.7833989266547405,1.4062,1.582540916101899e-06,final trainer_log.jsonl
Qwen2.5-7B · LoRA-v1,Qwen2.5-7B,LoRA-v1,19460,2.784830053667263,1.4577,1.5618273288055153e-06,final trainer_log.jsonl
Qwen2.5-7B · LoRA-v1,Qwen2.5-7B,LoRA-v1,19470,2.7862611806797855,1.4822,1.5412480432669963e-06,final trainer_log.jsonl
Qwen2.5-7B · LoRA-v1,Qwen2.5-7B,LoRA-v1,19480,2.787692307692308,1.3956,1.5208031165453662e-06,final trainer_log.jsonl
Qwen2.5-7B · LoRA-v1,Qwen2.5-7B,LoRA-v1,19490,2.78912343470483,1.2672,1.5004926053270973e-06,final trainer_log.jsonl
Qwen2.5-7B · LoRA-v1,Qwen2.5-7B,LoRA-v1,19500,2.7905545617173524,1.4392,1.4803165659259987e-06,final trainer_log.jsonl
Qwen2.5-7B · LoRA-v1,Qwen2.5-7B,LoRA-v1,19510,2.791985688729875,1.4836,1.4602750542830057e-06,final trainer_log.jsonl
Qwen2.5-7B · LoRA-v1,Qwen2.5-7B,LoRA-v1,19520,2.793416815742397,1.422,1.440368125966085e-06,final trainer_log.jsonl
Qwen2.5-7B · LoRA-v1,Qwen2.5-7B,LoRA-v1,19530,2.7948479427549193,1.5135,1.4205958361700522e-06,final trainer_log.jsonl
Qwen2.5-7B · LoRA-v1,Qwen2.5-7B,LoRA-v1,19540,2.796279069767442,1.459,1.4009582397163879e-06,final trainer_log.jsonl
Qwen2.5-7B · LoRA-v1,Qwen2.5-7B,LoRA-v1,19550,2.7977101967799642,1.5542,1.3814553910531326e-06,final trainer_log.jsonl
Qwen2.5-7B · LoRA-v1,Qwen2.5-7B,LoRA-v1,19560,2.7991413237924867,1.6527,1.362087344254742e-06,final trainer_log.jsonl
Qwen2.5-7B · LoRA-v1,Qwen2.5-7B,LoRA-v1,19570,2.800572450805009,1.3625,1.342854153021883e-06,final trainer_log.jsonl
Qwen2.5-7B · LoRA-v1,Qwen2.5-7B,LoRA-v1,19580,2.802003577817531,1.5406,1.3237558706813257e-06,final trainer_log.jsonl
Qwen2.5-7B · LoRA-v1,Qwen2.5-7B,LoRA-v1,19590,2.8034347048300536,1.4414,1.3047925501857906e-06,final trainer_log.jsonl
Qwen2.5-7B · LoRA-v1,Qwen2.5-7B,LoRA-v1,19600,2.804865831842576,1.5366,1.2859642441137965e-06,final trainer_log.jsonl
Qwen2.5-7B · LoRA-v1,Qwen2.5-7B,LoRA-v1,19610,2.8062969588550986,1.3793,1.2672710046695236e-06,final trainer_log.jsonl
Qwen2.5-7B · LoRA-v1,Qwen2.5-7B,LoRA-v1,19620,2.8077280858676206,1.45,1.248712883682629e-06,final trainer_log.jsonl
Qwen2.5-7B · LoRA-v1,Qwen2.5-7B,LoRA-v1,19630,2.809159212880143,1.3863,1.2302899326081584e-06,final trainer_log.jsonl
Qwen2.5-7B · LoRA-v1,Qwen2.5-7B,LoRA-v1,19640,2.8105903398926655,1.5335,1.2120022025263911e-06,final trainer_log.jsonl
Qwen2.5-7B · LoRA-v1,Qwen2.5-7B,LoRA-v1,19650,2.812021466905188,1.3674,1.193849744142672e-06,final trainer_log.jsonl
Qwen2.5-7B · LoRA-v1,Qwen2.5-7B,LoRA-v1,19660,2.8134525939177104,1.4746,1.175832607787275e-06,final trainer_log.jsonl
Qwen2.5-7B · LoRA-v1,Qwen2.5-7B,LoRA-v1,19670,2.8148837209302324,1.642,1.1579508434152897e-06,final trainer_log.jsonl
Qwen2.5-7B · LoRA-v1,Qwen2.5-7B,LoRA-v1,19680,2.816314847942755,1.3611,1.1402045006064787e-06,final trainer_log.jsonl
Qwen2.5-7B · LoRA-v1,Qwen2.5-7B,LoRA-v1,19690,2.8177459749552773,1.3924,1.122593628565094e-06,final trainer_log.jsonl
Qwen2.5-7B · LoRA-v1,Qwen2.5-7B,LoRA-v1,19700,2.8191771019678,1.4196,1.1051182761198042e-06,final trainer_log.jsonl
Qwen2.5-7B · LoRA-v1,Qwen2.5-7B,LoRA-v1,19710,2.820608228980322,1.3983,1.087778491723518e-06,final trainer_log.jsonl
Qwen2.5-7B · LoRA-v1,Qwen2.5-7B,LoRA-v1,19720,2.8220393559928443,1.3953,1.0705743234532773e-06,final trainer_log.jsonl
Qwen2.5-7B · LoRA-v1,Qwen2.5-7B,LoRA-v1,19730,2.8234704830053667,1.4936,1.0535058190100867e-06,final trainer_log.jsonl
Qwen2.5-7B · LoRA-v1,Qwen2.5-7B,LoRA-v1,19740,2.824901610017889,1.2921,1.0365730257188233e-06,final trainer_log.jsonl
Qwen2.5-7B · LoRA-v1,Qwen2.5-7B,LoRA-v1,19750,2.8263327370304117,1.5299,1.0197759905280714e-06,final trainer_log.jsonl
Qwen2.5-7B · LoRA-v1,Qwen2.5-7B,LoRA-v1,19760,2.8277638640429337,1.4053,1.00311476001001e-06,final trainer_log.jsonl
Qwen2.5-7B · LoRA-v1,Qwen2.5-7B,LoRA-v1,19770,2.829194991055456,1.5048,9.865893803602865e-07,final trainer_log.jsonl
Qwen2.5-7B · LoRA-v1,Qwen2.5-7B,LoRA-v1,19780,2.8306261180679786,1.5514,9.701998973978831e-07,final trainer_log.jsonl
Qwen2.5-7B · LoRA-v1,Qwen2.5-7B,LoRA-v1,19790,2.832057245080501,1.5412,9.539463565649664e-07,final trainer_log.jsonl
Qwen2.5-7B · LoRA-v1,Qwen2.5-7B,LoRA-v1,19800,2.833488372093023,1.4396,9.378288029268211e-07,final trainer_log.jsonl
Qwen2.5-7B · LoRA-v1,Qwen2.5-7B,LoRA-v1,19810,2.8349194991055455,1.5279,9.218472811716672e-07,final trainer_log.jsonl
Qwen2.5-7B · LoRA-v1,Qwen2.5-7B,LoRA-v1,19820,2.836350626118068,1.5681,9.060018356105426e-07,final trainer_log.jsonl
Qwen2.5-7B · LoRA-v1,Qwen2.5-7B,LoRA-v1,19830,2.8377817531305904,1.2411,8.902925101772264e-07,final trainer_log.jsonl
Qwen2.5-7B · LoRA-v1,Qwen2.5-7B,LoRA-v1,19840,2.839212880143113,1.5672,8.747193484280658e-07,final trainer_log.jsonl
Qwen2.5-7B · LoRA-v1,Qwen2.5-7B,LoRA-v1,19850,2.840644007155635,1.4541,8.592823935418659e-07,final trainer_log.jsonl
Qwen2.5-7B · LoRA-v1,Qwen2.5-7B,LoRA-v1,19860,2.8420751341681574,1.5221,8.439816883198059e-07,final trainer_log.jsonl
Qwen2.5-7B · LoRA-v1,Qwen2.5-7B,LoRA-v1,19870,2.84350626118068,1.4989,8.288172751852674e-07,final trainer_log.jsonl
Qwen2.5-7B · LoRA-v1,Qwen2.5-7B,LoRA-v1,19880,2.8449373881932023,1.4878,8.137891961837618e-07,final trainer_log.jsonl
Qwen2.5-7B · LoRA-v1,Qwen2.5-7B,LoRA-v1,19890,2.8463685152057243,1.582,7.988974929827809e-07,final trainer_log.jsonl
Qwen2.5-7B · LoRA-v1,Qwen2.5-7B,LoRA-v1,19900,2.8477996422182468,1.4605,7.841422068717075e-07,final trainer_log.jsonl
Qwen2.5-7B · LoRA-v1,Qwen2.5-7B,LoRA-v1,19910,2.8492307692307692,1.5614,7.695233787616718e-07,final trainer_log.jsonl
Qwen2.5-7B · LoRA-v1,Qwen2.5-7B,LoRA-v1,19920,2.8506618962432917,1.4808,7.550410491854676e-07,final trainer_log.jsonl
Qwen2.5-7B · LoRA-v1,Qwen2.5-7B,LoRA-v1,19930,2.852093023255814,1.4882,7.406952582974302e-07,final trainer_log.jsonl
Qwen2.5-7B · LoRA-v1,Qwen2.5-7B,LoRA-v1,19940,2.853524150268336,1.4324,7.264860458733036e-07,final trainer_log.jsonl
Qwen2.5-7B · LoRA-v1,Qwen2.5-7B,LoRA-v1,19950,2.8549552772808586,1.5533,7.124134513101732e-07,final trainer_log.jsonl
Qwen2.5-7B · LoRA-v1,Qwen2.5-7B,LoRA-v1,19960,2.856386404293381,1.616,6.984775136263111e-07,final trainer_log.jsonl
Qwen2.5-7B · LoRA-v1,Qwen2.5-7B,LoRA-v1,19970,2.8578175313059035,1.5114,6.846782714611033e-07,final trainer_log.jsonl
Qwen2.5-7B · LoRA-v1,Qwen2.5-7B,LoRA-v1,19980,2.8592486583184256,1.404,6.71015763074917e-07,final trainer_log.jsonl
Qwen2.5-7B · LoRA-v1,Qwen2.5-7B,LoRA-v1,19990,2.860679785330948,1.3211,6.574900263490002e-07,final trainer_log.jsonl
Qwen2.5-7B · LoRA-v1,Qwen2.5-7B,LoRA-v1,20000,2.8621109123434705,1.2936,6.441010987854101e-07,final trainer_log.jsonl
Qwen2.5-7B · LoRA-v1,Qwen2.5-7B,LoRA-v1,20010,2.863542039355993,1.3942,6.308490175068516e-07,final trainer_log.jsonl
Qwen2.5-7B · LoRA-v1,Qwen2.5-7B,LoRA-v1,20020,2.8649731663685154,1.4864,6.177338192566163e-07,final trainer_log.jsonl
Qwen2.5-7B · LoRA-v1,Qwen2.5-7B,LoRA-v1,20030,2.8664042933810374,1.5314,6.047555403984606e-07,final trainer_log.jsonl
Qwen2.5-7B · LoRA-v1,Qwen2.5-7B,LoRA-v1,20040,2.86783542039356,1.5337,5.919142169165282e-07,final trainer_log.jsonl
Qwen2.5-7B · LoRA-v1,Qwen2.5-7B,LoRA-v1,20050,2.8692665474060823,1.3566,5.792098844152217e-07,final trainer_log.jsonl
Qwen2.5-7B · LoRA-v1,Qwen2.5-7B,LoRA-v1,20060,2.870697674418605,1.4514,5.666425781191143e-07,final trainer_log.jsonl
Qwen2.5-7B · LoRA-v1,Qwen2.5-7B,LoRA-v1,20070,2.872128801431127,1.4656,5.542123328728555e-07,final trainer_log.jsonl
Qwen2.5-7B · LoRA-v1,Qwen2.5-7B,LoRA-v1,20080,2.8735599284436493,1.5103,5.419191831410875e-07,final trainer_log.jsonl
Qwen2.5-7B · LoRA-v1,Qwen2.5-7B,LoRA-v1,20090,2.8749910554561717,1.4644,5.297631630083177e-07,final trainer_log.jsonl
Qwen2.5-7B · LoRA-v1,Qwen2.5-7B,LoRA-v1,20100,2.876422182468694,1.4684,5.177443061788523e-07,final trainer_log.jsonl
Qwen2.5-7B · LoRA-v1,Qwen2.5-7B,LoRA-v1,20110,2.8778533094812166,1.3961,5.058626459766902e-07,final trainer_log.jsonl
Qwen2.5-7B · LoRA-v1,Qwen2.5-7B,LoRA-v1,20120,2.8792844364937387,1.4724,4.941182153454404e-07,final trainer_log.jsonl
Qwen2.5-7B · LoRA-v1,Qwen2.5-7B,LoRA-v1,20130,2.880715563506261,1.359,4.825110468481997e-07,final trainer_log.jsonl
Qwen2.5-7B · LoRA-v1,Qwen2.5-7B,LoRA-v1,20140,2.8821466905187836,1.3671,4.7104117266751345e-07,final trainer_log.jsonl
Qwen2.5-7B · LoRA-v1,Qwen2.5-7B,LoRA-v1,20150,2.883577817531306,1.517,4.597086246052429e-07,final trainer_log.jsonl
Qwen2.5-7B · LoRA-v1,Qwen2.5-7B,LoRA-v1,20160,2.885008944543828,1.3114,4.4851343408249815e-07,final trainer_log.jsonl
Qwen2.5-7B · LoRA-v1,Qwen2.5-7B,LoRA-v1,20170,2.8864400715563505,1.4647,4.3745563213954956e-07,final trainer_log.jsonl
Qwen2.5-7B · LoRA-v1,Qwen2.5-7B,LoRA-v1,20180,2.887871198568873,1.5477,4.265352494357222e-07,final trainer_log.jsonl
Qwen2.5-7B · LoRA-v1,Qwen2.5-7B,LoRA-v1,20190,2.8893023255813954,1.4724,4.157523162493515e-07,final trainer_log.jsonl
Qwen2.5-7B · LoRA-v1,Qwen2.5-7B,LoRA-v1,20200,2.890733452593918,1.3411,4.051068624776555e-07,final trainer_log.jsonl
Qwen2.5-7B · LoRA-v1,Qwen2.5-7B,LoRA-v1,20210,2.89216457960644,1.4814,3.9459891763667934e-07,final trainer_log.jsonl
Qwen2.5-7B · LoRA-v1,Qwen2.5-7B,LoRA-v1,20220,2.8935957066189624,1.5469,3.842285108611954e-07,final trainer_log.jsonl
Qwen2.5-7B · LoRA-v1,Qwen2.5-7B,LoRA-v1,20230,2.895026833631485,1.5437,3.7399567090464215e-07,final trainer_log.jsonl
Qwen2.5-7B · LoRA-v1,Qwen2.5-7B,LoRA-v1,20240,2.8964579606440073,1.2008,3.639004261390355e-07,final trainer_log.jsonl
Qwen2.5-7B · LoRA-v1,Qwen2.5-7B,LoRA-v1,20250,2.8978890876565293,1.5779,3.5394280455487425e-07,final trainer_log.jsonl
Qwen2.5-7B · LoRA-v1,Qwen2.5-7B,LoRA-v1,20260,2.8993202146690518,1.4233,3.4412283376110134e-07,final trainer_log.jsonl
Qwen2.5-7B · LoRA-v1,Qwen2.5-7B,LoRA-v1,20270,2.9007513416815742,1.578,3.3444054098498155e-07,final trainer_log.jsonl
Qwen2.5-7B · LoRA-v1,Qwen2.5-7B,LoRA-v1,20280,2.9021824686940967,1.3143,3.2489595307205745e-07,final trainer_log.jsonl
Qwen2.5-7B · LoRA-v1,Qwen2.5-7B,LoRA-v1,20290,2.903613595706619,1.6063,3.154890964860602e-07,final trainer_log.jsonl
Qwen2.5-7B · LoRA-v1,Qwen2.5-7B,LoRA-v1,20300,2.905044722719141,1.4514,3.0621999730884863e-07,final trainer_log.jsonl
Qwen2.5-7B · LoRA-v1,Qwen2.5-7B,LoRA-v1,20310,2.9064758497316636,1.6544,2.970886812403206e-07,final trainer_log.jsonl
Qwen2.5-7B · LoRA-v1,Qwen2.5-7B,LoRA-v1,20320,2.907906976744186,1.4946,2.880951735983628e-07,final trainer_log.jsonl
Qwen2.5-7B · LoRA-v1,Qwen2.5-7B,LoRA-v1,20330,2.9093381037567085,1.4811,2.792394993187508e-07,final trainer_log.jsonl
Qwen2.5-7B · LoRA-v1,Qwen2.5-7B,LoRA-v1,20340,2.9107692307692306,1.4831,2.705216829551216e-07,final trainer_log.jsonl
Qwen2.5-7B · LoRA-v1,Qwen2.5-7B,LoRA-v1,20350,2.912200357781753,1.3951,2.6194174867885113e-07,final trainer_log.jsonl
Qwen2.5-7B · LoRA-v1,Qwen2.5-7B,LoRA-v1,20360,2.9136314847942755,1.4231,2.534997202790379e-07,final trainer_log.jsonl
Qwen2.5-7B · LoRA-v1,Qwen2.5-7B,LoRA-v1,20370,2.915062611806798,1.3438,2.4519562116242513e-07,final trainer_log.jsonl
Qwen2.5-7B · LoRA-v1,Qwen2.5-7B,LoRA-v1,20380,2.9164937388193204,1.4927,2.3702947435329527e-07,final trainer_log.jsonl
Qwen2.5-7B · LoRA-v1,Qwen2.5-7B,LoRA-v1,20390,2.917924865831843,1.467,2.2900130249347008e-07,final trainer_log.jsonl
Qwen2.5-7B · LoRA-v1,Qwen2.5-7B,LoRA-v1,20400,2.919355992844365,1.3331,2.211111278422051e-07,final trainer_log.jsonl
Qwen2.5-7B · LoRA-v1,Qwen2.5-7B,LoRA-v1,20410,2.9207871198568873,1.5325,2.1335897227613423e-07,final trainer_log.jsonl
Qwen2.5-7B · LoRA-v1,Qwen2.5-7B,LoRA-v1,20420,2.92221824686941,1.6013,2.05744857289214e-07,final trainer_log.jsonl
Qwen2.5-7B · LoRA-v1,Qwen2.5-7B,LoRA-v1,20430,2.923649373881932,1.5512,1.9826880399266278e-07,final trainer_log.jsonl
Qwen2.5-7B · LoRA-v1,Qwen2.5-7B,LoRA-v1,20440,2.9250805008944543,1.4125,1.9093083311492176e-07,final trainer_log.jsonl
Qwen2.5-7B · LoRA-v1,Qwen2.5-7B,LoRA-v1,20450,2.9265116279069767,1.4194,1.837309650015495e-07,final trainer_log.jsonl
Qwen2.5-7B · LoRA-v1,Qwen2.5-7B,LoRA-v1,20460,2.927942754919499,1.5503,1.7666921961521642e-07,final trainer_log.jsonl
Qwen2.5-7B · LoRA-v1,Qwen2.5-7B,LoRA-v1,20470,2.9293738819320216,1.419,1.697456165356215e-07,final trainer_log.jsonl
Qwen2.5-7B · LoRA-v1,Qwen2.5-7B,LoRA-v1,20480,2.930805008944544,1.5728,1.6296017495944226e-07,final trainer_log.jsonl
Qwen2.5-7B · LoRA-v1,Qwen2.5-7B,LoRA-v1,20490,2.932236135957066,1.4145,1.56312913700285e-07,final trainer_log.jsonl
Qwen2.5-7B · LoRA-v1,Qwen2.5-7B,LoRA-v1,20500,2.9336672629695886,1.3809,1.498038511886346e-07,final trainer_log.jsonl
Qwen2.5-7B · LoRA-v1,Qwen2.5-7B,LoRA-v1,20510,2.935098389982111,1.5373,1.4343300547179362e-07,final trainer_log.jsonl
Qwen2.5-7B · LoRA-v1,Qwen2.5-7B,LoRA-v1,20520,2.936529516994633,1.5263,1.3720039421384335e-07,final trainer_log.jsonl
Qwen2.5-7B · LoRA-v1,Qwen2.5-7B,LoRA-v1,20530,2.9379606440071555,1.5814,1.3110603469558835e-07,final trainer_log.jsonl
Qwen2.5-7B · LoRA-v1,Qwen2.5-7B,LoRA-v1,20540,2.939391771019678,1.4955,1.251499438145176e-07,final trainer_log.jsonl
Qwen2.5-7B · LoRA-v1,Qwen2.5-7B,LoRA-v1,20550,2.9408228980322004,1.5036,1.193321380847323e-07,final trainer_log.jsonl
Qwen2.5-7B · LoRA-v1,Qwen2.5-7B,LoRA-v1,20560,2.942254025044723,1.2734,1.1365263363694589e-07,final trainer_log.jsonl
Qwen2.5-7B · LoRA-v1,Qwen2.5-7B,LoRA-v1,20570,2.9436851520572453,1.4215,1.0811144621838964e-07,final trainer_log.jsonl
Qwen2.5-7B · LoRA-v1,Qwen2.5-7B,LoRA-v1,20580,2.9451162790697674,1.492,1.0270859119279608e-07,final trainer_log.jsonl
Qwen2.5-7B · LoRA-v1,Qwen2.5-7B,LoRA-v1,20590,2.94654740608229,1.4638,9.744408354034895e-08,final trainer_log.jsonl
Qwen2.5-7B · LoRA-v1,Qwen2.5-7B,LoRA-v1,20600,2.9479785330948123,1.3322,9.231793785765552e-08,final trainer_log.jsonl
Qwen2.5-7B · LoRA-v1,Qwen2.5-7B,LoRA-v1,20610,2.9494096601073343,1.6073,8.733016835769103e-08,final trainer_log.jsonl
Qwen2.5-7B · LoRA-v1,Qwen2.5-7B,LoRA-v1,20620,2.9508407871198568,1.4274,8.248078886974875e-08,final trainer_log.jsonl
Qwen2.5-7B · LoRA-v1,Qwen2.5-7B,LoRA-v1,20630,2.952271914132379,1.5085,7.776981283942886e-08,final trainer_log.jsonl
Qwen2.5-7B · LoRA-v1,Qwen2.5-7B,LoRA-v1,20640,2.9537030411449017,1.5081,7.319725332859407e-08,final trainer_log.jsonl
Qwen2.5-7B · LoRA-v1,Qwen2.5-7B,LoRA-v1,20650,2.955134168157424,1.6783,6.876312301530852e-08,final trainer_log.jsonl
Qwen2.5-7B · LoRA-v1,Qwen2.5-7B,LoRA-v1,20660,2.9565652951699466,1.5084,6.446743419384337e-08,final trainer_log.jsonl
Qwen2.5-7B · LoRA-v1,Qwen2.5-7B,LoRA-v1,20670,2.9579964221824686,1.5564,6.031019877459909e-08,final trainer_log.jsonl
Qwen2.5-7B · LoRA-v1,Qwen2.5-7B,LoRA-v1,20680,2.959427549194991,1.5349,5.629142828411094e-08,final trainer_log.jsonl
Qwen2.5-7B · LoRA-v1,Qwen2.5-7B,LoRA-v1,20690,2.9608586762075135,1.549,5.2411133864993525e-08,final trainer_log.jsonl
Qwen2.5-7B · LoRA-v1,Qwen2.5-7B,LoRA-v1,20700,2.9622898032200355,1.5222,4.866932627591858e-08,final trainer_log.jsonl
Qwen2.5-7B · LoRA-v1,Qwen2.5-7B,LoRA-v1,20710,2.963720930232558,1.4951,4.506601589158166e-08,final trainer_log.jsonl
Qwen2.5-7B · LoRA-v1,Qwen2.5-7B,LoRA-v1,20720,2.9651520572450805,1.5527,4.1601212702679916e-08,final trainer_log.jsonl
Qwen2.5-7B · LoRA-v1,Qwen2.5-7B,LoRA-v1,20730,2.966583184257603,1.4326,3.827492631586771e-08,final trainer_log.jsonl
Qwen2.5-7B · LoRA-v1,Qwen2.5-7B,LoRA-v1,20740,2.9680143112701254,1.4262,3.5087165953751057e-08,final trainer_log.jsonl
Qwen2.5-7B · LoRA-v1,Qwen2.5-7B,LoRA-v1,20750,2.969445438282648,1.5185,3.203794045485986e-08,final trainer_log.jsonl
Qwen2.5-7B · LoRA-v1,Qwen2.5-7B,LoRA-v1,20760,2.97087656529517,1.5668,2.9127258273597968e-08,final trainer_log.jsonl
Qwen2.5-7B · LoRA-v1,Qwen2.5-7B,LoRA-v1,20770,2.9723076923076923,1.5444,2.635512748024871e-08,final trainer_log.jsonl
Qwen2.5-7B · LoRA-v1,Qwen2.5-7B,LoRA-v1,20780,2.9737388193202148,1.3585,2.3721555760947145e-08,final trainer_log.jsonl
Qwen2.5-7B · LoRA-v1,Qwen2.5-7B,LoRA-v1,20790,2.975169946332737,1.4766,2.122655041764676e-08,final trainer_log.jsonl
Qwen2.5-7B · LoRA-v1,Qwen2.5-7B,LoRA-v1,20800,2.9766010733452593,1.4117,1.8870118368097266e-08,final trainer_log.jsonl
Qwen2.5-7B · LoRA-v1,Qwen2.5-7B,LoRA-v1,20810,2.9780322003577817,1.5614,1.665226614585569e-08,final trainer_log.jsonl
Qwen2.5-7B · LoRA-v1,Qwen2.5-7B,LoRA-v1,20820,2.979463327370304,1.5243,1.4572999900225315e-08,final trainer_log.jsonl
Qwen2.5-7B · LoRA-v1,Qwen2.5-7B,LoRA-v1,20830,2.9808944543828266,1.3267,1.2632325396272348e-08,final trainer_log.jsonl
Qwen2.5-7B · LoRA-v1,Qwen2.5-7B,LoRA-v1,20840,2.982325581395349,1.5761,1.08302480147926e-08,final trainer_log.jsonl
Qwen2.5-7B · LoRA-v1,Qwen2.5-7B,LoRA-v1,20850,2.983756708407871,1.4506,9.16677275230593e-09,final trainer_log.jsonl
Qwen2.5-7B · LoRA-v1,Qwen2.5-7B,LoRA-v1,20860,2.9851878354203936,1.7553,7.641904221034057e-09,final trainer_log.jsonl
Qwen2.5-7B · LoRA-v1,Qwen2.5-7B,LoRA-v1,20870,2.986618962432916,1.524,6.255646648889446e-09,final trainer_log.jsonl
Qwen2.5-7B · LoRA-v1,Qwen2.5-7B,LoRA-v1,20880,2.988050089445438,1.5206,5.008003879480861e-09,final trainer_log.jsonl
Qwen2.5-7B · LoRA-v1,Qwen2.5-7B,LoRA-v1,20890,2.9894812164579605,1.4898,3.898979372063405e-09,final trainer_log.jsonl
Qwen2.5-7B · LoRA-v1,Qwen2.5-7B,LoRA-v1,20900,2.990912343470483,1.6956,2.92857620156628e-09,final trainer_log.jsonl
Qwen2.5-7B · LoRA-v1,Qwen2.5-7B,LoRA-v1,20910,2.9923434704830054,1.5225,2.0967970585816787e-09,final trainer_log.jsonl
Qwen2.5-7B · LoRA-v1,Qwen2.5-7B,LoRA-v1,20920,2.993774597495528,1.4087,1.4036442493314816e-09,final trainer_log.jsonl
Qwen2.5-7B · LoRA-v1,Qwen2.5-7B,LoRA-v1,20930,2.9952057245080503,1.3936,8.491196956728064e-10,final trainer_log.jsonl
Qwen2.5-7B · LoRA-v1,Qwen2.5-7B,LoRA-v1,20940,2.9966368515205724,1.4312,4.332249351146622e-10,final trainer_log.jsonl
Qwen2.5-7B · LoRA-v1,Qwen2.5-7B,LoRA-v1,20950,2.998067978533095,1.4997,1.559611207846423e-10,final trainer_log.jsonl
Qwen2.5-7B · LoRA-v1,Qwen2.5-7B,LoRA-v1,20960,2.9994991055456173,1.3763,1.7329021428924564e-11,final trainer_log.jsonl
Qwen2.5-7B · LoRA-v2,Qwen2.5-7B,LoRA-v2,10,0.0028622540250447226,2.3253,8.579599618684462e-07,trainer_state_qwen2.5v2.json
Qwen2.5-7B · LoRA-v2,Qwen2.5-7B,LoRA-v2,20,0.005724508050089445,2.3573,1.811248808388942e-06,trainer_state_qwen2.5v2.json
Qwen2.5-7B · LoRA-v2,Qwen2.5-7B,LoRA-v2,30,0.008586762075134168,2.1819,2.7645376549094376e-06,trainer_state_qwen2.5v2.json
Qwen2.5-7B · LoRA-v2,Qwen2.5-7B,LoRA-v2,40,0.01144901610017889,2.3595,3.7178265014299337e-06,trainer_state_qwen2.5v2.json
Qwen2.5-7B · LoRA-v2,Qwen2.5-7B,LoRA-v2,50,0.014311270125223614,2.2921,4.671115347950429e-06,trainer_state_qwen2.5v2.json
Qwen2.5-7B · LoRA-v2,Qwen2.5-7B,LoRA-v2,60,0.017173524150268335,2.2123,5.624404194470925e-06,trainer_state_qwen2.5v2.json
Qwen2.5-7B · LoRA-v2,Qwen2.5-7B,LoRA-v2,70,0.02003577817531306,2.307,6.57769304099142e-06,trainer_state_qwen2.5v2.json
Qwen2.5-7B · LoRA-v2,Qwen2.5-7B,LoRA-v2,80,0.02289803220035778,2.2908,7.530981887511916e-06,trainer_state_qwen2.5v2.json
Qwen2.5-7B · LoRA-v2,Qwen2.5-7B,LoRA-v2,90,0.025760286225402506,2.0615,8.484270734032412e-06,trainer_state_qwen2.5v2.json
Qwen2.5-7B · LoRA-v2,Qwen2.5-7B,LoRA-v2,100,0.028622540250447227,2.108,9.437559580552908e-06,trainer_state_qwen2.5v2.json
Qwen2.5-7B · LoRA-v2,Qwen2.5-7B,LoRA-v2,110,0.03148479427549195,2.034,1.0390848427073404e-05,trainer_state_qwen2.5v2.json
Qwen2.5-7B · LoRA-v2,Qwen2.5-7B,LoRA-v2,120,0.03434704830053667,2.1212,1.13441372735939e-05,trainer_state_qwen2.5v2.json
Qwen2.5-7B · LoRA-v2,Qwen2.5-7B,LoRA-v2,130,0.037209302325581395,2.0423,1.2297426120114396e-05,trainer_state_qwen2.5v2.json
Qwen2.5-7B · LoRA-v2,Qwen2.5-7B,LoRA-v2,140,0.04007155635062612,2.065,1.3250714966634892e-05,trainer_state_qwen2.5v2.json
Qwen2.5-7B · LoRA-v2,Qwen2.5-7B,LoRA-v2,150,0.04293381037567084,2.1075,1.4204003813155387e-05,trainer_state_qwen2.5v2.json
Qwen2.5-7B · LoRA-v2,Qwen2.5-7B,LoRA-v2,160,0.04579606440071556,2.0931,1.5157292659675881e-05,trainer_state_qwen2.5v2.json
Qwen2.5-7B · LoRA-v2,Qwen2.5-7B,LoRA-v2,170,0.04865831842576029,1.9797,1.611058150619638e-05,trainer_state_qwen2.5v2.json
Qwen2.5-7B · LoRA-v2,Qwen2.5-7B,LoRA-v2,180,0.05152057245080501,2.0391,1.7063870352716875e-05,trainer_state_qwen2.5v2.json
Qwen2.5-7B · LoRA-v2,Qwen2.5-7B,LoRA-v2,190,0.05438282647584973,1.9312,1.801715919923737e-05,trainer_state_qwen2.5v2.json
Qwen2.5-7B · LoRA-v2,Qwen2.5-7B,LoRA-v2,200,0.057245080500894455,1.9805,1.8970448045757867e-05,trainer_state_qwen2.5v2.json
Qwen2.5-7B · LoRA-v2,Qwen2.5-7B,LoRA-v2,210,0.06010733452593918,1.8415,1.992373689227836e-05,trainer_state_qwen2.5v2.json
Qwen2.5-7B · LoRA-v2,Qwen2.5-7B,LoRA-v2,220,0.0629695885509839,1.8884,2.087702573879886e-05,trainer_state_qwen2.5v2.json
Qwen2.5-7B · LoRA-v2,Qwen2.5-7B,LoRA-v2,230,0.06583184257602863,1.9833,2.183031458531935e-05,trainer_state_qwen2.5v2.json
Qwen2.5-7B · LoRA-v2,Qwen2.5-7B,LoRA-v2,240,0.06869409660107334,1.9511,2.2783603431839848e-05,trainer_state_qwen2.5v2.json
Qwen2.5-7B · LoRA-v2,Qwen2.5-7B,LoRA-v2,250,0.07155635062611806,1.8224,2.3736892278360344e-05,trainer_state_qwen2.5v2.json
Qwen2.5-7B · LoRA-v2,Qwen2.5-7B,LoRA-v2,260,0.07441860465116279,1.8367,2.469018112488084e-05,trainer_state_qwen2.5v2.json
Qwen2.5-7B · LoRA-v2,Qwen2.5-7B,LoRA-v2,270,0.07728085867620751,1.9101,2.5643469971401336e-05,trainer_state_qwen2.5v2.json
Qwen2.5-7B · LoRA-v2,Qwen2.5-7B,LoRA-v2,280,0.08014311270125224,1.7688,2.659675881792183e-05,trainer_state_qwen2.5v2.json
Qwen2.5-7B · LoRA-v2,Qwen2.5-7B,LoRA-v2,290,0.08300536672629696,1.9239,2.755004766444233e-05,trainer_state_qwen2.5v2.json
Qwen2.5-7B · LoRA-v2,Qwen2.5-7B,LoRA-v2,300,0.08586762075134168,1.8003,2.8503336510962824e-05,trainer_state_qwen2.5v2.json
Qwen2.5-7B · LoRA-v2,Qwen2.5-7B,LoRA-v2,310,0.0887298747763864,1.8613,2.945662535748332e-05,trainer_state_qwen2.5v2.json
Qwen2.5-7B · LoRA-v2,Qwen2.5-7B,LoRA-v2,320,0.09159212880143112,1.8819,3.0409914204003813e-05,trainer_state_qwen2.5v2.json
Qwen2.5-7B · LoRA-v2,Qwen2.5-7B,LoRA-v2,330,0.09445438282647585,1.8161,3.136320305052431e-05,trainer_state_qwen2.5v2.json
Qwen2.5-7B · LoRA-v2,Qwen2.5-7B,LoRA-v2,340,0.09731663685152057,1.8969,3.2316491897044805e-05,trainer_state_qwen2.5v2.json
Qwen2.5-7B · LoRA-v2,Qwen2.5-7B,LoRA-v2,350,0.1001788908765653,1.7319,3.32697807435653e-05,trainer_state_qwen2.5v2.json
Qwen2.5-7B · LoRA-v2,Qwen2.5-7B,LoRA-v2,360,0.10304114490161002,1.9101,3.42230695900858e-05,trainer_state_qwen2.5v2.json
Qwen2.5-7B · LoRA-v2,Qwen2.5-7B,LoRA-v2,370,0.10590339892665473,1.8869,3.517635843660629e-05,trainer_state_qwen2.5v2.json
Qwen2.5-7B · LoRA-v2,Qwen2.5-7B,LoRA-v2,380,0.10876565295169946,1.9284,3.612964728312679e-05,trainer_state_qwen2.5v2.json
Qwen2.5-7B · LoRA-v2,Qwen2.5-7B,LoRA-v2,390,0.11162790697674418,1.8695,3.7082936129647285e-05,trainer_state_qwen2.5v2.json
Qwen2.5-7B · LoRA-v2,Qwen2.5-7B,LoRA-v2,400,0.11449016100178891,1.9296,3.803622497616778e-05,trainer_state_qwen2.5v2.json
Qwen2.5-7B · LoRA-v2,Qwen2.5-7B,LoRA-v2,410,0.11735241502683363,1.7378,3.898951382268828e-05,trainer_state_qwen2.5v2.json
Qwen2.5-7B · LoRA-v2,Qwen2.5-7B,LoRA-v2,420,0.12021466905187836,1.8402,3.994280266920877e-05,trainer_state_qwen2.5v2.json
Qwen2.5-7B · LoRA-v2,Qwen2.5-7B,LoRA-v2,430,0.12307692307692308,1.905,4.089609151572927e-05,trainer_state_qwen2.5v2.json
Qwen2.5-7B · LoRA-v2,Qwen2.5-7B,LoRA-v2,440,0.1259391771019678,1.8824,4.1849380362249765e-05,trainer_state_qwen2.5v2.json
Qwen2.5-7B · LoRA-v2,Qwen2.5-7B,LoRA-v2,450,0.12880143112701253,1.7455,4.2802669208770255e-05,trainer_state_qwen2.5v2.json
Qwen2.5-7B · LoRA-v2,Qwen2.5-7B,LoRA-v2,460,0.13166368515205726,1.8622,4.375595805529076e-05,trainer_state_qwen2.5v2.json
Qwen2.5-7B · LoRA-v2,Qwen2.5-7B,LoRA-v2,470,0.13452593917710196,1.9013,4.4709246901811254e-05,trainer_state_qwen2.5v2.json
Qwen2.5-7B · LoRA-v2,Qwen2.5-7B,LoRA-v2,480,0.13738819320214668,1.946,4.566253574833175e-05,trainer_state_qwen2.5v2.json
Qwen2.5-7B · LoRA-v2,Qwen2.5-7B,LoRA-v2,490,0.1402504472271914,1.9267,4.661582459485224e-05,trainer_state_qwen2.5v2.json
Qwen2.5-7B · LoRA-v2,Qwen2.5-7B,LoRA-v2,500,0.14311270125223613,1.9724,4.7569113441372735e-05,trainer_state_qwen2.5v2.json
Qwen2.5-7B · LoRA-v2,Qwen2.5-7B,LoRA-v2,510,0.14597495527728085,1.9284,4.852240228789323e-05,trainer_state_qwen2.5v2.json
Qwen2.5-7B · LoRA-v2,Qwen2.5-7B,LoRA-v2,520,0.14883720930232558,1.8568,4.9475691134413734e-05,trainer_state_qwen2.5v2.json
Qwen2.5-7B · LoRA-v2,Qwen2.5-7B,LoRA-v2,530,0.1516994633273703,1.896,5.042897998093422e-05,trainer_state_qwen2.5v2.json
Qwen2.5-7B · LoRA-v2,Qwen2.5-7B,LoRA-v2,540,0.15456171735241503,1.8064,5.138226882745472e-05,trainer_state_qwen2.5v2.json
Qwen2.5-7B · LoRA-v2,Qwen2.5-7B,LoRA-v2,550,0.15742397137745975,1.8852,5.233555767397522e-05,trainer_state_qwen2.5v2.json
Qwen2.5-7B · LoRA-v2,Qwen2.5-7B,LoRA-v2,560,0.16028622540250448,1.8807,5.328884652049572e-05,trainer_state_qwen2.5v2.json
Qwen2.5-7B · LoRA-v2,Qwen2.5-7B,LoRA-v2,570,0.1631484794275492,1.8106,5.4242135367016214e-05,trainer_state_qwen2.5v2.json
Qwen2.5-7B · LoRA-v2,Qwen2.5-7B,LoRA-v2,580,0.16601073345259393,1.8831,5.5195424213536704e-05,trainer_state_qwen2.5v2.json
Qwen2.5-7B · LoRA-v2,Qwen2.5-7B,LoRA-v2,590,0.16887298747763865,1.7726,5.61487130600572e-05,trainer_state_qwen2.5v2.json
Qwen2.5-7B · LoRA-v2,Qwen2.5-7B,LoRA-v2,600,0.17173524150268335,1.7726,5.7102001906577696e-05,trainer_state_qwen2.5v2.json
Qwen2.5-7B · LoRA-v2,Qwen2.5-7B,LoRA-v2,610,0.17459749552772807,1.8081,5.805529075309819e-05,trainer_state_qwen2.5v2.json
Qwen2.5-7B · LoRA-v2,Qwen2.5-7B,LoRA-v2,620,0.1774597495527728,1.8221,5.900857959961869e-05,trainer_state_qwen2.5v2.json
Qwen2.5-7B · LoRA-v2,Qwen2.5-7B,LoRA-v2,630,0.18032200357781752,1.8609,5.996186844613918e-05,trainer_state_qwen2.5v2.json
Qwen2.5-7B · LoRA-v2,Qwen2.5-7B,LoRA-v2,640,0.18318425760286225,1.8796,6.091515729265967e-05,trainer_state_qwen2.5v2.json
Qwen2.5-7B · LoRA-v2,Qwen2.5-7B,LoRA-v2,650,0.18604651162790697,1.7816,6.186844613918018e-05,trainer_state_qwen2.5v2.json
Qwen2.5-7B · LoRA-v2,Qwen2.5-7B,LoRA-v2,660,0.1889087656529517,1.889,6.282173498570068e-05,trainer_state_qwen2.5v2.json
Qwen2.5-7B · LoRA-v2,Qwen2.5-7B,LoRA-v2,670,0.19177101967799642,1.7482,6.377502383222117e-05,trainer_state_qwen2.5v2.json
Qwen2.5-7B · LoRA-v2,Qwen2.5-7B,LoRA-v2,680,0.19463327370304115,1.7287,6.472831267874167e-05,trainer_state_qwen2.5v2.json
Qwen2.5-7B · LoRA-v2,Qwen2.5-7B,LoRA-v2,690,0.19749552772808587,1.7823,6.568160152526216e-05,trainer_state_qwen2.5v2.json
Qwen2.5-7B · LoRA-v2,Qwen2.5-7B,LoRA-v2,700,0.2003577817531306,1.7508,6.663489037178265e-05,trainer_state_qwen2.5v2.json
Qwen2.5-7B · LoRA-v2,Qwen2.5-7B,LoRA-v2,710,0.20322003577817532,1.7278,6.758817921830315e-05,trainer_state_qwen2.5v2.json
Qwen2.5-7B · LoRA-v2,Qwen2.5-7B,LoRA-v2,720,0.20608228980322005,1.752,6.854146806482364e-05,trainer_state_qwen2.5v2.json
Qwen2.5-7B · LoRA-v2,Qwen2.5-7B,LoRA-v2,730,0.20894454382826474,1.8523,6.949475691134414e-05,trainer_state_qwen2.5v2.json
Qwen2.5-7B · LoRA-v2,Qwen2.5-7B,LoRA-v2,740,0.21180679785330947,1.7986,7.044804575786463e-05,trainer_state_qwen2.5v2.json
Qwen2.5-7B · LoRA-v2,Qwen2.5-7B,LoRA-v2,750,0.2146690518783542,1.8319,7.140133460438512e-05,trainer_state_qwen2.5v2.json
Qwen2.5-7B · LoRA-v2,Qwen2.5-7B,LoRA-v2,760,0.21753130590339892,1.7952,7.235462345090563e-05,trainer_state_qwen2.5v2.json
Qwen2.5-7B · LoRA-v2,Qwen2.5-7B,LoRA-v2,770,0.22039355992844364,1.9355,7.330791229742613e-05,trainer_state_qwen2.5v2.json
Qwen2.5-7B · LoRA-v2,Qwen2.5-7B,LoRA-v2,780,0.22325581395348837,1.8801,7.426120114394662e-05,trainer_state_qwen2.5v2.json
Qwen2.5-7B · LoRA-v2,Qwen2.5-7B,LoRA-v2,790,0.2261180679785331,1.737,7.521448999046712e-05,trainer_state_qwen2.5v2.json
Qwen2.5-7B · LoRA-v2,Qwen2.5-7B,LoRA-v2,800,0.22898032200357782,1.7201,7.616777883698761e-05,trainer_state_qwen2.5v2.json
Qwen2.5-7B · LoRA-v2,Qwen2.5-7B,LoRA-v2,810,0.23184257602862254,1.7162,7.712106768350811e-05,trainer_state_qwen2.5v2.json
Qwen2.5-7B · LoRA-v2,Qwen2.5-7B,LoRA-v2,820,0.23470483005366727,1.8103,7.80743565300286e-05,trainer_state_qwen2.5v2.json
Qwen2.5-7B · LoRA-v2,Qwen2.5-7B,LoRA-v2,830,0.237567084078712,1.8631,7.902764537654909e-05,trainer_state_qwen2.5v2.json
Qwen2.5-7B · LoRA-v2,Qwen2.5-7B,LoRA-v2,840,0.24042933810375672,1.7951,7.99809342230696e-05,trainer_state_qwen2.5v2.json
Qwen2.5-7B · LoRA-v2,Qwen2.5-7B,LoRA-v2,850,0.24329159212880144,1.7228,8.093422306959008e-05,trainer_state_qwen2.5v2.json
Qwen2.5-7B · LoRA-v2,Qwen2.5-7B,LoRA-v2,860,0.24615384615384617,1.8692,8.188751191611059e-05,trainer_state_qwen2.5v2.json
Qwen2.5-7B · LoRA-v2,Qwen2.5-7B,LoRA-v2,870,0.24901610017889086,1.7025,8.284080076263108e-05,trainer_state_qwen2.5v2.json
Qwen2.5-7B · LoRA-v2,Qwen2.5-7B,LoRA-v2,880,0.2518783542039356,1.9278,8.379408960915157e-05,trainer_state_qwen2.5v2.json
Qwen2.5-7B · LoRA-v2,Qwen2.5-7B,LoRA-v2,890,0.2547406082289803,1.8287,8.474737845567208e-05,trainer_state_qwen2.5v2.json
Qwen2.5-7B · LoRA-v2,Qwen2.5-7B,LoRA-v2,900,0.25760286225402507,1.9987,8.570066730219257e-05,trainer_state_qwen2.5v2.json
Qwen2.5-7B · LoRA-v2,Qwen2.5-7B,LoRA-v2,910,0.26046511627906976,1.8651,8.665395614871307e-05,trainer_state_qwen2.5v2.json
Qwen2.5-7B · LoRA-v2,Qwen2.5-7B,LoRA-v2,920,0.2633273703041145,1.9775,8.760724499523356e-05,trainer_state_qwen2.5v2.json
Qwen2.5-7B · LoRA-v2,Qwen2.5-7B,LoRA-v2,930,0.2661896243291592,1.8704,8.856053384175405e-05,trainer_state_qwen2.5v2.json
Qwen2.5-7B · LoRA-v2,Qwen2.5-7B,LoRA-v2,940,0.2690518783542039,1.7529,8.951382268827455e-05,trainer_state_qwen2.5v2.json
Qwen2.5-7B · LoRA-v2,Qwen2.5-7B,LoRA-v2,950,0.27191413237924866,1.9001,9.046711153479504e-05,trainer_state_qwen2.5v2.json
Qwen2.5-7B · LoRA-v2,Qwen2.5-7B,LoRA-v2,960,0.27477638640429336,1.8236,9.142040038131555e-05,trainer_state_qwen2.5v2.json
Qwen2.5-7B · LoRA-v2,Qwen2.5-7B,LoRA-v2,970,0.2776386404293381,1.7861,9.237368922783604e-05,trainer_state_qwen2.5v2.json
Qwen2.5-7B · LoRA-v2,Qwen2.5-7B,LoRA-v2,980,0.2805008944543828,1.755,9.332697807435653e-05,trainer_state_qwen2.5v2.json
Qwen2.5-7B · LoRA-v2,Qwen2.5-7B,LoRA-v2,990,0.28336314847942756,1.6894,9.428026692087703e-05,trainer_state_qwen2.5v2.json
Qwen2.5-7B · LoRA-v2,Qwen2.5-7B,LoRA-v2,1000,0.28622540250447226,1.784,9.523355576739753e-05,trainer_state_qwen2.5v2.json
Qwen2.5-7B · LoRA-v2,Qwen2.5-7B,LoRA-v2,1010,0.289087656529517,1.9206,9.618684461391802e-05,trainer_state_qwen2.5v2.json
Qwen2.5-7B · LoRA-v2,Qwen2.5-7B,LoRA-v2,1020,0.2919499105545617,1.6822,9.714013346043852e-05,trainer_state_qwen2.5v2.json
Qwen2.5-7B · LoRA-v2,Qwen2.5-7B,LoRA-v2,1030,0.29481216457960646,1.8444,9.809342230695901e-05,trainer_state_qwen2.5v2.json
Qwen2.5-7B · LoRA-v2,Qwen2.5-7B,LoRA-v2,1040,0.29767441860465116,1.704,9.904671115347952e-05,trainer_state_qwen2.5v2.json
Qwen2.5-7B · LoRA-v2,Qwen2.5-7B,LoRA-v2,1050,0.3005366726296959,1.8027,0.0001,trainer_state_qwen2.5v2.json
Qwen2.5-7B · LoRA-v2,Qwen2.5-7B,LoRA-v2,1060,0.3033989266547406,1.6373,9.999972270650364e-05,trainer_state_qwen2.5v2.json
Qwen2.5-7B · LoRA-v2,Qwen2.5-7B,LoRA-v2,1070,0.3062611806797853,1.8062,9.999889082909022e-05,trainer_state_qwen2.5v2.json
Qwen2.5-7B · LoRA-v2,Qwen2.5-7B,LoRA-v2,1080,0.30912343470483006,1.7386,9.999750437698672e-05,trainer_state_qwen2.5v2.json
Qwen2.5-7B · LoRA-v2,Qwen2.5-7B,LoRA-v2,1090,0.31198568872987475,1.8971,9.99955633655713e-05,trainer_state_qwen2.5v2.json
Qwen2.5-7B · LoRA-v2,Qwen2.5-7B,LoRA-v2,1100,0.3148479427549195,1.7888,9.999306781637314e-05,trainer_state_qwen2.5v2.json
Qwen2.5-7B · LoRA-v2,Qwen2.5-7B,LoRA-v2,1110,0.3177101967799642,1.9033,9.999001775707226e-05,trainer_state_qwen2.5v2.json
Qwen2.5-7B · LoRA-v2,Qwen2.5-7B,LoRA-v2,1120,0.32057245080500896,1.7415,9.998641322149907e-05,trainer_state_qwen2.5v2.json
Qwen2.5-7B · LoRA-v2,Qwen2.5-7B,LoRA-v2,1130,0.32343470483005365,1.8285,9.998225424963418e-05,trainer_state_qwen2.5v2.json
Qwen2.5-7B · LoRA-v2,Qwen2.5-7B,LoRA-v2,1140,0.3262969588550984,1.7846,9.997754088760782e-05,trainer_state_qwen2.5v2.json
Qwen2.5-7B · LoRA-v2,Qwen2.5-7B,LoRA-v2,1150,0.3291592128801431,1.7596,9.997227318769937e-05,trainer_state_qwen2.5v2.json
Qwen2.5-7B · LoRA-v2,Qwen2.5-7B,LoRA-v2,1160,0.33202146690518786,1.7674,9.996645120833679e-05,trainer_state_qwen2.5v2.json
Qwen2.5-7B · LoRA-v2,Qwen2.5-7B,LoRA-v2,1170,0.33488372093023255,1.9263,9.996007501409594e-05,trainer_state_qwen2.5v2.json
Qwen2.5-7B · LoRA-v2,Qwen2.5-7B,LoRA-v2,1180,0.3377459749552773,1.7576,9.995314467569994e-05,trainer_state_qwen2.5v2.json
Qwen2.5-7B · LoRA-v2,Qwen2.5-7B,LoRA-v2,1190,0.340608228980322,1.7488,9.994566027001829e-05,trainer_state_qwen2.5v2.json
Qwen2.5-7B · LoRA-v2,Qwen2.5-7B,LoRA-v2,1200,0.3434704830053667,1.8173,9.993762188006604e-05,trainer_state_qwen2.5v2.json
Qwen2.5-7B · LoRA-v2,Qwen2.5-7B,LoRA-v2,1210,0.34633273703041145,2.4332,9.992902959500296e-05,trainer_state_qwen2.5v2.json
Qwen2.5-7B · LoRA-v2,Qwen2.5-7B,LoRA-v2,1220,0.34919499105545615,1.9477,9.991988351013244e-05,trainer_state_qwen2.5v2.json
Qwen2.5-7B · LoRA-v2,Qwen2.5-7B,LoRA-v2,1230,0.3520572450805009,1.7587,9.991018372690046e-05,trainer_state_qwen2.5v2.json
Qwen2.5-7B · LoRA-v2,Qwen2.5-7B,LoRA-v2,1240,0.3549194991055456,1.798,9.989993035289448e-05,trainer_state_qwen2.5v2.json
Qwen2.5-7B · LoRA-v2,Qwen2.5-7B,LoRA-v2,1250,0.35778175313059035,1.7605,9.988912350184228e-05,trainer_state_qwen2.5v2.json
Qwen2.5-7B · LoRA-v2,Qwen2.5-7B,LoRA-v2,1260,0.36064400715563505,2.6019,9.987776329361063e-05,trainer_state_qwen2.5v2.json
Qwen2.5-7B · LoRA-v2,Qwen2.5-7B,LoRA-v2,1270,0.3635062611806798,1.8956,9.9865849854204e-05,trainer_state_qwen2.5v2.json
Qwen2.5-7B · LoRA-v2,Qwen2.5-7B,LoRA-v2,1280,0.3663685152057245,1.8215,9.985338331576316e-05,trainer_state_qwen2.5v2.json
Qwen2.5-7B · LoRA-v2,Qwen2.5-7B,LoRA-v2,1290,0.36923076923076925,1.7243,9.984036381656373e-05,trainer_state_qwen2.5v2.json
Qwen2.5-7B · LoRA-v2,Qwen2.5-7B,LoRA-v2,1300,0.37209302325581395,1.6812,9.98267915010146e-05,trainer_state_qwen2.5v2.json
Qwen2.5-7B · LoRA-v2,Qwen2.5-7B,LoRA-v2,1310,0.3749552772808587,1.7452,9.981266651965635e-05,trainer_state_qwen2.5v2.json
Qwen2.5-7B · LoRA-v2,Qwen2.5-7B,LoRA-v2,1320,0.3778175313059034,1.8416,9.97979890291596e-05,trainer_state_qwen2.5v2.json
Qwen2.5-7B · LoRA-v2,Qwen2.5-7B,LoRA-v2,1330,0.3806797853309481,1.786,9.978275919232327e-05,trainer_state_qwen2.5v2.json
Qwen2.5-7B · LoRA-v2,Qwen2.5-7B,LoRA-v2,1340,0.38354203935599285,1.8776,9.976697717807275e-05,trainer_state_qwen2.5v2.json
Qwen2.5-7B · LoRA-v2,Qwen2.5-7B,LoRA-v2,1350,0.38640429338103754,1.6997,9.975064316145802e-05,trainer_state_qwen2.5v2.json
Qwen2.5-7B · LoRA-v2,Qwen2.5-7B,LoRA-v2,1360,0.3892665474060823,1.7682,9.973375732365175e-05,trainer_state_qwen2.5v2.json
Qwen2.5-7B · LoRA-v2,Qwen2.5-7B,LoRA-v2,1370,0.392128801431127,1.7203,9.971631985194727e-05,trainer_state_qwen2.5v2.json
Qwen2.5-7B · LoRA-v2,Qwen2.5-7B,LoRA-v2,1380,0.39499105545617175,1.8452,9.969833093975647e-05,trainer_state_qwen2.5v2.json
Qwen2.5-7B · LoRA-v2,Qwen2.5-7B,LoRA-v2,1390,0.39785330948121644,1.7514,9.96797907866077e-05,trainer_state_qwen2.5v2.json
Qwen2.5-7B · LoRA-v2,Qwen2.5-7B,LoRA-v2,1400,0.4007155635062612,1.8498,9.966069959814349e-05,trainer_state_qwen2.5v2.json
Qwen2.5-7B · LoRA-v2,Qwen2.5-7B,LoRA-v2,1410,0.4035778175313059,1.79,9.964105758611832e-05,trainer_state_qwen2.5v2.json
Qwen2.5-7B · LoRA-v2,Qwen2.5-7B,LoRA-v2,1420,0.40644007155635065,1.8027,9.962086496839633e-05,trainer_state_qwen2.5v2.json
Qwen2.5-7B · LoRA-v2,Qwen2.5-7B,LoRA-v2,1430,0.40930232558139534,1.8176,9.960012196894877e-05,trainer_state_qwen2.5v2.json
Qwen2.5-7B · LoRA-v2,Qwen2.5-7B,LoRA-v2,1440,0.4121645796064401,1.7975,9.957882881785156e-05,trainer_state_qwen2.5v2.json
Qwen2.5-7B · LoRA-v2,Qwen2.5-7B,LoRA-v2,1450,0.4150268336314848,1.7512,9.955698575128283e-05,trainer_state_qwen2.5v2.json
Qwen2.5-7B · LoRA-v2,Qwen2.5-7B,LoRA-v2,1460,0.4178890876565295,1.7893,9.953459301152016e-05,trainer_state_qwen2.5v2.json
Qwen2.5-7B · LoRA-v2,Qwen2.5-7B,LoRA-v2,1470,0.42075134168157424,1.8068,9.951165084693802e-05,trainer_state_qwen2.5v2.json
Qwen2.5-7B · LoRA-v2,Qwen2.5-7B,LoRA-v2,1480,0.42361359570661894,1.7418,9.948815951200492e-05,trainer_state_qwen2.5v2.json
Qwen2.5-7B · LoRA-v2,Qwen2.5-7B,LoRA-v2,1490,0.4264758497316637,1.6658,9.946411926728064e-05,trainer_state_qwen2.5v2.json
Qwen2.5-7B · LoRA-v2,Qwen2.5-7B,LoRA-v2,1500,0.4293381037567084,1.9378,9.943953037941332e-05,trainer_state_qwen2.5v2.json
Qwen2.5-7B · LoRA-v2,Qwen2.5-7B,LoRA-v2,1510,0.43220035778175314,1.7281,9.94143931211365e-05,trainer_state_qwen2.5v2.json
Qwen2.5-7B · LoRA-v2,Qwen2.5-7B,LoRA-v2,1520,0.43506261180679784,1.7612,9.938870777126612e-05,trainer_state_qwen2.5v2.json
Qwen2.5-7B · LoRA-v2,Qwen2.5-7B,LoRA-v2,1530,0.4379248658318426,1.797,9.936247461469739e-05,trainer_state_qwen2.5v2.json
Qwen2.5-7B · LoRA-v2,Qwen2.5-7B,LoRA-v2,1540,0.4407871198568873,1.8281,9.933569394240165e-05,trainer_state_qwen2.5v2.json
Qwen2.5-7B · LoRA-v2,Qwen2.5-7B,LoRA-v2,1550,0.44364937388193204,1.7234,9.930836605142317e-05,trainer_state_qwen2.5v2.json
Qwen2.5-7B · LoRA-v2,Qwen2.5-7B,LoRA-v2,1560,0.44651162790697674,1.8523,9.928049124487582e-05,trainer_state_qwen2.5v2.json
Qwen2.5-7B · LoRA-v2,Qwen2.5-7B,LoRA-v2,1570,0.4493738819320215,1.8758,9.925206983193966e-05,trainer_state_qwen2.5v2.json
Qwen2.5-7B · LoRA-v2,Qwen2.5-7B,LoRA-v2,1580,0.4522361359570662,1.7413,9.922310212785764e-05,trainer_state_qwen2.5v2.json
Qwen2.5-7B · LoRA-v2,Qwen2.5-7B,LoRA-v2,1590,0.4550983899821109,1.8212,9.919358845393198e-05,trainer_state_qwen2.5v2.json
Qwen2.5-7B · LoRA-v2,Qwen2.5-7B,LoRA-v2,1600,0.45796064400715564,1.8965,9.916352913752069e-05,trainer_state_qwen2.5v2.json
Qwen2.5-7B · LoRA-v2,Qwen2.5-7B,LoRA-v2,1610,0.46082289803220033,1.7528,9.913292451203389e-05,trainer_state_qwen2.5v2.json
Qwen2.5-7B · LoRA-v2,Qwen2.5-7B,LoRA-v2,1620,0.4636851520572451,1.7687,9.910177491693009e-05,trainer_state_qwen2.5v2.json
Qwen2.5-7B · LoRA-v2,Qwen2.5-7B,LoRA-v2,1630,0.4665474060822898,1.748,9.907008069771254e-05,trainer_state_qwen2.5v2.json
Qwen2.5-7B · LoRA-v2,Qwen2.5-7B,LoRA-v2,1640,0.46940966010733454,1.8906,9.903784220592525e-05,trainer_state_qwen2.5v2.json
Qwen2.5-7B · LoRA-v2,Qwen2.5-7B,LoRA-v2,1650,0.47227191413237923,1.8278,9.900505979914919e-05,trainer_state_qwen2.5v2.json
Qwen2.5-7B · LoRA-v2,Qwen2.5-7B,LoRA-v2,1660,0.475134168157424,1.6818,9.897173384099827e-05,trainer_state_qwen2.5v2.json
Qwen2.5-7B · LoRA-v2,Qwen2.5-7B,LoRA-v2,1670,0.4779964221824687,1.7645,9.893786470111538e-05,trainer_state_qwen2.5v2.json
Qwen2.5-7B · LoRA-v2,Qwen2.5-7B,LoRA-v2,1680,0.48085867620751344,1.7428,9.89034527551682e-05,trainer_state_qwen2.5v2.json
Qwen2.5-7B · LoRA-v2,Qwen2.5-7B,LoRA-v2,1690,0.48372093023255813,1.6965,9.886849838484506e-05,trainer_state_qwen2.5v2.json
Qwen2.5-7B · LoRA-v2,Qwen2.5-7B,LoRA-v2,1700,0.4865831842576029,1.6921,9.883300197785075e-05,trainer_state_qwen2.5v2.json
Qwen2.5-7B · LoRA-v2,Qwen2.5-7B,LoRA-v2,1710,0.4894454382826476,1.8026,9.879696392790221e-05,trainer_state_qwen2.5v2.json
Qwen2.5-7B · LoRA-v2,Qwen2.5-7B,LoRA-v2,1720,0.49230769230769234,1.7891,9.876038463472408e-05,trainer_state_qwen2.5v2.json
Qwen2.5-7B · LoRA-v2,Qwen2.5-7B,LoRA-v2,1730,0.49516994633273703,1.8139,9.872326450404438e-05,trainer_state_qwen2.5v2.json
Qwen2.5-7B · LoRA-v2,Qwen2.5-7B,LoRA-v2,1740,0.49803220035778173,1.7638,9.868560394758997e-05,trainer_state_qwen2.5v2.json
Qwen2.5-7B · LoRA-v2,Qwen2.5-7B,LoRA-v2,1750,0.5008944543828264,1.6874,9.864740338308188e-05,trainer_state_qwen2.5v2.json
Qwen2.5-7B · LoRA-v2,Qwen2.5-7B,LoRA-v2,1760,0.5037567084078712,1.7242,9.860866323423088e-05,trainer_state_qwen2.5v2.json
Qwen2.5-7B · LoRA-v2,Qwen2.5-7B,LoRA-v2,1770,0.5066189624329159,1.7993,9.856938393073262e-05,trainer_state_qwen2.5v2.json
Qwen2.5-7B · LoRA-v2,Qwen2.5-7B,LoRA-v2,1780,0.5094812164579606,1.8098,9.852956590826292e-05,trainer_state_qwen2.5v2.json
Qwen2.5-7B · LoRA-v2,Qwen2.5-7B,LoRA-v2,1790,0.5123434704830053,1.7665,9.84892096084729e-05,trainer_state_qwen2.5v2.json
Qwen2.5-7B · LoRA-v2,Qwen2.5-7B,LoRA-v2,1800,0.5152057245080501,1.9424,9.844831547898417e-05,trainer_state_qwen2.5v2.json
Qwen2.5-7B · LoRA-v2,Qwen2.5-7B,LoRA-v2,1810,0.5180679785330948,1.7158,9.840688397338373e-05,trainer_state_qwen2.5v2.json
Qwen2.5-7B · LoRA-v2,Qwen2.5-7B,LoRA-v2,1820,0.5209302325581395,1.7478,9.836491555121912e-05,trainer_state_qwen2.5v2.json
Qwen2.5-7B · LoRA-v2,Qwen2.5-7B,LoRA-v2,1830,0.5237924865831842,1.9253,9.832241067799313e-05,trainer_state_qwen2.5v2.json
Qwen2.5-7B · LoRA-v2,Qwen2.5-7B,LoRA-v2,1840,0.526654740608229,1.7494,9.827936982515875e-05,trainer_state_qwen2.5v2.json
Qwen2.5-7B · LoRA-v2,Qwen2.5-7B,LoRA-v2,1850,0.5295169946332737,1.7186,9.823579347011394e-05,trainer_state_qwen2.5v2.json
Qwen2.5-7B · LoRA-v2,Qwen2.5-7B,LoRA-v2,1860,0.5323792486583184,1.8052,9.819168209619629e-05,trainer_state_qwen2.5v2.json
Qwen2.5-7B · LoRA-v2,Qwen2.5-7B,LoRA-v2,1870,0.5352415026833631,1.6119,9.814703619267766e-05,trainer_state_qwen2.5v2.json
Qwen2.5-7B · LoRA-v2,Qwen2.5-7B,LoRA-v2,1880,0.5381037567084078,1.8072,9.810185625475886e-05,trainer_state_qwen2.5v2.json
Qwen2.5-7B · LoRA-v2,Qwen2.5-7B,LoRA-v2,1890,0.5409660107334526,1.8976,9.805614278356393e-05,trainer_state_qwen2.5v2.json
Qwen2.5-7B · LoRA-v2,Qwen2.5-7B,LoRA-v2,1900,0.5438282647584973,1.7066,9.800989628613485e-05,trainer_state_qwen2.5v2.json
Qwen2.5-7B · LoRA-v2,Qwen2.5-7B,LoRA-v2,1910,0.546690518783542,1.7487,9.796311727542572e-05,trainer_state_qwen2.5v2.json
Qwen2.5-7B · LoRA-v2,Qwen2.5-7B,LoRA-v2,1920,0.5495527728085867,1.7325,9.791580627029716e-05,trainer_state_qwen2.5v2.json
Qwen2.5-7B · LoRA-v2,Qwen2.5-7B,LoRA-v2,1930,0.5524150268336315,1.7119,9.786796379551054e-05,trainer_state_qwen2.5v2.json
Qwen2.5-7B · LoRA-v2,Qwen2.5-7B,LoRA-v2,1940,0.5552772808586762,1.7376,9.781959038172214e-05,trainer_state_qwen2.5v2.json
Qwen2.5-7B · LoRA-v2,Qwen2.5-7B,LoRA-v2,1950,0.5581395348837209,1.8273,9.777068656547728e-05,trainer_state_qwen2.5v2.json
Qwen2.5-7B · LoRA-v2,Qwen2.5-7B,LoRA-v2,1960,0.5610017889087656,1.7999,9.772125288920436e-05,trainer_state_qwen2.5v2.json
Qwen2.5-7B · LoRA-v2,Qwen2.5-7B,LoRA-v2,1970,0.5638640429338104,1.7425,9.767128990120887e-05,trainer_state_qwen2.5v2.json
Qwen2.5-7B · LoRA-v2,Qwen2.5-7B,LoRA-v2,1980,0.5667262969588551,1.769,9.762079815566727e-05,trainer_state_qwen2.5v2.json
Qwen2.5-7B · LoRA-v2,Qwen2.5-7B,LoRA-v2,1990,0.5695885509838998,1.8133,9.756977821262085e-05,trainer_state_qwen2.5v2.json
Qwen2.5-7B · LoRA-v2,Qwen2.5-7B,LoRA-v2,2000,0.5724508050089445,1.857,9.751823063796959e-05,trainer_state_qwen2.5v2.json
Qwen2.5-7B · LoRA-v2,Qwen2.5-7B,LoRA-v2,2010,0.5753130590339892,1.8699,9.746615600346574e-05,trainer_state_qwen2.5v2.json
Qwen2.5-7B · LoRA-v2,Qwen2.5-7B,LoRA-v2,2020,0.578175313059034,1.6672,9.74135548867076e-05,trainer_state_qwen2.5v2.json
Qwen2.5-7B · LoRA-v2,Qwen2.5-7B,LoRA-v2,2030,0.5810375670840787,1.7723,9.736042787113309e-05,trainer_state_qwen2.5v2.json
Qwen2.5-7B · LoRA-v2,Qwen2.5-7B,LoRA-v2,2040,0.5838998211091234,1.7801,9.730677554601324e-05,trainer_state_qwen2.5v2.json
Qwen2.5-7B · LoRA-v2,Qwen2.5-7B,LoRA-v2,2050,0.5867620751341681,1.7435,9.725259850644567e-05,trainer_state_qwen2.5v2.json
Qwen2.5-7B · LoRA-v2,Qwen2.5-7B,LoRA-v2,2060,0.5896243291592129,1.7819,9.719789735334804e-05,trainer_state_qwen2.5v2.json
Qwen2.5-7B · LoRA-v2,Qwen2.5-7B,LoRA-v2,2070,0.5924865831842576,1.817,9.714267269345125e-05,trainer_state_qwen2.5v2.json
Qwen2.5-7B · LoRA-v2,Qwen2.5-7B,LoRA-v2,2080,0.5953488372093023,1.7338,9.708692513929294e-05,trainer_state_qwen2.5v2.json
Qwen2.5-7B · LoRA-v2,Qwen2.5-7B,LoRA-v2,2090,0.598211091234347,1.7879,9.703065530921043e-05,trainer_state_qwen2.5v2.json
Qwen2.5-7B · LoRA-v2,Qwen2.5-7B,LoRA-v2,2100,0.6010733452593918,1.8747,9.697386382733404e-05,trainer_state_qwen2.5v2.json
Qwen2.5-7B · LoRA-v2,Qwen2.5-7B,LoRA-v2,2110,0.6039355992844365,1.7101,9.691655132358012e-05,trainer_state_qwen2.5v2.json
Qwen2.5-7B · LoRA-v2,Qwen2.5-7B,LoRA-v2,2120,0.6067978533094812,1.7831,9.685871843364405e-05,trainer_state_qwen2.5v2.json
Qwen2.5-7B · LoRA-v2,Qwen2.5-7B,LoRA-v2,2130,0.6096601073345259,1.8083,9.68003657989932e-05,trainer_state_qwen2.5v2.json
Qwen2.5-7B · LoRA-v2,Qwen2.5-7B,LoRA-v2,2140,0.6125223613595706,1.754,9.674149406685981e-05,trainer_state_qwen2.5v2.json
Qwen2.5-7B · LoRA-v2,Qwen2.5-7B,LoRA-v2,2150,0.6153846153846154,1.6095,9.668210389023384e-05,trainer_state_qwen2.5v2.json
Qwen2.5-7B · LoRA-v2,Qwen2.5-7B,LoRA-v2,2160,0.6182468694096601,1.74,9.662219592785566e-05,trainer_state_qwen2.5v2.json
Qwen2.5-7B · LoRA-v2,Qwen2.5-7B,LoRA-v2,2170,0.6211091234347048,1.7475,9.656177084420879e-05,trainer_state_qwen2.5v2.json
Qwen2.5-7B · LoRA-v2,Qwen2.5-7B,LoRA-v2,2180,0.6239713774597495,1.7553,9.650082930951257e-05,trainer_state_qwen2.5v2.json
Qwen2.5-7B · LoRA-v2,Qwen2.5-7B,LoRA-v2,2190,0.6268336314847943,1.7727,9.64393719997146e-05,trainer_state_qwen2.5v2.json
Qwen2.5-7B · LoRA-v2,Qwen2.5-7B,LoRA-v2,2200,0.629695885509839,1.7907,9.637739959648344e-05,trainer_state_qwen2.5v2.json
Qwen2.5-7B · LoRA-v2,Qwen2.5-7B,LoRA-v2,2210,0.6325581395348837,1.7215,9.631491278720082e-05,trainer_state_qwen2.5v2.json
Qwen2.5-7B · LoRA-v2,Qwen2.5-7B,LoRA-v2,2220,0.6354203935599284,1.8589,9.625191226495418e-05,trainer_state_qwen2.5v2.json
Qwen2.5-7B · LoRA-v2,Qwen2.5-7B,LoRA-v2,2230,0.6382826475849732,1.8099,9.618839872852892e-05,trainer_state_qwen2.5v2.json
Qwen2.5-7B · LoRA-v2,Qwen2.5-7B,LoRA-v2,2240,0.6411449016100179,1.6884,9.612437288240069e-05,trainer_state_qwen2.5v2.json
Qwen2.5-7B · LoRA-v2,Qwen2.5-7B,LoRA-v2,2250,0.6440071556350626,1.7349,9.605983543672747e-05,trainer_state_qwen2.5v2.json
Qwen2.5-7B · LoRA-v2,Qwen2.5-7B,LoRA-v2,2260,0.6468694096601073,1.8301,9.599478710734187e-05,trainer_state_qwen2.5v2.json
Qwen2.5-7B · LoRA-v2,Qwen2.5-7B,LoRA-v2,2270,0.649731663685152,1.9655,9.5929228615743e-05,trainer_state_qwen2.5v2.json
Qwen2.5-7B · LoRA-v2,Qwen2.5-7B,LoRA-v2,2280,0.6525939177101968,1.6662,9.586316068908862e-05,trainer_state_qwen2.5v2.json
Qwen2.5-7B · LoRA-v2,Qwen2.5-7B,LoRA-v2,2290,0.6554561717352415,1.8201,9.579658406018696e-05,trainer_state_qwen2.5v2.json
Qwen2.5-7B · LoRA-v2,Qwen2.5-7B,LoRA-v2,2300,0.6583184257602862,1.9895,9.572949946748871e-05,trainer_state_qwen2.5v2.json
Qwen2.5-7B · LoRA-v2,Qwen2.5-7B,LoRA-v2,2310,0.6611806797853309,1.6399,9.566190765507868e-05,trainer_state_qwen2.5v2.json
Qwen2.5-7B · LoRA-v2,Qwen2.5-7B,LoRA-v2,2320,0.6640429338103757,1.6853,9.559380937266766e-05,trainer_state_qwen2.5v2.json
Qwen2.5-7B · LoRA-v2,Qwen2.5-7B,LoRA-v2,2330,0.6669051878354204,1.7201,9.552520537558414e-05,trainer_state_qwen2.5v2.json
Qwen2.5-7B · LoRA-v2,Qwen2.5-7B,LoRA-v2,2340,0.6697674418604651,1.8193,9.545609642476574e-05,trainer_state_qwen2.5v2.json
Qwen2.5-7B · LoRA-v2,Qwen2.5-7B,LoRA-v2,2350,0.6726296958855098,1.6261,9.538648328675102e-05,trainer_state_qwen2.5v2.json
Qwen2.5-7B · LoRA-v2,Qwen2.5-7B,LoRA-v2,2360,0.6754919499105546,1.7506,9.531636673367077e-05,trainer_state_qwen2.5v2.json
Qwen2.5-7B · LoRA-v2,Qwen2.5-7B,LoRA-v2,2370,0.6783542039355993,1.8673,9.524574754323956e-05,trainer_state_qwen2.5v2.json
Qwen2.5-7B · LoRA-v2,Qwen2.5-7B,LoRA-v2,2380,0.681216457960644,1.8076,9.517462649874708e-05,trainer_state_qwen2.5v2.json
Qwen2.5-7B · LoRA-v2,Qwen2.5-7B,LoRA-v2,2390,0.6840787119856887,1.731,9.510300438904945e-05,trainer_state_qwen2.5v2.json
Qwen2.5-7B · LoRA-v2,Qwen2.5-7B,LoRA-v2,2400,0.6869409660107334,1.7603,9.50308820085605e-05,trainer_state_qwen2.5v2.json
Qwen2.5-7B · LoRA-v2,Qwen2.5-7B,LoRA-v2,2410,0.6898032200357782,1.752,9.495826015724287e-05,trainer_state_qwen2.5v2.json
Qwen2.5-7B · LoRA-v2,Qwen2.5-7B,LoRA-v2,2420,0.6926654740608229,1.7088,9.488513964059928e-05,trainer_state_qwen2.5v2.json
Qwen2.5-7B · LoRA-v2,Qwen2.5-7B,LoRA-v2,2430,0.6955277280858676,1.9133,9.481152126966346e-05,trainer_state_qwen2.5v2.json
Qwen2.5-7B · LoRA-v2,Qwen2.5-7B,LoRA-v2,2440,0.6983899821109123,1.6979,9.473740586099124e-05,trainer_state_qwen2.5v2.json
Qwen2.5-7B · LoRA-v2,Qwen2.5-7B,LoRA-v2,2450,0.7012522361359571,1.821,9.466279423665146e-05,trainer_state_qwen2.5v2.json
Qwen2.5-7B · LoRA-v2,Qwen2.5-7B,LoRA-v2,2460,0.7041144901610018,1.8218,9.458768722421682e-05,trainer_state_qwen2.5v2.json
Qwen2.5-7B · LoRA-v2,Qwen2.5-7B,LoRA-v2,2470,0.7069767441860465,1.789,9.451208565675478e-05,trainer_state_qwen2.5v2.json
Qwen2.5-7B · LoRA-v2,Qwen2.5-7B,LoRA-v2,2480,0.7098389982110912,1.9121,9.443599037281825e-05,trainer_state_qwen2.5v2.json
Qwen2.5-7B · LoRA-v2,Qwen2.5-7B,LoRA-v2,2490,0.712701252236136,1.8241,9.435940221643633e-05,trainer_state_qwen2.5v2.json
Qwen2.5-7B · LoRA-v2,Qwen2.5-7B,LoRA-v2,2500,0.7155635062611807,1.7452,9.428232203710494e-05,trainer_state_qwen2.5v2.json
Qwen2.5-7B · LoRA-v2,Qwen2.5-7B,LoRA-v2,2510,0.7184257602862254,1.7978,9.420475068977734e-05,trainer_state_qwen2.5v2.json
Qwen2.5-7B · LoRA-v2,Qwen2.5-7B,LoRA-v2,2520,0.7212880143112701,1.8226,9.412668903485478e-05,trainer_state_qwen2.5v2.json
Qwen2.5-7B · LoRA-v2,Qwen2.5-7B,LoRA-v2,2530,0.7241502683363148,1.7864,9.404813793817681e-05,trainer_state_qwen2.5v2.json
Qwen2.5-7B · LoRA-v2,Qwen2.5-7B,LoRA-v2,2540,0.7270125223613596,1.7981,9.396909827101175e-05,trainer_state_qwen2.5v2.json
Qwen2.5-7B · LoRA-v2,Qwen2.5-7B,LoRA-v2,2550,0.7298747763864043,1.7398,9.388957091004702e-05,trainer_state_qwen2.5v2.json
Qwen2.5-7B · LoRA-v2,Qwen2.5-7B,LoRA-v2,2560,0.732737030411449,1.7477,9.380955673737945e-05,trainer_state_qwen2.5v2.json
Qwen2.5-7B · LoRA-v2,Qwen2.5-7B,LoRA-v2,2570,0.7355992844364937,1.6821,9.372905664050539e-05,trainer_state_qwen2.5v2.json
Qwen2.5-7B · LoRA-v2,Qwen2.5-7B,LoRA-v2,2580,0.7384615384615385,1.8246,9.364807151231101e-05,trainer_state_qwen2.5v2.json
Qwen2.5-7B · LoRA-v2,Qwen2.5-7B,LoRA-v2,2590,0.7413237924865832,1.7593,9.356660225106227e-05,trainer_state_qwen2.5v2.json
Qwen2.5-7B · LoRA-v2,Qwen2.5-7B,LoRA-v2,2600,0.7441860465116279,1.7227,9.348464976039501e-05,trainer_state_qwen2.5v2.json
Qwen2.5-7B · LoRA-v2,Qwen2.5-7B,LoRA-v2,2610,0.7470483005366726,1.8347,9.340221494930495e-05,trainer_state_qwen2.5v2.json
Qwen2.5-7B · LoRA-v2,Qwen2.5-7B,LoRA-v2,2620,0.7499105545617174,1.849,9.331929873213756e-05,trainer_state_qwen2.5v2.json
Qwen2.5-7B · LoRA-v2,Qwen2.5-7B,LoRA-v2,2630,0.7527728085867621,1.6143,9.323590202857797e-05,trainer_state_qwen2.5v2.json
Qwen2.5-7B · LoRA-v2,Qwen2.5-7B,LoRA-v2,2640,0.7556350626118068,1.8186,9.31520257636407e-05,trainer_state_qwen2.5v2.json
Qwen2.5-7B · LoRA-v2,Qwen2.5-7B,LoRA-v2,2650,0.7584973166368515,2.0027,9.306767086765946e-05,trainer_state_qwen2.5v2.json
Qwen2.5-7B · LoRA-v2,Qwen2.5-7B,LoRA-v2,2660,0.7613595706618962,1.8445,9.298283827627683e-05,trainer_state_qwen2.5v2.json
Qwen2.5-7B · LoRA-v2,Qwen2.5-7B,LoRA-v2,2670,0.764221824686941,1.8435,9.289752893043382e-05,trainer_state_qwen2.5v2.json
Qwen2.5-7B · LoRA-v2,Qwen2.5-7B,LoRA-v2,2680,0.7670840787119857,1.6592,9.281174377635952e-05,trainer_state_qwen2.5v2.json
Qwen2.5-7B · LoRA-v2,Qwen2.5-7B,LoRA-v2,2690,0.7699463327370304,1.773,9.272548376556053e-05,trainer_state_qwen2.5v2.json
Qwen2.5-7B · LoRA-v2,Qwen2.5-7B,LoRA-v2,2700,0.7728085867620751,1.7863,9.263874985481046e-05,trainer_state_qwen2.5v2.json
Qwen2.5-7B · LoRA-v2,Qwen2.5-7B,LoRA-v2,2710,0.7756708407871199,1.6513,9.255154300613931e-05,trainer_state_qwen2.5v2.json
Qwen2.5-7B · LoRA-v2,Qwen2.5-7B,LoRA-v2,2720,0.7785330948121646,1.6144,9.24638641868227e-05,trainer_state_qwen2.5v2.json
Qwen2.5-7B · LoRA-v2,Qwen2.5-7B,LoRA-v2,2730,0.7813953488372093,1.8616,9.237571436937132e-05,trainer_state_qwen2.5v2.json
Qwen2.5-7B · LoRA-v2,Qwen2.5-7B,LoRA-v2,2740,0.784257602862254,1.8048,9.228709453152003e-05,trainer_state_qwen2.5v2.json
Qwen2.5-7B · LoRA-v2,Qwen2.5-7B,LoRA-v2,2750,0.7871198568872988,1.8146,9.219800565621696e-05,trainer_state_qwen2.5v2.json
Qwen2.5-7B · LoRA-v2,Qwen2.5-7B,LoRA-v2,2760,0.7899821109123435,1.7868,9.21084487316128e-05,trainer_state_qwen2.5v2.json
Qwen2.5-7B · LoRA-v2,Qwen2.5-7B,LoRA-v2,2770,0.7928443649373882,1.8007,9.201842475104963e-05,trainer_state_qwen2.5v2.json
Qwen2.5-7B · LoRA-v2,Qwen2.5-7B,LoRA-v2,2780,0.7957066189624329,1.7042,9.192793471305002e-05,trainer_state_qwen2.5v2.json
Qwen2.5-7B · LoRA-v2,Qwen2.5-7B,LoRA-v2,2790,0.7985688729874776,1.7314,9.183697962130596e-05,trainer_state_qwen2.5v2.json
Qwen2.5-7B · LoRA-v2,Qwen2.5-7B,LoRA-v2,2800,0.8014311270125224,1.6922,9.174556048466761e-05,trainer_state_qwen2.5v2.json
Qwen2.5-7B · LoRA-v2,Qwen2.5-7B,LoRA-v2,2810,0.8042933810375671,1.6959,9.16536783171323e-05,trainer_state_qwen2.5v2.json
Qwen2.5-7B · LoRA-v2,Qwen2.5-7B,LoRA-v2,2820,0.8071556350626118,1.7278,9.156133413783312e-05,trainer_state_qwen2.5v2.json
Qwen2.5-7B · LoRA-v2,Qwen2.5-7B,LoRA-v2,2830,0.8100178890876565,1.7018,9.146852897102769e-05,trainer_state_qwen2.5v2.json
Qwen2.5-7B · LoRA-v2,Qwen2.5-7B,LoRA-v2,2840,0.8128801431127013,1.7851,9.137526384608676e-05,trainer_state_qwen2.5v2.json
Qwen2.5-7B · LoRA-v2,Qwen2.5-7B,LoRA-v2,2850,0.815742397137746,1.724,9.128153979748283e-05,trainer_state_qwen2.5v2.json
Qwen2.5-7B · LoRA-v2,Qwen2.5-7B,LoRA-v2,2860,0.8186046511627907,1.8266,9.118735786477868e-05,trainer_state_qwen2.5v2.json
Qwen2.5-7B · LoRA-v2,Qwen2.5-7B,LoRA-v2,2870,0.8214669051878354,1.8308,9.10927190926158e-05,trainer_state_qwen2.5v2.json
Qwen2.5-7B · LoRA-v2,Qwen2.5-7B,LoRA-v2,2880,0.8243291592128802,1.7968,9.099762453070284e-05,trainer_state_qwen2.5v2.json
Qwen2.5-7B · LoRA-v2,Qwen2.5-7B,LoRA-v2,2890,0.8271914132379249,1.8008,9.090207523380393e-05,trainer_state_qwen2.5v2.json
Qwen2.5-7B · LoRA-v2,Qwen2.5-7B,LoRA-v2,2900,0.8300536672629696,1.8112,9.080607226172701e-05,trainer_state_qwen2.5v2.json
Qwen2.5-7B · LoRA-v2,Qwen2.5-7B,LoRA-v2,2910,0.8329159212880143,1.8903,9.070961667931211e-05,trainer_state_qwen2.5v2.json
Qwen2.5-7B · LoRA-v2,Qwen2.5-7B,LoRA-v2,2920,0.835778175313059,1.6582,9.06127095564194e-05,trainer_state_qwen2.5v2.json
Qwen2.5-7B · LoRA-v2,Qwen2.5-7B,LoRA-v2,2930,0.8386404293381038,1.7131,9.051535196791752e-05,trainer_state_qwen2.5v2.json
Qwen2.5-7B · LoRA-v2,Qwen2.5-7B,LoRA-v2,2940,0.8415026833631485,1.7431,9.04175449936715e-05,trainer_state_qwen2.5v2.json
Qwen2.5-7B · LoRA-v2,Qwen2.5-7B,LoRA-v2,2950,0.8443649373881932,1.8146,9.031928971853085e-05,trainer_state_qwen2.5v2.json
Qwen2.5-7B · LoRA-v2,Qwen2.5-7B,LoRA-v2,2960,0.8472271914132379,1.7071,9.022058723231753e-05,trainer_state_qwen2.5v2.json
Qwen2.5-7B · LoRA-v2,Qwen2.5-7B,LoRA-v2,2970,0.8500894454382827,1.7157,9.012143862981384e-05,trainer_state_qwen2.5v2.json
Qwen2.5-7B · LoRA-v2,Qwen2.5-7B,LoRA-v2,2980,0.8529516994633274,1.8277,9.002184501075027e-05,trainer_state_qwen2.5v2.json
Qwen2.5-7B · LoRA-v2,Qwen2.5-7B,LoRA-v2,2990,0.8558139534883721,1.7286,8.992180747979335e-05,trainer_state_qwen2.5v2.json
Qwen2.5-7B · LoRA-v2,Qwen2.5-7B,LoRA-v2,3000,0.8586762075134168,1.7057,8.982132714653335e-05,trainer_state_qwen2.5v2.json
Qwen2.5-7B · LoRA-v2,Qwen2.5-7B,LoRA-v2,3010,0.8615384615384616,1.7732,8.972040512547198e-05,trainer_state_qwen2.5v2.json
Qwen2.5-7B · LoRA-v2,Qwen2.5-7B,LoRA-v2,3020,0.8644007155635063,1.8215,8.961904253601003e-05,trainer_state_qwen2.5v2.json
Qwen2.5-7B · LoRA-v2,Qwen2.5-7B,LoRA-v2,3030,0.867262969588551,1.6025,8.9517240502435e-05,trainer_state_qwen2.5v2.json
Qwen2.5-7B · LoRA-v2,Qwen2.5-7B,LoRA-v2,3040,0.8701252236135957,1.6867,8.941500015390855e-05,trainer_state_qwen2.5v2.json
Qwen2.5-7B · LoRA-v2,Qwen2.5-7B,LoRA-v2,3050,0.8729874776386404,1.7414,8.931232262445404e-05,trainer_state_qwen2.5v2.json
Qwen2.5-7B · LoRA-v2,Qwen2.5-7B,LoRA-v2,3060,0.8758497316636852,1.7822,8.92092090529439e-05,trainer_state_qwen2.5v2.json
Qwen2.5-7B · LoRA-v2,Qwen2.5-7B,LoRA-v2,3070,0.8787119856887299,1.86,8.910566058308705e-05,trainer_state_qwen2.5v2.json
Qwen2.5-7B · LoRA-v2,Qwen2.5-7B,LoRA-v2,3080,0.8815742397137746,1.9412,8.900167836341616e-05,trainer_state_qwen2.5v2.json
Qwen2.5-7B · LoRA-v2,Qwen2.5-7B,LoRA-v2,3090,0.8844364937388193,1.5937,8.889726354727499e-05,trainer_state_qwen2.5v2.json
Qwen2.5-7B · LoRA-v2,Qwen2.5-7B,LoRA-v2,3100,0.8872987477638641,1.822,8.87924172928055e-05,trainer_state_qwen2.5v2.json
Qwen2.5-7B · LoRA-v2,Qwen2.5-7B,LoRA-v2,3110,0.8901610017889088,1.742,8.868714076293507e-05,trainer_state_qwen2.5v2.json
Qwen2.5-7B · LoRA-v2,Qwen2.5-7B,LoRA-v2,3120,0.8930232558139535,1.684,8.858143512536358e-05,trainer_state_qwen2.5v2.json
Qwen2.5-7B · LoRA-v2,Qwen2.5-7B,LoRA-v2,3130,0.8958855098389982,1.8762,8.847530155255048e-05,trainer_state_qwen2.5v2.json
Qwen2.5-7B · LoRA-v2,Qwen2.5-7B,LoRA-v2,3140,0.898747763864043,1.7976,8.836874122170174e-05,trainer_state_qwen2.5v2.json
Qwen2.5-7B · LoRA-v2,Qwen2.5-7B,LoRA-v2,3150,0.9016100178890877,1.73,8.826175531475683e-05,trainer_state_qwen2.5v2.json
Qwen2.5-7B · LoRA-v2,Qwen2.5-7B,LoRA-v2,3160,0.9044722719141324,1.7247,8.815434501837559e-05,trainer_state_qwen2.5v2.json
Qwen2.5-7B · LoRA-v2,Qwen2.5-7B,LoRA-v2,3170,0.9073345259391771,1.759,8.804651152392507e-05,trainer_state_qwen2.5v2.json
Qwen2.5-7B · LoRA-v2,Qwen2.5-7B,LoRA-v2,3180,0.9101967799642218,1.7954,8.793825602746637e-05,trainer_state_qwen2.5v2.json
Qwen2.5-7B · LoRA-v2,Qwen2.5-7B,LoRA-v2,3190,0.9130590339892666,1.6749,8.782957972974128e-05,trainer_state_qwen2.5v2.json
Qwen2.5-7B · LoRA-v2,Qwen2.5-7B,LoRA-v2,3200,0.9159212880143113,1.7026,8.772048383615902e-05,trainer_state_qwen2.5v2.json
Qwen2.5-7B · LoRA-v2,Qwen2.5-7B,LoRA-v2,3210,0.918783542039356,1.8412,8.761096955678288e-05,trainer_state_qwen2.5v2.json
Qwen2.5-7B · LoRA-v2,Qwen2.5-7B,LoRA-v2,3220,0.9216457960644007,1.7254,8.750103810631674e-05,trainer_state_qwen2.5v2.json
Qwen2.5-7B · LoRA-v2,Qwen2.5-7B,LoRA-v2,3230,0.9245080500894455,1.7394,8.739069070409165e-05,trainer_state_qwen2.5v2.json
Qwen2.5-7B · LoRA-v2,Qwen2.5-7B,LoRA-v2,3240,0.9273703041144902,1.82,8.727992857405229e-05,trainer_state_qwen2.5v2.json
Qwen2.5-7B · LoRA-v2,Qwen2.5-7B,LoRA-v2,3250,0.9302325581395349,1.6192,8.716875294474341e-05,trainer_state_qwen2.5v2.json
Qwen2.5-7B · LoRA-v2,Qwen2.5-7B,LoRA-v2,3260,0.9330948121645796,1.7754,8.705716504929613e-05,trainer_state_qwen2.5v2.json
Qwen2.5-7B · LoRA-v2,Qwen2.5-7B,LoRA-v2,3270,0.9359570661896244,1.8056,8.694516612541438e-05,trainer_state_qwen2.5v2.json
Qwen2.5-7B · LoRA-v2,Qwen2.5-7B,LoRA-v2,3280,0.9388193202146691,1.7252,8.68327574153611e-05,trainer_state_qwen2.5v2.json
Qwen2.5-7B · LoRA-v2,Qwen2.5-7B,LoRA-v2,3290,0.9416815742397138,1.7623,8.671994016594445e-05,trainer_state_qwen2.5v2.json
Qwen2.5-7B · LoRA-v2,Qwen2.5-7B,LoRA-v2,3300,0.9445438282647585,1.742,8.6606715628504e-05,trainer_state_qwen2.5v2.json
Qwen2.5-7B · LoRA-v2,Qwen2.5-7B,LoRA-v2,3310,0.9474060822898033,1.7709,8.649308505889686e-05,trainer_state_qwen2.5v2.json
Qwen2.5-7B · LoRA-v2,Qwen2.5-7B,LoRA-v2,3320,0.950268336314848,1.8282,8.637904971748379e-05,trainer_state_qwen2.5v2.json
Qwen2.5-7B · LoRA-v2,Qwen2.5-7B,LoRA-v2,3330,0.9531305903398927,1.7212,8.626461086911508e-05,trainer_state_qwen2.5v2.json
Qwen2.5-7B · LoRA-v2,Qwen2.5-7B,LoRA-v2,3340,0.9559928443649374,1.8126,8.614976978311669e-05,trainer_state_qwen2.5v2.json
Qwen2.5-7B · LoRA-v2,Qwen2.5-7B,LoRA-v2,3350,0.9588550983899821,1.7732,8.603452773327608e-05,trainer_state_qwen2.5v2.json
Qwen2.5-7B · LoRA-v2,Qwen2.5-7B,LoRA-v2,3360,0.9617173524150269,1.867,8.591888599782804e-05,trainer_state_qwen2.5v2.json
Qwen2.5-7B · LoRA-v2,Qwen2.5-7B,LoRA-v2,3370,0.9645796064400716,1.7398,8.58028458594407e-05,trainer_state_qwen2.5v2.json
Qwen2.5-7B · LoRA-v2,Qwen2.5-7B,LoRA-v2,3380,0.9674418604651163,1.765,8.5686408605201e-05,trainer_state_qwen2.5v2.json
Qwen2.5-7B · LoRA-v2,Qwen2.5-7B,LoRA-v2,3390,0.970304114490161,1.8355,8.556957552660072e-05,trainer_state_qwen2.5v2.json
Qwen2.5-7B · LoRA-v2,Qwen2.5-7B,LoRA-v2,3400,0.9731663685152058,1.732,8.545234791952196e-05,trainer_state_qwen2.5v2.json
Qwen2.5-7B · LoRA-v2,Qwen2.5-7B,LoRA-v2,3410,0.9760286225402505,1.7596,8.533472708422287e-05,trainer_state_qwen2.5v2.json
Qwen2.5-7B · LoRA-v2,Qwen2.5-7B,LoRA-v2,3420,0.9788908765652952,1.6519,8.521671432532313e-05,trainer_state_qwen2.5v2.json
Qwen2.5-7B · LoRA-v2,Qwen2.5-7B,LoRA-v2,3430,0.9817531305903399,1.7476,8.509831095178955e-05,trainer_state_qwen2.5v2.json
Qwen2.5-7B · LoRA-v2,Qwen2.5-7B,LoRA-v2,3440,0.9846153846153847,1.8254,8.497951827692158e-05,trainer_state_qwen2.5v2.json
Qwen2.5-7B · LoRA-v2,Qwen2.5-7B,LoRA-v2,3450,0.9874776386404294,1.7243,8.486033761833663e-05,trainer_state_qwen2.5v2.json
Qwen2.5-7B · LoRA-v2,Qwen2.5-7B,LoRA-v2,3460,0.9903398926654741,1.7608,8.47407702979556e-05,trainer_state_qwen2.5v2.json
Qwen2.5-7B · LoRA-v2,Qwen2.5-7B,LoRA-v2,3470,0.9932021466905188,1.7989,8.462081764198806e-05,trainer_state_qwen2.5v2.json
Qwen2.5-7B · LoRA-v2,Qwen2.5-7B,LoRA-v2,3480,0.9960644007155635,1.9007,8.45004809809177e-05,trainer_state_qwen2.5v2.json
Qwen2.5-7B · LoRA-v2,Qwen2.5-7B,LoRA-v2,3490,0.9989266547406083,1.8024,8.437976164948744e-05,trainer_state_qwen2.5v2.json
Qwen2.5-7B · LoRA-v2,Qwen2.5-7B,LoRA-v2,3500,1.001717352415027,1.8045,8.42586609866847e-05,trainer_state_qwen2.5v2.json
Qwen2.5-7B · LoRA-v2,Qwen2.5-7B,LoRA-v2,3510,1.0045796064400716,1.5949,8.413718033572653e-05,trainer_state_qwen2.5v2.json
Qwen2.5-7B · LoRA-v2,Qwen2.5-7B,LoRA-v2,3520,1.0074418604651163,1.7933,8.401532104404474e-05,trainer_state_qwen2.5v2.json
Qwen2.5-7B · LoRA-v2,Qwen2.5-7B,LoRA-v2,3530,1.010304114490161,1.7304,8.389308446327084e-05,trainer_state_qwen2.5v2.json
Qwen2.5-7B · LoRA-v2,Qwen2.5-7B,LoRA-v2,3540,1.0131663685152057,1.6899,8.377047194922123e-05,trainer_state_qwen2.5v2.json
Qwen2.5-7B · LoRA-v2,Qwen2.5-7B,LoRA-v2,3550,1.0160286225402504,1.6716,8.364748486188199e-05,trainer_state_qwen2.5v2.json
Qwen2.5-7B · LoRA-v2,Qwen2.5-7B,LoRA-v2,3560,1.018890876565295,1.6214,8.35241245653939e-05,trainer_state_qwen2.5v2.json
Qwen2.5-7B · LoRA-v2,Qwen2.5-7B,LoRA-v2,3570,1.0217531305903398,1.6415,8.340039242803727e-05,trainer_state_qwen2.5v2.json
Qwen2.5-7B · LoRA-v2,Qwen2.5-7B,LoRA-v2,3580,1.0246153846153847,1.6339,8.32762898222168e-05,trainer_state_qwen2.5v2.json
Qwen2.5-7B · LoRA-v2,Qwen2.5-7B,LoRA-v2,3590,1.0274776386404294,1.6297,8.31518181244463e-05,trainer_state_qwen2.5v2.json
Qwen2.5-7B · LoRA-v2,Qwen2.5-7B,LoRA-v2,3600,1.030339892665474,1.6463,8.302697871533347e-05,trainer_state_qwen2.5v2.json
Qwen2.5-7B · LoRA-v2,Qwen2.5-7B,LoRA-v2,3610,1.0332021466905188,1.6401,8.290177297956455e-05,trainer_state_qwen2.5v2.json
Qwen2.5-7B · LoRA-v2,Qwen2.5-7B,LoRA-v2,3620,1.0360644007155635,1.7105,8.277620230588898e-05,trainer_state_qwen2.5v2.json
Qwen2.5-7B · LoRA-v2,Qwen2.5-7B,LoRA-v2,3630,1.0389266547406082,1.559,8.265026808710403e-05,trainer_state_qwen2.5v2.json
Qwen2.5-7B · LoRA-v2,Qwen2.5-7B,LoRA-v2,3640,1.0417889087656529,1.5542,8.252397172003927e-05,trainer_state_qwen2.5v2.json
Qwen2.5-7B · LoRA-v2,Qwen2.5-7B,LoRA-v2,3650,1.0446511627906976,1.6312,8.239731460554117e-05,trainer_state_qwen2.5v2.json
Qwen2.5-7B · LoRA-v2,Qwen2.5-7B,LoRA-v2,3660,1.0475134168157425,1.5339,8.227029814845747e-05,trainer_state_qwen2.5v2.json
Qwen2.5-7B · LoRA-v2,Qwen2.5-7B,LoRA-v2,3670,1.0503756708407872,1.6252,8.214292375762169e-05,trainer_state_qwen2.5v2.json
Qwen2.5-7B · LoRA-v2,Qwen2.5-7B,LoRA-v2,3680,1.053237924865832,1.6843,8.201519284583742e-05,trainer_state_qwen2.5v2.json
Qwen2.5-7B · LoRA-v2,Qwen2.5-7B,LoRA-v2,3690,1.0561001788908766,1.6724,8.188710682986273e-05,trainer_state_qwen2.5v2.json
Qwen2.5-7B · LoRA-v2,Qwen2.5-7B,LoRA-v2,3700,1.0589624329159213,1.6274,8.175866713039436e-05,trainer_state_qwen2.5v2.json
Qwen2.5-7B · LoRA-v2,Qwen2.5-7B,LoRA-v2,3710,1.061824686940966,1.6783,8.162987517205206e-05,trainer_state_qwen2.5v2.json
Qwen2.5-7B · LoRA-v2,Qwen2.5-7B,LoRA-v2,3720,1.0646869409660107,1.6863,8.150073238336271e-05,trainer_state_qwen2.5v2.json
Qwen2.5-7B · LoRA-v2,Qwen2.5-7B,LoRA-v2,3730,1.0675491949910554,1.6566,8.137124019674456e-05,trainer_state_qwen2.5v2.json
Qwen2.5-7B · LoRA-v2,Qwen2.5-7B,LoRA-v2,3740,1.0704114490161,1.5757,8.124140004849122e-05,trainer_state_qwen2.5v2.json
Qwen2.5-7B · LoRA-v2,Qwen2.5-7B,LoRA-v2,3750,1.073273703041145,1.7079,8.111121337875586e-05,trainer_state_qwen2.5v2.json
Qwen2.5-7B · LoRA-v2,Qwen2.5-7B,LoRA-v2,3760,1.0761359570661897,1.6524,8.098068163153514e-05,trainer_state_qwen2.5v2.json
Qwen2.5-7B · LoRA-v2,Qwen2.5-7B,LoRA-v2,3770,1.0789982110912344,1.675,8.084980625465326e-05,trainer_state_qwen2.5v2.json
Qwen2.5-7B · LoRA-v2,Qwen2.5-7B,LoRA-v2,3780,1.081860465116279,1.6345,8.071858869974583e-05,trainer_state_qwen2.5v2.json
Qwen2.5-7B · LoRA-v2,Qwen2.5-7B,LoRA-v2,3790,1.0847227191413238,1.6889,8.058703042224387e-05,trainer_state_qwen2.5v2.json
Qwen2.5-7B · LoRA-v2,Qwen2.5-7B,LoRA-v2,3800,1.0875849731663685,1.5243,8.045513288135753e-05,trainer_state_qwen2.5v2.json
Qwen2.5-7B · LoRA-v2,Qwen2.5-7B,LoRA-v2,3810,1.0904472271914132,1.745,8.032289754006004e-05,trainer_state_qwen2.5v2.json
Qwen2.5-7B · LoRA-v2,Qwen2.5-7B,LoRA-v2,3820,1.0933094812164579,1.6292,8.01903258650714e-05,trainer_state_qwen2.5v2.json
Qwen2.5-7B · LoRA-v2,Qwen2.5-7B,LoRA-v2,3830,1.0961717352415028,1.6855,8.005741932684214e-05,trainer_state_qwen2.5v2.json
Qwen2.5-7B · LoRA-v2,Qwen2.5-7B,LoRA-v2,3840,1.0990339892665475,1.6811,7.992417939953702e-05,trainer_state_qwen2.5v2.json
Qwen2.5-7B · LoRA-v2,Qwen2.5-7B,LoRA-v2,3850,1.1018962432915922,1.6727,7.979060756101863e-05,trainer_state_qwen2.5v2.json
Qwen2.5-7B · LoRA-v2,Qwen2.5-7B,LoRA-v2,3860,1.104758497316637,1.4276,7.965670529283108e-05,trainer_state_qwen2.5v2.json
Qwen2.5-7B · LoRA-v2,Qwen2.5-7B,LoRA-v2,3870,1.1076207513416816,1.6513,7.952247408018348e-05,trainer_state_qwen2.5v2.json
Qwen2.5-7B · LoRA-v2,Qwen2.5-7B,LoRA-v2,3880,1.1104830053667263,1.6404,7.938791541193352e-05,trainer_state_qwen2.5v2.json
Qwen2.5-7B · LoRA-v2,Qwen2.5-7B,LoRA-v2,3890,1.113345259391771,1.6337,7.925303078057094e-05,trainer_state_qwen2.5v2.json
Qwen2.5-7B · LoRA-v2,Qwen2.5-7B,LoRA-v2,3900,1.1162075134168157,1.6214,7.9117821682201e-05,trainer_state_qwen2.5v2.json
Qwen2.5-7B · LoRA-v2,Qwen2.5-7B,LoRA-v2,3910,1.1190697674418604,1.611,7.898228961652783e-05,trainer_state_qwen2.5v2.json
Qwen2.5-7B · LoRA-v2,Qwen2.5-7B,LoRA-v2,3920,1.1219320214669053,1.7785,7.884643608683783e-05,trainer_state_qwen2.5v2.json
Qwen2.5-7B · LoRA-v2,Qwen2.5-7B,LoRA-v2,3930,1.12479427549195,1.7039,7.871026259998304e-05,trainer_state_qwen2.5v2.json
Qwen2.5-7B · LoRA-v2,Qwen2.5-7B,LoRA-v2,3940,1.1276565295169947,1.7392,7.857377066636435e-05,trainer_state_qwen2.5v2.json
Qwen2.5-7B · LoRA-v2,Qwen2.5-7B,LoRA-v2,3950,1.1305187835420394,1.6502,7.843696179991476e-05,trainer_state_qwen2.5v2.json
Qwen2.5-7B · LoRA-v2,Qwen2.5-7B,LoRA-v2,3960,1.133381037567084,1.6383,7.829983751808263e-05,trainer_state_qwen2.5v2.json
Qwen2.5-7B · LoRA-v2,Qwen2.5-7B,LoRA-v2,3970,1.1362432915921288,1.5432,7.816239934181483e-05,trainer_state_qwen2.5v2.json
Qwen2.5-7B · LoRA-v2,Qwen2.5-7B,LoRA-v2,3980,1.1391055456171735,1.5504,7.802464879553986e-05,trainer_state_qwen2.5v2.json
Qwen2.5-7B · LoRA-v2,Qwen2.5-7B,LoRA-v2,3990,1.1419677996422182,1.6293,7.788658740715091e-05,trainer_state_qwen2.5v2.json
Qwen2.5-7B · LoRA-v2,Qwen2.5-7B,LoRA-v2,4000,1.1448300536672629,1.646,7.774821670798904e-05,trainer_state_qwen2.5v2.json
Qwen2.5-7B · LoRA-v2,Qwen2.5-7B,LoRA-v2,4010,1.1476923076923078,1.6311,7.760953823282602e-05,trainer_state_qwen2.5v2.json
Qwen2.5-7B · LoRA-v2,Qwen2.5-7B,LoRA-v2,4020,1.1505545617173525,1.6533,7.74705535198474e-05,trainer_state_qwen2.5v2.json
Qwen2.5-7B · LoRA-v2,Qwen2.5-7B,LoRA-v2,4030,1.1534168157423972,1.5742,7.73312641106355e-05,trainer_state_qwen2.5v2.json
Qwen2.5-7B · LoRA-v2,Qwen2.5-7B,LoRA-v2,4040,1.1562790697674419,1.7274,7.719167155015218e-05,trainer_state_qwen2.5v2.json
Qwen2.5-7B · LoRA-v2,Qwen2.5-7B,LoRA-v2,4050,1.1591413237924866,1.5887,7.705177738672183e-05,trainer_state_qwen2.5v2.json
Qwen2.5-7B · LoRA-v2,Qwen2.5-7B,LoRA-v2,4060,1.1620035778175313,1.5683,7.691158317201409e-05,trainer_state_qwen2.5v2.json
Qwen2.5-7B · LoRA-v2,Qwen2.5-7B,LoRA-v2,4070,1.164865831842576,1.6734,7.677109046102673e-05,trainer_state_qwen2.5v2.json
Qwen2.5-7B · LoRA-v2,Qwen2.5-7B,LoRA-v2,4080,1.1677280858676207,1.61,7.663030081206837e-05,trainer_state_qwen2.5v2.json
Qwen2.5-7B · LoRA-v2,Qwen2.5-7B,LoRA-v2,4090,1.1705903398926654,1.6959,7.648921578674116e-05,trainer_state_qwen2.5v2.json
Qwen2.5-7B · LoRA-v2,Qwen2.5-7B,LoRA-v2,4100,1.1734525939177103,1.4972,7.634783694992349e-05,trainer_state_qwen2.5v2.json
Qwen2.5-7B · LoRA-v2,Qwen2.5-7B,LoRA-v2,4110,1.176314847942755,1.681,7.620616586975265e-05,trainer_state_qwen2.5v2.json
Qwen2.5-7B · LoRA-v2,Qwen2.5-7B,LoRA-v2,4120,1.1791771019677997,1.7388,7.60642041176074e-05,trainer_state_qwen2.5v2.json
Qwen2.5-7B · LoRA-v2,Qwen2.5-7B,LoRA-v2,4130,1.1820393559928444,1.7377,7.592195326809056e-05,trainer_state_qwen2.5v2.json
Qwen2.5-7B · LoRA-v2,Qwen2.5-7B,LoRA-v2,4140,1.184901610017889,1.7419,7.577941489901154e-05,trainer_state_qwen2.5v2.json
Qwen2.5-7B · LoRA-v2,Qwen2.5-7B,LoRA-v2,4150,1.1877638640429338,1.5327,7.563659059136887e-05,trainer_state_qwen2.5v2.json
Qwen2.5-7B · LoRA-v2,Qwen2.5-7B,LoRA-v2,4160,1.1906261180679785,1.6685,7.549348192933261e-05,trainer_state_qwen2.5v2.json
Qwen2.5-7B · LoRA-v2,Qwen2.5-7B,LoRA-v2,4170,1.1934883720930232,1.6725,7.53500905002268e-05,trainer_state_qwen2.5v2.json
Qwen2.5-7B · LoRA-v2,Qwen2.5-7B,LoRA-v2,4180,1.1963506261180679,1.6636,7.520641789451188e-05,trainer_state_qwen2.5v2.json
Qwen2.5-7B · LoRA-v2,Qwen2.5-7B,LoRA-v2,4190,1.1992128801431128,1.7895,7.506246570576701e-05,trainer_state_qwen2.5v2.json
Qwen2.5-7B · LoRA-v2,Qwen2.5-7B,LoRA-v2,4200,1.2020751341681575,1.75,7.491823553067242e-05,trainer_state_qwen2.5v2.json
Qwen2.5-7B · LoRA-v2,Qwen2.5-7B,LoRA-v2,4210,1.2049373881932022,1.6967,7.477372896899168e-05,trainer_state_qwen2.5v2.json
Qwen2.5-7B · LoRA-v2,Qwen2.5-7B,LoRA-v2,4220,1.2077996422182469,1.6134,7.4628947623554e-05,trainer_state_qwen2.5v2.json
Qwen2.5-7B · LoRA-v2,Qwen2.5-7B,LoRA-v2,4230,1.2106618962432916,1.4863,7.44838931002364e-05,trainer_state_qwen2.5v2.json
Qwen2.5-7B · LoRA-v2,Qwen2.5-7B,LoRA-v2,4240,1.2135241502683363,1.7462,7.43385670079459e-05,trainer_state_qwen2.5v2.json
Qwen2.5-7B · LoRA-v2,Qwen2.5-7B,LoRA-v2,4250,1.216386404293381,1.8011,7.419297095860171e-05,trainer_state_qwen2.5v2.json
Qwen2.5-7B · LoRA-v2,Qwen2.5-7B,LoRA-v2,4260,1.2192486583184259,1.6597,7.404710656711736e-05,trainer_state_qwen2.5v2.json
Qwen2.5-7B · LoRA-v2,Qwen2.5-7B,LoRA-v2,4270,1.2221109123434706,1.5863,7.39009754513827e-05,trainer_state_qwen2.5v2.json
Qwen2.5-7B · LoRA-v2,Qwen2.5-7B,LoRA-v2,4280,1.2249731663685153,1.6898,7.375457923224607e-05,trainer_state_qwen2.5v2.json
Qwen2.5-7B · LoRA-v2,Qwen2.5-7B,LoRA-v2,4290,1.22783542039356,1.6476,7.360791953349625e-05,trainer_state_qwen2.5v2.json
Qwen2.5-7B · LoRA-v2,Qwen2.5-7B,LoRA-v2,4300,1.2306976744186047,1.5153,7.346099798184445e-05,trainer_state_qwen2.5v2.json
Qwen2.5-7B · LoRA-v2,Qwen2.5-7B,LoRA-v2,4310,1.2335599284436494,1.5416,7.331381620690631e-05,trainer_state_qwen2.5v2.json
Qwen2.5-7B · LoRA-v2,Qwen2.5-7B,LoRA-v2,4320,1.236422182468694,1.7177,7.31663758411838e-05,trainer_state_qwen2.5v2.json
Qwen2.5-7B · LoRA-v2,Qwen2.5-7B,LoRA-v2,4330,1.2392844364937388,1.7691,7.301867852004709e-05,trainer_state_qwen2.5v2.json
Qwen2.5-7B · LoRA-v2,Qwen2.5-7B,LoRA-v2,4340,1.2421466905187835,1.7175,7.287072588171641e-05,trainer_state_qwen2.5v2.json
Qwen2.5-7B · LoRA-v2,Qwen2.5-7B,LoRA-v2,4350,1.2450089445438284,1.6116,7.2722519567244e-05,trainer_state_qwen2.5v2.json
Qwen2.5-7B · LoRA-v2,Qwen2.5-7B,LoRA-v2,4360,1.247871198568873,1.6803,7.25740612204957e-05,trainer_state_qwen2.5v2.json
Qwen2.5-7B · LoRA-v2,Qwen2.5-7B,LoRA-v2,4370,1.2507334525939178,1.7425,7.24253524881329e-05,trainer_state_qwen2.5v2.json
Qwen2.5-7B · LoRA-v2,Qwen2.5-7B,LoRA-v2,4380,1.2535957066189625,1.6851,7.227639501959415e-05,trainer_state_qwen2.5v2.json
Qwen2.5-7B · LoRA-v2,Qwen2.5-7B,LoRA-v2,4390,1.2564579606440072,1.7469,7.212719046707693e-05,trainer_state_qwen2.5v2.json
Qwen2.5-7B · LoRA-v2,Qwen2.5-7B,LoRA-v2,4400,1.2593202146690519,1.548,7.197774048551936e-05,trainer_state_qwen2.5v2.json
Qwen2.5-7B · LoRA-v2,Qwen2.5-7B,LoRA-v2,4410,1.2621824686940966,1.7242,7.182804673258173e-05,trainer_state_qwen2.5v2.json
Qwen2.5-7B · LoRA-v2,Qwen2.5-7B,LoRA-v2,4420,1.2650447227191413,1.5491,7.167811086862822e-05,trainer_state_qwen2.5v2.json
Qwen2.5-7B · LoRA-v2,Qwen2.5-7B,LoRA-v2,4430,1.267906976744186,1.5499,7.15279345567084e-05,trainer_state_qwen2.5v2.json
Qwen2.5-7B · LoRA-v2,Qwen2.5-7B,LoRA-v2,4440,1.2707692307692309,1.5945,7.137751946253888e-05,trainer_state_qwen2.5v2.json
Qwen2.5-7B · LoRA-v2,Qwen2.5-7B,LoRA-v2,4450,1.2736314847942756,1.5908,7.122686725448475e-05,trainer_state_qwen2.5v2.json
Qwen2.5-7B · LoRA-v2,Qwen2.5-7B,LoRA-v2,4460,1.2764937388193203,1.6295,7.107597960354113e-05,trainer_state_qwen2.5v2.json
Qwen2.5-7B · LoRA-v2,Qwen2.5-7B,LoRA-v2,4470,1.279355992844365,1.5136,7.092485818331452e-05,trainer_state_qwen2.5v2.json
Qwen2.5-7B · LoRA-v2,Qwen2.5-7B,LoRA-v2,4480,1.2822182468694097,1.6333,7.077350467000448e-05,trainer_state_qwen2.5v2.json
Qwen2.5-7B · LoRA-v2,Qwen2.5-7B,LoRA-v2,4490,1.2850805008944544,1.6238,7.062192074238479e-05,trainer_state_qwen2.5v2.json
Qwen2.5-7B · LoRA-v2,Qwen2.5-7B,LoRA-v2,4500,1.287942754919499,1.6423,7.04701080817849e-05,trainer_state_qwen2.5v2.json
Qwen2.5-7B · LoRA-v2,Qwen2.5-7B,LoRA-v2,4510,1.2908050089445438,1.5647,7.031806837207139e-05,trainer_state_qwen2.5v2.json
Qwen2.5-7B · LoRA-v2,Qwen2.5-7B,LoRA-v2,4520,1.2936672629695884,1.639,7.016580329962914e-05,trainer_state_qwen2.5v2.json
Qwen2.5-7B · LoRA-v2,Qwen2.5-7B,LoRA-v2,4530,1.2965295169946334,1.5871,7.001331455334275e-05,trainer_state_qwen2.5v2.json
Qwen2.5-7B · LoRA-v2,Qwen2.5-7B,LoRA-v2,4540,1.299391771019678,1.5956,6.986060382457771e-05,trainer_state_qwen2.5v2.json
Qwen2.5-7B · LoRA-v2,Qwen2.5-7B,LoRA-v2,4550,1.3022540250447228,1.5985,6.970767280716168e-05,trainer_state_qwen2.5v2.json
Qwen2.5-7B · LoRA-v2,Qwen2.5-7B,LoRA-v2,4560,1.3051162790697675,1.6215,6.955452319736573e-05,trainer_state_qwen2.5v2.json
Qwen2.5-7B · LoRA-v2,Qwen2.5-7B,LoRA-v2,4570,1.3079785330948122,1.5967,6.940115669388551e-05,trainer_state_qwen2.5v2.json
Qwen2.5-7B · LoRA-v2,Qwen2.5-7B,LoRA-v2,4580,1.3108407871198569,1.6433,6.924757499782237e-05,trainer_state_qwen2.5v2.json
Qwen2.5-7B · LoRA-v2,Qwen2.5-7B,LoRA-v2,4590,1.3137030411449016,1.5798,6.909377981266453e-05,trainer_state_qwen2.5v2.json
Qwen2.5-7B · LoRA-v2,Qwen2.5-7B,LoRA-v2,4600,1.3165652951699465,1.6801,6.893977284426815e-05,trainer_state_qwen2.5v2.json
Qwen2.5-7B · LoRA-v2,Qwen2.5-7B,LoRA-v2,4610,1.319427549194991,1.6776,6.87855558008385e-05,trainer_state_qwen2.5v2.json
Qwen2.5-7B · LoRA-v2,Qwen2.5-7B,LoRA-v2,4620,1.3222898032200359,1.7259,6.863113039291088e-05,trainer_state_qwen2.5v2.json
Qwen2.5-7B · LoRA-v2,Qwen2.5-7B,LoRA-v2,4630,1.3251520572450806,1.5536,6.847649833333174e-05,trainer_state_qwen2.5v2.json
Qwen2.5-7B · LoRA-v2,Qwen2.5-7B,LoRA-v2,4640,1.3280143112701253,1.5938,6.832166133723966e-05,trainer_state_qwen2.5v2.json
Qwen2.5-7B · LoRA-v2,Qwen2.5-7B,LoRA-v2,4650,1.33087656529517,1.7404,6.816662112204633e-05,trainer_state_qwen2.5v2.json
Qwen2.5-7B · LoRA-v2,Qwen2.5-7B,LoRA-v2,4660,1.3337388193202147,1.7626,6.801137940741748e-05,trainer_state_qwen2.5v2.json
Qwen2.5-7B · LoRA-v2,Qwen2.5-7B,LoRA-v2,4670,1.3366010733452593,1.6236,6.785593791525384e-05,trainer_state_qwen2.5v2.json
Qwen2.5-7B · LoRA-v2,Qwen2.5-7B,LoRA-v2,4680,1.339463327370304,1.6355,6.770029836967198e-05,trainer_state_qwen2.5v2.json
Qwen2.5-7B · LoRA-v2,Qwen2.5-7B,LoRA-v2,4690,1.342325581395349,1.6605,6.754446249698525e-05,trainer_state_qwen2.5v2.json
Qwen2.5-7B · LoRA-v2,Qwen2.5-7B,LoRA-v2,4700,1.3451878354203934,1.6294,6.738843202568462e-05,trainer_state_qwen2.5v2.json
Qwen2.5-7B · LoRA-v2,Qwen2.5-7B,LoRA-v2,4710,1.3480500894454384,1.6751,6.723220868641949e-05,trainer_state_qwen2.5v2.json
Qwen2.5-7B · LoRA-v2,Qwen2.5-7B,LoRA-v2,4720,1.350912343470483,1.6983,6.707579421197847e-05,trainer_state_qwen2.5v2.json
Qwen2.5-7B · LoRA-v2,Qwen2.5-7B,LoRA-v2,4730,1.3537745974955278,1.6387,6.691919033727026e-05,trainer_state_qwen2.5v2.json
Qwen2.5-7B · LoRA-v2,Qwen2.5-7B,LoRA-v2,4740,1.3566368515205725,1.6281,6.676239879930428e-05,trainer_state_qwen2.5v2.json
Qwen2.5-7B · LoRA-v2,Qwen2.5-7B,LoRA-v2,4750,1.3594991055456171,1.5919,6.66054213371715e-05,trainer_state_qwen2.5v2.json
Qwen2.5-7B · LoRA-v2,Qwen2.5-7B,LoRA-v2,4760,1.3623613595706618,1.565,6.644825969202504e-05,trainer_state_qwen2.5v2.json
Qwen2.5-7B · LoRA-v2,Qwen2.5-7B,LoRA-v2,4770,1.3652236135957065,1.6316,6.629091560706104e-05,trainer_state_qwen2.5v2.json
Qwen2.5-7B · LoRA-v2,Qwen2.5-7B,LoRA-v2,4780,1.3680858676207515,1.5939,6.613339082749913e-05,trainer_state_qwen2.5v2.json
Qwen2.5-7B · LoRA-v2,Qwen2.5-7B,LoRA-v2,4790,1.370948121645796,1.6815,6.597568710056319e-05,trainer_state_qwen2.5v2.json
Qwen2.5-7B · LoRA-v2,Qwen2.5-7B,LoRA-v2,4800,1.3738103756708409,1.5153,6.581780617546193e-05,trainer_state_qwen2.5v2.json
Qwen2.5-7B · LoRA-v2,Qwen2.5-7B,LoRA-v2,4810,1.3766726296958856,1.7023,6.565974980336952e-05,trainer_state_qwen2.5v2.json
Qwen2.5-7B · LoRA-v2,Qwen2.5-7B,LoRA-v2,4820,1.3795348837209302,1.5652,6.550151973740609e-05,trainer_state_qwen2.5v2.json
Qwen2.5-7B · LoRA-v2,Qwen2.5-7B,LoRA-v2,4830,1.382397137745975,1.6548,6.534311773261839e-05,trainer_state_qwen2.5v2.json
Qwen2.5-7B · LoRA-v2,Qwen2.5-7B,LoRA-v2,4840,1.3852593917710196,1.6977,6.518454554596025e-05,trainer_state_qwen2.5v2.json
Qwen2.5-7B · LoRA-v2,Qwen2.5-7B,LoRA-v2,4850,1.3881216457960643,1.6835,6.50258049362731e-05,trainer_state_qwen2.5v2.json
Qwen2.5-7B · LoRA-v2,Qwen2.5-7B,LoRA-v2,4860,1.390983899821109,1.7041,6.486689766426649e-05,trainer_state_qwen2.5v2.json
Qwen2.5-7B · LoRA-v2,Qwen2.5-7B,LoRA-v2,4870,1.393846153846154,1.5317,6.470782549249854e-05,trainer_state_qwen2.5v2.json
Qwen2.5-7B · LoRA-v2,Qwen2.5-7B,LoRA-v2,4880,1.3967084078711984,1.7022,6.45485901853564e-05,trainer_state_qwen2.5v2.json
Qwen2.5-7B · LoRA-v2,Qwen2.5-7B,LoRA-v2,4890,1.3995706618962434,1.7173,6.43891935090367e-05,trainer_state_qwen2.5v2.json
Qwen2.5-7B · LoRA-v2,Qwen2.5-7B,LoRA-v2,4900,1.402432915921288,1.6838,6.422963723152586e-05,trainer_state_qwen2.5v2.json
Qwen2.5-7B · LoRA-v2,Qwen2.5-7B,LoRA-v2,4910,1.4052951699463327,1.6918,6.406992312258063e-05,trainer_state_qwen2.5v2.json
Qwen2.5-7B · LoRA-v2,Qwen2.5-7B,LoRA-v2,4920,1.4081574239713774,1.6955,6.391005295370836e-05,trainer_state_qwen2.5v2.json
Qwen2.5-7B · LoRA-v2,Qwen2.5-7B,LoRA-v2,4930,1.4110196779964221,1.7096,6.375002849814736e-05,trainer_state_qwen2.5v2.json
Qwen2.5-7B · LoRA-v2,Qwen2.5-7B,LoRA-v2,4940,1.4138819320214668,1.5641,6.358985153084726e-05,trainer_state_qwen2.5v2.json
Qwen2.5-7B · LoRA-v2,Qwen2.5-7B,LoRA-v2,4950,1.4167441860465115,1.6877,6.342952382844933e-05,trainer_state_qwen2.5v2.json
Qwen2.5-7B · LoRA-v2,Qwen2.5-7B,LoRA-v2,4960,1.4196064400715565,1.6483,6.326904716926671e-05,trainer_state_qwen2.5v2.json
Qwen2.5-7B · LoRA-v2,Qwen2.5-7B,LoRA-v2,4970,1.4224686940966011,1.7258,6.31084233332648e-05,trainer_state_qwen2.5v2.json
Qwen2.5-7B · LoRA-v2,Qwen2.5-7B,LoRA-v2,4980,1.4253309481216458,1.719,6.294765410204136e-05,trainer_state_qwen2.5v2.json
Qwen2.5-7B · LoRA-v2,Qwen2.5-7B,LoRA-v2,4990,1.4281932021466905,1.6312,6.278674125880689e-05,trainer_state_qwen2.5v2.json
Qwen2.5-7B · LoRA-v2,Qwen2.5-7B,LoRA-v2,5000,1.4310554561717352,1.659,6.262568658836481e-05,trainer_state_qwen2.5v2.json
Qwen2.5-7B · LoRA-v2,Qwen2.5-7B,LoRA-v2,5010,1.43391771019678,1.7652,6.246449187709158e-05,trainer_state_qwen2.5v2.json
Qwen2.5-7B · LoRA-v2,Qwen2.5-7B,LoRA-v2,5020,1.4367799642218246,1.6859,6.230315891291705e-05,trainer_state_qwen2.5v2.json
Qwen2.5-7B · LoRA-v2,Qwen2.5-7B,LoRA-v2,5030,1.4396422182468693,1.6872,6.214168948530445e-05,trainer_state_qwen2.5v2.json
Qwen2.5-7B · LoRA-v2,Qwen2.5-7B,LoRA-v2,5040,1.442504472271914,1.6574,6.198008538523072e-05,trainer_state_qwen2.5v2.json
Qwen2.5-7B · LoRA-v2,Qwen2.5-7B,LoRA-v2,5050,1.445366726296959,1.7382,6.181834840516644e-05,trainer_state_qwen2.5v2.json
Qwen2.5-7B · LoRA-v2,Qwen2.5-7B,LoRA-v2,5060,1.4482289803220036,1.5623,6.165648033905615e-05,trainer_state_qwen2.5v2.json
Qwen2.5-7B · LoRA-v2,Qwen2.5-7B,LoRA-v2,5070,1.4510912343470483,1.6682,6.149448298229831e-05,trainer_state_qwen2.5v2.json
Qwen2.5-7B · LoRA-v2,Qwen2.5-7B,LoRA-v2,5080,1.453953488372093,1.5952,6.133235813172548e-05,trainer_state_qwen2.5v2.json
Qwen2.5-7B · LoRA-v2,Qwen2.5-7B,LoRA-v2,5090,1.4568157423971377,1.6527,6.117010758558431e-05,trainer_state_qwen2.5v2.json
Qwen2.5-7B · LoRA-v2,Qwen2.5-7B,LoRA-v2,5100,1.4596779964221824,1.59,6.1007733143515644e-05,trainer_state_qwen2.5v2.json
Qwen2.5-7B · LoRA-v2,Qwen2.5-7B,LoRA-v2,5110,1.4625402504472271,1.6304,6.0845236606534574e-05,trainer_state_qwen2.5v2.json
Qwen2.5-7B · LoRA-v2,Qwen2.5-7B,LoRA-v2,5120,1.465402504472272,1.6279,6.0682619777010407e-05,trainer_state_qwen2.5v2.json
Qwen2.5-7B · LoRA-v2,Qwen2.5-7B,LoRA-v2,5130,1.4682647584973165,1.5277,6.0519884458646704e-05,trainer_state_qwen2.5v2.json
Qwen2.5-7B · LoRA-v2,Qwen2.5-7B,LoRA-v2,5140,1.4711270125223614,1.7265,6.035703245646129e-05,trainer_state_qwen2.5v2.json
Qwen2.5-7B · LoRA-v2,Qwen2.5-7B,LoRA-v2,5150,1.4739892665474061,1.7016,6.01940655767662e-05,trainer_state_qwen2.5v2.json
Qwen2.5-7B · LoRA-v2,Qwen2.5-7B,LoRA-v2,5160,1.4768515205724508,1.6886,6.003098562714769e-05,trainer_state_qwen2.5v2.json
Qwen2.5-7B · LoRA-v2,Qwen2.5-7B,LoRA-v2,5170,1.4797137745974955,1.6855,5.98677944164461e-05,trainer_state_qwen2.5v2.json
Qwen2.5-7B · LoRA-v2,Qwen2.5-7B,LoRA-v2,5180,1.4825760286225402,1.6671,5.970449375473591e-05,trainer_state_qwen2.5v2.json
Qwen2.5-7B · LoRA-v2,Qwen2.5-7B,LoRA-v2,5190,1.485438282647585,1.7097,5.954108545330557e-05,trainer_state_qwen2.5v2.json
Qwen2.5-7B · LoRA-v2,Qwen2.5-7B,LoRA-v2,5200,1.4883005366726296,1.6722,5.937757132463746e-05,trainer_state_qwen2.5v2.json
Qwen2.5-7B · LoRA-v2,Qwen2.5-7B,LoRA-v2,5210,1.4911627906976745,1.5945,5.9213953182387746e-05,trainer_state_qwen2.5v2.json
Qwen2.5-7B · LoRA-v2,Qwen2.5-7B,LoRA-v2,5220,1.494025044722719,1.7925,5.905023284136632e-05,trainer_state_qwen2.5v2.json
Qwen2.5-7B · LoRA-v2,Qwen2.5-7B,LoRA-v2,5230,1.496887298747764,1.697,5.8886412117516564e-05,trainer_state_qwen2.5v2.json
Qwen2.5-7B · LoRA-v2,Qwen2.5-7B,LoRA-v2,5240,1.4997495527728086,1.5897,5.8722492827895394e-05,trainer_state_qwen2.5v2.json
Qwen2.5-7B · LoRA-v2,Qwen2.5-7B,LoRA-v2,5250,1.5026118067978533,1.6126,5.855847679065288e-05,trainer_state_qwen2.5v2.json
Qwen2.5-7B · LoRA-v2,Qwen2.5-7B,LoRA-v2,5260,1.505474060822898,1.6438,5.839436582501224e-05,trainer_state_qwen2.5v2.json
Qwen2.5-7B · LoRA-v2,Qwen2.5-7B,LoRA-v2,5270,1.5083363148479427,1.5886,5.823016175124963e-05,trainer_state_qwen2.5v2.json
Qwen2.5-7B · LoRA-v2,Qwen2.5-7B,LoRA-v2,5280,1.5111985688729874,1.5683,5.806586639067394e-05,trainer_state_qwen2.5v2.json
Qwen2.5-7B · LoRA-v2,Qwen2.5-7B,LoRA-v2,5290,1.5140608228980321,1.5998,5.790148156560652e-05,trainer_state_qwen2.5v2.json
Qwen2.5-7B · LoRA-v2,Qwen2.5-7B,LoRA-v2,5300,1.516923076923077,1.7598,5.7737009099361116e-05,trainer_state_qwen2.5v2.json
Qwen2.5-7B · LoRA-v2,Qwen2.5-7B,LoRA-v2,5310,1.5197853309481215,1.6394,5.757245081622354e-05,trainer_state_qwen2.5v2.json
Qwen2.5-7B · LoRA-v2,Qwen2.5-7B,LoRA-v2,5320,1.5226475849731664,1.6816,5.740780854143144e-05,trainer_state_qwen2.5v2.json
Qwen2.5-7B · LoRA-v2,Qwen2.5-7B,LoRA-v2,5330,1.5255098389982111,1.5672,5.724308410115411e-05,trainer_state_qwen2.5v2.json
Qwen2.5-7B · LoRA-v2,Qwen2.5-7B,LoRA-v2,5340,1.5283720930232558,1.7198,5.707827932247219e-05,trainer_state_qwen2.5v2.json
Qwen2.5-7B · LoRA-v2,Qwen2.5-7B,LoRA-v2,5350,1.5312343470483005,1.6057,5.691339603335738e-05,trainer_state_qwen2.5v2.json
Qwen2.5-7B · LoRA-v2,Qwen2.5-7B,LoRA-v2,5360,1.5340966010733452,1.6572,5.674843606265229e-05,trainer_state_qwen2.5v2.json
Qwen2.5-7B · LoRA-v2,Qwen2.5-7B,LoRA-v2,5370,1.5369588550983901,1.6601,5.658340124004995e-05,trainer_state_qwen2.5v2.json
Qwen2.5-7B · LoRA-v2,Qwen2.5-7B,LoRA-v2,5380,1.5398211091234346,1.495,5.641829339607372e-05,trainer_state_qwen2.5v2.json
Qwen2.5-7B · LoRA-v2,Qwen2.5-7B,LoRA-v2,5390,1.5426833631484795,1.6819,5.625311436205682e-05,trainer_state_qwen2.5v2.json
Qwen2.5-7B · LoRA-v2,Qwen2.5-7B,LoRA-v2,5400,1.545545617173524,1.6429,5.608786597012212e-05,trainer_state_qwen2.5v2.json
Qwen2.5-7B · LoRA-v2,Qwen2.5-7B,LoRA-v2,5410,1.548407871198569,1.6466,5.592255005316183e-05,trainer_state_qwen2.5v2.json
Qwen2.5-7B · LoRA-v2,Qwen2.5-7B,LoRA-v2,5420,1.5512701252236136,1.6248,5.575716844481706e-05,trainer_state_qwen2.5v2.json
Qwen2.5-7B · LoRA-v2,Qwen2.5-7B,LoRA-v2,5430,1.5541323792486583,1.6554,5.55917229794576e-05,trainer_state_qwen2.5v2.json
Qwen2.5-7B · LoRA-v2,Qwen2.5-7B,LoRA-v2,5440,1.556994633273703,1.608,5.542621549216154e-05,trainer_state_qwen2.5v2.json
Qwen2.5-7B · LoRA-v2,Qwen2.5-7B,LoRA-v2,5450,1.5598568872987477,1.7032,5.526064781869482e-05,trainer_state_qwen2.5v2.json
Qwen2.5-7B · LoRA-v2,Qwen2.5-7B,LoRA-v2,5460,1.5627191413237926,1.6159,5.509502179549105e-05,trainer_state_qwen2.5v2.json
Qwen2.5-7B · LoRA-v2,Qwen2.5-7B,LoRA-v2,5470,1.5655813953488371,1.5777,5.4929339259630976e-05,trainer_state_qwen2.5v2.json
Qwen2.5-7B · LoRA-v2,Qwen2.5-7B,LoRA-v2,5480,1.568443649373882,1.6034,5.476360204882215e-05,trainer_state_qwen2.5v2.json
Qwen2.5-7B · LoRA-v2,Qwen2.5-7B,LoRA-v2,5490,1.5713059033989265,1.5841,5.459781200137866e-05,trainer_state_qwen2.5v2.json
Qwen2.5-7B · LoRA-v2,Qwen2.5-7B,LoRA-v2,5500,1.5741681574239714,1.6075,5.443197095620053e-05,trainer_state_qwen2.5v2.json
Qwen2.5-7B · LoRA-v2,Qwen2.5-7B,LoRA-v2,5510,1.5770304114490161,1.6463,5.42660807527535e-05,trainer_state_qwen2.5v2.json
Qwen2.5-7B · LoRA-v2,Qwen2.5-7B,LoRA-v2,5520,1.5798926654740608,1.6873,5.41001432310486e-05,trainer_state_qwen2.5v2.json
Qwen2.5-7B · LoRA-v2,Qwen2.5-7B,LoRA-v2,5530,1.5827549194991055,1.7127,5.393416023162158e-05,trainer_state_qwen2.5v2.json
Qwen2.5-7B · LoRA-v2,Qwen2.5-7B,LoRA-v2,5540,1.5856171735241502,1.6552,5.376813359551275e-05,trainer_state_qwen2.5v2.json
Qwen2.5-7B · LoRA-v2,Qwen2.5-7B,LoRA-v2,5550,1.5884794275491951,1.5484,5.3602065164246326e-05,trainer_state_qwen2.5v2.json
Qwen2.5-7B · LoRA-v2,Qwen2.5-7B,LoRA-v2,5560,1.5913416815742396,1.7642,5.343595677981017e-05,trainer_state_qwen2.5v2.json
Qwen2.5-7B · LoRA-v2,Qwen2.5-7B,LoRA-v2,5570,1.5942039355992845,1.6347,5.3269810284635254e-05,trainer_state_qwen2.5v2.json
Qwen2.5-7B · LoRA-v2,Qwen2.5-7B,LoRA-v2,5580,1.597066189624329,1.5799,5.310362752157531e-05,trainer_state_qwen2.5v2.json
Qwen2.5-7B · LoRA-v2,Qwen2.5-7B,LoRA-v2,5590,1.599928443649374,1.5291,5.293741033388625e-05,trainer_state_qwen2.5v2.json
Qwen2.5-7B · LoRA-v2,Qwen2.5-7B,LoRA-v2,5600,1.6027906976744186,1.5357,5.277116056520595e-05,trainer_state_qwen2.5v2.json
Qwen2.5-7B · LoRA-v2,Qwen2.5-7B,LoRA-v2,5610,1.6056529516994633,1.7119,5.260488005953357e-05,trainer_state_qwen2.5v2.json
Qwen2.5-7B · LoRA-v2,Qwen2.5-7B,LoRA-v2,5620,1.608515205724508,1.6694,5.243857066120919e-05,trainer_state_qwen2.5v2.json
Qwen2.5-7B · LoRA-v2,Qwen2.5-7B,LoRA-v2,5630,1.6113774597495527,1.5264,5.227223421489345e-05,trainer_state_qwen2.5v2.json
Qwen2.5-7B · LoRA-v2,Qwen2.5-7B,LoRA-v2,5640,1.6142397137745976,1.5423,5.2105872565546886e-05,trainer_state_qwen2.5v2.json
Qwen2.5-7B · LoRA-v2,Qwen2.5-7B,LoRA-v2,5650,1.617101967799642,1.7114,5.193948755840967e-05,trainer_state_qwen2.5v2.json
Qwen2.5-7B · LoRA-v2,Qwen2.5-7B,LoRA-v2,5660,1.619964221824687,1.6056,5.177308103898102e-05,trainer_state_qwen2.5v2.json
Qwen2.5-7B · LoRA-v2,Qwen2.5-7B,LoRA-v2,5670,1.6228264758497315,1.6924,5.1606654852998705e-05,trainer_state_qwen2.5v2.json
Qwen2.5-7B · LoRA-v2,Qwen2.5-7B,LoRA-v2,5680,1.6256887298747764,1.7569,5.144021084641876e-05,trainer_state_qwen2.5v2.json
Qwen2.5-7B · LoRA-v2,Qwen2.5-7B,LoRA-v2,5690,1.6285509838998211,1.6405,5.1273750865394765e-05,trainer_state_qwen2.5v2.json
Qwen2.5-7B · LoRA-v2,Qwen2.5-7B,LoRA-v2,5700,1.6314132379248658,1.7412,5.1107276756257516e-05,trainer_state_qwen2.5v2.json
Qwen2.5-7B · LoRA-v2,Qwen2.5-7B,LoRA-v2,5710,1.6342754919499105,1.5915,5.094079036549455e-05,trainer_state_qwen2.5v2.json
Qwen2.5-7B · LoRA-v2,Qwen2.5-7B,LoRA-v2,5720,1.6371377459749552,1.6139,5.077429353972959e-05,trainer_state_qwen2.5v2.json
Qwen2.5-7B · LoRA-v2,Qwen2.5-7B,LoRA-v2,5730,1.6400000000000001,1.5045,5.060778812570213e-05,trainer_state_qwen2.5v2.json
Qwen2.5-7B · LoRA-v2,Qwen2.5-7B,LoRA-v2,5740,1.6428622540250446,1.6419,5.044127597024688e-05,trainer_state_qwen2.5v2.json
Qwen2.5-7B · LoRA-v2,Qwen2.5-7B,LoRA-v2,5750,1.6457245080500895,1.7134,5.027475892027336e-05,trainer_state_qwen2.5v2.json
Qwen2.5-7B · LoRA-v2,Qwen2.5-7B,LoRA-v2,5760,1.6485867620751342,1.5281,5.010823882274538e-05,trainer_state_qwen2.5v2.json
Qwen2.5-7B · LoRA-v2,Qwen2.5-7B,LoRA-v2,5770,1.651449016100179,1.5722,4.994171752466054e-05,trainer_state_qwen2.5v2.json
Qwen2.5-7B · LoRA-v2,Qwen2.5-7B,LoRA-v2,5780,1.6543112701252236,1.7274,4.977519687302974e-05,trainer_state_qwen2.5v2.json
Qwen2.5-7B · LoRA-v2,Qwen2.5-7B,LoRA-v2,5790,1.6571735241502683,1.6441,4.960867871485675e-05,trainer_state_qwen2.5v2.json
Qwen2.5-7B · LoRA-v2,Qwen2.5-7B,LoRA-v2,5800,1.660035778175313,1.7803,4.944216489711766e-05,trainer_state_qwen2.5v2.json
Qwen2.5-7B · LoRA-v2,Qwen2.5-7B,LoRA-v2,5810,1.6628980322003577,1.682,4.927565726674041e-05,trainer_state_qwen2.5v2.json
Qwen2.5-7B · LoRA-v2,Qwen2.5-7B,LoRA-v2,5820,1.6657602862254026,1.6178,4.910915767058433e-05,trainer_state_qwen2.5v2.json
Qwen2.5-7B · LoRA-v2,Qwen2.5-7B,LoRA-v2,5830,1.668622540250447,1.7255,4.8942667955419606e-05,trainer_state_qwen2.5v2.json
Qwen2.5-7B · LoRA-v2,Qwen2.5-7B,LoRA-v2,5840,1.671484794275492,1.6498,4.877618996790688e-05,trainer_state_qwen2.5v2.json
Qwen2.5-7B · LoRA-v2,Qwen2.5-7B,LoRA-v2,5850,1.6743470483005367,1.6563,4.860972555457663e-05,trainer_state_qwen2.5v2.json
Qwen2.5-7B · LoRA-v2,Qwen2.5-7B,LoRA-v2,5860,1.6772093023255814,1.568,4.844327656180888e-05,trainer_state_qwen2.5v2.json
Qwen2.5-7B · LoRA-v2,Qwen2.5-7B,LoRA-v2,5870,1.680071556350626,1.6473,4.8276844835812524e-05,trainer_state_qwen2.5v2.json
Qwen2.5-7B · LoRA-v2,Qwen2.5-7B,LoRA-v2,5880,1.6829338103756708,1.6007,4.8110432222604975e-05,trainer_state_qwen2.5v2.json
Qwen2.5-7B · LoRA-v2,Qwen2.5-7B,LoRA-v2,5890,1.6857960644007157,1.7123,4.7944040567991654e-05,trainer_state_qwen2.5v2.json
Qwen2.5-7B · LoRA-v2,Qwen2.5-7B,LoRA-v2,5900,1.6886583184257602,1.5888,4.77776717175455e-05,trainer_state_qwen2.5v2.json
Qwen2.5-7B · LoRA-v2,Qwen2.5-7B,LoRA-v2,5910,1.6915205724508051,1.691,4.761132751658653e-05,trainer_state_qwen2.5v2.json
Qwen2.5-7B · LoRA-v2,Qwen2.5-7B,LoRA-v2,5920,1.6943828264758496,1.6115,4.744500981016134e-05,trainer_state_qwen2.5v2.json
Qwen2.5-7B · LoRA-v2,Qwen2.5-7B,LoRA-v2,5930,1.6972450805008945,1.5994,4.727872044302269e-05,trainer_state_qwen2.5v2.json
Qwen2.5-7B · LoRA-v2,Qwen2.5-7B,LoRA-v2,5940,1.7001073345259392,1.6434,4.711246125960892e-05,trainer_state_qwen2.5v2.json
Qwen2.5-7B · LoRA-v2,Qwen2.5-7B,LoRA-v2,5950,1.702969588550984,1.7016,4.6946234104023683e-05,trainer_state_qwen2.5v2.json
Qwen2.5-7B · LoRA-v2,Qwen2.5-7B,LoRA-v2,5960,1.7058318425760286,1.49,4.6780040820015366e-05,trainer_state_qwen2.5v2.json
Qwen2.5-7B · LoRA-v2,Qwen2.5-7B,LoRA-v2,5970,1.7086940966010733,1.6861,4.661388325095659e-05,trainer_state_qwen2.5v2.json
Qwen2.5-7B · LoRA-v2,Qwen2.5-7B,LoRA-v2,5980,1.7115563506261182,1.7398,4.644776323982394e-05,trainer_state_qwen2.5v2.json
Qwen2.5-7B · LoRA-v2,Qwen2.5-7B,LoRA-v2,5990,1.7144186046511627,1.6304,4.628168262917731e-05,trainer_state_qwen2.5v2.json
Qwen2.5-7B · LoRA-v2,Qwen2.5-7B,LoRA-v2,6000,1.7172808586762076,1.7529,4.611564326113967e-05,trainer_state_qwen2.5v2.json
Qwen2.5-7B · LoRA-v2,Qwen2.5-7B,LoRA-v2,6010,1.720143112701252,1.764,4.594964697737646e-05,trainer_state_qwen2.5v2.json
Qwen2.5-7B · LoRA-v2,Qwen2.5-7B,LoRA-v2,6020,1.723005366726297,1.6576,4.5783695619075313e-05,trainer_state_qwen2.5v2.json
Qwen2.5-7B · LoRA-v2,Qwen2.5-7B,LoRA-v2,6030,1.7258676207513417,1.6155,4.5617791026925494e-05,trainer_state_qwen2.5v2.json
Qwen2.5-7B · LoRA-v2,Qwen2.5-7B,LoRA-v2,6040,1.7287298747763864,1.634,4.545193504109759e-05,trainer_state_qwen2.5v2.json
Qwen2.5-7B · LoRA-v2,Qwen2.5-7B,LoRA-v2,6050,1.731592128801431,1.6492,4.5286129501223065e-05,trainer_state_qwen2.5v2.json
Qwen2.5-7B · LoRA-v2,Qwen2.5-7B,LoRA-v2,6060,1.7344543828264758,1.5386,4.512037624637381e-05,trainer_state_qwen2.5v2.json
Qwen2.5-7B · LoRA-v2,Qwen2.5-7B,LoRA-v2,6070,1.7373166368515207,1.5812,4.495467711504183e-05,trainer_state_qwen2.5v2.json
Qwen2.5-7B · LoRA-v2,Qwen2.5-7B,LoRA-v2,6080,1.7401788908765652,1.5699,4.478903394511875e-05,trainer_state_qwen2.5v2.json
Qwen2.5-7B · LoRA-v2,Qwen2.5-7B,LoRA-v2,6090,1.74304114490161,1.6101,4.462344857387558e-05,trainer_state_qwen2.5v2.json
Qwen2.5-7B · LoRA-v2,Qwen2.5-7B,LoRA-v2,6100,1.7459033989266546,1.5638,4.445792283794211e-05,trainer_state_qwen2.5v2.json
Qwen2.5-7B · LoRA-v2,Qwen2.5-7B,LoRA-v2,6110,1.7487656529516995,1.5363,4.429245857328676e-05,trainer_state_qwen2.5v2.json
Qwen2.5-7B · LoRA-v2,Qwen2.5-7B,LoRA-v2,6120,1.7516279069767442,1.6949,4.412705761519616e-05,trainer_state_qwen2.5v2.json
Qwen2.5-7B · LoRA-v2,Qwen2.5-7B,LoRA-v2,6130,1.754490161001789,1.6273,4.396172179825466e-05,trainer_state_qwen2.5v2.json
Qwen2.5-7B · LoRA-v2,Qwen2.5-7B,LoRA-v2,6140,1.7573524150268336,1.5294,4.379645295632414e-05,trainer_state_qwen2.5v2.json
Qwen2.5-7B · LoRA-v2,Qwen2.5-7B,LoRA-v2,6150,1.7602146690518783,1.6152,4.3631252922523606e-05,trainer_state_qwen2.5v2.json
Qwen2.5-7B · LoRA-v2,Qwen2.5-7B,LoRA-v2,6160,1.7630769230769232,1.6373,4.3466123529208855e-05,trainer_state_qwen2.5v2.json
Qwen2.5-7B · LoRA-v2,Qwen2.5-7B,LoRA-v2,6170,1.7659391771019677,1.7538,4.330106660795214e-05,trainer_state_qwen2.5v2.json
Qwen2.5-7B · LoRA-v2,Qwen2.5-7B,LoRA-v2,6180,1.7688014311270126,1.6826,4.313608398952194e-05,trainer_state_qwen2.5v2.json
Qwen2.5-7B · LoRA-v2,Qwen2.5-7B,LoRA-v2,6190,1.7716636851520573,1.6203,4.297117750386249e-05,trainer_state_qwen2.5v2.json
Qwen2.5-7B · LoRA-v2,Qwen2.5-7B,LoRA-v2,6200,1.774525939177102,1.618,4.2806348980073656e-05,trainer_state_qwen2.5v2.json
Qwen2.5-7B · LoRA-v2,Qwen2.5-7B,LoRA-v2,6210,1.7773881932021467,1.593,4.264160024639055e-05,trainer_state_qwen2.5v2.json
Qwen2.5-7B · LoRA-v2,Qwen2.5-7B,LoRA-v2,6220,1.7802504472271914,1.747,4.2476933130163245e-05,trainer_state_qwen2.5v2.json
Qwen2.5-7B · LoRA-v2,Qwen2.5-7B,LoRA-v2,6230,1.783112701252236,1.4984,4.231234945783659e-05,trainer_state_qwen2.5v2.json
Qwen2.5-7B · LoRA-v2,Qwen2.5-7B,LoRA-v2,6240,1.7859749552772808,1.5731,4.21478510549298e-05,trainer_state_qwen2.5v2.json
Qwen2.5-7B · LoRA-v2,Qwen2.5-7B,LoRA-v2,6250,1.7888372093023257,1.6655,4.1983439746016444e-05,trainer_state_qwen2.5v2.json
Qwen2.5-7B · LoRA-v2,Qwen2.5-7B,LoRA-v2,6260,1.7916994633273702,1.6646,4.181911735470393e-05,trainer_state_qwen2.5v2.json
Qwen2.5-7B · LoRA-v2,Qwen2.5-7B,LoRA-v2,6270,1.794561717352415,1.6156,4.165488570361349e-05,trainer_state_qwen2.5v2.json
Qwen2.5-7B · LoRA-v2,Qwen2.5-7B,LoRA-v2,6280,1.7974239713774598,1.6817,4.1490746614359907e-05,trainer_state_qwen2.5v2.json
Qwen2.5-7B · LoRA-v2,Qwen2.5-7B,LoRA-v2,6290,1.8002862254025045,1.5533,4.132670190753122e-05,trainer_state_qwen2.5v2.json
Qwen2.5-7B · LoRA-v2,Qwen2.5-7B,LoRA-v2,6300,1.8031484794275492,1.5149,4.1162753402668665e-05,trainer_state_qwen2.5v2.json
Qwen2.5-7B · LoRA-v2,Qwen2.5-7B,LoRA-v2,6310,1.8060107334525939,1.5859,4.099890291824638e-05,trainer_state_qwen2.5v2.json
Qwen2.5-7B · LoRA-v2,Qwen2.5-7B,LoRA-v2,6320,1.8088729874776388,1.6568,4.083515227165135e-05,trainer_state_qwen2.5v2.json
Qwen2.5-7B · LoRA-v2,Qwen2.5-7B,LoRA-v2,6330,1.8117352415026833,1.5958,4.0671503279163106e-05,trainer_state_qwen2.5v2.json
Qwen2.5-7B · LoRA-v2,Qwen2.5-7B,LoRA-v2,6340,1.8145974955277282,1.6297,4.050795775593374e-05,trainer_state_qwen2.5v2.json
Qwen2.5-7B · LoRA-v2,Qwen2.5-7B,LoRA-v2,6350,1.8174597495527727,1.7826,4.0344517515967626e-05,trainer_state_qwen2.5v2.json
Qwen2.5-7B · LoRA-v2,Qwen2.5-7B,LoRA-v2,6360,1.8203220035778176,1.633,4.018118437210139e-05,trainer_state_qwen2.5v2.json
Qwen2.5-7B · LoRA-v2,Qwen2.5-7B,LoRA-v2,6370,1.8231842576028623,1.6033,4.0017960135983793e-05,trainer_state_qwen2.5v2.json
Qwen2.5-7B · LoRA-v2,Qwen2.5-7B,LoRA-v2,6380,1.826046511627907,1.8586,3.9854846618055556e-05,trainer_state_qwen2.5v2.json
Qwen2.5-7B · LoRA-v2,Qwen2.5-7B,LoRA-v2,6390,1.8289087656529517,1.6611,3.969184562752945e-05,trainer_state_qwen2.5v2.json
Qwen2.5-7B · LoRA-v2,Qwen2.5-7B,LoRA-v2,6400,1.8317710196779964,1.7061,3.9528958972370004e-05,trainer_state_qwen2.5v2.json
Qwen2.5-7B · LoRA-v2,Qwen2.5-7B,LoRA-v2,6410,1.8346332737030413,1.6925,3.936618845927365e-05,trainer_state_qwen2.5v2.json
Qwen2.5-7B · LoRA-v2,Qwen2.5-7B,LoRA-v2,6420,1.8374955277280858,1.5451,3.920353589364855e-05,trainer_state_qwen2.5v2.json
Qwen2.5-7B · LoRA-v2,Qwen2.5-7B,LoRA-v2,6430,1.8403577817531307,1.4395,3.904100307959467e-05,trainer_state_qwen2.5v2.json
Qwen2.5-7B · LoRA-v2,Qwen2.5-7B,LoRA-v2,6440,1.8432200357781752,1.7292,3.887859181988371e-05,trainer_state_qwen2.5v2.json
Qwen2.5-7B · LoRA-v2,Qwen2.5-7B,LoRA-v2,6450,1.84608228980322,1.6098,3.8716303915939086e-05,trainer_state_qwen2.5v2.json
Qwen2.5-7B · LoRA-v2,Qwen2.5-7B,LoRA-v2,6460,1.8489445438282648,1.4613,3.8554141167816034e-05,trainer_state_qwen2.5v2.json
Qwen2.5-7B · LoRA-v2,Qwen2.5-7B,LoRA-v2,6470,1.8518067978533095,1.6461,3.839210537418155e-05,trainer_state_qwen2.5v2.json
Qwen2.5-7B · LoRA-v2,Qwen2.5-7B,LoRA-v2,6480,1.8546690518783542,1.5094,3.823019833229452e-05,trainer_state_qwen2.5v2.json
Qwen2.5-7B · LoRA-v2,Qwen2.5-7B,LoRA-v2,6490,1.8575313059033989,1.5327,3.806842183798572e-05,trainer_state_qwen2.5v2.json
Qwen2.5-7B · LoRA-v2,Qwen2.5-7B,LoRA-v2,6500,1.8603935599284438,1.7448,3.7906777685637966e-05,trainer_state_qwen2.5v2.json
Qwen2.5-7B · LoRA-v2,Qwen2.5-7B,LoRA-v2,6510,1.8632558139534883,1.5553,3.774526766816609e-05,trainer_state_qwen2.5v2.json
Qwen2.5-7B · LoRA-v2,Qwen2.5-7B,LoRA-v2,6520,1.8661180679785332,1.5855,3.758389357699724e-05,trainer_state_qwen2.5v2.json
Qwen2.5-7B · LoRA-v2,Qwen2.5-7B,LoRA-v2,6530,1.8689803220035777,1.652,3.742265720205086e-05,trainer_state_qwen2.5v2.json
Qwen2.5-7B · LoRA-v2,Qwen2.5-7B,LoRA-v2,6540,1.8718425760286226,1.5822,3.7261560331718824e-05,trainer_state_qwen2.5v2.json
Qwen2.5-7B · LoRA-v2,Qwen2.5-7B,LoRA-v2,6550,1.8747048300536673,1.6541,3.710060475284577e-05,trainer_state_qwen2.5v2.json
Qwen2.5-7B · LoRA-v2,Qwen2.5-7B,LoRA-v2,6560,1.877567084078712,1.5832,3.6939792250709053e-05,trainer_state_qwen2.5v2.json
Qwen2.5-7B · LoRA-v2,Qwen2.5-7B,LoRA-v2,6570,1.8804293381037567,1.6829,3.6779124608999146e-05,trainer_state_qwen2.5v2.json
Qwen2.5-7B · LoRA-v2,Qwen2.5-7B,LoRA-v2,6580,1.8832915921288014,1.753,3.661860360979972e-05,trainer_state_qwen2.5v2.json
Qwen2.5-7B · LoRA-v2,Qwen2.5-7B,LoRA-v2,6590,1.8861538461538463,1.6324,3.6458231033567944e-05,trainer_state_qwen2.5v2.json
Qwen2.5-7B · LoRA-v2,Qwen2.5-7B,LoRA-v2,6600,1.8890161001788908,1.6639,3.6298008659114716e-05,trainer_state_qwen2.5v2.json
Qwen2.5-7B · LoRA-v2,Qwen2.5-7B,LoRA-v2,6610,1.8918783542039357,1.733,3.6137938263584926e-05,trainer_state_qwen2.5v2.json
Qwen2.5-7B · LoRA-v2,Qwen2.5-7B,LoRA-v2,6620,1.8947406082289802,1.7222,3.597802162243776e-05,trainer_state_qwen2.5v2.json
Qwen2.5-7B · LoRA-v2,Qwen2.5-7B,LoRA-v2,6630,1.897602862254025,1.6358,3.581826050942701e-05,trainer_state_qwen2.5v2.json
Qwen2.5-7B · LoRA-v2,Qwen2.5-7B,LoRA-v2,6640,1.9004651162790698,1.6459,3.565865669658138e-05,trainer_state_qwen2.5v2.json
Qwen2.5-7B · LoRA-v2,Qwen2.5-7B,LoRA-v2,6650,1.9033273703041145,1.6037,3.549921195418481e-05,trainer_state_qwen2.5v2.json
Qwen2.5-7B · LoRA-v2,Qwen2.5-7B,LoRA-v2,6660,1.9061896243291592,1.4236,3.533992805075696e-05,trainer_state_qwen2.5v2.json
Qwen2.5-7B · LoRA-v2,Qwen2.5-7B,LoRA-v2,6670,1.9090518783542039,1.6489,3.5180806753033395e-05,trainer_state_qwen2.5v2.json
Qwen2.5-7B · LoRA-v2,Qwen2.5-7B,LoRA-v2,6680,1.9119141323792488,1.607,3.5021849825946175e-05,trainer_state_qwen2.5v2.json
Qwen2.5-7B · LoRA-v2,Qwen2.5-7B,LoRA-v2,6690,1.9147763864042933,1.6633,3.4863059032604205e-05,trainer_state_qwen2.5v2.json
Qwen2.5-7B · LoRA-v2,Qwen2.5-7B,LoRA-v2,6700,1.9176386404293382,1.474,3.470443613427362e-05,trainer_state_qwen2.5v2.json
Qwen2.5-7B · LoRA-v2,Qwen2.5-7B,LoRA-v2,6710,1.9205008944543829,1.5793,3.454598289035838e-05,trainer_state_qwen2.5v2.json
Qwen2.5-7B · LoRA-v2,Qwen2.5-7B,LoRA-v2,6720,1.9233631484794276,1.7021,3.4387701058380606e-05,trainer_state_qwen2.5v2.json
Qwen2.5-7B · LoRA-v2,Qwen2.5-7B,LoRA-v2,6730,1.9262254025044723,1.5646,3.422959239396124e-05,trainer_state_qwen2.5v2.json
Qwen2.5-7B · LoRA-v2,Qwen2.5-7B,LoRA-v2,6740,1.929087656529517,1.7403,3.4071658650800424e-05,trainer_state_qwen2.5v2.json
Qwen2.5-7B · LoRA-v2,Qwen2.5-7B,LoRA-v2,6750,1.9319499105545617,1.618,3.391390158065817e-05,trainer_state_qwen2.5v2.json
Qwen2.5-7B · LoRA-v2,Qwen2.5-7B,LoRA-v2,6760,1.9348121645796064,1.5625,3.375632293333486e-05,trainer_state_qwen2.5v2.json
Qwen2.5-7B · LoRA-v2,Qwen2.5-7B,LoRA-v2,6770,1.9376744186046513,1.674,3.359892445665185e-05,trainer_state_qwen2.5v2.json
Qwen2.5-7B · LoRA-v2,Qwen2.5-7B,LoRA-v2,6780,1.9405366726296958,1.5419,3.3441707896432106e-05,trainer_state_qwen2.5v2.json
Qwen2.5-7B · LoRA-v2,Qwen2.5-7B,LoRA-v2,6790,1.9433989266547407,1.708,3.32846749964808e-05,trainer_state_qwen2.5v2.json
Qwen2.5-7B · LoRA-v2,Qwen2.5-7B,LoRA-v2,6800,1.9462611806797854,1.6639,3.312782749856604e-05,trainer_state_qwen2.5v2.json
Qwen2.5-7B · LoRA-v2,Qwen2.5-7B,LoRA-v2,6810,1.94912343470483,1.6257,3.297116714239941e-05,trainer_state_qwen2.5v2.json
Qwen2.5-7B · LoRA-v2,Qwen2.5-7B,LoRA-v2,6820,1.9519856887298748,1.6765,3.281469566561689e-05,trainer_state_qwen2.5v2.json
Qwen2.5-7B · LoRA-v2,Qwen2.5-7B,LoRA-v2,6830,1.9548479427549195,1.6733,3.265841480375935e-05,trainer_state_qwen2.5v2.json
Qwen2.5-7B · LoRA-v2,Qwen2.5-7B,LoRA-v2,6840,1.9577101967799644,1.6171,3.250232629025347e-05,trainer_state_qwen2.5v2.json
Qwen2.5-7B · LoRA-v2,Qwen2.5-7B,LoRA-v2,6850,1.9605724508050089,1.647,3.234643185639244e-05,trainer_state_qwen2.5v2.json
Qwen2.5-7B · LoRA-v2,Qwen2.5-7B,LoRA-v2,6860,1.9634347048300538,1.6855,3.219073323131676e-05,trainer_state_qwen2.5v2.json
Qwen2.5-7B · LoRA-v2,Qwen2.5-7B,LoRA-v2,6870,1.9662969588550983,1.6058,3.203523214199509e-05,trainer_state_qwen2.5v2.json
Qwen2.5-7B · LoRA-v2,Qwen2.5-7B,LoRA-v2,6880,1.9691592128801432,1.578,3.187993031320503e-05,trainer_state_qwen2.5v2.json
Qwen2.5-7B · LoRA-v2,Qwen2.5-7B,LoRA-v2,6890,1.9720214669051879,1.5724,3.1724829467514086e-05,trainer_state_qwen2.5v2.json
Qwen2.5-7B · LoRA-v2,Qwen2.5-7B,LoRA-v2,6900,1.9748837209302326,1.6661,3.1569931325260485e-05,trainer_state_qwen2.5v2.json
Qwen2.5-7B · LoRA-v2,Qwen2.5-7B,LoRA-v2,6910,1.9777459749552773,1.7127,3.141523760453413e-05,trainer_state_qwen2.5v2.json
Qwen2.5-7B · LoRA-v2,Qwen2.5-7B,LoRA-v2,6920,1.980608228980322,1.6203,3.12607500211575e-05,trainer_state_qwen2.5v2.json
Qwen2.5-7B · LoRA-v2,Qwen2.5-7B,LoRA-v2,6930,1.9834704830053669,1.6826,3.110647028866672e-05,trainer_state_qwen2.5v2.json
Qwen2.5-7B · LoRA-v2,Qwen2.5-7B,LoRA-v2,6940,1.9863327370304114,1.5112,3.095240011829244e-05,trainer_state_qwen2.5v2.json
Qwen2.5-7B · LoRA-v2,Qwen2.5-7B,LoRA-v2,6950,1.9891949910554563,1.6989,3.079854121894087e-05,trainer_state_qwen2.5v2.json
Qwen2.5-7B · LoRA-v2,Qwen2.5-7B,LoRA-v2,6960,1.9920572450805007,1.708,3.064489529717496e-05,trainer_state_qwen2.5v2.json
Qwen2.5-7B · LoRA-v2,Qwen2.5-7B,LoRA-v2,6970,1.9949194991055457,1.6319,3.0491464057195252e-05,trainer_state_qwen2.5v2.json
Qwen2.5-7B · LoRA-v2,Qwen2.5-7B,LoRA-v2,6980,1.9977817531305904,1.5671,3.0338249200821165e-05,trainer_state_qwen2.5v2.json
Qwen2.5-7B · LoRA-v2,Qwen2.5-7B,LoRA-v2,6990,2.000572450805009,1.6739,3.0185252427472022e-05,trainer_state_qwen2.5v2.json
Qwen2.5-7B · LoRA-v2,Qwen2.5-7B,LoRA-v2,7000,2.003434704830054,1.4127,3.0032475434148234e-05,trainer_state_qwen2.5v2.json
Qwen2.5-7B · LoRA-v2,Qwen2.5-7B,LoRA-v2,7010,2.0062969588550983,1.4726,2.9879919915412467e-05,trainer_state_qwen2.5v2.json
Qwen2.5-7B · LoRA-v2,Qwen2.5-7B,LoRA-v2,7020,2.009159212880143,1.3614,2.972758756337085e-05,trainer_state_qwen2.5v2.json
Qwen2.5-7B · LoRA-v2,Qwen2.5-7B,LoRA-v2,7030,2.0120214669051877,1.5633,2.957548006765421e-05,trainer_state_qwen2.5v2.json
Qwen2.5-7B · LoRA-v2,Qwen2.5-7B,LoRA-v2,7040,2.0148837209302326,1.4238,2.9423599115399302e-05,trainer_state_qwen2.5v2.json
Qwen2.5-7B · LoRA-v2,Qwen2.5-7B,LoRA-v2,7050,2.017745974955277,1.4073,2.9271946391230155e-05,trainer_state_qwen2.5v2.json
Qwen2.5-7B · LoRA-v2,Qwen2.5-7B,LoRA-v2,7060,2.020608228980322,1.5215,2.9120523577239316e-05,trainer_state_qwen2.5v2.json
Qwen2.5-7B · LoRA-v2,Qwen2.5-7B,LoRA-v2,7070,2.023470483005367,1.4028,2.896933235296927e-05,trainer_state_qwen2.5v2.json
Qwen2.5-7B · LoRA-v2,Qwen2.5-7B,LoRA-v2,7080,2.0263327370304114,1.3596,2.881837439539372e-05,trainer_state_qwen2.5v2.json
Qwen2.5-7B · LoRA-v2,Qwen2.5-7B,LoRA-v2,7090,2.0291949910554563,1.3793,2.8667651378899056e-05,trainer_state_qwen2.5v2.json
Qwen2.5-7B · LoRA-v2,Qwen2.5-7B,LoRA-v2,7100,2.032057245080501,1.4593,2.8517164975265804e-05,trainer_state_qwen2.5v2.json
Qwen2.5-7B · LoRA-v2,Qwen2.5-7B,LoRA-v2,7110,2.0349194991055457,1.4318,2.8366916853649984e-05,trainer_state_qwen2.5v2.json
Qwen2.5-7B · LoRA-v2,Qwen2.5-7B,LoRA-v2,7120,2.03778175313059,1.3919,2.821690868056467e-05,trainer_state_qwen2.5v2.json
Qwen2.5-7B · LoRA-v2,Qwen2.5-7B,LoRA-v2,7130,2.040644007155635,1.4866,2.8067142119861473e-05,trainer_state_qwen2.5v2.json
Qwen2.5-7B · LoRA-v2,Qwen2.5-7B,LoRA-v2,7140,2.0435062611806796,1.5412,2.791761883271219e-05,trainer_state_qwen2.5v2.json
Qwen2.5-7B · LoRA-v2,Qwen2.5-7B,LoRA-v2,7150,2.0463685152057245,1.4084,2.7768340477590138e-05,trainer_state_qwen2.5v2.json
Qwen2.5-7B · LoRA-v2,Qwen2.5-7B,LoRA-v2,7160,2.0492307692307694,1.4409,2.7619308710252044e-05,trainer_state_qwen2.5v2.json
Qwen2.5-7B · LoRA-v2,Qwen2.5-7B,LoRA-v2,7170,2.052093023255814,1.4641,2.747052518371954e-05,trainer_state_qwen2.5v2.json
Qwen2.5-7B · LoRA-v2,Qwen2.5-7B,LoRA-v2,7180,2.054955277280859,1.5794,2.7321991548260716e-05,trainer_state_qwen2.5v2.json
Qwen2.5-7B · LoRA-v2,Qwen2.5-7B,LoRA-v2,7190,2.0578175313059033,1.416,2.7173709451372075e-05,trainer_state_qwen2.5v2.json
Qwen2.5-7B · LoRA-v2,Qwen2.5-7B,LoRA-v2,7200,2.060679785330948,1.4445,2.7025680537760046e-05,trainer_state_qwen2.5v2.json
Qwen2.5-7B · LoRA-v2,Qwen2.5-7B,LoRA-v2,7210,2.0635420393559927,1.3508,2.6877906449322822e-05,trainer_state_qwen2.5v2.json
Qwen2.5-7B · LoRA-v2,Qwen2.5-7B,LoRA-v2,7220,2.0664042933810376,1.3958,2.6730388825132126e-05,trainer_state_qwen2.5v2.json
Qwen2.5-7B · LoRA-v2,Qwen2.5-7B,LoRA-v2,7230,2.069266547406082,1.2897,2.658312930141512e-05,trainer_state_qwen2.5v2.json
Qwen2.5-7B · LoRA-v2,Qwen2.5-7B,LoRA-v2,7240,2.072128801431127,1.3771,2.643612951153611e-05,trainer_state_qwen2.5v2.json
Qwen2.5-7B · LoRA-v2,Qwen2.5-7B,LoRA-v2,7250,2.074991055456172,1.4301,2.6289391085978498e-05,trainer_state_qwen2.5v2.json
Qwen2.5-7B · LoRA-v2,Qwen2.5-7B,LoRA-v2,7260,2.0778533094812164,1.4218,2.6142915652326772e-05,trainer_state_qwen2.5v2.json
Qwen2.5-7B · LoRA-v2,Qwen2.5-7B,LoRA-v2,7270,2.0807155635062613,1.2547,2.599670483524832e-05,trainer_state_qwen2.5v2.json
Qwen2.5-7B · LoRA-v2,Qwen2.5-7B,LoRA-v2,7280,2.0835778175313058,1.4245,2.585076025647548e-05,trainer_state_qwen2.5v2.json
Qwen2.5-7B · LoRA-v2,Qwen2.5-7B,LoRA-v2,7290,2.0864400715563507,1.4468,2.5705083534787545e-05,trainer_state_qwen2.5v2.json
Qwen2.5-7B · LoRA-v2,Qwen2.5-7B,LoRA-v2,7300,2.089302325581395,1.401,2.555967628599286e-05,trainer_state_qwen2.5v2.json
Qwen2.5-7B · LoRA-v2,Qwen2.5-7B,LoRA-v2,7310,2.09216457960644,1.5048,2.5414540122910737e-05,trainer_state_qwen2.5v2.json
Qwen2.5-7B · LoRA-v2,Qwen2.5-7B,LoRA-v2,7320,2.095026833631485,1.5558,2.5269676655353763e-05,trainer_state_qwen2.5v2.json
Qwen2.5-7B · LoRA-v2,Qwen2.5-7B,LoRA-v2,7330,2.0978890876565295,1.4802,2.5125087490109888e-05,trainer_state_qwen2.5v2.json
Qwen2.5-7B · LoRA-v2,Qwen2.5-7B,LoRA-v2,7340,2.1007513416815744,1.3182,2.4980774230924436e-05,trainer_state_qwen2.5v2.json
Qwen2.5-7B · LoRA-v2,Qwen2.5-7B,LoRA-v2,7350,2.103613595706619,1.4957,2.483673847848259e-05,trainer_state_qwen2.5v2.json
Qwen2.5-7B · LoRA-v2,Qwen2.5-7B,LoRA-v2,7360,2.106475849731664,1.4668,2.4692981830391437e-05,trainer_state_qwen2.5v2.json
Qwen2.5-7B · LoRA-v2,Qwen2.5-7B,LoRA-v2,7370,2.1093381037567083,1.3333,2.454950588116231e-05,trainer_state_qwen2.5v2.json
Qwen2.5-7B · LoRA-v2,Qwen2.5-7B,LoRA-v2,7380,2.112200357781753,1.4404,2.4406312222193096e-05,trainer_state_qwen2.5v2.json
Qwen2.5-7B · LoRA-v2,Qwen2.5-7B,LoRA-v2,7390,2.1150626118067977,1.3891,2.4263402441750648e-05,trainer_state_qwen2.5v2.json
Qwen2.5-7B · LoRA-v2,Qwen2.5-7B,LoRA-v2,7400,2.1179248658318426,1.4927,2.4120778124953058e-05,trainer_state_qwen2.5v2.json
Qwen2.5-7B · LoRA-v2,Qwen2.5-7B,LoRA-v2,7410,2.1207871198568875,1.4962,2.397844085375212e-05,trainer_state_qwen2.5v2.json
Qwen2.5-7B · LoRA-v2,Qwen2.5-7B,LoRA-v2,7420,2.123649373881932,1.429,2.3836392206915857e-05,trainer_state_qwen2.5v2.json
Qwen2.5-7B · LoRA-v2,Qwen2.5-7B,LoRA-v2,7430,2.126511627906977,1.5185,2.3694633760010892e-05,trainer_state_qwen2.5v2.json
Qwen2.5-7B · LoRA-v2,Qwen2.5-7B,LoRA-v2,7440,2.1293738819320214,1.4957,2.3553167085385037e-05,trainer_state_qwen2.5v2.json
Qwen2.5-7B · LoRA-v2,Qwen2.5-7B,LoRA-v2,7450,2.1322361359570663,1.3854,2.3411993752149824e-05,trainer_state_qwen2.5v2.json
Qwen2.5-7B · LoRA-v2,Qwen2.5-7B,LoRA-v2,7460,2.1350983899821108,1.437,2.3271115326163202e-05,trainer_state_qwen2.5v2.json
Qwen2.5-7B · LoRA-v2,Qwen2.5-7B,LoRA-v2,7470,2.1379606440071557,1.3162,2.3130533370011935e-05,trainer_state_qwen2.5v2.json
Qwen2.5-7B · LoRA-v2,Qwen2.5-7B,LoRA-v2,7480,2.1408228980322,1.3371,2.2990249442994582e-05,trainer_state_qwen2.5v2.json
Qwen2.5-7B · LoRA-v2,Qwen2.5-7B,LoRA-v2,7490,2.143685152057245,1.5177,2.285026510110394e-05,trainer_state_qwen2.5v2.json
Qwen2.5-7B · LoRA-v2,Qwen2.5-7B,LoRA-v2,7500,2.14654740608229,1.4993,2.271058189700989e-05,trainer_state_qwen2.5v2.json
Qwen2.5-7B · LoRA-v2,Qwen2.5-7B,LoRA-v2,7510,2.1494096601073345,1.4406,2.2571201380042244e-05,trainer_state_qwen2.5v2.json
Qwen2.5-7B · LoRA-v2,Qwen2.5-7B,LoRA-v2,7520,2.1522719141323794,1.4239,2.2432125096173405e-05,trainer_state_qwen2.5v2.json
Qwen2.5-7B · LoRA-v2,Qwen2.5-7B,LoRA-v2,7530,2.155134168157424,1.5562,2.229335458800134e-05,trainer_state_qwen2.5v2.json
Qwen2.5-7B · LoRA-v2,Qwen2.5-7B,LoRA-v2,7540,2.157996422182469,1.4864,2.2154891394732413e-05,trainer_state_qwen2.5v2.json
Qwen2.5-7B · LoRA-v2,Qwen2.5-7B,LoRA-v2,7550,2.1608586762075133,1.4447,2.2016737052164382e-05,trainer_state_qwen2.5v2.json
Qwen2.5-7B · LoRA-v2,Qwen2.5-7B,LoRA-v2,7560,2.163720930232558,1.3906,2.187889309266922e-05,trainer_state_qwen2.5v2.json
Qwen2.5-7B · LoRA-v2,Qwen2.5-7B,LoRA-v2,7570,2.1665831842576027,1.4752,2.1741361045176284e-05,trainer_state_qwen2.5v2.json
Qwen2.5-7B · LoRA-v2,Qwen2.5-7B,LoRA-v2,7580,2.1694454382826476,1.4713,2.160414243515531e-05,trainer_state_qwen2.5v2.json
Qwen2.5-7B · LoRA-v2,Qwen2.5-7B,LoRA-v2,7590,2.1723076923076925,1.4064,2.1467238784599362e-05,trainer_state_qwen2.5v2.json
Qwen2.5-7B · LoRA-v2,Qwen2.5-7B,LoRA-v2,7600,2.175169946332737,1.4545,2.1330651612008157e-05,trainer_state_qwen2.5v2.json
Qwen2.5-7B · LoRA-v2,Qwen2.5-7B,LoRA-v2,7610,2.178032200357782,1.5912,2.1194382432371067e-05,trainer_state_qwen2.5v2.json
Qwen2.5-7B · LoRA-v2,Qwen2.5-7B,LoRA-v2,7620,2.1808944543828264,1.5051,2.1058432757150394e-05,trainer_state_qwen2.5v2.json
Qwen2.5-7B · LoRA-v2,Qwen2.5-7B,LoRA-v2,7630,2.1837567084078713,1.5156,2.092280409426453e-05,trainer_state_qwen2.5v2.json
Qwen2.5-7B · LoRA-v2,Qwen2.5-7B,LoRA-v2,7640,2.1866189624329158,1.4623,2.0787497948071373e-05,trainer_state_qwen2.5v2.json
Qwen2.5-7B · LoRA-v2,Qwen2.5-7B,LoRA-v2,7650,2.1894812164579607,1.3997,2.0652515819351464e-05,trainer_state_qwen2.5v2.json
Qwen2.5-7B · LoRA-v2,Qwen2.5-7B,LoRA-v2,7660,2.1923434704830056,1.5049,2.0517859205291462e-05,trainer_state_qwen2.5v2.json
Qwen2.5-7B · LoRA-v2,Qwen2.5-7B,LoRA-v2,7670,2.19520572450805,1.4542,2.0383529599467522e-05,trainer_state_qwen2.5v2.json
Qwen2.5-7B · LoRA-v2,Qwen2.5-7B,LoRA-v2,7680,2.198067978533095,1.4079,2.0249528491828668e-05,trainer_state_qwen2.5v2.json
Qwen2.5-7B · LoRA-v2,Qwen2.5-7B,LoRA-v2,7690,2.2009302325581395,1.5213,2.0115857368680334e-05,trainer_state_qwen2.5v2.json
Qwen2.5-7B · LoRA-v2,Qwen2.5-7B,LoRA-v2,7700,2.2037924865831844,1.488,1.998251771266782e-05,trainer_state_qwen2.5v2.json
Qwen2.5-7B · LoRA-v2,Qwen2.5-7B,LoRA-v2,7710,2.206654740608229,1.4443,1.984951100275996e-05,trainer_state_qwen2.5v2.json
Qwen2.5-7B · LoRA-v2,Qwen2.5-7B,LoRA-v2,7720,2.209516994633274,1.4545,1.9716838714232504e-05,trainer_state_qwen2.5v2.json
Qwen2.5-7B · LoRA-v2,Qwen2.5-7B,LoRA-v2,7730,2.2123792486583183,1.5071,1.9584502318652e-05,trainer_state_qwen2.5v2.json
Qwen2.5-7B · LoRA-v2,Qwen2.5-7B,LoRA-v2,7740,2.215241502683363,1.3765,1.9452503283859357e-05,trainer_state_qwen2.5v2.json
Qwen2.5-7B · LoRA-v2,Qwen2.5-7B,LoRA-v2,7750,2.218103756708408,1.4889,1.9320843073953458e-05,trainer_state_qwen2.5v2.json
Qwen2.5-7B · LoRA-v2,Qwen2.5-7B,LoRA-v2,7760,2.2209660107334526,1.4134,1.9189523149275157e-05,trainer_state_qwen2.5v2.json
Qwen2.5-7B · LoRA-v2,Qwen2.5-7B,LoRA-v2,7770,2.2238282647584975,1.5045,1.9058544966390875e-05,trainer_state_qwen2.5v2.json
Qwen2.5-7B · LoRA-v2,Qwen2.5-7B,LoRA-v2,7780,2.226690518783542,1.5627,1.892790997807654e-05,trainer_state_qwen2.5v2.json
Qwen2.5-7B · LoRA-v2,Qwen2.5-7B,LoRA-v2,7790,2.229552772808587,1.421,1.879761963330145e-05,trainer_state_qwen2.5v2.json
Qwen2.5-7B · LoRA-v2,Qwen2.5-7B,LoRA-v2,7800,2.2324150268336314,1.3915,1.866767537721224e-05,trainer_state_qwen2.5v2.json
Qwen2.5-7B · LoRA-v2,Qwen2.5-7B,LoRA-v2,7810,2.2352772808586763,1.445,1.8538078651116786e-05,trainer_state_qwen2.5v2.json
Qwen2.5-7B · LoRA-v2,Qwen2.5-7B,LoRA-v2,7820,2.2381395348837207,1.365,1.8408830892468233e-05,trainer_state_qwen2.5v2.json
Qwen2.5-7B · LoRA-v2,Qwen2.5-7B,LoRA-v2,7830,2.2410017889087657,1.4078,1.8279933534849137e-05,trainer_state_qwen2.5v2.json
Qwen2.5-7B · LoRA-v2,Qwen2.5-7B,LoRA-v2,7840,2.2438640429338106,1.3136,1.815138800795544e-05,trainer_state_qwen2.5v2.json
Qwen2.5-7B · LoRA-v2,Qwen2.5-7B,LoRA-v2,7850,2.246726296958855,1.3928,1.8023195737580685e-05,trainer_state_qwen2.5v2.json
Qwen2.5-7B · LoRA-v2,Qwen2.5-7B,LoRA-v2,7860,2.2495885509839,1.5997,1.789535814560016e-05,trainer_state_qwen2.5v2.json
Qwen2.5-7B · LoRA-v2,Qwen2.5-7B,LoRA-v2,7870,2.2524508050089445,1.3638,1.7767876649955246e-05,trainer_state_qwen2.5v2.json
Qwen2.5-7B · LoRA-v2,Qwen2.5-7B,LoRA-v2,7880,2.2553130590339894,1.465,1.764075266463745e-05,trainer_state_qwen2.5v2.json
Qwen2.5-7B · LoRA-v2,Qwen2.5-7B,LoRA-v2,7890,2.258175313059034,1.4399,1.7513987599672987e-05,trainer_state_qwen2.5v2.json
Qwen2.5-7B · LoRA-v2,Qwen2.5-7B,LoRA-v2,7900,2.2610375670840788,1.4954,1.738758286110701e-05,trainer_state_qwen2.5v2.json
Qwen2.5-7B · LoRA-v2,Qwen2.5-7B,LoRA-v2,7910,2.2638998211091232,1.4756,1.7261539850987924e-05,trainer_state_qwen2.5v2.json
Qwen2.5-7B · LoRA-v2,Qwen2.5-7B,LoRA-v2,7920,2.266762075134168,1.3905,1.713585996735207e-05,trainer_state_qwen2.5v2.json
Qwen2.5-7B · LoRA-v2,Qwen2.5-7B,LoRA-v2,7930,2.269624329159213,1.4527,1.701054460420799e-05,trainer_state_qwen2.5v2.json
Qwen2.5-7B · LoRA-v2,Qwen2.5-7B,LoRA-v2,7940,2.2724865831842576,1.4782,1.6885595151521105e-05,trainer_state_qwen2.5v2.json
Qwen2.5-7B · LoRA-v2,Qwen2.5-7B,LoRA-v2,7950,2.2753488372093025,1.403,1.6761012995198218e-05,trainer_state_qwen2.5v2.json
Qwen2.5-7B · LoRA-v2,Qwen2.5-7B,LoRA-v2,7960,2.278211091234347,1.4533,1.6636799517072225e-05,trainer_state_qwen2.5v2.json
Qwen2.5-7B · LoRA-v2,Qwen2.5-7B,LoRA-v2,7970,2.281073345259392,1.5301,1.651295609488671e-05,trainer_state_qwen2.5v2.json
Qwen2.5-7B · LoRA-v2,Qwen2.5-7B,LoRA-v2,7980,2.2839355992844363,1.4261,1.638948410228066e-05,trainer_state_qwen2.5v2.json
Qwen2.5-7B · LoRA-v2,Qwen2.5-7B,LoRA-v2,7990,2.2867978533094813,1.3869,1.626638490877334e-05,trainer_state_qwen2.5v2.json
Qwen2.5-7B · LoRA-v2,Qwen2.5-7B,LoRA-v2,8000,2.2896601073345257,1.4139,1.6143659879748962e-05,trainer_state_qwen2.5v2.json
Qwen2.5-7B · LoRA-v2,Qwen2.5-7B,LoRA-v2,8010,2.2925223613595707,1.4138,1.6021310376441624e-05,trainer_state_qwen2.5v2.json
Qwen2.5-7B · LoRA-v2,Qwen2.5-7B,LoRA-v2,8020,2.2953846153846156,1.38,1.5899337755920185e-05,trainer_state_qwen2.5v2.json
Qwen2.5-7B · LoRA-v2,Qwen2.5-7B,LoRA-v2,8030,2.29824686940966,1.3842,1.5777743371073222e-05,trainer_state_qwen2.5v2.json
Qwen2.5-7B · LoRA-v2,Qwen2.5-7B,LoRA-v2,8040,2.301109123434705,1.4146,1.5656528570594e-05,trainer_state_qwen2.5v2.json
Qwen2.5-7B · LoRA-v2,Qwen2.5-7B,LoRA-v2,8050,2.3039713774597494,1.3604,1.5535694698965586e-05,trainer_state_qwen2.5v2.json
Qwen2.5-7B · LoRA-v2,Qwen2.5-7B,LoRA-v2,8060,2.3068336314847944,1.4739,1.5415243096445843e-05,trainer_state_qwen2.5v2.json
Qwen2.5-7B · LoRA-v2,Qwen2.5-7B,LoRA-v2,8070,2.309695885509839,1.3901,1.5295175099052582e-05,trainer_state_qwen2.5v2.json
Qwen2.5-7B · LoRA-v2,Qwen2.5-7B,LoRA-v2,8080,2.3125581395348838,1.3594,1.5175492038548832e-05,trainer_state_qwen2.5v2.json
Qwen2.5-7B · LoRA-v2,Qwen2.5-7B,LoRA-v2,8090,2.3154203935599282,1.351,1.5056195242427951e-05,trainer_state_qwen2.5v2.json
Qwen2.5-7B · LoRA-v2,Qwen2.5-7B,LoRA-v2,8100,2.318282647584973,1.4185,1.4937286033898967e-05,trainer_state_qwen2.5v2.json
Qwen2.5-7B · LoRA-v2,Qwen2.5-7B,LoRA-v2,8110,2.321144901610018,1.4194,1.481876573187187e-05,trainer_state_qwen2.5v2.json
Qwen2.5-7B · LoRA-v2,Qwen2.5-7B,LoRA-v2,8120,2.3240071556350625,1.405,1.4700635650943045e-05,trainer_state_qwen2.5v2.json
Qwen2.5-7B · LoRA-v2,Qwen2.5-7B,LoRA-v2,8130,2.3268694096601075,1.4122,1.458289710138061e-05,trainer_state_qwen2.5v2.json
Qwen2.5-7B · LoRA-v2,Qwen2.5-7B,LoRA-v2,8140,2.329731663685152,1.4628,1.446555138910991e-05,trainer_state_qwen2.5v2.json
Qwen2.5-7B · LoRA-v2,Qwen2.5-7B,LoRA-v2,8150,2.332593917710197,1.3941,1.4348599815699104e-05,trainer_state_qwen2.5v2.json
Qwen2.5-7B · LoRA-v2,Qwen2.5-7B,LoRA-v2,8160,2.3354561717352413,1.5383,1.4232043678344558e-05,trainer_state_qwen2.5v2.json
Qwen2.5-7B · LoRA-v2,Qwen2.5-7B,LoRA-v2,8170,2.3383184257602863,1.3474,1.4115884269856672e-05,trainer_state_qwen2.5v2.json
Qwen2.5-7B · LoRA-v2,Qwen2.5-7B,LoRA-v2,8180,2.3411806797853307,1.444,1.4000122878645372e-05,trainer_state_qwen2.5v2.json
Qwen2.5-7B · LoRA-v2,Qwen2.5-7B,LoRA-v2,8190,2.3440429338103757,1.4052,1.3884760788705891e-05,trainer_state_qwen2.5v2.json
Qwen2.5-7B · LoRA-v2,Qwen2.5-7B,LoRA-v2,8200,2.3469051878354206,1.4451,1.3769799279604512e-05,trainer_state_qwen2.5v2.json
Qwen2.5-7B · LoRA-v2,Qwen2.5-7B,LoRA-v2,8210,2.349767441860465,1.3897,1.3655239626464412e-05,trainer_state_qwen2.5v2.json
Qwen2.5-7B · LoRA-v2,Qwen2.5-7B,LoRA-v2,8220,2.35262969588551,1.513,1.3541083099951446e-05,trainer_state_qwen2.5v2.json
Qwen2.5-7B · LoRA-v2,Qwen2.5-7B,LoRA-v2,8230,2.3554919499105544,1.4438,1.3427330966260098e-05,trainer_state_qwen2.5v2.json
Qwen2.5-7B · LoRA-v2,Qwen2.5-7B,LoRA-v2,8240,2.3583542039355994,1.4298,1.3313984487099467e-05,trainer_state_qwen2.5v2.json
Qwen2.5-7B · LoRA-v2,Qwen2.5-7B,LoRA-v2,8250,2.361216457960644,1.5611,1.32010449196792e-05,trainer_state_qwen2.5v2.json
Qwen2.5-7B · LoRA-v2,Qwen2.5-7B,LoRA-v2,8260,2.3640787119856888,1.4174,1.3088513516695606e-05,trainer_state_qwen2.5v2.json
Qwen2.5-7B · LoRA-v2,Qwen2.5-7B,LoRA-v2,8270,2.3669409660107332,1.4608,1.2976391526317705e-05,trainer_state_qwen2.5v2.json
Qwen2.5-7B · LoRA-v2,Qwen2.5-7B,LoRA-v2,8280,2.369803220035778,1.4889,1.2864680192173484e-05,trainer_state_qwen2.5v2.json
Qwen2.5-7B · LoRA-v2,Qwen2.5-7B,LoRA-v2,8290,2.372665474060823,1.3701,1.2753380753335981e-05,trainer_state_qwen2.5v2.json
Qwen2.5-7B · LoRA-v2,Qwen2.5-7B,LoRA-v2,8300,2.3755277280858675,1.3969,1.2642494444309611e-05,trainer_state_qwen2.5v2.json
Qwen2.5-7B · LoRA-v2,Qwen2.5-7B,LoRA-v2,8310,2.3783899821109125,1.4434,1.2532022495016498e-05,trainer_state_qwen2.5v2.json
Qwen2.5-7B · LoRA-v2,Qwen2.5-7B,LoRA-v2,8320,2.381252236135957,1.4819,1.242196613078272e-05,trainer_state_qwen2.5v2.json
Qwen2.5-7B · LoRA-v2,Qwen2.5-7B,LoRA-v2,8330,2.384114490161002,1.5343,1.2312326572324867e-05,trainer_state_qwen2.5v2.json
Qwen2.5-7B · LoRA-v2,Qwen2.5-7B,LoRA-v2,8340,2.3869767441860463,1.4602,1.22031050357364e-05,trainer_state_qwen2.5v2.json
Qwen2.5-7B · LoRA-v2,Qwen2.5-7B,LoRA-v2,8350,2.3898389982110912,1.4408,1.2094302732474183e-05,trainer_state_qwen2.5v2.json
Qwen2.5-7B · LoRA-v2,Qwen2.5-7B,LoRA-v2,8360,2.3927012522361357,1.3815,1.1985920869345042e-05,trainer_state_qwen2.5v2.json
Qwen2.5-7B · LoRA-v2,Qwen2.5-7B,LoRA-v2,8370,2.3955635062611806,1.4682,1.1877960648492437e-05,trainer_state_qwen2.5v2.json
Qwen2.5-7B · LoRA-v2,Qwen2.5-7B,LoRA-v2,8380,2.3984257602862256,1.3493,1.177042326738304e-05,trainer_state_qwen2.5v2.json
Qwen2.5-7B · LoRA-v2,Qwen2.5-7B,LoRA-v2,8390,2.40128801431127,1.4156,1.1663309918793497e-05,trainer_state_qwen2.5v2.json
Qwen2.5-7B · LoRA-v2,Qwen2.5-7B,LoRA-v2,8400,2.404150268336315,1.4169,1.1556621790797228e-05,trainer_state_qwen2.5v2.json
Qwen2.5-7B · LoRA-v2,Qwen2.5-7B,LoRA-v2,8410,2.4070125223613594,1.4752,1.145036006675118e-05,trainer_state_qwen2.5v2.json
Qwen2.5-7B · LoRA-v2,Qwen2.5-7B,LoRA-v2,8420,2.4098747763864043,1.3935,1.134452592528275e-05,trainer_state_qwen2.5v2.json
Qwen2.5-7B · LoRA-v2,Qwen2.5-7B,LoRA-v2,8430,2.412737030411449,1.4307,1.1239120540276698e-05,trainer_state_qwen2.5v2.json
Qwen2.5-7B · LoRA-v2,Qwen2.5-7B,LoRA-v2,8440,2.4155992844364937,1.4127,1.1134145080862157e-05,trainer_state_qwen2.5v2.json
Qwen2.5-7B · LoRA-v2,Qwen2.5-7B,LoRA-v2,8450,2.418461538461538,1.3313,1.1029600711399601e-05,trainer_state_qwen2.5v2.json
Qwen2.5-7B · LoRA-v2,Qwen2.5-7B,LoRA-v2,8460,2.421323792486583,1.4576,1.0925488591467963e-05,trainer_state_qwen2.5v2.json
Qwen2.5-7B · LoRA-v2,Qwen2.5-7B,LoRA-v2,8470,2.424186046511628,1.4522,1.0821809875851835e-05,trainer_state_qwen2.5v2.json
Qwen2.5-7B · LoRA-v2,Qwen2.5-7B,LoRA-v2,8480,2.4270483005366725,1.4765,1.0718565714528505e-05,trainer_state_qwen2.5v2.json
Qwen2.5-7B · LoRA-v2,Qwen2.5-7B,LoRA-v2,8490,2.4299105545617175,1.4792,1.0615757252655395e-05,trainer_state_qwen2.5v2.json
Qwen2.5-7B · LoRA-v2,Qwen2.5-7B,LoRA-v2,8500,2.432772808586762,1.4582,1.0513385630557198e-05,trainer_state_qwen2.5v2.json
Qwen2.5-7B · LoRA-v2,Qwen2.5-7B,LoRA-v2,8510,2.435635062611807,1.3343,1.0411451983713327e-05,trainer_state_qwen2.5v2.json
Qwen2.5-7B · LoRA-v2,Qwen2.5-7B,LoRA-v2,8520,2.4384973166368518,1.3131,1.030995744274525e-05,trainer_state_qwen2.5v2.json
Qwen2.5-7B · LoRA-v2,Qwen2.5-7B,LoRA-v2,8530,2.4413595706618962,1.4492,1.0208903133404042e-05,trainer_state_qwen2.5v2.json
Qwen2.5-7B · LoRA-v2,Qwen2.5-7B,LoRA-v2,8540,2.444221824686941,1.4419,1.01082901765578e-05,trainer_state_qwen2.5v2.json
Qwen2.5-7B · LoRA-v2,Qwen2.5-7B,LoRA-v2,8550,2.4470840787119856,1.4202,1.0008119688179262e-05,trainer_state_qwen2.5v2.json
Qwen2.5-7B · LoRA-v2,Qwen2.5-7B,LoRA-v2,8560,2.4499463327370306,1.3972,9.908392779333452e-06,trainer_state_qwen2.5v2.json
Qwen2.5-7B · LoRA-v2,Qwen2.5-7B,LoRA-v2,8570,2.452808586762075,1.4321,9.809110556165258e-06,trainer_state_qwen2.5v2.json
Qwen2.5-7B · LoRA-v2,Qwen2.5-7B,LoRA-v2,8580,2.45567084078712,1.3343,9.710274119887308e-06,trainer_state_qwen2.5v2.json
Qwen2.5-7B · LoRA-v2,Qwen2.5-7B,LoRA-v2,8590,2.4585330948121644,1.4029,9.611884566767626e-06,trainer_state_qwen2.5v2.json
Qwen2.5-7B · LoRA-v2,Qwen2.5-7B,LoRA-v2,8600,2.4613953488372093,1.3594,9.51394298811753e-06,trainer_state_qwen2.5v2.json
Qwen2.5-7B · LoRA-v2,Qwen2.5-7B,LoRA-v2,8610,2.4642576028622543,1.4672,9.416450470279554e-06,trainer_state_qwen2.5v2.json
Qwen2.5-7B · LoRA-v2,Qwen2.5-7B,LoRA-v2,8620,2.4671198568872987,1.46,9.319408094615328e-06,trainer_state_qwen2.5v2.json
Qwen2.5-7B · LoRA-v2,Qwen2.5-7B,LoRA-v2,8630,2.4699821109123437,1.4531,9.222816937493645e-06,trainer_state_qwen2.5v2.json
Qwen2.5-7B · LoRA-v2,Qwen2.5-7B,LoRA-v2,8640,2.472844364937388,1.5574,9.126678070278471e-06,trainer_state_qwen2.5v2.json
Qwen2.5-7B · LoRA-v2,Qwen2.5-7B,LoRA-v2,8650,2.475706618962433,1.383,9.030992559317148e-06,trainer_state_qwen2.5v2.json
Qwen2.5-7B · LoRA-v2,Qwen2.5-7B,LoRA-v2,8660,2.4785688729874775,1.4695,8.93576146592845e-06,trainer_state_qwen2.5v2.json
Qwen2.5-7B · LoRA-v2,Qwen2.5-7B,LoRA-v2,8670,2.4814311270125224,1.4557,8.840985846390887e-06,trainer_state_qwen2.5v2.json
Qwen2.5-7B · LoRA-v2,Qwen2.5-7B,LoRA-v2,8680,2.484293381037567,1.371,8.746666751930977e-06,trainer_state_qwen2.5v2.json
Qwen2.5-7B · LoRA-v2,Qwen2.5-7B,LoRA-v2,8690,2.487155635062612,1.3793,8.652805228711591e-06,trainer_state_qwen2.5v2.json
Qwen2.5-7B · LoRA-v2,Qwen2.5-7B,LoRA-v2,8700,2.4900178890876568,1.4572,8.55940231782032e-06,trainer_state_qwen2.5v2.json
Qwen2.5-7B · LoRA-v2,Qwen2.5-7B,LoRA-v2,8710,2.4928801431127012,1.4246,8.466459055257941e-06,trainer_state_qwen2.5v2.json
Qwen2.5-7B · LoRA-v2,Qwen2.5-7B,LoRA-v2,8720,2.495742397137746,1.4497,8.37397647192698e-06,trainer_state_qwen2.5v2.json
Qwen2.5-7B · LoRA-v2,Qwen2.5-7B,LoRA-v2,8730,2.4986046511627906,1.4988,8.281955593620144e-06,trainer_state_qwen2.5v2.json
Qwen2.5-7B · LoRA-v2,Qwen2.5-7B,LoRA-v2,8740,2.5014669051878355,1.3667,8.190397441009112e-06,trainer_state_qwen2.5v2.json
Qwen2.5-7B · LoRA-v2,Qwen2.5-7B,LoRA-v2,8750,2.50432915921288,1.5458,8.099303029633082e-06,trainer_state_qwen2.5v2.json
Qwen2.5-7B · LoRA-v2,Qwen2.5-7B,LoRA-v2,8760,2.507191413237925,1.4146,8.008673369887555e-06,trainer_state_qwen2.5v2.json
Qwen2.5-7B · LoRA-v2,Qwen2.5-7B,LoRA-v2,8770,2.5100536672629694,1.3616,7.918509467013164e-06,trainer_state_qwen2.5v2.json
Qwen2.5-7B · LoRA-v2,Qwen2.5-7B,LoRA-v2,8780,2.5129159212880143,1.4717,7.82881232108445e-06,trainer_state_qwen2.5v2.json
Qwen2.5-7B · LoRA-v2,Qwen2.5-7B,LoRA-v2,8790,2.5157781753130593,1.3788,7.739582926998823e-06,trainer_state_qwen2.5v2.json
Qwen2.5-7B · LoRA-v2,Qwen2.5-7B,LoRA-v2,8800,2.5186404293381037,1.4009,7.650822274465502e-06,trainer_state_qwen2.5v2.json
Qwen2.5-7B · LoRA-v2,Qwen2.5-7B,LoRA-v2,8810,2.5215026833631486,1.4697,7.562531347994573e-06,trainer_state_qwen2.5v2.json
Qwen2.5-7B · LoRA-v2,Qwen2.5-7B,LoRA-v2,8820,2.524364937388193,1.4803,7.474711126886014e-06,trainer_state_qwen2.5v2.json
Qwen2.5-7B · LoRA-v2,Qwen2.5-7B,LoRA-v2,8830,2.527227191413238,1.3221,7.387362585218871e-06,trainer_state_qwen2.5v2.json
Qwen2.5-7B · LoRA-v2,Qwen2.5-7B,LoRA-v2,8840,2.5300894454382825,1.4043,7.30048669184043e-06,trainer_state_qwen2.5v2.json
Qwen2.5-7B · LoRA-v2,Qwen2.5-7B,LoRA-v2,8850,2.5329516994633274,1.4378,7.214084410355532e-06,trainer_state_qwen2.5v2.json
Qwen2.5-7B · LoRA-v2,Qwen2.5-7B,LoRA-v2,8860,2.535813953488372,1.5159,7.128156699115785e-06,trainer_state_qwen2.5v2.json
Qwen2.5-7B · LoRA-v2,Qwen2.5-7B,LoRA-v2,8870,2.538676207513417,1.4067,7.042704511208997e-06,trainer_state_qwen2.5v2.json
Qwen2.5-7B · LoRA-v2,Qwen2.5-7B,LoRA-v2,8880,2.5415384615384617,1.4996,6.957728794448648e-06,trainer_state_qwen2.5v2.json
Qwen2.5-7B · LoRA-v2,Qwen2.5-7B,LoRA-v2,8890,2.544400715563506,1.4342,6.873230491363236e-06,trainer_state_qwen2.5v2.json
Qwen2.5-7B · LoRA-v2,Qwen2.5-7B,LoRA-v2,8900,2.547262969588551,1.381,6.789210539185986e-06,trainer_state_qwen2.5v2.json
Qwen2.5-7B · LoRA-v2,Qwen2.5-7B,LoRA-v2,8910,2.5501252236135956,1.3337,6.705669869844338e-06,trainer_state_qwen2.5v2.json
Qwen2.5-7B · LoRA-v2,Qwen2.5-7B,LoRA-v2,8920,2.5529874776386405,1.4598,6.622609409949654e-06,trainer_state_qwen2.5v2.json
Qwen2.5-7B · LoRA-v2,Qwen2.5-7B,LoRA-v2,8930,2.555849731663685,1.3767,6.540030080786974e-06,trainer_state_qwen2.5v2.json
Qwen2.5-7B · LoRA-v2,Qwen2.5-7B,LoRA-v2,8940,2.55871198568873,1.5176,6.457932798304722e-06,trainer_state_qwen2.5v2.json
Qwen2.5-7B · LoRA-v2,Qwen2.5-7B,LoRA-v2,8950,2.5615742397137744,1.4241,6.376318473104592e-06,trainer_state_qwen2.5v2.json
Qwen2.5-7B · LoRA-v2,Qwen2.5-7B,LoRA-v2,8960,2.5644364937388193,1.2702,6.295188010431441e-06,trainer_state_qwen2.5v2.json
Qwen2.5-7B · LoRA-v2,Qwen2.5-7B,LoRA-v2,8970,2.5672987477638642,1.3687,6.214542310163279e-06,trainer_state_qwen2.5v2.json
Qwen2.5-7B · LoRA-v2,Qwen2.5-7B,LoRA-v2,8980,2.5701610017889087,1.3681,6.134382266801219e-06,trainer_state_qwen2.5v2.json
Qwen2.5-7B · LoRA-v2,Qwen2.5-7B,LoRA-v2,8990,2.5730232558139536,1.3984,6.054708769459611e-06,trainer_state_qwen2.5v2.json
Qwen2.5-7B · LoRA-v2,Qwen2.5-7B,LoRA-v2,9000,2.575885509838998,1.4306,5.975522701856145e-06,trainer_state_qwen2.5v2.json
Qwen2.5-7B · LoRA-v2,Qwen2.5-7B,LoRA-v2,9010,2.578747763864043,1.4625,5.896824942302115e-06,trainer_state_qwen2.5v2.json
Qwen2.5-7B · LoRA-v2,Qwen2.5-7B,LoRA-v2,9020,2.5816100178890875,1.4294,5.818616363692575e-06,trainer_state_qwen2.5v2.json
Qwen2.5-7B · LoRA-v2,Qwen2.5-7B,LoRA-v2,9030,2.5844722719141324,1.4015,5.740897833496745e-06,trainer_state_qwen2.5v2.json
Qwen2.5-7B · LoRA-v2,Qwen2.5-7B,LoRA-v2,9040,2.587334525939177,1.4252,5.663670213748329e-06,trainer_state_qwen2.5v2.json
Qwen2.5-7B · LoRA-v2,Qwen2.5-7B,LoRA-v2,9050,2.590196779964222,1.3913,5.586934361036e-06,trainer_state_qwen2.5v2.json
Qwen2.5-7B · LoRA-v2,Qwen2.5-7B,LoRA-v2,9060,2.5930590339892667,1.386,5.5106911264938835e-06,trainer_state_qwen2.5v2.json
Qwen2.5-7B · LoRA-v2,Qwen2.5-7B,LoRA-v2,9070,2.595921288014311,1.4785,5.434941355792095e-06,trainer_state_qwen2.5v2.json
Qwen2.5-7B · LoRA-v2,Qwen2.5-7B,LoRA-v2,9080,2.598783542039356,1.412,5.359685889127381e-06,trainer_state_qwen2.5v2.json
Qwen2.5-7B · LoRA-v2,Qwen2.5-7B,LoRA-v2,9090,2.6016457960644006,1.4254,5.2849255612138105e-06,trainer_state_qwen2.5v2.json
Qwen2.5-7B · LoRA-v2,Qwen2.5-7B,LoRA-v2,9100,2.6045080500894455,1.4265,5.210661201273493e-06,trainer_state_qwen2.5v2.json
Qwen2.5-7B · LoRA-v2,Qwen2.5-7B,LoRA-v2,9110,2.60737030411449,1.5142,5.136893633027379e-06,trainer_state_qwen2.5v2.json
Qwen2.5-7B · LoRA-v2,Qwen2.5-7B,LoRA-v2,9120,2.610232558139535,1.5144,5.063623674686141e-06,trainer_state_qwen2.5v2.json
Qwen2.5-7B · LoRA-v2,Qwen2.5-7B,LoRA-v2,9130,2.6130948121645794,1.5297,4.990852138941121e-06,trainer_state_qwen2.5v2.json
Qwen2.5-7B · LoRA-v2,Qwen2.5-7B,LoRA-v2,9140,2.6159570661896243,1.523,4.918579832955233e-06,trainer_state_qwen2.5v2.json
Qwen2.5-7B · LoRA-v2,Qwen2.5-7B,LoRA-v2,9150,2.6188193202146692,1.4384,4.846807558354116e-06,trainer_state_qwen2.5v2.json
Qwen2.5-7B · LoRA-v2,Qwen2.5-7B,LoRA-v2,9160,2.6216815742397137,1.51,4.775536111217155e-06,trainer_state_qwen2.5v2.json
Qwen2.5-7B · LoRA-v2,Qwen2.5-7B,LoRA-v2,9170,2.6245438282647586,1.3402,4.704766282068701e-06,trainer_state_qwen2.5v2.json
Qwen2.5-7B · LoRA-v2,Qwen2.5-7B,LoRA-v2,9180,2.627406082289803,1.49,4.6344988558692955e-06,trainer_state_qwen2.5v2.json
Qwen2.5-7B · LoRA-v2,Qwen2.5-7B,LoRA-v2,9190,2.630268336314848,1.5338,4.5647346120069544e-06,trainer_state_qwen2.5v2.json
Qwen2.5-7B · LoRA-v2,Qwen2.5-7B,LoRA-v2,9200,2.633130590339893,1.4856,4.495474324288512e-06,trainer_state_qwen2.5v2.json
Qwen2.5-7B · LoRA-v2,Qwen2.5-7B,LoRA-v2,9210,2.6359928443649374,1.4713,4.426718760931053e-06,trainer_state_qwen2.5v2.json
Qwen2.5-7B · LoRA-v2,Qwen2.5-7B,LoRA-v2,9220,2.638855098389982,1.4309,4.3584686845534236e-06,trainer_state_qwen2.5v2.json
Qwen2.5-7B · LoRA-v2,Qwen2.5-7B,LoRA-v2,9230,2.641717352415027,1.5167,4.290724852167704e-06,trainer_state_qwen2.5v2.json
Qwen2.5-7B · LoRA-v2,Qwen2.5-7B,LoRA-v2,9240,2.6445796064400717,1.401,4.223488015170845e-06,trainer_state_qwen2.5v2.json
Qwen2.5-7B · LoRA-v2,Qwen2.5-7B,LoRA-v2,9250,2.647441860465116,1.4454,4.156758919336379e-06,trainer_state_qwen2.5v2.json
Qwen2.5-7B · LoRA-v2,Qwen2.5-7B,LoRA-v2,9260,2.650304114490161,1.4834,4.090538304806069e-06,trainer_state_qwen2.5v2.json
Qwen2.5-7B · LoRA-v2,Qwen2.5-7B,LoRA-v2,9270,2.6531663685152056,1.5318,4.02482690608173e-06,trainer_state_qwen2.5v2.json
Qwen2.5-7B · LoRA-v2,Qwen2.5-7B,LoRA-v2,9280,2.6560286225402505,1.4403,3.959625452017112e-06,trainer_state_qwen2.5v2.json
Qwen2.5-7B · LoRA-v2,Qwen2.5-7B,LoRA-v2,9290,2.6588908765652954,1.3999,3.894934665809796e-06,trainer_state_qwen2.5v2.json
Qwen2.5-7B · LoRA-v2,Qwen2.5-7B,LoRA-v2,9300,2.66175313059034,1.4728,3.830755264993119e-06,trainer_state_qwen2.5v2.json
Qwen2.5-7B · LoRA-v2,Qwen2.5-7B,LoRA-v2,9310,2.6646153846153844,1.4768,3.767087961428328e-06,trainer_state_qwen2.5v2.json
Qwen2.5-7B · LoRA-v2,Qwen2.5-7B,LoRA-v2,9320,2.6674776386404293,1.4297,3.703933461296588e-06,trainer_state_qwen2.5v2.json
Qwen2.5-7B · LoRA-v2,Qwen2.5-7B,LoRA-v2,9330,2.6703398926654742,1.3756,3.6412924650911673e-06,trainer_state_qwen2.5v2.json
Qwen2.5-7B · LoRA-v2,Qwen2.5-7B,LoRA-v2,9340,2.6732021466905187,1.3526,3.5791656676097185e-06,trainer_state_qwen2.5v2.json
Qwen2.5-7B · LoRA-v2,Qwen2.5-7B,LoRA-v2,9350,2.6760644007155636,1.4039,3.517553757946512e-06,trainer_state_qwen2.5v2.json
Qwen2.5-7B · LoRA-v2,Qwen2.5-7B,LoRA-v2,9360,2.678926654740608,1.3881,3.456457419484821e-06,trainer_state_qwen2.5v2.json
Qwen2.5-7B · LoRA-v2,Qwen2.5-7B,LoRA-v2,9370,2.681788908765653,1.5495,3.3958773298893297e-06,trainer_state_qwen2.5v2.json
Qwen2.5-7B · LoRA-v2,Qwen2.5-7B,LoRA-v2,9380,2.684651162790698,1.2682,3.335814161098649e-06,trainer_state_qwen2.5v2.json
Qwen2.5-7B · LoRA-v2,Qwen2.5-7B,LoRA-v2,9390,2.6875134168157424,1.4165,3.276268579317815e-06,trainer_state_qwen2.5v2.json
Qwen2.5-7B · LoRA-v2,Qwen2.5-7B,LoRA-v2,9400,2.690375670840787,1.4504,3.2172412450109156e-06,trainer_state_qwen2.5v2.json
Qwen2.5-7B · LoRA-v2,Qwen2.5-7B,LoRA-v2,9410,2.693237924865832,1.4404,3.158732812893811e-06,trainer_state_qwen2.5v2.json
Qwen2.5-7B · LoRA-v2,Qwen2.5-7B,LoRA-v2,9420,2.6961001788908767,1.4258,3.1007439319267972e-06,trainer_state_qwen2.5v2.json
Qwen2.5-7B · LoRA-v2,Qwen2.5-7B,LoRA-v2,9430,2.698962432915921,1.4185,3.0432752453074586e-06,trainer_state_qwen2.5v2.json
Qwen2.5-7B · LoRA-v2,Qwen2.5-7B,LoRA-v2,9440,2.701824686940966,1.4829,2.986327390463506e-06,trainer_state_qwen2.5v2.json
Qwen2.5-7B · LoRA-v2,Qwen2.5-7B,LoRA-v2,9450,2.7046869409660106,1.5247,2.9299009990457593e-06,trainer_state_qwen2.5v2.json
Qwen2.5-7B · LoRA-v2,Qwen2.5-7B,LoRA-v2,9460,2.7075491949910555,1.4785,2.873996696921033e-06,trainer_state_qwen2.5v2.json
Qwen2.5-7B · LoRA-v2,Qwen2.5-7B,LoRA-v2,9470,2.7104114490161004,1.4513,2.8186151041653397e-06,trainer_state_qwen2.5v2.json
Qwen2.5-7B · LoRA-v2,Qwen2.5-7B,LoRA-v2,9480,2.713273703041145,1.4309,2.76375683505688e-06,trainer_state_qwen2.5v2.json
Qwen2.5-7B · LoRA-v2,Qwen2.5-7B,LoRA-v2,9490,2.7161359570661894,1.5011,2.7094224980692974e-06,trainer_state_qwen2.5v2.json
Qwen2.5-7B · LoRA-v2,Qwen2.5-7B,LoRA-v2,9500,2.7189982110912343,1.4464,2.655612695864945e-06,trainer_state_qwen2.5v2.json
Qwen2.5-7B · LoRA-v2,Qwen2.5-7B,LoRA-v2,9510,2.721860465116279,1.321,2.6023280252881364e-06,trainer_state_qwen2.5v2.json
Qwen2.5-7B · LoRA-v2,Qwen2.5-7B,LoRA-v2,9520,2.7247227191413237,1.463,2.5495690773585766e-06,trainer_state_qwen2.5v2.json
Qwen2.5-7B · LoRA-v2,Qwen2.5-7B,LoRA-v2,9530,2.7275849731663686,1.4793,2.4973364372647856e-06,trainer_state_qwen2.5v2.json
Qwen2.5-7B · LoRA-v2,Qwen2.5-7B,LoRA-v2,9540,2.730447227191413,1.4042,2.4456306843576303e-06,trainer_state_qwen2.5v2.json
Qwen2.5-7B · LoRA-v2,Qwen2.5-7B,LoRA-v2,9550,2.733309481216458,1.4626,2.39445239214387e-06,trainer_state_qwen2.5v2.json
Qwen2.5-7B · LoRA-v2,Qwen2.5-7B,LoRA-v2,9560,2.736171735241503,1.2544,2.3438021282797983e-06,trainer_state_qwen2.5v2.json
Qwen2.5-7B · LoRA-v2,Qwen2.5-7B,LoRA-v2,9570,2.7390339892665474,1.4789,2.293680454564984e-06,trainer_state_qwen2.5v2.json
Qwen2.5-7B · LoRA-v2,Qwen2.5-7B,LoRA-v2,9580,2.741896243291592,1.5226,2.2440879269359615e-06,trainer_state_qwen2.5v2.json
Qwen2.5-7B · LoRA-v2,Qwen2.5-7B,LoRA-v2,9590,2.744758497316637,1.495,2.1950250954601793e-06,trainer_state_qwen2.5v2.json
Qwen2.5-7B · LoRA-v2,Qwen2.5-7B,LoRA-v2,9600,2.7476207513416817,1.408,2.1464925043297834e-06,trainer_state_qwen2.5v2.json
Qwen2.5-7B · LoRA-v2,Qwen2.5-7B,LoRA-v2,9610,2.750483005366726,1.4649,2.0984906918556533e-06,trainer_state_qwen2.5v2.json
Qwen2.5-7B · LoRA-v2,Qwen2.5-7B,LoRA-v2,9620,2.753345259391771,1.3643,2.0510201904614e-06,trainer_state_qwen2.5v2.json
Qwen2.5-7B · LoRA-v2,Qwen2.5-7B,LoRA-v2,9630,2.7562075134168156,1.4104,2.004081526677487e-06,trainer_state_qwen2.5v2.json
Qwen2.5-7B · LoRA-v2,Qwen2.5-7B,LoRA-v2,9640,2.7590697674418605,1.3298,1.957675221135352e-06,trainer_state_qwen2.5v2.json
Qwen2.5-7B · LoRA-v2,Qwen2.5-7B,LoRA-v2,9650,2.7619320214669054,1.426,1.9118017885616622e-06,trainer_state_qwen2.5v2.json
Qwen2.5-7B · LoRA-v2,Qwen2.5-7B,LoRA-v2,9660,2.76479427549195,1.4888,1.8664617377726123e-06,trainer_state_qwen2.5v2.json
Qwen2.5-7B · LoRA-v2,Qwen2.5-7B,LoRA-v2,9670,2.7676565295169944,1.4355,1.8216555716682348e-06,trainer_state_qwen2.5v2.json
Qwen2.5-7B · LoRA-v2,Qwen2.5-7B,LoRA-v2,9680,2.7705187835420393,1.4856,1.7773837872268772e-06,trainer_state_qwen2.5v2.json
Qwen2.5-7B · LoRA-v2,Qwen2.5-7B,LoRA-v2,9690,2.773381037567084,1.4645,1.7336468754996505e-06,trainer_state_qwen2.5v2.json
Qwen2.5-7B · LoRA-v2,Qwen2.5-7B,LoRA-v2,9700,2.7762432915921287,1.377,1.690445321605011e-06,trainer_state_qwen2.5v2.json
Qwen2.5-7B · LoRA-v2,Qwen2.5-7B,LoRA-v2,9710,2.7791055456171736,1.4335,1.6477796047233374e-06,trainer_state_qwen2.5v2.json
Qwen2.5-7B · LoRA-v2,Qwen2.5-7B,LoRA-v2,9720,2.781967799642218,1.5463,1.6056501980916794e-06,trainer_state_qwen2.5v2.json
Qwen2.5-7B · LoRA-v2,Qwen2.5-7B,LoRA-v2,9730,2.784830053667263,1.3797,1.564057568998445e-06,trainer_state_qwen2.5v2.json
Qwen2.5-7B · LoRA-v2,Qwen2.5-7B,LoRA-v2,9740,2.787692307692308,1.4473,1.52300217877826e-06,trainer_state_qwen2.5v2.json
Qwen2.5-7B · LoRA-v2,Qwen2.5-7B,LoRA-v2,9750,2.7905545617173524,1.311,1.4824844828068396e-06,trainer_state_qwen2.5v2.json
Qwen2.5-7B · LoRA-v2,Qwen2.5-7B,LoRA-v2,9760,2.793416815742397,1.4305,1.4425049304959137e-06,trainer_state_qwen2.5v2.json
Qwen2.5-7B · LoRA-v2,Qwen2.5-7B,LoRA-v2,9770,2.796279069767442,1.4527,1.403063965288287e-06,trainer_state_qwen2.5v2.json
Qwen2.5-7B · LoRA-v2,Qwen2.5-7B,LoRA-v2,9780,2.7991413237924867,1.5484,1.3641620246528764e-06,trainer_state_qwen2.5v2.json
Qwen2.5-7B · LoRA-v2,Qwen2.5-7B,LoRA-v2,9790,2.802003577817531,1.3849,1.3257995400798916e-06,trainer_state_qwen2.5v2.json
Qwen2.5-7B · LoRA-v2,Qwen2.5-7B,LoRA-v2,9800,2.804865831842576,1.4399,1.2879769370760353e-06,trainer_state_qwen2.5v2.json
Qwen2.5-7B · LoRA-v2,Qwen2.5-7B,LoRA-v2,9810,2.8077280858676206,1.3811,1.2506946351597714e-06,trainer_state_qwen2.5v2.json
Qwen2.5-7B · LoRA-v2,Qwen2.5-7B,LoRA-v2,9820,2.8105903398926655,1.4173,1.2139530478567029e-06,trainer_state_qwen2.5v2.json
Qwen2.5-7B · LoRA-v2,Qwen2.5-7B,LoRA-v2,9830,2.8134525939177104,1.3861,1.1777525826949576e-06,trainer_state_qwen2.5v2.json
Qwen2.5-7B · LoRA-v2,Qwen2.5-7B,LoRA-v2,9840,2.816314847942755,1.4795,1.1420936412006699e-06,trainer_state_qwen2.5v2.json
Qwen2.5-7B · LoRA-v2,Qwen2.5-7B,LoRA-v2,9850,2.8191771019678,1.3994,1.106976618893546e-06,trainer_state_qwen2.5v2.json
Qwen2.5-7B · LoRA-v2,Qwen2.5-7B,LoRA-v2,9860,2.8220393559928443,1.373,1.0724019052824663e-06,trainer_state_qwen2.5v2.json
Qwen2.5-7B · LoRA-v2,Qwen2.5-7B,LoRA-v2,9870,2.824901610017889,1.3792,1.038369883861151e-06,trainer_state_qwen2.5v2.json
Qwen2.5-7B · LoRA-v2,Qwen2.5-7B,LoRA-v2,9880,2.8277638640429337,1.4308,1.0048809321039409e-06,trainer_state_qwen2.5v2.json
Qwen2.5-7B · LoRA-v2,Qwen2.5-7B,LoRA-v2,9890,2.8306261180679786,1.4841,9.719354214615673e-07,trainer_state_qwen2.5v2.json
Qwen2.5-7B · LoRA-v2,Qwen2.5-7B,LoRA-v2,9900,2.833488372093023,1.4545,9.395337173570607e-07,trainer_state_qwen2.5v2.json
Qwen2.5-7B · LoRA-v2,Qwen2.5-7B,LoRA-v2,9910,2.836350626118068,1.5145,9.076761791817046e-07,trainer_state_qwen2.5v2.json
Qwen2.5-7B · LoRA-v2,Qwen2.5-7B,LoRA-v2,9920,2.839212880143113,1.3681,8.76363160291016e-07,trainer_state_qwen2.5v2.json
Qwen2.5-7B · LoRA-v2,Qwen2.5-7B,LoRA-v2,9930,2.8420751341681574,1.4363,8.455950080008602e-07,trainer_state_qwen2.5v2.json
Qwen2.5-7B · LoRA-v2,Qwen2.5-7B,LoRA-v2,9940,2.8449373881932023,1.4522,8.153720635835748e-07,trainer_state_qwen2.5v2.json
Qwen2.5-7B · LoRA-v2,Qwen2.5-7B,LoRA-v2,9950,2.8477996422182468,1.5192,7.85694662264197e-07,trainer_state_qwen2.5v2.json
Qwen2.5-7B · LoRA-v2,Qwen2.5-7B,LoRA-v2,9960,2.8506618962432917,1.4909,7.565631332167478e-07,trainer_state_qwen2.5v2.json
Qwen2.5-7B · LoRA-v2,Qwen2.5-7B,LoRA-v2,9970,2.853524150268336,1.4357,7.279777995605531e-07,trainer_state_qwen2.5v2.json
Qwen2.5-7B · LoRA-v2,Qwen2.5-7B,LoRA-v2,9980,2.856386404293381,1.5566,6.999389783567179e-07,trainer_state_qwen2.5v2.json
Qwen2.5-7B · LoRA-v2,Qwen2.5-7B,LoRA-v2,9990,2.8592486583184256,1.4297,6.724469806045408e-07,trainer_state_qwen2.5v2.json
Qwen2.5-7B · LoRA-v2,Qwen2.5-7B,LoRA-v2,10000,2.8621109123434705,1.2615,6.45502111238111e-07,trainer_state_qwen2.5v2.json
Qwen2.5-7B · LoRA-v2,Qwen2.5-7B,LoRA-v2,10010,2.8649731663685154,1.3995,6.191046691229108e-07,trainer_state_qwen2.5v2.json
Qwen2.5-7B · LoRA-v2,Qwen2.5-7B,LoRA-v2,10020,2.86783542039356,1.4804,5.932549470525017e-07,trainer_state_qwen2.5v2.json
Qwen2.5-7B · LoRA-v2,Qwen2.5-7B,LoRA-v2,10030,2.870697674418605,1.3536,5.679532317452719e-07,trainer_state_qwen2.5v2.json
Qwen2.5-7B · LoRA-v2,Qwen2.5-7B,LoRA-v2,10040,2.8735599284436493,1.4343,5.431998038412711e-07,trainer_state_qwen2.5v2.json
Qwen2.5-7B · LoRA-v2,Qwen2.5-7B,LoRA-v2,10050,2.876422182468694,1.4375,5.189949378990755e-07,trainer_state_qwen2.5v2.json
Qwen2.5-7B · LoRA-v2,Qwen2.5-7B,LoRA-v2,10060,2.8792844364937387,1.3946,4.953389023927668e-07,trainer_state_qwen2.5v2.json
Qwen2.5-7B · LoRA-v2,Qwen2.5-7B,LoRA-v2,10070,2.8821466905187836,1.3088,4.722319597089353e-07,trainer_state_qwen2.5v2.json
Qwen2.5-7B · LoRA-v2,Qwen2.5-7B,LoRA-v2,10080,2.885008944543828,1.368,4.4967436614378187e-07,trainer_state_qwen2.5v2.json
Qwen2.5-7B · LoRA-v2,Qwen2.5-7B,LoRA-v2,10090,2.887871198568873,1.4923,4.2766637190025937e-07,trainer_state_qwen2.5v2.json
Qwen2.5-7B · LoRA-v2,Qwen2.5-7B,LoRA-v2,10100,2.890733452593918,1.3863,4.062082210853135e-07,trainer_state_qwen2.5v2.json
Qwen2.5-7B · LoRA-v2,Qwen2.5-7B,LoRA-v2,10110,2.8935957066189624,1.4336,3.853001517071853e-07,trainer_state_qwen2.5v2.json
Qwen2.5-7B · LoRA-v2,Qwen2.5-7B,LoRA-v2,10120,2.8964579606440073,1.3321,3.6494239567272383e-07,trainer_state_qwen2.5v2.json
Qwen2.5-7B · LoRA-v2,Qwen2.5-7B,LoRA-v2,10130,2.8993202146690518,1.4718,3.4513517878486667e-07,trainer_state_qwen2.5v2.json
Qwen2.5-7B · LoRA-v2,Qwen2.5-7B,LoRA-v2,10140,2.9021824686940967,1.4101,3.258787207401248e-07,trainer_state_qwen2.5v2.json
Qwen2.5-7B · LoRA-v2,Qwen2.5-7B,LoRA-v2,10150,2.905044722719141,1.49,3.071732351261014e-07,trainer_state_qwen2.5v2.json
Qwen2.5-7B · LoRA-v2,Qwen2.5-7B,LoRA-v2,10160,2.907906976744186,1.5411,2.890189294191881e-07,trainer_state_qwen2.5v2.json
Qwen2.5-7B · LoRA-v2,Qwen2.5-7B,LoRA-v2,10170,2.9107692307692306,1.4363,2.714160049822223e-07,trainer_state_qwen2.5v2.json
Qwen2.5-7B · LoRA-v2,Qwen2.5-7B,LoRA-v2,10180,2.9136314847942755,1.3773,2.54364657062256e-07,trainer_state_qwen2.5v2.json
Qwen2.5-7B · LoRA-v2,Qwen2.5-7B,LoRA-v2,10190,2.9164937388193204,1.389,2.3786507478840701e-07,trainer_state_qwen2.5v2.json
Qwen2.5-7B · LoRA-v2,Qwen2.5-7B,LoRA-v2,10200,2.919355992844365,1.3712,2.2191744116975554e-07,trainer_state_qwen2.5v2.json
Qwen2.5-7B · LoRA-v2,Qwen2.5-7B,LoRA-v2,10210,2.92221824686941,1.5509,2.065219330932955e-07,trainer_state_qwen2.5v2.json
Qwen2.5-7B · LoRA-v2,Qwen2.5-7B,LoRA-v2,10220,2.9250805008944543,1.4759,1.9167872132200283e-07,trainer_state_qwen2.5v2.json
Qwen2.5-7B · LoRA-v2,Qwen2.5-7B,LoRA-v2,10230,2.927942754919499,1.4698,1.7738797049292044e-07,trainer_state_qwen2.5v2.json
Qwen2.5-7B · LoRA-v2,Qwen2.5-7B,LoRA-v2,10240,2.930805008944544,1.4446,1.636498391153374e-07,trainer_state_qwen2.5v2.json
Qwen2.5-7B · LoRA-v2,Qwen2.5-7B,LoRA-v2,10250,2.9336672629695886,1.3625,1.5046447956903465e-07,trainer_state_qwen2.5v2.json
Qwen2.5-7B · LoRA-v2,Qwen2.5-7B,LoRA-v2,10260,2.936529516994633,1.5104,1.3783203810259215e-07,trainer_state_qwen2.5v2.json
Qwen2.5-7B · LoRA-v2,Qwen2.5-7B,LoRA-v2,10270,2.939391771019678,1.4962,1.2575265483176223e-07,trainer_state_qwen2.5v2.json
Qwen2.5-7B · LoRA-v2,Qwen2.5-7B,LoRA-v2,10280,2.942254025044723,1.347,1.1422646373791535e-07,trainer_state_qwen2.5v2.json
Qwen2.5-7B · LoRA-v2,Qwen2.5-7B,LoRA-v2,10290,2.9451162790697674,1.424,1.0325359266656897e-07,trainer_state_qwen2.5v2.json
Qwen2.5-7B · LoRA-v2,Qwen2.5-7B,LoRA-v2,10300,2.9479785330948123,1.3524,9.283416332596662e-08,trainer_state_qwen2.5v2.json
Qwen2.5-7B · LoRA-v2,Qwen2.5-7B,LoRA-v2,10310,2.9508407871198568,1.4878,8.296829128568995e-08,trainer_state_qwen2.5v2.json
Qwen2.5-7B · LoRA-v2,Qwen2.5-7B,LoRA-v2,10320,2.9537030411449017,1.4602,7.365608597543205e-08,trainer_state_qwen2.5v2.json
Qwen2.5-7B · LoRA-v2,Qwen2.5-7B,LoRA-v2,10330,2.9565652951699466,1.5455,6.489765068375397e-08,trainer_state_qwen2.5v2.json
Qwen2.5-7B · LoRA-v2,Qwen2.5-7B,LoRA-v2,10340,2.959427549194991,1.5026,5.6693082556941166e-08,trainer_state_qwen2.5v2.json
Qwen2.5-7B · LoRA-v2,Qwen2.5-7B,LoRA-v2,10350,2.9622898032200355,1.5016,4.90424725979266e-08,trainer_state_qwen2.5v2.json
Qwen2.5-7B · LoRA-v2,Qwen2.5-7B,LoRA-v2,10360,2.9651520572450805,1.4907,4.1945905665286e-08,trainer_state_qwen2.5v2.json
Qwen2.5-7B · LoRA-v2,Qwen2.5-7B,LoRA-v2,10370,2.9680143112701254,1.4133,3.540346047229415e-08,trainer_state_qwen2.5v2.json
Qwen2.5-7B · LoRA-v2,Qwen2.5-7B,LoRA-v2,10380,2.97087656529517,1.5552,2.941520958605337e-08,trainer_state_qwen2.5v2.json
Qwen2.5-7B · LoRA-v2,Qwen2.5-7B,LoRA-v2,10390,2.9737388193202148,1.411,2.3981219426677526e-08,trainer_state_qwen2.5v2.json
Qwen2.5-7B · LoRA-v2,Qwen2.5-7B,LoRA-v2,10400,2.9766010733452593,1.4041,1.910155026658145e-08,trainer_state_qwen2.5v2.json
Qwen2.5-7B · LoRA-v2,Qwen2.5-7B,LoRA-v2,10410,2.979463327370304,1.4983,1.4776256229781515e-08,trainer_state_qwen2.5v2.json
Qwen2.5-7B · LoRA-v2,Qwen2.5-7B,LoRA-v2,10420,2.982325581395349,1.409,1.1005385291312786e-08,trainer_state_qwen2.5v2.json
Qwen2.5-7B · LoRA-v2,Qwen2.5-7B,LoRA-v2,10430,2.9851878354203936,1.5843,7.788979276690533e-09,trainer_state_qwen2.5v2.json
Qwen2.5-7B · LoRA-v2,Qwen2.5-7B,LoRA-v2,10440,2.988050089445438,1.4925,5.127073861466158e-09,trainer_state_qwen2.5v2.json
Qwen2.5-7B · LoRA-v2,Qwen2.5-7B,LoRA-v2,10450,2.990912343470483,1.5483,3.0196985707886537e-09,trainer_state_qwen2.5v2.json
Qwen2.5-7B · LoRA-v2,Qwen2.5-7B,LoRA-v2,10460,2.993774597495528,1.4436,1.4668767791270467e-09,trainer_state_qwen2.5v2.json
Qwen2.5-7B · LoRA-v2,Qwen2.5-7B,LoRA-v2,10470,2.9966368515205724,1.367,4.686257099706382e-10,trainer_state_qwen2.5v2.json
Qwen2.5-7B · LoRA-v2,Qwen2.5-7B,LoRA-v2,10480,2.9994991055456173,1.3892,2.495643566247097e-11,trainer_state_qwen2.5v2.json
Llama3.1-8B · LoRA-v2,Llama3.1-8B,LoRA-v2,10,0.0014311270125223613,1.9038,2.145922746781116e-07,trainer_state_llama3.1v2.json
Llama3.1-8B · LoRA-v2,Llama3.1-8B,LoRA-v2,20,0.0028622540250447226,1.994,4.5302813543156894e-07,trainer_state_llama3.1v2.json
Llama3.1-8B · LoRA-v2,Llama3.1-8B,LoRA-v2,30,0.004293381037567084,2.015,6.914639961850262e-07,trainer_state_llama3.1v2.json
Llama3.1-8B · LoRA-v2,Llama3.1-8B,LoRA-v2,40,0.005724508050089445,2.0582,9.298998569384836e-07,trainer_state_llama3.1v2.json
Llama3.1-8B · LoRA-v2,Llama3.1-8B,LoRA-v2,50,0.007155635062611807,1.8381,1.1683357176919408e-06,trainer_state_llama3.1v2.json
Llama3.1-8B · LoRA-v2,Llama3.1-8B,LoRA-v2,60,0.008586762075134168,2.0079,1.4067715784453983e-06,trainer_state_llama3.1v2.json
Llama3.1-8B · LoRA-v2,Llama3.1-8B,LoRA-v2,70,0.01001788908765653,1.9775,1.6452074391988557e-06,trainer_state_llama3.1v2.json
Llama3.1-8B · LoRA-v2,Llama3.1-8B,LoRA-v2,80,0.01144901610017889,1.9704,1.883643299952313e-06,trainer_state_llama3.1v2.json
Llama3.1-8B · LoRA-v2,Llama3.1-8B,LoRA-v2,90,0.012880143112701253,1.9743,2.1220791607057705e-06,trainer_state_llama3.1v2.json
Llama3.1-8B · LoRA-v2,Llama3.1-8B,LoRA-v2,100,0.014311270125223614,1.9481,2.3605150214592277e-06,trainer_state_llama3.1v2.json
Llama3.1-8B · LoRA-v2,Llama3.1-8B,LoRA-v2,110,0.015742397137745976,1.8397,2.598950882212685e-06,trainer_state_llama3.1v2.json
Llama3.1-8B · LoRA-v2,Llama3.1-8B,LoRA-v2,120,0.017173524150268335,1.8909,2.8373867429661424e-06,trainer_state_llama3.1v2.json
Llama3.1-8B · LoRA-v2,Llama3.1-8B,LoRA-v2,130,0.018604651162790697,2.0191,3.0758226037195996e-06,trainer_state_llama3.1v2.json
Llama3.1-8B · LoRA-v2,Llama3.1-8B,LoRA-v2,140,0.02003577817531306,1.7593,3.314258464473057e-06,trainer_state_llama3.1v2.json
Llama3.1-8B · LoRA-v2,Llama3.1-8B,LoRA-v2,150,0.02146690518783542,1.9976,3.552694325226514e-06,trainer_state_llama3.1v2.json
Llama3.1-8B · LoRA-v2,Llama3.1-8B,LoRA-v2,160,0.02289803220035778,1.8308,3.7911301859799715e-06,trainer_state_llama3.1v2.json
Llama3.1-8B · LoRA-v2,Llama3.1-8B,LoRA-v2,170,0.024329159212880144,1.7365,4.029566046733429e-06,trainer_state_llama3.1v2.json
Llama3.1-8B · LoRA-v2,Llama3.1-8B,LoRA-v2,180,0.025760286225402506,1.6976,4.268001907486886e-06,trainer_state_llama3.1v2.json
Llama3.1-8B · LoRA-v2,Llama3.1-8B,LoRA-v2,190,0.027191413237924865,1.8025,4.5064377682403434e-06,trainer_state_llama3.1v2.json
Llama3.1-8B · LoRA-v2,Llama3.1-8B,LoRA-v2,200,0.028622540250447227,1.7796,4.7448736289938015e-06,trainer_state_llama3.1v2.json
Llama3.1-8B · LoRA-v2,Llama3.1-8B,LoRA-v2,210,0.03005366726296959,1.7282,4.983309489747258e-06,trainer_state_llama3.1v2.json
Llama3.1-8B · LoRA-v2,Llama3.1-8B,LoRA-v2,220,0.03148479427549195,1.7273,5.221745350500716e-06,trainer_state_llama3.1v2.json
Llama3.1-8B · LoRA-v2,Llama3.1-8B,LoRA-v2,230,0.032915921288014315,1.6903,5.460181211254173e-06,trainer_state_llama3.1v2.json
Llama3.1-8B · LoRA-v2,Llama3.1-8B,LoRA-v2,240,0.03434704830053667,1.8501,5.69861707200763e-06,trainer_state_llama3.1v2.json
Llama3.1-8B · LoRA-v2,Llama3.1-8B,LoRA-v2,250,0.03577817531305903,1.7559,5.937052932761087e-06,trainer_state_llama3.1v2.json
Llama3.1-8B · LoRA-v2,Llama3.1-8B,LoRA-v2,260,0.037209302325581395,1.7567,6.175488793514545e-06,trainer_state_llama3.1v2.json
Llama3.1-8B · LoRA-v2,Llama3.1-8B,LoRA-v2,270,0.03864042933810376,1.6862,6.4139246542680025e-06,trainer_state_llama3.1v2.json
Llama3.1-8B · LoRA-v2,Llama3.1-8B,LoRA-v2,280,0.04007155635062612,1.6949,6.65236051502146e-06,trainer_state_llama3.1v2.json
Llama3.1-8B · LoRA-v2,Llama3.1-8B,LoRA-v2,290,0.04150268336314848,1.7553,6.890796375774918e-06,trainer_state_llama3.1v2.json
Llama3.1-8B · LoRA-v2,Llama3.1-8B,LoRA-v2,300,0.04293381037567084,1.7445,7.129232236528374e-06,trainer_state_llama3.1v2.json
Llama3.1-8B · LoRA-v2,Llama3.1-8B,LoRA-v2,310,0.0443649373881932,1.831,7.367668097281831e-06,trainer_state_llama3.1v2.json
Llama3.1-8B · LoRA-v2,Llama3.1-8B,LoRA-v2,320,0.04579606440071556,1.7088,7.606103958035289e-06,trainer_state_llama3.1v2.json
Llama3.1-8B · LoRA-v2,Llama3.1-8B,LoRA-v2,330,0.047227191413237925,1.6443,7.844539818788746e-06,trainer_state_llama3.1v2.json
Llama3.1-8B · LoRA-v2,Llama3.1-8B,LoRA-v2,340,0.04865831842576029,1.7242,8.082975679542204e-06,trainer_state_llama3.1v2.json
Llama3.1-8B · LoRA-v2,Llama3.1-8B,LoRA-v2,350,0.05008944543828265,1.7756,8.32141154029566e-06,trainer_state_llama3.1v2.json
Llama3.1-8B · LoRA-v2,Llama3.1-8B,LoRA-v2,360,0.05152057245080501,1.6772,8.559847401049117e-06,trainer_state_llama3.1v2.json
Llama3.1-8B · LoRA-v2,Llama3.1-8B,LoRA-v2,370,0.05295169946332737,1.6604,8.798283261802575e-06,trainer_state_llama3.1v2.json
Llama3.1-8B · LoRA-v2,Llama3.1-8B,LoRA-v2,380,0.05438282647584973,1.6536,9.036719122556033e-06,trainer_state_llama3.1v2.json
Llama3.1-8B · LoRA-v2,Llama3.1-8B,LoRA-v2,390,0.05581395348837209,1.6396,9.275154983309491e-06,trainer_state_llama3.1v2.json
Llama3.1-8B · LoRA-v2,Llama3.1-8B,LoRA-v2,400,0.057245080500894455,1.7603,9.513590844062947e-06,trainer_state_llama3.1v2.json
Llama3.1-8B · LoRA-v2,Llama3.1-8B,LoRA-v2,410,0.05867620751341682,1.5757,9.752026704816405e-06,trainer_state_llama3.1v2.json
Llama3.1-8B · LoRA-v2,Llama3.1-8B,LoRA-v2,420,0.06010733452593918,1.562,9.990462565569862e-06,trainer_state_llama3.1v2.json
Llama3.1-8B · LoRA-v2,Llama3.1-8B,LoRA-v2,430,0.06153846153846154,1.5399,1.022889842632332e-05,trainer_state_llama3.1v2.json
Llama3.1-8B · LoRA-v2,Llama3.1-8B,LoRA-v2,440,0.0629695885509839,1.7051,1.0467334287076778e-05,trainer_state_llama3.1v2.json
Llama3.1-8B · LoRA-v2,Llama3.1-8B,LoRA-v2,450,0.06440071556350627,1.6154,1.0705770147830234e-05,trainer_state_llama3.1v2.json
Llama3.1-8B · LoRA-v2,Llama3.1-8B,LoRA-v2,460,0.06583184257602863,1.7451,1.0944206008583692e-05,trainer_state_llama3.1v2.json
Llama3.1-8B · LoRA-v2,Llama3.1-8B,LoRA-v2,470,0.06726296958855098,1.6794,1.1182641869337148e-05,trainer_state_llama3.1v2.json
Llama3.1-8B · LoRA-v2,Llama3.1-8B,LoRA-v2,480,0.06869409660107334,1.6771,1.1421077730090605e-05,trainer_state_llama3.1v2.json
Llama3.1-8B · LoRA-v2,Llama3.1-8B,LoRA-v2,490,0.0701252236135957,1.5073,1.1659513590844064e-05,trainer_state_llama3.1v2.json
Llama3.1-8B · LoRA-v2,Llama3.1-8B,LoRA-v2,500,0.07155635062611806,1.6068,1.189794945159752e-05,trainer_state_llama3.1v2.json
Llama3.1-8B · LoRA-v2,Llama3.1-8B,LoRA-v2,510,0.07298747763864043,1.5165,1.2136385312350979e-05,trainer_state_llama3.1v2.json
Llama3.1-8B · LoRA-v2,Llama3.1-8B,LoRA-v2,520,0.07441860465116279,1.5243,1.2374821173104435e-05,trainer_state_llama3.1v2.json
Llama3.1-8B · LoRA-v2,Llama3.1-8B,LoRA-v2,530,0.07584973166368515,1.6144,1.2613257033857891e-05,trainer_state_llama3.1v2.json
Llama3.1-8B · LoRA-v2,Llama3.1-8B,LoRA-v2,540,0.07728085867620751,1.6619,1.285169289461135e-05,trainer_state_llama3.1v2.json
Llama3.1-8B · LoRA-v2,Llama3.1-8B,LoRA-v2,550,0.07871198568872988,1.4703,1.3090128755364809e-05,trainer_state_llama3.1v2.json
Llama3.1-8B · LoRA-v2,Llama3.1-8B,LoRA-v2,560,0.08014311270125224,1.4911,1.3328564616118264e-05,trainer_state_llama3.1v2.json
Llama3.1-8B · LoRA-v2,Llama3.1-8B,LoRA-v2,570,0.0815742397137746,1.6132,1.3567000476871722e-05,trainer_state_llama3.1v2.json
Llama3.1-8B · LoRA-v2,Llama3.1-8B,LoRA-v2,580,0.08300536672629696,1.6966,1.380543633762518e-05,trainer_state_llama3.1v2.json
Llama3.1-8B · LoRA-v2,Llama3.1-8B,LoRA-v2,590,0.08443649373881933,1.5239,1.4043872198378638e-05,trainer_state_llama3.1v2.json
Llama3.1-8B · LoRA-v2,Llama3.1-8B,LoRA-v2,600,0.08586762075134168,1.4563,1.4282308059132094e-05,trainer_state_llama3.1v2.json
Llama3.1-8B · LoRA-v2,Llama3.1-8B,LoRA-v2,610,0.08729874776386404,1.5944,1.4520743919885552e-05,trainer_state_llama3.1v2.json
Llama3.1-8B · LoRA-v2,Llama3.1-8B,LoRA-v2,620,0.0887298747763864,1.5589,1.475917978063901e-05,trainer_state_llama3.1v2.json
Llama3.1-8B · LoRA-v2,Llama3.1-8B,LoRA-v2,630,0.09016100178890876,1.5707,1.4997615641392465e-05,trainer_state_llama3.1v2.json
Llama3.1-8B · LoRA-v2,Llama3.1-8B,LoRA-v2,640,0.09159212880143112,1.5502,1.5236051502145923e-05,trainer_state_llama3.1v2.json
Llama3.1-8B · LoRA-v2,Llama3.1-8B,LoRA-v2,650,0.09302325581395349,1.6433,1.547448736289938e-05,trainer_state_llama3.1v2.json
Llama3.1-8B · LoRA-v2,Llama3.1-8B,LoRA-v2,660,0.09445438282647585,1.5905,1.5712923223652835e-05,trainer_state_llama3.1v2.json
Llama3.1-8B · LoRA-v2,Llama3.1-8B,LoRA-v2,670,0.09588550983899821,1.5436,1.5951359084406293e-05,trainer_state_llama3.1v2.json
Llama3.1-8B · LoRA-v2,Llama3.1-8B,LoRA-v2,680,0.09731663685152057,1.6273,1.618979494515975e-05,trainer_state_llama3.1v2.json
Llama3.1-8B · LoRA-v2,Llama3.1-8B,LoRA-v2,690,0.09874776386404294,1.5119,1.6428230805913213e-05,trainer_state_llama3.1v2.json
Llama3.1-8B · LoRA-v2,Llama3.1-8B,LoRA-v2,700,0.1001788908765653,1.5117,1.6666666666666667e-05,trainer_state_llama3.1v2.json
Llama3.1-8B · LoRA-v2,Llama3.1-8B,LoRA-v2,710,0.10161001788908766,1.5861,1.6905102527420125e-05,trainer_state_llama3.1v2.json
Llama3.1-8B · LoRA-v2,Llama3.1-8B,LoRA-v2,720,0.10304114490161002,1.6488,1.7143538388173583e-05,trainer_state_llama3.1v2.json
Llama3.1-8B · LoRA-v2,Llama3.1-8B,LoRA-v2,730,0.10447227191413237,1.6037,1.7381974248927038e-05,trainer_state_llama3.1v2.json
Llama3.1-8B · LoRA-v2,Llama3.1-8B,LoRA-v2,740,0.10590339892665473,1.6273,1.7620410109680496e-05,trainer_state_llama3.1v2.json
Llama3.1-8B · LoRA-v2,Llama3.1-8B,LoRA-v2,750,0.1073345259391771,1.6593,1.7858845970433954e-05,trainer_state_llama3.1v2.json
Llama3.1-8B · LoRA-v2,Llama3.1-8B,LoRA-v2,760,0.10876565295169946,1.6287,1.8097281831187412e-05,trainer_state_llama3.1v2.json
Llama3.1-8B · LoRA-v2,Llama3.1-8B,LoRA-v2,770,0.11019677996422182,1.4956,1.8335717691940867e-05,trainer_state_llama3.1v2.json
Llama3.1-8B · LoRA-v2,Llama3.1-8B,LoRA-v2,780,0.11162790697674418,1.5307,1.8574153552694325e-05,trainer_state_llama3.1v2.json
Llama3.1-8B · LoRA-v2,Llama3.1-8B,LoRA-v2,790,0.11305903398926655,1.6392,1.8812589413447783e-05,trainer_state_llama3.1v2.json
Llama3.1-8B · LoRA-v2,Llama3.1-8B,LoRA-v2,800,0.11449016100178891,1.5845,1.905102527420124e-05,trainer_state_llama3.1v2.json
Llama3.1-8B · LoRA-v2,Llama3.1-8B,LoRA-v2,810,0.11592128801431127,1.5163,1.92894611349547e-05,trainer_state_llama3.1v2.json
Llama3.1-8B · LoRA-v2,Llama3.1-8B,LoRA-v2,820,0.11735241502683363,1.3893,1.9527896995708157e-05,trainer_state_llama3.1v2.json
Llama3.1-8B · LoRA-v2,Llama3.1-8B,LoRA-v2,830,0.118783542039356,1.5134,1.9766332856461615e-05,trainer_state_llama3.1v2.json
Llama3.1-8B · LoRA-v2,Llama3.1-8B,LoRA-v2,840,0.12021466905187836,1.582,2.000476871721507e-05,trainer_state_llama3.1v2.json
Llama3.1-8B · LoRA-v2,Llama3.1-8B,LoRA-v2,850,0.12164579606440072,1.6632,2.0243204577968528e-05,trainer_state_llama3.1v2.json
Llama3.1-8B · LoRA-v2,Llama3.1-8B,LoRA-v2,860,0.12307692307692308,1.4948,2.0481640438721986e-05,trainer_state_llama3.1v2.json
Llama3.1-8B · LoRA-v2,Llama3.1-8B,LoRA-v2,870,0.12450805008944543,1.5839,2.072007629947544e-05,trainer_state_llama3.1v2.json
Llama3.1-8B · LoRA-v2,Llama3.1-8B,LoRA-v2,880,0.1259391771019678,1.5626,2.0958512160228898e-05,trainer_state_llama3.1v2.json
Llama3.1-8B · LoRA-v2,Llama3.1-8B,LoRA-v2,890,0.12737030411449016,1.5464,2.1196948020982356e-05,trainer_state_llama3.1v2.json
Llama3.1-8B · LoRA-v2,Llama3.1-8B,LoRA-v2,900,0.12880143112701253,1.4093,2.1435383881735814e-05,trainer_state_llama3.1v2.json
Llama3.1-8B · LoRA-v2,Llama3.1-8B,LoRA-v2,910,0.13023255813953488,1.5716,2.1673819742489272e-05,trainer_state_llama3.1v2.json
Llama3.1-8B · LoRA-v2,Llama3.1-8B,LoRA-v2,920,0.13166368515205726,1.5548,2.191225560324273e-05,trainer_state_llama3.1v2.json
Llama3.1-8B · LoRA-v2,Llama3.1-8B,LoRA-v2,930,0.1330948121645796,1.4653,2.2150691463996188e-05,trainer_state_llama3.1v2.json
Llama3.1-8B · LoRA-v2,Llama3.1-8B,LoRA-v2,940,0.13452593917710196,1.6821,2.2389127324749643e-05,trainer_state_llama3.1v2.json
Llama3.1-8B · LoRA-v2,Llama3.1-8B,LoRA-v2,950,0.13595706618962433,1.5549,2.26275631855031e-05,trainer_state_llama3.1v2.json
Llama3.1-8B · LoRA-v2,Llama3.1-8B,LoRA-v2,960,0.13738819320214668,1.6692,2.286599904625656e-05,trainer_state_llama3.1v2.json
Llama3.1-8B · LoRA-v2,Llama3.1-8B,LoRA-v2,970,0.13881932021466906,1.5577,2.3104434907010014e-05,trainer_state_llama3.1v2.json
Llama3.1-8B · LoRA-v2,Llama3.1-8B,LoRA-v2,980,0.1402504472271914,1.6358,2.334287076776347e-05,trainer_state_llama3.1v2.json
Llama3.1-8B · LoRA-v2,Llama3.1-8B,LoRA-v2,990,0.14168157423971378,1.578,2.358130662851693e-05,trainer_state_llama3.1v2.json
Llama3.1-8B · LoRA-v2,Llama3.1-8B,LoRA-v2,1000,0.14311270125223613,1.6715,2.3819742489270388e-05,trainer_state_llama3.1v2.json
Llama3.1-8B · LoRA-v2,Llama3.1-8B,LoRA-v2,1010,0.1445438282647585,1.635,2.4058178350023846e-05,trainer_state_llama3.1v2.json
Llama3.1-8B · LoRA-v2,Llama3.1-8B,LoRA-v2,1020,0.14597495527728085,1.541,2.4296614210777304e-05,trainer_state_llama3.1v2.json
Llama3.1-8B · LoRA-v2,Llama3.1-8B,LoRA-v2,1030,0.14740608228980323,1.4768,2.453505007153076e-05,trainer_state_llama3.1v2.json
Llama3.1-8B · LoRA-v2,Llama3.1-8B,LoRA-v2,1040,0.14883720930232558,1.5323,2.4773485932284216e-05,trainer_state_llama3.1v2.json
Llama3.1-8B · LoRA-v2,Llama3.1-8B,LoRA-v2,1050,0.15026833631484796,1.5854,2.5011921793037674e-05,trainer_state_llama3.1v2.json
Llama3.1-8B · LoRA-v2,Llama3.1-8B,LoRA-v2,1060,0.1516994633273703,1.6065,2.525035765379113e-05,trainer_state_llama3.1v2.json
Llama3.1-8B · LoRA-v2,Llama3.1-8B,LoRA-v2,1070,0.15313059033989265,1.4842,2.548879351454459e-05,trainer_state_llama3.1v2.json
Llama3.1-8B · LoRA-v2,Llama3.1-8B,LoRA-v2,1080,0.15456171735241503,1.5553,2.5727229375298045e-05,trainer_state_llama3.1v2.json
Llama3.1-8B · LoRA-v2,Llama3.1-8B,LoRA-v2,1090,0.15599284436493738,1.6448,2.59656652360515e-05,trainer_state_llama3.1v2.json
Llama3.1-8B · LoRA-v2,Llama3.1-8B,LoRA-v2,1100,0.15742397137745975,1.5468,2.620410109680496e-05,trainer_state_llama3.1v2.json
Llama3.1-8B · LoRA-v2,Llama3.1-8B,LoRA-v2,1110,0.1588550983899821,1.4855,2.6442536957558416e-05,trainer_state_llama3.1v2.json
Llama3.1-8B · LoRA-v2,Llama3.1-8B,LoRA-v2,1120,0.16028622540250448,1.6032,2.6680972818311877e-05,trainer_state_llama3.1v2.json
Llama3.1-8B · LoRA-v2,Llama3.1-8B,LoRA-v2,1130,0.16171735241502683,1.5162,2.691940867906533e-05,trainer_state_llama3.1v2.json
Llama3.1-8B · LoRA-v2,Llama3.1-8B,LoRA-v2,1140,0.1631484794275492,1.5607,2.715784453981879e-05,trainer_state_llama3.1v2.json
Llama3.1-8B · LoRA-v2,Llama3.1-8B,LoRA-v2,1150,0.16457960644007155,1.6319,2.739628040057225e-05,trainer_state_llama3.1v2.json
Llama3.1-8B · LoRA-v2,Llama3.1-8B,LoRA-v2,1160,0.16601073345259393,1.5319,2.7634716261325706e-05,trainer_state_llama3.1v2.json
Llama3.1-8B · LoRA-v2,Llama3.1-8B,LoRA-v2,1170,0.16744186046511628,1.4747,2.787315212207916e-05,trainer_state_llama3.1v2.json
Llama3.1-8B · LoRA-v2,Llama3.1-8B,LoRA-v2,1180,0.16887298747763865,1.5471,2.811158798283262e-05,trainer_state_llama3.1v2.json
Llama3.1-8B · LoRA-v2,Llama3.1-8B,LoRA-v2,1190,0.170304114490161,1.5004,2.8350023843586076e-05,trainer_state_llama3.1v2.json
Llama3.1-8B · LoRA-v2,Llama3.1-8B,LoRA-v2,1200,0.17173524150268335,1.3469,2.858845970433953e-05,trainer_state_llama3.1v2.json
Llama3.1-8B · LoRA-v2,Llama3.1-8B,LoRA-v2,1210,0.17316636851520573,1.4059,2.8826895565092992e-05,trainer_state_llama3.1v2.json
Llama3.1-8B · LoRA-v2,Llama3.1-8B,LoRA-v2,1220,0.17459749552772807,1.5768,2.9065331425846447e-05,trainer_state_llama3.1v2.json
Llama3.1-8B · LoRA-v2,Llama3.1-8B,LoRA-v2,1230,0.17602862254025045,1.4147,2.9303767286599905e-05,trainer_state_llama3.1v2.json
Llama3.1-8B · LoRA-v2,Llama3.1-8B,LoRA-v2,1240,0.1774597495527728,1.6242,2.9542203147353363e-05,trainer_state_llama3.1v2.json
Llama3.1-8B · LoRA-v2,Llama3.1-8B,LoRA-v2,1250,0.17889087656529518,1.4753,2.978063900810682e-05,trainer_state_llama3.1v2.json
Llama3.1-8B · LoRA-v2,Llama3.1-8B,LoRA-v2,1260,0.18032200357781752,1.5816,3.0019074868860282e-05,trainer_state_llama3.1v2.json
Llama3.1-8B · LoRA-v2,Llama3.1-8B,LoRA-v2,1270,0.1817531305903399,1.5674,3.0257510729613737e-05,trainer_state_llama3.1v2.json
Llama3.1-8B · LoRA-v2,Llama3.1-8B,LoRA-v2,1280,0.18318425760286225,1.6338,3.049594659036719e-05,trainer_state_llama3.1v2.json
Llama3.1-8B · LoRA-v2,Llama3.1-8B,LoRA-v2,1290,0.18461538461538463,1.4539,3.073438245112065e-05,trainer_state_llama3.1v2.json
Llama3.1-8B · LoRA-v2,Llama3.1-8B,LoRA-v2,1300,0.18604651162790697,1.3931,3.097281831187411e-05,trainer_state_llama3.1v2.json
Llama3.1-8B · LoRA-v2,Llama3.1-8B,LoRA-v2,1310,0.18747763864042935,1.5542,3.121125417262756e-05,trainer_state_llama3.1v2.json
Llama3.1-8B · LoRA-v2,Llama3.1-8B,LoRA-v2,1320,0.1889087656529517,1.6236,3.1449690033381024e-05,trainer_state_llama3.1v2.json
Llama3.1-8B · LoRA-v2,Llama3.1-8B,LoRA-v2,1330,0.19033989266547405,1.4819,3.168812589413448e-05,trainer_state_llama3.1v2.json
Llama3.1-8B · LoRA-v2,Llama3.1-8B,LoRA-v2,1340,0.19177101967799642,1.3786,3.192656175488793e-05,trainer_state_llama3.1v2.json
Llama3.1-8B · LoRA-v2,Llama3.1-8B,LoRA-v2,1350,0.19320214669051877,1.4064,3.2164997615641394e-05,trainer_state_llama3.1v2.json
Llama3.1-8B · LoRA-v2,Llama3.1-8B,LoRA-v2,1360,0.19463327370304115,1.4344,3.240343347639485e-05,trainer_state_llama3.1v2.json
Llama3.1-8B · LoRA-v2,Llama3.1-8B,LoRA-v2,1370,0.1960644007155635,1.4111,3.2641869337148304e-05,trainer_state_llama3.1v2.json
Llama3.1-8B · LoRA-v2,Llama3.1-8B,LoRA-v2,1380,0.19749552772808587,1.5248,3.2880305197901765e-05,trainer_state_llama3.1v2.json
Llama3.1-8B · LoRA-v2,Llama3.1-8B,LoRA-v2,1390,0.19892665474060822,1.4434,3.311874105865522e-05,trainer_state_llama3.1v2.json
Llama3.1-8B · LoRA-v2,Llama3.1-8B,LoRA-v2,1400,0.2003577817531306,1.5149,3.335717691940868e-05,trainer_state_llama3.1v2.json
Llama3.1-8B · LoRA-v2,Llama3.1-8B,LoRA-v2,1410,0.20178890876565295,1.4995,3.3595612780162136e-05,trainer_state_llama3.1v2.json
Llama3.1-8B · LoRA-v2,Llama3.1-8B,LoRA-v2,1420,0.20322003577817532,1.4613,3.38340486409156e-05,trainer_state_llama3.1v2.json
Llama3.1-8B · LoRA-v2,Llama3.1-8B,LoRA-v2,1430,0.20465116279069767,1.4803,3.407248450166906e-05,trainer_state_llama3.1v2.json
Llama3.1-8B · LoRA-v2,Llama3.1-8B,LoRA-v2,1440,0.20608228980322005,1.4126,3.431092036242251e-05,trainer_state_llama3.1v2.json
Llama3.1-8B · LoRA-v2,Llama3.1-8B,LoRA-v2,1450,0.2075134168157424,1.561,3.454935622317597e-05,trainer_state_llama3.1v2.json
Llama3.1-8B · LoRA-v2,Llama3.1-8B,LoRA-v2,1460,0.20894454382826474,1.5248,3.478779208392943e-05,trainer_state_llama3.1v2.json
Llama3.1-8B · LoRA-v2,Llama3.1-8B,LoRA-v2,1470,0.21037567084078712,1.4647,3.5026227944682884e-05,trainer_state_llama3.1v2.json
Llama3.1-8B · LoRA-v2,Llama3.1-8B,LoRA-v2,1480,0.21180679785330947,1.5229,3.526466380543634e-05,trainer_state_llama3.1v2.json
Llama3.1-8B · LoRA-v2,Llama3.1-8B,LoRA-v2,1490,0.21323792486583185,1.5485,3.55030996661898e-05,trainer_state_llama3.1v2.json
Llama3.1-8B · LoRA-v2,Llama3.1-8B,LoRA-v2,1500,0.2146690518783542,1.5295,3.5741535526943254e-05,trainer_state_llama3.1v2.json
Llama3.1-8B · LoRA-v2,Llama3.1-8B,LoRA-v2,1510,0.21610017889087657,1.4146,3.597997138769671e-05,trainer_state_llama3.1v2.json
Llama3.1-8B · LoRA-v2,Llama3.1-8B,LoRA-v2,1520,0.21753130590339892,1.568,3.621840724845017e-05,trainer_state_llama3.1v2.json
Llama3.1-8B · LoRA-v2,Llama3.1-8B,LoRA-v2,1530,0.2189624329159213,1.4917,3.6456843109203625e-05,trainer_state_llama3.1v2.json
Llama3.1-8B · LoRA-v2,Llama3.1-8B,LoRA-v2,1540,0.22039355992844364,1.6851,3.669527896995708e-05,trainer_state_llama3.1v2.json
Llama3.1-8B · LoRA-v2,Llama3.1-8B,LoRA-v2,1550,0.22182468694096602,1.52,3.693371483071054e-05,trainer_state_llama3.1v2.json
Llama3.1-8B · LoRA-v2,Llama3.1-8B,LoRA-v2,1560,0.22325581395348837,1.5726,3.7172150691463996e-05,trainer_state_llama3.1v2.json
Llama3.1-8B · LoRA-v2,Llama3.1-8B,LoRA-v2,1570,0.22468694096601075,1.4955,3.741058655221745e-05,trainer_state_llama3.1v2.json
Llama3.1-8B · LoRA-v2,Llama3.1-8B,LoRA-v2,1580,0.2261180679785331,1.4696,3.764902241297091e-05,trainer_state_llama3.1v2.json
Llama3.1-8B · LoRA-v2,Llama3.1-8B,LoRA-v2,1590,0.22754919499105544,1.5464,3.7887458273724366e-05,trainer_state_llama3.1v2.json
Llama3.1-8B · LoRA-v2,Llama3.1-8B,LoRA-v2,1600,0.22898032200357782,1.3452,3.812589413447783e-05,trainer_state_llama3.1v2.json
Llama3.1-8B · LoRA-v2,Llama3.1-8B,LoRA-v2,1610,0.23041144901610017,1.4667,3.836432999523128e-05,trainer_state_llama3.1v2.json
Llama3.1-8B · LoRA-v2,Llama3.1-8B,LoRA-v2,1620,0.23184257602862254,1.3878,3.8602765855984744e-05,trainer_state_llama3.1v2.json
Llama3.1-8B · LoRA-v2,Llama3.1-8B,LoRA-v2,1630,0.2332737030411449,1.4351,3.88412017167382e-05,trainer_state_llama3.1v2.json
Llama3.1-8B · LoRA-v2,Llama3.1-8B,LoRA-v2,1640,0.23470483005366727,1.4772,3.907963757749166e-05,trainer_state_llama3.1v2.json
Llama3.1-8B · LoRA-v2,Llama3.1-8B,LoRA-v2,1650,0.23613595706618962,1.4605,3.9318073438245115e-05,trainer_state_llama3.1v2.json
Llama3.1-8B · LoRA-v2,Llama3.1-8B,LoRA-v2,1660,0.237567084078712,1.6577,3.9556509298998576e-05,trainer_state_llama3.1v2.json
Llama3.1-8B · LoRA-v2,Llama3.1-8B,LoRA-v2,1670,0.23899821109123434,1.3859,3.979494515975203e-05,trainer_state_llama3.1v2.json
Llama3.1-8B · LoRA-v2,Llama3.1-8B,LoRA-v2,1680,0.24042933810375672,1.5769,4.0033381020505485e-05,trainer_state_llama3.1v2.json
Llama3.1-8B · LoRA-v2,Llama3.1-8B,LoRA-v2,1690,0.24186046511627907,1.4927,4.0271816881258947e-05,trainer_state_llama3.1v2.json
Llama3.1-8B · LoRA-v2,Llama3.1-8B,LoRA-v2,1700,0.24329159212880144,1.3151,4.05102527420124e-05,trainer_state_llama3.1v2.json
Llama3.1-8B · LoRA-v2,Llama3.1-8B,LoRA-v2,1710,0.2447227191413238,1.4362,4.0748688602765856e-05,trainer_state_llama3.1v2.json
Llama3.1-8B · LoRA-v2,Llama3.1-8B,LoRA-v2,1720,0.24615384615384617,1.6546,4.098712446351932e-05,trainer_state_llama3.1v2.json
Llama3.1-8B · LoRA-v2,Llama3.1-8B,LoRA-v2,1730,0.24758497316636852,1.3533,4.122556032427277e-05,trainer_state_llama3.1v2.json
Llama3.1-8B · LoRA-v2,Llama3.1-8B,LoRA-v2,1740,0.24901610017889086,1.5564,4.146399618502623e-05,trainer_state_llama3.1v2.json
Llama3.1-8B · LoRA-v2,Llama3.1-8B,LoRA-v2,1750,0.2504472271914132,1.5778,4.170243204577969e-05,trainer_state_llama3.1v2.json
Llama3.1-8B · LoRA-v2,Llama3.1-8B,LoRA-v2,1760,0.2518783542039356,1.5576,4.194086790653314e-05,trainer_state_llama3.1v2.json
Llama3.1-8B · LoRA-v2,Llama3.1-8B,LoRA-v2,1770,0.25330948121645797,1.5808,4.2179303767286604e-05,trainer_state_llama3.1v2.json
Llama3.1-8B · LoRA-v2,Llama3.1-8B,LoRA-v2,1780,0.2547406082289803,1.4113,4.241773962804006e-05,trainer_state_llama3.1v2.json
Llama3.1-8B · LoRA-v2,Llama3.1-8B,LoRA-v2,1790,0.25617173524150266,1.6263,4.265617548879351e-05,trainer_state_llama3.1v2.json
Llama3.1-8B · LoRA-v2,Llama3.1-8B,LoRA-v2,1800,0.25760286225402507,1.5824,4.2894611349546975e-05,trainer_state_llama3.1v2.json
Llama3.1-8B · LoRA-v2,Llama3.1-8B,LoRA-v2,1810,0.2590339892665474,1.5623,4.313304721030043e-05,trainer_state_llama3.1v2.json
Llama3.1-8B · LoRA-v2,Llama3.1-8B,LoRA-v2,1820,0.26046511627906976,1.4917,4.3371483071053884e-05,trainer_state_llama3.1v2.json
Llama3.1-8B · LoRA-v2,Llama3.1-8B,LoRA-v2,1830,0.2618962432915921,1.7071,4.3609918931807345e-05,trainer_state_llama3.1v2.json
Llama3.1-8B · LoRA-v2,Llama3.1-8B,LoRA-v2,1840,0.2633273703041145,1.536,4.38483547925608e-05,trainer_state_llama3.1v2.json
Llama3.1-8B · LoRA-v2,Llama3.1-8B,LoRA-v2,1850,0.26475849731663686,1.5034,4.408679065331426e-05,trainer_state_llama3.1v2.json
Llama3.1-8B · LoRA-v2,Llama3.1-8B,LoRA-v2,1860,0.2661896243291592,1.5943,4.4325226514067716e-05,trainer_state_llama3.1v2.json
Llama3.1-8B · LoRA-v2,Llama3.1-8B,LoRA-v2,1870,0.26762075134168156,1.4032,4.456366237482118e-05,trainer_state_llama3.1v2.json
Llama3.1-8B · LoRA-v2,Llama3.1-8B,LoRA-v2,1880,0.2690518783542039,1.4962,4.480209823557463e-05,trainer_state_llama3.1v2.json
Llama3.1-8B · LoRA-v2,Llama3.1-8B,LoRA-v2,1890,0.2704830053667263,1.5507,4.504053409632809e-05,trainer_state_llama3.1v2.json
Llama3.1-8B · LoRA-v2,Llama3.1-8B,LoRA-v2,1900,0.27191413237924866,1.5565,4.527896995708155e-05,trainer_state_llama3.1v2.json
Llama3.1-8B · LoRA-v2,Llama3.1-8B,LoRA-v2,1910,0.273345259391771,1.5626,4.551740581783501e-05,trainer_state_llama3.1v2.json
Llama3.1-8B · LoRA-v2,Llama3.1-8B,LoRA-v2,1920,0.27477638640429336,1.5612,4.5755841678588464e-05,trainer_state_llama3.1v2.json
Llama3.1-8B · LoRA-v2,Llama3.1-8B,LoRA-v2,1930,0.27620751341681576,1.4003,4.599427753934192e-05,trainer_state_llama3.1v2.json
Llama3.1-8B · LoRA-v2,Llama3.1-8B,LoRA-v2,1940,0.2776386404293381,1.5074,4.623271340009538e-05,trainer_state_llama3.1v2.json
Llama3.1-8B · LoRA-v2,Llama3.1-8B,LoRA-v2,1950,0.27906976744186046,1.396,4.6471149260848835e-05,trainer_state_llama3.1v2.json
Llama3.1-8B · LoRA-v2,Llama3.1-8B,LoRA-v2,1960,0.2805008944543828,1.5149,4.670958512160229e-05,trainer_state_llama3.1v2.json
Llama3.1-8B · LoRA-v2,Llama3.1-8B,LoRA-v2,1970,0.2819320214669052,1.3977,4.694802098235575e-05,trainer_state_llama3.1v2.json
Llama3.1-8B · LoRA-v2,Llama3.1-8B,LoRA-v2,1980,0.28336314847942756,1.3797,4.7186456843109205e-05,trainer_state_llama3.1v2.json
Llama3.1-8B · LoRA-v2,Llama3.1-8B,LoRA-v2,1990,0.2847942754919499,1.3536,4.742489270386266e-05,trainer_state_llama3.1v2.json
Llama3.1-8B · LoRA-v2,Llama3.1-8B,LoRA-v2,2000,0.28622540250447226,1.5558,4.766332856461612e-05,trainer_state_llama3.1v2.json
Llama3.1-8B · LoRA-v2,Llama3.1-8B,LoRA-v2,2010,0.2876565295169946,1.5054,4.7901764425369576e-05,trainer_state_llama3.1v2.json
Llama3.1-8B · LoRA-v2,Llama3.1-8B,LoRA-v2,2020,0.289087656529517,1.6411,4.814020028612303e-05,trainer_state_llama3.1v2.json
Llama3.1-8B · LoRA-v2,Llama3.1-8B,LoRA-v2,2030,0.29051878354203936,1.4314,4.837863614687649e-05,trainer_state_llama3.1v2.json
Llama3.1-8B · LoRA-v2,Llama3.1-8B,LoRA-v2,2040,0.2919499105545617,1.4511,4.8617072007629947e-05,trainer_state_llama3.1v2.json
Llama3.1-8B · LoRA-v2,Llama3.1-8B,LoRA-v2,2050,0.29338103756708406,1.5128,4.88555078683834e-05,trainer_state_llama3.1v2.json
Llama3.1-8B · LoRA-v2,Llama3.1-8B,LoRA-v2,2060,0.29481216457960646,1.4938,4.909394372913686e-05,trainer_state_llama3.1v2.json
Llama3.1-8B · LoRA-v2,Llama3.1-8B,LoRA-v2,2070,0.2962432915921288,1.4329,4.9332379589890324e-05,trainer_state_llama3.1v2.json
Llama3.1-8B · LoRA-v2,Llama3.1-8B,LoRA-v2,2080,0.29767441860465116,1.564,4.957081545064378e-05,trainer_state_llama3.1v2.json
Llama3.1-8B · LoRA-v2,Llama3.1-8B,LoRA-v2,2090,0.2991055456171735,1.6111,4.980925131139724e-05,trainer_state_llama3.1v2.json
Llama3.1-8B · LoRA-v2,Llama3.1-8B,LoRA-v2,2100,0.3005366726296959,1.3814,4.999999861367822e-05,trainer_state_llama3.1v2.json
Llama3.1-8B · LoRA-v2,Llama3.1-8B,LoRA-v2,2110,0.30196779964221826,1.4509,4.9999950092432015e-05,trainer_state_llama3.1v2.json
Llama3.1-8B · LoRA-v2,Llama3.1-8B,LoRA-v2,2120,0.3033989266547406,1.4268,4.999983225525048e-05,trainer_state_llama3.1v2.json
Llama3.1-8B · LoRA-v2,Llama3.1-8B,LoRA-v2,2130,0.30483005366726296,1.5447,4.9999645102460335e-05,trainer_state_llama3.1v2.json
Llama3.1-8B · LoRA-v2,Llama3.1-8B,LoRA-v2,2140,0.3062611806797853,1.4766,4.9999388634580504e-05,trainer_state_llama3.1v2.json
Llama3.1-8B · LoRA-v2,Llama3.1-8B,LoRA-v2,2150,0.3076923076923077,1.473,4.999906285232206e-05,trainer_state_llama3.1v2.json
Llama3.1-8B · LoRA-v2,Llama3.1-8B,LoRA-v2,2160,0.30912343470483006,1.4723,4.999866775658829e-05,trainer_state_llama3.1v2.json
Llama3.1-8B · LoRA-v2,Llama3.1-8B,LoRA-v2,2170,0.3105545617173524,1.5767,4.999820334847466e-05,trainer_state_llama3.1v2.json
Llama3.1-8B · LoRA-v2,Llama3.1-8B,LoRA-v2,2180,0.31198568872987475,1.5339,4.99976696292688e-05,trainer_state_llama3.1v2.json
Llama3.1-8B · LoRA-v2,Llama3.1-8B,LoRA-v2,2190,0.31341681574239716,1.512,4.9997066600450526e-05,trainer_state_llama3.1v2.json
Llama3.1-8B · LoRA-v2,Llama3.1-8B,LoRA-v2,2200,0.3148479427549195,1.3531,4.999639426369182e-05,trainer_state_llama3.1v2.json
Llama3.1-8B · LoRA-v2,Llama3.1-8B,LoRA-v2,2210,0.31627906976744186,1.5466,4.999565262085683e-05,trainer_state_llama3.1v2.json
Llama3.1-8B · LoRA-v2,Llama3.1-8B,LoRA-v2,2220,0.3177101967799642,1.5282,4.9994841674001867e-05,trainer_state_llama3.1v2.json
Llama3.1-8B · LoRA-v2,Llama3.1-8B,LoRA-v2,2230,0.3191413237924866,1.4804,4.99939614253754e-05,trainer_state_llama3.1v2.json
Llama3.1-8B · LoRA-v2,Llama3.1-8B,LoRA-v2,2240,0.32057245080500896,1.4472,4.999301187741805e-05,trainer_state_llama3.1v2.json
Llama3.1-8B · LoRA-v2,Llama3.1-8B,LoRA-v2,2250,0.3220035778175313,1.4889,4.999199303276256e-05,trainer_state_llama3.1v2.json
Llama3.1-8B · LoRA-v2,Llama3.1-8B,LoRA-v2,2260,0.32343470483005365,1.5605,4.999090489423384e-05,trainer_state_llama3.1v2.json
Llama3.1-8B · LoRA-v2,Llama3.1-8B,LoRA-v2,2270,0.324865831842576,1.3731,4.998974746484889e-05,trainer_state_llama3.1v2.json
Llama3.1-8B · LoRA-v2,Llama3.1-8B,LoRA-v2,2280,0.3262969588550984,1.5565,4.998852074781686e-05,trainer_state_llama3.1v2.json
Llama3.1-8B · LoRA-v2,Llama3.1-8B,LoRA-v2,2290,0.32772808586762076,1.458,4.9987224746538994e-05,trainer_state_llama3.1v2.json
Llama3.1-8B · LoRA-v2,Llama3.1-8B,LoRA-v2,2300,0.3291592128801431,1.4369,4.9985859464608644e-05,trainer_state_llama3.1v2.json
Llama3.1-8B · LoRA-v2,Llama3.1-8B,LoRA-v2,2310,0.33059033989266545,1.5499,4.9984424905811255e-05,trainer_state_llama3.1v2.json
Llama3.1-8B · LoRA-v2,Llama3.1-8B,LoRA-v2,2320,0.33202146690518786,1.3945,4.998292107412433e-05,trainer_state_llama3.1v2.json
Llama3.1-8B · LoRA-v2,Llama3.1-8B,LoRA-v2,2330,0.3334525939177102,1.5369,4.9981347973717476e-05,trainer_state_llama3.1v2.json
Llama3.1-8B · LoRA-v2,Llama3.1-8B,LoRA-v2,2340,0.33488372093023255,1.6102,4.997970560895232e-05,trainer_state_llama3.1v2.json
Llama3.1-8B · LoRA-v2,Llama3.1-8B,LoRA-v2,2350,0.3363148479427549,1.4259,4.997799398438257e-05,trainer_state_llama3.1v2.json
Llama3.1-8B · LoRA-v2,Llama3.1-8B,LoRA-v2,2360,0.3377459749552773,1.4181,4.997621310475395e-05,trainer_state_llama3.1v2.json
Llama3.1-8B · LoRA-v2,Llama3.1-8B,LoRA-v2,2370,0.33917710196779965,1.4628,4.997436297500418e-05,trainer_state_llama3.1v2.json
Llama3.1-8B · LoRA-v2,Llama3.1-8B,LoRA-v2,2380,0.340608228980322,1.3837,4.997244360026303e-05,trainer_state_llama3.1v2.json
Llama3.1-8B · LoRA-v2,Llama3.1-8B,LoRA-v2,2390,0.34203935599284435,1.433,4.997045498585224e-05,trainer_state_llama3.1v2.json
Llama3.1-8B · LoRA-v2,Llama3.1-8B,LoRA-v2,2400,0.3434704830053667,1.5634,4.996839713728553e-05,trainer_state_llama3.1v2.json
Llama3.1-8B · LoRA-v2,Llama3.1-8B,LoRA-v2,2410,0.3449016100178891,1.4463,4.9966270060268564e-05,trainer_state_llama3.1v2.json
Llama3.1-8B · LoRA-v2,Llama3.1-8B,LoRA-v2,2420,0.34633273703041145,1.4164,4.9964073760698976e-05,trainer_state_llama3.1v2.json
Llama3.1-8B · LoRA-v2,Llama3.1-8B,LoRA-v2,2430,0.3477638640429338,1.5754,4.996180824466632e-05,trainer_state_llama3.1v2.json
Llama3.1-8B · LoRA-v2,Llama3.1-8B,LoRA-v2,2440,0.34919499105545615,1.5909,4.995947351845207e-05,trainer_state_llama3.1v2.json
Llama3.1-8B · LoRA-v2,Llama3.1-8B,LoRA-v2,2450,0.35062611806797855,1.4122,4.995706958852958e-05,trainer_state_llama3.1v2.json
Llama3.1-8B · LoRA-v2,Llama3.1-8B,LoRA-v2,2460,0.3520572450805009,1.4524,4.995459646156408e-05,trainer_state_llama3.1v2.json
Llama3.1-8B · LoRA-v2,Llama3.1-8B,LoRA-v2,2470,0.35348837209302325,1.4669,4.9952054144412693e-05,trainer_state_llama3.1v2.json
Llama3.1-8B · LoRA-v2,Llama3.1-8B,LoRA-v2,2480,0.3549194991055456,1.4429,4.994944264412434e-05,trainer_state_llama3.1v2.json
Llama3.1-8B · LoRA-v2,Llama3.1-8B,LoRA-v2,2490,0.356350626118068,1.4087,4.9946761967939786e-05,trainer_state_llama3.1v2.json
Llama3.1-8B · LoRA-v2,Llama3.1-8B,LoRA-v2,2500,0.35778175313059035,1.5343,4.994401212329158e-05,trainer_state_llama3.1v2.json
Llama3.1-8B · LoRA-v2,Llama3.1-8B,LoRA-v2,2510,0.3592128801431127,1.336,4.9941193117804065e-05,trainer_state_llama3.1v2.json
Llama3.1-8B · LoRA-v2,Llama3.1-8B,LoRA-v2,2520,0.36064400715563505,1.556,4.9938304959293334e-05,trainer_state_llama3.1v2.json
Llama3.1-8B · LoRA-v2,Llama3.1-8B,LoRA-v2,2530,0.3620751341681574,1.6444,4.993534765576723e-05,trainer_state_llama3.1v2.json
Llama3.1-8B · LoRA-v2,Llama3.1-8B,LoRA-v2,2540,0.3635062611806798,1.4805,4.993232121542528e-05,trainer_state_llama3.1v2.json
Llama3.1-8B · LoRA-v2,Llama3.1-8B,LoRA-v2,2550,0.36493738819320215,1.4968,4.9929225646658736e-05,trainer_state_llama3.1v2.json
Llama3.1-8B · LoRA-v2,Llama3.1-8B,LoRA-v2,2560,0.3663685152057245,1.4933,4.99260609580505e-05,trainer_state_llama3.1v2.json
Llama3.1-8B · LoRA-v2,Llama3.1-8B,LoRA-v2,2570,0.36779964221824685,1.4476,4.992282715837513e-05,trainer_state_llama3.1v2.json
Llama3.1-8B · LoRA-v2,Llama3.1-8B,LoRA-v2,2580,0.36923076923076925,1.4105,4.991952425659879e-05,trainer_state_llama3.1v2.json
Llama3.1-8B · LoRA-v2,Llama3.1-8B,LoRA-v2,2590,0.3706618962432916,1.43,4.991615226187926e-05,trainer_state_llama3.1v2.json
Llama3.1-8B · LoRA-v2,Llama3.1-8B,LoRA-v2,2600,0.37209302325581395,1.3845,4.991271118356586e-05,trainer_state_llama3.1v2.json
Llama3.1-8B · LoRA-v2,Llama3.1-8B,LoRA-v2,2610,0.3735241502683363,1.358,4.9909201031199485e-05,trainer_state_llama3.1v2.json
Llama3.1-8B · LoRA-v2,Llama3.1-8B,LoRA-v2,2620,0.3749552772808587,1.6356,4.990562181451253e-05,trainer_state_llama3.1v2.json
Llama3.1-8B · LoRA-v2,Llama3.1-8B,LoRA-v2,2630,0.37638640429338105,1.3543,4.990197354342888e-05,trainer_state_llama3.1v2.json
Llama3.1-8B · LoRA-v2,Llama3.1-8B,LoRA-v2,2640,0.3778175313059034,1.5576,4.98982562280639e-05,trainer_state_llama3.1v2.json
Llama3.1-8B · LoRA-v2,Llama3.1-8B,LoRA-v2,2650,0.37924865831842575,1.4869,4.9894469878724356e-05,trainer_state_llama3.1v2.json
Llama3.1-8B · LoRA-v2,Llama3.1-8B,LoRA-v2,2660,0.3806797853309481,1.4894,4.989061450590847e-05,trainer_state_llama3.1v2.json
Llama3.1-8B · LoRA-v2,Llama3.1-8B,LoRA-v2,2670,0.3821109123434705,1.6642,4.98866901203058e-05,trainer_state_llama3.1v2.json
Llama3.1-8B · LoRA-v2,Llama3.1-8B,LoRA-v2,2680,0.38354203935599285,1.4409,4.9882696732797264e-05,trainer_state_llama3.1v2.json
Llama3.1-8B · LoRA-v2,Llama3.1-8B,LoRA-v2,2690,0.3849731663685152,1.444,4.98786343544551e-05,trainer_state_llama3.1v2.json
Llama3.1-8B · LoRA-v2,Llama3.1-8B,LoRA-v2,2700,0.38640429338103754,1.3774,4.9874502996542845e-05,trainer_state_llama3.1v2.json
Llama3.1-8B · LoRA-v2,Llama3.1-8B,LoRA-v2,2710,0.38783542039355995,1.5193,4.987030267051527e-05,trainer_state_llama3.1v2.json
Llama3.1-8B · LoRA-v2,Llama3.1-8B,LoRA-v2,2720,0.3892665474060823,1.4306,4.986603338801837e-05,trainer_state_llama3.1v2.json
Llama3.1-8B · LoRA-v2,Llama3.1-8B,LoRA-v2,2730,0.39069767441860465,1.4687,4.986169516088935e-05,trainer_state_llama3.1v2.json
Llama3.1-8B · LoRA-v2,Llama3.1-8B,LoRA-v2,2740,0.392128801431127,1.284,4.9857288001156574e-05,trainer_state_llama3.1v2.json
Llama3.1-8B · LoRA-v2,Llama3.1-8B,LoRA-v2,2750,0.3935599284436494,1.5756,4.985281192103951e-05,trainer_state_llama3.1v2.json
Llama3.1-8B · LoRA-v2,Llama3.1-8B,LoRA-v2,2760,0.39499105545617175,1.4913,4.984826693294874e-05,trainer_state_llama3.1v2.json
Llama3.1-8B · LoRA-v2,Llama3.1-8B,LoRA-v2,2770,0.3964221824686941,1.3131,4.9843653049485884e-05,trainer_state_llama3.1v2.json
Llama3.1-8B · LoRA-v2,Llama3.1-8B,LoRA-v2,2780,0.39785330948121644,1.5844,4.983897028344359e-05,trainer_state_llama3.1v2.json
Llama3.1-8B · LoRA-v2,Llama3.1-8B,LoRA-v2,2790,0.3992844364937388,1.4733,4.9834218647805506e-05,trainer_state_llama3.1v2.json
Llama3.1-8B · LoRA-v2,Llama3.1-8B,LoRA-v2,2800,0.4007155635062612,1.4779,4.982939815574622e-05,trainer_state_llama3.1v2.json
Llama3.1-8B · LoRA-v2,Llama3.1-8B,LoRA-v2,2810,0.40214669051878354,1.5201,4.9824508820631234e-05,trainer_state_llama3.1v2.json
Llama3.1-8B · LoRA-v2,Llama3.1-8B,LoRA-v2,2820,0.4035778175313059,1.3984,4.981955065601693e-05,trainer_state_llama3.1v2.json
Llama3.1-8B · LoRA-v2,Llama3.1-8B,LoRA-v2,2830,0.40500894454382824,1.338,4.981452367565052e-05,trainer_state_llama3.1v2.json
Llama3.1-8B · LoRA-v2,Llama3.1-8B,LoRA-v2,2840,0.40644007155635065,1.4953,4.9809427893470036e-05,trainer_state_llama3.1v2.json
Llama3.1-8B · LoRA-v2,Llama3.1-8B,LoRA-v2,2850,0.407871198568873,1.4323,4.980426332360425e-05,trainer_state_llama3.1v2.json
Llama3.1-8B · LoRA-v2,Llama3.1-8B,LoRA-v2,2860,0.40930232558139534,1.4748,4.9799029980372686e-05,trainer_state_llama3.1v2.json
Llama3.1-8B · LoRA-v2,Llama3.1-8B,LoRA-v2,2870,0.4107334525939177,1.5419,4.979372787828552e-05,trainer_state_llama3.1v2.json
Llama3.1-8B · LoRA-v2,Llama3.1-8B,LoRA-v2,2880,0.4121645796064401,1.4664,4.978835703204361e-05,trainer_state_llama3.1v2.json
Llama3.1-8B · LoRA-v2,Llama3.1-8B,LoRA-v2,2890,0.41359570661896244,1.5267,4.978291745653837e-05,trainer_state_llama3.1v2.json
Llama3.1-8B · LoRA-v2,Llama3.1-8B,LoRA-v2,2900,0.4150268336314848,1.4389,4.9777409166851816e-05,trainer_state_llama3.1v2.json
Llama3.1-8B · LoRA-v2,Llama3.1-8B,LoRA-v2,2910,0.41645796064400714,1.541,4.977183217825647e-05,trainer_state_llama3.1v2.json
Llama3.1-8B · LoRA-v2,Llama3.1-8B,LoRA-v2,2920,0.4178890876565295,1.4511,4.9766186506215315e-05,trainer_state_llama3.1v2.json
Llama3.1-8B · LoRA-v2,Llama3.1-8B,LoRA-v2,2930,0.4193202146690519,1.4093,4.97604721663818e-05,trainer_state_llama3.1v2.json
Llama3.1-8B · LoRA-v2,Llama3.1-8B,LoRA-v2,2940,0.42075134168157424,1.5543,4.975468917459974e-05,trainer_state_llama3.1v2.json
Llama3.1-8B · LoRA-v2,Llama3.1-8B,LoRA-v2,2950,0.4221824686940966,1.3985,4.9748837546903304e-05,trainer_state_llama3.1v2.json
Llama3.1-8B · LoRA-v2,Llama3.1-8B,LoRA-v2,2960,0.42361359570661894,1.4293,4.974291729951698e-05,trainer_state_llama3.1v2.json
Llama3.1-8B · LoRA-v2,Llama3.1-8B,LoRA-v2,2970,0.42504472271914134,1.3078,4.973692844885548e-05,trainer_state_llama3.1v2.json
Llama3.1-8B · LoRA-v2,Llama3.1-8B,LoRA-v2,2980,0.4264758497316637,1.4335,4.973087101152377e-05,trainer_state_llama3.1v2.json
Llama3.1-8B · LoRA-v2,Llama3.1-8B,LoRA-v2,2990,0.42790697674418604,1.4162,4.972474500431695e-05,trainer_state_llama3.1v2.json
Llama3.1-8B · LoRA-v2,Llama3.1-8B,LoRA-v2,3000,0.4293381037567084,1.6682,4.971855044422025e-05,trainer_state_llama3.1v2.json
Llama3.1-8B · LoRA-v2,Llama3.1-8B,LoRA-v2,3010,0.4307692307692308,1.5396,4.971228734840897e-05,trainer_state_llama3.1v2.json
Llama3.1-8B · LoRA-v2,Llama3.1-8B,LoRA-v2,3020,0.43220035778175314,1.366,4.970595573424845e-05,trainer_state_llama3.1v2.json
Llama3.1-8B · LoRA-v2,Llama3.1-8B,LoRA-v2,3030,0.4336314847942755,1.5165,4.969955561929399e-05,trainer_state_llama3.1v2.json
Llama3.1-8B · LoRA-v2,Llama3.1-8B,LoRA-v2,3040,0.43506261180679784,1.3014,4.9693087021290815e-05,trainer_state_llama3.1v2.json
Llama3.1-8B · LoRA-v2,Llama3.1-8B,LoRA-v2,3050,0.4364937388193202,1.5187,4.9686549958174044e-05,trainer_state_llama3.1v2.json
Llama3.1-8B · LoRA-v2,Llama3.1-8B,LoRA-v2,3060,0.4379248658318426,1.3871,4.967994444806863e-05,trainer_state_llama3.1v2.json
Llama3.1-8B · LoRA-v2,Llama3.1-8B,LoRA-v2,3070,0.43935599284436494,1.4344,4.967327050928927e-05,trainer_state_llama3.1v2.json
Llama3.1-8B · LoRA-v2,Llama3.1-8B,LoRA-v2,3080,0.4407871198568873,1.5618,4.9666528160340436e-05,trainer_state_llama3.1v2.json
Llama3.1-8B · LoRA-v2,Llama3.1-8B,LoRA-v2,3090,0.44221824686940964,1.4603,4.965971741991624e-05,trainer_state_llama3.1v2.json
Llama3.1-8B · LoRA-v2,Llama3.1-8B,LoRA-v2,3100,0.44364937388193204,1.3467,4.9652838306900444e-05,trainer_state_llama3.1v2.json
Llama3.1-8B · LoRA-v2,Llama3.1-8B,LoRA-v2,3110,0.4450805008944544,1.3912,4.964589084036637e-05,trainer_state_llama3.1v2.json
Llama3.1-8B · LoRA-v2,Llama3.1-8B,LoRA-v2,3120,0.44651162790697674,1.5714,4.963887503957685e-05,trainer_state_llama3.1v2.json
Llama3.1-8B · LoRA-v2,Llama3.1-8B,LoRA-v2,3130,0.4479427549194991,1.4829,4.963179092398421e-05,trainer_state_llama3.1v2.json
Llama3.1-8B · LoRA-v2,Llama3.1-8B,LoRA-v2,3140,0.4493738819320215,1.609,4.962463851323016e-05,trainer_state_llama3.1v2.json
Llama3.1-8B · LoRA-v2,Llama3.1-8B,LoRA-v2,3150,0.45080500894454384,1.3783,4.9617417827145796e-05,trainer_state_llama3.1v2.json
Llama3.1-8B · LoRA-v2,Llama3.1-8B,LoRA-v2,3160,0.4522361359570662,1.4253,4.961012888575149e-05,trainer_state_llama3.1v2.json
Llama3.1-8B · LoRA-v2,Llama3.1-8B,LoRA-v2,3170,0.45366726296958854,1.5369,4.960277170925688e-05,trainer_state_llama3.1v2.json
Llama3.1-8B · LoRA-v2,Llama3.1-8B,LoRA-v2,3180,0.4550983899821109,1.46,4.9595346318060785e-05,trainer_state_llama3.1v2.json
Llama3.1-8B · LoRA-v2,Llama3.1-8B,LoRA-v2,3190,0.4565295169946333,1.4947,4.958785273275117e-05,trainer_state_llama3.1v2.json
Llama3.1-8B · LoRA-v2,Llama3.1-8B,LoRA-v2,3200,0.45796064400715564,1.52,4.958029097410506e-05,trainer_state_llama3.1v2.json
Llama3.1-8B · LoRA-v2,Llama3.1-8B,LoRA-v2,3210,0.459391771019678,1.4774,4.957266106308853e-05,trainer_state_llama3.1v2.json
Llama3.1-8B · LoRA-v2,Llama3.1-8B,LoRA-v2,3220,0.46082289803220033,1.3801,4.956496302085658e-05,trainer_state_llama3.1v2.json
Llama3.1-8B · LoRA-v2,Llama3.1-8B,LoRA-v2,3230,0.46225402504472274,1.524,4.955719686875315e-05,trainer_state_llama3.1v2.json
Llama3.1-8B · LoRA-v2,Llama3.1-8B,LoRA-v2,3240,0.4636851520572451,1.4452,4.954936262831099e-05,trainer_state_llama3.1v2.json
Llama3.1-8B · LoRA-v2,Llama3.1-8B,LoRA-v2,3250,0.46511627906976744,1.4773,4.954146032125166e-05,trainer_state_llama3.1v2.json
Llama3.1-8B · LoRA-v2,Llama3.1-8B,LoRA-v2,3260,0.4665474060822898,1.3896,4.953348996948545e-05,trainer_state_llama3.1v2.json
Llama3.1-8B · LoRA-v2,Llama3.1-8B,LoRA-v2,3270,0.4679785330948122,1.561,4.952545159511127e-05,trainer_state_llama3.1v2.json
Llama3.1-8B · LoRA-v2,Llama3.1-8B,LoRA-v2,3280,0.46940966010733454,1.5123,4.951734522041668e-05,trainer_state_llama3.1v2.json
Llama3.1-8B · LoRA-v2,Llama3.1-8B,LoRA-v2,3290,0.4708407871198569,1.4704,4.950917086787776e-05,trainer_state_llama3.1v2.json
Llama3.1-8B · LoRA-v2,Llama3.1-8B,LoRA-v2,3300,0.47227191413237923,1.5461,4.9500928560159065e-05,trainer_state_llama3.1v2.json
Llama3.1-8B · LoRA-v2,Llama3.1-8B,LoRA-v2,3310,0.47370304114490164,1.324,4.949261832011359e-05,trainer_state_llama3.1v2.json
Llama3.1-8B · LoRA-v2,Llama3.1-8B,LoRA-v2,3320,0.475134168157424,1.4005,4.948424017078264e-05,trainer_state_llama3.1v2.json
Llama3.1-8B · LoRA-v2,Llama3.1-8B,LoRA-v2,3330,0.47656529516994633,1.5438,4.947579413539585e-05,trainer_state_llama3.1v2.json
Llama3.1-8B · LoRA-v2,Llama3.1-8B,LoRA-v2,3340,0.4779964221824687,1.3188,4.946728023737104e-05,trainer_state_llama3.1v2.json
Llama3.1-8B · LoRA-v2,Llama3.1-8B,LoRA-v2,3350,0.47942754919499103,1.5157,4.945869850031423e-05,trainer_state_llama3.1v2.json
Llama3.1-8B · LoRA-v2,Llama3.1-8B,LoRA-v2,3360,0.48085867620751344,1.3924,4.94500489480195e-05,trainer_state_llama3.1v2.json
Llama3.1-8B · LoRA-v2,Llama3.1-8B,LoRA-v2,3370,0.4822898032200358,1.5196,4.9441331604468985e-05,trainer_state_llama3.1v2.json
Llama3.1-8B · LoRA-v2,Llama3.1-8B,LoRA-v2,3380,0.48372093023255813,1.2534,4.943254649383275e-05,trainer_state_llama3.1v2.json
Llama3.1-8B · LoRA-v2,Llama3.1-8B,LoRA-v2,3390,0.4851520572450805,1.3437,4.942369364046877e-05,trainer_state_llama3.1v2.json
Llama3.1-8B · LoRA-v2,Llama3.1-8B,LoRA-v2,3400,0.4865831842576029,1.3676,4.941477306892286e-05,trainer_state_llama3.1v2.json
Llama3.1-8B · LoRA-v2,Llama3.1-8B,LoRA-v2,3410,0.48801431127012523,1.4962,4.940578480392857e-05,trainer_state_llama3.1v2.json
Llama3.1-8B · LoRA-v2,Llama3.1-8B,LoRA-v2,3420,0.4894454382826476,1.4448,4.939672887040715e-05,trainer_state_llama3.1v2.json
Llama3.1-8B · LoRA-v2,Llama3.1-8B,LoRA-v2,3430,0.49087656529516993,1.459,4.9387605293467475e-05,trainer_state_llama3.1v2.json
Llama3.1-8B · LoRA-v2,Llama3.1-8B,LoRA-v2,3440,0.49230769230769234,1.3474,4.937841409840597e-05,trainer_state_llama3.1v2.json
Llama3.1-8B · LoRA-v2,Llama3.1-8B,LoRA-v2,3450,0.4937388193202147,1.4892,4.936915531070652e-05,trainer_state_llama3.1v2.json
Llama3.1-8B · LoRA-v2,Llama3.1-8B,LoRA-v2,3460,0.49516994633273703,1.4762,4.935982895604044e-05,trainer_state_llama3.1v2.json
Llama3.1-8B · LoRA-v2,Llama3.1-8B,LoRA-v2,3470,0.4966010733452594,1.4065,4.935043506026641e-05,trainer_state_llama3.1v2.json
Llama3.1-8B · LoRA-v2,Llama3.1-8B,LoRA-v2,3480,0.49803220035778173,1.4352,4.934097364943031e-05,trainer_state_llama3.1v2.json
Llama3.1-8B · LoRA-v2,Llama3.1-8B,LoRA-v2,3490,0.49946332737030413,1.4049,4.933144474976528e-05,trainer_state_llama3.1v2.json
Llama3.1-8B · LoRA-v2,Llama3.1-8B,LoRA-v2,3500,0.5008944543828264,1.4292,4.932184838769155e-05,trainer_state_llama3.1v2.json
Llama3.1-8B · LoRA-v2,Llama3.1-8B,LoRA-v2,3510,0.5023255813953489,1.3454,4.93121845898164e-05,trainer_state_llama3.1v2.json
Llama3.1-8B · LoRA-v2,Llama3.1-8B,LoRA-v2,3520,0.5037567084078712,1.4353,4.93024533829341e-05,trainer_state_llama3.1v2.json
Llama3.1-8B · LoRA-v2,Llama3.1-8B,LoRA-v2,3530,0.5051878354203936,1.4228,4.9292654794025806e-05,trainer_state_llama3.1v2.json
Llama3.1-8B · LoRA-v2,Llama3.1-8B,LoRA-v2,3540,0.5066189624329159,1.509,4.928278885025951e-05,trainer_state_llama3.1v2.json
Llama3.1-8B · LoRA-v2,Llama3.1-8B,LoRA-v2,3550,0.5080500894454383,1.4671,4.9272855578989944e-05,trainer_state_llama3.1v2.json
Llama3.1-8B · LoRA-v2,Llama3.1-8B,LoRA-v2,3560,0.5094812164579606,1.4598,4.926285500775853e-05,trainer_state_llama3.1v2.json
Llama3.1-8B · LoRA-v2,Llama3.1-8B,LoRA-v2,3570,0.510912343470483,1.4667,4.925278716429328e-05,trainer_state_llama3.1v2.json
Llama3.1-8B · LoRA-v2,Llama3.1-8B,LoRA-v2,3580,0.5123434704830053,1.4288,4.9242652076508736e-05,trainer_state_llama3.1v2.json
Llama3.1-8B · LoRA-v2,Llama3.1-8B,LoRA-v2,3590,0.5137745974955277,1.4481,4.923244977250586e-05,trainer_state_llama3.1v2.json
Llama3.1-8B · LoRA-v2,Llama3.1-8B,LoRA-v2,3600,0.5152057245080501,1.6889,4.9222180280572e-05,trainer_state_llama3.1v2.json
Llama3.1-8B · LoRA-v2,Llama3.1-8B,LoRA-v2,3610,0.5166368515205725,1.5139,4.9211843629180816e-05,trainer_state_llama3.1v2.json
Llama3.1-8B · LoRA-v2,Llama3.1-8B,LoRA-v2,3620,0.5180679785330948,1.2959,4.920143984699213e-05,trainer_state_llama3.1v2.json
Llama3.1-8B · LoRA-v2,Llama3.1-8B,LoRA-v2,3630,0.5194991055456172,1.4938,4.919096896285191e-05,trainer_state_llama3.1v2.json
Llama3.1-8B · LoRA-v2,Llama3.1-8B,LoRA-v2,3640,0.5209302325581395,1.3988,4.91804310057922e-05,trainer_state_llama3.1v2.json
Llama3.1-8B · LoRA-v2,Llama3.1-8B,LoRA-v2,3650,0.5223613595706619,1.5556,4.916982600503097e-05,trainer_state_llama3.1v2.json
Llama3.1-8B · LoRA-v2,Llama3.1-8B,LoRA-v2,3660,0.5237924865831842,1.4144,4.915915398997212e-05,trainer_state_llama3.1v2.json
Llama3.1-8B · LoRA-v2,Llama3.1-8B,LoRA-v2,3670,0.5252236135957066,1.3624,4.9148414990205324e-05,trainer_state_llama3.1v2.json
Llama3.1-8B · LoRA-v2,Llama3.1-8B,LoRA-v2,3680,0.526654740608229,1.4835,4.9137609035506e-05,trainer_state_llama3.1v2.json
Llama3.1-8B · LoRA-v2,Llama3.1-8B,LoRA-v2,3690,0.5280858676207514,1.3699,4.912673615583521e-05,trainer_state_llama3.1v2.json
Llama3.1-8B · LoRA-v2,Llama3.1-8B,LoRA-v2,3700,0.5295169946332737,1.4718,4.911579638133955e-05,trainer_state_llama3.1v2.json
Llama3.1-8B · LoRA-v2,Llama3.1-8B,LoRA-v2,3710,0.5309481216457961,1.5016,4.910478974235112e-05,trainer_state_llama3.1v2.json
Llama3.1-8B · LoRA-v2,Llama3.1-8B,LoRA-v2,3720,0.5323792486583184,1.461,4.909371626938739e-05,trainer_state_llama3.1v2.json
Llama3.1-8B · LoRA-v2,Llama3.1-8B,LoRA-v2,3730,0.5338103756708408,1.3603,4.908257599315116e-05,trainer_state_llama3.1v2.json
Llama3.1-8B · LoRA-v2,Llama3.1-8B,LoRA-v2,3740,0.5352415026833631,1.2282,4.907136894453043e-05,trainer_state_llama3.1v2.json
Llama3.1-8B · LoRA-v2,Llama3.1-8B,LoRA-v2,3750,0.5366726296958855,1.4348,4.906009515459834e-05,trainer_state_llama3.1v2.json
Llama3.1-8B · LoRA-v2,Llama3.1-8B,LoRA-v2,3760,0.5381037567084078,1.5552,4.9048754654613094e-05,trainer_state_llama3.1v2.json
Llama3.1-8B · LoRA-v2,Llama3.1-8B,LoRA-v2,3770,0.5395348837209303,1.4477,4.9037347476017847e-05,trainer_state_llama3.1v2.json
Llama3.1-8B · LoRA-v2,Llama3.1-8B,LoRA-v2,3780,0.5409660107334526,1.5933,4.902587365044063e-05,trainer_state_llama3.1v2.json
Llama3.1-8B · LoRA-v2,Llama3.1-8B,LoRA-v2,3790,0.542397137745975,1.3118,4.901433320969427e-05,trainer_state_llama3.1v2.json
Llama3.1-8B · LoRA-v2,Llama3.1-8B,LoRA-v2,3800,0.5438282647584973,1.4476,4.9002726185776276e-05,trainer_state_llama3.1v2.json
Llama3.1-8B · LoRA-v2,Llama3.1-8B,LoRA-v2,3810,0.5452593917710197,1.4889,4.899105261086879e-05,trainer_state_llama3.1v2.json
Llama3.1-8B · LoRA-v2,Llama3.1-8B,LoRA-v2,3820,0.546690518783542,1.4512,4.897931251733847e-05,trainer_state_llama3.1v2.json
Llama3.1-8B · LoRA-v2,Llama3.1-8B,LoRA-v2,3830,0.5481216457960644,1.4021,4.89675059377364e-05,trainer_state_llama3.1v2.json
Llama3.1-8B · LoRA-v2,Llama3.1-8B,LoRA-v2,3840,0.5495527728085867,1.335,4.895563290479801e-05,trainer_state_llama3.1v2.json
Llama3.1-8B · LoRA-v2,Llama3.1-8B,LoRA-v2,3850,0.5509838998211091,1.351,4.894369345144297e-05,trainer_state_llama3.1v2.json
Llama3.1-8B · LoRA-v2,Llama3.1-8B,LoRA-v2,3860,0.5524150268336315,1.4592,4.8931687610775145e-05,trainer_state_llama3.1v2.json
Llama3.1-8B · LoRA-v2,Llama3.1-8B,LoRA-v2,3870,0.5538461538461539,1.2,4.8919615416082424e-05,trainer_state_llama3.1v2.json
Llama3.1-8B · LoRA-v2,Llama3.1-8B,LoRA-v2,3880,0.5552772808586762,1.5531,4.8907476900836704e-05,trainer_state_llama3.1v2.json
Llama3.1-8B · LoRA-v2,Llama3.1-8B,LoRA-v2,3890,0.5567084078711986,1.4416,4.889527209869375e-05,trainer_state_llama3.1v2.json
Llama3.1-8B · LoRA-v2,Llama3.1-8B,LoRA-v2,3900,0.5581395348837209,1.5492,4.888300104349312e-05,trainer_state_llama3.1v2.json
Llama3.1-8B · LoRA-v2,Llama3.1-8B,LoRA-v2,3910,0.5595706618962433,1.4182,4.8870663769258055e-05,trainer_state_llama3.1v2.json
Llama3.1-8B · LoRA-v2,Llama3.1-8B,LoRA-v2,3920,0.5610017889087656,1.5115,4.8858260310195436e-05,trainer_state_llama3.1v2.json
Llama3.1-8B · LoRA-v2,Llama3.1-8B,LoRA-v2,3930,0.562432915921288,1.4123,4.884579070069562e-05,trainer_state_llama3.1v2.json
Llama3.1-8B · LoRA-v2,Llama3.1-8B,LoRA-v2,3940,0.5638640429338104,1.3728,4.883325497533236e-05,trainer_state_llama3.1v2.json
Llama3.1-8B · LoRA-v2,Llama3.1-8B,LoRA-v2,3950,0.5652951699463328,1.461,4.882065316886278e-05,trainer_state_llama3.1v2.json
Llama3.1-8B · LoRA-v2,Llama3.1-8B,LoRA-v2,3960,0.5667262969588551,1.3364,4.8807985316227164e-05,trainer_state_llama3.1v2.json
Llama3.1-8B · LoRA-v2,Llama3.1-8B,LoRA-v2,3970,0.5681574239713775,1.4868,4.8795251452548964e-05,trainer_state_llama3.1v2.json
Llama3.1-8B · LoRA-v2,Llama3.1-8B,LoRA-v2,3980,0.5695885509838998,1.4384,4.878245161313462e-05,trainer_state_llama3.1v2.json
Llama3.1-8B · LoRA-v2,Llama3.1-8B,LoRA-v2,3990,0.5710196779964222,1.5104,4.876958583347352e-05,trainer_state_llama3.1v2.json
Llama3.1-8B · LoRA-v2,Llama3.1-8B,LoRA-v2,4000,0.5724508050089445,1.5818,4.875665414923788e-05,trainer_state_llama3.1v2.json
Llama3.1-8B · LoRA-v2,Llama3.1-8B,LoRA-v2,4010,0.5738819320214669,1.5072,4.874365659628265e-05,trainer_state_llama3.1v2.json
Llama3.1-8B · LoRA-v2,Llama3.1-8B,LoRA-v2,4020,0.5753130590339892,1.5586,4.873059321064539e-05,trainer_state_llama3.1v2.json
Llama3.1-8B · LoRA-v2,Llama3.1-8B,LoRA-v2,4030,0.5767441860465117,1.4027,4.871746402854622e-05,trainer_state_llama3.1v2.json
Llama3.1-8B · LoRA-v2,Llama3.1-8B,LoRA-v2,4040,0.578175313059034,1.2554,4.8704269086387666e-05,trainer_state_llama3.1v2.json
Llama3.1-8B · LoRA-v2,Llama3.1-8B,LoRA-v2,4050,0.5796064400715564,1.4437,4.8691008420754584e-05,trainer_state_llama3.1v2.json
Llama3.1-8B · LoRA-v2,Llama3.1-8B,LoRA-v2,4060,0.5810375670840787,1.4884,4.867768206841408e-05,trainer_state_llama3.1v2.json
Llama3.1-8B · LoRA-v2,Llama3.1-8B,LoRA-v2,4070,0.5824686940966011,1.5294,4.8664290066315355e-05,trainer_state_llama3.1v2.json
Llama3.1-8B · LoRA-v2,Llama3.1-8B,LoRA-v2,4080,0.5838998211091234,1.3811,4.865083245158966e-05,trainer_state_llama3.1v2.json
Llama3.1-8B · LoRA-v2,Llama3.1-8B,LoRA-v2,4090,0.5853309481216458,1.4473,4.8637309261550154e-05,trainer_state_llama3.1v2.json
Llama3.1-8B · LoRA-v2,Llama3.1-8B,LoRA-v2,4100,0.5867620751341681,1.4076,4.862372053369181e-05,trainer_state_llama3.1v2.json
Llama3.1-8B · LoRA-v2,Llama3.1-8B,LoRA-v2,4110,0.5881932021466905,1.4171,4.861006630569133e-05,trainer_state_llama3.1v2.json
Llama3.1-8B · LoRA-v2,Llama3.1-8B,LoRA-v2,4120,0.5896243291592129,1.4959,4.8596346615407e-05,trainer_state_llama3.1v2.json
Llama3.1-8B · LoRA-v2,Llama3.1-8B,LoRA-v2,4130,0.5910554561717353,1.5488,4.858256150087862e-05,trainer_state_llama3.1v2.json
Llama3.1-8B · LoRA-v2,Llama3.1-8B,LoRA-v2,4140,0.5924865831842576,1.4156,4.856871100032741e-05,trainer_state_llama3.1v2.json
Llama3.1-8B · LoRA-v2,Llama3.1-8B,LoRA-v2,4150,0.59391771019678,1.3362,4.855479515215583e-05,trainer_state_llama3.1v2.json
Llama3.1-8B · LoRA-v2,Llama3.1-8B,LoRA-v2,4160,0.5953488372093023,1.4871,4.85408139949476e-05,trainer_state_llama3.1v2.json
Llama3.1-8B · LoRA-v2,Llama3.1-8B,LoRA-v2,4170,0.5967799642218247,1.4371,4.852676756746745e-05,trainer_state_llama3.1v2.json
Llama3.1-8B · LoRA-v2,Llama3.1-8B,LoRA-v2,4180,0.598211091234347,1.4849,4.8512655908661104e-05,trainer_state_llama3.1v2.json
Llama3.1-8B · LoRA-v2,Llama3.1-8B,LoRA-v2,4190,0.5996422182468694,1.4931,4.849847905765517e-05,trainer_state_llama3.1v2.json
Llama3.1-8B · LoRA-v2,Llama3.1-8B,LoRA-v2,4200,0.6010733452593918,1.5789,4.848423705375699e-05,trainer_state_llama3.1v2.json
Llama3.1-8B · LoRA-v2,Llama3.1-8B,LoRA-v2,4210,0.6025044722719142,1.48,4.846992993645454e-05,trainer_state_llama3.1v2.json
Llama3.1-8B · LoRA-v2,Llama3.1-8B,LoRA-v2,4220,0.6039355992844365,1.3535,4.845555774541637e-05,trainer_state_llama3.1v2.json
Llama3.1-8B · LoRA-v2,Llama3.1-8B,LoRA-v2,4230,0.6053667262969589,1.4385,4.844112052049142e-05,trainer_state_llama3.1v2.json
Llama3.1-8B · LoRA-v2,Llama3.1-8B,LoRA-v2,4240,0.6067978533094812,1.4326,4.842661830170897e-05,trainer_state_llama3.1v2.json
Llama3.1-8B · LoRA-v2,Llama3.1-8B,LoRA-v2,4250,0.6082289803220036,1.4901,4.841205112927849e-05,trainer_state_llama3.1v2.json
Llama3.1-8B · LoRA-v2,Llama3.1-8B,LoRA-v2,4260,0.6096601073345259,1.542,4.8397419043589546e-05,trainer_state_llama3.1v2.json
Llama3.1-8B · LoRA-v2,Llama3.1-8B,LoRA-v2,4270,0.6110912343470483,1.4378,4.8382722085211684e-05,trainer_state_llama3.1v2.json
Llama3.1-8B · LoRA-v2,Llama3.1-8B,LoRA-v2,4280,0.6125223613595706,1.427,4.836796029489433e-05,trainer_state_llama3.1v2.json
Llama3.1-8B · LoRA-v2,Llama3.1-8B,LoRA-v2,4290,0.6139534883720931,1.382,4.835313371356666e-05,trainer_state_llama3.1v2.json
Llama3.1-8B · LoRA-v2,Llama3.1-8B,LoRA-v2,4300,0.6153846153846154,1.3254,4.833824238233747e-05,trainer_state_llama3.1v2.json
Llama3.1-8B · LoRA-v2,Llama3.1-8B,LoRA-v2,4310,0.6168157423971378,1.5361,4.832328634249512e-05,trainer_state_llama3.1v2.json
Llama3.1-8B · LoRA-v2,Llama3.1-8B,LoRA-v2,4320,0.6182468694096601,1.3585,4.830826563550738e-05,trainer_state_llama3.1v2.json
Llama3.1-8B · LoRA-v2,Llama3.1-8B,LoRA-v2,4330,0.6196779964221825,1.5127,4.829318030302129e-05,trainer_state_llama3.1v2.json
Llama3.1-8B · LoRA-v2,Llama3.1-8B,LoRA-v2,4340,0.6211091234347048,1.4417,4.827803038686309e-05,trainer_state_llama3.1v2.json
Llama3.1-8B · LoRA-v2,Llama3.1-8B,LoRA-v2,4350,0.6225402504472272,1.5429,4.82628159290381e-05,trainer_state_llama3.1v2.json
Llama3.1-8B · LoRA-v2,Llama3.1-8B,LoRA-v2,4360,0.6239713774597495,1.3339,4.824753697173056e-05,trainer_state_llama3.1v2.json
Llama3.1-8B · LoRA-v2,Llama3.1-8B,LoRA-v2,4370,0.625402504472272,1.4224,4.823219355730358e-05,trainer_state_llama3.1v2.json
Llama3.1-8B · LoRA-v2,Llama3.1-8B,LoRA-v2,4380,0.6268336314847943,1.4862,4.8216785728298973e-05,trainer_state_llama3.1v2.json
Llama3.1-8B · LoRA-v2,Llama3.1-8B,LoRA-v2,4390,0.6282647584973167,1.4629,4.820131352743714e-05,trainer_state_llama3.1v2.json
Llama3.1-8B · LoRA-v2,Llama3.1-8B,LoRA-v2,4400,0.629695885509839,1.4564,4.818577699761696e-05,trainer_state_llama3.1v2.json
Llama3.1-8B · LoRA-v2,Llama3.1-8B,LoRA-v2,4410,0.6311270125223614,1.324,4.8170176181915704e-05,trainer_state_llama3.1v2.json
Llama3.1-8B · LoRA-v2,Llama3.1-8B,LoRA-v2,4420,0.6325581395348837,1.5033,4.815451112358885e-05,trainer_state_llama3.1v2.json
Llama3.1-8B · LoRA-v2,Llama3.1-8B,LoRA-v2,4430,0.6339892665474061,1.4383,4.813878186607e-05,trainer_state_llama3.1v2.json
Llama3.1-8B · LoRA-v2,Llama3.1-8B,LoRA-v2,4440,0.6354203935599284,1.5518,4.81229884529708e-05,trainer_state_llama3.1v2.json
Llama3.1-8B · LoRA-v2,Llama3.1-8B,LoRA-v2,4450,0.6368515205724508,1.4598,4.8107130928080727e-05,trainer_state_llama3.1v2.json
Llama3.1-8B · LoRA-v2,Llama3.1-8B,LoRA-v2,4460,0.6382826475849732,1.4863,4.8091209335367025e-05,trainer_state_llama3.1v2.json
Llama3.1-8B · LoRA-v2,Llama3.1-8B,LoRA-v2,4470,0.6397137745974956,1.4244,4.80752237189746e-05,trainer_state_llama3.1v2.json
Llama3.1-8B · LoRA-v2,Llama3.1-8B,LoRA-v2,4480,0.6411449016100179,1.3768,4.8059174123225856e-05,trainer_state_llama3.1v2.json
Llama3.1-8B · LoRA-v2,Llama3.1-8B,LoRA-v2,4490,0.6425760286225403,1.3818,4.8043060592620596e-05,trainer_state_llama3.1v2.json
Llama3.1-8B · LoRA-v2,Llama3.1-8B,LoRA-v2,4500,0.6440071556350626,1.4359,4.802688317183588e-05,trainer_state_llama3.1v2.json
Llama3.1-8B · LoRA-v2,Llama3.1-8B,LoRA-v2,4510,0.645438282647585,1.4959,4.801064190572593e-05,trainer_state_llama3.1v2.json
Llama3.1-8B · LoRA-v2,Llama3.1-8B,LoRA-v2,4520,0.6468694096601073,1.5413,4.799433683932196e-05,trainer_state_llama3.1v2.json
Llama3.1-8B · LoRA-v2,Llama3.1-8B,LoRA-v2,4530,0.6483005366726297,1.5363,4.797796801783211e-05,trainer_state_llama3.1v2.json
Llama3.1-8B · LoRA-v2,Llama3.1-8B,LoRA-v2,4540,0.649731663685152,1.6239,4.796153548664127e-05,trainer_state_llama3.1v2.json
Llama3.1-8B · LoRA-v2,Llama3.1-8B,LoRA-v2,4550,0.6511627906976745,1.3656,4.794503929131099e-05,trainer_state_llama3.1v2.json
Llama3.1-8B · LoRA-v2,Llama3.1-8B,LoRA-v2,4560,0.6525939177101968,1.3817,4.792847947757933e-05,trainer_state_llama3.1v2.json
Llama3.1-8B · LoRA-v2,Llama3.1-8B,LoRA-v2,4570,0.6540250447227192,1.4283,4.791185609136073e-05,trainer_state_llama3.1v2.json
Llama3.1-8B · LoRA-v2,Llama3.1-8B,LoRA-v2,4580,0.6554561717352415,1.4727,4.789516917874592e-05,trainer_state_llama3.1v2.json
Llama3.1-8B · LoRA-v2,Llama3.1-8B,LoRA-v2,4590,0.6568872987477639,1.5752,4.787841878600173e-05,trainer_state_llama3.1v2.json
Llama3.1-8B · LoRA-v2,Llama3.1-8B,LoRA-v2,4600,0.6583184257602862,1.6294,4.7861604959571046e-05,trainer_state_llama3.1v2.json
Llama3.1-8B · LoRA-v2,Llama3.1-8B,LoRA-v2,4610,0.6597495527728086,1.4194,4.784472774607258e-05,trainer_state_llama3.1v2.json
Llama3.1-8B · LoRA-v2,Llama3.1-8B,LoRA-v2,4620,0.6611806797853309,1.3613,4.7827787192300834e-05,trainer_state_llama3.1v2.json
Llama3.1-8B · LoRA-v2,Llama3.1-8B,LoRA-v2,4630,0.6626118067978534,1.3166,4.78107833452259e-05,trainer_state_llama3.1v2.json
Llama3.1-8B · LoRA-v2,Llama3.1-8B,LoRA-v2,4640,0.6640429338103757,1.3671,4.779371625199339e-05,trainer_state_llama3.1v2.json
Llama3.1-8B · LoRA-v2,Llama3.1-8B,LoRA-v2,4650,0.6654740608228981,1.4667,4.777658595992426e-05,trainer_state_llama3.1v2.json
Llama3.1-8B · LoRA-v2,Llama3.1-8B,LoRA-v2,4660,0.6669051878354204,1.3064,4.775939251651468e-05,trainer_state_llama3.1v2.json
Llama3.1-8B · LoRA-v2,Llama3.1-8B,LoRA-v2,4670,0.6683363148479428,1.5318,4.7742135969435944e-05,trainer_state_llama3.1v2.json
Llama3.1-8B · LoRA-v2,Llama3.1-8B,LoRA-v2,4680,0.6697674418604651,1.4088,4.772481636653428e-05,trainer_state_llama3.1v2.json
Llama3.1-8B · LoRA-v2,Llama3.1-8B,LoRA-v2,4690,0.6711985688729875,1.2676,4.7707433755830776e-05,trainer_state_llama3.1v2.json
Llama3.1-8B · LoRA-v2,Llama3.1-8B,LoRA-v2,4700,0.6726296958855098,1.395,4.7689988185521194e-05,trainer_state_llama3.1v2.json
Llama3.1-8B · LoRA-v2,Llama3.1-8B,LoRA-v2,4710,0.6740608228980322,1.4276,4.767247970397589e-05,trainer_state_llama3.1v2.json
Llama3.1-8B · LoRA-v2,Llama3.1-8B,LoRA-v2,4720,0.6754919499105546,1.3779,4.7654908359739614e-05,trainer_state_llama3.1v2.json
Llama3.1-8B · LoRA-v2,Llama3.1-8B,LoRA-v2,4730,0.676923076923077,1.5739,4.763727420153143e-05,trainer_state_llama3.1v2.json
Llama3.1-8B · LoRA-v2,Llama3.1-8B,LoRA-v2,4740,0.6783542039355993,1.5474,4.7619577278244575e-05,trainer_state_llama3.1v2.json
Llama3.1-8B · LoRA-v2,Llama3.1-8B,LoRA-v2,4750,0.6797853309481217,1.5102,4.7601817638946295e-05,trainer_state_llama3.1v2.json
Llama3.1-8B · LoRA-v2,Llama3.1-8B,LoRA-v2,4760,0.681216457960644,1.445,4.758399533287772e-05,trainer_state_llama3.1v2.json
Llama3.1-8B · LoRA-v2,Llama3.1-8B,LoRA-v2,4770,0.6826475849731664,1.4602,4.756611040945375e-05,trainer_state_llama3.1v2.json
Llama3.1-8B · LoRA-v2,Llama3.1-8B,LoRA-v2,4780,0.6840787119856887,1.336,4.7548162918262885e-05,trainer_state_llama3.1v2.json
Llama3.1-8B · LoRA-v2,Llama3.1-8B,LoRA-v2,4790,0.685509838998211,1.4502,4.753015290906711e-05,trainer_state_llama3.1v2.json
Llama3.1-8B · LoRA-v2,Llama3.1-8B,LoRA-v2,4800,0.6869409660107334,1.5172,4.751208043180175e-05,trainer_state_llama3.1v2.json
Llama3.1-8B · LoRA-v2,Llama3.1-8B,LoRA-v2,4810,0.6883720930232559,1.4018,4.749394553657535e-05,trainer_state_llama3.1v2.json
Llama3.1-8B · LoRA-v2,Llama3.1-8B,LoRA-v2,4820,0.6898032200357782,1.4664,4.7475748273669476e-05,trainer_state_llama3.1v2.json
Llama3.1-8B · LoRA-v2,Llama3.1-8B,LoRA-v2,4830,0.6912343470483006,1.3804,4.745748869353864e-05,trainer_state_llama3.1v2.json
Llama3.1-8B · LoRA-v2,Llama3.1-8B,LoRA-v2,4840,0.6926654740608229,1.4038,4.743916684681016e-05,trainer_state_llama3.1v2.json
Llama3.1-8B · LoRA-v2,Llama3.1-8B,LoRA-v2,4850,0.6940966010733453,1.5687,4.7420782784283956e-05,trainer_state_llama3.1v2.json
Llama3.1-8B · LoRA-v2,Llama3.1-8B,LoRA-v2,4860,0.6955277280858676,1.5036,4.740233655693248e-05,trainer_state_llama3.1v2.json
Llama3.1-8B · LoRA-v2,Llama3.1-8B,LoRA-v2,4870,0.69695885509839,1.4162,4.738382821590053e-05,trainer_state_llama3.1v2.json
Llama3.1-8B · LoRA-v2,Llama3.1-8B,LoRA-v2,4880,0.6983899821109123,1.4036,4.7365257812505114e-05,trainer_state_llama3.1v2.json
Llama3.1-8B · LoRA-v2,Llama3.1-8B,LoRA-v2,4890,0.6998211091234348,1.4695,4.734662539823536e-05,trainer_state_llama3.1v2.json
Llama3.1-8B · LoRA-v2,Llama3.1-8B,LoRA-v2,4900,0.7012522361359571,1.4568,4.732793102475227e-05,trainer_state_llama3.1v2.json
Llama3.1-8B · LoRA-v2,Llama3.1-8B,LoRA-v2,4910,0.7026833631484795,1.49,4.730917474388868e-05,trainer_state_llama3.1v2.json
Llama3.1-8B · LoRA-v2,Llama3.1-8B,LoRA-v2,4920,0.7041144901610018,1.5234,4.7290356607649066e-05,trainer_state_llama3.1v2.json
Llama3.1-8B · LoRA-v2,Llama3.1-8B,LoRA-v2,4930,0.7055456171735242,1.3628,4.7271476668209395e-05,trainer_state_llama3.1v2.json
Llama3.1-8B · LoRA-v2,Llama3.1-8B,LoRA-v2,4940,0.7069767441860465,1.4182,4.7252534977916995e-05,trainer_state_llama3.1v2.json
Llama3.1-8B · LoRA-v2,Llama3.1-8B,LoRA-v2,4950,0.7084078711985689,1.5635,4.7233531589290416e-05,trainer_state_llama3.1v2.json
Llama3.1-8B · LoRA-v2,Llama3.1-8B,LoRA-v2,4960,0.7098389982110912,1.5229,4.7214466555019254e-05,trainer_state_llama3.1v2.json
Llama3.1-8B · LoRA-v2,Llama3.1-8B,LoRA-v2,4970,0.7112701252236135,1.5641,4.7195339927964064e-05,trainer_state_llama3.1v2.json
Llama3.1-8B · LoRA-v2,Llama3.1-8B,LoRA-v2,4980,0.712701252236136,1.4196,4.717615176115614e-05,trainer_state_llama3.1v2.json
Llama3.1-8B · LoRA-v2,Llama3.1-8B,LoRA-v2,4990,0.7141323792486584,1.4707,4.715690210779742e-05,trainer_state_llama3.1v2.json
Llama3.1-8B · LoRA-v2,Llama3.1-8B,LoRA-v2,5000,0.7155635062611807,1.4279,4.713759102126032e-05,trainer_state_llama3.1v2.json
Llama3.1-8B · LoRA-v2,Llama3.1-8B,LoRA-v2,5010,0.716994633273703,1.4533,4.711821855508759e-05,trainer_state_llama3.1v2.json
Llama3.1-8B · LoRA-v2,Llama3.1-8B,LoRA-v2,5020,0.7184257602862254,1.4423,4.7098784762992154e-05,trainer_state_llama3.1v2.json
Llama3.1-8B · LoRA-v2,Llama3.1-8B,LoRA-v2,5030,0.7198568872987477,1.4568,4.707928969885699e-05,trainer_state_llama3.1v2.json
Llama3.1-8B · LoRA-v2,Llama3.1-8B,LoRA-v2,5040,0.7212880143112701,1.5009,4.705973341673495e-05,trainer_state_llama3.1v2.json
Llama3.1-8B · LoRA-v2,Llama3.1-8B,LoRA-v2,5050,0.7227191413237924,1.3957,4.704011597084861e-05,trainer_state_llama3.1v2.json
Llama3.1-8B · LoRA-v2,Llama3.1-8B,LoRA-v2,5060,0.7241502683363148,1.4485,4.7020437415590145e-05,trainer_state_llama3.1v2.json
Llama3.1-8B · LoRA-v2,Llama3.1-8B,LoRA-v2,5070,0.7255813953488373,1.5044,4.700069780552117e-05,trainer_state_llama3.1v2.json
Llama3.1-8B · LoRA-v2,Llama3.1-8B,LoRA-v2,5080,0.7270125223613596,1.4268,4.6980897195372575e-05,trainer_state_llama3.1v2.json
Llama3.1-8B · LoRA-v2,Llama3.1-8B,LoRA-v2,5090,0.728443649373882,1.4973,4.696103564004437e-05,trainer_state_llama3.1v2.json
Llama3.1-8B · LoRA-v2,Llama3.1-8B,LoRA-v2,5100,0.7298747763864043,1.3409,4.694111319460558e-05,trainer_state_llama3.1v2.json
Llama3.1-8B · LoRA-v2,Llama3.1-8B,LoRA-v2,5110,0.7313059033989266,1.3659,4.6921129914294004e-05,trainer_state_llama3.1v2.json
Llama3.1-8B · LoRA-v2,Llama3.1-8B,LoRA-v2,5120,0.732737030411449,1.4372,4.690108585451617e-05,trainer_state_llama3.1v2.json
Llama3.1-8B · LoRA-v2,Llama3.1-8B,LoRA-v2,5130,0.7341681574239713,1.3646,4.6880981070847085e-05,trainer_state_llama3.1v2.json
Llama3.1-8B · LoRA-v2,Llama3.1-8B,LoRA-v2,5140,0.7355992844364937,1.3808,4.686081561903013e-05,trainer_state_llama3.1v2.json
Llama3.1-8B · LoRA-v2,Llama3.1-8B,LoRA-v2,5150,0.7370304114490162,1.4432,4.684058955497692e-05,trainer_state_llama3.1v2.json
Llama3.1-8B · LoRA-v2,Llama3.1-8B,LoRA-v2,5160,0.7384615384615385,1.564,4.682030293476709e-05,trainer_state_llama3.1v2.json
Llama3.1-8B · LoRA-v2,Llama3.1-8B,LoRA-v2,5170,0.7398926654740609,1.4561,4.6799955814648204e-05,trainer_state_llama3.1v2.json
Llama3.1-8B · LoRA-v2,Llama3.1-8B,LoRA-v2,5180,0.7413237924865832,1.4472,4.677954825103557e-05,trainer_state_llama3.1v2.json
Llama3.1-8B · LoRA-v2,Llama3.1-8B,LoRA-v2,5190,0.7427549194991055,1.4599,4.675908030051206e-05,trainer_state_llama3.1v2.json
Llama3.1-8B · LoRA-v2,Llama3.1-8B,LoRA-v2,5200,0.7441860465116279,1.2894,4.6738552019828e-05,trainer_state_llama3.1v2.json
Llama3.1-8B · LoRA-v2,Llama3.1-8B,LoRA-v2,5210,0.7456171735241502,1.5217,4.671796346590098e-05,trainer_state_llama3.1v2.json
Llama3.1-8B · LoRA-v2,Llama3.1-8B,LoRA-v2,5220,0.7470483005366726,1.3971,4.669731469581571e-05,trainer_state_llama3.1v2.json
Llama3.1-8B · LoRA-v2,Llama3.1-8B,LoRA-v2,5230,0.7484794275491949,1.4734,4.6676605766823853e-05,trainer_state_llama3.1v2.json
Llama3.1-8B · LoRA-v2,Llama3.1-8B,LoRA-v2,5240,0.7499105545617174,1.5155,4.665583673634388e-05,trainer_state_llama3.1v2.json
Llama3.1-8B · LoRA-v2,Llama3.1-8B,LoRA-v2,5250,0.7513416815742398,1.3306,4.6635007661960906e-05,trainer_state_llama3.1v2.json
Llama3.1-8B · LoRA-v2,Llama3.1-8B,LoRA-v2,5260,0.7527728085867621,1.3113,4.6614118601426495e-05,trainer_state_llama3.1v2.json
Llama3.1-8B · LoRA-v2,Llama3.1-8B,LoRA-v2,5270,0.7542039355992844,1.4801,4.659316961265857e-05,trainer_state_llama3.1v2.json
Llama3.1-8B · LoRA-v2,Llama3.1-8B,LoRA-v2,5280,0.7556350626118068,1.4518,4.65721607537412e-05,trainer_state_llama3.1v2.json
Llama3.1-8B · LoRA-v2,Llama3.1-8B,LoRA-v2,5290,0.7570661896243291,1.6015,4.655109208292443e-05,trainer_state_llama3.1v2.json
Llama3.1-8B · LoRA-v2,Llama3.1-8B,LoRA-v2,5300,0.7584973166368515,1.5554,4.652996365862418e-05,trainer_state_llama3.1v2.json
Llama3.1-8B · LoRA-v2,Llama3.1-8B,LoRA-v2,5310,0.7599284436493738,1.4762,4.650877553942202e-05,trainer_state_llama3.1v2.json
Llama3.1-8B · LoRA-v2,Llama3.1-8B,LoRA-v2,5320,0.7613595706618962,1.5567,4.648752778406503e-05,trainer_state_llama3.1v2.json
Llama3.1-8B · LoRA-v2,Llama3.1-8B,LoRA-v2,5330,0.7627906976744186,1.4993,4.646622045146567e-05,trainer_state_llama3.1v2.json
Llama3.1-8B · LoRA-v2,Llama3.1-8B,LoRA-v2,5340,0.764221824686941,1.4782,4.6444853600701554e-05,trainer_state_llama3.1v2.json
Llama3.1-8B · LoRA-v2,Llama3.1-8B,LoRA-v2,5350,0.7656529516994633,1.3333,4.642342729101533e-05,trainer_state_llama3.1v2.json
Llama3.1-8B · LoRA-v2,Llama3.1-8B,LoRA-v2,5360,0.7670840787119857,1.3534,4.6401941581814496e-05,trainer_state_llama3.1v2.json
Llama3.1-8B · LoRA-v2,Llama3.1-8B,LoRA-v2,5370,0.768515205724508,1.3951,4.638039653267127e-05,trainer_state_llama3.1v2.json
Llama3.1-8B · LoRA-v2,Llama3.1-8B,LoRA-v2,5380,0.7699463327370304,1.4225,4.635879220332236e-05,trainer_state_llama3.1v2.json
Llama3.1-8B · LoRA-v2,Llama3.1-8B,LoRA-v2,5390,0.7713774597495527,1.5515,4.6337128653668875e-05,trainer_state_llama3.1v2.json
Llama3.1-8B · LoRA-v2,Llama3.1-8B,LoRA-v2,5400,0.7728085867620751,1.405,4.63154059437761e-05,trainer_state_llama3.1v2.json
Llama3.1-8B · LoRA-v2,Llama3.1-8B,LoRA-v2,5410,0.7742397137745975,1.3289,4.6293624133873346e-05,trainer_state_llama3.1v2.json
Llama3.1-8B · LoRA-v2,Llama3.1-8B,LoRA-v2,5420,0.7756708407871199,1.3719,4.62717832843538e-05,trainer_state_llama3.1v2.json
Llama3.1-8B · LoRA-v2,Llama3.1-8B,LoRA-v2,5430,0.7771019677996422,1.2884,4.6249883455774334e-05,trainer_state_llama3.1v2.json
Llama3.1-8B · LoRA-v2,Llama3.1-8B,LoRA-v2,5440,0.7785330948121646,1.2771,4.622792470885536e-05,trainer_state_llama3.1v2.json
Llama3.1-8B · LoRA-v2,Llama3.1-8B,LoRA-v2,5450,0.7799642218246869,1.5088,4.620590710448064e-05,trainer_state_llama3.1v2.json
Llama3.1-8B · LoRA-v2,Llama3.1-8B,LoRA-v2,5460,0.7813953488372093,1.4883,4.618383070369714e-05,trainer_state_llama3.1v2.json
Llama3.1-8B · LoRA-v2,Llama3.1-8B,LoRA-v2,5470,0.7828264758497316,1.364,4.6161695567714816e-05,trainer_state_llama3.1v2.json
Llama3.1-8B · LoRA-v2,Llama3.1-8B,LoRA-v2,5480,0.784257602862254,1.5427,4.613950175790651e-05,trainer_state_llama3.1v2.json
Llama3.1-8B · LoRA-v2,Llama3.1-8B,LoRA-v2,5490,0.7856887298747763,1.5372,4.611724933580773e-05,trainer_state_llama3.1v2.json
Llama3.1-8B · LoRA-v2,Llama3.1-8B,LoRA-v2,5500,0.7871198568872988,1.426,4.6094938363116494e-05,trainer_state_llama3.1v2.json
Llama3.1-8B · LoRA-v2,Llama3.1-8B,LoRA-v2,5510,0.7885509838998211,1.3064,4.607256890169317e-05,trainer_state_llama3.1v2.json
Llama3.1-8B · LoRA-v2,Llama3.1-8B,LoRA-v2,5520,0.7899821109123435,1.4085,4.605014101356028e-05,trainer_state_llama3.1v2.json
Llama3.1-8B · LoRA-v2,Llama3.1-8B,LoRA-v2,5530,0.7914132379248658,1.4682,4.602765476090235e-05,trainer_state_llama3.1v2.json
Llama3.1-8B · LoRA-v2,Llama3.1-8B,LoRA-v2,5540,0.7928443649373882,1.4573,4.600511020606574e-05,trainer_state_llama3.1v2.json
Llama3.1-8B · LoRA-v2,Llama3.1-8B,LoRA-v2,5550,0.7942754919499105,1.355,4.598250741155844e-05,trainer_state_llama3.1v2.json
Llama3.1-8B · LoRA-v2,Llama3.1-8B,LoRA-v2,5560,0.7957066189624329,1.4064,4.595984644004994e-05,trainer_state_llama3.1v2.json
Llama3.1-8B · LoRA-v2,Llama3.1-8B,LoRA-v2,5570,0.7971377459749552,1.3205,4.5937127354371004e-05,trainer_state_llama3.1v2.json
Llama3.1-8B · LoRA-v2,Llama3.1-8B,LoRA-v2,5580,0.7985688729874776,1.5006,4.591435021751357e-05,trainer_state_llama3.1v2.json
Llama3.1-8B · LoRA-v2,Llama3.1-8B,LoRA-v2,5590,0.8,1.4633,4.589151509263048e-05,trainer_state_llama3.1v2.json
Llama3.1-8B · LoRA-v2,Llama3.1-8B,LoRA-v2,5600,0.8014311270125224,1.3099,4.58686220430354e-05,trainer_state_llama3.1v2.json
Llama3.1-8B · LoRA-v2,Llama3.1-8B,LoRA-v2,5610,0.8028622540250447,1.4343,4.584567113220257e-05,trainer_state_llama3.1v2.json
Llama3.1-8B · LoRA-v2,Llama3.1-8B,LoRA-v2,5620,0.8042933810375671,1.3149,4.582266242376669e-05,trainer_state_llama3.1v2.json
Llama3.1-8B · LoRA-v2,Llama3.1-8B,LoRA-v2,5630,0.8057245080500894,1.3693,4.579959598152268e-05,trainer_state_llama3.1v2.json
Llama3.1-8B · LoRA-v2,Llama3.1-8B,LoRA-v2,5640,0.8071556350626118,1.4423,4.577647186942554e-05,trainer_state_llama3.1v2.json
Llama3.1-8B · LoRA-v2,Llama3.1-8B,LoRA-v2,5650,0.8085867620751341,1.338,4.575329015159019e-05,trainer_state_llama3.1v2.json
Llama3.1-8B · LoRA-v2,Llama3.1-8B,LoRA-v2,5660,0.8100178890876565,1.4451,4.5730050892291254e-05,trainer_state_llama3.1v2.json
Llama3.1-8B · LoRA-v2,Llama3.1-8B,LoRA-v2,5670,0.8114490161001789,1.3729,4.57067541559629e-05,trainer_state_llama3.1v2.json
Llama3.1-8B · LoRA-v2,Llama3.1-8B,LoRA-v2,5680,0.8128801431127013,1.5137,4.568340000719865e-05,trainer_state_llama3.1v2.json
Llama3.1-8B · LoRA-v2,Llama3.1-8B,LoRA-v2,5690,0.8143112701252236,1.481,4.565998851075124e-05,trainer_state_llama3.1v2.json
Llama3.1-8B · LoRA-v2,Llama3.1-8B,LoRA-v2,5700,0.815742397137746,1.2755,4.563651973153237e-05,trainer_state_llama3.1v2.json
Llama3.1-8B · LoRA-v2,Llama3.1-8B,LoRA-v2,5710,0.8171735241502683,1.4619,4.56129937346126e-05,trainer_state_llama3.1v2.json
Llama3.1-8B · LoRA-v2,Llama3.1-8B,LoRA-v2,5720,0.8186046511627907,1.4141,4.558941058522111e-05,trainer_state_llama3.1v2.json
Llama3.1-8B · LoRA-v2,Llama3.1-8B,LoRA-v2,5730,0.820035778175313,1.5231,4.5565770348745556e-05,trainer_state_llama3.1v2.json
Llama3.1-8B · LoRA-v2,Llama3.1-8B,LoRA-v2,5740,0.8214669051878354,1.4891,4.554207309073187e-05,trainer_state_llama3.1v2.json
Llama3.1-8B · LoRA-v2,Llama3.1-8B,LoRA-v2,5750,0.8228980322003577,1.4988,4.5518318876884106e-05,trainer_state_llama3.1v2.json
Llama3.1-8B · LoRA-v2,Llama3.1-8B,LoRA-v2,5760,0.8243291592128802,1.4573,4.5494507773064184e-05,trainer_state_llama3.1v2.json
Llama3.1-8B · LoRA-v2,Llama3.1-8B,LoRA-v2,5770,0.8257602862254025,1.5464,4.547063984529182e-05,trainer_state_llama3.1v2.json
Llama3.1-8B · LoRA-v2,Llama3.1-8B,LoRA-v2,5780,0.8271914132379249,1.4833,4.544671515974425e-05,trainer_state_llama3.1v2.json
Llama3.1-8B · LoRA-v2,Llama3.1-8B,LoRA-v2,5790,0.8286225402504472,1.5548,4.5422733782756074e-05,trainer_state_llama3.1v2.json
Llama3.1-8B · LoRA-v2,Llama3.1-8B,LoRA-v2,5800,0.8300536672629696,1.4386,4.53986957808191e-05,trainer_state_llama3.1v2.json
Llama3.1-8B · LoRA-v2,Llama3.1-8B,LoRA-v2,5810,0.8314847942754919,1.5465,4.537460122058211e-05,trainer_state_llama3.1v2.json
Llama3.1-8B · LoRA-v2,Llama3.1-8B,LoRA-v2,5820,0.8329159212880143,1.5474,4.535045016885074e-05,trainer_state_llama3.1v2.json
Llama3.1-8B · LoRA-v2,Llama3.1-8B,LoRA-v2,5830,0.8343470483005366,1.5003,4.532624269258721e-05,trainer_state_llama3.1v2.json
Llama3.1-8B · LoRA-v2,Llama3.1-8B,LoRA-v2,5840,0.835778175313059,1.207,4.530197885891022e-05,trainer_state_llama3.1v2.json
Llama3.1-8B · LoRA-v2,Llama3.1-8B,LoRA-v2,5850,0.8372093023255814,1.3326,4.527765873509472e-05,trainer_state_llama3.1v2.json
Llama3.1-8B · LoRA-v2,Llama3.1-8B,LoRA-v2,5860,0.8386404293381038,1.4351,4.525328238857173e-05,trainer_state_llama3.1v2.json
Llama3.1-8B · LoRA-v2,Llama3.1-8B,LoRA-v2,5870,0.8400715563506261,1.433,4.5228849886928135e-05,trainer_state_llama3.1v2.json
Llama3.1-8B · LoRA-v2,Llama3.1-8B,LoRA-v2,5880,0.8415026833631485,1.3518,4.520436129790656e-05,trainer_state_llama3.1v2.json
Llama3.1-8B · LoRA-v2,Llama3.1-8B,LoRA-v2,5890,0.8429338103756708,1.4547,4.517981668940512e-05,trainer_state_llama3.1v2.json
Llama3.1-8B · LoRA-v2,Llama3.1-8B,LoRA-v2,5900,0.8443649373881932,1.4096,4.5155216129477234e-05,trainer_state_llama3.1v2.json
Llama3.1-8B · LoRA-v2,Llama3.1-8B,LoRA-v2,5910,0.8457960644007155,1.3073,4.5130559686331484e-05,trainer_state_llama3.1v2.json
Llama3.1-8B · LoRA-v2,Llama3.1-8B,LoRA-v2,5920,0.8472271914132379,1.3817,4.510584742833138e-05,trainer_state_llama3.1v2.json
Llama3.1-8B · LoRA-v2,Llama3.1-8B,LoRA-v2,5930,0.8486583184257603,1.4686,4.508107942399519e-05,trainer_state_llama3.1v2.json
Llama3.1-8B · LoRA-v2,Llama3.1-8B,LoRA-v2,5940,0.8500894454382827,1.3977,4.505625574199575e-05,trainer_state_llama3.1v2.json
Llama3.1-8B · LoRA-v2,Llama3.1-8B,LoRA-v2,5950,0.851520572450805,1.5231,4.5031376451160246e-05,trainer_state_llama3.1v2.json
Llama3.1-8B · LoRA-v2,Llama3.1-8B,LoRA-v2,5960,0.8529516994633274,1.3962,4.5006441620470095e-05,trainer_state_llama3.1v2.json
Llama3.1-8B · LoRA-v2,Llama3.1-8B,LoRA-v2,5970,0.8543828264758497,1.4018,4.498145131906068e-05,trainer_state_llama3.1v2.json
Llama3.1-8B · LoRA-v2,Llama3.1-8B,LoRA-v2,5980,0.8558139534883721,1.4234,4.495640561622116e-05,trainer_state_llama3.1v2.json
Llama3.1-8B · LoRA-v2,Llama3.1-8B,LoRA-v2,5990,0.8572450805008944,1.3311,4.493130458139434e-05,trainer_state_llama3.1v2.json
Llama3.1-8B · LoRA-v2,Llama3.1-8B,LoRA-v2,6000,0.8586762075134168,1.4388,4.490614828417643e-05,trainer_state_llama3.1v2.json
Llama3.1-8B · LoRA-v2,Llama3.1-8B,LoRA-v2,6010,0.8601073345259391,1.392,4.488093679431686e-05,trainer_state_llama3.1v2.json
Llama3.1-8B · LoRA-v2,Llama3.1-8B,LoRA-v2,6020,0.8615384615384616,1.5066,4.485567018171808e-05,trainer_state_llama3.1v2.json
Llama3.1-8B · LoRA-v2,Llama3.1-8B,LoRA-v2,6030,0.8629695885509839,1.4281,4.483034851643539e-05,trainer_state_llama3.1v2.json
Llama3.1-8B · LoRA-v2,Llama3.1-8B,LoRA-v2,6040,0.8644007155635063,1.496,4.480497186867674e-05,trainer_state_llama3.1v2.json
Llama3.1-8B · LoRA-v2,Llama3.1-8B,LoRA-v2,6050,0.8658318425760286,1.3614,4.47795403088025e-05,trainer_state_llama3.1v2.json
Llama3.1-8B · LoRA-v2,Llama3.1-8B,LoRA-v2,6060,0.867262969588551,1.2259,4.47540539073253e-05,trainer_state_llama3.1v2.json
Llama3.1-8B · LoRA-v2,Llama3.1-8B,LoRA-v2,6070,0.8686940966010733,1.3698,4.4728512734909844e-05,trainer_state_llama3.1v2.json
Llama3.1-8B · LoRA-v2,Llama3.1-8B,LoRA-v2,6080,0.8701252236135957,1.4354,4.470291686237267e-05,trainer_state_llama3.1v2.json
Llama3.1-8B · LoRA-v2,Llama3.1-8B,LoRA-v2,6090,0.871556350626118,1.4072,4.467726636068201e-05,trainer_state_llama3.1v2.json
Llama3.1-8B · LoRA-v2,Llama3.1-8B,LoRA-v2,6100,0.8729874776386404,1.4133,4.465156130095753e-05,trainer_state_llama3.1v2.json
Llama3.1-8B · LoRA-v2,Llama3.1-8B,LoRA-v2,6110,0.8744186046511628,1.3786,4.46258017544702e-05,trainer_state_llama3.1v2.json
Llama3.1-8B · LoRA-v2,Llama3.1-8B,LoRA-v2,6120,0.8758497316636852,1.4108,4.459998779264203e-05,trainer_state_llama3.1v2.json
Llama3.1-8B · LoRA-v2,Llama3.1-8B,LoRA-v2,6130,0.8772808586762075,1.4867,4.4574119487045926e-05,trainer_state_llama3.1v2.json
Llama3.1-8B · LoRA-v2,Llama3.1-8B,LoRA-v2,6140,0.8787119856887299,1.4766,4.454819690940546e-05,trainer_state_llama3.1v2.json
Llama3.1-8B · LoRA-v2,Llama3.1-8B,LoRA-v2,6150,0.8801431127012522,1.7041,4.452222013159469e-05,trainer_state_llama3.1v2.json
Llama3.1-8B · LoRA-v2,Llama3.1-8B,LoRA-v2,6160,0.8815742397137746,1.4737,4.449618922563794e-05,trainer_state_llama3.1v2.json
Llama3.1-8B · LoRA-v2,Llama3.1-8B,LoRA-v2,6170,0.8830053667262969,1.2475,4.4470104263709624e-05,trainer_state_llama3.1v2.json
Llama3.1-8B · LoRA-v2,Llama3.1-8B,LoRA-v2,6180,0.8844364937388193,1.396,4.4443965318134016e-05,trainer_state_llama3.1v2.json
Llama3.1-8B · LoRA-v2,Llama3.1-8B,LoRA-v2,6190,0.8858676207513417,1.4724,4.441777246138509e-05,trainer_state_llama3.1v2.json
Llama3.1-8B · LoRA-v2,Llama3.1-8B,LoRA-v2,6200,0.8872987477638641,1.4068,4.439152576608628e-05,trainer_state_llama3.1v2.json
Llama3.1-8B · LoRA-v2,Llama3.1-8B,LoRA-v2,6210,0.8887298747763864,1.5085,4.4365225305010305e-05,trainer_state_llama3.1v2.json
Llama3.1-8B · LoRA-v2,Llama3.1-8B,LoRA-v2,6220,0.8901610017889088,1.4215,4.4338871151078955e-05,trainer_state_llama3.1v2.json
Llama3.1-8B · LoRA-v2,Llama3.1-8B,LoRA-v2,6230,0.8915921288014311,1.3534,4.431246337736288e-05,trainer_state_llama3.1v2.json
Llama3.1-8B · LoRA-v2,Llama3.1-8B,LoRA-v2,6240,0.8930232558139535,1.4073,4.428600205708141e-05,trainer_state_llama3.1v2.json
Llama3.1-8B · LoRA-v2,Llama3.1-8B,LoRA-v2,6250,0.8944543828264758,1.5856,4.425948726360234e-05,trainer_state_llama3.1v2.json
Llama3.1-8B · LoRA-v2,Llama3.1-8B,LoRA-v2,6260,0.8958855098389982,1.5126,4.423291907044173e-05,trainer_state_llama3.1v2.json
Llama3.1-8B · LoRA-v2,Llama3.1-8B,LoRA-v2,6270,0.8973166368515205,1.4077,4.420629755126369e-05,trainer_state_llama3.1v2.json
Llama3.1-8B · LoRA-v2,Llama3.1-8B,LoRA-v2,6280,0.898747763864043,1.5094,4.417962277988018e-05,trainer_state_llama3.1v2.json
Llama3.1-8B · LoRA-v2,Llama3.1-8B,LoRA-v2,6290,0.9001788908765653,1.4539,4.415289483025083e-05,trainer_state_llama3.1v2.json
Llama3.1-8B · LoRA-v2,Llama3.1-8B,LoRA-v2,6300,0.9016100178890877,1.3499,4.412611377648269e-05,trainer_state_llama3.1v2.json
Llama3.1-8B · LoRA-v2,Llama3.1-8B,LoRA-v2,6310,0.90304114490161,1.3972,4.4099279692830066e-05,trainer_state_llama3.1v2.json
Llama3.1-8B · LoRA-v2,Llama3.1-8B,LoRA-v2,6320,0.9044722719141324,1.3976,4.407239265369428e-05,trainer_state_llama3.1v2.json
Llama3.1-8B · LoRA-v2,Llama3.1-8B,LoRA-v2,6330,0.9059033989266547,1.4146,4.404545273362351e-05,trainer_state_llama3.1v2.json
Llama3.1-8B · LoRA-v2,Llama3.1-8B,LoRA-v2,6340,0.9073345259391771,1.3337,4.4018460007312526e-05,trainer_state_llama3.1v2.json
Llama3.1-8B · LoRA-v2,Llama3.1-8B,LoRA-v2,6350,0.9087656529516994,1.5794,4.399141454960252e-05,trainer_state_llama3.1v2.json
Llama3.1-8B · LoRA-v2,Llama3.1-8B,LoRA-v2,6360,0.9101967799642218,1.3476,4.396431643548088e-05,trainer_state_llama3.1v2.json
Llama3.1-8B · LoRA-v2,Llama3.1-8B,LoRA-v2,6370,0.9116279069767442,1.315,4.393716574008102e-05,trainer_state_llama3.1v2.json
Llama3.1-8B · LoRA-v2,Llama3.1-8B,LoRA-v2,6380,0.9130590339892666,1.4596,4.390996253868211e-05,trainer_state_llama3.1v2.json
Llama3.1-8B · LoRA-v2,Llama3.1-8B,LoRA-v2,6390,0.9144901610017889,1.3659,4.388270690670892e-05,trainer_state_llama3.1v2.json
Llama3.1-8B · LoRA-v2,Llama3.1-8B,LoRA-v2,6400,0.9159212880143113,1.438,4.3855398919731584e-05,trainer_state_llama3.1v2.json
Llama3.1-8B · LoRA-v2,Llama3.1-8B,LoRA-v2,6410,0.9173524150268336,1.4535,4.3828038653465405e-05,trainer_state_llama3.1v2.json
Llama3.1-8B · LoRA-v2,Llama3.1-8B,LoRA-v2,6420,0.918783542039356,1.4858,4.380062618377063e-05,trainer_state_llama3.1v2.json
Llama3.1-8B · LoRA-v2,Llama3.1-8B,LoRA-v2,6430,0.9202146690518783,1.3737,4.377316158665224e-05,trainer_state_llama3.1v2.json
Llama3.1-8B · LoRA-v2,Llama3.1-8B,LoRA-v2,6440,0.9216457960644007,1.4252,4.374564493825977e-05,trainer_state_llama3.1v2.json
Llama3.1-8B · LoRA-v2,Llama3.1-8B,LoRA-v2,6450,0.9230769230769231,1.3593,4.3718076314887044e-05,trainer_state_llama3.1v2.json
Llama3.1-8B · LoRA-v2,Llama3.1-8B,LoRA-v2,6460,0.9245080500894455,1.4951,4.369045579297203e-05,trainer_state_llama3.1v2.json
Llama3.1-8B · LoRA-v2,Llama3.1-8B,LoRA-v2,6470,0.9259391771019678,1.4658,4.3662783449096576e-05,trainer_state_llama3.1v2.json
Llama3.1-8B · LoRA-v2,Llama3.1-8B,LoRA-v2,6480,0.9273703041144902,1.4298,4.363505935998618e-05,trainer_state_llama3.1v2.json
Llama3.1-8B · LoRA-v2,Llama3.1-8B,LoRA-v2,6490,0.9288014311270125,1.3994,4.360728360250988e-05,trainer_state_llama3.1v2.json
Llama3.1-8B · LoRA-v2,Llama3.1-8B,LoRA-v2,6500,0.9302325581395349,1.3244,4.3579456253679915e-05,trainer_state_llama3.1v2.json
Llama3.1-8B · LoRA-v2,Llama3.1-8B,LoRA-v2,6510,0.9316636851520572,1.4835,4.3551577390651584e-05,trainer_state_llama3.1v2.json
Llama3.1-8B · LoRA-v2,Llama3.1-8B,LoRA-v2,6520,0.9330948121645796,1.3711,4.352364709072303e-05,trainer_state_llama3.1v2.json
Llama3.1-8B · LoRA-v2,Llama3.1-8B,LoRA-v2,6530,0.9345259391771019,1.5069,4.3495665431334996e-05,trainer_state_llama3.1v2.json
Llama3.1-8B · LoRA-v2,Llama3.1-8B,LoRA-v2,6540,0.9359570661896244,1.4192,4.346763249007063e-05,trainer_state_llama3.1v2.json
Llama3.1-8B · LoRA-v2,Llama3.1-8B,LoRA-v2,6550,0.9373881932021467,1.4718,4.343954834465528e-05,trainer_state_llama3.1v2.json
Llama3.1-8B · LoRA-v2,Llama3.1-8B,LoRA-v2,6560,0.9388193202146691,1.317,4.341141307295624e-05,trainer_state_llama3.1v2.json
Llama3.1-8B · LoRA-v2,Llama3.1-8B,LoRA-v2,6570,0.9402504472271914,1.3508,4.338322675298259e-05,trainer_state_llama3.1v2.json
Llama3.1-8B · LoRA-v2,Llama3.1-8B,LoRA-v2,6580,0.9416815742397138,1.4788,4.335498946288491e-05,trainer_state_llama3.1v2.json
Llama3.1-8B · LoRA-v2,Llama3.1-8B,LoRA-v2,6590,0.9431127012522361,1.3818,4.332670128095514e-05,trainer_state_llama3.1v2.json
Llama3.1-8B · LoRA-v2,Llama3.1-8B,LoRA-v2,6600,0.9445438282647585,1.471,4.32983622856263e-05,trainer_state_llama3.1v2.json
Llama3.1-8B · LoRA-v2,Llama3.1-8B,LoRA-v2,6610,0.9459749552772808,1.5352,4.32699725554723e-05,trainer_state_llama3.1v2.json
Llama3.1-8B · LoRA-v2,Llama3.1-8B,LoRA-v2,6620,0.9474060822898033,1.3373,4.324153216920775e-05,trainer_state_llama3.1v2.json
Llama3.1-8B · LoRA-v2,Llama3.1-8B,LoRA-v2,6630,0.9488372093023256,1.3845,4.321304120568767e-05,trainer_state_llama3.1v2.json
Llama3.1-8B · LoRA-v2,Llama3.1-8B,LoRA-v2,6640,0.950268336314848,1.531,4.318449974390731e-05,trainer_state_llama3.1v2.json
Llama3.1-8B · LoRA-v2,Llama3.1-8B,LoRA-v2,6650,0.9516994633273703,1.3953,4.315590786300198e-05,trainer_state_llama3.1v2.json
Llama3.1-8B · LoRA-v2,Llama3.1-8B,LoRA-v2,6660,0.9531305903398927,1.3042,4.312726564224675e-05,trainer_state_llama3.1v2.json
Llama3.1-8B · LoRA-v2,Llama3.1-8B,LoRA-v2,6670,0.954561717352415,1.5153,4.309857316105627e-05,trainer_state_llama3.1v2.json
Llama3.1-8B · LoRA-v2,Llama3.1-8B,LoRA-v2,6680,0.9559928443649374,1.4233,4.306983049898454e-05,trainer_state_llama3.1v2.json
Llama3.1-8B · LoRA-v2,Llama3.1-8B,LoRA-v2,6690,0.9574239713774597,1.3974,4.304103773572471e-05,trainer_state_llama3.1v2.json
Llama3.1-8B · LoRA-v2,Llama3.1-8B,LoRA-v2,6700,0.9588550983899821,1.454,4.301219495110883e-05,trainer_state_llama3.1v2.json
Llama3.1-8B · LoRA-v2,Llama3.1-8B,LoRA-v2,6710,0.9602862254025045,1.4742,4.298330222510763e-05,trainer_state_llama3.1v2.json
Llama3.1-8B · LoRA-v2,Llama3.1-8B,LoRA-v2,6720,0.9617173524150269,1.5634,4.2954359637830335e-05,trainer_state_llama3.1v2.json
Llama3.1-8B · LoRA-v2,Llama3.1-8B,LoRA-v2,6730,0.9631484794275492,1.4924,4.292536726952441e-05,trainer_state_llama3.1v2.json
Llama3.1-8B · LoRA-v2,Llama3.1-8B,LoRA-v2,6740,0.9645796064400716,1.365,4.289632520057533e-05,trainer_state_llama3.1v2.json
Llama3.1-8B · LoRA-v2,Llama3.1-8B,LoRA-v2,6750,0.9660107334525939,1.4208,4.286723351150639e-05,trainer_state_llama3.1v2.json
Llama3.1-8B · LoRA-v2,Llama3.1-8B,LoRA-v2,6760,0.9674418604651163,1.3599,4.283809228297845e-05,trainer_state_llama3.1v2.json
Llama3.1-8B · LoRA-v2,Llama3.1-8B,LoRA-v2,6770,0.9688729874776386,1.5573,4.280890159578973e-05,trainer_state_llama3.1v2.json
Llama3.1-8B · LoRA-v2,Llama3.1-8B,LoRA-v2,6780,0.970304114490161,1.3887,4.2779661530875595e-05,trainer_state_llama3.1v2.json
Llama3.1-8B · LoRA-v2,Llama3.1-8B,LoRA-v2,6790,0.9717352415026833,1.4556,4.275037216930829e-05,trainer_state_llama3.1v2.json
Llama3.1-8B · LoRA-v2,Llama3.1-8B,LoRA-v2,6800,0.9731663685152058,1.368,4.272103359229677e-05,trainer_state_llama3.1v2.json
Llama3.1-8B · LoRA-v2,Llama3.1-8B,LoRA-v2,6810,0.9745974955277281,1.3977,4.269164588118643e-05,trainer_state_llama3.1v2.json
Llama3.1-8B · LoRA-v2,Llama3.1-8B,LoRA-v2,6820,0.9760286225402505,1.4753,4.2662209117458897e-05,trainer_state_llama3.1v2.json
Llama3.1-8B · LoRA-v2,Llama3.1-8B,LoRA-v2,6830,0.9774597495527728,1.387,4.26327233827318e-05,trainer_state_llama3.1v2.json
Llama3.1-8B · LoRA-v2,Llama3.1-8B,LoRA-v2,6840,0.9788908765652952,1.425,4.2603188758758575e-05,trainer_state_llama3.1v2.json
Llama3.1-8B · LoRA-v2,Llama3.1-8B,LoRA-v2,6850,0.9803220035778175,1.4235,4.257360532742817e-05,trainer_state_llama3.1v2.json
Llama3.1-8B · LoRA-v2,Llama3.1-8B,LoRA-v2,6860,0.9817531305903399,1.3676,4.2543973170764875e-05,trainer_state_llama3.1v2.json
Llama3.1-8B · LoRA-v2,Llama3.1-8B,LoRA-v2,6870,0.9831842576028622,1.513,4.2514292370928086e-05,trainer_state_llama3.1v2.json
Llama3.1-8B · LoRA-v2,Llama3.1-8B,LoRA-v2,6880,0.9846153846153847,1.3802,4.2484563010212075e-05,trainer_state_llama3.1v2.json
Llama3.1-8B · LoRA-v2,Llama3.1-8B,LoRA-v2,6890,0.986046511627907,1.4684,4.245478517104573e-05,trainer_state_llama3.1v2.json
Llama3.1-8B · LoRA-v2,Llama3.1-8B,LoRA-v2,6900,0.9874776386404294,1.3222,4.2424958935992365e-05,trainer_state_llama3.1v2.json
Llama3.1-8B · LoRA-v2,Llama3.1-8B,LoRA-v2,6910,0.9889087656529517,1.4922,4.23950843877495e-05,trainer_state_llama3.1v2.json
Llama3.1-8B · LoRA-v2,Llama3.1-8B,LoRA-v2,6920,0.9903398926654741,1.4547,4.236516160914856e-05,trainer_state_llama3.1v2.json
Llama3.1-8B · LoRA-v2,Llama3.1-8B,LoRA-v2,6930,0.9917710196779964,1.3957,4.233519068315475e-05,trainer_state_llama3.1v2.json
Llama3.1-8B · LoRA-v2,Llama3.1-8B,LoRA-v2,6940,0.9932021466905188,1.5308,4.230517169286674e-05,trainer_state_llama3.1v2.json
Llama3.1-8B · LoRA-v2,Llama3.1-8B,LoRA-v2,6950,0.9946332737030411,1.6368,4.227510472151647e-05,trainer_state_llama3.1v2.json
Llama3.1-8B · LoRA-v2,Llama3.1-8B,LoRA-v2,6960,0.9960644007155635,1.3885,4.2244989852468916e-05,trainer_state_llama3.1v2.json
Llama3.1-8B · LoRA-v2,Llama3.1-8B,LoRA-v2,6970,0.9974955277280859,1.4418,4.221482716922186e-05,trainer_state_llama3.1v2.json
Llama3.1-8B · LoRA-v2,Llama3.1-8B,LoRA-v2,6980,0.9989266547406083,1.4778,4.2184616755405646e-05,trainer_state_llama3.1v2.json
Llama3.1-8B · LoRA-v2,Llama3.1-8B,LoRA-v2,6990,1.0002862254025044,1.4113,4.215435869478298e-05,trainer_state_llama3.1v2.json
Llama3.1-8B · LoRA-v2,Llama3.1-8B,LoRA-v2,7000,1.001717352415027,1.5426,4.212405307124865e-05,trainer_state_llama3.1v2.json
Llama3.1-8B · LoRA-v2,Llama3.1-8B,LoRA-v2,7010,1.0031484794275491,1.2118,4.209369996882932e-05,trainer_state_llama3.1v2.json
Llama3.1-8B · LoRA-v2,Llama3.1-8B,LoRA-v2,7020,1.0045796064400716,1.3697,4.2063299471683326e-05,trainer_state_llama3.1v2.json
Llama3.1-8B · LoRA-v2,Llama3.1-8B,LoRA-v2,7030,1.0060107334525938,1.3836,4.2032851664100375e-05,trainer_state_llama3.1v2.json
Llama3.1-8B · LoRA-v2,Llama3.1-8B,LoRA-v2,7040,1.0074418604651163,1.4861,4.200235663050137e-05,trainer_state_llama3.1v2.json
Llama3.1-8B · LoRA-v2,Llama3.1-8B,LoRA-v2,7050,1.0088729874776385,1.4248,4.197181445543816e-05,trainer_state_llama3.1v2.json
Llama3.1-8B · LoRA-v2,Llama3.1-8B,LoRA-v2,7060,1.010304114490161,1.3847,4.1941225223593285e-05,trainer_state_llama3.1v2.json
Llama3.1-8B · LoRA-v2,Llama3.1-8B,LoRA-v2,7070,1.0117352415026835,1.385,4.191058901977976e-05,trainer_state_llama3.1v2.json
Llama3.1-8B · LoRA-v2,Llama3.1-8B,LoRA-v2,7080,1.0131663685152057,1.3518,4.1879905928940836e-05,trainer_state_llama3.1v2.json
Llama3.1-8B · LoRA-v2,Llama3.1-8B,LoRA-v2,7090,1.0145974955277282,1.3561,4.1849176036149774e-05,trainer_state_llama3.1v2.json
Llama3.1-8B · LoRA-v2,Llama3.1-8B,LoRA-v2,7100,1.0160286225402504,1.3791,4.1818399426609604e-05,trainer_state_llama3.1v2.json
Llama3.1-8B · LoRA-v2,Llama3.1-8B,LoRA-v2,7110,1.0174597495527729,1.3689,4.1787576185652865e-05,trainer_state_llama3.1v2.json
Llama3.1-8B · LoRA-v2,Llama3.1-8B,LoRA-v2,7120,1.018890876565295,1.2735,4.17567063987414e-05,trainer_state_llama3.1v2.json
Llama3.1-8B · LoRA-v2,Llama3.1-8B,LoRA-v2,7130,1.0203220035778175,1.2617,4.17257901514661e-05,trainer_state_llama3.1v2.json
Llama3.1-8B · LoRA-v2,Llama3.1-8B,LoRA-v2,7140,1.0217531305903398,1.3768,4.169482752954669e-05,trainer_state_llama3.1v2.json
Llama3.1-8B · LoRA-v2,Llama3.1-8B,LoRA-v2,7150,1.0231842576028622,1.4337,4.166381861883146e-05,trainer_state_llama3.1v2.json
Llama3.1-8B · LoRA-v2,Llama3.1-8B,LoRA-v2,7160,1.0246153846153847,1.2224,4.163276350529705e-05,trainer_state_llama3.1v2.json
Llama3.1-8B · LoRA-v2,Llama3.1-8B,LoRA-v2,7170,1.026046511627907,1.289,4.16016622750482e-05,trainer_state_llama3.1v2.json
Llama3.1-8B · LoRA-v2,Llama3.1-8B,LoRA-v2,7180,1.0274776386404294,1.3454,4.157051501431751e-05,trainer_state_llama3.1v2.json
Llama3.1-8B · LoRA-v2,Llama3.1-8B,LoRA-v2,7190,1.0289087656529516,1.3269,4.153932180946523e-05,trainer_state_llama3.1v2.json
Llama3.1-8B · LoRA-v2,Llama3.1-8B,LoRA-v2,7200,1.030339892665474,1.3121,4.150808274697896e-05,trainer_state_llama3.1v2.json
Llama3.1-8B · LoRA-v2,Llama3.1-8B,LoRA-v2,7210,1.0317710196779963,1.3264,4.147679791347349e-05,trainer_state_llama3.1v2.json
Llama3.1-8B · LoRA-v2,Llama3.1-8B,LoRA-v2,7220,1.0332021466905188,1.3302,4.144546739569047e-05,trainer_state_llama3.1v2.json
Llama3.1-8B · LoRA-v2,Llama3.1-8B,LoRA-v2,7230,1.034633273703041,1.4346,4.141409128049825e-05,trainer_state_llama3.1v2.json
Llama3.1-8B · LoRA-v2,Llama3.1-8B,LoRA-v2,7240,1.0360644007155635,1.3826,4.1382669654891595e-05,trainer_state_llama3.1v2.json
Llama3.1-8B · LoRA-v2,Llama3.1-8B,LoRA-v2,7250,1.037495527728086,1.3368,4.135120260599144e-05,trainer_state_llama3.1v2.json
Llama3.1-8B · LoRA-v2,Llama3.1-8B,LoRA-v2,7260,1.0389266547406082,1.2263,4.1319690221044696e-05,trainer_state_llama3.1v2.json
Llama3.1-8B · LoRA-v2,Llama3.1-8B,LoRA-v2,7270,1.0403577817531307,1.2318,4.1288132587423945e-05,trainer_state_llama3.1v2.json
Llama3.1-8B · LoRA-v2,Llama3.1-8B,LoRA-v2,7280,1.0417889087656529,1.3226,4.125652979262724e-05,trainer_state_llama3.1v2.json
Llama3.1-8B · LoRA-v2,Llama3.1-8B,LoRA-v2,7290,1.0432200357781753,1.2849,4.122488192427784e-05,trainer_state_llama3.1v2.json
Llama3.1-8B · LoRA-v2,Llama3.1-8B,LoRA-v2,7300,1.0446511627906976,1.4235,4.1193189070123995e-05,trainer_state_llama3.1v2.json
Llama3.1-8B · LoRA-v2,Llama3.1-8B,LoRA-v2,7310,1.04608228980322,1.297,4.116145131803867e-05,trainer_state_llama3.1v2.json
Llama3.1-8B · LoRA-v2,Llama3.1-8B,LoRA-v2,7320,1.0475134168157425,1.2368,4.112966875601931e-05,trainer_state_llama3.1v2.json
Llama3.1-8B · LoRA-v2,Llama3.1-8B,LoRA-v2,7330,1.0489445438282647,1.2962,4.109784147218763e-05,trainer_state_llama3.1v2.json
Llama3.1-8B · LoRA-v2,Llama3.1-8B,LoRA-v2,7340,1.0503756708407872,1.3704,4.10659695547893e-05,trainer_state_llama3.1v2.json
Llama3.1-8B · LoRA-v2,Llama3.1-8B,LoRA-v2,7350,1.0518067978533094,1.4424,4.103405309219379e-05,trainer_state_llama3.1v2.json
Llama3.1-8B · LoRA-v2,Llama3.1-8B,LoRA-v2,7360,1.053237924865832,1.2891,4.1002092172894044e-05,trainer_state_llama3.1v2.json
Llama3.1-8B · LoRA-v2,Llama3.1-8B,LoRA-v2,7370,1.0546690518783541,1.3098,4.097008688550628e-05,trainer_state_llama3.1v2.json
Llama3.1-8B · LoRA-v2,Llama3.1-8B,LoRA-v2,7380,1.0561001788908766,1.3855,4.093803731876973e-05,trainer_state_llama3.1v2.json
Llama3.1-8B · LoRA-v2,Llama3.1-8B,LoRA-v2,7390,1.0575313059033988,1.3029,4.090594356154641e-05,trainer_state_llama3.1v2.json
Llama3.1-8B · LoRA-v2,Llama3.1-8B,LoRA-v2,7400,1.0589624329159213,1.4342,4.087380570282083e-05,trainer_state_llama3.1v2.json
Llama3.1-8B · LoRA-v2,Llama3.1-8B,LoRA-v2,7410,1.0603935599284438,1.2496,4.0841623831699816e-05,trainer_state_llama3.1v2.json
Llama3.1-8B · LoRA-v2,Llama3.1-8B,LoRA-v2,7420,1.061824686940966,1.4119,4.08093980374122e-05,trainer_state_llama3.1v2.json
Llama3.1-8B · LoRA-v2,Llama3.1-8B,LoRA-v2,7430,1.0632558139534884,1.3303,4.077712840930861e-05,trainer_state_llama3.1v2.json
Llama3.1-8B · LoRA-v2,Llama3.1-8B,LoRA-v2,7440,1.0646869409660107,1.3075,4.0744815036861184e-05,trainer_state_llama3.1v2.json
Llama3.1-8B · LoRA-v2,Llama3.1-8B,LoRA-v2,7450,1.0661180679785331,1.2805,4.071245800966338e-05,trainer_state_llama3.1v2.json
Llama3.1-8B · LoRA-v2,Llama3.1-8B,LoRA-v2,7460,1.0675491949910554,1.4253,4.068005741742969e-05,trainer_state_llama3.1v2.json
Llama3.1-8B · LoRA-v2,Llama3.1-8B,LoRA-v2,7470,1.0689803220035778,1.2559,4.0647613349995365e-05,trainer_state_llama3.1v2.json
Llama3.1-8B · LoRA-v2,Llama3.1-8B,LoRA-v2,7480,1.0704114490161,1.3338,4.061512589731622e-05,trainer_state_llama3.1v2.json
Llama3.1-8B · LoRA-v2,Llama3.1-8B,LoRA-v2,7490,1.0718425760286225,1.4853,4.0582595149468396e-05,trainer_state_llama3.1v2.json
Llama3.1-8B · LoRA-v2,Llama3.1-8B,LoRA-v2,7500,1.073273703041145,1.4391,4.055002119664801e-05,trainer_state_llama3.1v2.json
Llama3.1-8B · LoRA-v2,Llama3.1-8B,LoRA-v2,7510,1.0747048300536672,1.334,4.0517404129171004e-05,trainer_state_llama3.1v2.json
Llama3.1-8B · LoRA-v2,Llama3.1-8B,LoRA-v2,7520,1.0761359570661897,1.4089,4.0484744037472876e-05,trainer_state_llama3.1v2.json
Llama3.1-8B · LoRA-v2,Llama3.1-8B,LoRA-v2,7530,1.077567084078712,1.3366,4.045204101210838e-05,trainer_state_llama3.1v2.json
Llama3.1-8B · LoRA-v2,Llama3.1-8B,LoRA-v2,7540,1.0789982110912344,1.4405,4.041929514375135e-05,trainer_state_llama3.1v2.json
Llama3.1-8B · LoRA-v2,Llama3.1-8B,LoRA-v2,7550,1.0804293381037566,1.3488,4.0386506523194376e-05,trainer_state_llama3.1v2.json
Llama3.1-8B · LoRA-v2,Llama3.1-8B,LoRA-v2,7560,1.081860465116279,1.3159,4.0353675241348585e-05,trainer_state_llama3.1v2.json
Llama3.1-8B · LoRA-v2,Llama3.1-8B,LoRA-v2,7570,1.0832915921288013,1.3133,4.032080138924341e-05,trainer_state_llama3.1v2.json
Llama3.1-8B · LoRA-v2,Llama3.1-8B,LoRA-v2,7580,1.0847227191413238,1.2547,4.028788505802632e-05,trainer_state_llama3.1v2.json
Llama3.1-8B · LoRA-v2,Llama3.1-8B,LoRA-v2,7590,1.0861538461538462,1.2356,4.025492633896252e-05,trainer_state_llama3.1v2.json
Llama3.1-8B · LoRA-v2,Llama3.1-8B,LoRA-v2,7600,1.0875849731663685,1.243,4.0221925323434784e-05,trainer_state_llama3.1v2.json
Llama3.1-8B · LoRA-v2,Llama3.1-8B,LoRA-v2,7610,1.089016100178891,1.4053,4.018888210294315e-05,trainer_state_llama3.1v2.json
Llama3.1-8B · LoRA-v2,Llama3.1-8B,LoRA-v2,7620,1.0904472271914132,1.3651,4.015579676910466e-05,trainer_state_llama3.1v2.json
Llama3.1-8B · LoRA-v2,Llama3.1-8B,LoRA-v2,7630,1.0918783542039356,1.2755,4.012266941365314e-05,trainer_state_llama3.1v2.json
Llama3.1-8B · LoRA-v2,Llama3.1-8B,LoRA-v2,7640,1.0933094812164579,1.3351,4.008950012843891e-05,trainer_state_llama3.1v2.json
Llama3.1-8B · LoRA-v2,Llama3.1-8B,LoRA-v2,7650,1.0947406082289803,1.3921,4.005628900542856e-05,trainer_state_llama3.1v2.json
Llama3.1-8B · LoRA-v2,Llama3.1-8B,LoRA-v2,7660,1.0961717352415028,1.3306,4.002303613670467e-05,trainer_state_llama3.1v2.json
Llama3.1-8B · LoRA-v2,Llama3.1-8B,LoRA-v2,7670,1.097602862254025,1.3347,3.998974161446559e-05,trainer_state_llama3.1v2.json
Llama3.1-8B · LoRA-v2,Llama3.1-8B,LoRA-v2,7680,1.0990339892665475,1.4282,3.9956405531025124e-05,trainer_state_llama3.1v2.json
Llama3.1-8B · LoRA-v2,Llama3.1-8B,LoRA-v2,7690,1.1004651162790697,1.3173,3.992302797881233e-05,trainer_state_llama3.1v2.json
Llama3.1-8B · LoRA-v2,Llama3.1-8B,LoRA-v2,7700,1.1018962432915922,1.3116,3.988960905037125e-05,trainer_state_llama3.1v2.json
Llama3.1-8B · LoRA-v2,Llama3.1-8B,LoRA-v2,7710,1.1033273703041144,1.1523,3.985614883836064e-05,trainer_state_llama3.1v2.json
Llama3.1-8B · LoRA-v2,Llama3.1-8B,LoRA-v2,7720,1.104758497316637,1.1488,3.9822647435553716e-05,trainer_state_llama3.1v2.json
Llama3.1-8B · LoRA-v2,Llama3.1-8B,LoRA-v2,7730,1.1061896243291591,1.3495,3.9789104934837906e-05,trainer_state_llama3.1v2.json
Llama3.1-8B · LoRA-v2,Llama3.1-8B,LoRA-v2,7740,1.1076207513416816,1.3348,3.975552142921459e-05,trainer_state_llama3.1v2.json
Llama3.1-8B · LoRA-v2,Llama3.1-8B,LoRA-v2,7750,1.109051878354204,1.3214,3.972189701179884e-05,trainer_state_llama3.1v2.json
Llama3.1-8B · LoRA-v2,Llama3.1-8B,LoRA-v2,7760,1.1104830053667263,1.2804,3.968823177581916e-05,trainer_state_llama3.1v2.json
Llama3.1-8B · LoRA-v2,Llama3.1-8B,LoRA-v2,7770,1.1119141323792487,1.34,3.9654525814617226e-05,trainer_state_llama3.1v2.json
Llama3.1-8B · LoRA-v2,Llama3.1-8B,LoRA-v2,7780,1.113345259391771,1.4101,3.962077922164764e-05,trainer_state_llama3.1v2.json
Llama3.1-8B · LoRA-v2,Llama3.1-8B,LoRA-v2,7790,1.1147763864042934,1.2185,3.9586992090477644e-05,trainer_state_llama3.1v2.json
Llama3.1-8B · LoRA-v2,Llama3.1-8B,LoRA-v2,7800,1.1162075134168157,1.4497,3.95531645147869e-05,trainer_state_llama3.1v2.json
Llama3.1-8B · LoRA-v2,Llama3.1-8B,LoRA-v2,7810,1.1176386404293381,1.2454,3.951929658836718e-05,trainer_state_llama3.1v2.json
Llama3.1-8B · LoRA-v2,Llama3.1-8B,LoRA-v2,7820,1.1190697674418604,1.3878,3.9485388405122184e-05,trainer_state_llama3.1v2.json
Llama3.1-8B · LoRA-v2,Llama3.1-8B,LoRA-v2,7830,1.1205008944543828,1.4581,3.945144005906716e-05,trainer_state_llama3.1v2.json
Llama3.1-8B · LoRA-v2,Llama3.1-8B,LoRA-v2,7840,1.1219320214669053,1.3908,3.9417451644328774e-05,trainer_state_llama3.1v2.json
Llama3.1-8B · LoRA-v2,Llama3.1-8B,LoRA-v2,7850,1.1233631484794275,1.426,3.938342325514475e-05,trainer_state_llama3.1v2.json
Llama3.1-8B · LoRA-v2,Llama3.1-8B,LoRA-v2,7860,1.12479427549195,1.3443,3.9349354985863674e-05,trainer_state_llama3.1v2.json
Llama3.1-8B · LoRA-v2,Llama3.1-8B,LoRA-v2,7870,1.1262254025044722,1.4169,3.931524693094469e-05,trainer_state_llama3.1v2.json
Llama3.1-8B · LoRA-v2,Llama3.1-8B,LoRA-v2,7880,1.1276565295169947,1.3281,3.928109918495726e-05,trainer_state_llama3.1v2.json
Llama3.1-8B · LoRA-v2,Llama3.1-8B,LoRA-v2,7890,1.129087656529517,1.3559,3.924691184258087e-05,trainer_state_llama3.1v2.json
Llama3.1-8B · LoRA-v2,Llama3.1-8B,LoRA-v2,7900,1.1305187835420394,1.403,3.921268499860483e-05,trainer_state_llama3.1v2.json
Llama3.1-8B · LoRA-v2,Llama3.1-8B,LoRA-v2,7910,1.1319499105545616,1.3558,3.9178418747927965e-05,trainer_state_llama3.1v2.json
Llama3.1-8B · LoRA-v2,Llama3.1-8B,LoRA-v2,7920,1.133381037567084,1.2358,3.914411318555834e-05,trainer_state_llama3.1v2.json
Llama3.1-8B · LoRA-v2,Llama3.1-8B,LoRA-v2,7930,1.1348121645796065,1.3106,3.910976840661303e-05,trainer_state_llama3.1v2.json
Llama3.1-8B · LoRA-v2,Llama3.1-8B,LoRA-v2,7940,1.1362432915921288,1.1528,3.907538450631786e-05,trainer_state_llama3.1v2.json
Llama3.1-8B · LoRA-v2,Llama3.1-8B,LoRA-v2,7950,1.1376744186046512,1.1702,3.9040961580007086e-05,trainer_state_llama3.1v2.json
Llama3.1-8B · LoRA-v2,Llama3.1-8B,LoRA-v2,7960,1.1391055456171735,1.2637,3.9006499723123205e-05,trainer_state_llama3.1v2.json
Llama3.1-8B · LoRA-v2,Llama3.1-8B,LoRA-v2,7970,1.140536672629696,1.4168,3.8971999031216636e-05,trainer_state_llama3.1v2.json
Llama3.1-8B · LoRA-v2,Llama3.1-8B,LoRA-v2,7980,1.1419677996422182,1.1868,3.8937459599945494e-05,trainer_state_llama3.1v2.json
Llama3.1-8B · LoRA-v2,Llama3.1-8B,LoRA-v2,7990,1.1433989266547406,1.2558,3.8902881525075275e-05,trainer_state_llama3.1v2.json
Llama3.1-8B · LoRA-v2,Llama3.1-8B,LoRA-v2,8000,1.1448300536672629,1.3704,3.886826490247863e-05,trainer_state_llama3.1v2.json
Llama3.1-8B · LoRA-v2,Llama3.1-8B,LoRA-v2,8010,1.1462611806797853,1.2527,3.883360982813511e-05,trainer_state_llama3.1v2.json
Llama3.1-8B · LoRA-v2,Llama3.1-8B,LoRA-v2,8020,1.1476923076923078,1.3439,3.879891639813085e-05,trainer_state_llama3.1v2.json
Llama3.1-8B · LoRA-v2,Llama3.1-8B,LoRA-v2,8030,1.14912343470483,1.3614,3.8764184708658345e-05,trainer_state_llama3.1v2.json
Llama3.1-8B · LoRA-v2,Llama3.1-8B,LoRA-v2,8040,1.1505545617173525,1.2955,3.872941485601618e-05,trainer_state_llama3.1v2.json
Llama3.1-8B · LoRA-v2,Llama3.1-8B,LoRA-v2,8050,1.1519856887298747,1.2778,3.869460693660874e-05,trainer_state_llama3.1v2.json
Llama3.1-8B · LoRA-v2,Llama3.1-8B,LoRA-v2,8060,1.1534168157423972,1.2806,3.865976104694593e-05,trainer_state_llama3.1v2.json
Llama3.1-8B · LoRA-v2,Llama3.1-8B,LoRA-v2,8070,1.1548479427549194,1.4117,3.862487728364299e-05,trainer_state_llama3.1v2.json
Llama3.1-8B · LoRA-v2,Llama3.1-8B,LoRA-v2,8080,1.1562790697674419,1.413,3.8589955743420135e-05,trainer_state_llama3.1v2.json
Llama3.1-8B · LoRA-v2,Llama3.1-8B,LoRA-v2,8090,1.1577101967799641,1.3004,3.855499652310233e-05,trainer_state_llama3.1v2.json
Llama3.1-8B · LoRA-v2,Llama3.1-8B,LoRA-v2,8100,1.1591413237924866,1.3316,3.8519999719618986e-05,trainer_state_llama3.1v2.json
Llama3.1-8B · LoRA-v2,Llama3.1-8B,LoRA-v2,8110,1.160572450805009,1.2948,3.848496543000377e-05,trainer_state_llama3.1v2.json
Llama3.1-8B · LoRA-v2,Llama3.1-8B,LoRA-v2,8120,1.1620035778175313,1.322,3.844989375139425e-05,trainer_state_llama3.1v2.json
Llama3.1-8B · LoRA-v2,Llama3.1-8B,LoRA-v2,8130,1.1634347048300537,1.3525,3.841478478103168e-05,trainer_state_llama3.1v2.json
Llama3.1-8B · LoRA-v2,Llama3.1-8B,LoRA-v2,8140,1.164865831842576,1.3326,3.837963861626067e-05,trainer_state_llama3.1v2.json
Llama3.1-8B · LoRA-v2,Llama3.1-8B,LoRA-v2,8150,1.1662969588550984,1.2706,3.834445535452902e-05,trainer_state_llama3.1v2.json
Llama3.1-8B · LoRA-v2,Llama3.1-8B,LoRA-v2,8160,1.1677280858676207,1.3449,3.830923509338732e-05,trainer_state_llama3.1v2.json
Llama3.1-8B · LoRA-v2,Llama3.1-8B,LoRA-v2,8170,1.1691592128801431,1.4454,3.82739779304888e-05,trainer_state_llama3.1v2.json
Llama3.1-8B · LoRA-v2,Llama3.1-8B,LoRA-v2,8180,1.1705903398926654,1.3329,3.823868396358898e-05,trainer_state_llama3.1v2.json
Llama3.1-8B · LoRA-v2,Llama3.1-8B,LoRA-v2,8190,1.1720214669051878,1.2391,3.8203353290545425e-05,trainer_state_llama3.1v2.json
Llama3.1-8B · LoRA-v2,Llama3.1-8B,LoRA-v2,8200,1.1734525939177103,1.18,3.816798600931748e-05,trainer_state_llama3.1v2.json
Llama3.1-8B · LoRA-v2,Llama3.1-8B,LoRA-v2,8210,1.1748837209302325,1.4716,3.8132582217965984e-05,trainer_state_llama3.1v2.json
Llama3.1-8B · LoRA-v2,Llama3.1-8B,LoRA-v2,8220,1.176314847942755,1.3092,3.8097142014653006e-05,trainer_state_llama3.1v2.json
Llama3.1-8B · LoRA-v2,Llama3.1-8B,LoRA-v2,8230,1.1777459749552772,1.2972,3.8061665497641593e-05,trainer_state_llama3.1v2.json
Llama3.1-8B · LoRA-v2,Llama3.1-8B,LoRA-v2,8240,1.1791771019677997,1.4667,3.802615276529545e-05,trainer_state_llama3.1v2.json
Llama3.1-8B · LoRA-v2,Llama3.1-8B,LoRA-v2,8250,1.180608228980322,1.427,3.799060391607869e-05,trainer_state_llama3.1v2.json
Llama3.1-8B · LoRA-v2,Llama3.1-8B,LoRA-v2,8260,1.1820393559928444,1.2908,3.79550190485556e-05,trainer_state_llama3.1v2.json
Llama3.1-8B · LoRA-v2,Llama3.1-8B,LoRA-v2,8270,1.1834704830053666,1.2964,3.791939826139029e-05,trainer_state_llama3.1v2.json
Llama3.1-8B · LoRA-v2,Llama3.1-8B,LoRA-v2,8280,1.184901610017889,1.4705,3.7883741653346514e-05,trainer_state_llama3.1v2.json
Llama3.1-8B · LoRA-v2,Llama3.1-8B,LoRA-v2,8290,1.1863327370304115,1.2616,3.784804932328729e-05,trainer_state_llama3.1v2.json
Llama3.1-8B · LoRA-v2,Llama3.1-8B,LoRA-v2,8300,1.1877638640429338,1.325,3.781232137017472e-05,trainer_state_llama3.1v2.json
Llama3.1-8B · LoRA-v2,Llama3.1-8B,LoRA-v2,8310,1.1891949910554562,1.3032,3.777655789306965e-05,trainer_state_llama3.1v2.json
Llama3.1-8B · LoRA-v2,Llama3.1-8B,LoRA-v2,8320,1.1906261180679785,1.4304,3.7740758991131434e-05,trainer_state_llama3.1v2.json
Llama3.1-8B · LoRA-v2,Llama3.1-8B,LoRA-v2,8330,1.192057245080501,1.2905,3.7704924763617655e-05,trainer_state_llama3.1v2.json
Llama3.1-8B · LoRA-v2,Llama3.1-8B,LoRA-v2,8340,1.1934883720930232,1.3769,3.766905530988382e-05,trainer_state_llama3.1v2.json
Llama3.1-8B · LoRA-v2,Llama3.1-8B,LoRA-v2,8350,1.1949194991055456,1.3229,3.763315072938313e-05,trainer_state_llama3.1v2.json
Llama3.1-8B · LoRA-v2,Llama3.1-8B,LoRA-v2,8360,1.1963506261180679,1.3625,3.759721112166614e-05,trainer_state_llama3.1v2.json
Llama3.1-8B · LoRA-v2,Llama3.1-8B,LoRA-v2,8370,1.1977817531305903,1.2851,3.756123658638059e-05,trainer_state_llama3.1v2.json
Llama3.1-8B · LoRA-v2,Llama3.1-8B,LoRA-v2,8380,1.1992128801431128,1.51,3.752522722327098e-05,trainer_state_llama3.1v2.json
Llama3.1-8B · LoRA-v2,Llama3.1-8B,LoRA-v2,8390,1.200644007155635,1.3835,3.748918313217845e-05,trainer_state_llama3.1v2.json
Llama3.1-8B · LoRA-v2,Llama3.1-8B,LoRA-v2,8400,1.2020751341681575,1.397,3.745310441304038e-05,trainer_state_llama3.1v2.json
Llama3.1-8B · LoRA-v2,Llama3.1-8B,LoRA-v2,8410,1.2035062611806797,1.4157,3.7416991165890176e-05,trainer_state_llama3.1v2.json
Llama3.1-8B · LoRA-v2,Llama3.1-8B,LoRA-v2,8420,1.2049373881932022,1.3141,3.738084349085698e-05,trainer_state_llama3.1v2.json
Llama3.1-8B · LoRA-v2,Llama3.1-8B,LoRA-v2,8430,1.2063685152057244,1.2874,3.734466148816539e-05,trainer_state_llama3.1v2.json
Llama3.1-8B · LoRA-v2,Llama3.1-8B,LoRA-v2,8440,1.2077996422182469,1.2721,3.7308445258135174e-05,trainer_state_llama3.1v2.json
Llama3.1-8B · LoRA-v2,Llama3.1-8B,LoRA-v2,8450,1.209230769230769,1.281,3.7272194901181015e-05,trainer_state_llama3.1v2.json
Llama3.1-8B · LoRA-v2,Llama3.1-8B,LoRA-v2,8460,1.2106618962432916,1.1519,3.723591051781221e-05,trainer_state_llama3.1v2.json
Llama3.1-8B · LoRA-v2,Llama3.1-8B,LoRA-v2,8470,1.212093023255814,1.2999,3.719959220863239e-05,trainer_state_llama3.1v2.json
Llama3.1-8B · LoRA-v2,Llama3.1-8B,LoRA-v2,8480,1.2135241502683363,1.4095,3.716324007433926e-05,trainer_state_llama3.1v2.json
Llama3.1-8B · LoRA-v2,Llama3.1-8B,LoRA-v2,8490,1.2149552772808587,1.3506,3.7126854215724316e-05,trainer_state_llama3.1v2.json
Llama3.1-8B · LoRA-v2,Llama3.1-8B,LoRA-v2,8500,1.216386404293381,1.541,3.7090434733672556e-05,trainer_state_llama3.1v2.json
Llama3.1-8B · LoRA-v2,Llama3.1-8B,LoRA-v2,8510,1.2178175313059034,1.3346,3.7053981729162176e-05,trainer_state_llama3.1v2.json
Llama3.1-8B · LoRA-v2,Llama3.1-8B,LoRA-v2,8520,1.2192486583184259,1.3033,3.7017495303264374e-05,trainer_state_llama3.1v2.json
Llama3.1-8B · LoRA-v2,Llama3.1-8B,LoRA-v2,8530,1.2206797853309481,1.288,3.6980975557142964e-05,trainer_state_llama3.1v2.json
Llama3.1-8B · LoRA-v2,Llama3.1-8B,LoRA-v2,8540,1.2221109123434706,1.3567,3.6944422592054155e-05,trainer_state_llama3.1v2.json
Llama3.1-8B · LoRA-v2,Llama3.1-8B,LoRA-v2,8550,1.2235420393559928,1.3921,3.6907836509346286e-05,trainer_state_llama3.1v2.json
Llama3.1-8B · LoRA-v2,Llama3.1-8B,LoRA-v2,8560,1.2249731663685153,1.3117,3.687121741045949e-05,trainer_state_llama3.1v2.json
Llama3.1-8B · LoRA-v2,Llama3.1-8B,LoRA-v2,8570,1.2264042933810375,1.4231,3.683456539692546e-05,trainer_state_llama3.1v2.json
Llama3.1-8B · LoRA-v2,Llama3.1-8B,LoRA-v2,8580,1.22783542039356,1.2565,3.679788057036713e-05,trainer_state_llama3.1v2.json
Llama3.1-8B · LoRA-v2,Llama3.1-8B,LoRA-v2,8590,1.2292665474060822,1.2233,3.676116303249845e-05,trainer_state_llama3.1v2.json
Llama3.1-8B · LoRA-v2,Llama3.1-8B,LoRA-v2,8600,1.2306976744186047,1.2562,3.672441288512401e-05,trainer_state_llama3.1v2.json
Llama3.1-8B · LoRA-v2,Llama3.1-8B,LoRA-v2,8610,1.2321288014311271,1.1563,3.668763023013888e-05,trainer_state_llama3.1v2.json
Llama3.1-8B · LoRA-v2,Llama3.1-8B,LoRA-v2,8620,1.2335599284436494,1.3573,3.6650815169528195e-05,trainer_state_llama3.1v2.json
Llama3.1-8B · LoRA-v2,Llama3.1-8B,LoRA-v2,8630,1.2349910554561718,1.3976,3.6613967805367005e-05,trainer_state_llama3.1v2.json
Llama3.1-8B · LoRA-v2,Llama3.1-8B,LoRA-v2,8640,1.236422182468694,1.2998,3.6577088239819876e-05,trainer_state_llama3.1v2.json
Llama3.1-8B · LoRA-v2,Llama3.1-8B,LoRA-v2,8650,1.2378533094812165,1.4237,3.6540176575140684e-05,trainer_state_llama3.1v2.json
Llama3.1-8B · LoRA-v2,Llama3.1-8B,LoRA-v2,8660,1.2392844364937388,1.4591,3.650323291367228e-05,trainer_state_llama3.1v2.json
Llama3.1-8B · LoRA-v2,Llama3.1-8B,LoRA-v2,8670,1.2407155635062612,1.3534,3.646625735784627e-05,trainer_state_llama3.1v2.json
Llama3.1-8B · LoRA-v2,Llama3.1-8B,LoRA-v2,8680,1.2421466905187835,1.4152,3.6429250010182654e-05,trainer_state_llama3.1v2.json
Llama3.1-8B · LoRA-v2,Llama3.1-8B,LoRA-v2,8690,1.243577817531306,1.2206,3.63922109732896e-05,trainer_state_llama3.1v2.json
Llama3.1-8B · LoRA-v2,Llama3.1-8B,LoRA-v2,8700,1.2450089445438284,1.4133,3.635514034986311e-05,trainer_state_llama3.1v2.json
Llama3.1-8B · LoRA-v2,Llama3.1-8B,LoRA-v2,8710,1.2464400715563506,1.2671,3.631803824268682e-05,trainer_state_llama3.1v2.json
Llama3.1-8B · LoRA-v2,Llama3.1-8B,LoRA-v2,8720,1.247871198568873,1.4506,3.628090475463161e-05,trainer_state_llama3.1v2.json
Llama3.1-8B · LoRA-v2,Llama3.1-8B,LoRA-v2,8730,1.2493023255813953,1.3917,3.6243739988655386e-05,trainer_state_llama3.1v2.json
Llama3.1-8B · LoRA-v2,Llama3.1-8B,LoRA-v2,8740,1.2507334525939178,1.3282,3.620654404780276e-05,trainer_state_llama3.1v2.json
Llama3.1-8B · LoRA-v2,Llama3.1-8B,LoRA-v2,8750,1.25216457960644,1.316,3.616931703520482e-05,trainer_state_llama3.1v2.json
Llama3.1-8B · LoRA-v2,Llama3.1-8B,LoRA-v2,8760,1.2535957066189625,1.4102,3.6132059054078765e-05,trainer_state_llama3.1v2.json
Llama3.1-8B · LoRA-v2,Llama3.1-8B,LoRA-v2,8770,1.2550268336314847,1.3717,3.609477020772768e-05,trainer_state_llama3.1v2.json
Llama3.1-8B · LoRA-v2,Llama3.1-8B,LoRA-v2,8780,1.2564579606440072,1.4003,3.605745059954021e-05,trainer_state_llama3.1v2.json
Llama3.1-8B · LoRA-v2,Llama3.1-8B,LoRA-v2,8790,1.2578890876565296,1.349,3.602010033299032e-05,trainer_state_llama3.1v2.json
Llama3.1-8B · LoRA-v2,Llama3.1-8B,LoRA-v2,8800,1.2593202146690519,1.159,3.5982719511636945e-05,trainer_state_llama3.1v2.json
Llama3.1-8B · LoRA-v2,Llama3.1-8B,LoRA-v2,8810,1.2607513416815743,1.4169,3.5945308239123776e-05,trainer_state_llama3.1v2.json
Llama3.1-8B · LoRA-v2,Llama3.1-8B,LoRA-v2,8820,1.2621824686940966,1.3484,3.590786661917889e-05,trainer_state_llama3.1v2.json
Llama3.1-8B · LoRA-v2,Llama3.1-8B,LoRA-v2,8830,1.263613595706619,1.2729,3.587039475561457e-05,trainer_state_llama3.1v2.json
Llama3.1-8B · LoRA-v2,Llama3.1-8B,LoRA-v2,8840,1.2650447227191413,1.2144,3.583289275232686e-05,trainer_state_llama3.1v2.json
Llama3.1-8B · LoRA-v2,Llama3.1-8B,LoRA-v2,8850,1.2664758497316637,1.3215,3.579536071329547e-05,trainer_state_llama3.1v2.json
Llama3.1-8B · LoRA-v2,Llama3.1-8B,LoRA-v2,8860,1.267906976744186,1.1761,3.575779874258332e-05,trainer_state_llama3.1v2.json
Llama3.1-8B · LoRA-v2,Llama3.1-8B,LoRA-v2,8870,1.2693381037567084,1.4391,3.572020694433635e-05,trainer_state_llama3.1v2.json
Llama3.1-8B · LoRA-v2,Llama3.1-8B,LoRA-v2,8880,1.2707692307692309,1.1834,3.5682585422783196e-05,trainer_state_llama3.1v2.json
Llama3.1-8B · LoRA-v2,Llama3.1-8B,LoRA-v2,8890,1.272200357781753,1.275,3.5644934282234896e-05,trainer_state_llama3.1v2.json
Llama3.1-8B · LoRA-v2,Llama3.1-8B,LoRA-v2,8900,1.2736314847942756,1.2999,3.560725362708464e-05,trainer_state_llama3.1v2.json
Llama3.1-8B · LoRA-v2,Llama3.1-8B,LoRA-v2,8910,1.2750626118067978,1.2216,3.5569543561807406e-05,trainer_state_llama3.1v2.json
Llama3.1-8B · LoRA-v2,Llama3.1-8B,LoRA-v2,8920,1.2764937388193203,1.2959,3.553180419095975e-05,trainer_state_llama3.1v2.json
Llama3.1-8B · LoRA-v2,Llama3.1-8B,LoRA-v2,8930,1.2779248658318425,1.2424,3.549403561917948e-05,trainer_state_llama3.1v2.json
Llama3.1-8B · LoRA-v2,Llama3.1-8B,LoRA-v2,8940,1.279355992844365,1.2777,3.545623795118535e-05,trainer_state_llama3.1v2.json
Llama3.1-8B · LoRA-v2,Llama3.1-8B,LoRA-v2,8950,1.2807871198568872,1.2083,3.5418411291776805e-05,trainer_state_llama3.1v2.json
Llama3.1-8B · LoRA-v2,Llama3.1-8B,LoRA-v2,8960,1.2822182468694097,1.3251,3.5380555745833654e-05,trainer_state_llama3.1v2.json
Llama3.1-8B · LoRA-v2,Llama3.1-8B,LoRA-v2,8970,1.2836493738819321,1.3058,3.5342671418315824e-05,trainer_state_llama3.1v2.json
Llama3.1-8B · LoRA-v2,Llama3.1-8B,LoRA-v2,8980,1.2850805008944544,1.277,3.5304758414263025e-05,trainer_state_llama3.1v2.json
Llama3.1-8B · LoRA-v2,Llama3.1-8B,LoRA-v2,8990,1.2865116279069768,1.2648,3.526681683879448e-05,trainer_state_llama3.1v2.json
Llama3.1-8B · LoRA-v2,Llama3.1-8B,LoRA-v2,9000,1.287942754919499,1.2791,3.522884679710861e-05,trainer_state_llama3.1v2.json
Llama3.1-8B · LoRA-v2,Llama3.1-8B,LoRA-v2,9010,1.2893738819320215,1.2288,3.519084839448282e-05,trainer_state_llama3.1v2.json
Llama3.1-8B · LoRA-v2,Llama3.1-8B,LoRA-v2,9020,1.2908050089445438,1.2967,3.515282173627309e-05,trainer_state_llama3.1v2.json
Llama3.1-8B · LoRA-v2,Llama3.1-8B,LoRA-v2,9030,1.2922361359570662,1.415,3.5114766927913764e-05,trainer_state_llama3.1v2.json
Llama3.1-8B · LoRA-v2,Llama3.1-8B,LoRA-v2,9040,1.2936672629695884,1.3088,3.5076684074917244e-05,trainer_state_llama3.1v2.json
Llama3.1-8B · LoRA-v2,Llama3.1-8B,LoRA-v2,9050,1.295098389982111,1.1917,3.503857328287369e-05,trainer_state_llama3.1v2.json
Llama3.1-8B · LoRA-v2,Llama3.1-8B,LoRA-v2,9060,1.2965295169946334,1.4213,3.500043465745071e-05,trainer_state_llama3.1v2.json
Llama3.1-8B · LoRA-v2,Llama3.1-8B,LoRA-v2,9070,1.2979606440071556,1.3481,3.49622683043931e-05,trainer_state_llama3.1v2.json
Llama3.1-8B · LoRA-v2,Llama3.1-8B,LoRA-v2,9080,1.299391771019678,1.1729,3.4924074329522524e-05,trainer_state_llama3.1v2.json
Llama3.1-8B · LoRA-v2,Llama3.1-8B,LoRA-v2,9090,1.3008228980322003,1.3036,3.488585283873726e-05,trainer_state_llama3.1v2.json
Llama3.1-8B · LoRA-v2,Llama3.1-8B,LoRA-v2,9100,1.3022540250447228,1.3431,3.4847603938011824e-05,trainer_state_llama3.1v2.json
Llama3.1-8B · LoRA-v2,Llama3.1-8B,LoRA-v2,9110,1.303685152057245,1.3336,3.480932773339678e-05,trainer_state_llama3.1v2.json
Llama3.1-8B · LoRA-v2,Llama3.1-8B,LoRA-v2,9120,1.3051162790697675,1.297,3.4771024331018364e-05,trainer_state_llama3.1v2.json
Llama3.1-8B · LoRA-v2,Llama3.1-8B,LoRA-v2,9130,1.3065474060822897,1.3968,3.4732693837078245e-05,trainer_state_llama3.1v2.json
Llama3.1-8B · LoRA-v2,Llama3.1-8B,LoRA-v2,9140,1.3079785330948122,1.2158,3.469433635785319e-05,trainer_state_llama3.1v2.json
Llama3.1-8B · LoRA-v2,Llama3.1-8B,LoRA-v2,9150,1.3094096601073346,1.2964,3.46559519996948e-05,trainer_state_llama3.1v2.json
Llama3.1-8B · LoRA-v2,Llama3.1-8B,LoRA-v2,9160,1.3108407871198569,1.3576,3.461754086902919e-05,trainer_state_llama3.1v2.json
Llama3.1-8B · LoRA-v2,Llama3.1-8B,LoRA-v2,9170,1.3122719141323793,1.2667,3.4579103072356716e-05,trainer_state_llama3.1v2.json
Llama3.1-8B · LoRA-v2,Llama3.1-8B,LoRA-v2,9180,1.3137030411449016,1.3161,3.454063871625165e-05,trainer_state_llama3.1v2.json
Llama3.1-8B · LoRA-v2,Llama3.1-8B,LoRA-v2,9190,1.315134168157424,1.4002,3.450214790736194e-05,trainer_state_llama3.1v2.json
Llama3.1-8B · LoRA-v2,Llama3.1-8B,LoRA-v2,9200,1.3165652951699465,1.289,3.446363075240884e-05,trainer_state_llama3.1v2.json
Llama3.1-8B · LoRA-v2,Llama3.1-8B,LoRA-v2,9210,1.3179964221824687,1.3602,3.442508735818667e-05,trainer_state_llama3.1v2.json
Llama3.1-8B · LoRA-v2,Llama3.1-8B,LoRA-v2,9220,1.319427549194991,1.3458,3.4386517831562494e-05,trainer_state_llama3.1v2.json
Llama3.1-8B · LoRA-v2,Llama3.1-8B,LoRA-v2,9230,1.3208586762075134,1.3766,3.4347922279475855e-05,trainer_state_llama3.1v2.json
Llama3.1-8B · LoRA-v2,Llama3.1-8B,LoRA-v2,9240,1.3222898032200359,1.4025,3.430930080893842e-05,trainer_state_llama3.1v2.json
Llama3.1-8B · LoRA-v2,Llama3.1-8B,LoRA-v2,9250,1.323720930232558,1.2595,3.4270653527033754e-05,trainer_state_llama3.1v2.json
Llama3.1-8B · LoRA-v2,Llama3.1-8B,LoRA-v2,9260,1.3251520572450806,1.1958,3.423198054091695e-05,trainer_state_llama3.1v2.json
Llama3.1-8B · LoRA-v2,Llama3.1-8B,LoRA-v2,9270,1.3265831842576028,1.2909,3.419328195781442e-05,trainer_state_llama3.1v2.json
Llama3.1-8B · LoRA-v2,Llama3.1-8B,LoRA-v2,9280,1.3280143112701253,1.2438,3.415455788502349e-05,trainer_state_llama3.1v2.json
Llama3.1-8B · LoRA-v2,Llama3.1-8B,LoRA-v2,9290,1.3294454382826477,1.3665,3.41158084299122e-05,trainer_state_llama3.1v2.json
Llama3.1-8B · LoRA-v2,Llama3.1-8B,LoRA-v2,9300,1.33087656529517,1.44,3.4077033699918946e-05,trainer_state_llama3.1v2.json
Llama3.1-8B · LoRA-v2,Llama3.1-8B,LoRA-v2,9310,1.3323076923076922,1.4784,3.403823380255223e-05,trainer_state_llama3.1v2.json
Llama3.1-8B · LoRA-v2,Llama3.1-8B,LoRA-v2,9320,1.3337388193202147,1.3438,3.3999408845390286e-05,trainer_state_llama3.1v2.json
Llama3.1-8B · LoRA-v2,Llama3.1-8B,LoRA-v2,9330,1.3351699463327371,1.3166,3.396055893608087e-05,trainer_state_llama3.1v2.json
Llama3.1-8B · LoRA-v2,Llama3.1-8B,LoRA-v2,9340,1.3366010733452593,1.2668,3.392168418234091e-05,trainer_state_llama3.1v2.json
Llama3.1-8B · LoRA-v2,Llama3.1-8B,LoRA-v2,9350,1.3380322003577818,1.2821,3.388278469195623e-05,trainer_state_llama3.1v2.json
Llama3.1-8B · LoRA-v2,Llama3.1-8B,LoRA-v2,9360,1.339463327370304,1.3634,3.3843860572781196e-05,trainer_state_llama3.1v2.json
Llama3.1-8B · LoRA-v2,Llama3.1-8B,LoRA-v2,9370,1.3408944543828265,1.3559,3.3804911932738515e-05,trainer_state_llama3.1v2.json
Llama3.1-8B · LoRA-v2,Llama3.1-8B,LoRA-v2,9380,1.342325581395349,1.339,3.376593887981887e-05,trainer_state_llama3.1v2.json
Llama3.1-8B · LoRA-v2,Llama3.1-8B,LoRA-v2,9390,1.3437567084078712,1.2966,3.372694152208059e-05,trainer_state_llama3.1v2.json
Llama3.1-8B · LoRA-v2,Llama3.1-8B,LoRA-v2,9400,1.3451878354203934,1.3352,3.368791996764945e-05,trainer_state_llama3.1v2.json
Llama3.1-8B · LoRA-v2,Llama3.1-8B,LoRA-v2,9410,1.346618962432916,1.2906,3.364887432471827e-05,trainer_state_llama3.1v2.json
Llama3.1-8B · LoRA-v2,Llama3.1-8B,LoRA-v2,9420,1.3480500894454384,1.3076,3.360980470154669e-05,trainer_state_llama3.1v2.json
Llama3.1-8B · LoRA-v2,Llama3.1-8B,LoRA-v2,9430,1.3494812164579606,1.4082,3.357071120646082e-05,trainer_state_llama3.1v2.json
Llama3.1-8B · LoRA-v2,Llama3.1-8B,LoRA-v2,9440,1.350912343470483,1.3855,3.3531593947852965e-05,trainer_state_llama3.1v2.json
Llama3.1-8B · LoRA-v2,Llama3.1-8B,LoRA-v2,9450,1.3523434704830053,1.3098,3.349245303418132e-05,trainer_state_llama3.1v2.json
Llama3.1-8B · LoRA-v2,Llama3.1-8B,LoRA-v2,9460,1.3537745974955278,1.2526,3.345328857396965e-05,trainer_state_llama3.1v2.json
Llama3.1-8B · LoRA-v2,Llama3.1-8B,LoRA-v2,9470,1.3552057245080502,1.2808,3.341410067580703e-05,trainer_state_llama3.1v2.json
Llama3.1-8B · LoRA-v2,Llama3.1-8B,LoRA-v2,9480,1.3566368515205725,1.4059,3.33748894483475e-05,trainer_state_llama3.1v2.json
Llama3.1-8B · LoRA-v2,Llama3.1-8B,LoRA-v2,9490,1.3580679785330947,1.1782,3.3335655000309814e-05,trainer_state_llama3.1v2.json
Llama3.1-8B · LoRA-v2,Llama3.1-8B,LoRA-v2,9500,1.3594991055456171,1.389,3.329639744047706e-05,trainer_state_llama3.1v2.json
Llama3.1-8B · LoRA-v2,Llama3.1-8B,LoRA-v2,9510,1.3609302325581396,1.2914,3.325711687769646e-05,trainer_state_llama3.1v2.json
Llama3.1-8B · LoRA-v2,Llama3.1-8B,LoRA-v2,9520,1.3623613595706618,1.298,3.321781342087897e-05,trainer_state_llama3.1v2.json
Llama3.1-8B · LoRA-v2,Llama3.1-8B,LoRA-v2,9530,1.3637924865831843,1.3519,3.317848717899906e-05,trainer_state_llama3.1v2.json
Llama3.1-8B · LoRA-v2,Llama3.1-8B,LoRA-v2,9540,1.3652236135957065,1.3041,3.3139138261094335e-05,trainer_state_llama3.1v2.json
Llama3.1-8B · LoRA-v2,Llama3.1-8B,LoRA-v2,9550,1.366654740608229,1.2989,3.3099766776265314e-05,trainer_state_llama3.1v2.json
Llama3.1-8B · LoRA-v2,Llama3.1-8B,LoRA-v2,9560,1.3680858676207515,1.3057,3.306037283367506e-05,trainer_state_llama3.1v2.json
Llama3.1-8B · LoRA-v2,Llama3.1-8B,LoRA-v2,9570,1.3695169946332737,1.4022,3.302095654254891e-05,trainer_state_llama3.1v2.json
Llama3.1-8B · LoRA-v2,Llama3.1-8B,LoRA-v2,9580,1.370948121645796,1.357,3.298151801217416e-05,trainer_state_llama3.1v2.json
Llama3.1-8B · LoRA-v2,Llama3.1-8B,LoRA-v2,9590,1.3723792486583184,1.2124,3.2942057351899784e-05,trainer_state_llama3.1v2.json
Llama3.1-8B · LoRA-v2,Llama3.1-8B,LoRA-v2,9600,1.3738103756708409,1.2868,3.29025746711361e-05,trainer_state_llama3.1v2.json
Llama3.1-8B · LoRA-v2,Llama3.1-8B,LoRA-v2,9610,1.375241502683363,1.328,3.286307007935448e-05,trainer_state_llama3.1v2.json
Llama3.1-8B · LoRA-v2,Llama3.1-8B,LoRA-v2,9620,1.3766726296958856,1.3927,3.282354368608706e-05,trainer_state_llama3.1v2.json
Llama3.1-8B · LoRA-v2,Llama3.1-8B,LoRA-v2,9630,1.3781037567084078,1.2542,3.2783995600926396e-05,trainer_state_llama3.1v2.json
Llama3.1-8B · LoRA-v2,Llama3.1-8B,LoRA-v2,9640,1.3795348837209302,1.294,3.2744425933525236e-05,trainer_state_llama3.1v2.json
Llama3.1-8B · LoRA-v2,Llama3.1-8B,LoRA-v2,9650,1.3809660107334527,1.4171,3.270483479359612e-05,trainer_state_llama3.1v2.json
Llama3.1-8B · LoRA-v2,Llama3.1-8B,LoRA-v2,9660,1.382397137745975,1.2249,3.266522229091115e-05,trainer_state_llama3.1v2.json
Llama3.1-8B · LoRA-v2,Llama3.1-8B,LoRA-v2,9670,1.3838282647584972,1.3839,3.262558853530164e-05,trainer_state_llama3.1v2.json
Llama3.1-8B · LoRA-v2,Llama3.1-8B,LoRA-v2,9680,1.3852593917710196,1.3941,3.258593363665786e-05,trainer_state_llama3.1v2.json
Llama3.1-8B · LoRA-v2,Llama3.1-8B,LoRA-v2,9690,1.386690518783542,1.4488,3.254625770492868e-05,trainer_state_llama3.1v2.json
Llama3.1-8B · LoRA-v2,Llama3.1-8B,LoRA-v2,9700,1.3881216457960643,1.379,3.250656085012128e-05,trainer_state_llama3.1v2.json
Llama3.1-8B · LoRA-v2,Llama3.1-8B,LoRA-v2,9710,1.3895527728085868,1.2712,3.2466843182300894e-05,trainer_state_llama3.1v2.json
Llama3.1-8B · LoRA-v2,Llama3.1-8B,LoRA-v2,9720,1.390983899821109,1.3347,3.2427104811590396e-05,trainer_state_llama3.1v2.json
Llama3.1-8B · LoRA-v2,Llama3.1-8B,LoRA-v2,9730,1.3924150268336315,1.2262,3.238734584817012e-05,trainer_state_llama3.1v2.json
Llama3.1-8B · LoRA-v2,Llama3.1-8B,LoRA-v2,9740,1.393846153846154,1.3551,3.234756640227748e-05,trainer_state_llama3.1v2.json
Llama3.1-8B · LoRA-v2,Llama3.1-8B,LoRA-v2,9750,1.3952772808586762,1.4019,3.230776658420667e-05,trainer_state_llama3.1v2.json
Llama3.1-8B · LoRA-v2,Llama3.1-8B,LoRA-v2,9760,1.3967084078711984,1.4067,3.226794650430837e-05,trainer_state_llama3.1v2.json
Llama3.1-8B · LoRA-v2,Llama3.1-8B,LoRA-v2,9770,1.398139534883721,1.379,3.222810627298945e-05,trainer_state_llama3.1v2.json
Llama3.1-8B · LoRA-v2,Llama3.1-8B,LoRA-v2,9780,1.3995706618962434,1.3132,3.218824600071264e-05,trainer_state_llama3.1v2.json
Llama3.1-8B · LoRA-v2,Llama3.1-8B,LoRA-v2,9790,1.4010017889087656,1.3549,3.214836579799626e-05,trainer_state_llama3.1v2.json
Llama3.1-8B · LoRA-v2,Llama3.1-8B,LoRA-v2,9800,1.402432915921288,1.422,3.210846577541384e-05,trainer_state_llama3.1v2.json
Llama3.1-8B · LoRA-v2,Llama3.1-8B,LoRA-v2,9810,1.4038640429338103,1.4144,3.206854604359393e-05,trainer_state_llama3.1v2.json
Llama3.1-8B · LoRA-v2,Llama3.1-8B,LoRA-v2,9820,1.4052951699463327,1.3427,3.202860671321968e-05,trainer_state_llama3.1v2.json
Llama3.1-8B · LoRA-v2,Llama3.1-8B,LoRA-v2,9830,1.4067262969588552,1.2958,3.198864789502859e-05,trainer_state_llama3.1v2.json
Llama3.1-8B · LoRA-v2,Llama3.1-8B,LoRA-v2,9840,1.4081574239713774,1.3918,3.1948669699812194e-05,trainer_state_llama3.1v2.json
Llama3.1-8B · LoRA-v2,Llama3.1-8B,LoRA-v2,9850,1.4095885509839,1.4549,3.190867223841576e-05,trainer_state_llama3.1v2.json
Llama3.1-8B · LoRA-v2,Llama3.1-8B,LoRA-v2,9860,1.4110196779964221,1.3477,3.1868655621737964e-05,trainer_state_llama3.1v2.json
Llama3.1-8B · LoRA-v2,Llama3.1-8B,LoRA-v2,9870,1.4124508050089446,1.3167,3.1828619960730594e-05,trainer_state_llama3.1v2.json
Llama3.1-8B · LoRA-v2,Llama3.1-8B,LoRA-v2,9880,1.4138819320214668,1.2858,3.1788565366398244e-05,trainer_state_llama3.1v2.json
Llama3.1-8B · LoRA-v2,Llama3.1-8B,LoRA-v2,9890,1.4153130590339893,1.3829,3.1748491949798005e-05,trainer_state_llama3.1v2.json
Llama3.1-8B · LoRA-v2,Llama3.1-8B,LoRA-v2,9900,1.4167441860465115,1.3638,3.1708399822039146e-05,trainer_state_llama3.1v2.json
Llama3.1-8B · LoRA-v2,Llama3.1-8B,LoRA-v2,9910,1.418175313059034,1.3481,3.166828909428284e-05,trainer_state_llama3.1v2.json
Llama3.1-8B · LoRA-v2,Llama3.1-8B,LoRA-v2,9920,1.4196064400715565,1.3624,3.1628159877741786e-05,trainer_state_llama3.1v2.json
Llama3.1-8B · LoRA-v2,Llama3.1-8B,LoRA-v2,9930,1.4210375670840787,1.3914,3.1588012283680004e-05,trainer_state_llama3.1v2.json
Llama3.1-8B · LoRA-v2,Llama3.1-8B,LoRA-v2,9940,1.4224686940966011,1.4115,3.1547846423412406e-05,trainer_state_llama3.1v2.json
Llama3.1-8B · LoRA-v2,Llama3.1-8B,LoRA-v2,9950,1.4238998211091234,1.3714,3.150766240830461e-05,trainer_state_llama3.1v2.json
Llama3.1-8B · LoRA-v2,Llama3.1-8B,LoRA-v2,9960,1.4253309481216458,1.4335,3.1467460349772525e-05,trainer_state_llama3.1v2.json
Llama3.1-8B · LoRA-v2,Llama3.1-8B,LoRA-v2,9970,1.426762075134168,1.2955,3.142724035928211e-05,trainer_state_llama3.1v2.json
Llama3.1-8B · LoRA-v2,Llama3.1-8B,LoRA-v2,9980,1.4281932021466905,1.2464,3.138700254834904e-05,trainer_state_llama3.1v2.json
Llama3.1-8B · LoRA-v2,Llama3.1-8B,LoRA-v2,9990,1.4296243291592128,1.3281,3.1346747028538394e-05,trainer_state_llama3.1v2.json
Llama3.1-8B · LoRA-v2,Llama3.1-8B,LoRA-v2,10000,1.4310554561717352,1.4335,3.130647391146435e-05,trainer_state_llama3.1v2.json
Llama3.1-8B · LoRA-v2,Llama3.1-8B,LoRA-v2,10010,1.4324865831842577,1.409,3.1266183308789895e-05,trainer_state_llama3.1v2.json
Llama3.1-8B · LoRA-v2,Llama3.1-8B,LoRA-v2,10020,1.43391771019678,1.4016,3.122587533222647e-05,trainer_state_llama3.1v2.json
Llama3.1-8B · LoRA-v2,Llama3.1-8B,LoRA-v2,10030,1.4353488372093024,1.3741,3.118555009353371e-05,trainer_state_llama3.1v2.json
Llama3.1-8B · LoRA-v2,Llama3.1-8B,LoRA-v2,10040,1.4367799642218246,1.3631,3.114520770451911e-05,trainer_state_llama3.1v2.json
Llama3.1-8B · LoRA-v2,Llama3.1-8B,LoRA-v2,10050,1.438211091234347,1.4038,3.110484827703771e-05,trainer_state_llama3.1v2.json
Llama3.1-8B · LoRA-v2,Llama3.1-8B,LoRA-v2,10060,1.4396422182468693,1.3111,3.106447192299177e-05,trainer_state_llama3.1v2.json
Llama3.1-8B · LoRA-v2,Llama3.1-8B,LoRA-v2,10070,1.4410733452593918,1.3732,3.102407875433053e-05,trainer_state_llama3.1v2.json
Llama3.1-8B · LoRA-v2,Llama3.1-8B,LoRA-v2,10080,1.442504472271914,1.2893,3.098366888304981e-05,trainer_state_llama3.1v2.json
Llama3.1-8B · LoRA-v2,Llama3.1-8B,LoRA-v2,10090,1.4439355992844365,1.4106,3.094324242119176e-05,trainer_state_llama3.1v2.json
Llama3.1-8B · LoRA-v2,Llama3.1-8B,LoRA-v2,10100,1.445366726296959,1.3859,3.090279948084451e-05,trainer_state_llama3.1v2.json
Llama3.1-8B · LoRA-v2,Llama3.1-8B,LoRA-v2,10110,1.4467978533094812,1.3269,3.0862340174141924e-05,trainer_state_llama3.1v2.json
Llama3.1-8B · LoRA-v2,Llama3.1-8B,LoRA-v2,10120,1.4482289803220036,1.2465,3.082186461326318e-05,trainer_state_llama3.1v2.json
Llama3.1-8B · LoRA-v2,Llama3.1-8B,LoRA-v2,10130,1.4496601073345259,1.3065,3.078137291043259e-05,trainer_state_llama3.1v2.json
Llama3.1-8B · LoRA-v2,Llama3.1-8B,LoRA-v2,10140,1.4510912343470483,1.3805,3.074086517791915e-05,trainer_state_llama3.1v2.json
Llama3.1-8B · LoRA-v2,Llama3.1-8B,LoRA-v2,10150,1.4525223613595706,1.2015,3.0700341528036375e-05,trainer_state_llama3.1v2.json
Llama3.1-8B · LoRA-v2,Llama3.1-8B,LoRA-v2,10160,1.453953488372093,1.3664,3.0659802073141843e-05,trainer_state_llama3.1v2.json
Llama3.1-8B · LoRA-v2,Llama3.1-8B,LoRA-v2,10170,1.4553846153846153,1.3192,3.061924692563702e-05,trainer_state_llama3.1v2.json
Llama3.1-8B · LoRA-v2,Llama3.1-8B,LoRA-v2,10180,1.4568157423971377,1.3977,3.0578676197966826e-05,trainer_state_llama3.1v2.json
Llama3.1-8B · LoRA-v2,Llama3.1-8B,LoRA-v2,10190,1.4582468694096602,1.2688,3.053809000261942e-05,trainer_state_llama3.1v2.json
Llama3.1-8B · LoRA-v2,Llama3.1-8B,LoRA-v2,10200,1.4596779964221824,1.3114,3.0497488452125822e-05,trainer_state_llama3.1v2.json
Llama3.1-8B · LoRA-v2,Llama3.1-8B,LoRA-v2,10210,1.461109123434705,1.3748,3.0456871659059633e-05,trainer_state_llama3.1v2.json
Llama3.1-8B · LoRA-v2,Llama3.1-8B,LoRA-v2,10220,1.4625402504472271,1.2078,3.041623973603672e-05,trainer_state_llama3.1v2.json
Llama3.1-8B · LoRA-v2,Llama3.1-8B,LoRA-v2,10230,1.4639713774597496,1.1663,3.0375592795714896e-05,trainer_state_llama3.1v2.json
Llama3.1-8B · LoRA-v2,Llama3.1-8B,LoRA-v2,10240,1.465402504472272,1.3722,3.0334930950793618e-05,trainer_state_llama3.1v2.json
Llama3.1-8B · LoRA-v2,Llama3.1-8B,LoRA-v2,10250,1.4668336314847943,1.2236,3.029425431401366e-05,trainer_state_llama3.1v2.json
Llama3.1-8B · LoRA-v2,Llama3.1-8B,LoRA-v2,10260,1.4682647584973165,1.2557,3.025356299815681e-05,trainer_state_llama3.1v2.json
Llama3.1-8B · LoRA-v2,Llama3.1-8B,LoRA-v2,10270,1.469695885509839,1.3904,3.0212857116045566e-05,trainer_state_llama3.1v2.json
Llama3.1-8B · LoRA-v2,Llama3.1-8B,LoRA-v2,10280,1.4711270125223614,1.4617,3.01721367805428e-05,trainer_state_llama3.1v2.json
Llama3.1-8B · LoRA-v2,Llama3.1-8B,LoRA-v2,10290,1.4725581395348837,1.2487,3.013140210455146e-05,trainer_state_llama3.1v2.json
Llama3.1-8B · LoRA-v2,Llama3.1-8B,LoRA-v2,10300,1.4739892665474061,1.4303,3.0090653201014262e-05,trainer_state_llama3.1v2.json
Llama3.1-8B · LoRA-v2,Llama3.1-8B,LoRA-v2,10310,1.4754203935599284,1.3758,3.0049890182913364e-05,trainer_state_llama3.1v2.json
Llama3.1-8B · LoRA-v2,Llama3.1-8B,LoRA-v2,10320,1.4768515205724508,1.3343,3.0009113163270065e-05,trainer_state_llama3.1v2.json
Llama3.1-8B · LoRA-v2,Llama3.1-8B,LoRA-v2,10330,1.4782826475849733,1.414,2.9968322255144477e-05,trainer_state_llama3.1v2.json
Llama3.1-8B · LoRA-v2,Llama3.1-8B,LoRA-v2,10340,1.4797137745974955,1.3172,2.9927517571635222e-05,trainer_state_llama3.1v2.json
Llama3.1-8B · LoRA-v2,Llama3.1-8B,LoRA-v2,10350,1.4811449016100178,1.4353,2.9886699225879123e-05,trainer_state_llama3.1v2.json
Llama3.1-8B · LoRA-v2,Llama3.1-8B,LoRA-v2,10360,1.4825760286225402,1.343,2.9845867331050876e-05,trainer_state_llama3.1v2.json
Llama3.1-8B · LoRA-v2,Llama3.1-8B,LoRA-v2,10370,1.4840071556350627,1.4367,2.9805022000362747e-05,trainer_state_llama3.1v2.json
Llama3.1-8B · LoRA-v2,Llama3.1-8B,LoRA-v2,10380,1.485438282647585,1.2681,2.976416334706425e-05,trainer_state_llama3.1v2.json
Llama3.1-8B · LoRA-v2,Llama3.1-8B,LoRA-v2,10390,1.4868694096601074,1.2739,2.9723291484441852e-05,trainer_state_llama3.1v2.json
Llama3.1-8B · LoRA-v2,Llama3.1-8B,LoRA-v2,10400,1.4883005366726296,1.4506,2.9682406525818618e-05,trainer_state_llama3.1v2.json
Llama3.1-8B · LoRA-v2,Llama3.1-8B,LoRA-v2,10410,1.489731663685152,1.3278,2.9641508584553963e-05,trainer_state_llama3.1v2.json
Llama3.1-8B · LoRA-v2,Llama3.1-8B,LoRA-v2,10420,1.4911627906976745,1.3135,2.9600597774043255e-05,trainer_state_llama3.1v2.json
Llama3.1-8B · LoRA-v2,Llama3.1-8B,LoRA-v2,10430,1.4925939177101968,1.3948,2.9559674207717568e-05,trainer_state_llama3.1v2.json
Llama3.1-8B · LoRA-v2,Llama3.1-8B,LoRA-v2,10440,1.494025044722719,1.4645,2.951873799904335e-05,trainer_state_llama3.1v2.json
Llama3.1-8B · LoRA-v2,Llama3.1-8B,LoRA-v2,10450,1.4954561717352415,1.3476,2.9477789261522087e-05,trainer_state_llama3.1v2.json
Llama3.1-8B · LoRA-v2,Llama3.1-8B,LoRA-v2,10460,1.496887298747764,1.3456,2.9436828108689996e-05,trainer_state_llama3.1v2.json
Llama3.1-8B · LoRA-v2,Llama3.1-8B,LoRA-v2,10470,1.4983184257602862,1.2947,2.939585465411775e-05,trainer_state_llama3.1v2.json
Llama3.1-8B · LoRA-v2,Llama3.1-8B,LoRA-v2,10480,1.4997495527728086,1.2872,2.935486901141008e-05,trainer_state_llama3.1v2.json
Llama3.1-8B · LoRA-v2,Llama3.1-8B,LoRA-v2,10490,1.5011806797853309,1.3252,2.9313871294205576e-05,trainer_state_llama3.1v2.json
Llama3.1-8B · LoRA-v2,Llama3.1-8B,LoRA-v2,10500,1.5026118067978533,1.3017,2.9272861616176234e-05,trainer_state_llama3.1v2.json
Llama3.1-8B · LoRA-v2,Llama3.1-8B,LoRA-v2,10510,1.5040429338103758,1.3649,2.923184009102727e-05,trainer_state_llama3.1v2.json
Llama3.1-8B · LoRA-v2,Llama3.1-8B,LoRA-v2,10520,1.505474060822898,1.3255,2.9190806832496718e-05,trainer_state_llama3.1v2.json
Llama3.1-8B · LoRA-v2,Llama3.1-8B,LoRA-v2,10530,1.5069051878354203,1.2853,2.914976195435516e-05,trainer_state_llama3.1v2.json
Llama3.1-8B · LoRA-v2,Llama3.1-8B,LoRA-v2,10540,1.5083363148479427,1.236,2.9108705570405375e-05,trainer_state_llama3.1v2.json
Llama3.1-8B · LoRA-v2,Llama3.1-8B,LoRA-v2,10550,1.5097674418604652,1.3597,2.9067637794482072e-05,trainer_state_llama3.1v2.json
Llama3.1-8B · LoRA-v2,Llama3.1-8B,LoRA-v2,10560,1.5111985688729874,1.2975,2.902655874045152e-05,trainer_state_llama3.1v2.json
Llama3.1-8B · LoRA-v2,Llama3.1-8B,LoRA-v2,10570,1.5126296958855099,1.2877,2.8985468522211273e-05,trainer_state_llama3.1v2.json
Llama3.1-8B · LoRA-v2,Llama3.1-8B,LoRA-v2,10580,1.5140608228980321,1.2755,2.894436725368983e-05,trainer_state_llama3.1v2.json
Llama3.1-8B · LoRA-v2,Llama3.1-8B,LoRA-v2,10590,1.5154919499105546,1.4483,2.890325504884634e-05,trainer_state_llama3.1v2.json
Llama3.1-8B · LoRA-v2,Llama3.1-8B,LoRA-v2,10600,1.516923076923077,1.2917,2.8862132021670264e-05,trainer_state_llama3.1v2.json
Llama3.1-8B · LoRA-v2,Llama3.1-8B,LoRA-v2,10610,1.5183542039355993,1.3648,2.882099828618107e-05,trainer_state_llama3.1v2.json
Llama3.1-8B · LoRA-v2,Llama3.1-8B,LoRA-v2,10620,1.5197853309481215,1.2812,2.877985395642792e-05,trainer_state_llama3.1v2.json
Llama3.1-8B · LoRA-v2,Llama3.1-8B,LoRA-v2,10630,1.521216457960644,1.3645,2.8738699146489368e-05,trainer_state_llama3.1v2.json
Llama3.1-8B · LoRA-v2,Llama3.1-8B,LoRA-v2,10640,1.5226475849731664,1.4097,2.8697533970472978e-05,trainer_state_llama3.1v2.json
Llama3.1-8B · LoRA-v2,Llama3.1-8B,LoRA-v2,10650,1.524078711985689,1.3098,2.8656358542515107e-05,trainer_state_llama3.1v2.json
Llama3.1-8B · LoRA-v2,Llama3.1-8B,LoRA-v2,10660,1.5255098389982111,1.202,2.8615172976780502e-05,trainer_state_llama3.1v2.json
Llama3.1-8B · LoRA-v2,Llama3.1-8B,LoRA-v2,10670,1.5269409660107334,1.4181,2.8573977387462047e-05,trainer_state_llama3.1v2.json
Llama3.1-8B · LoRA-v2,Llama3.1-8B,LoRA-v2,10680,1.5283720930232558,1.3268,2.853277188878038e-05,trainer_state_llama3.1v2.json
Llama3.1-8B · LoRA-v2,Llama3.1-8B,LoRA-v2,10690,1.5298032200357783,1.3282,2.8491556594983653e-05,trainer_state_llama3.1v2.json
Llama3.1-8B · LoRA-v2,Llama3.1-8B,LoRA-v2,10700,1.5312343470483005,1.377,2.8450331620347153e-05,trainer_state_llama3.1v2.json
Llama3.1-8B · LoRA-v2,Llama3.1-8B,LoRA-v2,10710,1.5326654740608228,1.3341,2.840909707917303e-05,trainer_state_llama3.1v2.json
Llama3.1-8B · LoRA-v2,Llama3.1-8B,LoRA-v2,10720,1.5340966010733452,1.3749,2.836785308578992e-05,trainer_state_llama3.1v2.json
Llama3.1-8B · LoRA-v2,Llama3.1-8B,LoRA-v2,10730,1.5355277280858677,1.4595,2.8326599754552702e-05,trainer_state_llama3.1v2.json
Llama3.1-8B · LoRA-v2,Llama3.1-8B,LoRA-v2,10740,1.5369588550983901,1.3101,2.8285337199842136e-05,trainer_state_llama3.1v2.json
Llama3.1-8B · LoRA-v2,Llama3.1-8B,LoRA-v2,10750,1.5383899821109124,1.2132,2.824406553606455e-05,trainer_state_llama3.1v2.json
Llama3.1-8B · LoRA-v2,Llama3.1-8B,LoRA-v2,10760,1.5398211091234346,1.2105,2.8202784877651528e-05,trainer_state_llama3.1v2.json
Llama3.1-8B · LoRA-v2,Llama3.1-8B,LoRA-v2,10770,1.541252236135957,1.3941,2.8161495339059605e-05,trainer_state_llama3.1v2.json
Llama3.1-8B · LoRA-v2,Llama3.1-8B,LoRA-v2,10780,1.5426833631484795,1.3651,2.812019703476993e-05,trainer_state_llama3.1v2.json
Llama3.1-8B · LoRA-v2,Llama3.1-8B,LoRA-v2,10790,1.5441144901610018,1.3047,2.8078890079287945e-05,trainer_state_llama3.1v2.json
Llama3.1-8B · LoRA-v2,Llama3.1-8B,LoRA-v2,10800,1.545545617173524,1.3031,2.803757458714309e-05,trainer_state_llama3.1v2.json
Llama3.1-8B · LoRA-v2,Llama3.1-8B,LoRA-v2,10810,1.5469767441860465,1.3243,2.799625067288848e-05,trainer_state_llama3.1v2.json
Llama3.1-8B · LoRA-v2,Llama3.1-8B,LoRA-v2,10820,1.548407871198569,1.2771,2.7954918451100574e-05,trainer_state_llama3.1v2.json
Llama3.1-8B · LoRA-v2,Llama3.1-8B,LoRA-v2,10830,1.5498389982110914,1.3919,2.7913578036378862e-05,trainer_state_llama3.1v2.json
Llama3.1-8B · LoRA-v2,Llama3.1-8B,LoRA-v2,10840,1.5512701252236136,1.2381,2.7872229543345547e-05,trainer_state_llama3.1v2.json
Llama3.1-8B · LoRA-v2,Llama3.1-8B,LoRA-v2,10850,1.5527012522361359,1.3257,2.7830873086645254e-05,trainer_state_llama3.1v2.json
Llama3.1-8B · LoRA-v2,Llama3.1-8B,LoRA-v2,10860,1.5541323792486583,1.3962,2.7789508780944652e-05,trainer_state_llama3.1v2.json
Llama3.1-8B · LoRA-v2,Llama3.1-8B,LoRA-v2,10870,1.5555635062611808,1.2559,2.7748136740932206e-05,trainer_state_llama3.1v2.json
Llama3.1-8B · LoRA-v2,Llama3.1-8B,LoRA-v2,10880,1.556994633273703,1.3288,2.77067570813178e-05,trainer_state_llama3.1v2.json
Llama3.1-8B · LoRA-v2,Llama3.1-8B,LoRA-v2,10890,1.5584257602862253,1.4241,2.7665369916832467e-05,trainer_state_llama3.1v2.json
Llama3.1-8B · LoRA-v2,Llama3.1-8B,LoRA-v2,10900,1.5598568872987477,1.3561,2.7623975362228022e-05,trainer_state_llama3.1v2.json
Llama3.1-8B · LoRA-v2,Llama3.1-8B,LoRA-v2,10910,1.5612880143112702,1.3682,2.7582573532276797e-05,trainer_state_llama3.1v2.json
Llama3.1-8B · LoRA-v2,Llama3.1-8B,LoRA-v2,10920,1.5627191413237926,1.3075,2.7541164541771273e-05,trainer_state_llama3.1v2.json
Llama3.1-8B · LoRA-v2,Llama3.1-8B,LoRA-v2,10930,1.5641502683363149,1.3242,2.749974850552382e-05,trainer_state_llama3.1v2.json
Llama3.1-8B · LoRA-v2,Llama3.1-8B,LoRA-v2,10940,1.5655813953488371,1.3349,2.7458325538366287e-05,trainer_state_llama3.1v2.json
Llama3.1-8B · LoRA-v2,Llama3.1-8B,LoRA-v2,10950,1.5670125223613596,1.2655,2.7416895755149786e-05,trainer_state_llama3.1v2.json
Llama3.1-8B · LoRA-v2,Llama3.1-8B,LoRA-v2,10960,1.568443649373882,1.3411,2.7375459270744314e-05,trainer_state_llama3.1v2.json
Llama3.1-8B · LoRA-v2,Llama3.1-8B,LoRA-v2,10970,1.5698747763864043,1.1917,2.7334016200038455e-05,trainer_state_llama3.1v2.json
Llama3.1-8B · LoRA-v2,Llama3.1-8B,LoRA-v2,10980,1.5713059033989265,1.3566,2.729256665793903e-05,trainer_state_llama3.1v2.json
Llama3.1-8B · LoRA-v2,Llama3.1-8B,LoRA-v2,10990,1.572737030411449,1.3937,2.725111075937083e-05,trainer_state_llama3.1v2.json
Llama3.1-8B · LoRA-v2,Llama3.1-8B,LoRA-v2,11000,1.5741681574239714,1.2886,2.7209648619276263e-05,trainer_state_llama3.1v2.json
Llama3.1-8B · LoRA-v2,Llama3.1-8B,LoRA-v2,11010,1.5755992844364939,1.3332,2.716818035261503e-05,trainer_state_llama3.1v2.json
Llama3.1-8B · LoRA-v2,Llama3.1-8B,LoRA-v2,11020,1.5770304114490161,1.3299,2.7126706074363827e-05,trainer_state_llama3.1v2.json
Llama3.1-8B · LoRA-v2,Llama3.1-8B,LoRA-v2,11030,1.5784615384615384,1.3597,2.708522589951603e-05,trainer_state_llama3.1v2.json
Llama3.1-8B · LoRA-v2,Llama3.1-8B,LoRA-v2,11040,1.5798926654740608,1.4086,2.7043739943081347e-05,trainer_state_llama3.1v2.json
Llama3.1-8B · LoRA-v2,Llama3.1-8B,LoRA-v2,11050,1.5813237924865833,1.4514,2.7002248320085523e-05,trainer_state_llama3.1v2.json
Llama3.1-8B · LoRA-v2,Llama3.1-8B,LoRA-v2,11060,1.5827549194991055,1.3387,2.6960751145570005e-05,trainer_state_llama3.1v2.json
Llama3.1-8B · LoRA-v2,Llama3.1-8B,LoRA-v2,11070,1.5841860465116278,1.3813,2.6919248534591668e-05,trainer_state_llama3.1v2.json
Llama3.1-8B · LoRA-v2,Llama3.1-8B,LoRA-v2,11080,1.5856171735241502,1.3453,2.6877740602222405e-05,trainer_state_llama3.1v2.json
Llama3.1-8B · LoRA-v2,Llama3.1-8B,LoRA-v2,11090,1.5870483005366727,1.1718,2.6836227463548907e-05,trainer_state_llama3.1v2.json
Llama3.1-8B · LoRA-v2,Llama3.1-8B,LoRA-v2,11100,1.5884794275491951,1.3634,2.6794709233672278e-05,trainer_state_llama3.1v2.json
Llama3.1-8B · LoRA-v2,Llama3.1-8B,LoRA-v2,11110,1.5899105545617174,1.3996,2.6753186027707754e-05,trainer_state_llama3.1v2.json
Llama3.1-8B · LoRA-v2,Llama3.1-8B,LoRA-v2,11120,1.5913416815742396,1.4008,2.6711657960784342e-05,trainer_state_llama3.1v2.json
Llama3.1-8B · LoRA-v2,Llama3.1-8B,LoRA-v2,11130,1.592772808586762,1.4239,2.6670125148044567e-05,trainer_state_llama3.1v2.json
Llama3.1-8B · LoRA-v2,Llama3.1-8B,LoRA-v2,11140,1.5942039355992845,1.217,2.6628587704644072e-05,trainer_state_llama3.1v2.json
Llama3.1-8B · LoRA-v2,Llama3.1-8B,LoRA-v2,11150,1.5956350626118068,1.2207,2.6587045745751366e-05,trainer_state_llama3.1v2.json
Llama3.1-8B · LoRA-v2,Llama3.1-8B,LoRA-v2,11160,1.597066189624329,1.2465,2.6545499386547462e-05,trainer_state_llama3.1v2.json
Llama3.1-8B · LoRA-v2,Llama3.1-8B,LoRA-v2,11170,1.5984973166368515,1.2981,2.6503948742225583e-05,trainer_state_llama3.1v2.json
Llama3.1-8B · LoRA-v2,Llama3.1-8B,LoRA-v2,11180,1.599928443649374,1.2133,2.6462393927990825e-05,trainer_state_llama3.1v2.json
Llama3.1-8B · LoRA-v2,Llama3.1-8B,LoRA-v2,11190,1.6013595706618964,1.4161,2.642083505905987e-05,trainer_state_llama3.1v2.json
Llama3.1-8B · LoRA-v2,Llama3.1-8B,LoRA-v2,11200,1.6027906976744186,1.1601,2.637927225066059e-05,trainer_state_llama3.1v2.json
Llama3.1-8B · LoRA-v2,Llama3.1-8B,LoRA-v2,11210,1.6042218246869409,1.4141,2.6337705618031844e-05,trainer_state_llama3.1v2.json
Llama3.1-8B · LoRA-v2,Llama3.1-8B,LoRA-v2,11220,1.6056529516994633,1.295,2.6296135276423046e-05,trainer_state_llama3.1v2.json
Llama3.1-8B · LoRA-v2,Llama3.1-8B,LoRA-v2,11230,1.6070840787119858,1.3349,2.6254561341093914e-05,trainer_state_llama3.1v2.json
Llama3.1-8B · LoRA-v2,Llama3.1-8B,LoRA-v2,11240,1.608515205724508,1.3934,2.621298392731412e-05,trainer_state_llama3.1v2.json
Llama3.1-8B · LoRA-v2,Llama3.1-8B,LoRA-v2,11250,1.6099463327370303,1.2453,2.6171403150363005e-05,trainer_state_llama3.1v2.json
Llama3.1-8B · LoRA-v2,Llama3.1-8B,LoRA-v2,11260,1.6113774597495527,1.2421,2.6129819125529202e-05,trainer_state_llama3.1v2.json
Llama3.1-8B · LoRA-v2,Llama3.1-8B,LoRA-v2,11270,1.6128085867620752,1.2347,2.6088231968110364e-05,trainer_state_llama3.1v2.json
Llama3.1-8B · LoRA-v2,Llama3.1-8B,LoRA-v2,11280,1.6142397137745976,1.2764,2.6046641793412835e-05,trainer_state_llama3.1v2.json
Llama3.1-8B · LoRA-v2,Llama3.1-8B,LoRA-v2,11290,1.6156708407871199,1.35,2.6005048716751325e-05,trainer_state_llama3.1v2.json
Llama3.1-8B · LoRA-v2,Llama3.1-8B,LoRA-v2,11300,1.617101967799642,1.3848,2.5963452853448573e-05,trainer_state_llama3.1v2.json
Llama3.1-8B · LoRA-v2,Llama3.1-8B,LoRA-v2,11310,1.6185330948121646,1.3038,2.592185431883506e-05,trainer_state_llama3.1v2.json
Llama3.1-8B · LoRA-v2,Llama3.1-8B,LoRA-v2,11320,1.619964221824687,1.2783,2.588025322824867e-05,trainer_state_llama3.1v2.json
Llama3.1-8B · LoRA-v2,Llama3.1-8B,LoRA-v2,11330,1.6213953488372093,1.386,2.5838649697034377e-05,trainer_state_llama3.1v2.json
Llama3.1-8B · LoRA-v2,Llama3.1-8B,LoRA-v2,11340,1.6228264758497315,1.2979,2.579704384054391e-05,trainer_state_llama3.1v2.json
Llama3.1-8B · LoRA-v2,Llama3.1-8B,LoRA-v2,11350,1.624257602862254,1.4108,2.5755435774135465e-05,trainer_state_llama3.1v2.json
Llama3.1-8B · LoRA-v2,Llama3.1-8B,LoRA-v2,11360,1.6256887298747764,1.348,2.5713825613173347e-05,trainer_state_llama3.1v2.json
Llama3.1-8B · LoRA-v2,Llama3.1-8B,LoRA-v2,11370,1.6271198568872989,1.4257,2.5672213473027684e-05,trainer_state_llama3.1v2.json
Llama3.1-8B · LoRA-v2,Llama3.1-8B,LoRA-v2,11380,1.6285509838998211,1.1804,2.563059946907406e-05,trainer_state_llama3.1v2.json
Llama3.1-8B · LoRA-v2,Llama3.1-8B,LoRA-v2,11390,1.6299821109123434,1.4381,2.5588983716693278e-05,trainer_state_llama3.1v2.json
Llama3.1-8B · LoRA-v2,Llama3.1-8B,LoRA-v2,11400,1.6314132379248658,1.3342,2.5547366331270932e-05,trainer_state_llama3.1v2.json
Llama3.1-8B · LoRA-v2,Llama3.1-8B,LoRA-v2,11410,1.6328443649373883,1.372,2.550574742819721e-05,trainer_state_llama3.1v2.json
Llama3.1-8B · LoRA-v2,Llama3.1-8B,LoRA-v2,11420,1.6342754919499105,1.2827,2.5464127122866428e-05,trainer_state_llama3.1v2.json
Llama3.1-8B · LoRA-v2,Llama3.1-8B,LoRA-v2,11430,1.635706618962433,1.2868,2.542250553067686e-05,trainer_state_llama3.1v2.json
Llama3.1-8B · LoRA-v2,Llama3.1-8B,LoRA-v2,11440,1.6371377459749552,1.2476,2.5380882767030313e-05,trainer_state_llama3.1v2.json
Llama3.1-8B · LoRA-v2,Llama3.1-8B,LoRA-v2,11450,1.6385688729874777,1.193,2.533925894733185e-05,trainer_state_llama3.1v2.json
Llama3.1-8B · LoRA-v2,Llama3.1-8B,LoRA-v2,11460,1.6400000000000001,1.2205,2.5297634186989448e-05,trainer_state_llama3.1v2.json
Llama3.1-8B · LoRA-v2,Llama3.1-8B,LoRA-v2,11470,1.6414311270125224,1.3114,2.5256008601413727e-05,trainer_state_llama3.1v2.json
Llama3.1-8B · LoRA-v2,Llama3.1-8B,LoRA-v2,11480,1.6428622540250446,1.3519,2.521438230601756e-05,trainer_state_llama3.1v2.json
Llama3.1-8B · LoRA-v2,Llama3.1-8B,LoRA-v2,11490,1.644293381037567,1.276,2.5172755416215803e-05,trainer_state_llama3.1v2.json
Llama3.1-8B · LoRA-v2,Llama3.1-8B,LoRA-v2,11500,1.6457245080500895,1.3811,2.5131128047424955e-05,trainer_state_llama3.1v2.json
Llama3.1-8B · LoRA-v2,Llama3.1-8B,LoRA-v2,11510,1.6471556350626118,1.3422,2.5089500315062857e-05,trainer_state_llama3.1v2.json
Llama3.1-8B · LoRA-v2,Llama3.1-8B,LoRA-v2,11520,1.6485867620751342,1.1844,2.5047872334548346e-05,trainer_state_llama3.1v2.json
Llama3.1-8B · LoRA-v2,Llama3.1-8B,LoRA-v2,11530,1.6500178890876565,1.2912,2.500624422130094e-05,trainer_state_llama3.1v2.json
Llama3.1-8B · LoRA-v2,Llama3.1-8B,LoRA-v2,11540,1.651449016100179,1.3857,2.496461609074053e-05,trainer_state_llama3.1v2.json
Llama3.1-8B · LoRA-v2,Llama3.1-8B,LoRA-v2,11550,1.6528801431127014,1.5312,2.4922988058287074e-05,trainer_state_llama3.1v2.json
Llama3.1-8B · LoRA-v2,Llama3.1-8B,LoRA-v2,11560,1.6543112701252236,1.355,2.488136023936023e-05,trainer_state_llama3.1v2.json
Llama3.1-8B · LoRA-v2,Llama3.1-8B,LoRA-v2,11570,1.6557423971377458,1.3983,2.483973274937909e-05,trainer_state_llama3.1v2.json
Llama3.1-8B · LoRA-v2,Llama3.1-8B,LoRA-v2,11580,1.6571735241502683,1.2647,2.4798105703761813e-05,trainer_state_llama3.1v2.json
Llama3.1-8B · LoRA-v2,Llama3.1-8B,LoRA-v2,11590,1.6586046511627908,1.3137,2.4756479217925326e-05,trainer_state_llama3.1v2.json
Llama3.1-8B · LoRA-v2,Llama3.1-8B,LoRA-v2,11600,1.660035778175313,1.5131,2.4714853407285016e-05,trainer_state_llama3.1v2.json
Llama3.1-8B · LoRA-v2,Llama3.1-8B,LoRA-v2,11610,1.6614669051878355,1.3426,2.4673228387254403e-05,trainer_state_llama3.1v2.json
Llama3.1-8B · LoRA-v2,Llama3.1-8B,LoRA-v2,11620,1.6628980322003577,1.2875,2.4631604273244786e-05,trainer_state_llama3.1v2.json
Llama3.1-8B · LoRA-v2,Llama3.1-8B,LoRA-v2,11630,1.6643291592128802,1.2982,2.4589981180664994e-05,trainer_state_llama3.1v2.json
Llama3.1-8B · LoRA-v2,Llama3.1-8B,LoRA-v2,11640,1.6657602862254026,1.3199,2.4548359224920985e-05,trainer_state_llama3.1v2.json
Llama3.1-8B · LoRA-v2,Llama3.1-8B,LoRA-v2,11650,1.6671914132379249,1.3092,2.4506738521415597e-05,trainer_state_llama3.1v2.json
Llama3.1-8B · LoRA-v2,Llama3.1-8B,LoRA-v2,11660,1.668622540250447,1.5073,2.4465119185548157e-05,trainer_state_llama3.1v2.json
Llama3.1-8B · LoRA-v2,Llama3.1-8B,LoRA-v2,11670,1.6700536672629696,1.3474,2.4423501332714237e-05,trainer_state_llama3.1v2.json
Llama3.1-8B · LoRA-v2,Llama3.1-8B,LoRA-v2,11680,1.671484794275492,1.351,2.438188507830528e-05,trainer_state_llama3.1v2.json
Llama3.1-8B · LoRA-v2,Llama3.1-8B,LoRA-v2,11690,1.6729159212880145,1.3718,2.4340270537708308e-05,trainer_state_llama3.1v2.json
Llama3.1-8B · LoRA-v2,Llama3.1-8B,LoRA-v2,11700,1.6743470483005367,1.3157,2.4298657826305567e-05,trainer_state_llama3.1v2.json
Llama3.1-8B · LoRA-v2,Llama3.1-8B,LoRA-v2,11710,1.675778175313059,1.4096,2.4257047059474266e-05,trainer_state_llama3.1v2.json
Llama3.1-8B · LoRA-v2,Llama3.1-8B,LoRA-v2,11720,1.6772093023255814,1.2373,2.4215438352586205e-05,trainer_state_llama3.1v2.json
Llama3.1-8B · LoRA-v2,Llama3.1-8B,LoRA-v2,11730,1.6786404293381039,1.3734,2.4173831821007454e-05,trainer_state_llama3.1v2.json
Llama3.1-8B · LoRA-v2,Llama3.1-8B,LoRA-v2,11740,1.680071556350626,1.2418,2.4132227580098072e-05,trainer_state_llama3.1v2.json
Llama3.1-8B · LoRA-v2,Llama3.1-8B,LoRA-v2,11750,1.6815026833631483,1.3524,2.4090625745211775e-05,trainer_state_llama3.1v2.json
Llama3.1-8B · LoRA-v2,Llama3.1-8B,LoRA-v2,11760,1.6829338103756708,1.2589,2.404902643169559e-05,trainer_state_llama3.1v2.json
Llama3.1-8B · LoRA-v2,Llama3.1-8B,LoRA-v2,11770,1.6843649373881933,1.1984,2.400742975488957e-05,trainer_state_llama3.1v2.json
Llama3.1-8B · LoRA-v2,Llama3.1-8B,LoRA-v2,11780,1.6857960644007157,1.4996,2.3965835830126433e-05,trainer_state_llama3.1v2.json
Llama3.1-8B · LoRA-v2,Llama3.1-8B,LoRA-v2,11790,1.687227191413238,1.2128,2.3924244772731296e-05,trainer_state_llama3.1v2.json
Llama3.1-8B · LoRA-v2,Llama3.1-8B,LoRA-v2,11800,1.6886583184257602,1.33,2.3882656698021306e-05,trainer_state_llama3.1v2.json
Llama3.1-8B · LoRA-v2,Llama3.1-8B,LoRA-v2,11810,1.6900894454382827,1.2615,2.3841071721305335e-05,trainer_state_llama3.1v2.json
Llama3.1-8B · LoRA-v2,Llama3.1-8B,LoRA-v2,11820,1.6915205724508051,1.4254,2.3799489957883683e-05,trainer_state_llama3.1v2.json
Llama3.1-8B · LoRA-v2,Llama3.1-8B,LoRA-v2,11830,1.6929516994633274,1.2568,2.375791152304774e-05,trainer_state_llama3.1v2.json
Llama3.1-8B · LoRA-v2,Llama3.1-8B,LoRA-v2,11840,1.6943828264758496,1.4007,2.371633653207964e-05,trainer_state_llama3.1v2.json
Llama3.1-8B · LoRA-v2,Llama3.1-8B,LoRA-v2,11850,1.695813953488372,1.2671,2.3674765100252014e-05,trainer_state_llama3.1v2.json
Llama3.1-8B · LoRA-v2,Llama3.1-8B,LoRA-v2,11860,1.6972450805008945,1.3099,2.363319734282758e-05,trainer_state_llama3.1v2.json
Llama3.1-8B · LoRA-v2,Llama3.1-8B,LoRA-v2,11870,1.698676207513417,1.3004,2.3591633375058915e-05,trainer_state_llama3.1v2.json
Llama3.1-8B · LoRA-v2,Llama3.1-8B,LoRA-v2,11880,1.7001073345259392,1.3399,2.355007331218802e-05,trainer_state_llama3.1v2.json
Llama3.1-8B · LoRA-v2,Llama3.1-8B,LoRA-v2,11890,1.7015384615384614,1.3597,2.3508517269446138e-05,trainer_state_llama3.1v2.json
Llama3.1-8B · LoRA-v2,Llama3.1-8B,LoRA-v2,11900,1.702969588550984,1.4159,2.3466965362053325e-05,trainer_state_llama3.1v2.json
Llama3.1-8B · LoRA-v2,Llama3.1-8B,LoRA-v2,11910,1.7044007155635064,1.3177,2.3425417705218196e-05,trainer_state_llama3.1v2.json
Llama3.1-8B · LoRA-v2,Llama3.1-8B,LoRA-v2,11920,1.7058318425760286,1.1646,2.3383874414137556e-05,trainer_state_llama3.1v2.json
Llama3.1-8B · LoRA-v2,Llama3.1-8B,LoRA-v2,11930,1.7072629695885508,1.3106,2.3342335603996133e-05,trainer_state_llama3.1v2.json
Llama3.1-8B · LoRA-v2,Llama3.1-8B,LoRA-v2,11940,1.7086940966010733,1.3011,2.330080138996621e-05,trainer_state_llama3.1v2.json
Llama3.1-8B · LoRA-v2,Llama3.1-8B,LoRA-v2,11950,1.7101252236135958,1.405,2.3259271887207327e-05,trainer_state_llama3.1v2.json
Llama3.1-8B · LoRA-v2,Llama3.1-8B,LoRA-v2,11960,1.7115563506261182,1.4232,2.3217747210865964e-05,trainer_state_llama3.1v2.json
Llama3.1-8B · LoRA-v2,Llama3.1-8B,LoRA-v2,11970,1.7129874776386405,1.3122,2.3176227476075235e-05,trainer_state_llama3.1v2.json
Llama3.1-8B · LoRA-v2,Llama3.1-8B,LoRA-v2,11980,1.7144186046511627,1.3488,2.3134712797954527e-05,trainer_state_llama3.1v2.json
Llama3.1-8B · LoRA-v2,Llama3.1-8B,LoRA-v2,11990,1.7158497316636852,1.3828,2.3093203291609235e-05,trainer_state_llama3.1v2.json
Llama3.1-8B · LoRA-v2,Llama3.1-8B,LoRA-v2,12000,1.7172808586762076,1.3858,2.3051699072130377e-05,trainer_state_llama3.1v2.json
Llama3.1-8B · LoRA-v2,Llama3.1-8B,LoRA-v2,12010,1.7187119856887298,1.3705,2.301020025459436e-05,trainer_state_llama3.1v2.json
Llama3.1-8B · LoRA-v2,Llama3.1-8B,LoRA-v2,12020,1.720143112701252,1.4231,2.2968706954062576e-05,trainer_state_llama3.1v2.json
Llama3.1-8B · LoRA-v2,Llama3.1-8B,LoRA-v2,12030,1.7215742397137745,1.404,2.2927219285581127e-05,trainer_state_llama3.1v2.json
Llama3.1-8B · LoRA-v2,Llama3.1-8B,LoRA-v2,12040,1.723005366726297,1.3265,2.2885737364180502e-05,trainer_state_llama3.1v2.json
Llama3.1-8B · LoRA-v2,Llama3.1-8B,LoRA-v2,12050,1.7244364937388195,1.3602,2.2844261304875273e-05,trainer_state_llama3.1v2.json
Llama3.1-8B · LoRA-v2,Llama3.1-8B,LoRA-v2,12060,1.7258676207513417,1.2798,2.280279122266373e-05,trainer_state_llama3.1v2.json
Llama3.1-8B · LoRA-v2,Llama3.1-8B,LoRA-v2,12070,1.727298747763864,1.3157,2.276132723252761e-05,trainer_state_llama3.1v2.json
Llama3.1-8B · LoRA-v2,Llama3.1-8B,LoRA-v2,12080,1.7287298747763864,1.269,2.271986944943175e-05,trainer_state_llama3.1v2.json
Llama3.1-8B · LoRA-v2,Llama3.1-8B,LoRA-v2,12090,1.7301610017889089,1.2689,2.2678417988323792e-05,trainer_state_llama3.1v2.json
Llama3.1-8B · LoRA-v2,Llama3.1-8B,LoRA-v2,12100,1.731592128801431,1.322,2.263697296413382e-05,trainer_state_llama3.1v2.json
Llama3.1-8B · LoRA-v2,Llama3.1-8B,LoRA-v2,12110,1.7330232558139533,1.2969,2.2595534491774096e-05,trainer_state_llama3.1v2.json
Llama3.1-8B · LoRA-v2,Llama3.1-8B,LoRA-v2,12120,1.7344543828264758,1.2225,2.25541026861387e-05,trainer_state_llama3.1v2.json
Llama3.1-8B · LoRA-v2,Llama3.1-8B,LoRA-v2,12130,1.7358855098389983,1.3823,2.251267766210325e-05,trainer_state_llama3.1v2.json
Llama3.1-8B · LoRA-v2,Llama3.1-8B,LoRA-v2,12140,1.7373166368515207,1.1779,2.2471259534524533e-05,trainer_state_llama3.1v2.json
Llama3.1-8B · LoRA-v2,Llama3.1-8B,LoRA-v2,12150,1.738747763864043,1.2603,2.2429848418240242e-05,trainer_state_llama3.1v2.json
Llama3.1-8B · LoRA-v2,Llama3.1-8B,LoRA-v2,12160,1.7401788908765652,1.3373,2.2388444428068613e-05,trainer_state_llama3.1v2.json
Llama3.1-8B · LoRA-v2,Llama3.1-8B,LoRA-v2,12170,1.7416100178890876,1.3344,2.234704767880812e-05,trainer_state_llama3.1v2.json
Llama3.1-8B · LoRA-v2,Llama3.1-8B,LoRA-v2,12180,1.74304114490161,1.2832,2.230565828523717e-05,trainer_state_llama3.1v2.json
Llama3.1-8B · LoRA-v2,Llama3.1-8B,LoRA-v2,12190,1.7444722719141323,1.2748,2.2264276362113775e-05,trainer_state_llama3.1v2.json
Llama3.1-8B · LoRA-v2,Llama3.1-8B,LoRA-v2,12200,1.7459033989266546,1.2847,2.222290202417523e-05,trainer_state_llama3.1v2.json
Llama3.1-8B · LoRA-v2,Llama3.1-8B,LoRA-v2,12210,1.747334525939177,1.3343,2.2181535386137808e-05,trainer_state_llama3.1v2.json
Llama3.1-8B · LoRA-v2,Llama3.1-8B,LoRA-v2,12220,1.7487656529516995,1.2031,2.2140176562696417e-05,trainer_state_llama3.1v2.json
Llama3.1-8B · LoRA-v2,Llama3.1-8B,LoRA-v2,12230,1.750196779964222,1.3369,2.209882566852432e-05,trainer_state_llama3.1v2.json
Llama3.1-8B · LoRA-v2,Llama3.1-8B,LoRA-v2,12240,1.7516279069767442,1.409,2.2057482818272775e-05,trainer_state_llama3.1v2.json
Llama3.1-8B · LoRA-v2,Llama3.1-8B,LoRA-v2,12250,1.7530590339892664,1.2925,2.2016148126570736e-05,trainer_state_llama3.1v2.json
Llama3.1-8B · LoRA-v2,Llama3.1-8B,LoRA-v2,12260,1.754490161001789,1.3472,2.1974821708024553e-05,trainer_state_llama3.1v2.json
Llama3.1-8B · LoRA-v2,Llama3.1-8B,LoRA-v2,12270,1.7559212880143114,1.2465,2.193350367721763e-05,trainer_state_llama3.1v2.json
Llama3.1-8B · LoRA-v2,Llama3.1-8B,LoRA-v2,12280,1.7573524150268336,1.2954,2.189219414871011e-05,trainer_state_llama3.1v2.json
Llama3.1-8B · LoRA-v2,Llama3.1-8B,LoRA-v2,12290,1.7587835420393558,1.2141,2.1850893237038567e-05,trainer_state_llama3.1v2.json
Llama3.1-8B · LoRA-v2,Llama3.1-8B,LoRA-v2,12300,1.7602146690518783,1.4647,2.180960105671568e-05,trainer_state_llama3.1v2.json
Llama3.1-8B · LoRA-v2,Llama3.1-8B,LoRA-v2,12310,1.7616457960644007,1.3416,2.1768317722229937e-05,trainer_state_llama3.1v2.json
Llama3.1-8B · LoRA-v2,Llama3.1-8B,LoRA-v2,12320,1.7630769230769232,1.2904,2.1727043348045264e-05,trainer_state_llama3.1v2.json
Llama3.1-8B · LoRA-v2,Llama3.1-8B,LoRA-v2,12330,1.7645080500894454,1.3643,2.1685778048600773e-05,trainer_state_llama3.1v2.json
Llama3.1-8B · LoRA-v2,Llama3.1-8B,LoRA-v2,12340,1.7659391771019677,1.4266,2.1644521938310397e-05,trainer_state_llama3.1v2.json
Llama3.1-8B · LoRA-v2,Llama3.1-8B,LoRA-v2,12350,1.7673703041144901,1.3952,2.1603275131562613e-05,trainer_state_llama3.1v2.json
Llama3.1-8B · LoRA-v2,Llama3.1-8B,LoRA-v2,12360,1.7688014311270126,1.2929,2.1562037742720077e-05,trainer_state_llama3.1v2.json
Llama3.1-8B · LoRA-v2,Llama3.1-8B,LoRA-v2,12370,1.7702325581395348,1.2081,2.1520809886119354e-05,trainer_state_llama3.1v2.json
Llama3.1-8B · LoRA-v2,Llama3.1-8B,LoRA-v2,12380,1.7716636851520573,1.3554,2.1479591676070567e-05,trainer_state_llama3.1v2.json
Llama3.1-8B · LoRA-v2,Llama3.1-8B,LoRA-v2,12390,1.7730948121645795,1.3202,2.1438383226857092e-05,trainer_state_llama3.1v2.json
Llama3.1-8B · LoRA-v2,Llama3.1-8B,LoRA-v2,12400,1.774525939177102,1.286,2.1397184652735243e-05,trainer_state_llama3.1v2.json
Llama3.1-8B · LoRA-v2,Llama3.1-8B,LoRA-v2,12410,1.7759570661896245,1.2398,2.1355996067933963e-05,trainer_state_llama3.1v2.json
Llama3.1-8B · LoRA-v2,Llama3.1-8B,LoRA-v2,12420,1.7773881932021467,1.3632,2.1314817586654482e-05,trainer_state_llama3.1v2.json
Llama3.1-8B · LoRA-v2,Llama3.1-8B,LoRA-v2,12430,1.778819320214669,1.3413,2.1273649323070035e-05,trainer_state_llama3.1v2.json
Llama3.1-8B · LoRA-v2,Llama3.1-8B,LoRA-v2,12440,1.7802504472271914,1.3746,2.1232491391325514e-05,trainer_state_llama3.1v2.json
Llama3.1-8B · LoRA-v2,Llama3.1-8B,LoRA-v2,12450,1.7816815742397139,1.2774,2.119134390553717e-05,trainer_state_llama3.1v2.json
Llama3.1-8B · LoRA-v2,Llama3.1-8B,LoRA-v2,12460,1.783112701252236,1.1944,2.1150206979792296e-05,trainer_state_llama3.1v2.json
Llama3.1-8B · LoRA-v2,Llama3.1-8B,LoRA-v2,12470,1.7845438282647585,1.2894,2.1109080728148884e-05,trainer_state_llama3.1v2.json
Llama3.1-8B · LoRA-v2,Llama3.1-8B,LoRA-v2,12480,1.7859749552772808,1.2332,2.1067965264635346e-05,trainer_state_llama3.1v2.json
Llama3.1-8B · LoRA-v2,Llama3.1-8B,LoRA-v2,12490,1.7874060822898032,1.2661,2.1026860703250196e-05,trainer_state_llama3.1v2.json
Llama3.1-8B · LoRA-v2,Llama3.1-8B,LoRA-v2,12500,1.7888372093023257,1.3875,2.098576715796169e-05,trainer_state_llama3.1v2.json
Llama3.1-8B · LoRA-v2,Llama3.1-8B,LoRA-v2,12510,1.790268336314848,1.3237,2.0944684742707574e-05,trainer_state_llama3.1v2.json
Llama3.1-8B · LoRA-v2,Llama3.1-8B,LoRA-v2,12520,1.7916994633273702,1.3247,2.0903613571394704e-05,trainer_state_llama3.1v2.json
Llama3.1-8B · LoRA-v2,Llama3.1-8B,LoRA-v2,12530,1.7931305903398926,1.2946,2.0862553757898783e-05,trainer_state_llama3.1v2.json
Llama3.1-8B · LoRA-v2,Llama3.1-8B,LoRA-v2,12540,1.794561717352415,1.3179,2.0821505416064008e-05,trainer_state_llama3.1v2.json
Llama3.1-8B · LoRA-v2,Llama3.1-8B,LoRA-v2,12550,1.7959928443649373,1.3429,2.0780468659702772e-05,trainer_state_llama3.1v2.json
Llama3.1-8B · LoRA-v2,Llama3.1-8B,LoRA-v2,12560,1.7974239713774598,1.3465,2.073944360259535e-05,trainer_state_llama3.1v2.json
Llama3.1-8B · LoRA-v2,Llama3.1-8B,LoRA-v2,12570,1.798855098389982,1.2143,2.069843035848958e-05,trainer_state_llama3.1v2.json
Llama3.1-8B · LoRA-v2,Llama3.1-8B,LoRA-v2,12580,1.8002862254025045,1.3775,2.0657429041100535e-05,trainer_state_llama3.1v2.json
Llama3.1-8B · LoRA-v2,Llama3.1-8B,LoRA-v2,12590,1.801717352415027,1.2852,2.061643976411024e-05,trainer_state_llama3.1v2.json
Llama3.1-8B · LoRA-v2,Llama3.1-8B,LoRA-v2,12600,1.8031484794275492,1.2803,2.0575462641167318e-05,trainer_state_llama3.1v2.json
Llama3.1-8B · LoRA-v2,Llama3.1-8B,LoRA-v2,12610,1.8045796064400714,1.2598,2.053449778588672e-05,trainer_state_llama3.1v2.json
Llama3.1-8B · LoRA-v2,Llama3.1-8B,LoRA-v2,12620,1.8060107334525939,1.3537,2.0493545311849328e-05,trainer_state_llama3.1v2.json
Llama3.1-8B · LoRA-v2,Llama3.1-8B,LoRA-v2,12630,1.8074418604651163,1.3828,2.045260533260175e-05,trainer_state_llama3.1v2.json
Llama3.1-8B · LoRA-v2,Llama3.1-8B,LoRA-v2,12640,1.8088729874776388,1.3342,2.0411677961655926e-05,trainer_state_llama3.1v2.json
Llama3.1-8B · LoRA-v2,Llama3.1-8B,LoRA-v2,12650,1.810304114490161,1.2886,2.037076331248885e-05,trainer_state_llama3.1v2.json
Llama3.1-8B · LoRA-v2,Llama3.1-8B,LoRA-v2,12660,1.8117352415026833,1.3342,2.0329861498542224e-05,trainer_state_llama3.1v2.json
Llama3.1-8B · LoRA-v2,Llama3.1-8B,LoRA-v2,12670,1.8131663685152057,1.3403,2.0288972633222185e-05,trainer_state_llama3.1v2.json
Llama3.1-8B · LoRA-v2,Llama3.1-8B,LoRA-v2,12680,1.8145974955277282,1.2801,2.0248096829898964e-05,trainer_state_llama3.1v2.json
Llama3.1-8B · LoRA-v2,Llama3.1-8B,LoRA-v2,12690,1.8160286225402504,1.3644,2.0207234201906547e-05,trainer_state_llama3.1v2.json
Llama3.1-8B · LoRA-v2,Llama3.1-8B,LoRA-v2,12700,1.8174597495527727,1.4809,2.016638486254242e-05,trainer_state_llama3.1v2.json
Llama3.1-8B · LoRA-v2,Llama3.1-8B,LoRA-v2,12710,1.8188908765652951,1.3407,2.0125548925067216e-05,trainer_state_llama3.1v2.json
Llama3.1-8B · LoRA-v2,Llama3.1-8B,LoRA-v2,12720,1.8203220035778176,1.3994,2.008472650270441e-05,trainer_state_llama3.1v2.json
Llama3.1-8B · LoRA-v2,Llama3.1-8B,LoRA-v2,12730,1.82175313059034,1.319,2.0043917708640008e-05,trainer_state_llama3.1v2.json
Llama3.1-8B · LoRA-v2,Llama3.1-8B,LoRA-v2,12740,1.8231842576028623,1.3249,2.0003122656022215e-05,trainer_state_llama3.1v2.json
Llama3.1-8B · LoRA-v2,Llama3.1-8B,LoRA-v2,12750,1.8246153846153845,1.3977,1.9962341457961166e-05,trainer_state_llama3.1v2.json
Llama3.1-8B · LoRA-v2,Llama3.1-8B,LoRA-v2,12760,1.826046511627907,1.5313,1.992157422752854e-05,trainer_state_llama3.1v2.json
Llama3.1-8B · LoRA-v2,Llama3.1-8B,LoRA-v2,12770,1.8274776386404294,1.3072,1.988082107775732e-05,trainer_state_llama3.1v2.json
Llama3.1-8B · LoRA-v2,Llama3.1-8B,LoRA-v2,12780,1.8289087656529517,1.3813,1.9840082121641437e-05,trainer_state_llama3.1v2.json
Llama3.1-8B · LoRA-v2,Llama3.1-8B,LoRA-v2,12790,1.830339892665474,1.3666,1.9799357472135475e-05,trainer_state_llama3.1v2.json
Llama3.1-8B · LoRA-v2,Llama3.1-8B,LoRA-v2,12800,1.8317710196779964,1.3498,1.9758647242154335e-05,trainer_state_llama3.1v2.json
Llama3.1-8B · LoRA-v2,Llama3.1-8B,LoRA-v2,12810,1.8332021466905188,1.3148,1.9717951544572965e-05,trainer_state_llama3.1v2.json
Llama3.1-8B · LoRA-v2,Llama3.1-8B,LoRA-v2,12820,1.8346332737030413,1.3462,1.967727049222599e-05,trainer_state_llama3.1v2.json
Llama3.1-8B · LoRA-v2,Llama3.1-8B,LoRA-v2,12830,1.8360644007155635,1.2943,1.9636604197907465e-05,trainer_state_llama3.1v2.json
Llama3.1-8B · LoRA-v2,Llama3.1-8B,LoRA-v2,12840,1.8374955277280858,1.2245,1.9595952774370475e-05,trainer_state_llama3.1v2.json
Llama3.1-8B · LoRA-v2,Llama3.1-8B,LoRA-v2,12850,1.8389266547406082,1.0553,1.955531633432692e-05,trainer_state_llama3.1v2.json
Llama3.1-8B · LoRA-v2,Llama3.1-8B,LoRA-v2,12860,1.8403577817531307,1.2857,1.9514694990447123e-05,trainer_state_llama3.1v2.json
Llama3.1-8B · LoRA-v2,Llama3.1-8B,LoRA-v2,12870,1.841788908765653,1.4141,1.9474088855359594e-05,trainer_state_llama3.1v2.json
Llama3.1-8B · LoRA-v2,Llama3.1-8B,LoRA-v2,12880,1.8432200357781752,1.292,1.9433498041650623e-05,trainer_state_llama3.1v2.json
Llama3.1-8B · LoRA-v2,Llama3.1-8B,LoRA-v2,12890,1.8446511627906976,1.2849,1.9392922661864056e-05,trainer_state_llama3.1v2.json
Llama3.1-8B · LoRA-v2,Llama3.1-8B,LoRA-v2,12900,1.84608228980322,1.2854,1.9352362828500934e-05,trainer_state_llama3.1v2.json
Llama3.1-8B · LoRA-v2,Llama3.1-8B,LoRA-v2,12910,1.8475134168157425,1.2006,1.9311818654019187e-05,trainer_state_llama3.1v2.json
Llama3.1-8B · LoRA-v2,Llama3.1-8B,LoRA-v2,12920,1.8489445438282648,1.1981,1.9271290250833326e-05,trainer_state_llama3.1v2.json
Llama3.1-8B · LoRA-v2,Llama3.1-8B,LoRA-v2,12930,1.850375670840787,1.3998,1.923077773131416e-05,trainer_state_llama3.1v2.json
Llama3.1-8B · LoRA-v2,Llama3.1-8B,LoRA-v2,12940,1.8518067978533095,1.2873,1.919028120778843e-05,trainer_state_llama3.1v2.json
Llama3.1-8B · LoRA-v2,Llama3.1-8B,LoRA-v2,12950,1.853237924865832,1.2474,1.9149800792538545e-05,trainer_state_llama3.1v2.json
Llama3.1-8B · LoRA-v2,Llama3.1-8B,LoRA-v2,12960,1.8546690518783542,1.3276,1.910933659780223e-05,trainer_state_llama3.1v2.json
Llama3.1-8B · LoRA-v2,Llama3.1-8B,LoRA-v2,12970,1.8561001788908764,1.2553,1.9068888735772266e-05,trainer_state_llama3.1v2.json
Llama3.1-8B · LoRA-v2,Llama3.1-8B,LoRA-v2,12980,1.8575313059033989,1.2599,1.9028457318596117e-05,trainer_state_llama3.1v2.json
Llama3.1-8B · LoRA-v2,Llama3.1-8B,LoRA-v2,12990,1.8589624329159213,1.3511,1.8988042458375678e-05,trainer_state_llama3.1v2.json
Llama3.1-8B · LoRA-v2,Llama3.1-8B,LoRA-v2,13000,1.8603935599284438,1.4633,1.894764426716691e-05,trainer_state_llama3.1v2.json
Llama3.1-8B · LoRA-v2,Llama3.1-8B,LoRA-v2,13010,1.861824686940966,1.3713,1.890726285697959e-05,trainer_state_llama3.1v2.json
Llama3.1-8B · LoRA-v2,Llama3.1-8B,LoRA-v2,13020,1.8632558139534883,1.201,1.8866898339776938e-05,trainer_state_llama3.1v2.json
Llama3.1-8B · LoRA-v2,Llama3.1-8B,LoRA-v2,13030,1.8646869409660107,1.3441,1.8826550827475363e-05,trainer_state_llama3.1v2.json
Llama3.1-8B · LoRA-v2,Llama3.1-8B,LoRA-v2,13040,1.8661180679785332,1.2245,1.8786220431944094e-05,trainer_state_llama3.1v2.json
Llama3.1-8B · LoRA-v2,Llama3.1-8B,LoRA-v2,13050,1.8675491949910554,1.3579,1.8745907265004942e-05,trainer_state_llama3.1v2.json
Llama3.1-8B · LoRA-v2,Llama3.1-8B,LoRA-v2,13060,1.8689803220035777,1.2851,1.870561143843189e-05,trainer_state_llama3.1v2.json
Llama3.1-8B · LoRA-v2,Llama3.1-8B,LoRA-v2,13070,1.8704114490161001,1.3289,1.8665333063950902e-05,trainer_state_llama3.1v2.json
Llama3.1-8B · LoRA-v2,Llama3.1-8B,LoRA-v2,13080,1.8718425760286226,1.2203,1.8625072253239516e-05,trainer_state_llama3.1v2.json
Llama3.1-8B · LoRA-v2,Llama3.1-8B,LoRA-v2,13090,1.873273703041145,1.356,1.8584829117926598e-05,trainer_state_llama3.1v2.json
Llama3.1-8B · LoRA-v2,Llama3.1-8B,LoRA-v2,13100,1.8747048300536673,1.3704,1.8544603769591978e-05,trainer_state_llama3.1v2.json
Llama3.1-8B · LoRA-v2,Llama3.1-8B,LoRA-v2,13110,1.8761359570661895,1.3097,1.8504396319766204e-05,trainer_state_llama3.1v2.json
Llama3.1-8B · LoRA-v2,Llama3.1-8B,LoRA-v2,13120,1.877567084078712,1.2648,1.8464206879930167e-05,trainer_state_llama3.1v2.json
Llama3.1-8B · LoRA-v2,Llama3.1-8B,LoRA-v2,13130,1.8789982110912344,1.39,1.8424035561514835e-05,trainer_state_llama3.1v2.json
Llama3.1-8B · LoRA-v2,Llama3.1-8B,LoRA-v2,13140,1.8804293381037567,1.3065,1.838388247590092e-05,trainer_state_llama3.1v2.json
Llama3.1-8B · LoRA-v2,Llama3.1-8B,LoRA-v2,13150,1.881860465116279,1.348,1.834374773441861e-05,trainer_state_llama3.1v2.json
Llama3.1-8B · LoRA-v2,Llama3.1-8B,LoRA-v2,13160,1.8832915921288014,1.43,1.8303631448347197e-05,trainer_state_llama3.1v2.json
Llama3.1-8B · LoRA-v2,Llama3.1-8B,LoRA-v2,13170,1.8847227191413238,1.3254,1.8263533728914832e-05,trainer_state_llama3.1v2.json
Llama3.1-8B · LoRA-v2,Llama3.1-8B,LoRA-v2,13180,1.8861538461538463,1.2785,1.8223454687298166e-05,trainer_state_llama3.1v2.json
Llama3.1-8B · LoRA-v2,Llama3.1-8B,LoRA-v2,13190,1.8875849731663685,1.3511,1.818339443462208e-05,trainer_state_llama3.1v2.json
Llama3.1-8B · LoRA-v2,Llama3.1-8B,LoRA-v2,13200,1.8890161001788908,1.2937,1.814335308195934e-05,trainer_state_llama3.1v2.json
Llama3.1-8B · LoRA-v2,Llama3.1-8B,LoRA-v2,13210,1.8904472271914132,1.4404,1.8103330740330325e-05,trainer_state_llama3.1v2.json
Llama3.1-8B · LoRA-v2,Llama3.1-8B,LoRA-v2,13220,1.8918783542039357,1.3711,1.8063327520702694e-05,trainer_state_llama3.1v2.json
Llama3.1-8B · LoRA-v2,Llama3.1-8B,LoRA-v2,13230,1.893309481216458,1.3886,1.8023343533991103e-05,trainer_state_llama3.1v2.json
Llama3.1-8B · LoRA-v2,Llama3.1-8B,LoRA-v2,13240,1.8947406082289802,1.473,1.7983378891056856e-05,trainer_state_llama3.1v2.json
Llama3.1-8B · LoRA-v2,Llama3.1-8B,LoRA-v2,13250,1.8961717352415026,1.4469,1.794343370270765e-05,trainer_state_llama3.1v2.json
Llama3.1-8B · LoRA-v2,Llama3.1-8B,LoRA-v2,13260,1.897602862254025,1.2494,1.790350807969722e-05,trainer_state_llama3.1v2.json
Llama3.1-8B · LoRA-v2,Llama3.1-8B,LoRA-v2,13270,1.8990339892665475,1.3215,1.7863602132725084e-05,trainer_state_llama3.1v2.json
Llama3.1-8B · LoRA-v2,Llama3.1-8B,LoRA-v2,13280,1.9004651162790698,1.2881,1.7823715972436156e-05,trainer_state_llama3.1v2.json
Llama3.1-8B · LoRA-v2,Llama3.1-8B,LoRA-v2,13290,1.901896243291592,1.3133,1.7783849709420534e-05,trainer_state_llama3.1v2.json
Llama3.1-8B · LoRA-v2,Llama3.1-8B,LoRA-v2,13300,1.9033273703041145,1.2554,1.774400345421312e-05,trainer_state_llama3.1v2.json
Llama3.1-8B · LoRA-v2,Llama3.1-8B,LoRA-v2,13310,1.904758497316637,1.1171,1.7704177317293368e-05,trainer_state_llama3.1v2.json
Llama3.1-8B · LoRA-v2,Llama3.1-8B,LoRA-v2,13320,1.9061896243291592,1.3109,1.7664371409084923e-05,trainer_state_llama3.1v2.json
Llama3.1-8B · LoRA-v2,Llama3.1-8B,LoRA-v2,13330,1.9076207513416814,1.3096,1.7624585839955363e-05,trainer_state_llama3.1v2.json
Llama3.1-8B · LoRA-v2,Llama3.1-8B,LoRA-v2,13340,1.9090518783542039,1.3596,1.7584820720215865e-05,trainer_state_llama3.1v2.json
Llama3.1-8B · LoRA-v2,Llama3.1-8B,LoRA-v2,13350,1.9104830053667263,1.3241,1.7545076160120906e-05,trainer_state_llama3.1v2.json
Llama3.1-8B · LoRA-v2,Llama3.1-8B,LoRA-v2,13360,1.9119141323792488,1.2964,1.7505352269867952e-05,trainer_state_llama3.1v2.json
Llama3.1-8B · LoRA-v2,Llama3.1-8B,LoRA-v2,13370,1.913345259391771,1.3341,1.7465649159597184e-05,trainer_state_llama3.1v2.json
Llama3.1-8B · LoRA-v2,Llama3.1-8B,LoRA-v2,13380,1.9147763864042933,1.3647,1.7425966939391132e-05,trainer_state_llama3.1v2.json
Llama3.1-8B · LoRA-v2,Llama3.1-8B,LoRA-v2,13390,1.9162075134168157,1.1337,1.7386305719274443e-05,trainer_state_llama3.1v2.json
Llama3.1-8B · LoRA-v2,Llama3.1-8B,LoRA-v2,13400,1.9176386404293382,1.2199,1.7346665609213504e-05,trainer_state_llama3.1v2.json
Llama3.1-8B · LoRA-v2,Llama3.1-8B,LoRA-v2,13410,1.9190697674418604,1.3447,1.7307046719116195e-05,trainer_state_llama3.1v2.json
Llama3.1-8B · LoRA-v2,Llama3.1-8B,LoRA-v2,13420,1.9205008944543829,1.2177,1.7267449158831557e-05,trainer_state_llama3.1v2.json
Llama3.1-8B · LoRA-v2,Llama3.1-8B,LoRA-v2,13430,1.9219320214669051,1.4524,1.7227873038149474e-05,trainer_state_llama3.1v2.json
Llama3.1-8B · LoRA-v2,Llama3.1-8B,LoRA-v2,13440,1.9233631484794276,1.3634,1.7188318466800395e-05,trainer_state_llama3.1v2.json
Llama3.1-8B · LoRA-v2,Llama3.1-8B,LoRA-v2,13450,1.92479427549195,1.1954,1.7148785554455038e-05,trainer_state_llama3.1v2.json
Llama3.1-8B · LoRA-v2,Llama3.1-8B,LoRA-v2,13460,1.9262254025044723,1.3131,1.7109274410724045e-05,trainer_state_llama3.1v2.json
Llama3.1-8B · LoRA-v2,Llama3.1-8B,LoRA-v2,13470,1.9276565295169945,1.3201,1.7069785145157713e-05,trainer_state_llama3.1v2.json
Llama3.1-8B · LoRA-v2,Llama3.1-8B,LoRA-v2,13480,1.929087656529517,1.4617,1.7030317867245673e-05,trainer_state_llama3.1v2.json
Llama3.1-8B · LoRA-v2,Llama3.1-8B,LoRA-v2,13490,1.9305187835420394,1.2758,1.6990872686416612e-05,trainer_state_llama3.1v2.json
Llama3.1-8B · LoRA-v2,Llama3.1-8B,LoRA-v2,13500,1.9319499105545617,1.3864,1.69514497120379e-05,trainer_state_llama3.1v2.json
Llama3.1-8B · LoRA-v2,Llama3.1-8B,LoRA-v2,13510,1.9333810375670841,1.2786,1.691204905341539e-05,trainer_state_llama3.1v2.json
Llama3.1-8B · LoRA-v2,Llama3.1-8B,LoRA-v2,13520,1.9348121645796064,1.1947,1.6872670819793035e-05,trainer_state_llama3.1v2.json
Llama3.1-8B · LoRA-v2,Llama3.1-8B,LoRA-v2,13530,1.9362432915921288,1.4065,1.6833315120352622e-05,trainer_state_llama3.1v2.json
Llama3.1-8B · LoRA-v2,Llama3.1-8B,LoRA-v2,13540,1.9376744186046513,1.2467,1.6793982064213442e-05,trainer_state_llama3.1v2.json
Llama3.1-8B · LoRA-v2,Llama3.1-8B,LoRA-v2,13550,1.9391055456171735,1.2417,1.675467176043203e-05,trainer_state_llama3.1v2.json
Llama3.1-8B · LoRA-v2,Llama3.1-8B,LoRA-v2,13560,1.9405366726296958,1.2382,1.671538431800182e-05,trainer_state_llama3.1v2.json
Llama3.1-8B · LoRA-v2,Llama3.1-8B,LoRA-v2,13570,1.9419677996422182,1.419,1.6676119845852854e-05,trainer_state_llama3.1v2.json
Llama3.1-8B · LoRA-v2,Llama3.1-8B,LoRA-v2,13580,1.9433989266547407,1.3269,1.663687845285149e-05,trainer_state_llama3.1v2.json
Llama3.1-8B · LoRA-v2,Llama3.1-8B,LoRA-v2,13590,1.944830053667263,1.2561,1.6597660247800118e-05,trainer_state_llama3.1v2.json
Llama3.1-8B · LoRA-v2,Llama3.1-8B,LoRA-v2,13600,1.9462611806797854,1.4137,1.6558465339436797e-05,trainer_state_llama3.1v2.json
Llama3.1-8B · LoRA-v2,Llama3.1-8B,LoRA-v2,13610,1.9476923076923076,1.3065,1.651929383643503e-05,trainer_state_llama3.1v2.json
Llama3.1-8B · LoRA-v2,Llama3.1-8B,LoRA-v2,13620,1.94912343470483,1.294,1.64801458474034e-05,trainer_state_llama3.1v2.json
Llama3.1-8B · LoRA-v2,Llama3.1-8B,LoRA-v2,13630,1.9505545617173525,1.302,1.6441021480885305e-05,trainer_state_llama3.1v2.json
Llama3.1-8B · LoRA-v2,Llama3.1-8B,LoRA-v2,13640,1.9519856887298748,1.3905,1.6401920845358652e-05,trainer_state_llama3.1v2.json
Llama3.1-8B · LoRA-v2,Llama3.1-8B,LoRA-v2,13650,1.953416815742397,1.2856,1.6362844049235527e-05,trainer_state_llama3.1v2.json
Llama3.1-8B · LoRA-v2,Llama3.1-8B,LoRA-v2,13660,1.9548479427549195,1.3762,1.6323791200861934e-05,trainer_state_llama3.1v2.json
Llama3.1-8B · LoRA-v2,Llama3.1-8B,LoRA-v2,13670,1.956279069767442,1.2823,1.628476240851749e-05,trainer_state_llama3.1v2.json
Llama3.1-8B · LoRA-v2,Llama3.1-8B,LoRA-v2,13680,1.9577101967799644,1.3082,1.624575778041509e-05,trainer_state_llama3.1v2.json
Llama3.1-8B · LoRA-v2,Llama3.1-8B,LoRA-v2,13690,1.9591413237924866,1.4044,1.620677742470065e-05,trainer_state_llama3.1v2.json
Llama3.1-8B · LoRA-v2,Llama3.1-8B,LoRA-v2,13700,1.9605724508050089,1.2213,1.616782144945277e-05,trainer_state_llama3.1v2.json
Llama3.1-8B · LoRA-v2,Llama3.1-8B,LoRA-v2,13710,1.9620035778175313,1.3429,1.6128889962682476e-05,trainer_state_llama3.1v2.json
Llama3.1-8B · LoRA-v2,Llama3.1-8B,LoRA-v2,13720,1.9634347048300538,1.4365,1.6089983072332857e-05,trainer_state_llama3.1v2.json
Llama3.1-8B · LoRA-v2,Llama3.1-8B,LoRA-v2,13730,1.964865831842576,1.2714,1.6051100886278843e-05,trainer_state_llama3.1v2.json
Llama3.1-8B · LoRA-v2,Llama3.1-8B,LoRA-v2,13740,1.9662969588550983,1.3188,1.6012243512326848e-05,trainer_state_llama3.1v2.json
Llama3.1-8B · LoRA-v2,Llama3.1-8B,LoRA-v2,13750,1.9677280858676207,1.2898,1.5973411058214496e-05,trainer_state_llama3.1v2.json
Llama3.1-8B · LoRA-v2,Llama3.1-8B,LoRA-v2,13760,1.9691592128801432,1.296,1.5934603631610317e-05,trainer_state_llama3.1v2.json
Llama3.1-8B · LoRA-v2,Llama3.1-8B,LoRA-v2,13770,1.9705903398926656,1.2431,1.5895821340113454e-05,trainer_state_llama3.1v2.json
Llama3.1-8B · LoRA-v2,Llama3.1-8B,LoRA-v2,13780,1.9720214669051879,1.2994,1.5857064291253356e-05,trainer_state_llama3.1v2.json
Llama3.1-8B · LoRA-v2,Llama3.1-8B,LoRA-v2,13790,1.97345259391771,1.4014,1.5818332592489472e-05,trainer_state_llama3.1v2.json
Llama3.1-8B · LoRA-v2,Llama3.1-8B,LoRA-v2,13800,1.9748837209302326,1.2771,1.5779626351210968e-05,trainer_state_llama3.1v2.json
Llama3.1-8B · LoRA-v2,Llama3.1-8B,LoRA-v2,13810,1.976314847942755,1.413,1.5740945674736448e-05,trainer_state_llama3.1v2.json
Llama3.1-8B · LoRA-v2,Llama3.1-8B,LoRA-v2,13820,1.9777459749552773,1.3167,1.57022906703136e-05,trainer_state_llama3.1v2.json
Llama3.1-8B · LoRA-v2,Llama3.1-8B,LoRA-v2,13830,1.9791771019677995,1.2969,1.5663661445118965e-05,trainer_state_llama3.1v2.json
Llama3.1-8B · LoRA-v2,Llama3.1-8B,LoRA-v2,13840,1.980608228980322,1.3311,1.562505810625758e-05,trainer_state_llama3.1v2.json
Llama3.1-8B · LoRA-v2,Llama3.1-8B,LoRA-v2,13850,1.9820393559928444,1.4809,1.558648076076273e-05,trainer_state_llama3.1v2.json
Llama3.1-8B · LoRA-v2,Llama3.1-8B,LoRA-v2,13860,1.9834704830053669,1.2015,1.5547929515595623e-05,trainer_state_llama3.1v2.json
Llama3.1-8B · LoRA-v2,Llama3.1-8B,LoRA-v2,13870,1.9849016100178891,1.2907,1.550940447764508e-05,trainer_state_llama3.1v2.json
Llama3.1-8B · LoRA-v2,Llama3.1-8B,LoRA-v2,13880,1.9863327370304114,1.1636,1.547090575372728e-05,trainer_state_llama3.1v2.json
Llama3.1-8B · LoRA-v2,Llama3.1-8B,LoRA-v2,13890,1.9877638640429338,1.3283,1.543243345058545e-05,trainer_state_llama3.1v2.json
Llama3.1-8B · LoRA-v2,Llama3.1-8B,LoRA-v2,13900,1.9891949910554563,1.4369,1.5393987674889537e-05,trainer_state_llama3.1v2.json
Llama3.1-8B · LoRA-v2,Llama3.1-8B,LoRA-v2,13910,1.9906261180679785,1.3629,1.535556853323596e-05,trainer_state_llama3.1v2.json
Llama3.1-8B · LoRA-v2,Llama3.1-8B,LoRA-v2,13920,1.9920572450805007,1.3937,1.5317176132147278e-05,trainer_state_llama3.1v2.json
Llama3.1-8B · LoRA-v2,Llama3.1-8B,LoRA-v2,13930,1.9934883720930232,1.3605,1.527881057807191e-05,trainer_state_llama3.1v2.json
Llama3.1-8B · LoRA-v2,Llama3.1-8B,LoRA-v2,13940,1.9949194991055457,1.3176,1.5240471977383843e-05,trainer_state_llama3.1v2.json
Llama3.1-8B · LoRA-v2,Llama3.1-8B,LoRA-v2,13950,1.9963506261180681,1.2972,1.5202160436382324e-05,trainer_state_llama3.1v2.json
Llama3.1-8B · LoRA-v2,Llama3.1-8B,LoRA-v2,13960,1.9977817531305904,1.2847,1.5163876061291568e-05,trainer_state_llama3.1v2.json
Llama3.1-8B · LoRA-v2,Llama3.1-8B,LoRA-v2,13970,1.9992128801431126,1.3452,1.5125618958260495e-05,trainer_state_llama3.1v2.json
Llama3.1-8B · LoRA-v2,Llama3.1-8B,LoRA-v2,13980,2.000572450805009,1.3927,1.5087389233362375e-05,trainer_state_llama3.1v2.json
Llama3.1-8B · LoRA-v2,Llama3.1-8B,LoRA-v2,13990,2.0020035778175314,1.194,1.5049186992594605e-05,trainer_state_llama3.1v2.json
Llama3.1-8B · LoRA-v2,Llama3.1-8B,LoRA-v2,14000,2.003434704830054,1.1646,1.5011012341878339e-05,trainer_state_llama3.1v2.json
Llama3.1-8B · LoRA-v2,Llama3.1-8B,LoRA-v2,14010,2.004865831842576,1.2655,1.4972865387058278e-05,trainer_state_llama3.1v2.json
Llama3.1-8B · LoRA-v2,Llama3.1-8B,LoRA-v2,14020,2.0062969588550983,1.2584,1.4934746233902269e-05,trainer_state_llama3.1v2.json
Llama3.1-8B · LoRA-v2,Llama3.1-8B,LoRA-v2,14030,2.0077280858676207,1.11,1.4896654988101147e-05,trainer_state_llama3.1v2.json
Llama3.1-8B · LoRA-v2,Llama3.1-8B,LoRA-v2,14040,2.009159212880143,1.149,1.4858591755268317e-05,trainer_state_llama3.1v2.json
Llama3.1-8B · LoRA-v2,Llama3.1-8B,LoRA-v2,14050,2.0105903398926657,1.2937,1.4820556640939544e-05,trainer_state_llama3.1v2.json
Llama3.1-8B · LoRA-v2,Llama3.1-8B,LoRA-v2,14060,2.0120214669051877,1.2917,1.478254975057261e-05,trainer_state_llama3.1v2.json
Llama3.1-8B · LoRA-v2,Llama3.1-8B,LoRA-v2,14070,2.01345259391771,1.2535,1.4744571189547068e-05,trainer_state_llama3.1v2.json
Llama3.1-8B · LoRA-v2,Llama3.1-8B,LoRA-v2,14080,2.0148837209302326,1.1467,1.4706621063163894e-05,trainer_state_llama3.1v2.json
Llama3.1-8B · LoRA-v2,Llama3.1-8B,LoRA-v2,14090,2.016314847942755,1.1511,1.4668699476645243e-05,trainer_state_llama3.1v2.json
Llama3.1-8B · LoRA-v2,Llama3.1-8B,LoRA-v2,14100,2.017745974955277,1.1342,1.4630806535134122e-05,trainer_state_llama3.1v2.json
Llama3.1-8B · LoRA-v2,Llama3.1-8B,LoRA-v2,14110,2.0191771019677995,1.2736,1.4592942343694139e-05,trainer_state_llama3.1v2.json
Llama3.1-8B · LoRA-v2,Llama3.1-8B,LoRA-v2,14120,2.020608228980322,1.2678,1.4555107007309183e-05,trainer_state_llama3.1v2.json
Llama3.1-8B · LoRA-v2,Llama3.1-8B,LoRA-v2,14130,2.0220393559928445,1.2707,1.4517300630883123e-05,trainer_state_llama3.1v2.json
Llama3.1-8B · LoRA-v2,Llama3.1-8B,LoRA-v2,14140,2.023470483005367,1.1836,1.4479523319239552e-05,trainer_state_llama3.1v2.json
Llama3.1-8B · LoRA-v2,Llama3.1-8B,LoRA-v2,14150,2.024901610017889,1.0797,1.4441775177121453e-05,trainer_state_llama3.1v2.json
Llama3.1-8B · LoRA-v2,Llama3.1-8B,LoRA-v2,14160,2.0263327370304114,1.3042,1.4404056309190957e-05,trainer_state_llama3.1v2.json
Llama3.1-8B · LoRA-v2,Llama3.1-8B,LoRA-v2,14170,2.027763864042934,1.138,1.4366366820029014e-05,trainer_state_llama3.1v2.json
Llama3.1-8B · LoRA-v2,Llama3.1-8B,LoRA-v2,14180,2.0291949910554563,1.1692,1.4328706814135118e-05,trainer_state_llama3.1v2.json
Llama3.1-8B · LoRA-v2,Llama3.1-8B,LoRA-v2,14190,2.0306261180679783,1.1686,1.4291076395927012e-05,trainer_state_llama3.1v2.json
Llama3.1-8B · LoRA-v2,Llama3.1-8B,LoRA-v2,14200,2.032057245080501,1.3039,1.4253475669740423e-05,trainer_state_llama3.1v2.json
Llama3.1-8B · LoRA-v2,Llama3.1-8B,LoRA-v2,14210,2.0334883720930232,1.1556,1.4215904739828739e-05,trainer_state_llama3.1v2.json
Llama3.1-8B · LoRA-v2,Llama3.1-8B,LoRA-v2,14220,2.0349194991055457,1.3349,1.417836371036273e-05,trainer_state_llama3.1v2.json
Llama3.1-8B · LoRA-v2,Llama3.1-8B,LoRA-v2,14230,2.036350626118068,1.1702,1.4140852685430261e-05,trainer_state_llama3.1v2.json
Llama3.1-8B · LoRA-v2,Llama3.1-8B,LoRA-v2,14240,2.03778175313059,1.1552,1.4103371769036023e-05,trainer_state_llama3.1v2.json
Llama3.1-8B · LoRA-v2,Llama3.1-8B,LoRA-v2,14250,2.0392128801431126,1.1568,1.40659210651012e-05,trainer_state_llama3.1v2.json
Llama3.1-8B · LoRA-v2,Llama3.1-8B,LoRA-v2,14260,2.040644007155635,1.3364,1.4028500677463232e-05,trainer_state_llama3.1v2.json
Llama3.1-8B · LoRA-v2,Llama3.1-8B,LoRA-v2,14270,2.0420751341681576,1.2664,1.3991110709875482e-05,trainer_state_llama3.1v2.json
Llama3.1-8B · LoRA-v2,Llama3.1-8B,LoRA-v2,14280,2.0435062611806796,1.4014,1.3953751266006995e-05,trainer_state_llama3.1v2.json
Llama3.1-8B · LoRA-v2,Llama3.1-8B,LoRA-v2,14290,2.044937388193202,1.2603,1.3916422449442163e-05,trainer_state_llama3.1v2.json
Llama3.1-8B · LoRA-v2,Llama3.1-8B,LoRA-v2,14300,2.0463685152057245,1.1606,1.3879124363680479e-05,trainer_state_llama3.1v2.json
Llama3.1-8B · LoRA-v2,Llama3.1-8B,LoRA-v2,14310,2.047799642218247,1.2048,1.384185711213618e-05,trainer_state_llama3.1v2.json
Llama3.1-8B · LoRA-v2,Llama3.1-8B,LoRA-v2,14320,2.0492307692307694,1.2753,1.3804620798138085e-05,trainer_state_llama3.1v2.json
Llama3.1-8B · LoRA-v2,Llama3.1-8B,LoRA-v2,14330,2.0506618962432914,1.2236,1.3767415524929183e-05,trainer_state_llama3.1v2.json
Llama3.1-8B · LoRA-v2,Llama3.1-8B,LoRA-v2,14340,2.052093023255814,1.2153,1.3730241395666415e-05,trainer_state_llama3.1v2.json
Llama3.1-8B · LoRA-v2,Llama3.1-8B,LoRA-v2,14350,2.0535241502683363,1.3907,1.369309851342036e-05,trainer_state_llama3.1v2.json
Llama3.1-8B · LoRA-v2,Llama3.1-8B,LoRA-v2,14360,2.054955277280859,1.2534,1.3655986981174985e-05,trainer_state_llama3.1v2.json
Llama3.1-8B · LoRA-v2,Llama3.1-8B,LoRA-v2,14370,2.056386404293381,1.1669,1.3618906901827316e-05,trainer_state_llama3.1v2.json
Llama3.1-8B · LoRA-v2,Llama3.1-8B,LoRA-v2,14380,2.0578175313059033,1.2358,1.358185837818716e-05,trainer_state_llama3.1v2.json
Llama3.1-8B · LoRA-v2,Llama3.1-8B,LoRA-v2,14390,2.0592486583184257,1.1638,1.3544841512976841e-05,trainer_state_llama3.1v2.json
Llama3.1-8B · LoRA-v2,Llama3.1-8B,LoRA-v2,14400,2.060679785330948,1.2597,1.3507856408830926e-05,trainer_state_llama3.1v2.json
Llama3.1-8B · LoRA-v2,Llama3.1-8B,LoRA-v2,14410,2.0621109123434707,1.1183,1.3470903168295904e-05,trainer_state_llama3.1v2.json
Llama3.1-8B · LoRA-v2,Llama3.1-8B,LoRA-v2,14420,2.0635420393559927,1.1794,1.3433981893829905e-05,trainer_state_llama3.1v2.json
Llama3.1-8B · LoRA-v2,Llama3.1-8B,LoRA-v2,14430,2.064973166368515,1.0259,1.3397092687802438e-05,trainer_state_llama3.1v2.json
Llama3.1-8B · LoRA-v2,Llama3.1-8B,LoRA-v2,14440,2.0664042933810376,1.31,1.3360235652494113e-05,trainer_state_llama3.1v2.json
Llama3.1-8B · LoRA-v2,Llama3.1-8B,LoRA-v2,14450,2.06783542039356,1.0289,1.3323410890096339e-05,trainer_state_llama3.1v2.json
Llama3.1-8B · LoRA-v2,Llama3.1-8B,LoRA-v2,14460,2.069266547406082,1.1403,1.3286618502711002e-05,trainer_state_llama3.1v2.json
Llama3.1-8B · LoRA-v2,Llama3.1-8B,LoRA-v2,14470,2.0706976744186045,1.1656,1.3249858592350264e-05,trainer_state_llama3.1v2.json
Llama3.1-8B · LoRA-v2,Llama3.1-8B,LoRA-v2,14480,2.072128801431127,1.1721,1.3213131260936248e-05,trainer_state_llama3.1v2.json
Llama3.1-8B · LoRA-v2,Llama3.1-8B,LoRA-v2,14490,2.0735599284436494,1.1795,1.3176436610300721e-05,trainer_state_llama3.1v2.json
Llama3.1-8B · LoRA-v2,Llama3.1-8B,LoRA-v2,14500,2.074991055456172,1.1835,1.3139774742184845e-05,trainer_state_llama3.1v2.json
Llama3.1-8B · LoRA-v2,Llama3.1-8B,LoRA-v2,14510,2.076422182468694,1.2522,1.3103145758238888e-05,trainer_state_llama3.1v2.json
Llama3.1-8B · LoRA-v2,Llama3.1-8B,LoRA-v2,14520,2.0778533094812164,1.2197,1.3066549760021966e-05,trainer_state_llama3.1v2.json
Llama3.1-8B · LoRA-v2,Llama3.1-8B,LoRA-v2,14530,2.079284436493739,0.9659,1.3029986849001685e-05,trainer_state_llama3.1v2.json
Llama3.1-8B · LoRA-v2,Llama3.1-8B,LoRA-v2,14540,2.0807155635062613,1.1142,1.299345712655396e-05,trainer_state_llama3.1v2.json
Llama3.1-8B · LoRA-v2,Llama3.1-8B,LoRA-v2,14550,2.0821466905187833,1.248,1.2956960693962649e-05,trainer_state_llama3.1v2.json
Llama3.1-8B · LoRA-v2,Llama3.1-8B,LoRA-v2,14560,2.0835778175313058,1.189,1.2920497652419355e-05,trainer_state_llama3.1v2.json
Llama3.1-8B · LoRA-v2,Llama3.1-8B,LoRA-v2,14570,2.0850089445438282,1.0504,1.2884068103023062e-05,trainer_state_llama3.1v2.json
Llama3.1-8B · LoRA-v2,Llama3.1-8B,LoRA-v2,14580,2.0864400715563507,1.3081,1.2847672146779899e-05,trainer_state_llama3.1v2.json
Llama3.1-8B · LoRA-v2,Llama3.1-8B,LoRA-v2,14590,2.087871198568873,1.1439,1.2811309884602853e-05,trainer_state_llama3.1v2.json
Llama3.1-8B · LoRA-v2,Llama3.1-8B,LoRA-v2,14600,2.089302325581395,1.1977,1.277498141731152e-05,trainer_state_llama3.1v2.json
Llama3.1-8B · LoRA-v2,Llama3.1-8B,LoRA-v2,14610,2.0907334525939176,1.239,1.2738686845631742e-05,trainer_state_llama3.1v2.json
Llama3.1-8B · LoRA-v2,Llama3.1-8B,LoRA-v2,14620,2.09216457960644,1.2734,1.2702426270195416e-05,trainer_state_llama3.1v2.json
Llama3.1-8B · LoRA-v2,Llama3.1-8B,LoRA-v2,14630,2.0935957066189625,1.3695,1.2666199791540156e-05,trainer_state_llama3.1v2.json
Llama3.1-8B · LoRA-v2,Llama3.1-8B,LoRA-v2,14640,2.095026833631485,1.2312,1.2630007510109082e-05,trainer_state_llama3.1v2.json
Llama3.1-8B · LoRA-v2,Llama3.1-8B,LoRA-v2,14650,2.096457960644007,1.1621,1.259384952625045e-05,trainer_state_llama3.1v2.json
Llama3.1-8B · LoRA-v2,Llama3.1-8B,LoRA-v2,14660,2.0978890876565295,1.2758,1.255772594021744e-05,trainer_state_llama3.1v2.json
Llama3.1-8B · LoRA-v2,Llama3.1-8B,LoRA-v2,14670,2.099320214669052,1.1027,1.2521636852167862e-05,trainer_state_llama3.1v2.json
Llama3.1-8B · LoRA-v2,Llama3.1-8B,LoRA-v2,14680,2.1007513416815744,1.2036,1.2485582362163867e-05,trainer_state_llama3.1v2.json
Llama3.1-8B · LoRA-v2,Llama3.1-8B,LoRA-v2,14690,2.1021824686940964,1.2405,1.2449562570171685e-05,trainer_state_llama3.1v2.json
Llama3.1-8B · LoRA-v2,Llama3.1-8B,LoRA-v2,14700,2.103613595706619,1.2966,1.2413577576061339e-05,trainer_state_llama3.1v2.json
Llama3.1-8B · LoRA-v2,Llama3.1-8B,LoRA-v2,14710,2.1050447227191413,1.2535,1.2377627479606357e-05,trainer_state_llama3.1v2.json
Llama3.1-8B · LoRA-v2,Llama3.1-8B,LoRA-v2,14720,2.106475849731664,1.1368,1.2341712380483541e-05,trainer_state_llama3.1v2.json
Llama3.1-8B · LoRA-v2,Llama3.1-8B,LoRA-v2,14730,2.1079069767441863,1.1596,1.2305832378272628e-05,trainer_state_llama3.1v2.json
Llama3.1-8B · LoRA-v2,Llama3.1-8B,LoRA-v2,14740,2.1093381037567083,1.0984,1.2269987572456063e-05,trainer_state_llama3.1v2.json
Llama3.1-8B · LoRA-v2,Llama3.1-8B,LoRA-v2,14750,2.1107692307692307,1.2349,1.2234178062418663e-05,trainer_state_llama3.1v2.json
Llama3.1-8B · LoRA-v2,Llama3.1-8B,LoRA-v2,14760,2.112200357781753,1.2065,1.2198403947447446e-05,trainer_state_llama3.1v2.json
Llama3.1-8B · LoRA-v2,Llama3.1-8B,LoRA-v2,14770,2.1136314847942757,1.1241,1.2162665326731245e-05,trainer_state_llama3.1v2.json
Llama3.1-8B · LoRA-v2,Llama3.1-8B,LoRA-v2,14780,2.1150626118067977,1.1612,1.21269622993605e-05,trainer_state_llama3.1v2.json
Llama3.1-8B · LoRA-v2,Llama3.1-8B,LoRA-v2,14790,2.11649373881932,1.2138,1.2091294964326947e-05,trainer_state_llama3.1v2.json
Llama3.1-8B · LoRA-v2,Llama3.1-8B,LoRA-v2,14800,2.1179248658318426,1.2797,1.2055663420523389e-05,trainer_state_llama3.1v2.json
Llama3.1-8B · LoRA-v2,Llama3.1-8B,LoRA-v2,14810,2.119355992844365,1.287,1.2020067766743362e-05,trainer_state_llama3.1v2.json
Llama3.1-8B · LoRA-v2,Llama3.1-8B,LoRA-v2,14820,2.1207871198568875,1.1676,1.1984508101680919e-05,trainer_state_llama3.1v2.json
Llama3.1-8B · LoRA-v2,Llama3.1-8B,LoRA-v2,14830,2.1222182468694095,1.188,1.1948984523930285e-05,trainer_state_llama3.1v2.json
Llama3.1-8B · LoRA-v2,Llama3.1-8B,LoRA-v2,14840,2.123649373881932,1.2216,1.1913497131985684e-05,trainer_state_llama3.1v2.json
Llama3.1-8B · LoRA-v2,Llama3.1-8B,LoRA-v2,14850,2.1250805008944544,1.2835,1.1878046024240976e-05,trainer_state_llama3.1v2.json
Llama3.1-8B · LoRA-v2,Llama3.1-8B,LoRA-v2,14860,2.126511627906977,1.1894,1.1842631298989424e-05,trainer_state_llama3.1v2.json
Llama3.1-8B · LoRA-v2,Llama3.1-8B,LoRA-v2,14870,2.127942754919499,1.2454,1.1807253054423406e-05,trainer_state_llama3.1v2.json
Llama3.1-8B · LoRA-v2,Llama3.1-8B,LoRA-v2,14880,2.1293738819320214,1.2804,1.177191138863418e-05,trainer_state_llama3.1v2.json
Llama3.1-8B · LoRA-v2,Llama3.1-8B,LoRA-v2,14890,2.130805008944544,1.1569,1.173660639961157e-05,trainer_state_llama3.1v2.json
Llama3.1-8B · LoRA-v2,Llama3.1-8B,LoRA-v2,14900,2.1322361359570663,1.2095,1.1701338185243683e-05,trainer_state_llama3.1v2.json
Llama3.1-8B · LoRA-v2,Llama3.1-8B,LoRA-v2,14910,2.1336672629695888,1.2849,1.1666106843316685e-05,trainer_state_llama3.1v2.json
Llama3.1-8B · LoRA-v2,Llama3.1-8B,LoRA-v2,14920,2.1350983899821108,1.1498,1.1630912471514528e-05,trainer_state_llama3.1v2.json
Llama3.1-8B · LoRA-v2,Llama3.1-8B,LoRA-v2,14930,2.1365295169946332,1.1277,1.1595755167418625e-05,trainer_state_llama3.1v2.json
Llama3.1-8B · LoRA-v2,Llama3.1-8B,LoRA-v2,14940,2.1379606440071557,1.1547,1.1560635028507636e-05,trainer_state_llama3.1v2.json
Llama3.1-8B · LoRA-v2,Llama3.1-8B,LoRA-v2,14950,2.139391771019678,1.1174,1.1525552152157152e-05,trainer_state_llama3.1v2.json
Llama3.1-8B · LoRA-v2,Llama3.1-8B,LoRA-v2,14960,2.1408228980322,1.1485,1.149050663563949e-05,trainer_state_llama3.1v2.json
Llama3.1-8B · LoRA-v2,Llama3.1-8B,LoRA-v2,14970,2.1422540250447226,1.1817,1.1455498576123325e-05,trainer_state_llama3.1v2.json
Llama3.1-8B · LoRA-v2,Llama3.1-8B,LoRA-v2,14980,2.143685152057245,1.3326,1.1420528070673519e-05,trainer_state_llama3.1v2.json
Llama3.1-8B · LoRA-v2,Llama3.1-8B,LoRA-v2,14990,2.1451162790697675,1.3517,1.1385595216250789e-05,trainer_state_llama3.1v2.json
Llama3.1-8B · LoRA-v2,Llama3.1-8B,LoRA-v2,15000,2.14654740608229,1.1311,1.1350700109711481e-05,trainer_state_llama3.1v2.json
Llama3.1-8B · LoRA-v2,Llama3.1-8B,LoRA-v2,15010,2.147978533094812,1.2636,1.1315842847807262e-05,trainer_state_llama3.1v2.json
Llama3.1-8B · LoRA-v2,Llama3.1-8B,LoRA-v2,15020,2.1494096601073345,1.2011,1.128102352718487e-05,trainer_state_llama3.1v2.json
Llama3.1-8B · LoRA-v2,Llama3.1-8B,LoRA-v2,15030,2.150840787119857,1.1531,1.1246242244385838e-05,trainer_state_llama3.1v2.json
Llama3.1-8B · LoRA-v2,Llama3.1-8B,LoRA-v2,15040,2.1522719141323794,1.1853,1.1211499095846279e-05,trainer_state_llama3.1v2.json
Llama3.1-8B · LoRA-v2,Llama3.1-8B,LoRA-v2,15050,2.1537030411449014,1.3824,1.1176794177896505e-05,trainer_state_llama3.1v2.json
Llama3.1-8B · LoRA-v2,Llama3.1-8B,LoRA-v2,15060,2.155134168157424,1.2627,1.1142127586760873e-05,trainer_state_llama3.1v2.json
Llama3.1-8B · LoRA-v2,Llama3.1-8B,LoRA-v2,15070,2.1565652951699463,1.2364,1.1107499418557452e-05,trainer_state_llama3.1v2.json
Llama3.1-8B · LoRA-v2,Llama3.1-8B,LoRA-v2,15080,2.157996422182469,1.3017,1.107290976929781e-05,trainer_state_llama3.1v2.json
Llama3.1-8B · LoRA-v2,Llama3.1-8B,LoRA-v2,15090,2.1594275491949912,1.205,1.1038358734886684e-05,trainer_state_llama3.1v2.json
Llama3.1-8B · LoRA-v2,Llama3.1-8B,LoRA-v2,15100,2.1608586762075133,1.1047,1.1003846411121751e-05,trainer_state_llama3.1v2.json
Llama3.1-8B · LoRA-v2,Llama3.1-8B,LoRA-v2,15110,2.1622898032200357,1.0864,1.0969372893693369e-05,trainer_state_llama3.1v2.json
Llama3.1-8B · LoRA-v2,Llama3.1-8B,LoRA-v2,15120,2.163720930232558,1.1735,1.0934938278184292e-05,trainer_state_llama3.1v2.json
Llama3.1-8B · LoRA-v2,Llama3.1-8B,LoRA-v2,15130,2.1651520572450806,1.3032,1.090054266006941e-05,trainer_state_llama3.1v2.json
Llama3.1-8B · LoRA-v2,Llama3.1-8B,LoRA-v2,15140,2.1665831842576027,1.2286,1.0866186134715492e-05,trainer_state_llama3.1v2.json
Llama3.1-8B · LoRA-v2,Llama3.1-8B,LoRA-v2,15150,2.168014311270125,1.2048,1.0831868797380907e-05,trainer_state_llama3.1v2.json
Llama3.1-8B · LoRA-v2,Llama3.1-8B,LoRA-v2,15160,2.1694454382826476,1.2582,1.07975907432154e-05,trainer_state_llama3.1v2.json
Llama3.1-8B · LoRA-v2,Llama3.1-8B,LoRA-v2,15170,2.17087656529517,1.0833,1.076335206725976e-05,trainer_state_llama3.1v2.json
Llama3.1-8B · LoRA-v2,Llama3.1-8B,LoRA-v2,15180,2.1723076923076925,1.2687,1.0729152864445618e-05,trainer_state_llama3.1v2.json
Llama3.1-8B · LoRA-v2,Llama3.1-8B,LoRA-v2,15190,2.1737388193202145,1.4145,1.0694993229595149e-05,trainer_state_llama3.1v2.json
Llama3.1-8B · LoRA-v2,Llama3.1-8B,LoRA-v2,15200,2.175169946332737,1.0929,1.0660873257420822e-05,trainer_state_llama3.1v2.json
Llama3.1-8B · LoRA-v2,Llama3.1-8B,LoRA-v2,15210,2.1766010733452594,1.3318,1.062679304252514e-05,trainer_state_llama3.1v2.json
Llama3.1-8B · LoRA-v2,Llama3.1-8B,LoRA-v2,15220,2.178032200357782,1.3311,1.059275267940037e-05,trainer_state_llama3.1v2.json
Llama3.1-8B · LoRA-v2,Llama3.1-8B,LoRA-v2,15230,2.1794633273703043,1.2741,1.0558752262428273e-05,trainer_state_llama3.1v2.json
Llama3.1-8B · LoRA-v2,Llama3.1-8B,LoRA-v2,15240,2.1808944543828264,1.2569,1.0524791885879887e-05,trainer_state_llama3.1v2.json
Llama3.1-8B · LoRA-v2,Llama3.1-8B,LoRA-v2,15250,2.182325581395349,1.3302,1.04908716439152e-05,trainer_state_llama3.1v2.json
Llama3.1-8B · LoRA-v2,Llama3.1-8B,LoRA-v2,15260,2.1837567084078713,1.1992,1.0456991630582943e-05,trainer_state_llama3.1v2.json
Llama3.1-8B · LoRA-v2,Llama3.1-8B,LoRA-v2,15270,2.1851878354203937,1.2767,1.0423151939820263e-05,trainer_state_llama3.1v2.json
Llama3.1-8B · LoRA-v2,Llama3.1-8B,LoRA-v2,15280,2.1866189624329158,1.1125,1.0389352665452576e-05,trainer_state_llama3.1v2.json
Llama3.1-8B · LoRA-v2,Llama3.1-8B,LoRA-v2,15290,2.188050089445438,1.0944,1.0355593901193183e-05,trainer_state_llama3.1v2.json
Llama3.1-8B · LoRA-v2,Llama3.1-8B,LoRA-v2,15300,2.1894812164579607,1.2525,1.0321875740643092e-05,trainer_state_llama3.1v2.json
Llama3.1-8B · LoRA-v2,Llama3.1-8B,LoRA-v2,15310,2.190912343470483,1.237,1.0288198277290706e-05,trainer_state_llama3.1v2.json
Llama3.1-8B · LoRA-v2,Llama3.1-8B,LoRA-v2,15320,2.1923434704830056,1.2714,1.0254561604511631e-05,trainer_state_llama3.1v2.json
Llama3.1-8B · LoRA-v2,Llama3.1-8B,LoRA-v2,15330,2.1937745974955276,1.2247,1.0220965815568348e-05,trainer_state_llama3.1v2.json
Llama3.1-8B · LoRA-v2,Llama3.1-8B,LoRA-v2,15340,2.19520572450805,1.1932,1.0187411003609968e-05,trainer_state_llama3.1v2.json
Llama3.1-8B · LoRA-v2,Llama3.1-8B,LoRA-v2,15350,2.1966368515205725,1.1795,1.0153897261671999e-05,trainer_state_llama3.1v2.json
Llama3.1-8B · LoRA-v2,Llama3.1-8B,LoRA-v2,15360,2.198067978533095,1.2692,1.0120424682676105e-05,trainer_state_llama3.1v2.json
Llama3.1-8B · LoRA-v2,Llama3.1-8B,LoRA-v2,15370,2.199499105545617,1.3384,1.0086993359429784e-05,trainer_state_llama3.1v2.json
Llama3.1-8B · LoRA-v2,Llama3.1-8B,LoRA-v2,15380,2.2009302325581395,1.1877,1.0053603384626158e-05,trainer_state_llama3.1v2.json
Llama3.1-8B · LoRA-v2,Llama3.1-8B,LoRA-v2,15390,2.202361359570662,1.1798,1.00202548508437e-05,trainer_state_llama3.1v2.json
Llama3.1-8B · LoRA-v2,Llama3.1-8B,LoRA-v2,15400,2.2037924865831844,1.2396,9.986947850545999e-06,trainer_state_llama3.1v2.json
Llama3.1-8B · LoRA-v2,Llama3.1-8B,LoRA-v2,15410,2.205223613595707,1.2278,9.95368247608148e-06,trainer_state_llama3.1v2.json
Llama3.1-8B · LoRA-v2,Llama3.1-8B,LoRA-v2,15420,2.206654740608229,1.1612,9.920458819683129e-06,trainer_state_llama3.1v2.json
Llama3.1-8B · LoRA-v2,Llama3.1-8B,LoRA-v2,15430,2.2080858676207513,1.2011,9.887276973468282e-06,trainer_state_llama3.1v2.json
Llama3.1-8B · LoRA-v2,Llama3.1-8B,LoRA-v2,15440,2.209516994633274,1.2202,9.85413702943837e-06,trainer_state_llama3.1v2.json
Llama3.1-8B · LoRA-v2,Llama3.1-8B,LoRA-v2,15450,2.2109481216457962,1.2729,9.821039079478614e-06,trainer_state_llama3.1v2.json
Llama3.1-8B · LoRA-v2,Llama3.1-8B,LoRA-v2,15460,2.2123792486583183,1.2367,9.787983215357815e-06,trainer_state_llama3.1v2.json
Llama3.1-8B · LoRA-v2,Llama3.1-8B,LoRA-v2,15470,2.2138103756708407,1.2297,9.75496952872807e-06,trainer_state_llama3.1v2.json
Llama3.1-8B · LoRA-v2,Llama3.1-8B,LoRA-v2,15480,2.215241502683363,1.1234,9.721998111124572e-06,trainer_state_llama3.1v2.json
Llama3.1-8B · LoRA-v2,Llama3.1-8B,LoRA-v2,15490,2.2166726296958856,1.1682,9.68906905396526e-06,trainer_state_llama3.1v2.json
Llama3.1-8B · LoRA-v2,Llama3.1-8B,LoRA-v2,15500,2.218103756708408,1.2256,9.656182448550666e-06,trainer_state_llama3.1v2.json
Llama3.1-8B · LoRA-v2,Llama3.1-8B,LoRA-v2,15510,2.21953488372093,1.1956,9.623338386063593e-06,trainer_state_llama3.1v2.json
Llama3.1-8B · LoRA-v2,Llama3.1-8B,LoRA-v2,15520,2.2209660107334526,1.1799,9.590536957568918e-06,trainer_state_llama3.1v2.json
Llama3.1-8B · LoRA-v2,Llama3.1-8B,LoRA-v2,15530,2.222397137745975,1.2122,9.55777825401328e-06,trainer_state_llama3.1v2.json
Llama3.1-8B · LoRA-v2,Llama3.1-8B,LoRA-v2,15540,2.2238282647584975,1.3634,9.525062366224868e-06,trainer_state_llama3.1v2.json
Llama3.1-8B · LoRA-v2,Llama3.1-8B,LoRA-v2,15550,2.2252593917710195,1.3055,9.492389384913158e-06,trainer_state_llama3.1v2.json
Llama3.1-8B · LoRA-v2,Llama3.1-8B,LoRA-v2,15560,2.226690518783542,1.2893,9.459759400668661e-06,trainer_state_llama3.1v2.json
Llama3.1-8B · LoRA-v2,Llama3.1-8B,LoRA-v2,15570,2.2281216457960644,1.1792,9.427172503962672e-06,trainer_state_llama3.1v2.json
Llama3.1-8B · LoRA-v2,Llama3.1-8B,LoRA-v2,15580,2.229552772808587,1.2098,9.394628785147024e-06,trainer_state_llama3.1v2.json
Llama3.1-8B · LoRA-v2,Llama3.1-8B,LoRA-v2,15590,2.2309838998211093,1.0552,9.362128334453815e-06,trainer_state_llama3.1v2.json
Llama3.1-8B · LoRA-v2,Llama3.1-8B,LoRA-v2,15600,2.2324150268336314,1.2705,9.329671241995213e-06,trainer_state_llama3.1v2.json
Llama3.1-8B · LoRA-v2,Llama3.1-8B,LoRA-v2,15610,2.233846153846154,1.2255,9.297257597763134e-06,trainer_state_llama3.1v2.json
Llama3.1-8B · LoRA-v2,Llama3.1-8B,LoRA-v2,15620,2.2352772808586763,1.2063,9.26488749162904e-06,trainer_state_llama3.1v2.json
Llama3.1-8B · LoRA-v2,Llama3.1-8B,LoRA-v2,15630,2.2367084078711987,1.2503,9.232561013343683e-06,trainer_state_llama3.1v2.json
Llama3.1-8B · LoRA-v2,Llama3.1-8B,LoRA-v2,15640,2.2381395348837207,1.0617,9.20027825253684e-06,trainer_state_llama3.1v2.json
Llama3.1-8B · LoRA-v2,Llama3.1-8B,LoRA-v2,15650,2.239570661896243,1.0475,9.16803929871708e-06,trainer_state_llama3.1v2.json
Llama3.1-8B · LoRA-v2,Llama3.1-8B,LoRA-v2,15660,2.2410017889087657,1.2998,9.135844241271513e-06,trainer_state_llama3.1v2.json
Llama3.1-8B · LoRA-v2,Llama3.1-8B,LoRA-v2,15670,2.242432915921288,1.0916,9.103693169465527e-06,trainer_state_llama3.1v2.json
Llama3.1-8B · LoRA-v2,Llama3.1-8B,LoRA-v2,15680,2.2438640429338106,1.0814,9.071586172442584e-06,trainer_state_llama3.1v2.json
Llama3.1-8B · LoRA-v2,Llama3.1-8B,LoRA-v2,15690,2.2452951699463326,1.1702,9.039523339223915e-06,trainer_state_llama3.1v2.json
Llama3.1-8B · LoRA-v2,Llama3.1-8B,LoRA-v2,15700,2.246726296958855,1.1845,9.007504758708316e-06,trainer_state_llama3.1v2.json
Llama3.1-8B · LoRA-v2,Llama3.1-8B,LoRA-v2,15710,2.2481574239713775,1.3742,8.975530519671848e-06,trainer_state_llama3.1v2.json
Llama3.1-8B · LoRA-v2,Llama3.1-8B,LoRA-v2,15720,2.2495885509839,1.3369,8.943600710767694e-06,trainer_state_llama3.1v2.json
Llama3.1-8B · LoRA-v2,Llama3.1-8B,LoRA-v2,15730,2.251019677996422,1.1004,8.9117154205258e-06,trainer_state_llama3.1v2.json
Llama3.1-8B · LoRA-v2,Llama3.1-8B,LoRA-v2,15740,2.2524508050089445,1.271,8.879874737352689e-06,trainer_state_llama3.1v2.json
Llama3.1-8B · LoRA-v2,Llama3.1-8B,LoRA-v2,15750,2.253881932021467,1.2015,8.848078749531202e-06,trainer_state_llama3.1v2.json
Llama3.1-8B · LoRA-v2,Llama3.1-8B,LoRA-v2,15760,2.2553130590339894,1.2189,8.816327545220276e-06,trainer_state_llama3.1v2.json
Llama3.1-8B · LoRA-v2,Llama3.1-8B,LoRA-v2,15770,2.256744186046512,1.2227,8.784621212454667e-06,trainer_state_llama3.1v2.json
Llama3.1-8B · LoRA-v2,Llama3.1-8B,LoRA-v2,15780,2.258175313059034,1.1997,8.752959839144689e-06,trainer_state_llama3.1v2.json
Llama3.1-8B · LoRA-v2,Llama3.1-8B,LoRA-v2,15790,2.2596064400715563,1.3019,8.721343513076035e-06,trainer_state_llama3.1v2.json
Llama3.1-8B · LoRA-v2,Llama3.1-8B,LoRA-v2,15800,2.2610375670840788,1.2762,8.689772321909501e-06,trainer_state_llama3.1v2.json
Llama3.1-8B · LoRA-v2,Llama3.1-8B,LoRA-v2,15810,2.2624686940966012,1.2547,8.658246353180722e-06,trainer_state_llama3.1v2.json
Llama3.1-8B · LoRA-v2,Llama3.1-8B,LoRA-v2,15820,2.2638998211091232,1.2012,8.626765694299947e-06,trainer_state_llama3.1v2.json
Llama3.1-8B · LoRA-v2,Llama3.1-8B,LoRA-v2,15830,2.2653309481216457,1.1016,8.595330432551799e-06,trainer_state_llama3.1v2.json
Llama3.1-8B · LoRA-v2,Llama3.1-8B,LoRA-v2,15840,2.266762075134168,1.2116,8.563940655095052e-06,trainer_state_llama3.1v2.json
Llama3.1-8B · LoRA-v2,Llama3.1-8B,LoRA-v2,15850,2.2681932021466906,1.1885,8.532596448962349e-06,trainer_state_llama3.1v2.json
Llama3.1-8B · LoRA-v2,Llama3.1-8B,LoRA-v2,15860,2.269624329159213,1.277,8.501297901059966e-06,trainer_state_llama3.1v2.json
Llama3.1-8B · LoRA-v2,Llama3.1-8B,LoRA-v2,15870,2.271055456171735,1.2553,8.4700450981676e-06,trainer_state_llama3.1v2.json
Llama3.1-8B · LoRA-v2,Llama3.1-8B,LoRA-v2,15880,2.2724865831842576,1.2323,8.438838126938135e-06,trainer_state_llama3.1v2.json
Llama3.1-8B · LoRA-v2,Llama3.1-8B,LoRA-v2,15890,2.27391771019678,1.0715,8.407677073897346e-06,trainer_state_llama3.1v2.json
Llama3.1-8B · LoRA-v2,Llama3.1-8B,LoRA-v2,15900,2.2753488372093025,1.1554,8.376562025443712e-06,trainer_state_llama3.1v2.json
Llama3.1-8B · LoRA-v2,Llama3.1-8B,LoRA-v2,15910,2.2767799642218245,1.1835,8.34549306784814e-06,trainer_state_llama3.1v2.json
Llama3.1-8B · LoRA-v2,Llama3.1-8B,LoRA-v2,15920,2.278211091234347,1.3047,8.314470287253786e-06,trainer_state_llama3.1v2.json
Llama3.1-8B · LoRA-v2,Llama3.1-8B,LoRA-v2,15930,2.2796422182468694,1.3029,8.283493769675716e-06,trainer_state_llama3.1v2.json
Llama3.1-8B · LoRA-v2,Llama3.1-8B,LoRA-v2,15940,2.281073345259392,1.3136,8.252563601000759e-06,trainer_state_llama3.1v2.json
Llama3.1-8B · LoRA-v2,Llama3.1-8B,LoRA-v2,15950,2.2825044722719143,1.2164,8.221679866987225e-06,trainer_state_llama3.1v2.json
Llama3.1-8B · LoRA-v2,Llama3.1-8B,LoRA-v2,15960,2.2839355992844363,1.2127,8.190842653264697e-06,trainer_state_llama3.1v2.json
Llama3.1-8B · LoRA-v2,Llama3.1-8B,LoRA-v2,15970,2.285366726296959,1.0183,8.16005204533375e-06,trainer_state_llama3.1v2.json
Llama3.1-8B · LoRA-v2,Llama3.1-8B,LoRA-v2,15980,2.2867978533094813,1.2595,8.129308128565743e-06,trainer_state_llama3.1v2.json
Llama3.1-8B · LoRA-v2,Llama3.1-8B,LoRA-v2,15990,2.2882289803220037,1.1178,8.098610988202573e-06,trainer_state_llama3.1v2.json
Llama3.1-8B · LoRA-v2,Llama3.1-8B,LoRA-v2,16000,2.2896601073345257,1.2865,8.067960709356478e-06,trainer_state_llama3.1v2.json
Llama3.1-8B · LoRA-v2,Llama3.1-8B,LoRA-v2,16010,2.291091234347048,1.1461,8.037357377009707e-06,trainer_state_llama3.1v2.json
Llama3.1-8B · LoRA-v2,Llama3.1-8B,LoRA-v2,16020,2.2925223613595707,1.165,8.006801076014387e-06,trainer_state_llama3.1v2.json
Llama3.1-8B · LoRA-v2,Llama3.1-8B,LoRA-v2,16030,2.293953488372093,1.1908,7.976291891092222e-06,trainer_state_llama3.1v2.json
Llama3.1-8B · LoRA-v2,Llama3.1-8B,LoRA-v2,16040,2.2953846153846156,1.2089,7.945829906834299e-06,trainer_state_llama3.1v2.json
Llama3.1-8B · LoRA-v2,Llama3.1-8B,LoRA-v2,16050,2.2968157423971376,1.2475,7.915415207700822e-06,trainer_state_llama3.1v2.json
Llama3.1-8B · LoRA-v2,Llama3.1-8B,LoRA-v2,16060,2.29824686940966,1.1579,7.88504787802089e-06,trainer_state_llama3.1v2.json
Llama3.1-8B · LoRA-v2,Llama3.1-8B,LoRA-v2,16070,2.2996779964221825,1.2324,7.854728001992265e-06,trainer_state_llama3.1v2.json
Llama3.1-8B · LoRA-v2,Llama3.1-8B,LoRA-v2,16080,2.301109123434705,1.1854,7.824455663681137e-06,trainer_state_llama3.1v2.json
Llama3.1-8B · LoRA-v2,Llama3.1-8B,LoRA-v2,16090,2.302540250447227,1.0893,7.794230947021891e-06,trainer_state_llama3.1v2.json
Llama3.1-8B · LoRA-v2,Llama3.1-8B,LoRA-v2,16100,2.3039713774597494,1.2057,7.764053935816878e-06,trainer_state_llama3.1v2.json
Llama3.1-8B · LoRA-v2,Llama3.1-8B,LoRA-v2,16110,2.305402504472272,1.0975,7.733924713736163e-06,trainer_state_llama3.1v2.json
Llama3.1-8B · LoRA-v2,Llama3.1-8B,LoRA-v2,16120,2.3068336314847944,1.295,7.70384336431734e-06,trainer_state_llama3.1v2.json
Llama3.1-8B · LoRA-v2,Llama3.1-8B,LoRA-v2,16130,2.308264758497317,1.1665,7.67380997096524e-06,trainer_state_llama3.1v2.json
Llama3.1-8B · LoRA-v2,Llama3.1-8B,LoRA-v2,16140,2.309695885509839,1.1614,7.64382461695175e-06,trainer_state_llama3.1v2.json
Llama3.1-8B · LoRA-v2,Llama3.1-8B,LoRA-v2,16150,2.3111270125223613,1.1766,7.613887385415524e-06,trainer_state_llama3.1v2.json
Llama3.1-8B · LoRA-v2,Llama3.1-8B,LoRA-v2,16160,2.3125581395348838,1.1597,7.583998359361843e-06,trainer_state_llama3.1v2.json
Llama3.1-8B · LoRA-v2,Llama3.1-8B,LoRA-v2,16170,2.313989266547406,1.0946,7.554157621662292e-06,trainer_state_llama3.1v2.json
Llama3.1-8B · LoRA-v2,Llama3.1-8B,LoRA-v2,16180,2.3154203935599282,1.2338,7.5243652550545855e-06,trainer_state_llama3.1v2.json
Llama3.1-8B · LoRA-v2,Llama3.1-8B,LoRA-v2,16190,2.3168515205724507,1.1961,7.494621342142308e-06,trainer_state_llama3.1v2.json
Llama3.1-8B · LoRA-v2,Llama3.1-8B,LoRA-v2,16200,2.318282647584973,1.207,7.464925965394729e-06,trainer_state_llama3.1v2.json
Llama3.1-8B · LoRA-v2,Llama3.1-8B,LoRA-v2,16210,2.3197137745974956,1.2478,7.4352792071465116e-06,trainer_state_llama3.1v2.json
Llama3.1-8B · LoRA-v2,Llama3.1-8B,LoRA-v2,16220,2.321144901610018,1.1767,7.4056811495975455e-06,trainer_state_llama3.1v2.json
Llama3.1-8B · LoRA-v2,Llama3.1-8B,LoRA-v2,16230,2.32257602862254,1.1711,7.37613187481265e-06,trainer_state_llama3.1v2.json
Llama3.1-8B · LoRA-v2,Llama3.1-8B,LoRA-v2,16240,2.3240071556350625,1.1888,7.346631464721437e-06,trainer_state_llama3.1v2.json
Llama3.1-8B · LoRA-v2,Llama3.1-8B,LoRA-v2,16250,2.325438282647585,1.2681,7.317180001118004e-06,trainer_state_llama3.1v2.json
Llama3.1-8B · LoRA-v2,Llama3.1-8B,LoRA-v2,16260,2.3268694096601075,1.1464,7.287777565660741e-06,trainer_state_llama3.1v2.json
Llama3.1-8B · LoRA-v2,Llama3.1-8B,LoRA-v2,16270,2.3283005366726295,1.2832,7.258424239872097e-06,trainer_state_llama3.1v2.json
Llama3.1-8B · LoRA-v2,Llama3.1-8B,LoRA-v2,16280,2.329731663685152,1.2102,7.229120105138382e-06,trainer_state_llama3.1v2.json
Llama3.1-8B · LoRA-v2,Llama3.1-8B,LoRA-v2,16290,2.3311627906976744,1.1574,7.199865242709491e-06,trainer_state_llama3.1v2.json
Llama3.1-8B · LoRA-v2,Llama3.1-8B,LoRA-v2,16300,2.332593917710197,1.1755,7.170659733698707e-06,trainer_state_llama3.1v2.json
Llama3.1-8B · LoRA-v2,Llama3.1-8B,LoRA-v2,16310,2.3340250447227193,1.258,7.141503659082469e-06,trainer_state_llama3.1v2.json
Llama3.1-8B · LoRA-v2,Llama3.1-8B,LoRA-v2,16320,2.3354561717352413,1.2278,7.1123970997001825e-06,trainer_state_llama3.1v2.json
Llama3.1-8B · LoRA-v2,Llama3.1-8B,LoRA-v2,16330,2.336887298747764,1.0897,7.083340136253936e-06,trainer_state_llama3.1v2.json
Llama3.1-8B · LoRA-v2,Llama3.1-8B,LoRA-v2,16340,2.3383184257602863,1.1505,7.054332849308312e-06,trainer_state_llama3.1v2.json
Llama3.1-8B · LoRA-v2,Llama3.1-8B,LoRA-v2,16350,2.3397495527728087,1.3102,7.025375319290153e-06,trainer_state_llama3.1v2.json
Llama3.1-8B · LoRA-v2,Llama3.1-8B,LoRA-v2,16360,2.3411806797853307,1.1677,6.996467626488376e-06,trainer_state_llama3.1v2.json
Llama3.1-8B · LoRA-v2,Llama3.1-8B,LoRA-v2,16370,2.342611806797853,1.1468,6.967609851053667e-06,trainer_state_llama3.1v2.json
Llama3.1-8B · LoRA-v2,Llama3.1-8B,LoRA-v2,16380,2.3440429338103757,1.1942,6.938802072998338e-06,trainer_state_llama3.1v2.json
Llama3.1-8B · LoRA-v2,Llama3.1-8B,LoRA-v2,16390,2.345474060822898,1.2056,6.91004437219607e-06,trainer_state_llama3.1v2.json
Llama3.1-8B · LoRA-v2,Llama3.1-8B,LoRA-v2,16400,2.3469051878354206,1.2505,6.88133682838171e-06,trainer_state_llama3.1v2.json
Llama3.1-8B · LoRA-v2,Llama3.1-8B,LoRA-v2,16410,2.3483363148479426,1.1533,6.85267952115102e-06,trainer_state_llama3.1v2.json
Llama3.1-8B · LoRA-v2,Llama3.1-8B,LoRA-v2,16420,2.349767441860465,1.1028,6.824072529960485e-06,trainer_state_llama3.1v2.json
Llama3.1-8B · LoRA-v2,Llama3.1-8B,LoRA-v2,16430,2.3511985688729875,1.324,6.795515934127064e-06,trainer_state_llama3.1v2.json
Llama3.1-8B · LoRA-v2,Llama3.1-8B,LoRA-v2,16440,2.35262969588551,1.2328,6.7670098128280266e-06,trainer_state_llama3.1v2.json
Llama3.1-8B · LoRA-v2,Llama3.1-8B,LoRA-v2,16450,2.354060822898032,1.1255,6.738554245100648e-06,trainer_state_llama3.1v2.json
Llama3.1-8B · LoRA-v2,Llama3.1-8B,LoRA-v2,16460,2.3554919499105544,1.2394,6.7101493098420596e-06,trainer_state_llama3.1v2.json
Llama3.1-8B · LoRA-v2,Llama3.1-8B,LoRA-v2,16470,2.356923076923077,1.2102,6.681795085809004e-06,trainer_state_llama3.1v2.json
Llama3.1-8B · LoRA-v2,Llama3.1-8B,LoRA-v2,16480,2.3583542039355994,1.2522,6.6534916516176295e-06,trainer_state_llama3.1v2.json
Llama3.1-8B · LoRA-v2,Llama3.1-8B,LoRA-v2,16490,2.359785330948122,1.2955,6.6252390857432485e-06,trainer_state_llama3.1v2.json
Llama3.1-8B · LoRA-v2,Llama3.1-8B,LoRA-v2,16500,2.361216457960644,1.2965,6.59703746652014e-06,trainer_state_llama3.1v2.json
Llama3.1-8B · LoRA-v2,Llama3.1-8B,LoRA-v2,16510,2.3626475849731663,1.1943,6.568886872141325e-06,trainer_state_llama3.1v2.json
Llama3.1-8B · LoRA-v2,Llama3.1-8B,LoRA-v2,16520,2.3640787119856888,1.2006,6.540787380658345e-06,trainer_state_llama3.1v2.json
Llama3.1-8B · LoRA-v2,Llama3.1-8B,LoRA-v2,16530,2.365509838998211,1.1613,6.512739069981061e-06,trainer_state_llama3.1v2.json
Llama3.1-8B · LoRA-v2,Llama3.1-8B,LoRA-v2,16540,2.3669409660107332,1.2379,6.484742017877426e-06,trainer_state_llama3.1v2.json
Llama3.1-8B · LoRA-v2,Llama3.1-8B,LoRA-v2,16550,2.3683720930232557,1.2675,6.456796301973258e-06,trainer_state_llama3.1v2.json
Llama3.1-8B · LoRA-v2,Llama3.1-8B,LoRA-v2,16560,2.369803220035778,1.2172,6.4289019997520625e-06,trainer_state_llama3.1v2.json
Llama3.1-8B · LoRA-v2,Llama3.1-8B,LoRA-v2,16570,2.3712343470483006,1.1248,6.401059188554778e-06,trainer_state_llama3.1v2.json
Llama3.1-8B · LoRA-v2,Llama3.1-8B,LoRA-v2,16580,2.372665474060823,1.1737,6.373267945579584e-06,trainer_state_llama3.1v2.json
Llama3.1-8B · LoRA-v2,Llama3.1-8B,LoRA-v2,16590,2.374096601073345,1.2374,6.345528347881649e-06,trainer_state_llama3.1v2.json
Llama3.1-8B · LoRA-v2,Llama3.1-8B,LoRA-v2,16600,2.3755277280858675,1.1469,6.317840472372996e-06,trainer_state_llama3.1v2.json
Llama3.1-8B · LoRA-v2,Llama3.1-8B,LoRA-v2,16610,2.37695885509839,1.1667,6.2902043958222135e-06,trainer_state_llama3.1v2.json
Llama3.1-8B · LoRA-v2,Llama3.1-8B,LoRA-v2,16620,2.3783899821109125,1.0841,6.262620194854271e-06,trainer_state_llama3.1v2.json
Llama3.1-8B · LoRA-v2,Llama3.1-8B,LoRA-v2,16630,2.3798211091234345,1.1539,6.2350879459503045e-06,trainer_state_llama3.1v2.json
Llama3.1-8B · LoRA-v2,Llama3.1-8B,LoRA-v2,16640,2.381252236135957,1.3649,6.207607725447423e-06,trainer_state_llama3.1v2.json
Llama3.1-8B · LoRA-v2,Llama3.1-8B,LoRA-v2,16650,2.3826833631484794,1.3166,6.180179609538456e-06,trainer_state_llama3.1v2.json
Llama3.1-8B · LoRA-v2,Llama3.1-8B,LoRA-v2,16660,2.384114490161002,1.3182,6.152803674271787e-06,trainer_state_llama3.1v2.json
Llama3.1-8B · LoRA-v2,Llama3.1-8B,LoRA-v2,16670,2.3855456171735243,1.2033,6.125479995551087e-06,trainer_state_llama3.1v2.json
Llama3.1-8B · LoRA-v2,Llama3.1-8B,LoRA-v2,16680,2.3869767441860463,1.1994,6.098208649135185e-06,trainer_state_llama3.1v2.json
Llama3.1-8B · LoRA-v2,Llama3.1-8B,LoRA-v2,16690,2.388407871198569,1.3373,6.070989710637773e-06,trainer_state_llama3.1v2.json
Llama3.1-8B · LoRA-v2,Llama3.1-8B,LoRA-v2,16700,2.3898389982110912,1.0907,6.043823255527253e-06,trainer_state_llama3.1v2.json
Llama3.1-8B · LoRA-v2,Llama3.1-8B,LoRA-v2,16710,2.3912701252236137,1.1283,6.016709359126502e-06,trainer_state_llama3.1v2.json
Llama3.1-8B · LoRA-v2,Llama3.1-8B,LoRA-v2,16720,2.3927012522361357,1.1952,5.989648096612682e-06,trainer_state_llama3.1v2.json
Llama3.1-8B · LoRA-v2,Llama3.1-8B,LoRA-v2,16730,2.394132379248658,1.2159,5.9626395430170155e-06,trainer_state_llama3.1v2.json
Llama3.1-8B · LoRA-v2,Llama3.1-8B,LoRA-v2,16740,2.3955635062611806,1.2818,5.935683773224562e-06,trainer_state_llama3.1v2.json
Llama3.1-8B · LoRA-v2,Llama3.1-8B,LoRA-v2,16750,2.396994633273703,1.0758,5.908780861974047e-06,trainer_state_llama3.1v2.json
Llama3.1-8B · LoRA-v2,Llama3.1-8B,LoRA-v2,16760,2.3984257602862256,1.22,5.88193088385765e-06,trainer_state_llama3.1v2.json
Llama3.1-8B · LoRA-v2,Llama3.1-8B,LoRA-v2,16770,2.3998568872987476,1.1912,5.85513391332077e-06,trainer_state_llama3.1v2.json
Llama3.1-8B · LoRA-v2,Llama3.1-8B,LoRA-v2,16780,2.40128801431127,1.1355,5.828390024661837e-06,trainer_state_llama3.1v2.json
Llama3.1-8B · LoRA-v2,Llama3.1-8B,LoRA-v2,16790,2.4027191413237925,1.2519,5.801699292032098e-06,trainer_state_llama3.1v2.json
Llama3.1-8B · LoRA-v2,Llama3.1-8B,LoRA-v2,16800,2.404150268336315,1.0983,5.775061789435438e-06,trainer_state_llama3.1v2.json
Llama3.1-8B · LoRA-v2,Llama3.1-8B,LoRA-v2,16810,2.405581395348837,1.2167,5.74847759072814e-06,trainer_state_llama3.1v2.json
Llama3.1-8B · LoRA-v2,Llama3.1-8B,LoRA-v2,16820,2.4070125223613594,1.2126,5.7219467696186855e-06,trainer_state_llama3.1v2.json
Llama3.1-8B · LoRA-v2,Llama3.1-8B,LoRA-v2,16830,2.408443649373882,1.1013,5.695469399667563e-06,trainer_state_llama3.1v2.json
Llama3.1-8B · LoRA-v2,Llama3.1-8B,LoRA-v2,16840,2.4098747763864043,1.1518,5.669045554287081e-06,trainer_state_llama3.1v2.json
Llama3.1-8B · LoRA-v2,Llama3.1-8B,LoRA-v2,16850,2.411305903398927,1.1205,5.642675306741124e-06,trainer_state_llama3.1v2.json
Llama3.1-8B · LoRA-v2,Llama3.1-8B,LoRA-v2,16860,2.412737030411449,1.2593,5.6163587301449715e-06,trainer_state_llama3.1v2.json
Llama3.1-8B · LoRA-v2,Llama3.1-8B,LoRA-v2,16870,2.4141681574239713,1.2066,5.590095897465084e-06,trainer_state_llama3.1v2.json
Llama3.1-8B · LoRA-v2,Llama3.1-8B,LoRA-v2,16880,2.4155992844364937,1.2294,5.563886881518943e-06,trainer_state_llama3.1v2.json
Llama3.1-8B · LoRA-v2,Llama3.1-8B,LoRA-v2,16890,2.417030411449016,1.1677,5.537731754974773e-06,trainer_state_llama3.1v2.json
Llama3.1-8B · LoRA-v2,Llama3.1-8B,LoRA-v2,16900,2.418461538461538,1.1821,5.511630590351402e-06,trainer_state_llama3.1v2.json
Llama3.1-8B · LoRA-v2,Llama3.1-8B,LoRA-v2,16910,2.4198926654740607,1.2523,5.48558346001804e-06,trainer_state_llama3.1v2.json
Llama3.1-8B · LoRA-v2,Llama3.1-8B,LoRA-v2,16920,2.421323792486583,1.1382,5.45959043619409e-06,trainer_state_llama3.1v2.json
Llama3.1-8B · LoRA-v2,Llama3.1-8B,LoRA-v2,16930,2.4227549194991056,1.1563,5.433651590948916e-06,trainer_state_llama3.1v2.json
Llama3.1-8B · LoRA-v2,Llama3.1-8B,LoRA-v2,16940,2.424186046511628,1.2834,5.40776699620168e-06,trainer_state_llama3.1v2.json
Llama3.1-8B · LoRA-v2,Llama3.1-8B,LoRA-v2,16950,2.4256171735241505,1.2548,5.381936723721118e-06,trainer_state_llama3.1v2.json
Llama3.1-8B · LoRA-v2,Llama3.1-8B,LoRA-v2,16960,2.4270483005366725,1.2829,5.356160845125352e-06,trainer_state_llama3.1v2.json
Llama3.1-8B · LoRA-v2,Llama3.1-8B,LoRA-v2,16970,2.428479427549195,1.1634,5.330439431881692e-06,trainer_state_llama3.1v2.json
Llama3.1-8B · LoRA-v2,Llama3.1-8B,LoRA-v2,16980,2.4299105545617175,1.1632,5.304772555306434e-06,trainer_state_llama3.1v2.json
Llama3.1-8B · LoRA-v2,Llama3.1-8B,LoRA-v2,16990,2.4313416815742395,1.2762,5.279160286564652e-06,trainer_state_llama3.1v2.json
Llama3.1-8B · LoRA-v2,Llama3.1-8B,LoRA-v2,17000,2.432772808586762,1.2286,5.25360269667004e-06,trainer_state_llama3.1v2.json
Llama3.1-8B · LoRA-v2,Llama3.1-8B,LoRA-v2,17010,2.4342039355992844,1.0811,5.228099856484658e-06,trainer_state_llama3.1v2.json
Llama3.1-8B · LoRA-v2,Llama3.1-8B,LoRA-v2,17020,2.435635062611807,1.1759,5.202651836718781e-06,trainer_state_llama3.1v2.json
Llama3.1-8B · LoRA-v2,Llama3.1-8B,LoRA-v2,17030,2.4370661896243293,1.1654,5.177258707930676e-06,trainer_state_llama3.1v2.json
Llama3.1-8B · LoRA-v2,Llama3.1-8B,LoRA-v2,17040,2.4384973166368518,1.0172,5.151920540526428e-06,trainer_state_llama3.1v2.json
Llama3.1-8B · LoRA-v2,Llama3.1-8B,LoRA-v2,17050,2.439928443649374,1.215,5.126637404759727e-06,trainer_state_llama3.1v2.json
Llama3.1-8B · LoRA-v2,Llama3.1-8B,LoRA-v2,17060,2.4413595706618962,1.1716,5.101409370731677e-06,trainer_state_llama3.1v2.json
Llama3.1-8B · LoRA-v2,Llama3.1-8B,LoRA-v2,17070,2.4427906976744187,1.2985,5.0762365083906055e-06,trainer_state_llama3.1v2.json
Llama3.1-8B · LoRA-v2,Llama3.1-8B,LoRA-v2,17080,2.444221824686941,1.0805,5.0511188875318836e-06,trainer_state_llama3.1v2.json
Llama3.1-8B · LoRA-v2,Llama3.1-8B,LoRA-v2,17090,2.445652951699463,1.2732,5.026056577797702e-06,trainer_state_llama3.1v2.json
Llama3.1-8B · LoRA-v2,Llama3.1-8B,LoRA-v2,17100,2.4470840787119856,1.0744,5.0010496486769e-06,trainer_state_llama3.1v2.json
Llama3.1-8B · LoRA-v2,Llama3.1-8B,LoRA-v2,17110,2.448515205724508,1.1961,4.9760981695047445e-06,trainer_state_llama3.1v2.json
Llama3.1-8B · LoRA-v2,Llama3.1-8B,LoRA-v2,17120,2.4499463327370306,1.2021,4.951202209462799e-06,trainer_state_llama3.1v2.json
Llama3.1-8B · LoRA-v2,Llama3.1-8B,LoRA-v2,17130,2.451377459749553,1.1279,4.926361837578664e-06,trainer_state_llama3.1v2.json
Llama3.1-8B · LoRA-v2,Llama3.1-8B,LoRA-v2,17140,2.452808586762075,1.2737,4.9015771227258204e-06,trainer_state_llama3.1v2.json
Llama3.1-8B · LoRA-v2,Llama3.1-8B,LoRA-v2,17150,2.4542397137745975,1.1887,4.8768481336234294e-06,trainer_state_llama3.1v2.json
Llama3.1-8B · LoRA-v2,Llama3.1-8B,LoRA-v2,17160,2.45567084078712,1.0719,4.85217493883616e-06,trainer_state_llama3.1v2.json
Llama3.1-8B · LoRA-v2,Llama3.1-8B,LoRA-v2,17170,2.4571019677996424,1.2391,4.8275576067739695e-06,trainer_state_llama3.1v2.json
Llama3.1-8B · LoRA-v2,Llama3.1-8B,LoRA-v2,17180,2.4585330948121644,1.1974,4.80299620569192e-06,trainer_state_llama3.1v2.json
Llama3.1-8B · LoRA-v2,Llama3.1-8B,LoRA-v2,17190,2.459964221824687,1.0959,4.778490803690008e-06,trainer_state_llama3.1v2.json
Llama3.1-8B · LoRA-v2,Llama3.1-8B,LoRA-v2,17200,2.4613953488372093,1.1799,4.754041468712972e-06,trainer_state_llama3.1v2.json
Llama3.1-8B · LoRA-v2,Llama3.1-8B,LoRA-v2,17210,2.462826475849732,1.2036,4.729648268550085e-06,trainer_state_llama3.1v2.json
Llama3.1-8B · LoRA-v2,Llama3.1-8B,LoRA-v2,17220,2.4642576028622543,1.2073,4.705311270834983e-06,trainer_state_llama3.1v2.json
Llama3.1-8B · LoRA-v2,Llama3.1-8B,LoRA-v2,17230,2.4656887298747763,1.2118,4.681030543045461e-06,trainer_state_llama3.1v2.json
Llama3.1-8B · LoRA-v2,Llama3.1-8B,LoRA-v2,17240,2.4671198568872987,1.1514,4.656806152503321e-06,trainer_state_llama3.1v2.json
Llama3.1-8B · LoRA-v2,Llama3.1-8B,LoRA-v2,17250,2.468550983899821,1.2513,4.632638166374151e-06,trainer_state_llama3.1v2.json
Llama3.1-8B · LoRA-v2,Llama3.1-8B,LoRA-v2,17260,2.4699821109123437,1.2193,4.60852665166713e-06,trainer_state_llama3.1v2.json
Llama3.1-8B · LoRA-v2,Llama3.1-8B,LoRA-v2,17270,2.4714132379248657,1.3311,4.584471675234886e-06,trainer_state_llama3.1v2.json
Llama3.1-8B · LoRA-v2,Llama3.1-8B,LoRA-v2,17280,2.472844364937388,1.2853,4.560473303773285e-06,trainer_state_llama3.1v2.json
Llama3.1-8B · LoRA-v2,Llama3.1-8B,LoRA-v2,17290,2.4742754919499106,1.009,4.5365316038212426e-06,trainer_state_llama3.1v2.json
Llama3.1-8B · LoRA-v2,Llama3.1-8B,LoRA-v2,17300,2.475706618962433,1.2824,4.512646641760543e-06,trainer_state_llama3.1v2.json
Llama3.1-8B · LoRA-v2,Llama3.1-8B,LoRA-v2,17310,2.4771377459749555,1.2792,4.488818483815646e-06,trainer_state_llama3.1v2.json
Llama3.1-8B · LoRA-v2,Llama3.1-8B,LoRA-v2,17320,2.4785688729874775,1.2607,4.465047196053551e-06,trainer_state_llama3.1v2.json
Llama3.1-8B · LoRA-v2,Llama3.1-8B,LoRA-v2,17330,2.48,1.1902,4.441332844383531e-06,trainer_state_llama3.1v2.json
Llama3.1-8B · LoRA-v2,Llama3.1-8B,LoRA-v2,17340,2.4814311270125224,1.2716,4.417675494557019e-06,trainer_state_llama3.1v2.json
Llama3.1-8B · LoRA-v2,Llama3.1-8B,LoRA-v2,17350,2.482862254025045,1.1807,4.394075212167395e-06,trainer_state_llama3.1v2.json
Llama3.1-8B · LoRA-v2,Llama3.1-8B,LoRA-v2,17360,2.484293381037567,1.2052,4.370532062649832e-06,trainer_state_llama3.1v2.json
Llama3.1-8B · LoRA-v2,Llama3.1-8B,LoRA-v2,17370,2.4857245080500894,1.1081,4.347046111281064e-06,trainer_state_llama3.1v2.json
Llama3.1-8B · LoRA-v2,Llama3.1-8B,LoRA-v2,17380,2.487155635062612,1.1729,4.323617423179252e-06,trainer_state_llama3.1v2.json
Llama3.1-8B · LoRA-v2,Llama3.1-8B,LoRA-v2,17390,2.4885867620751343,1.2269,4.300246063303778e-06,trainer_state_llama3.1v2.json
Llama3.1-8B · LoRA-v2,Llama3.1-8B,LoRA-v2,17400,2.4900178890876568,1.2081,4.2769320964550964e-06,trainer_state_llama3.1v2.json
Llama3.1-8B · LoRA-v2,Llama3.1-8B,LoRA-v2,17410,2.4914490161001788,1.1762,4.253675587274491e-06,trainer_state_llama3.1v2.json
Llama3.1-8B · LoRA-v2,Llama3.1-8B,LoRA-v2,17420,2.4928801431127012,1.1846,4.230476600243969e-06,trainer_state_llama3.1v2.json
Llama3.1-8B · LoRA-v2,Llama3.1-8B,LoRA-v2,17430,2.4943112701252237,1.2491,4.207335199686027e-06,trainer_state_llama3.1v2.json
Llama3.1-8B · LoRA-v2,Llama3.1-8B,LoRA-v2,17440,2.495742397137746,1.1977,4.184251449763523e-06,trainer_state_llama3.1v2.json
Llama3.1-8B · LoRA-v2,Llama3.1-8B,LoRA-v2,17450,2.497173524150268,1.2307,4.1612254144794445e-06,trainer_state_llama3.1v2.json
Llama3.1-8B · LoRA-v2,Llama3.1-8B,LoRA-v2,17460,2.4986046511627906,1.2842,4.138257157676767e-06,trainer_state_llama3.1v2.json
Llama3.1-8B · LoRA-v2,Llama3.1-8B,LoRA-v2,17470,2.500035778175313,1.1644,4.115346743038265e-06,trainer_state_llama3.1v2.json
Llama3.1-8B · LoRA-v2,Llama3.1-8B,LoRA-v2,17480,2.5014669051878355,1.1415,4.092494234086336e-06,trainer_state_llama3.1v2.json
Llama3.1-8B · LoRA-v2,Llama3.1-8B,LoRA-v2,17490,2.502898032200358,1.2199,4.069699694182832e-06,trainer_state_llama3.1v2.json
Llama3.1-8B · LoRA-v2,Llama3.1-8B,LoRA-v2,17500,2.50432915921288,1.2951,4.0469631865288734e-06,trainer_state_llama3.1v2.json
Llama3.1-8B · LoRA-v2,Llama3.1-8B,LoRA-v2,17510,2.5057602862254025,1.1656,4.024284774164669e-06,trainer_state_llama3.1v2.json
Llama3.1-8B · LoRA-v2,Llama3.1-8B,LoRA-v2,17520,2.507191413237925,1.1791,4.00166451996937e-06,trainer_state_llama3.1v2.json
Llama3.1-8B · LoRA-v2,Llama3.1-8B,LoRA-v2,17530,2.508622540250447,1.0804,3.979102486660863e-06,trainer_state_llama3.1v2.json
Llama3.1-8B · LoRA-v2,Llama3.1-8B,LoRA-v2,17540,2.5100536672629694,1.1576,3.956598736795611e-06,trainer_state_llama3.1v2.json
Llama3.1-8B · LoRA-v2,Llama3.1-8B,LoRA-v2,17550,2.511484794275492,1.3125,3.934153332768464e-06,trainer_state_llama3.1v2.json
Llama3.1-8B · LoRA-v2,Llama3.1-8B,LoRA-v2,17560,2.5129159212880143,1.2267,3.911766336812531e-06,trainer_state_llama3.1v2.json
Llama3.1-8B · LoRA-v2,Llama3.1-8B,LoRA-v2,17570,2.514347048300537,1.2349,3.88943781099895e-06,trainer_state_llama3.1v2.json
Llama3.1-8B · LoRA-v2,Llama3.1-8B,LoRA-v2,17580,2.5157781753130593,1.1547,3.8671678172367496e-06,trainer_state_llama3.1v2.json
Llama3.1-8B · LoRA-v2,Llama3.1-8B,LoRA-v2,17590,2.5172093023255813,1.1489,3.844956417272671e-06,trainer_state_llama3.1v2.json
Llama3.1-8B · LoRA-v2,Llama3.1-8B,LoRA-v2,17600,2.5186404293381037,1.1926,3.8228036726910025e-06,trainer_state_llama3.1v2.json
Llama3.1-8B · LoRA-v2,Llama3.1-8B,LoRA-v2,17610,2.520071556350626,1.2563,3.800709644913389e-06,trainer_state_llama3.1v2.json
Llama3.1-8B · LoRA-v2,Llama3.1-8B,LoRA-v2,17620,2.5215026833631486,1.1862,3.7786743951986893e-06,trainer_state_llama3.1v2.json
Llama3.1-8B · LoRA-v2,Llama3.1-8B,LoRA-v2,17630,2.5229338103756707,1.1946,3.7566979846427623e-06,trainer_state_llama3.1v2.json
Llama3.1-8B · LoRA-v2,Llama3.1-8B,LoRA-v2,17640,2.524364937388193,1.2524,3.7347804741783702e-06,trainer_state_llama3.1v2.json
Llama3.1-8B · LoRA-v2,Llama3.1-8B,LoRA-v2,17650,2.5257960644007156,1.1361,3.712921924574933e-06,trainer_state_llama3.1v2.json
Llama3.1-8B · LoRA-v2,Llama3.1-8B,LoRA-v2,17660,2.527227191413238,1.109,3.6911223964384095e-06,trainer_state_llama3.1v2.json
Llama3.1-8B · LoRA-v2,Llama3.1-8B,LoRA-v2,17670,2.5286583184257605,1.2448,3.6693819502110954e-06,trainer_state_llama3.1v2.json
Llama3.1-8B · LoRA-v2,Llama3.1-8B,LoRA-v2,17680,2.5300894454382825,1.2288,3.6477006461715007e-06,trainer_state_llama3.1v2.json
Llama3.1-8B · LoRA-v2,Llama3.1-8B,LoRA-v2,17690,2.531520572450805,1.2484,3.6260785444341416e-06,trainer_state_llama3.1v2.json
Llama3.1-8B · LoRA-v2,Llama3.1-8B,LoRA-v2,17700,2.5329516994633274,1.2071,3.6045157049493712e-06,trainer_state_llama3.1v2.json
Llama3.1-8B · LoRA-v2,Llama3.1-8B,LoRA-v2,17710,2.53438282647585,1.2163,3.5830121875032457e-06,trainer_state_llama3.1v2.json
Llama3.1-8B · LoRA-v2,Llama3.1-8B,LoRA-v2,17720,2.535813953488372,1.3078,3.561568051717354e-06,trainer_state_llama3.1v2.json
Llama3.1-8B · LoRA-v2,Llama3.1-8B,LoRA-v2,17730,2.5372450805008944,1.2408,3.540183357048618e-06,trainer_state_llama3.1v2.json
Llama3.1-8B · LoRA-v2,Llama3.1-8B,LoRA-v2,17740,2.538676207513417,1.2137,3.5188581627891683e-06,trainer_state_llama3.1v2.json
Llama3.1-8B · LoRA-v2,Llama3.1-8B,LoRA-v2,17750,2.5401073345259393,1.1957,3.4975925280661403e-06,trainer_state_llama3.1v2.json
Llama3.1-8B · LoRA-v2,Llama3.1-8B,LoRA-v2,17760,2.5415384615384617,1.2484,3.4763865118415672e-06,trainer_state_llama3.1v2.json
Llama3.1-8B · LoRA-v2,Llama3.1-8B,LoRA-v2,17770,2.5429695885509838,1.1408,3.4552401729121444e-06,trainer_state_llama3.1v2.json
Llama3.1-8B · LoRA-v2,Llama3.1-8B,LoRA-v2,17780,2.544400715563506,1.2102,3.4341535699091235e-06,trainer_state_llama3.1v2.json
Llama3.1-8B · LoRA-v2,Llama3.1-8B,LoRA-v2,17790,2.5458318425760287,1.2451,3.4131267612981187e-06,trainer_state_llama3.1v2.json
Llama3.1-8B · LoRA-v2,Llama3.1-8B,LoRA-v2,17800,2.547262969588551,1.1635,3.392159805378978e-06,trainer_state_llama3.1v2.json
Llama3.1-8B · LoRA-v2,Llama3.1-8B,LoRA-v2,17810,2.548694096601073,1.0875,3.3712527602855733e-06,trainer_state_llama3.1v2.json
Llama3.1-8B · LoRA-v2,Llama3.1-8B,LoRA-v2,17820,2.5501252236135956,1.1278,3.3504056839856775e-06,trainer_state_llama3.1v2.json
Llama3.1-8B · LoRA-v2,Llama3.1-8B,LoRA-v2,17830,2.551556350626118,1.3214,3.3296186342807845e-06,trainer_state_llama3.1v2.json
Llama3.1-8B · LoRA-v2,Llama3.1-8B,LoRA-v2,17840,2.5529874776386405,1.1368,3.3088916688059803e-06,trainer_state_llama3.1v2.json
Llama3.1-8B · LoRA-v2,Llama3.1-8B,LoRA-v2,17850,2.554418604651163,1.2353,3.2882248450297194e-06,trainer_state_llama3.1v2.json
Llama3.1-8B · LoRA-v2,Llama3.1-8B,LoRA-v2,17860,2.555849731663685,1.2251,3.267618220253729e-06,trainer_state_llama3.1v2.json
Llama3.1-8B · LoRA-v2,Llama3.1-8B,LoRA-v2,17870,2.5572808586762075,1.2574,3.2470718516128235e-06,trainer_state_llama3.1v2.json
Llama3.1-8B · LoRA-v2,Llama3.1-8B,LoRA-v2,17880,2.55871198568873,1.2919,3.2265857960747493e-06,trainer_state_llama3.1v2.json
Llama3.1-8B · LoRA-v2,Llama3.1-8B,LoRA-v2,17890,2.5601431127012524,1.1663,3.2061601104400262e-06,trainer_state_llama3.1v2.json
Llama3.1-8B · LoRA-v2,Llama3.1-8B,LoRA-v2,17900,2.5615742397137744,1.2183,3.185794851341781e-06,trainer_state_llama3.1v2.json
Llama3.1-8B · LoRA-v2,Llama3.1-8B,LoRA-v2,17910,2.563005366726297,1.1019,3.1654900752456113e-06,trainer_state_llama3.1v2.json
Llama3.1-8B · LoRA-v2,Llama3.1-8B,LoRA-v2,17920,2.5644364937388193,1.1352,3.1452458384494065e-06,trainer_state_llama3.1v2.json
Llama3.1-8B · LoRA-v2,Llama3.1-8B,LoRA-v2,17930,2.565867620751342,1.1312,3.125062197083209e-06,trainer_state_llama3.1v2.json
Llama3.1-8B · LoRA-v2,Llama3.1-8B,LoRA-v2,17940,2.5672987477638642,1.1617,3.1049392071090506e-06,trainer_state_llama3.1v2.json
Llama3.1-8B · LoRA-v2,Llama3.1-8B,LoRA-v2,17950,2.5687298747763863,1.2438,3.0848769243207926e-06,trainer_state_llama3.1v2.json
Llama3.1-8B · LoRA-v2,Llama3.1-8B,LoRA-v2,17960,2.5701610017889087,1.0088,3.064875404343989e-06,trainer_state_llama3.1v2.json
Llama3.1-8B · LoRA-v2,Llama3.1-8B,LoRA-v2,17970,2.571592128801431,1.1944,3.0449347026357128e-06,trainer_state_llama3.1v2.json
Llama3.1-8B · LoRA-v2,Llama3.1-8B,LoRA-v2,17980,2.5730232558139536,1.1526,3.0250548744844063e-06,trainer_state_llama3.1v2.json
Llama3.1-8B · LoRA-v2,Llama3.1-8B,LoRA-v2,17990,2.5744543828264757,1.2208,3.0052359750097347e-06,trainer_state_llama3.1v2.json
Llama3.1-8B · LoRA-v2,Llama3.1-8B,LoRA-v2,18000,2.575885509838998,1.0932,2.985478059162433e-06,trainer_state_llama3.1v2.json
Llama3.1-8B · LoRA-v2,Llama3.1-8B,LoRA-v2,18010,2.5773166368515206,1.2112,2.9657811817241423e-06,trainer_state_llama3.1v2.json
Llama3.1-8B · LoRA-v2,Llama3.1-8B,LoRA-v2,18020,2.578747763864043,1.1695,2.9461453973072763e-06,trainer_state_llama3.1v2.json
Llama3.1-8B · LoRA-v2,Llama3.1-8B,LoRA-v2,18030,2.5801788908765655,1.1554,2.9265707603548465e-06,trainer_state_llama3.1v2.json
Llama3.1-8B · LoRA-v2,Llama3.1-8B,LoRA-v2,18040,2.5816100178890875,1.3084,2.9070573251403417e-06,trainer_state_llama3.1v2.json
Llama3.1-8B · LoRA-v2,Llama3.1-8B,LoRA-v2,18050,2.58304114490161,1.1668,2.887605145767547e-06,trainer_state_llama3.1v2.json
Llama3.1-8B · LoRA-v2,Llama3.1-8B,LoRA-v2,18060,2.5844722719141324,1.1917,2.8682142761704137e-06,trainer_state_llama3.1v2.json
Llama3.1-8B · LoRA-v2,Llama3.1-8B,LoRA-v2,18070,2.585903398926655,1.0985,2.848884770112886e-06,trainer_state_llama3.1v2.json
Llama3.1-8B · LoRA-v2,Llama3.1-8B,LoRA-v2,18080,2.587334525939177,1.2028,2.829616681188796e-06,trainer_state_llama3.1v2.json
Llama3.1-8B · LoRA-v2,Llama3.1-8B,LoRA-v2,18090,2.5887656529516994,1.1479,2.8104100628216695e-06,trainer_state_llama3.1v2.json
Llama3.1-8B · LoRA-v2,Llama3.1-8B,LoRA-v2,18100,2.590196779964222,1.1162,2.7912649682646066e-06,trainer_state_llama3.1v2.json
Llama3.1-8B · LoRA-v2,Llama3.1-8B,LoRA-v2,18110,2.5916279069767443,1.1508,2.772181450600106e-06,trainer_state_llama3.1v2.json
Llama3.1-8B · LoRA-v2,Llama3.1-8B,LoRA-v2,18120,2.5930590339892667,1.0947,2.7531595627399627e-06,trainer_state_llama3.1v2.json
Llama3.1-8B · LoRA-v2,Llama3.1-8B,LoRA-v2,18130,2.5944901610017888,1.1492,2.7341993574250798e-06,trainer_state_llama3.1v2.json
Llama3.1-8B · LoRA-v2,Llama3.1-8B,LoRA-v2,18140,2.595921288014311,1.3346,2.7153008872253247e-06,trainer_state_llama3.1v2.json
Llama3.1-8B · LoRA-v2,Llama3.1-8B,LoRA-v2,18150,2.5973524150268337,1.148,2.696464204539409e-06,trainer_state_llama3.1v2.json
Llama3.1-8B · LoRA-v2,Llama3.1-8B,LoRA-v2,18160,2.598783542039356,1.2473,2.67768936159474e-06,trainer_state_llama3.1v2.json
Llama3.1-8B · LoRA-v2,Llama3.1-8B,LoRA-v2,18170,2.600214669051878,1.1306,2.6589764104472474e-06,trainer_state_llama3.1v2.json
Llama3.1-8B · LoRA-v2,Llama3.1-8B,LoRA-v2,18180,2.6016457960644006,1.2399,2.6403254029812614e-06,trainer_state_llama3.1v2.json
Llama3.1-8B · LoRA-v2,Llama3.1-8B,LoRA-v2,18190,2.603076923076923,1.3189,2.621736390909363e-06,trainer_state_llama3.1v2.json
Llama3.1-8B · LoRA-v2,Llama3.1-8B,LoRA-v2,18200,2.6045080500894455,1.0949,2.6032094257722515e-06,trainer_state_llama3.1v2.json
Llama3.1-8B · LoRA-v2,Llama3.1-8B,LoRA-v2,18210,2.605939177101968,1.2935,2.5847445589385926e-06,trainer_state_llama3.1v2.json
Llama3.1-8B · LoRA-v2,Llama3.1-8B,LoRA-v2,18220,2.60737030411449,1.2516,2.5663418416048577e-06,trainer_state_llama3.1v2.json
Llama3.1-8B · LoRA-v2,Llama3.1-8B,LoRA-v2,18230,2.6088014311270125,1.2459,2.5480013247952074e-06,trainer_state_llama3.1v2.json
Llama3.1-8B · LoRA-v2,Llama3.1-8B,LoRA-v2,18240,2.610232558139535,1.2577,2.5297230593613608e-06,trainer_state_llama3.1v2.json
Llama3.1-8B · LoRA-v2,Llama3.1-8B,LoRA-v2,18250,2.6116636851520574,1.2383,2.5115070959824125e-06,trainer_state_llama3.1v2.json
Llama3.1-8B · LoRA-v2,Llama3.1-8B,LoRA-v2,18260,2.6130948121645794,1.2576,2.493353485164726e-06,trainer_state_llama3.1v2.json
Llama3.1-8B · LoRA-v2,Llama3.1-8B,LoRA-v2,18270,2.614525939177102,1.3272,2.47526227724178e-06,trainer_state_llama3.1v2.json
Llama3.1-8B · LoRA-v2,Llama3.1-8B,LoRA-v2,18280,2.6159570661896243,1.2291,2.4572335223740474e-06,trainer_state_llama3.1v2.json
Llama3.1-8B · LoRA-v2,Llama3.1-8B,LoRA-v2,18290,2.6173881932021468,1.222,2.439267270548812e-06,trainer_state_llama3.1v2.json
Llama3.1-8B · LoRA-v2,Llama3.1-8B,LoRA-v2,18300,2.6188193202146692,1.1758,2.421363571580082e-06,trainer_state_llama3.1v2.json
Llama3.1-8B · LoRA-v2,Llama3.1-8B,LoRA-v2,18310,2.6202504472271912,1.2509,2.4035224751084188e-06,trainer_state_llama3.1v2.json
Llama3.1-8B · LoRA-v2,Llama3.1-8B,LoRA-v2,18320,2.6216815742397137,1.1726,2.38574403060082e-06,trainer_state_llama3.1v2.json
Llama3.1-8B · LoRA-v2,Llama3.1-8B,LoRA-v2,18330,2.623112701252236,1.1332,2.36802828735056e-06,trainer_state_llama3.1v2.json
Llama3.1-8B · LoRA-v2,Llama3.1-8B,LoRA-v2,18340,2.6245438282647586,1.0819,2.3503752944770696e-06,trainer_state_llama3.1v2.json
Llama3.1-8B · LoRA-v2,Llama3.1-8B,LoRA-v2,18350,2.6259749552772806,1.3078,2.332785100925794e-06,trainer_state_llama3.1v2.json
Llama3.1-8B · LoRA-v2,Llama3.1-8B,LoRA-v2,18360,2.627406082289803,1.2015,2.3152577554680614e-06,trainer_state_llama3.1v2.json
Llama3.1-8B · LoRA-v2,Llama3.1-8B,LoRA-v2,18370,2.6288372093023256,1.2374,2.2977933067009404e-06,trainer_state_llama3.1v2.json
Llama3.1-8B · LoRA-v2,Llama3.1-8B,LoRA-v2,18380,2.630268336314848,1.3787,2.280391803047116e-06,trainer_state_llama3.1v2.json
Llama3.1-8B · LoRA-v2,Llama3.1-8B,LoRA-v2,18390,2.6316994633273705,1.273,2.2630532927547326e-06,trainer_state_llama3.1v2.json
Llama3.1-8B · LoRA-v2,Llama3.1-8B,LoRA-v2,18400,2.633130590339893,1.2368,2.2457778238973046e-06,trainer_state_llama3.1v2.json
Llama3.1-8B · LoRA-v2,Llama3.1-8B,LoRA-v2,18410,2.634561717352415,1.2384,2.2285654443735315e-06,trainer_state_llama3.1v2.json
Llama3.1-8B · LoRA-v2,Llama3.1-8B,LoRA-v2,18420,2.6359928443649374,1.1949,2.2114162019071934e-06,trainer_state_llama3.1v2.json
Llama3.1-8B · LoRA-v2,Llama3.1-8B,LoRA-v2,18430,2.63742397137746,1.1736,2.1943301440470217e-06,trainer_state_llama3.1v2.json
Llama3.1-8B · LoRA-v2,Llama3.1-8B,LoRA-v2,18440,2.638855098389982,1.2513,2.1773073181665495e-06,trainer_state_llama3.1v2.json
Llama3.1-8B · LoRA-v2,Llama3.1-8B,LoRA-v2,18450,2.6402862254025043,1.3054,2.1603477714639996e-06,trainer_state_llama3.1v2.json
Llama3.1-8B · LoRA-v2,Llama3.1-8B,LoRA-v2,18460,2.641717352415027,1.2612,2.143451550962136e-06,trainer_state_llama3.1v2.json
Llama3.1-8B · LoRA-v2,Llama3.1-8B,LoRA-v2,18470,2.6431484794275493,1.2471,2.126618703508143e-06,trainer_state_llama3.1v2.json
Llama3.1-8B · LoRA-v2,Llama3.1-8B,LoRA-v2,18480,2.6445796064400717,1.1848,2.109849275773501e-06,trainer_state_llama3.1v2.json
Llama3.1-8B · LoRA-v2,Llama3.1-8B,LoRA-v2,18490,2.646010733452594,1.261,2.0931433142538483e-06,trainer_state_llama3.1v2.json
Llama3.1-8B · LoRA-v2,Llama3.1-8B,LoRA-v2,18500,2.647441860465116,1.174,2.076500865268849e-06,trainer_state_llama3.1v2.json
Llama3.1-8B · LoRA-v2,Llama3.1-8B,LoRA-v2,18510,2.6488729874776387,1.1649,2.059921974962062e-06,trainer_state_llama3.1v2.json
Llama3.1-8B · LoRA-v2,Llama3.1-8B,LoRA-v2,18520,2.650304114490161,1.3061,2.0434066893008447e-06,trainer_state_llama3.1v2.json
Llama3.1-8B · LoRA-v2,Llama3.1-8B,LoRA-v2,18530,2.651735241502683,1.181,2.0269550540761796e-06,trainer_state_llama3.1v2.json
Llama3.1-8B · LoRA-v2,Llama3.1-8B,LoRA-v2,18540,2.6531663685152056,1.3624,2.010567114902581e-06,trainer_state_llama3.1v2.json
Llama3.1-8B · LoRA-v2,Llama3.1-8B,LoRA-v2,18550,2.654597495527728,1.2781,1.994242917217945e-06,trainer_state_llama3.1v2.json
Llama3.1-8B · LoRA-v2,Llama3.1-8B,LoRA-v2,18560,2.6560286225402505,1.1529,1.9779825062834543e-06,trainer_state_llama3.1v2.json
Llama3.1-8B · LoRA-v2,Llama3.1-8B,LoRA-v2,18570,2.657459749552773,1.135,1.9617859271834236e-06,trainer_state_llama3.1v2.json
Llama3.1-8B · LoRA-v2,Llama3.1-8B,LoRA-v2,18580,2.6588908765652954,1.2416,1.9456532248251698e-06,trainer_state_llama3.1v2.json
Llama3.1-8B · LoRA-v2,Llama3.1-8B,LoRA-v2,18590,2.6603220035778175,1.147,1.9295844439389226e-06,trainer_state_llama3.1v2.json
Llama3.1-8B · LoRA-v2,Llama3.1-8B,LoRA-v2,18600,2.66175313059034,1.2655,1.9135796290776775e-06,trainer_state_llama3.1v2.json
Llama3.1-8B · LoRA-v2,Llama3.1-8B,LoRA-v2,18610,2.6631842576028624,1.2488,1.8976388246170706e-06,trainer_state_llama3.1v2.json
Llama3.1-8B · LoRA-v2,Llama3.1-8B,LoRA-v2,18620,2.6646153846153844,1.2358,1.8817620747552612e-06,trainer_state_llama3.1v2.json
Llama3.1-8B · LoRA-v2,Llama3.1-8B,LoRA-v2,18630,2.666046511627907,1.2494,1.8659494235128e-06,trainer_state_llama3.1v2.json
Llama3.1-8B · LoRA-v2,Llama3.1-8B,LoRA-v2,18640,2.6674776386404293,1.17,1.8502009147325361e-06,trainer_state_llama3.1v2.json
Llama3.1-8B · LoRA-v2,Llama3.1-8B,LoRA-v2,18650,2.6689087656529518,1.1046,1.8345165920794576e-06,trainer_state_llama3.1v2.json
Llama3.1-8B · LoRA-v2,Llama3.1-8B,LoRA-v2,18660,2.6703398926654742,1.1926,1.8188964990405843e-06,trainer_state_llama3.1v2.json
Llama3.1-8B · LoRA-v2,Llama3.1-8B,LoRA-v2,18670,2.6717710196779967,1.1533,1.8033406789248587e-06,trainer_state_llama3.1v2.json
Llama3.1-8B · LoRA-v2,Llama3.1-8B,LoRA-v2,18680,2.6732021466905187,1.1314,1.7878491748630183e-06,trainer_state_llama3.1v2.json
Llama3.1-8B · LoRA-v2,Llama3.1-8B,LoRA-v2,18690,2.674633273703041,1.1719,1.7724220298074745e-06,trainer_state_llama3.1v2.json
Llama3.1-8B · LoRA-v2,Llama3.1-8B,LoRA-v2,18700,2.6760644007155636,1.2112,1.7570592865321895e-06,trainer_state_llama3.1v2.json
Llama3.1-8B · LoRA-v2,Llama3.1-8B,LoRA-v2,18710,2.6774955277280856,1.1356,1.7417609876325625e-06,trainer_state_llama3.1v2.json
Llama3.1-8B · LoRA-v2,Llama3.1-8B,LoRA-v2,18720,2.678926654740608,1.1947,1.7265271755253249e-06,trainer_state_llama3.1v2.json
Llama3.1-8B · LoRA-v2,Llama3.1-8B,LoRA-v2,18730,2.6803577817531306,1.2797,1.711357892448387e-06,trainer_state_llama3.1v2.json
Llama3.1-8B · LoRA-v2,Llama3.1-8B,LoRA-v2,18740,2.681788908765653,1.3312,1.696253180460758e-06,trainer_state_llama3.1v2.json
Llama3.1-8B · LoRA-v2,Llama3.1-8B,LoRA-v2,18750,2.6832200357781755,1.1403,1.6812130814424066e-06,trainer_state_llama3.1v2.json
Llama3.1-8B · LoRA-v2,Llama3.1-8B,LoRA-v2,18760,2.684651162790698,1.0966,1.6662376370941673e-06,trainer_state_llama3.1v2.json
Llama3.1-8B · LoRA-v2,Llama3.1-8B,LoRA-v2,18770,2.68608228980322,1.1412,1.6513268889375961e-06,trainer_state_llama3.1v2.json
Llama3.1-8B · LoRA-v2,Llama3.1-8B,LoRA-v2,18780,2.6875134168157424,1.2829,1.6364808783148695e-06,trainer_state_llama3.1v2.json
Llama3.1-8B · LoRA-v2,Llama3.1-8B,LoRA-v2,18790,2.688944543828265,1.1429,1.6216996463886747e-06,trainer_state_llama3.1v2.json
Llama3.1-8B · LoRA-v2,Llama3.1-8B,LoRA-v2,18800,2.690375670840787,1.2979,1.606983234142101e-06,trainer_state_llama3.1v2.json
Llama3.1-8B · LoRA-v2,Llama3.1-8B,LoRA-v2,18810,2.6918067978533093,1.1487,1.5923316823784924e-06,trainer_state_llama3.1v2.json
Llama3.1-8B · LoRA-v2,Llama3.1-8B,LoRA-v2,18820,2.693237924865832,1.3265,1.5777450317213755e-06,trainer_state_llama3.1v2.json
Llama3.1-8B · LoRA-v2,Llama3.1-8B,LoRA-v2,18830,2.6946690518783543,1.1645,1.563223322614321e-06,trainer_state_llama3.1v2.json
Llama3.1-8B · LoRA-v2,Llama3.1-8B,LoRA-v2,18840,2.6961001788908767,1.2438,1.5487665953208497e-06,trainer_state_llama3.1v2.json
Llama3.1-8B · LoRA-v2,Llama3.1-8B,LoRA-v2,18850,2.697531305903399,1.1535,1.5343748899242978e-06,trainer_state_llama3.1v2.json
Llama3.1-8B · LoRA-v2,Llama3.1-8B,LoRA-v2,18860,2.698962432915921,1.3084,1.520048246327732e-06,trainer_state_llama3.1v2.json
Llama3.1-8B · LoRA-v2,Llama3.1-8B,LoRA-v2,18870,2.7003935599284437,1.3179,1.5057867042538171e-06,trainer_state_llama3.1v2.json
Llama3.1-8B · LoRA-v2,Llama3.1-8B,LoRA-v2,18880,2.701824686940966,1.1847,1.4915903032447137e-06,trainer_state_llama3.1v2.json
Llama3.1-8B · LoRA-v2,Llama3.1-8B,LoRA-v2,18890,2.703255813953488,1.3307,1.4774590826619777e-06,trainer_state_llama3.1v2.json
Llama3.1-8B · LoRA-v2,Llama3.1-8B,LoRA-v2,18900,2.7046869409660106,1.1832,1.4633930816864372e-06,trainer_state_llama3.1v2.json
Llama3.1-8B · LoRA-v2,Llama3.1-8B,LoRA-v2,18910,2.706118067978533,1.1733,1.449392339318084e-06,trainer_state_llama3.1v2.json
Llama3.1-8B · LoRA-v2,Llama3.1-8B,LoRA-v2,18920,2.7075491949910555,1.3104,1.4354568943759888e-06,trainer_state_llama3.1v2.json
Llama3.1-8B · LoRA-v2,Llama3.1-8B,LoRA-v2,18930,2.708980322003578,1.1666,1.421586785498158e-06,trainer_state_llama3.1v2.json
Llama3.1-8B · LoRA-v2,Llama3.1-8B,LoRA-v2,18940,2.7104114490161004,1.2469,1.4077820511414597e-06,trainer_state_llama3.1v2.json
Llama3.1-8B · LoRA-v2,Llama3.1-8B,LoRA-v2,18950,2.7118425760286224,1.1546,1.394042729581474e-06,trainer_state_llama3.1v2.json
Llama3.1-8B · LoRA-v2,Llama3.1-8B,LoRA-v2,18960,2.713273703041145,1.1441,1.3803688589124536e-06,trainer_state_llama3.1v2.json
Llama3.1-8B · LoRA-v2,Llama3.1-8B,LoRA-v2,18970,2.7147048300536674,1.2352,1.366760477047152e-06,trainer_state_llama3.1v2.json
Llama3.1-8B · LoRA-v2,Llama3.1-8B,LoRA-v2,18980,2.7161359570661894,1.2408,1.3532176217167513e-06,trainer_state_llama3.1v2.json
Llama3.1-8B · LoRA-v2,Llama3.1-8B,LoRA-v2,18990,2.717567084078712,1.2468,1.339740330470754e-06,trainer_state_llama3.1v2.json
Llama3.1-8B · LoRA-v2,Llama3.1-8B,LoRA-v2,19000,2.7189982110912343,1.2506,1.32632864067688e-06,trainer_state_llama3.1v2.json
Llama3.1-8B · LoRA-v2,Llama3.1-8B,LoRA-v2,19010,2.7204293381037568,1.1399,1.3129825895209558e-06,trainer_state_llama3.1v2.json
Llama3.1-8B · LoRA-v2,Llama3.1-8B,LoRA-v2,19020,2.721860465116279,1.0554,1.2997022140068178e-06,trainer_state_llama3.1v2.json
Llama3.1-8B · LoRA-v2,Llama3.1-8B,LoRA-v2,19030,2.7232915921288017,1.1505,1.2864875509561975e-06,trainer_state_llama3.1v2.json
Llama3.1-8B · LoRA-v2,Llama3.1-8B,LoRA-v2,19040,2.7247227191413237,1.2428,1.2733386370086476e-06,trainer_state_llama3.1v2.json
Llama3.1-8B · LoRA-v2,Llama3.1-8B,LoRA-v2,19050,2.726153846153846,1.1993,1.2602555086214024e-06,trainer_state_llama3.1v2.json
Llama3.1-8B · LoRA-v2,Llama3.1-8B,LoRA-v2,19060,2.7275849731663686,1.2988,1.2472382020693118e-06,trainer_state_llama3.1v2.json
Llama3.1-8B · LoRA-v2,Llama3.1-8B,LoRA-v2,19070,2.7290161001788906,1.1939,1.2342867534447134e-06,trainer_state_llama3.1v2.json
Llama3.1-8B · LoRA-v2,Llama3.1-8B,LoRA-v2,19080,2.730447227191413,1.1205,1.221401198657357e-06,trainer_state_llama3.1v2.json
Llama3.1-8B · LoRA-v2,Llama3.1-8B,LoRA-v2,19090,2.7318783542039355,1.2792,1.2085815734342864e-06,trainer_state_llama3.1v2.json
Llama3.1-8B · LoRA-v2,Llama3.1-8B,LoRA-v2,19100,2.733309481216458,1.1713,1.1958279133197359e-06,trainer_state_llama3.1v2.json
Llama3.1-8B · LoRA-v2,Llama3.1-8B,LoRA-v2,19110,2.7347406082289805,1.0557,1.1831402536750524e-06,trainer_state_llama3.1v2.json
Llama3.1-8B · LoRA-v2,Llama3.1-8B,LoRA-v2,19120,2.736171735241503,1.1231,1.170518629678591e-06,trainer_state_llama3.1v2.json
Llama3.1-8B · LoRA-v2,Llama3.1-8B,LoRA-v2,19130,2.737602862254025,1.2244,1.1579630763256078e-06,trainer_state_llama3.1v2.json
Llama3.1-8B · LoRA-v2,Llama3.1-8B,LoRA-v2,19140,2.7390339892665474,1.3361,1.1454736284281702e-06,trainer_state_llama3.1v2.json
Llama3.1-8B · LoRA-v2,Llama3.1-8B,LoRA-v2,19150,2.74046511627907,1.3286,1.1330503206150505e-06,trainer_state_llama3.1v2.json
Llama3.1-8B · LoRA-v2,Llama3.1-8B,LoRA-v2,19160,2.741896243291592,1.2021,1.120693187331659e-06,trainer_state_llama3.1v2.json
Llama3.1-8B · LoRA-v2,Llama3.1-8B,LoRA-v2,19170,2.7433273703041143,1.3161,1.1084022628398999e-06,trainer_state_llama3.1v2.json
Llama3.1-8B · LoRA-v2,Llama3.1-8B,LoRA-v2,19180,2.744758497316637,1.2537,1.0961775812181274e-06,trainer_state_llama3.1v2.json
Llama3.1-8B · LoRA-v2,Llama3.1-8B,LoRA-v2,19190,2.7461896243291593,1.0652,1.084019176361009e-06,trainer_state_llama3.1v2.json
Llama3.1-8B · LoRA-v2,Llama3.1-8B,LoRA-v2,19200,2.7476207513416817,1.3106,1.0719270819794735e-06,trainer_state_llama3.1v2.json
Llama3.1-8B · LoRA-v2,Llama3.1-8B,LoRA-v2,19210,2.749051878354204,1.3118,1.059901331600574e-06,trainer_state_llama3.1v2.json
Llama3.1-8B · LoRA-v2,Llama3.1-8B,LoRA-v2,19220,2.750483005366726,1.2462,1.0479419585674222e-06,trainer_state_llama3.1v2.json
Llama3.1-8B · LoRA-v2,Llama3.1-8B,LoRA-v2,19230,2.7519141323792486,1.1676,1.0360489960390878e-06,trainer_state_llama3.1v2.json
Llama3.1-8B · LoRA-v2,Llama3.1-8B,LoRA-v2,19240,2.753345259391771,1.1275,1.024222476990519e-06,trainer_state_llama3.1v2.json
Llama3.1-8B · LoRA-v2,Llama3.1-8B,LoRA-v2,19250,2.754776386404293,1.2098,1.0124624342124189e-06,trainer_state_llama3.1v2.json
Llama3.1-8B · LoRA-v2,Llama3.1-8B,LoRA-v2,19260,2.7562075134168156,1.159,1.0007689003111915e-06,trainer_state_llama3.1v2.json
Llama3.1-8B · LoRA-v2,Llama3.1-8B,LoRA-v2,19270,2.757638640429338,1.128,9.891419077088292e-07,trainer_state_llama3.1v2.json
Llama3.1-8B · LoRA-v2,Llama3.1-8B,LoRA-v2,19280,2.7590697674418605,1.1131,9.775814886428342e-07,trainer_state_llama3.1v2.json
Llama3.1-8B · LoRA-v2,Llama3.1-8B,LoRA-v2,19290,2.760500894454383,1.2384,9.660876751661218e-07,trainer_state_llama3.1v2.json
Llama3.1-8B · LoRA-v2,Llama3.1-8B,LoRA-v2,19300,2.7619320214669054,1.1735,9.546604991469311e-07,trainer_state_llama3.1v2.json
Llama3.1-8B · LoRA-v2,Llama3.1-8B,LoRA-v2,19310,2.7633631484794274,1.2269,9.432999922687396e-07,trainer_state_llama3.1v2.json
Llama3.1-8B · LoRA-v2,Llama3.1-8B,LoRA-v2,19320,2.76479427549195,1.23,9.320061860301793e-07,trainer_state_llama3.1v2.json
Llama3.1-8B · LoRA-v2,Llama3.1-8B,LoRA-v2,19330,2.7662254025044724,1.2091,9.207791117449405e-07,trainer_state_llama3.1v2.json
Llama3.1-8B · LoRA-v2,Llama3.1-8B,LoRA-v2,19340,2.7676565295169944,1.2441,9.096188005416922e-07,trainer_state_llama3.1v2.json
Llama3.1-8B · LoRA-v2,Llama3.1-8B,LoRA-v2,19350,2.769087656529517,1.1602,8.985252833639907e-07,trainer_state_llama3.1v2.json
Llama3.1-8B · LoRA-v2,Llama3.1-8B,LoRA-v2,19360,2.7705187835420393,1.2385,8.87498590970201e-07,trainer_state_llama3.1v2.json
Llama3.1-8B · LoRA-v2,Llama3.1-8B,LoRA-v2,19370,2.7719499105545617,1.1384,8.765387539334036e-07,trainer_state_llama3.1v2.json
Llama3.1-8B · LoRA-v2,Llama3.1-8B,LoRA-v2,19380,2.773381037567084,1.2994,8.656458026413128e-07,trainer_state_llama3.1v2.json
Llama3.1-8B · LoRA-v2,Llama3.1-8B,LoRA-v2,19390,2.7748121645796067,1.152,8.548197672961916e-07,trainer_state_llama3.1v2.json
Llama3.1-8B · LoRA-v2,Llama3.1-8B,LoRA-v2,19400,2.7762432915921287,1.1561,8.440606779147736e-07,trainer_state_llama3.1v2.json
Llama3.1-8B · LoRA-v2,Llama3.1-8B,LoRA-v2,19410,2.777674418604651,1.0933,8.333685643281713e-07,trainer_state_llama3.1v2.json
Llama3.1-8B · LoRA-v2,Llama3.1-8B,LoRA-v2,19420,2.7791055456171736,1.3059,8.227434561817959e-07,trainer_state_llama3.1v2.json
Llama3.1-8B · LoRA-v2,Llama3.1-8B,LoRA-v2,19430,2.7805366726296956,1.254,8.121853829352766e-07,trainer_state_llama3.1v2.json
Llama3.1-8B · LoRA-v2,Llama3.1-8B,LoRA-v2,19440,2.781967799642218,1.3111,8.016943738623883e-07,trainer_state_llama3.1v2.json
Llama3.1-8B · LoRA-v2,Llama3.1-8B,LoRA-v2,19450,2.7833989266547405,1.1576,7.912704580509495e-07,trainer_state_llama3.1v2.json
Llama3.1-8B · LoRA-v2,Llama3.1-8B,LoRA-v2,19460,2.784830053667263,1.1888,7.809136644027576e-07,trainer_state_llama3.1v2.json
Llama3.1-8B · LoRA-v2,Llama3.1-8B,LoRA-v2,19470,2.7862611806797855,1.2326,7.706240216334981e-07,trainer_state_llama3.1v2.json
Llama3.1-8B · LoRA-v2,Llama3.1-8B,LoRA-v2,19480,2.787692307692308,1.1546,7.604015582726831e-07,trainer_state_llama3.1v2.json
Llama3.1-8B · LoRA-v2,Llama3.1-8B,LoRA-v2,19490,2.78912343470483,1.0411,7.502463026635486e-07,trainer_state_llama3.1v2.json
Llama3.1-8B · LoRA-v2,Llama3.1-8B,LoRA-v2,19500,2.7905545617173524,1.1624,7.401582829629994e-07,trainer_state_llama3.1v2.json
Llama3.1-8B · LoRA-v2,Llama3.1-8B,LoRA-v2,19510,2.791985688729875,1.2143,7.301375271415029e-07,trainer_state_llama3.1v2.json
Llama3.1-8B · LoRA-v2,Llama3.1-8B,LoRA-v2,19520,2.793416815742397,1.1719,7.201840629830425e-07,trainer_state_llama3.1v2.json
Llama3.1-8B · LoRA-v2,Llama3.1-8B,LoRA-v2,19530,2.7948479427549193,1.2553,7.102979180850261e-07,trainer_state_llama3.1v2.json
Llama3.1-8B · LoRA-v2,Llama3.1-8B,LoRA-v2,19540,2.796279069767442,1.153,7.004791198581939e-07,trainer_state_llama3.1v2.json
Llama3.1-8B · LoRA-v2,Llama3.1-8B,LoRA-v2,19550,2.7977101967799642,1.2805,6.907276955265663e-07,trainer_state_llama3.1v2.json
Llama3.1-8B · LoRA-v2,Llama3.1-8B,LoRA-v2,19560,2.7991413237924867,1.3258,6.81043672127371e-07,trainer_state_llama3.1v2.json
Llama3.1-8B · LoRA-v2,Llama3.1-8B,LoRA-v2,19570,2.800572450805009,1.1377,6.714270765109415e-07,trainer_state_llama3.1v2.json
Llama3.1-8B · LoRA-v2,Llama3.1-8B,LoRA-v2,19580,2.802003577817531,1.2958,6.618779353406629e-07,trainer_state_llama3.1v2.json
Llama3.1-8B · LoRA-v2,Llama3.1-8B,LoRA-v2,19590,2.8034347048300536,1.1938,6.523962750928953e-07,trainer_state_llama3.1v2.json
Llama3.1-8B · LoRA-v2,Llama3.1-8B,LoRA-v2,19600,2.804865831842576,1.2554,6.429821220568982e-07,trainer_state_llama3.1v2.json
Llama3.1-8B · LoRA-v2,Llama3.1-8B,LoRA-v2,19610,2.8062969588550986,1.1065,6.336355023347618e-07,trainer_state_llama3.1v2.json
Llama3.1-8B · LoRA-v2,Llama3.1-8B,LoRA-v2,19620,2.8077280858676206,1.1679,6.243564418413145e-07,trainer_state_llama3.1v2.json
Llama3.1-8B · LoRA-v2,Llama3.1-8B,LoRA-v2,19630,2.809159212880143,1.128,6.151449663040792e-07,trainer_state_llama3.1v2.json
Llama3.1-8B · LoRA-v2,Llama3.1-8B,LoRA-v2,19640,2.8105903398926655,1.2404,6.060011012631956e-07,trainer_state_llama3.1v2.json
Llama3.1-8B · LoRA-v2,Llama3.1-8B,LoRA-v2,19650,2.812021466905188,1.124,5.96924872071336e-07,trainer_state_llama3.1v2.json
Llama3.1-8B · LoRA-v2,Llama3.1-8B,LoRA-v2,19660,2.8134525939177104,1.2219,5.879163038936375e-07,trainer_state_llama3.1v2.json
Llama3.1-8B · LoRA-v2,Llama3.1-8B,LoRA-v2,19670,2.8148837209302324,1.3459,5.789754217076449e-07,trainer_state_llama3.1v2.json
Llama3.1-8B · LoRA-v2,Llama3.1-8B,LoRA-v2,19680,2.816314847942755,1.123,5.701022503032393e-07,trainer_state_llama3.1v2.json
Llama3.1-8B · LoRA-v2,Llama3.1-8B,LoRA-v2,19690,2.8177459749552773,1.1558,5.61296814282547e-07,trainer_state_llama3.1v2.json
Llama3.1-8B · LoRA-v2,Llama3.1-8B,LoRA-v2,19700,2.8191771019678,1.1202,5.525591380599021e-07,trainer_state_llama3.1v2.json
Llama3.1-8B · LoRA-v2,Llama3.1-8B,LoRA-v2,19710,2.820608228980322,1.1263,5.43889245861759e-07,trainer_state_llama3.1v2.json
Llama3.1-8B · LoRA-v2,Llama3.1-8B,LoRA-v2,19720,2.8220393559928443,1.2024,5.352871617266386e-07,trainer_state_llama3.1v2.json
Llama3.1-8B · LoRA-v2,Llama3.1-8B,LoRA-v2,19730,2.8234704830053667,1.1347,5.267529095050433e-07,trainer_state_llama3.1v2.json
Llama3.1-8B · LoRA-v2,Llama3.1-8B,LoRA-v2,19740,2.824901610017889,1.1141,5.182865128594117e-07,trainer_state_llama3.1v2.json
Llama3.1-8B · LoRA-v2,Llama3.1-8B,LoRA-v2,19750,2.8263327370304117,1.2868,5.098879952640357e-07,trainer_state_llama3.1v2.json
Llama3.1-8B · LoRA-v2,Llama3.1-8B,LoRA-v2,19760,2.8277638640429337,1.1251,5.01557380005005e-07,trainer_state_llama3.1v2.json
Llama3.1-8B · LoRA-v2,Llama3.1-8B,LoRA-v2,19770,2.829194991055456,1.2171,4.932946901801433e-07,trainer_state_llama3.1v2.json
Llama3.1-8B · LoRA-v2,Llama3.1-8B,LoRA-v2,19780,2.8306261180679786,1.2653,4.850999486989416e-07,trainer_state_llama3.1v2.json
Llama3.1-8B · LoRA-v2,Llama3.1-8B,LoRA-v2,19790,2.832057245080501,1.2379,4.769731782824832e-07,trainer_state_llama3.1v2.json
Llama3.1-8B · LoRA-v2,Llama3.1-8B,LoRA-v2,19800,2.833488372093023,1.2081,4.6891440146341057e-07,trainer_state_llama3.1v2.json
Llama3.1-8B · LoRA-v2,Llama3.1-8B,LoRA-v2,19810,2.8349194991055455,1.1956,4.609236405858336e-07,trainer_state_llama3.1v2.json
Llama3.1-8B · LoRA-v2,Llama3.1-8B,LoRA-v2,19820,2.836350626118068,1.2886,4.530009178052713e-07,trainer_state_llama3.1v2.json
Llama3.1-8B · LoRA-v2,Llama3.1-8B,LoRA-v2,19830,2.8377817531305904,1.0104,4.451462550886132e-07,trainer_state_llama3.1v2.json
Llama3.1-8B · LoRA-v2,Llama3.1-8B,LoRA-v2,19840,2.839212880143113,1.3064,4.373596742140329e-07,trainer_state_llama3.1v2.json
Llama3.1-8B · LoRA-v2,Llama3.1-8B,LoRA-v2,19850,2.840644007155635,1.1446,4.2964119677093294e-07,trainer_state_llama3.1v2.json
Llama3.1-8B · LoRA-v2,Llama3.1-8B,LoRA-v2,19860,2.8420751341681574,1.2555,4.2199084415990296e-07,trainer_state_llama3.1v2.json
Llama3.1-8B · LoRA-v2,Llama3.1-8B,LoRA-v2,19870,2.84350626118068,1.1885,4.144086375926337e-07,trainer_state_llama3.1v2.json
Llama3.1-8B · LoRA-v2,Llama3.1-8B,LoRA-v2,19880,2.8449373881932023,1.2324,4.068945980918809e-07,trainer_state_llama3.1v2.json
Llama3.1-8B · LoRA-v2,Llama3.1-8B,LoRA-v2,19890,2.8463685152057243,1.283,3.9944874649139044e-07,trainer_state_llama3.1v2.json
Llama3.1-8B · LoRA-v2,Llama3.1-8B,LoRA-v2,19900,2.8477996422182468,1.2317,3.9207110343585374e-07,trainer_state_llama3.1v2.json
Llama3.1-8B · LoRA-v2,Llama3.1-8B,LoRA-v2,19910,2.8492307692307692,1.3002,3.847616893808359e-07,trainer_state_llama3.1v2.json
Llama3.1-8B · LoRA-v2,Llama3.1-8B,LoRA-v2,19920,2.8506618962432917,1.2225,3.775205245927338e-07,trainer_state_llama3.1v2.json
Llama3.1-8B · LoRA-v2,Llama3.1-8B,LoRA-v2,19930,2.852093023255814,1.215,3.703476291487151e-07,trainer_state_llama3.1v2.json
Llama3.1-8B · LoRA-v2,Llama3.1-8B,LoRA-v2,19940,2.853524150268336,1.2011,3.632430229366518e-07,trainer_state_llama3.1v2.json
Llama3.1-8B · LoRA-v2,Llama3.1-8B,LoRA-v2,19950,2.8549552772808586,1.2731,3.562067256550866e-07,trainer_state_llama3.1v2.json
Llama3.1-8B · LoRA-v2,Llama3.1-8B,LoRA-v2,19960,2.856386404293381,1.2987,3.4923875681315556e-07,trainer_state_llama3.1v2.json
Llama3.1-8B · LoRA-v2,Llama3.1-8B,LoRA-v2,19970,2.8578175313059035,1.2584,3.4233913573055164e-07,trainer_state_llama3.1v2.json
Llama3.1-8B · LoRA-v2,Llama3.1-8B,LoRA-v2,19980,2.8592486583184256,1.1863,3.355078815374585e-07,trainer_state_llama3.1v2.json
Llama3.1-8B · LoRA-v2,Llama3.1-8B,LoRA-v2,19990,2.860679785330948,1.0816,3.287450131745001e-07,trainer_state_llama3.1v2.json
Llama3.1-8B · LoRA-v2,Llama3.1-8B,LoRA-v2,20000,2.8621109123434705,1.1016,3.2205054939270505e-07,trainer_state_llama3.1v2.json
Llama3.1-8B · LoRA-v2,Llama3.1-8B,LoRA-v2,20010,2.863542039355993,1.1477,3.154245087534258e-07,trainer_state_llama3.1v2.json
Llama3.1-8B · LoRA-v2,Llama3.1-8B,LoRA-v2,20020,2.8649731663685154,1.2097,3.088669096283081e-07,trainer_state_llama3.1v2.json
Llama3.1-8B · LoRA-v2,Llama3.1-8B,LoRA-v2,20030,2.8664042933810374,1.2506,3.023777701992303e-07,trainer_state_llama3.1v2.json
Llama3.1-8B · LoRA-v2,Llama3.1-8B,LoRA-v2,20040,2.86783542039356,1.2924,2.959571084582641e-07,trainer_state_llama3.1v2.json
Llama3.1-8B · LoRA-v2,Llama3.1-8B,LoRA-v2,20050,2.8692665474060823,1.1393,2.896049422076108e-07,trainer_state_llama3.1v2.json
Llama3.1-8B · LoRA-v2,Llama3.1-8B,LoRA-v2,20060,2.870697674418605,1.2113,2.8332128905955715e-07,trainer_state_llama3.1v2.json
Llama3.1-8B · LoRA-v2,Llama3.1-8B,LoRA-v2,20070,2.872128801431127,1.2321,2.7710616643642773e-07,trainer_state_llama3.1v2.json
Llama3.1-8B · LoRA-v2,Llama3.1-8B,LoRA-v2,20080,2.8735599284436493,1.206,2.7095959157054375e-07,trainer_state_llama3.1v2.json
Llama3.1-8B · LoRA-v2,Llama3.1-8B,LoRA-v2,20090,2.8749910554561717,1.2249,2.6488158150415887e-07,trainer_state_llama3.1v2.json
Llama3.1-8B · LoRA-v2,Llama3.1-8B,LoRA-v2,20100,2.876422182468694,1.1967,2.5887215308942615e-07,trainer_state_llama3.1v2.json
Llama3.1-8B · LoRA-v2,Llama3.1-8B,LoRA-v2,20110,2.8778533094812166,1.1166,2.529313229883451e-07,trainer_state_llama3.1v2.json
Llama3.1-8B · LoRA-v2,Llama3.1-8B,LoRA-v2,20120,2.8792844364937387,1.165,2.470591076727202e-07,trainer_state_llama3.1v2.json
Llama3.1-8B · LoRA-v2,Llama3.1-8B,LoRA-v2,20130,2.880715563506261,1.158,2.4125552342409986e-07,trainer_state_llama3.1v2.json
Llama3.1-8B · LoRA-v2,Llama3.1-8B,LoRA-v2,20140,2.8821466905187836,1.1663,2.3552058633375673e-07,trainer_state_llama3.1v2.json
Llama3.1-8B · LoRA-v2,Llama3.1-8B,LoRA-v2,20150,2.883577817531306,1.2434,2.2985431230262145e-07,trainer_state_llama3.1v2.json
Llama3.1-8B · LoRA-v2,Llama3.1-8B,LoRA-v2,20160,2.885008944543828,1.0849,2.2425671704124908e-07,trainer_state_llama3.1v2.json
Llama3.1-8B · LoRA-v2,Llama3.1-8B,LoRA-v2,20170,2.8864400715563505,1.2234,2.1872781606977478e-07,trainer_state_llama3.1v2.json
Llama3.1-8B · LoRA-v2,Llama3.1-8B,LoRA-v2,20180,2.887871198568873,1.268,2.132676247178611e-07,trainer_state_llama3.1v2.json
Llama3.1-8B · LoRA-v2,Llama3.1-8B,LoRA-v2,20190,2.8893023255813954,1.2148,2.0787615812467575e-07,trainer_state_llama3.1v2.json
Llama3.1-8B · LoRA-v2,Llama3.1-8B,LoRA-v2,20200,2.890733452593918,1.0925,2.0255343123882774e-07,trainer_state_llama3.1v2.json
Llama3.1-8B · LoRA-v2,Llama3.1-8B,LoRA-v2,20210,2.89216457960644,1.2504,1.9729945881833967e-07,trainer_state_llama3.1v2.json
Llama3.1-8B · LoRA-v2,Llama3.1-8B,LoRA-v2,20220,2.8935957066189624,1.2737,1.921142554305977e-07,trainer_state_llama3.1v2.json
Llama3.1-8B · LoRA-v2,Llama3.1-8B,LoRA-v2,20230,2.895026833631485,1.2063,1.8699783545232107e-07,trainer_state_llama3.1v2.json
Llama3.1-8B · LoRA-v2,Llama3.1-8B,LoRA-v2,20240,2.8964579606440073,0.9987,1.8195021306951776e-07,trainer_state_llama3.1v2.json
Llama3.1-8B · LoRA-v2,Llama3.1-8B,LoRA-v2,20250,2.8978890876565293,1.3133,1.7697140227743712e-07,trainer_state_llama3.1v2.json
Llama3.1-8B · LoRA-v2,Llama3.1-8B,LoRA-v2,20260,2.8993202146690518,1.1533,1.7206141688055067e-07,trainer_state_llama3.1v2.json
Llama3.1-8B · LoRA-v2,Llama3.1-8B,LoRA-v2,20270,2.9007513416815742,1.3358,1.6722027049249077e-07,trainer_state_llama3.1v2.json
Llama3.1-8B · LoRA-v2,Llama3.1-8B,LoRA-v2,20280,2.9021824686940967,1.1083,1.6244797653602873e-07,trainer_state_llama3.1v2.json
Llama3.1-8B · LoRA-v2,Llama3.1-8B,LoRA-v2,20290,2.903613595706619,1.2915,1.577445482430301e-07,trainer_state_llama3.1v2.json
Llama3.1-8B · LoRA-v2,Llama3.1-8B,LoRA-v2,20300,2.905044722719141,1.201,1.5310999865442432e-07,trainer_state_llama3.1v2.json
Llama3.1-8B · LoRA-v2,Llama3.1-8B,LoRA-v2,20310,2.9064758497316636,1.3432,1.485443406201603e-07,trainer_state_llama3.1v2.json
Llama3.1-8B · LoRA-v2,Llama3.1-8B,LoRA-v2,20320,2.907906976744186,1.2327,1.440475867991814e-07,trainer_state_llama3.1v2.json
Llama3.1-8B · LoRA-v2,Llama3.1-8B,LoRA-v2,20330,2.9093381037567085,1.2319,1.396197496593754e-07,trainer_state_llama3.1v2.json
Llama3.1-8B · LoRA-v2,Llama3.1-8B,LoRA-v2,20340,2.9107692307692306,1.2432,1.352608414775608e-07,trainer_state_llama3.1v2.json
Llama3.1-8B · LoRA-v2,Llama3.1-8B,LoRA-v2,20350,2.912200357781753,1.1236,1.3097087433942557e-07,trainer_state_llama3.1v2.json
Llama3.1-8B · LoRA-v2,Llama3.1-8B,LoRA-v2,20360,2.9136314847942755,1.1725,1.2674986013951894e-07,trainer_state_llama3.1v2.json
Llama3.1-8B · LoRA-v2,Llama3.1-8B,LoRA-v2,20370,2.915062611806798,1.0595,1.2259781058121256e-07,trainer_state_llama3.1v2.json
Llama3.1-8B · LoRA-v2,Llama3.1-8B,LoRA-v2,20380,2.9164937388193204,1.2236,1.1851473717664763e-07,trainer_state_llama3.1v2.json
Llama3.1-8B · LoRA-v2,Llama3.1-8B,LoRA-v2,20390,2.917924865831843,1.2004,1.1450065124673504e-07,trainer_state_llama3.1v2.json
Llama3.1-8B · LoRA-v2,Llama3.1-8B,LoRA-v2,20400,2.919355992844365,1.056,1.1055556392110255e-07,trainer_state_llama3.1v2.json
Llama3.1-8B · LoRA-v2,Llama3.1-8B,LoRA-v2,20410,2.9207871198568873,1.2704,1.0667948613806711e-07,trainer_state_llama3.1v2.json
Llama3.1-8B · LoRA-v2,Llama3.1-8B,LoRA-v2,20420,2.92221824686941,1.3311,1.02872428644607e-07,trainer_state_llama3.1v2.json
Llama3.1-8B · LoRA-v2,Llama3.1-8B,LoRA-v2,20430,2.923649373881932,1.2694,9.913440199633139e-08,trainer_state_llama3.1v2.json
Llama3.1-8B · LoRA-v2,Llama3.1-8B,LoRA-v2,20440,2.9250805008944543,1.1616,9.546541655746088e-08,trainer_state_llama3.1v2.json
Llama3.1-8B · LoRA-v2,Llama3.1-8B,LoRA-v2,20450,2.9265116279069767,1.1692,9.186548250077476e-08,trainer_state_llama3.1v2.json
Llama3.1-8B · LoRA-v2,Llama3.1-8B,LoRA-v2,20460,2.927942754919499,1.204,8.833460980760821e-08,trainer_state_llama3.1v2.json
Llama3.1-8B · LoRA-v2,Llama3.1-8B,LoRA-v2,20470,2.9293738819320216,1.1643,8.487280826781075e-08,trainer_state_llama3.1v2.json
Llama3.1-8B · LoRA-v2,Llama3.1-8B,LoRA-v2,20480,2.930805008944544,1.3315,8.148008747972113e-08,trainer_state_llama3.1v2.json
Llama3.1-8B · LoRA-v2,Llama3.1-8B,LoRA-v2,20490,2.932236135957066,1.1217,7.81564568501425e-08,trainer_state_llama3.1v2.json
Llama3.1-8B · LoRA-v2,Llama3.1-8B,LoRA-v2,20500,2.9336672629695886,1.1578,7.49019255943173e-08,trainer_state_llama3.1v2.json
Llama3.1-8B · LoRA-v2,Llama3.1-8B,LoRA-v2,20510,2.935098389982111,1.2376,7.171650273589681e-08,trainer_state_llama3.1v2.json
Llama3.1-8B · LoRA-v2,Llama3.1-8B,LoRA-v2,20520,2.936529516994633,1.2224,6.860019710692168e-08,trainer_state_llama3.1v2.json
Llama3.1-8B · LoRA-v2,Llama3.1-8B,LoRA-v2,20530,2.9379606440071555,1.3023,6.555301734779418e-08,trainer_state_llama3.1v2.json
Llama3.1-8B · LoRA-v2,Llama3.1-8B,LoRA-v2,20540,2.939391771019678,1.2819,6.25749719072588e-08,trainer_state_llama3.1v2.json
Llama3.1-8B · LoRA-v2,Llama3.1-8B,LoRA-v2,20550,2.9408228980322004,1.1955,5.966606904236615e-08,trainer_state_llama3.1v2.json
Llama3.1-8B · LoRA-v2,Llama3.1-8B,LoRA-v2,20560,2.942254025044723,1.0779,5.6826316818472945e-08,trainer_state_llama3.1v2.json
Llama3.1-8B · LoRA-v2,Llama3.1-8B,LoRA-v2,20570,2.9436851520572453,1.17,5.405572310919482e-08,trainer_state_llama3.1v2.json
Llama3.1-8B · LoRA-v2,Llama3.1-8B,LoRA-v2,20580,2.9451162790697674,1.2194,5.135429559639804e-08,trainer_state_llama3.1v2.json
Llama3.1-8B · LoRA-v2,Llama3.1-8B,LoRA-v2,20590,2.94654740608229,1.2133,4.8722041770174476e-08,trainer_state_llama3.1v2.json
Llama3.1-8B · LoRA-v2,Llama3.1-8B,LoRA-v2,20600,2.9479785330948123,1.126,4.615896892882776e-08,trainer_state_llama3.1v2.json
Llama3.1-8B · LoRA-v2,Llama3.1-8B,LoRA-v2,20610,2.9494096601073343,1.3042,4.3665084178845516e-08,trainer_state_llama3.1v2.json
Llama3.1-8B · LoRA-v2,Llama3.1-8B,LoRA-v2,20620,2.9508407871198568,1.189,4.1240394434874375e-08,trainer_state_llama3.1v2.json
Llama3.1-8B · LoRA-v2,Llama3.1-8B,LoRA-v2,20630,2.952271914132379,1.2278,3.888490641971443e-08,trainer_state_llama3.1v2.json
Llama3.1-8B · LoRA-v2,Llama3.1-8B,LoRA-v2,20640,2.9537030411449017,1.2719,3.659862666429703e-08,trainer_state_llama3.1v2.json
Llama3.1-8B · LoRA-v2,Llama3.1-8B,LoRA-v2,20650,2.955134168157424,1.3456,3.438156150765426e-08,trainer_state_llama3.1v2.json
Llama3.1-8B · LoRA-v2,Llama3.1-8B,LoRA-v2,20660,2.9565652951699466,1.2638,3.223371709692169e-08,trainer_state_llama3.1v2.json
Llama3.1-8B · LoRA-v2,Llama3.1-8B,LoRA-v2,20670,2.9579964221824686,1.3171,3.0155099387299545e-08,trainer_state_llama3.1v2.json
Llama3.1-8B · LoRA-v2,Llama3.1-8B,LoRA-v2,20680,2.959427549194991,1.2637,2.814571414205547e-08,trainer_state_llama3.1v2.json
Llama3.1-8B · LoRA-v2,Llama3.1-8B,LoRA-v2,20690,2.9608586762075135,1.3181,2.6205566932496762e-08,trainer_state_llama3.1v2.json
Llama3.1-8B · LoRA-v2,Llama3.1-8B,LoRA-v2,20700,2.9622898032200355,1.2702,2.433466313795929e-08,trainer_state_llama3.1v2.json
Llama3.1-8B · LoRA-v2,Llama3.1-8B,LoRA-v2,20710,2.963720930232558,1.2375,2.253300794579083e-08,trainer_state_llama3.1v2.json
Llama3.1-8B · LoRA-v2,Llama3.1-8B,LoRA-v2,20720,2.9651520572450805,1.2401,2.0800606351339958e-08,trainer_state_llama3.1v2.json
Llama3.1-8B · LoRA-v2,Llama3.1-8B,LoRA-v2,20730,2.966583184257603,1.1843,1.9137463157933856e-08,trainer_state_llama3.1v2.json
Llama3.1-8B · LoRA-v2,Llama3.1-8B,LoRA-v2,20740,2.9680143112701254,1.1092,1.7543582976875528e-08,trainer_state_llama3.1v2.json
Llama3.1-8B · LoRA-v2,Llama3.1-8B,LoRA-v2,20750,2.969445438282648,1.2173,1.601897022742993e-08,trainer_state_llama3.1v2.json
Llama3.1-8B · LoRA-v2,Llama3.1-8B,LoRA-v2,20760,2.97087656529517,1.2552,1.4563629136798984e-08,trainer_state_llama3.1v2.json
Llama3.1-8B · LoRA-v2,Llama3.1-8B,LoRA-v2,20770,2.9723076923076923,1.3095,1.3177563740124355e-08,trainer_state_llama3.1v2.json
Llama3.1-8B · LoRA-v2,Llama3.1-8B,LoRA-v2,20780,2.9737388193202148,1.1823,1.1860777880473573e-08,trainer_state_llama3.1v2.json
Llama3.1-8B · LoRA-v2,Llama3.1-8B,LoRA-v2,20790,2.975169946332737,1.2031,1.061327520882338e-08,trainer_state_llama3.1v2.json
Llama3.1-8B · LoRA-v2,Llama3.1-8B,LoRA-v2,20800,2.9766010733452593,1.1954,9.435059184048633e-09,trainer_state_llama3.1v2.json
Llama3.1-8B · LoRA-v2,Llama3.1-8B,LoRA-v2,20810,2.9780322003577817,1.2898,8.326133072927845e-09,trainer_state_llama3.1v2.json
Llama3.1-8B · LoRA-v2,Llama3.1-8B,LoRA-v2,20820,2.979463327370304,1.2363,7.2864999501126574e-09,trainer_state_llama3.1v2.json
Llama3.1-8B · LoRA-v2,Llama3.1-8B,LoRA-v2,20830,2.9808944543828266,1.1188,6.316162698136174e-09,trainer_state_llama3.1v2.json
Llama3.1-8B · LoRA-v2,Llama3.1-8B,LoRA-v2,20840,2.982325581395349,1.3161,5.4151240073963e-09,trainer_state_llama3.1v2.json
Llama3.1-8B · LoRA-v2,Llama3.1-8B,LoRA-v2,20850,2.983756708407871,1.1748,4.583386376152965e-09,trainer_state_llama3.1v2.json
Llama3.1-8B · LoRA-v2,Llama3.1-8B,LoRA-v2,20860,2.9851878354203936,1.4195,3.820952110517029e-09,trainer_state_llama3.1v2.json
Llama3.1-8B · LoRA-v2,Llama3.1-8B,LoRA-v2,20870,2.986618962432916,1.245,3.127823324444723e-09,trainer_state_llama3.1v2.json
Llama3.1-8B · LoRA-v2,Llama3.1-8B,LoRA-v2,20880,2.988050089445438,1.2694,2.5040019397404303e-09,trainer_state_llama3.1v2.json
Llama3.1-8B · LoRA-v2,Llama3.1-8B,LoRA-v2,20890,2.9894812164579605,1.1831,1.9494896860317025e-09,trainer_state_llama3.1v2.json
Llama3.1-8B · LoRA-v2,Llama3.1-8B,LoRA-v2,20900,2.990912343470483,1.3911,1.46428810078314e-09,trainer_state_llama3.1v2.json
Llama3.1-8B · LoRA-v2,Llama3.1-8B,LoRA-v2,20910,2.9923434704830054,1.2472,1.0483985292908393e-09,trainer_state_llama3.1v2.json
Llama3.1-8B · LoRA-v2,Llama3.1-8B,LoRA-v2,20920,2.993774597495528,1.1825,7.018221246657408e-10,trainer_state_llama3.1v2.json
Llama3.1-8B · LoRA-v2,Llama3.1-8B,LoRA-v2,20930,2.9952057245080503,1.1145,4.245598478364032e-10,trainer_state_llama3.1v2.json
Llama3.1-8B · LoRA-v2,Llama3.1-8B,LoRA-v2,20940,2.9966368515205724,1.1947,2.166124675573311e-10,trainer_state_llama3.1v2.json
Llama3.1-8B · LoRA-v2,Llama3.1-8B,LoRA-v2,20950,2.998067978533095,1.2391,7.798056039232115e-11,trainer_state_llama3.1v2.json
Llama3.1-8B · LoRA-v2,Llama3.1-8B,LoRA-v2,20960,2.9994991055456173,1.157,8.664510714462282e-12,trainer_state_llama3.1v2.json
DeepSeek-R1-Distill-Llama-8B · LoRA-v2,DeepSeek-R1-Distill-Llama-8B,LoRA-v2,10,0.0014311270125223613,2.8581,4.291845493562232e-07,trainer_state_deepseekv2.json
DeepSeek-R1-Distill-Llama-8B · LoRA-v2,DeepSeek-R1-Distill-Llama-8B,LoRA-v2,20,0.0028622540250447226,2.8942,9.060562708631379e-07,trainer_state_deepseekv2.json
DeepSeek-R1-Distill-Llama-8B · LoRA-v2,DeepSeek-R1-Distill-Llama-8B,LoRA-v2,30,0.004293381037567084,2.9117,1.3829279923700524e-06,trainer_state_deepseekv2.json
DeepSeek-R1-Distill-Llama-8B · LoRA-v2,DeepSeek-R1-Distill-Llama-8B,LoRA-v2,40,0.005724508050089445,2.8508,1.8597997138769672e-06,trainer_state_deepseekv2.json
DeepSeek-R1-Distill-Llama-8B · LoRA-v2,DeepSeek-R1-Distill-Llama-8B,LoRA-v2,50,0.007155635062611807,2.5947,2.3366714353838815e-06,trainer_state_deepseekv2.json
DeepSeek-R1-Distill-Llama-8B · LoRA-v2,DeepSeek-R1-Distill-Llama-8B,LoRA-v2,60,0.008586762075134168,2.7818,2.8135431568907967e-06,trainer_state_deepseekv2.json
DeepSeek-R1-Distill-Llama-8B · LoRA-v2,DeepSeek-R1-Distill-Llama-8B,LoRA-v2,70,0.01001788908765653,2.7901,3.2904148783977115e-06,trainer_state_deepseekv2.json
DeepSeek-R1-Distill-Llama-8B · LoRA-v2,DeepSeek-R1-Distill-Llama-8B,LoRA-v2,80,0.01144901610017889,2.6299,3.767286599904626e-06,trainer_state_deepseekv2.json
DeepSeek-R1-Distill-Llama-8B · LoRA-v2,DeepSeek-R1-Distill-Llama-8B,LoRA-v2,90,0.012880143112701253,2.6417,4.244158321411541e-06,trainer_state_deepseekv2.json
DeepSeek-R1-Distill-Llama-8B · LoRA-v2,DeepSeek-R1-Distill-Llama-8B,LoRA-v2,100,0.014311270125223614,2.5793,4.721030042918455e-06,trainer_state_deepseekv2.json
DeepSeek-R1-Distill-Llama-8B · LoRA-v2,DeepSeek-R1-Distill-Llama-8B,LoRA-v2,110,0.015742397137745976,2.4855,5.19790176442537e-06,trainer_state_deepseekv2.json
DeepSeek-R1-Distill-Llama-8B · LoRA-v2,DeepSeek-R1-Distill-Llama-8B,LoRA-v2,120,0.017173524150268335,2.4692,5.674773485932285e-06,trainer_state_deepseekv2.json
DeepSeek-R1-Distill-Llama-8B · LoRA-v2,DeepSeek-R1-Distill-Llama-8B,LoRA-v2,130,0.018604651162790697,2.5927,6.151645207439199e-06,trainer_state_deepseekv2.json
DeepSeek-R1-Distill-Llama-8B · LoRA-v2,DeepSeek-R1-Distill-Llama-8B,LoRA-v2,140,0.02003577817531306,2.2379,6.628516928946114e-06,trainer_state_deepseekv2.json
DeepSeek-R1-Distill-Llama-8B · LoRA-v2,DeepSeek-R1-Distill-Llama-8B,LoRA-v2,150,0.02146690518783542,2.4735,7.105388650453028e-06,trainer_state_deepseekv2.json
DeepSeek-R1-Distill-Llama-8B · LoRA-v2,DeepSeek-R1-Distill-Llama-8B,LoRA-v2,160,0.02289803220035778,2.2287,7.582260371959943e-06,trainer_state_deepseekv2.json
DeepSeek-R1-Distill-Llama-8B · LoRA-v2,DeepSeek-R1-Distill-Llama-8B,LoRA-v2,170,0.024329159212880144,2.0507,8.059132093466858e-06,trainer_state_deepseekv2.json
DeepSeek-R1-Distill-Llama-8B · LoRA-v2,DeepSeek-R1-Distill-Llama-8B,LoRA-v2,180,0.025760286225402506,2.0357,8.536003814973773e-06,trainer_state_deepseekv2.json
DeepSeek-R1-Distill-Llama-8B · LoRA-v2,DeepSeek-R1-Distill-Llama-8B,LoRA-v2,190,0.027191413237924865,2.0781,9.012875536480687e-06,trainer_state_deepseekv2.json
DeepSeek-R1-Distill-Llama-8B · LoRA-v2,DeepSeek-R1-Distill-Llama-8B,LoRA-v2,200,0.028622540250447227,2.0229,9.489747257987603e-06,trainer_state_deepseekv2.json
DeepSeek-R1-Distill-Llama-8B · LoRA-v2,DeepSeek-R1-Distill-Llama-8B,LoRA-v2,210,0.03005366726296959,2.0079,9.966618979494516e-06,trainer_state_deepseekv2.json
DeepSeek-R1-Distill-Llama-8B · LoRA-v2,DeepSeek-R1-Distill-Llama-8B,LoRA-v2,220,0.03148479427549195,1.9073,1.0443490701001432e-05,trainer_state_deepseekv2.json
DeepSeek-R1-Distill-Llama-8B · LoRA-v2,DeepSeek-R1-Distill-Llama-8B,LoRA-v2,230,0.032915921288014315,1.9152,1.0920362422508346e-05,trainer_state_deepseekv2.json
DeepSeek-R1-Distill-Llama-8B · LoRA-v2,DeepSeek-R1-Distill-Llama-8B,LoRA-v2,240,0.03434704830053667,2.0342,1.139723414401526e-05,trainer_state_deepseekv2.json
DeepSeek-R1-Distill-Llama-8B · LoRA-v2,DeepSeek-R1-Distill-Llama-8B,LoRA-v2,250,0.03577817531305903,1.93,1.1874105865522175e-05,trainer_state_deepseekv2.json
DeepSeek-R1-Distill-Llama-8B · LoRA-v2,DeepSeek-R1-Distill-Llama-8B,LoRA-v2,260,0.037209302325581395,1.9664,1.235097758702909e-05,trainer_state_deepseekv2.json
DeepSeek-R1-Distill-Llama-8B · LoRA-v2,DeepSeek-R1-Distill-Llama-8B,LoRA-v2,270,0.03864042933810376,1.8693,1.2827849308536005e-05,trainer_state_deepseekv2.json
DeepSeek-R1-Distill-Llama-8B · LoRA-v2,DeepSeek-R1-Distill-Llama-8B,LoRA-v2,280,0.04007155635062612,1.8658,1.330472103004292e-05,trainer_state_deepseekv2.json
DeepSeek-R1-Distill-Llama-8B · LoRA-v2,DeepSeek-R1-Distill-Llama-8B,LoRA-v2,290,0.04150268336314848,1.9039,1.3781592751549835e-05,trainer_state_deepseekv2.json
DeepSeek-R1-Distill-Llama-8B · LoRA-v2,DeepSeek-R1-Distill-Llama-8B,LoRA-v2,300,0.04293381037567084,1.9038,1.4258464473056748e-05,trainer_state_deepseekv2.json
DeepSeek-R1-Distill-Llama-8B · LoRA-v2,DeepSeek-R1-Distill-Llama-8B,LoRA-v2,310,0.0443649373881932,2.0033,1.4735336194563662e-05,trainer_state_deepseekv2.json
DeepSeek-R1-Distill-Llama-8B · LoRA-v2,DeepSeek-R1-Distill-Llama-8B,LoRA-v2,320,0.04579606440071556,1.8865,1.5212207916070578e-05,trainer_state_deepseekv2.json
DeepSeek-R1-Distill-Llama-8B · LoRA-v2,DeepSeek-R1-Distill-Llama-8B,LoRA-v2,330,0.047227191413237925,1.7826,1.5689079637577493e-05,trainer_state_deepseekv2.json
DeepSeek-R1-Distill-Llama-8B · LoRA-v2,DeepSeek-R1-Distill-Llama-8B,LoRA-v2,340,0.04865831842576029,1.8893,1.616595135908441e-05,trainer_state_deepseekv2.json
DeepSeek-R1-Distill-Llama-8B · LoRA-v2,DeepSeek-R1-Distill-Llama-8B,LoRA-v2,350,0.05008944543828265,1.9462,1.664282308059132e-05,trainer_state_deepseekv2.json
DeepSeek-R1-Distill-Llama-8B · LoRA-v2,DeepSeek-R1-Distill-Llama-8B,LoRA-v2,360,0.05152057245080501,1.8393,1.7119694802098234e-05,trainer_state_deepseekv2.json
DeepSeek-R1-Distill-Llama-8B · LoRA-v2,DeepSeek-R1-Distill-Llama-8B,LoRA-v2,370,0.05295169946332737,1.7787,1.759656652360515e-05,trainer_state_deepseekv2.json
DeepSeek-R1-Distill-Llama-8B · LoRA-v2,DeepSeek-R1-Distill-Llama-8B,LoRA-v2,380,0.05438282647584973,1.7717,1.8073438245112066e-05,trainer_state_deepseekv2.json
DeepSeek-R1-Distill-Llama-8B · LoRA-v2,DeepSeek-R1-Distill-Llama-8B,LoRA-v2,390,0.05581395348837209,1.7769,1.8550309966618982e-05,trainer_state_deepseekv2.json
DeepSeek-R1-Distill-Llama-8B · LoRA-v2,DeepSeek-R1-Distill-Llama-8B,LoRA-v2,400,0.057245080500894455,1.9295,1.9027181688125895e-05,trainer_state_deepseekv2.json
DeepSeek-R1-Distill-Llama-8B · LoRA-v2,DeepSeek-R1-Distill-Llama-8B,LoRA-v2,410,0.05867620751341682,1.7381,1.950405340963281e-05,trainer_state_deepseekv2.json
DeepSeek-R1-Distill-Llama-8B · LoRA-v2,DeepSeek-R1-Distill-Llama-8B,LoRA-v2,420,0.06010733452593918,1.7144,1.9980925131139723e-05,trainer_state_deepseekv2.json
DeepSeek-R1-Distill-Llama-8B · LoRA-v2,DeepSeek-R1-Distill-Llama-8B,LoRA-v2,430,0.06153846153846154,1.6913,2.045779685264664e-05,trainer_state_deepseekv2.json
DeepSeek-R1-Distill-Llama-8B · LoRA-v2,DeepSeek-R1-Distill-Llama-8B,LoRA-v2,440,0.0629695885509839,1.8488,2.0934668574153555e-05,trainer_state_deepseekv2.json
DeepSeek-R1-Distill-Llama-8B · LoRA-v2,DeepSeek-R1-Distill-Llama-8B,LoRA-v2,450,0.06440071556350627,1.698,2.1411540295660468e-05,trainer_state_deepseekv2.json
DeepSeek-R1-Distill-Llama-8B · LoRA-v2,DeepSeek-R1-Distill-Llama-8B,LoRA-v2,460,0.06583184257602863,1.8866,2.1888412017167384e-05,trainer_state_deepseekv2.json
DeepSeek-R1-Distill-Llama-8B · LoRA-v2,DeepSeek-R1-Distill-Llama-8B,LoRA-v2,470,0.06726296958855098,1.7898,2.2365283738674297e-05,trainer_state_deepseekv2.json
DeepSeek-R1-Distill-Llama-8B · LoRA-v2,DeepSeek-R1-Distill-Llama-8B,LoRA-v2,480,0.06869409660107334,1.7977,2.284215546018121e-05,trainer_state_deepseekv2.json
DeepSeek-R1-Distill-Llama-8B · LoRA-v2,DeepSeek-R1-Distill-Llama-8B,LoRA-v2,490,0.0701252236135957,1.5975,2.331902718168813e-05,trainer_state_deepseekv2.json
DeepSeek-R1-Distill-Llama-8B · LoRA-v2,DeepSeek-R1-Distill-Llama-8B,LoRA-v2,500,0.07155635062611806,1.683,2.379589890319504e-05,trainer_state_deepseekv2.json
DeepSeek-R1-Distill-Llama-8B · LoRA-v2,DeepSeek-R1-Distill-Llama-8B,LoRA-v2,510,0.07298747763864043,1.6338,2.4272770624701957e-05,trainer_state_deepseekv2.json
DeepSeek-R1-Distill-Llama-8B · LoRA-v2,DeepSeek-R1-Distill-Llama-8B,LoRA-v2,520,0.07441860465116279,1.6499,2.474964234620887e-05,trainer_state_deepseekv2.json
DeepSeek-R1-Distill-Llama-8B · LoRA-v2,DeepSeek-R1-Distill-Llama-8B,LoRA-v2,530,0.07584973166368515,1.7305,2.5226514067715783e-05,trainer_state_deepseekv2.json
DeepSeek-R1-Distill-Llama-8B · LoRA-v2,DeepSeek-R1-Distill-Llama-8B,LoRA-v2,540,0.07728085867620751,1.7659,2.57033857892227e-05,trainer_state_deepseekv2.json
DeepSeek-R1-Distill-Llama-8B · LoRA-v2,DeepSeek-R1-Distill-Llama-8B,LoRA-v2,550,0.07871198568872988,1.5889,2.6180257510729618e-05,trainer_state_deepseekv2.json
DeepSeek-R1-Distill-Llama-8B · LoRA-v2,DeepSeek-R1-Distill-Llama-8B,LoRA-v2,560,0.08014311270125224,1.5754,2.6657129232236527e-05,trainer_state_deepseekv2.json
DeepSeek-R1-Distill-Llama-8B · LoRA-v2,DeepSeek-R1-Distill-Llama-8B,LoRA-v2,570,0.0815742397137746,1.7382,2.7134000953743443e-05,trainer_state_deepseekv2.json
DeepSeek-R1-Distill-Llama-8B · LoRA-v2,DeepSeek-R1-Distill-Llama-8B,LoRA-v2,580,0.08300536672629696,1.8372,2.761087267525036e-05,trainer_state_deepseekv2.json
DeepSeek-R1-Distill-Llama-8B · LoRA-v2,DeepSeek-R1-Distill-Llama-8B,LoRA-v2,590,0.08443649373881933,1.6444,2.8087744396757276e-05,trainer_state_deepseekv2.json
DeepSeek-R1-Distill-Llama-8B · LoRA-v2,DeepSeek-R1-Distill-Llama-8B,LoRA-v2,600,0.08586762075134168,1.5949,2.8564616118264188e-05,trainer_state_deepseekv2.json
DeepSeek-R1-Distill-Llama-8B · LoRA-v2,DeepSeek-R1-Distill-Llama-8B,LoRA-v2,610,0.08729874776386404,1.715,2.9041487839771104e-05,trainer_state_deepseekv2.json
DeepSeek-R1-Distill-Llama-8B · LoRA-v2,DeepSeek-R1-Distill-Llama-8B,LoRA-v2,620,0.0887298747763864,1.6506,2.951835956127802e-05,trainer_state_deepseekv2.json
DeepSeek-R1-Distill-Llama-8B · LoRA-v2,DeepSeek-R1-Distill-Llama-8B,LoRA-v2,630,0.09016100178890876,1.6688,2.999523128278493e-05,trainer_state_deepseekv2.json
DeepSeek-R1-Distill-Llama-8B · LoRA-v2,DeepSeek-R1-Distill-Llama-8B,LoRA-v2,640,0.09159212880143112,1.6294,3.0472103004291846e-05,trainer_state_deepseekv2.json
DeepSeek-R1-Distill-Llama-8B · LoRA-v2,DeepSeek-R1-Distill-Llama-8B,LoRA-v2,650,0.09302325581395349,1.7797,3.094897472579876e-05,trainer_state_deepseekv2.json
DeepSeek-R1-Distill-Llama-8B · LoRA-v2,DeepSeek-R1-Distill-Llama-8B,LoRA-v2,660,0.09445438282647585,1.6833,3.142584644730567e-05,trainer_state_deepseekv2.json
DeepSeek-R1-Distill-Llama-8B · LoRA-v2,DeepSeek-R1-Distill-Llama-8B,LoRA-v2,670,0.09588550983899821,1.6769,3.190271816881259e-05,trainer_state_deepseekv2.json
DeepSeek-R1-Distill-Llama-8B · LoRA-v2,DeepSeek-R1-Distill-Llama-8B,LoRA-v2,680,0.09731663685152057,1.739,3.23795898903195e-05,trainer_state_deepseekv2.json
DeepSeek-R1-Distill-Llama-8B · LoRA-v2,DeepSeek-R1-Distill-Llama-8B,LoRA-v2,690,0.09874776386404294,1.6239,3.2856461611826426e-05,trainer_state_deepseekv2.json
DeepSeek-R1-Distill-Llama-8B · LoRA-v2,DeepSeek-R1-Distill-Llama-8B,LoRA-v2,700,0.1001788908765653,1.6208,3.3333333333333335e-05,trainer_state_deepseekv2.json
DeepSeek-R1-Distill-Llama-8B · LoRA-v2,DeepSeek-R1-Distill-Llama-8B,LoRA-v2,710,0.10161001788908766,1.7293,3.381020505484025e-05,trainer_state_deepseekv2.json
DeepSeek-R1-Distill-Llama-8B · LoRA-v2,DeepSeek-R1-Distill-Llama-8B,LoRA-v2,720,0.10304114490161002,1.7592,3.428707677634717e-05,trainer_state_deepseekv2.json
DeepSeek-R1-Distill-Llama-8B · LoRA-v2,DeepSeek-R1-Distill-Llama-8B,LoRA-v2,730,0.10447227191413237,1.7144,3.4763948497854076e-05,trainer_state_deepseekv2.json
DeepSeek-R1-Distill-Llama-8B · LoRA-v2,DeepSeek-R1-Distill-Llama-8B,LoRA-v2,740,0.10590339892665473,1.7572,3.524082021936099e-05,trainer_state_deepseekv2.json
DeepSeek-R1-Distill-Llama-8B · LoRA-v2,DeepSeek-R1-Distill-Llama-8B,LoRA-v2,750,0.1073345259391771,1.7858,3.571769194086791e-05,trainer_state_deepseekv2.json
DeepSeek-R1-Distill-Llama-8B · LoRA-v2,DeepSeek-R1-Distill-Llama-8B,LoRA-v2,760,0.10876565295169946,1.7575,3.6194563662374824e-05,trainer_state_deepseekv2.json
DeepSeek-R1-Distill-Llama-8B · LoRA-v2,DeepSeek-R1-Distill-Llama-8B,LoRA-v2,770,0.11019677996422182,1.6121,3.6671435383881734e-05,trainer_state_deepseekv2.json
DeepSeek-R1-Distill-Llama-8B · LoRA-v2,DeepSeek-R1-Distill-Llama-8B,LoRA-v2,780,0.11162790697674418,1.6352,3.714830710538865e-05,trainer_state_deepseekv2.json
DeepSeek-R1-Distill-Llama-8B · LoRA-v2,DeepSeek-R1-Distill-Llama-8B,LoRA-v2,790,0.11305903398926655,1.7659,3.7625178826895566e-05,trainer_state_deepseekv2.json
DeepSeek-R1-Distill-Llama-8B · LoRA-v2,DeepSeek-R1-Distill-Llama-8B,LoRA-v2,800,0.11449016100178891,1.6897,3.810205054840248e-05,trainer_state_deepseekv2.json
DeepSeek-R1-Distill-Llama-8B · LoRA-v2,DeepSeek-R1-Distill-Llama-8B,LoRA-v2,810,0.11592128801431127,1.6176,3.85789222699094e-05,trainer_state_deepseekv2.json
DeepSeek-R1-Distill-Llama-8B · LoRA-v2,DeepSeek-R1-Distill-Llama-8B,LoRA-v2,820,0.11735241502683363,1.4863,3.9055793991416314e-05,trainer_state_deepseekv2.json
DeepSeek-R1-Distill-Llama-8B · LoRA-v2,DeepSeek-R1-Distill-Llama-8B,LoRA-v2,830,0.118783542039356,1.6082,3.953266571292323e-05,trainer_state_deepseekv2.json
DeepSeek-R1-Distill-Llama-8B · LoRA-v2,DeepSeek-R1-Distill-Llama-8B,LoRA-v2,840,0.12021466905187836,1.6741,4.000953743443014e-05,trainer_state_deepseekv2.json
DeepSeek-R1-Distill-Llama-8B · LoRA-v2,DeepSeek-R1-Distill-Llama-8B,LoRA-v2,850,0.12164579606440072,1.7558,4.0486409155937055e-05,trainer_state_deepseekv2.json
DeepSeek-R1-Distill-Llama-8B · LoRA-v2,DeepSeek-R1-Distill-Llama-8B,LoRA-v2,860,0.12307692307692308,1.5963,4.096328087744397e-05,trainer_state_deepseekv2.json
DeepSeek-R1-Distill-Llama-8B · LoRA-v2,DeepSeek-R1-Distill-Llama-8B,LoRA-v2,870,0.12450805008944543,1.674,4.144015259895088e-05,trainer_state_deepseekv2.json
DeepSeek-R1-Distill-Llama-8B · LoRA-v2,DeepSeek-R1-Distill-Llama-8B,LoRA-v2,880,0.1259391771019678,1.6886,4.1917024320457796e-05,trainer_state_deepseekv2.json
DeepSeek-R1-Distill-Llama-8B · LoRA-v2,DeepSeek-R1-Distill-Llama-8B,LoRA-v2,890,0.12737030411449016,1.6143,4.239389604196471e-05,trainer_state_deepseekv2.json
DeepSeek-R1-Distill-Llama-8B · LoRA-v2,DeepSeek-R1-Distill-Llama-8B,LoRA-v2,900,0.12880143112701253,1.5112,4.287076776347163e-05,trainer_state_deepseekv2.json
DeepSeek-R1-Distill-Llama-8B · LoRA-v2,DeepSeek-R1-Distill-Llama-8B,LoRA-v2,910,0.13023255813953488,1.6674,4.3347639484978544e-05,trainer_state_deepseekv2.json
DeepSeek-R1-Distill-Llama-8B · LoRA-v2,DeepSeek-R1-Distill-Llama-8B,LoRA-v2,920,0.13166368515205726,1.6422,4.382451120648546e-05,trainer_state_deepseekv2.json
DeepSeek-R1-Distill-Llama-8B · LoRA-v2,DeepSeek-R1-Distill-Llama-8B,LoRA-v2,930,0.1330948121645796,1.6009,4.4301382927992377e-05,trainer_state_deepseekv2.json
DeepSeek-R1-Distill-Llama-8B · LoRA-v2,DeepSeek-R1-Distill-Llama-8B,LoRA-v2,940,0.13452593917710196,1.7668,4.4778254649499286e-05,trainer_state_deepseekv2.json
DeepSeek-R1-Distill-Llama-8B · LoRA-v2,DeepSeek-R1-Distill-Llama-8B,LoRA-v2,950,0.13595706618962433,1.6628,4.52551263710062e-05,trainer_state_deepseekv2.json
DeepSeek-R1-Distill-Llama-8B · LoRA-v2,DeepSeek-R1-Distill-Llama-8B,LoRA-v2,960,0.13738819320214668,1.7788,4.573199809251312e-05,trainer_state_deepseekv2.json
DeepSeek-R1-Distill-Llama-8B · LoRA-v2,DeepSeek-R1-Distill-Llama-8B,LoRA-v2,970,0.13881932021466906,1.6564,4.620886981402003e-05,trainer_state_deepseekv2.json
DeepSeek-R1-Distill-Llama-8B · LoRA-v2,DeepSeek-R1-Distill-Llama-8B,LoRA-v2,980,0.1402504472271914,1.7418,4.668574153552694e-05,trainer_state_deepseekv2.json
DeepSeek-R1-Distill-Llama-8B · LoRA-v2,DeepSeek-R1-Distill-Llama-8B,LoRA-v2,990,0.14168157423971378,1.677,4.716261325703386e-05,trainer_state_deepseekv2.json
DeepSeek-R1-Distill-Llama-8B · LoRA-v2,DeepSeek-R1-Distill-Llama-8B,LoRA-v2,1000,0.14311270125223613,1.7834,4.7639484978540775e-05,trainer_state_deepseekv2.json
DeepSeek-R1-Distill-Llama-8B · LoRA-v2,DeepSeek-R1-Distill-Llama-8B,LoRA-v2,1010,0.1445438282647585,1.7299,4.811635670004769e-05,trainer_state_deepseekv2.json
DeepSeek-R1-Distill-Llama-8B · LoRA-v2,DeepSeek-R1-Distill-Llama-8B,LoRA-v2,1020,0.14597495527728085,1.6312,4.859322842155461e-05,trainer_state_deepseekv2.json
DeepSeek-R1-Distill-Llama-8B · LoRA-v2,DeepSeek-R1-Distill-Llama-8B,LoRA-v2,1030,0.14740608228980323,1.5773,4.907010014306152e-05,trainer_state_deepseekv2.json
DeepSeek-R1-Distill-Llama-8B · LoRA-v2,DeepSeek-R1-Distill-Llama-8B,LoRA-v2,1040,0.14883720930232558,1.6519,4.954697186456843e-05,trainer_state_deepseekv2.json
DeepSeek-R1-Distill-Llama-8B · LoRA-v2,DeepSeek-R1-Distill-Llama-8B,LoRA-v2,1050,0.15026833631484796,1.6786,5.002384358607535e-05,trainer_state_deepseekv2.json
DeepSeek-R1-Distill-Llama-8B · LoRA-v2,DeepSeek-R1-Distill-Llama-8B,LoRA-v2,1060,0.1516994633273703,1.6863,5.050071530758226e-05,trainer_state_deepseekv2.json
DeepSeek-R1-Distill-Llama-8B · LoRA-v2,DeepSeek-R1-Distill-Llama-8B,LoRA-v2,1070,0.15313059033989265,1.5748,5.097758702908918e-05,trainer_state_deepseekv2.json
DeepSeek-R1-Distill-Llama-8B · LoRA-v2,DeepSeek-R1-Distill-Llama-8B,LoRA-v2,1080,0.15456171735241503,1.6524,5.145445875059609e-05,trainer_state_deepseekv2.json
DeepSeek-R1-Distill-Llama-8B · LoRA-v2,DeepSeek-R1-Distill-Llama-8B,LoRA-v2,1090,0.15599284436493738,1.7585,5.1931330472103e-05,trainer_state_deepseekv2.json
DeepSeek-R1-Distill-Llama-8B · LoRA-v2,DeepSeek-R1-Distill-Llama-8B,LoRA-v2,1100,0.15742397137745975,1.6373,5.240820219360992e-05,trainer_state_deepseekv2.json
DeepSeek-R1-Distill-Llama-8B · LoRA-v2,DeepSeek-R1-Distill-Llama-8B,LoRA-v2,1110,0.1588550983899821,1.5789,5.288507391511683e-05,trainer_state_deepseekv2.json
DeepSeek-R1-Distill-Llama-8B · LoRA-v2,DeepSeek-R1-Distill-Llama-8B,LoRA-v2,1120,0.16028622540250448,1.691,5.3361945636623754e-05,trainer_state_deepseekv2.json
DeepSeek-R1-Distill-Llama-8B · LoRA-v2,DeepSeek-R1-Distill-Llama-8B,LoRA-v2,1130,0.16171735241502683,1.6355,5.383881735813066e-05,trainer_state_deepseekv2.json
DeepSeek-R1-Distill-Llama-8B · LoRA-v2,DeepSeek-R1-Distill-Llama-8B,LoRA-v2,1140,0.1631484794275492,1.6367,5.431568907963758e-05,trainer_state_deepseekv2.json
DeepSeek-R1-Distill-Llama-8B · LoRA-v2,DeepSeek-R1-Distill-Llama-8B,LoRA-v2,1150,0.16457960644007155,1.7405,5.47925608011445e-05,trainer_state_deepseekv2.json
DeepSeek-R1-Distill-Llama-8B · LoRA-v2,DeepSeek-R1-Distill-Llama-8B,LoRA-v2,1160,0.16601073345259393,1.6333,5.526943252265141e-05,trainer_state_deepseekv2.json
DeepSeek-R1-Distill-Llama-8B · LoRA-v2,DeepSeek-R1-Distill-Llama-8B,LoRA-v2,1170,0.16744186046511628,1.5516,5.574630424415832e-05,trainer_state_deepseekv2.json
DeepSeek-R1-Distill-Llama-8B · LoRA-v2,DeepSeek-R1-Distill-Llama-8B,LoRA-v2,1180,0.16887298747763865,1.6625,5.622317596566524e-05,trainer_state_deepseekv2.json
DeepSeek-R1-Distill-Llama-8B · LoRA-v2,DeepSeek-R1-Distill-Llama-8B,LoRA-v2,1190,0.170304114490161,1.5953,5.670004768717215e-05,trainer_state_deepseekv2.json
DeepSeek-R1-Distill-Llama-8B · LoRA-v2,DeepSeek-R1-Distill-Llama-8B,LoRA-v2,1200,0.17173524150268335,1.4252,5.717691940867906e-05,trainer_state_deepseekv2.json
DeepSeek-R1-Distill-Llama-8B · LoRA-v2,DeepSeek-R1-Distill-Llama-8B,LoRA-v2,1210,0.17316636851520573,1.5083,5.7653791130185985e-05,trainer_state_deepseekv2.json
DeepSeek-R1-Distill-Llama-8B · LoRA-v2,DeepSeek-R1-Distill-Llama-8B,LoRA-v2,1220,0.17459749552772807,1.6904,5.8130662851692894e-05,trainer_state_deepseekv2.json
DeepSeek-R1-Distill-Llama-8B · LoRA-v2,DeepSeek-R1-Distill-Llama-8B,LoRA-v2,1230,0.17602862254025045,1.5311,5.860753457319981e-05,trainer_state_deepseekv2.json
DeepSeek-R1-Distill-Llama-8B · LoRA-v2,DeepSeek-R1-Distill-Llama-8B,LoRA-v2,1240,0.1774597495527728,1.7409,5.9084406294706726e-05,trainer_state_deepseekv2.json
DeepSeek-R1-Distill-Llama-8B · LoRA-v2,DeepSeek-R1-Distill-Llama-8B,LoRA-v2,1250,0.17889087656529518,1.5659,5.956127801621364e-05,trainer_state_deepseekv2.json
DeepSeek-R1-Distill-Llama-8B · LoRA-v2,DeepSeek-R1-Distill-Llama-8B,LoRA-v2,1260,0.18032200357781752,1.7277,6.0038149737720565e-05,trainer_state_deepseekv2.json
DeepSeek-R1-Distill-Llama-8B · LoRA-v2,DeepSeek-R1-Distill-Llama-8B,LoRA-v2,1270,0.1817531305903399,1.6693,6.0515021459227474e-05,trainer_state_deepseekv2.json
DeepSeek-R1-Distill-Llama-8B · LoRA-v2,DeepSeek-R1-Distill-Llama-8B,LoRA-v2,1280,0.18318425760286225,1.7451,6.099189318073438e-05,trainer_state_deepseekv2.json
DeepSeek-R1-Distill-Llama-8B · LoRA-v2,DeepSeek-R1-Distill-Llama-8B,LoRA-v2,1290,0.18461538461538463,1.5768,6.14687649022413e-05,trainer_state_deepseekv2.json
DeepSeek-R1-Distill-Llama-8B · LoRA-v2,DeepSeek-R1-Distill-Llama-8B,LoRA-v2,1300,0.18604651162790697,1.4907,6.194563662374822e-05,trainer_state_deepseekv2.json
DeepSeek-R1-Distill-Llama-8B · LoRA-v2,DeepSeek-R1-Distill-Llama-8B,LoRA-v2,1310,0.18747763864042935,1.6642,6.242250834525512e-05,trainer_state_deepseekv2.json
DeepSeek-R1-Distill-Llama-8B · LoRA-v2,DeepSeek-R1-Distill-Llama-8B,LoRA-v2,1320,0.1889087656529517,1.7143,6.289938006676205e-05,trainer_state_deepseekv2.json
DeepSeek-R1-Distill-Llama-8B · LoRA-v2,DeepSeek-R1-Distill-Llama-8B,LoRA-v2,1330,0.19033989266547405,1.5654,6.337625178826896e-05,trainer_state_deepseekv2.json
DeepSeek-R1-Distill-Llama-8B · LoRA-v2,DeepSeek-R1-Distill-Llama-8B,LoRA-v2,1340,0.19177101967799642,1.4796,6.385312350977587e-05,trainer_state_deepseekv2.json
DeepSeek-R1-Distill-Llama-8B · LoRA-v2,DeepSeek-R1-Distill-Llama-8B,LoRA-v2,1350,0.19320214669051877,1.4966,6.432999523128279e-05,trainer_state_deepseekv2.json
DeepSeek-R1-Distill-Llama-8B · LoRA-v2,DeepSeek-R1-Distill-Llama-8B,LoRA-v2,1360,0.19463327370304115,1.5346,6.48068669527897e-05,trainer_state_deepseekv2.json
DeepSeek-R1-Distill-Llama-8B · LoRA-v2,DeepSeek-R1-Distill-Llama-8B,LoRA-v2,1370,0.1960644007155635,1.504,6.528373867429661e-05,trainer_state_deepseekv2.json
DeepSeek-R1-Distill-Llama-8B · LoRA-v2,DeepSeek-R1-Distill-Llama-8B,LoRA-v2,1380,0.19749552772808587,1.6308,6.576061039580353e-05,trainer_state_deepseekv2.json
DeepSeek-R1-Distill-Llama-8B · LoRA-v2,DeepSeek-R1-Distill-Llama-8B,LoRA-v2,1390,0.19892665474060822,1.5374,6.623748211731044e-05,trainer_state_deepseekv2.json
DeepSeek-R1-Distill-Llama-8B · LoRA-v2,DeepSeek-R1-Distill-Llama-8B,LoRA-v2,1400,0.2003577817531306,1.6162,6.671435383881736e-05,trainer_state_deepseekv2.json
DeepSeek-R1-Distill-Llama-8B · LoRA-v2,DeepSeek-R1-Distill-Llama-8B,LoRA-v2,1410,0.20178890876565295,1.6081,6.719122556032427e-05,trainer_state_deepseekv2.json
DeepSeek-R1-Distill-Llama-8B · LoRA-v2,DeepSeek-R1-Distill-Llama-8B,LoRA-v2,1420,0.20322003577817532,1.5314,6.76680972818312e-05,trainer_state_deepseekv2.json
DeepSeek-R1-Distill-Llama-8B · LoRA-v2,DeepSeek-R1-Distill-Llama-8B,LoRA-v2,1430,0.20465116279069767,1.554,6.814496900333812e-05,trainer_state_deepseekv2.json
DeepSeek-R1-Distill-Llama-8B · LoRA-v2,DeepSeek-R1-Distill-Llama-8B,LoRA-v2,1440,0.20608228980322005,1.4939,6.862184072484503e-05,trainer_state_deepseekv2.json
DeepSeek-R1-Distill-Llama-8B · LoRA-v2,DeepSeek-R1-Distill-Llama-8B,LoRA-v2,1450,0.2075134168157424,1.6692,6.909871244635194e-05,trainer_state_deepseekv2.json
DeepSeek-R1-Distill-Llama-8B · LoRA-v2,DeepSeek-R1-Distill-Llama-8B,LoRA-v2,1460,0.20894454382826474,1.6327,6.957558416785886e-05,trainer_state_deepseekv2.json
DeepSeek-R1-Distill-Llama-8B · LoRA-v2,DeepSeek-R1-Distill-Llama-8B,LoRA-v2,1470,0.21037567084078712,1.551,7.005245588936577e-05,trainer_state_deepseekv2.json
DeepSeek-R1-Distill-Llama-8B · LoRA-v2,DeepSeek-R1-Distill-Llama-8B,LoRA-v2,1480,0.21180679785330947,1.6302,7.052932761087268e-05,trainer_state_deepseekv2.json
DeepSeek-R1-Distill-Llama-8B · LoRA-v2,DeepSeek-R1-Distill-Llama-8B,LoRA-v2,1490,0.21323792486583185,1.6754,7.10061993323796e-05,trainer_state_deepseekv2.json
DeepSeek-R1-Distill-Llama-8B · LoRA-v2,DeepSeek-R1-Distill-Llama-8B,LoRA-v2,1500,0.2146690518783542,1.6267,7.148307105388651e-05,trainer_state_deepseekv2.json
DeepSeek-R1-Distill-Llama-8B · LoRA-v2,DeepSeek-R1-Distill-Llama-8B,LoRA-v2,1510,0.21610017889087657,1.5227,7.195994277539342e-05,trainer_state_deepseekv2.json
DeepSeek-R1-Distill-Llama-8B · LoRA-v2,DeepSeek-R1-Distill-Llama-8B,LoRA-v2,1520,0.21753130590339892,1.6406,7.243681449690034e-05,trainer_state_deepseekv2.json
DeepSeek-R1-Distill-Llama-8B · LoRA-v2,DeepSeek-R1-Distill-Llama-8B,LoRA-v2,1530,0.2189624329159213,1.59,7.291368621840725e-05,trainer_state_deepseekv2.json
DeepSeek-R1-Distill-Llama-8B · LoRA-v2,DeepSeek-R1-Distill-Llama-8B,LoRA-v2,1540,0.22039355992844364,1.7738,7.339055793991416e-05,trainer_state_deepseekv2.json
DeepSeek-R1-Distill-Llama-8B · LoRA-v2,DeepSeek-R1-Distill-Llama-8B,LoRA-v2,1550,0.22182468694096602,1.5974,7.386742966142108e-05,trainer_state_deepseekv2.json
DeepSeek-R1-Distill-Llama-8B · LoRA-v2,DeepSeek-R1-Distill-Llama-8B,LoRA-v2,1560,0.22325581395348837,1.6674,7.434430138292799e-05,trainer_state_deepseekv2.json
DeepSeek-R1-Distill-Llama-8B · LoRA-v2,DeepSeek-R1-Distill-Llama-8B,LoRA-v2,1570,0.22468694096601075,1.5714,7.48211731044349e-05,trainer_state_deepseekv2.json
DeepSeek-R1-Distill-Llama-8B · LoRA-v2,DeepSeek-R1-Distill-Llama-8B,LoRA-v2,1580,0.2261180679785331,1.5885,7.529804482594182e-05,trainer_state_deepseekv2.json
DeepSeek-R1-Distill-Llama-8B · LoRA-v2,DeepSeek-R1-Distill-Llama-8B,LoRA-v2,1590,0.22754919499105544,1.6463,7.577491654744873e-05,trainer_state_deepseekv2.json
DeepSeek-R1-Distill-Llama-8B · LoRA-v2,DeepSeek-R1-Distill-Llama-8B,LoRA-v2,1600,0.22898032200357782,1.449,7.625178826895566e-05,trainer_state_deepseekv2.json
DeepSeek-R1-Distill-Llama-8B · LoRA-v2,DeepSeek-R1-Distill-Llama-8B,LoRA-v2,1610,0.23041144901610017,1.5717,7.672865999046256e-05,trainer_state_deepseekv2.json
DeepSeek-R1-Distill-Llama-8B · LoRA-v2,DeepSeek-R1-Distill-Llama-8B,LoRA-v2,1620,0.23184257602862254,1.4706,7.720553171196949e-05,trainer_state_deepseekv2.json
DeepSeek-R1-Distill-Llama-8B · LoRA-v2,DeepSeek-R1-Distill-Llama-8B,LoRA-v2,1630,0.2332737030411449,1.4904,7.76824034334764e-05,trainer_state_deepseekv2.json
DeepSeek-R1-Distill-Llama-8B · LoRA-v2,DeepSeek-R1-Distill-Llama-8B,LoRA-v2,1640,0.23470483005366727,1.5994,7.815927515498332e-05,trainer_state_deepseekv2.json
DeepSeek-R1-Distill-Llama-8B · LoRA-v2,DeepSeek-R1-Distill-Llama-8B,LoRA-v2,1650,0.23613595706618962,1.5683,7.863614687649023e-05,trainer_state_deepseekv2.json
DeepSeek-R1-Distill-Llama-8B · LoRA-v2,DeepSeek-R1-Distill-Llama-8B,LoRA-v2,1660,0.237567084078712,1.7774,7.911301859799715e-05,trainer_state_deepseekv2.json
DeepSeek-R1-Distill-Llama-8B · LoRA-v2,DeepSeek-R1-Distill-Llama-8B,LoRA-v2,1670,0.23899821109123434,1.4706,7.958989031950406e-05,trainer_state_deepseekv2.json
DeepSeek-R1-Distill-Llama-8B · LoRA-v2,DeepSeek-R1-Distill-Llama-8B,LoRA-v2,1680,0.24042933810375672,1.684,8.006676204101097e-05,trainer_state_deepseekv2.json
DeepSeek-R1-Distill-Llama-8B · LoRA-v2,DeepSeek-R1-Distill-Llama-8B,LoRA-v2,1690,0.24186046511627907,1.5942,8.054363376251789e-05,trainer_state_deepseekv2.json
DeepSeek-R1-Distill-Llama-8B · LoRA-v2,DeepSeek-R1-Distill-Llama-8B,LoRA-v2,1700,0.24329159212880144,1.3944,8.10205054840248e-05,trainer_state_deepseekv2.json
DeepSeek-R1-Distill-Llama-8B · LoRA-v2,DeepSeek-R1-Distill-Llama-8B,LoRA-v2,1710,0.2447227191413238,1.5301,8.149737720553171e-05,trainer_state_deepseekv2.json
DeepSeek-R1-Distill-Llama-8B · LoRA-v2,DeepSeek-R1-Distill-Llama-8B,LoRA-v2,1720,0.24615384615384617,1.7277,8.197424892703863e-05,trainer_state_deepseekv2.json
DeepSeek-R1-Distill-Llama-8B · LoRA-v2,DeepSeek-R1-Distill-Llama-8B,LoRA-v2,1730,0.24758497316636852,1.4685,8.245112064854554e-05,trainer_state_deepseekv2.json
DeepSeek-R1-Distill-Llama-8B · LoRA-v2,DeepSeek-R1-Distill-Llama-8B,LoRA-v2,1740,0.24901610017889086,1.6588,8.292799237005247e-05,trainer_state_deepseekv2.json
DeepSeek-R1-Distill-Llama-8B · LoRA-v2,DeepSeek-R1-Distill-Llama-8B,LoRA-v2,1750,0.2504472271914132,1.6668,8.340486409155938e-05,trainer_state_deepseekv2.json
DeepSeek-R1-Distill-Llama-8B · LoRA-v2,DeepSeek-R1-Distill-Llama-8B,LoRA-v2,1760,0.2518783542039356,1.6587,8.388173581306629e-05,trainer_state_deepseekv2.json
DeepSeek-R1-Distill-Llama-8B · LoRA-v2,DeepSeek-R1-Distill-Llama-8B,LoRA-v2,1770,0.25330948121645797,1.6947,8.435860753457321e-05,trainer_state_deepseekv2.json
DeepSeek-R1-Distill-Llama-8B · LoRA-v2,DeepSeek-R1-Distill-Llama-8B,LoRA-v2,1780,0.2547406082289803,1.5328,8.483547925608012e-05,trainer_state_deepseekv2.json
DeepSeek-R1-Distill-Llama-8B · LoRA-v2,DeepSeek-R1-Distill-Llama-8B,LoRA-v2,1790,0.25617173524150266,1.7182,8.531235097758703e-05,trainer_state_deepseekv2.json
DeepSeek-R1-Distill-Llama-8B · LoRA-v2,DeepSeek-R1-Distill-Llama-8B,LoRA-v2,1800,0.25760286225402507,1.6797,8.578922269909395e-05,trainer_state_deepseekv2.json
DeepSeek-R1-Distill-Llama-8B · LoRA-v2,DeepSeek-R1-Distill-Llama-8B,LoRA-v2,1810,0.2590339892665474,1.6363,8.626609442060086e-05,trainer_state_deepseekv2.json
DeepSeek-R1-Distill-Llama-8B · LoRA-v2,DeepSeek-R1-Distill-Llama-8B,LoRA-v2,1820,0.26046511627906976,1.5848,8.674296614210777e-05,trainer_state_deepseekv2.json
DeepSeek-R1-Distill-Llama-8B · LoRA-v2,DeepSeek-R1-Distill-Llama-8B,LoRA-v2,1830,0.2618962432915921,1.8347,8.721983786361469e-05,trainer_state_deepseekv2.json
DeepSeek-R1-Distill-Llama-8B · LoRA-v2,DeepSeek-R1-Distill-Llama-8B,LoRA-v2,1840,0.2633273703041145,1.6271,8.76967095851216e-05,trainer_state_deepseekv2.json
DeepSeek-R1-Distill-Llama-8B · LoRA-v2,DeepSeek-R1-Distill-Llama-8B,LoRA-v2,1850,0.26475849731663686,1.6228,8.817358130662852e-05,trainer_state_deepseekv2.json
DeepSeek-R1-Distill-Llama-8B · LoRA-v2,DeepSeek-R1-Distill-Llama-8B,LoRA-v2,1860,0.2661896243291592,1.6758,8.865045302813543e-05,trainer_state_deepseekv2.json
DeepSeek-R1-Distill-Llama-8B · LoRA-v2,DeepSeek-R1-Distill-Llama-8B,LoRA-v2,1870,0.26762075134168156,1.4995,8.912732474964235e-05,trainer_state_deepseekv2.json
DeepSeek-R1-Distill-Llama-8B · LoRA-v2,DeepSeek-R1-Distill-Llama-8B,LoRA-v2,1880,0.2690518783542039,1.5918,8.960419647114926e-05,trainer_state_deepseekv2.json
DeepSeek-R1-Distill-Llama-8B · LoRA-v2,DeepSeek-R1-Distill-Llama-8B,LoRA-v2,1890,0.2704830053667263,1.6564,9.008106819265619e-05,trainer_state_deepseekv2.json
DeepSeek-R1-Distill-Llama-8B · LoRA-v2,DeepSeek-R1-Distill-Llama-8B,LoRA-v2,1900,0.27191413237924866,1.6423,9.05579399141631e-05,trainer_state_deepseekv2.json
DeepSeek-R1-Distill-Llama-8B · LoRA-v2,DeepSeek-R1-Distill-Llama-8B,LoRA-v2,1910,0.273345259391771,1.6835,9.103481163567002e-05,trainer_state_deepseekv2.json
DeepSeek-R1-Distill-Llama-8B · LoRA-v2,DeepSeek-R1-Distill-Llama-8B,LoRA-v2,1920,0.27477638640429336,1.6616,9.151168335717693e-05,trainer_state_deepseekv2.json
DeepSeek-R1-Distill-Llama-8B · LoRA-v2,DeepSeek-R1-Distill-Llama-8B,LoRA-v2,1930,0.27620751341681576,1.4823,9.198855507868384e-05,trainer_state_deepseekv2.json
DeepSeek-R1-Distill-Llama-8B · LoRA-v2,DeepSeek-R1-Distill-Llama-8B,LoRA-v2,1940,0.2776386404293381,1.6045,9.246542680019076e-05,trainer_state_deepseekv2.json
DeepSeek-R1-Distill-Llama-8B · LoRA-v2,DeepSeek-R1-Distill-Llama-8B,LoRA-v2,1950,0.27906976744186046,1.4656,9.294229852169767e-05,trainer_state_deepseekv2.json
DeepSeek-R1-Distill-Llama-8B · LoRA-v2,DeepSeek-R1-Distill-Llama-8B,LoRA-v2,1960,0.2805008944543828,1.6101,9.341917024320458e-05,trainer_state_deepseekv2.json
DeepSeek-R1-Distill-Llama-8B · LoRA-v2,DeepSeek-R1-Distill-Llama-8B,LoRA-v2,1970,0.2819320214669052,1.4964,9.38960419647115e-05,trainer_state_deepseekv2.json
DeepSeek-R1-Distill-Llama-8B · LoRA-v2,DeepSeek-R1-Distill-Llama-8B,LoRA-v2,1980,0.28336314847942756,1.4663,9.437291368621841e-05,trainer_state_deepseekv2.json
DeepSeek-R1-Distill-Llama-8B · LoRA-v2,DeepSeek-R1-Distill-Llama-8B,LoRA-v2,1990,0.2847942754919499,1.4309,9.484978540772532e-05,trainer_state_deepseekv2.json
DeepSeek-R1-Distill-Llama-8B · LoRA-v2,DeepSeek-R1-Distill-Llama-8B,LoRA-v2,2000,0.28622540250447226,1.646,9.532665712923224e-05,trainer_state_deepseekv2.json
DeepSeek-R1-Distill-Llama-8B · LoRA-v2,DeepSeek-R1-Distill-Llama-8B,LoRA-v2,2010,0.2876565295169946,1.6165,9.580352885073915e-05,trainer_state_deepseekv2.json
DeepSeek-R1-Distill-Llama-8B · LoRA-v2,DeepSeek-R1-Distill-Llama-8B,LoRA-v2,2020,0.289087656529517,1.7605,9.628040057224606e-05,trainer_state_deepseekv2.json
DeepSeek-R1-Distill-Llama-8B · LoRA-v2,DeepSeek-R1-Distill-Llama-8B,LoRA-v2,2030,0.29051878354203936,1.5328,9.675727229375298e-05,trainer_state_deepseekv2.json
DeepSeek-R1-Distill-Llama-8B · LoRA-v2,DeepSeek-R1-Distill-Llama-8B,LoRA-v2,2040,0.2919499105545617,1.5216,9.723414401525989e-05,trainer_state_deepseekv2.json
DeepSeek-R1-Distill-Llama-8B · LoRA-v2,DeepSeek-R1-Distill-Llama-8B,LoRA-v2,2050,0.29338103756708406,1.6085,9.77110157367668e-05,trainer_state_deepseekv2.json
DeepSeek-R1-Distill-Llama-8B · LoRA-v2,DeepSeek-R1-Distill-Llama-8B,LoRA-v2,2060,0.29481216457960646,1.5895,9.818788745827373e-05,trainer_state_deepseekv2.json
DeepSeek-R1-Distill-Llama-8B · LoRA-v2,DeepSeek-R1-Distill-Llama-8B,LoRA-v2,2070,0.2962432915921288,1.5356,9.866475917978065e-05,trainer_state_deepseekv2.json
DeepSeek-R1-Distill-Llama-8B · LoRA-v2,DeepSeek-R1-Distill-Llama-8B,LoRA-v2,2080,0.29767441860465116,1.6555,9.914163090128756e-05,trainer_state_deepseekv2.json
DeepSeek-R1-Distill-Llama-8B · LoRA-v2,DeepSeek-R1-Distill-Llama-8B,LoRA-v2,2090,0.2991055456171735,1.7014,9.961850262279448e-05,trainer_state_deepseekv2.json
DeepSeek-R1-Distill-Llama-8B · LoRA-v2,DeepSeek-R1-Distill-Llama-8B,LoRA-v2,2100,0.3005366726296959,1.4996,9.999999722735644e-05,trainer_state_deepseekv2.json
DeepSeek-R1-Distill-Llama-8B · LoRA-v2,DeepSeek-R1-Distill-Llama-8B,LoRA-v2,2110,0.30196779964221826,1.5213,9.999990018486403e-05,trainer_state_deepseekv2.json
DeepSeek-R1-Distill-Llama-8B · LoRA-v2,DeepSeek-R1-Distill-Llama-8B,LoRA-v2,2120,0.3033989266547406,1.5052,9.999966451050096e-05,trainer_state_deepseekv2.json
DeepSeek-R1-Distill-Llama-8B · LoRA-v2,DeepSeek-R1-Distill-Llama-8B,LoRA-v2,2130,0.30483005366726296,1.646,9.999929020492067e-05,trainer_state_deepseekv2.json
DeepSeek-R1-Distill-Llama-8B · LoRA-v2,DeepSeek-R1-Distill-Llama-8B,LoRA-v2,2140,0.3062611806797853,1.5641,9.999877726916101e-05,trainer_state_deepseekv2.json
DeepSeek-R1-Distill-Llama-8B · LoRA-v2,DeepSeek-R1-Distill-Llama-8B,LoRA-v2,2150,0.3076923076923077,1.5547,9.999812570464412e-05,trainer_state_deepseekv2.json
DeepSeek-R1-Distill-Llama-8B · LoRA-v2,DeepSeek-R1-Distill-Llama-8B,LoRA-v2,2160,0.30912343470483006,1.5712,9.999733551317658e-05,trainer_state_deepseekv2.json
DeepSeek-R1-Distill-Llama-8B · LoRA-v2,DeepSeek-R1-Distill-Llama-8B,LoRA-v2,2170,0.3105545617173524,1.6866,9.999640669694932e-05,trainer_state_deepseekv2.json
DeepSeek-R1-Distill-Llama-8B · LoRA-v2,DeepSeek-R1-Distill-Llama-8B,LoRA-v2,2180,0.31198568872987475,1.6227,9.99953392585376e-05,trainer_state_deepseekv2.json
DeepSeek-R1-Distill-Llama-8B · LoRA-v2,DeepSeek-R1-Distill-Llama-8B,LoRA-v2,2190,0.31341681574239716,1.6251,9.999413320090105e-05,trainer_state_deepseekv2.json
DeepSeek-R1-Distill-Llama-8B · LoRA-v2,DeepSeek-R1-Distill-Llama-8B,LoRA-v2,2200,0.3148479427549195,1.4294,9.999278852738363e-05,trainer_state_deepseekv2.json
DeepSeek-R1-Distill-Llama-8B · LoRA-v2,DeepSeek-R1-Distill-Llama-8B,LoRA-v2,2210,0.31627906976744186,1.6113,9.999130524171366e-05,trainer_state_deepseekv2.json
DeepSeek-R1-Distill-Llama-8B · LoRA-v2,DeepSeek-R1-Distill-Llama-8B,LoRA-v2,2220,0.3177101967799642,1.6281,9.998968334800373e-05,trainer_state_deepseekv2.json
DeepSeek-R1-Distill-Llama-8B · LoRA-v2,DeepSeek-R1-Distill-Llama-8B,LoRA-v2,2230,0.3191413237924866,1.5887,9.99879228507508e-05,trainer_state_deepseekv2.json
DeepSeek-R1-Distill-Llama-8B · LoRA-v2,DeepSeek-R1-Distill-Llama-8B,LoRA-v2,2240,0.32057245080500896,1.5805,9.99860237548361e-05,trainer_state_deepseekv2.json
DeepSeek-R1-Distill-Llama-8B · LoRA-v2,DeepSeek-R1-Distill-Llama-8B,LoRA-v2,2250,0.3220035778175313,1.6055,9.998398606552513e-05,trainer_state_deepseekv2.json
DeepSeek-R1-Distill-Llama-8B · LoRA-v2,DeepSeek-R1-Distill-Llama-8B,LoRA-v2,2260,0.32343470483005365,1.6455,9.998180978846768e-05,trainer_state_deepseekv2.json
DeepSeek-R1-Distill-Llama-8B · LoRA-v2,DeepSeek-R1-Distill-Llama-8B,LoRA-v2,2270,0.324865831842576,1.4621,9.997949492969778e-05,trainer_state_deepseekv2.json
DeepSeek-R1-Distill-Llama-8B · LoRA-v2,DeepSeek-R1-Distill-Llama-8B,LoRA-v2,2280,0.3262969588550984,1.6645,9.997704149563372e-05,trainer_state_deepseekv2.json
DeepSeek-R1-Distill-Llama-8B · LoRA-v2,DeepSeek-R1-Distill-Llama-8B,LoRA-v2,2290,0.32772808586762076,1.5529,9.997444949307799e-05,trainer_state_deepseekv2.json
DeepSeek-R1-Distill-Llama-8B · LoRA-v2,DeepSeek-R1-Distill-Llama-8B,LoRA-v2,2300,0.3291592128801431,1.5175,9.997171892921729e-05,trainer_state_deepseekv2.json
DeepSeek-R1-Distill-Llama-8B · LoRA-v2,DeepSeek-R1-Distill-Llama-8B,LoRA-v2,2310,0.33059033989266545,1.6597,9.996884981162251e-05,trainer_state_deepseekv2.json
DeepSeek-R1-Distill-Llama-8B · LoRA-v2,DeepSeek-R1-Distill-Llama-8B,LoRA-v2,2320,0.33202146690518786,1.4674,9.996584214824866e-05,trainer_state_deepseekv2.json
DeepSeek-R1-Distill-Llama-8B · LoRA-v2,DeepSeek-R1-Distill-Llama-8B,LoRA-v2,2330,0.3334525939177102,1.6279,9.996269594743495e-05,trainer_state_deepseekv2.json
DeepSeek-R1-Distill-Llama-8B · LoRA-v2,DeepSeek-R1-Distill-Llama-8B,LoRA-v2,2340,0.33488372093023255,1.6968,9.995941121790464e-05,trainer_state_deepseekv2.json
DeepSeek-R1-Distill-Llama-8B · LoRA-v2,DeepSeek-R1-Distill-Llama-8B,LoRA-v2,2350,0.3363148479427549,1.5073,9.995598796876514e-05,trainer_state_deepseekv2.json
DeepSeek-R1-Distill-Llama-8B · LoRA-v2,DeepSeek-R1-Distill-Llama-8B,LoRA-v2,2360,0.3377459749552773,1.4982,9.99524262095079e-05,trainer_state_deepseekv2.json
DeepSeek-R1-Distill-Llama-8B · LoRA-v2,DeepSeek-R1-Distill-Llama-8B,LoRA-v2,2370,0.33917710196779965,1.5369,9.994872595000836e-05,trainer_state_deepseekv2.json
DeepSeek-R1-Distill-Llama-8B · LoRA-v2,DeepSeek-R1-Distill-Llama-8B,LoRA-v2,2380,0.340608228980322,1.4713,9.994488720052606e-05,trainer_state_deepseekv2.json
DeepSeek-R1-Distill-Llama-8B · LoRA-v2,DeepSeek-R1-Distill-Llama-8B,LoRA-v2,2390,0.34203935599284435,1.5307,9.994090997170448e-05,trainer_state_deepseekv2.json
DeepSeek-R1-Distill-Llama-8B · LoRA-v2,DeepSeek-R1-Distill-Llama-8B,LoRA-v2,2400,0.3434704830053667,1.6692,9.993679427457105e-05,trainer_state_deepseekv2.json
DeepSeek-R1-Distill-Llama-8B · LoRA-v2,DeepSeek-R1-Distill-Llama-8B,LoRA-v2,2410,0.3449016100178891,1.5311,9.993254012053713e-05,trainer_state_deepseekv2.json
DeepSeek-R1-Distill-Llama-8B · LoRA-v2,DeepSeek-R1-Distill-Llama-8B,LoRA-v2,2420,0.34633273703041145,1.487,9.992814752139795e-05,trainer_state_deepseekv2.json
DeepSeek-R1-Distill-Llama-8B · LoRA-v2,DeepSeek-R1-Distill-Llama-8B,LoRA-v2,2430,0.3477638640429338,1.6763,9.992361648933264e-05,trainer_state_deepseekv2.json
DeepSeek-R1-Distill-Llama-8B · LoRA-v2,DeepSeek-R1-Distill-Llama-8B,LoRA-v2,2440,0.34919499105545615,1.6874,9.991894703690414e-05,trainer_state_deepseekv2.json
DeepSeek-R1-Distill-Llama-8B · LoRA-v2,DeepSeek-R1-Distill-Llama-8B,LoRA-v2,2450,0.35062611806797855,1.5049,9.991413917705917e-05,trainer_state_deepseekv2.json
DeepSeek-R1-Distill-Llama-8B · LoRA-v2,DeepSeek-R1-Distill-Llama-8B,LoRA-v2,2460,0.3520572450805009,1.5212,9.990919292312816e-05,trainer_state_deepseekv2.json
DeepSeek-R1-Distill-Llama-8B · LoRA-v2,DeepSeek-R1-Distill-Llama-8B,LoRA-v2,2470,0.35348837209302325,1.5453,9.990410828882539e-05,trainer_state_deepseekv2.json
DeepSeek-R1-Distill-Llama-8B · LoRA-v2,DeepSeek-R1-Distill-Llama-8B,LoRA-v2,2480,0.3549194991055456,1.5274,9.989888528824869e-05,trainer_state_deepseekv2.json
DeepSeek-R1-Distill-Llama-8B · LoRA-v2,DeepSeek-R1-Distill-Llama-8B,LoRA-v2,2490,0.356350626118068,1.4961,9.989352393587957e-05,trainer_state_deepseekv2.json
DeepSeek-R1-Distill-Llama-8B · LoRA-v2,DeepSeek-R1-Distill-Llama-8B,LoRA-v2,2500,0.35778175313059035,1.6263,9.988802424658317e-05,trainer_state_deepseekv2.json
DeepSeek-R1-Distill-Llama-8B · LoRA-v2,DeepSeek-R1-Distill-Llama-8B,LoRA-v2,2510,0.3592128801431127,1.4176,9.988238623560813e-05,trainer_state_deepseekv2.json
DeepSeek-R1-Distill-Llama-8B · LoRA-v2,DeepSeek-R1-Distill-Llama-8B,LoRA-v2,2520,0.36064400715563505,1.6225,9.987660991858667e-05,trainer_state_deepseekv2.json
DeepSeek-R1-Distill-Llama-8B · LoRA-v2,DeepSeek-R1-Distill-Llama-8B,LoRA-v2,2530,0.3620751341681574,1.7536,9.987069531153445e-05,trainer_state_deepseekv2.json
DeepSeek-R1-Distill-Llama-8B · LoRA-v2,DeepSeek-R1-Distill-Llama-8B,LoRA-v2,2540,0.3635062611806798,1.5741,9.986464243085056e-05,trainer_state_deepseekv2.json
DeepSeek-R1-Distill-Llama-8B · LoRA-v2,DeepSeek-R1-Distill-Llama-8B,LoRA-v2,2550,0.36493738819320215,1.5834,9.985845129331747e-05,trainer_state_deepseekv2.json
DeepSeek-R1-Distill-Llama-8B · LoRA-v2,DeepSeek-R1-Distill-Llama-8B,LoRA-v2,2560,0.3663685152057245,1.5552,9.9852121916101e-05,trainer_state_deepseekv2.json
DeepSeek-R1-Distill-Llama-8B · LoRA-v2,DeepSeek-R1-Distill-Llama-8B,LoRA-v2,2570,0.36779964221824685,1.5218,9.984565431675025e-05,trainer_state_deepseekv2.json
DeepSeek-R1-Distill-Llama-8B · LoRA-v2,DeepSeek-R1-Distill-Llama-8B,LoRA-v2,2580,0.36923076923076925,1.4958,9.983904851319759e-05,trainer_state_deepseekv2.json
DeepSeek-R1-Distill-Llama-8B · LoRA-v2,DeepSeek-R1-Distill-Llama-8B,LoRA-v2,2590,0.3706618962432916,1.5145,9.983230452375852e-05,trainer_state_deepseekv2.json
DeepSeek-R1-Distill-Llama-8B · LoRA-v2,DeepSeek-R1-Distill-Llama-8B,LoRA-v2,2600,0.37209302325581395,1.4466,9.982542236713172e-05,trainer_state_deepseekv2.json
DeepSeek-R1-Distill-Llama-8B · LoRA-v2,DeepSeek-R1-Distill-Llama-8B,LoRA-v2,2610,0.3735241502683363,1.4546,9.981840206239897e-05,trainer_state_deepseekv2.json
DeepSeek-R1-Distill-Llama-8B · LoRA-v2,DeepSeek-R1-Distill-Llama-8B,LoRA-v2,2620,0.3749552772808587,1.7082,9.981124362902506e-05,trainer_state_deepseekv2.json
DeepSeek-R1-Distill-Llama-8B · LoRA-v2,DeepSeek-R1-Distill-Llama-8B,LoRA-v2,2630,0.37638640429338105,1.4428,9.980394708685776e-05,trainer_state_deepseekv2.json
DeepSeek-R1-Distill-Llama-8B · LoRA-v2,DeepSeek-R1-Distill-Llama-8B,LoRA-v2,2640,0.3778175313059034,1.6434,9.97965124561278e-05,trainer_state_deepseekv2.json
DeepSeek-R1-Distill-Llama-8B · LoRA-v2,DeepSeek-R1-Distill-Llama-8B,LoRA-v2,2650,0.37924865831842575,1.5522,9.978893975744871e-05,trainer_state_deepseekv2.json
DeepSeek-R1-Distill-Llama-8B · LoRA-v2,DeepSeek-R1-Distill-Llama-8B,LoRA-v2,2660,0.3806797853309481,1.5582,9.978122901181694e-05,trainer_state_deepseekv2.json
DeepSeek-R1-Distill-Llama-8B · LoRA-v2,DeepSeek-R1-Distill-Llama-8B,LoRA-v2,2670,0.3821109123434705,1.7515,9.97733802406116e-05,trainer_state_deepseekv2.json
DeepSeek-R1-Distill-Llama-8B · LoRA-v2,DeepSeek-R1-Distill-Llama-8B,LoRA-v2,2680,0.38354203935599285,1.5371,9.976539346559453e-05,trainer_state_deepseekv2.json
DeepSeek-R1-Distill-Llama-8B · LoRA-v2,DeepSeek-R1-Distill-Llama-8B,LoRA-v2,2690,0.3849731663685152,1.5369,9.97572687089102e-05,trainer_state_deepseekv2.json
DeepSeek-R1-Distill-Llama-8B · LoRA-v2,DeepSeek-R1-Distill-Llama-8B,LoRA-v2,2700,0.38640429338103754,1.4584,9.974900599308569e-05,trainer_state_deepseekv2.json
DeepSeek-R1-Distill-Llama-8B · LoRA-v2,DeepSeek-R1-Distill-Llama-8B,LoRA-v2,2710,0.38783542039355995,1.6135,9.974060534103053e-05,trainer_state_deepseekv2.json
DeepSeek-R1-Distill-Llama-8B · LoRA-v2,DeepSeek-R1-Distill-Llama-8B,LoRA-v2,2720,0.3892665474060823,1.5011,9.973206677603674e-05,trainer_state_deepseekv2.json
DeepSeek-R1-Distill-Llama-8B · LoRA-v2,DeepSeek-R1-Distill-Llama-8B,LoRA-v2,2730,0.39069767441860465,1.5163,9.97233903217787e-05,trainer_state_deepseekv2.json
DeepSeek-R1-Distill-Llama-8B · LoRA-v2,DeepSeek-R1-Distill-Llama-8B,LoRA-v2,2740,0.392128801431127,1.3451,9.971457600231315e-05,trainer_state_deepseekv2.json
DeepSeek-R1-Distill-Llama-8B · LoRA-v2,DeepSeek-R1-Distill-Llama-8B,LoRA-v2,2750,0.3935599284436494,1.6414,9.970562384207902e-05,trainer_state_deepseekv2.json
DeepSeek-R1-Distill-Llama-8B · LoRA-v2,DeepSeek-R1-Distill-Llama-8B,LoRA-v2,2760,0.39499105545617175,1.5804,9.969653386589748e-05,trainer_state_deepseekv2.json
DeepSeek-R1-Distill-Llama-8B · LoRA-v2,DeepSeek-R1-Distill-Llama-8B,LoRA-v2,2770,0.3964221824686941,1.3863,9.968730609897177e-05,trainer_state_deepseekv2.json
DeepSeek-R1-Distill-Llama-8B · LoRA-v2,DeepSeek-R1-Distill-Llama-8B,LoRA-v2,2780,0.39785330948121644,1.6754,9.967794056688718e-05,trainer_state_deepseekv2.json
DeepSeek-R1-Distill-Llama-8B · LoRA-v2,DeepSeek-R1-Distill-Llama-8B,LoRA-v2,2790,0.3992844364937388,1.5669,9.966843729561101e-05,trainer_state_deepseekv2.json
DeepSeek-R1-Distill-Llama-8B · LoRA-v2,DeepSeek-R1-Distill-Llama-8B,LoRA-v2,2800,0.4007155635062612,1.5375,9.965879631149244e-05,trainer_state_deepseekv2.json
DeepSeek-R1-Distill-Llama-8B · LoRA-v2,DeepSeek-R1-Distill-Llama-8B,LoRA-v2,2810,0.40214669051878354,1.6012,9.964901764126247e-05,trainer_state_deepseekv2.json
DeepSeek-R1-Distill-Llama-8B · LoRA-v2,DeepSeek-R1-Distill-Llama-8B,LoRA-v2,2820,0.4035778175313059,1.4659,9.963910131203386e-05,trainer_state_deepseekv2.json
DeepSeek-R1-Distill-Llama-8B · LoRA-v2,DeepSeek-R1-Distill-Llama-8B,LoRA-v2,2830,0.40500894454382824,1.4314,9.962904735130104e-05,trainer_state_deepseekv2.json
DeepSeek-R1-Distill-Llama-8B · LoRA-v2,DeepSeek-R1-Distill-Llama-8B,LoRA-v2,2840,0.40644007155635065,1.6058,9.961885578694007e-05,trainer_state_deepseekv2.json
DeepSeek-R1-Distill-Llama-8B · LoRA-v2,DeepSeek-R1-Distill-Llama-8B,LoRA-v2,2850,0.407871198568873,1.531,9.96085266472085e-05,trainer_state_deepseekv2.json
DeepSeek-R1-Distill-Llama-8B · LoRA-v2,DeepSeek-R1-Distill-Llama-8B,LoRA-v2,2860,0.40930232558139534,1.5643,9.959805996074537e-05,trainer_state_deepseekv2.json
DeepSeek-R1-Distill-Llama-8B · LoRA-v2,DeepSeek-R1-Distill-Llama-8B,LoRA-v2,2870,0.4107334525939177,1.6318,9.958745575657104e-05,trainer_state_deepseekv2.json
DeepSeek-R1-Distill-Llama-8B · LoRA-v2,DeepSeek-R1-Distill-Llama-8B,LoRA-v2,2880,0.4121645796064401,1.5374,9.957671406408722e-05,trainer_state_deepseekv2.json
DeepSeek-R1-Distill-Llama-8B · LoRA-v2,DeepSeek-R1-Distill-Llama-8B,LoRA-v2,2890,0.41359570661896244,1.6359,9.956583491307674e-05,trainer_state_deepseekv2.json
DeepSeek-R1-Distill-Llama-8B · LoRA-v2,DeepSeek-R1-Distill-Llama-8B,LoRA-v2,2900,0.4150268336314848,1.5078,9.955481833370363e-05,trainer_state_deepseekv2.json
DeepSeek-R1-Distill-Llama-8B · LoRA-v2,DeepSeek-R1-Distill-Llama-8B,LoRA-v2,2910,0.41645796064400714,1.6333,9.954366435651294e-05,trainer_state_deepseekv2.json
DeepSeek-R1-Distill-Llama-8B · LoRA-v2,DeepSeek-R1-Distill-Llama-8B,LoRA-v2,2920,0.4178890876565295,1.5496,9.953237301243063e-05,trainer_state_deepseekv2.json
DeepSeek-R1-Distill-Llama-8B · LoRA-v2,DeepSeek-R1-Distill-Llama-8B,LoRA-v2,2930,0.4193202146690519,1.4863,9.95209443327636e-05,trainer_state_deepseekv2.json
DeepSeek-R1-Distill-Llama-8B · LoRA-v2,DeepSeek-R1-Distill-Llama-8B,LoRA-v2,2940,0.42075134168157424,1.6325,9.950937834919948e-05,trainer_state_deepseekv2.json
DeepSeek-R1-Distill-Llama-8B · LoRA-v2,DeepSeek-R1-Distill-Llama-8B,LoRA-v2,2950,0.4221824686940966,1.4716,9.949767509380661e-05,trainer_state_deepseekv2.json
DeepSeek-R1-Distill-Llama-8B · LoRA-v2,DeepSeek-R1-Distill-Llama-8B,LoRA-v2,2960,0.42361359570661894,1.4917,9.948583459903395e-05,trainer_state_deepseekv2.json
DeepSeek-R1-Distill-Llama-8B · LoRA-v2,DeepSeek-R1-Distill-Llama-8B,LoRA-v2,2970,0.42504472271914134,1.3802,9.947385689771097e-05,trainer_state_deepseekv2.json
DeepSeek-R1-Distill-Llama-8B · LoRA-v2,DeepSeek-R1-Distill-Llama-8B,LoRA-v2,2980,0.4264758497316637,1.5167,9.946174202304754e-05,trainer_state_deepseekv2.json
DeepSeek-R1-Distill-Llama-8B · LoRA-v2,DeepSeek-R1-Distill-Llama-8B,LoRA-v2,2990,0.42790697674418604,1.4848,9.94494900086339e-05,trainer_state_deepseekv2.json
DeepSeek-R1-Distill-Llama-8B · LoRA-v2,DeepSeek-R1-Distill-Llama-8B,LoRA-v2,3000,0.4293381037567084,1.7584,9.94371008884405e-05,trainer_state_deepseekv2.json
DeepSeek-R1-Distill-Llama-8B · LoRA-v2,DeepSeek-R1-Distill-Llama-8B,LoRA-v2,3010,0.4307692307692308,1.6687,9.942457469681794e-05,trainer_state_deepseekv2.json
DeepSeek-R1-Distill-Llama-8B · LoRA-v2,DeepSeek-R1-Distill-Llama-8B,LoRA-v2,3020,0.43220035778175314,1.436,9.94119114684969e-05,trainer_state_deepseekv2.json
DeepSeek-R1-Distill-Llama-8B · LoRA-v2,DeepSeek-R1-Distill-Llama-8B,LoRA-v2,3030,0.4336314847942755,1.5813,9.939911123858798e-05,trainer_state_deepseekv2.json
DeepSeek-R1-Distill-Llama-8B · LoRA-v2,DeepSeek-R1-Distill-Llama-8B,LoRA-v2,3040,0.43506261180679784,1.3731,9.938617404258163e-05,trainer_state_deepseekv2.json
DeepSeek-R1-Distill-Llama-8B · LoRA-v2,DeepSeek-R1-Distill-Llama-8B,LoRA-v2,3050,0.4364937388193202,1.5915,9.937309991634809e-05,trainer_state_deepseekv2.json
DeepSeek-R1-Distill-Llama-8B · LoRA-v2,DeepSeek-R1-Distill-Llama-8B,LoRA-v2,3060,0.4379248658318426,1.4811,9.935988889613726e-05,trainer_state_deepseekv2.json
DeepSeek-R1-Distill-Llama-8B · LoRA-v2,DeepSeek-R1-Distill-Llama-8B,LoRA-v2,3070,0.43935599284436494,1.4964,9.934654101857854e-05,trainer_state_deepseekv2.json
DeepSeek-R1-Distill-Llama-8B · LoRA-v2,DeepSeek-R1-Distill-Llama-8B,LoRA-v2,3080,0.4407871198568873,1.6498,9.933305632068087e-05,trainer_state_deepseekv2.json
DeepSeek-R1-Distill-Llama-8B · LoRA-v2,DeepSeek-R1-Distill-Llama-8B,LoRA-v2,3090,0.44221824686940964,1.5552,9.931943483983248e-05,trainer_state_deepseekv2.json
DeepSeek-R1-Distill-Llama-8B · LoRA-v2,DeepSeek-R1-Distill-Llama-8B,LoRA-v2,3100,0.44364937388193204,1.4224,9.930567661380089e-05,trainer_state_deepseekv2.json
DeepSeek-R1-Distill-Llama-8B · LoRA-v2,DeepSeek-R1-Distill-Llama-8B,LoRA-v2,3110,0.4450805008944544,1.4763,9.929178168073274e-05,trainer_state_deepseekv2.json
DeepSeek-R1-Distill-Llama-8B · LoRA-v2,DeepSeek-R1-Distill-Llama-8B,LoRA-v2,3120,0.44651162790697674,1.6661,9.92777500791537e-05,trainer_state_deepseekv2.json
DeepSeek-R1-Distill-Llama-8B · LoRA-v2,DeepSeek-R1-Distill-Llama-8B,LoRA-v2,3130,0.4479427549194991,1.5442,9.926358184796842e-05,trainer_state_deepseekv2.json
DeepSeek-R1-Distill-Llama-8B · LoRA-v2,DeepSeek-R1-Distill-Llama-8B,LoRA-v2,3140,0.4493738819320215,1.679,9.924927702646032e-05,trainer_state_deepseekv2.json
DeepSeek-R1-Distill-Llama-8B · LoRA-v2,DeepSeek-R1-Distill-Llama-8B,LoRA-v2,3150,0.45080500894454384,1.4518,9.923483565429159e-05,trainer_state_deepseekv2.json
DeepSeek-R1-Distill-Llama-8B · LoRA-v2,DeepSeek-R1-Distill-Llama-8B,LoRA-v2,3160,0.4522361359570662,1.521,9.922025777150298e-05,trainer_state_deepseekv2.json
DeepSeek-R1-Distill-Llama-8B · LoRA-v2,DeepSeek-R1-Distill-Llama-8B,LoRA-v2,3170,0.45366726296958854,1.622,9.920554341851376e-05,trainer_state_deepseekv2.json
DeepSeek-R1-Distill-Llama-8B · LoRA-v2,DeepSeek-R1-Distill-Llama-8B,LoRA-v2,3180,0.4550983899821109,1.5639,9.919069263612157e-05,trainer_state_deepseekv2.json
DeepSeek-R1-Distill-Llama-8B · LoRA-v2,DeepSeek-R1-Distill-Llama-8B,LoRA-v2,3190,0.4565295169946333,1.5704,9.917570546550234e-05,trainer_state_deepseekv2.json
DeepSeek-R1-Distill-Llama-8B · LoRA-v2,DeepSeek-R1-Distill-Llama-8B,LoRA-v2,3200,0.45796064400715564,1.5764,9.916058194821013e-05,trainer_state_deepseekv2.json
DeepSeek-R1-Distill-Llama-8B · LoRA-v2,DeepSeek-R1-Distill-Llama-8B,LoRA-v2,3210,0.459391771019678,1.5504,9.914532212617706e-05,trainer_state_deepseekv2.json
DeepSeek-R1-Distill-Llama-8B · LoRA-v2,DeepSeek-R1-Distill-Llama-8B,LoRA-v2,3220,0.46082289803220033,1.4518,9.912992604171317e-05,trainer_state_deepseekv2.json
DeepSeek-R1-Distill-Llama-8B · LoRA-v2,DeepSeek-R1-Distill-Llama-8B,LoRA-v2,3230,0.46225402504472274,1.5984,9.91143937375063e-05,trainer_state_deepseekv2.json
DeepSeek-R1-Distill-Llama-8B · LoRA-v2,DeepSeek-R1-Distill-Llama-8B,LoRA-v2,3240,0.4636851520572451,1.5059,9.909872525662198e-05,trainer_state_deepseekv2.json
DeepSeek-R1-Distill-Llama-8B · LoRA-v2,DeepSeek-R1-Distill-Llama-8B,LoRA-v2,3250,0.46511627906976744,1.5676,9.908292064250332e-05,trainer_state_deepseekv2.json
DeepSeek-R1-Distill-Llama-8B · LoRA-v2,DeepSeek-R1-Distill-Llama-8B,LoRA-v2,3260,0.4665474060822898,1.47,9.90669799389709e-05,trainer_state_deepseekv2.json
DeepSeek-R1-Distill-Llama-8B · LoRA-v2,DeepSeek-R1-Distill-Llama-8B,LoRA-v2,3270,0.4679785330948122,1.6427,9.905090319022254e-05,trainer_state_deepseekv2.json
DeepSeek-R1-Distill-Llama-8B · LoRA-v2,DeepSeek-R1-Distill-Llama-8B,LoRA-v2,3280,0.46940966010733454,1.6017,9.903469044083336e-05,trainer_state_deepseekv2.json
DeepSeek-R1-Distill-Llama-8B · LoRA-v2,DeepSeek-R1-Distill-Llama-8B,LoRA-v2,3290,0.4708407871198569,1.5626,9.901834173575552e-05,trainer_state_deepseekv2.json
DeepSeek-R1-Distill-Llama-8B · LoRA-v2,DeepSeek-R1-Distill-Llama-8B,LoRA-v2,3300,0.47227191413237923,1.6222,9.900185712031813e-05,trainer_state_deepseekv2.json
DeepSeek-R1-Distill-Llama-8B · LoRA-v2,DeepSeek-R1-Distill-Llama-8B,LoRA-v2,3310,0.47370304114490164,1.3929,9.898523664022718e-05,trainer_state_deepseekv2.json
DeepSeek-R1-Distill-Llama-8B · LoRA-v2,DeepSeek-R1-Distill-Llama-8B,LoRA-v2,3320,0.475134168157424,1.4651,9.896848034156528e-05,trainer_state_deepseekv2.json
DeepSeek-R1-Distill-Llama-8B · LoRA-v2,DeepSeek-R1-Distill-Llama-8B,LoRA-v2,3330,0.47656529516994633,1.6232,9.89515882707917e-05,trainer_state_deepseekv2.json
DeepSeek-R1-Distill-Llama-8B · LoRA-v2,DeepSeek-R1-Distill-Llama-8B,LoRA-v2,3340,0.4779964221824687,1.4114,9.893456047474208e-05,trainer_state_deepseekv2.json
DeepSeek-R1-Distill-Llama-8B · LoRA-v2,DeepSeek-R1-Distill-Llama-8B,LoRA-v2,3350,0.47942754919499103,1.5991,9.891739700062846e-05,trainer_state_deepseekv2.json
DeepSeek-R1-Distill-Llama-8B · LoRA-v2,DeepSeek-R1-Distill-Llama-8B,LoRA-v2,3360,0.48085867620751344,1.4693,9.8900097896039e-05,trainer_state_deepseekv2.json
DeepSeek-R1-Distill-Llama-8B · LoRA-v2,DeepSeek-R1-Distill-Llama-8B,LoRA-v2,3370,0.4822898032200358,1.5812,9.888266320893797e-05,trainer_state_deepseekv2.json
DeepSeek-R1-Distill-Llama-8B · LoRA-v2,DeepSeek-R1-Distill-Llama-8B,LoRA-v2,3380,0.48372093023255813,1.3281,9.88650929876655e-05,trainer_state_deepseekv2.json
DeepSeek-R1-Distill-Llama-8B · LoRA-v2,DeepSeek-R1-Distill-Llama-8B,LoRA-v2,3390,0.4851520572450805,1.4135,9.884738728093754e-05,trainer_state_deepseekv2.json
DeepSeek-R1-Distill-Llama-8B · LoRA-v2,DeepSeek-R1-Distill-Llama-8B,LoRA-v2,3400,0.4865831842576029,1.4223,9.882954613784572e-05,trainer_state_deepseekv2.json
DeepSeek-R1-Distill-Llama-8B · LoRA-v2,DeepSeek-R1-Distill-Llama-8B,LoRA-v2,3410,0.48801431127012523,1.5845,9.881156960785714e-05,trainer_state_deepseekv2.json
DeepSeek-R1-Distill-Llama-8B · LoRA-v2,DeepSeek-R1-Distill-Llama-8B,LoRA-v2,3420,0.4894454382826476,1.5202,9.87934577408143e-05,trainer_state_deepseekv2.json
DeepSeek-R1-Distill-Llama-8B · LoRA-v2,DeepSeek-R1-Distill-Llama-8B,LoRA-v2,3430,0.49087656529516993,1.5283,9.877521058693495e-05,trainer_state_deepseekv2.json
DeepSeek-R1-Distill-Llama-8B · LoRA-v2,DeepSeek-R1-Distill-Llama-8B,LoRA-v2,3440,0.49230769230769234,1.4097,9.875682819681194e-05,trainer_state_deepseekv2.json
DeepSeek-R1-Distill-Llama-8B · LoRA-v2,DeepSeek-R1-Distill-Llama-8B,LoRA-v2,3450,0.4937388193202147,1.5551,9.873831062141303e-05,trainer_state_deepseekv2.json
DeepSeek-R1-Distill-Llama-8B · LoRA-v2,DeepSeek-R1-Distill-Llama-8B,LoRA-v2,3460,0.49516994633273703,1.5581,9.871965791208088e-05,trainer_state_deepseekv2.json
DeepSeek-R1-Distill-Llama-8B · LoRA-v2,DeepSeek-R1-Distill-Llama-8B,LoRA-v2,3470,0.4966010733452594,1.4869,9.870087012053282e-05,trainer_state_deepseekv2.json
DeepSeek-R1-Distill-Llama-8B · LoRA-v2,DeepSeek-R1-Distill-Llama-8B,LoRA-v2,3480,0.49803220035778173,1.5263,9.868194729886062e-05,trainer_state_deepseekv2.json
DeepSeek-R1-Distill-Llama-8B · LoRA-v2,DeepSeek-R1-Distill-Llama-8B,LoRA-v2,3490,0.49946332737030413,1.4834,9.866288949953056e-05,trainer_state_deepseekv2.json
DeepSeek-R1-Distill-Llama-8B · LoRA-v2,DeepSeek-R1-Distill-Llama-8B,LoRA-v2,3500,0.5008944543828264,1.5104,9.86436967753831e-05,trainer_state_deepseekv2.json
DeepSeek-R1-Distill-Llama-8B · LoRA-v2,DeepSeek-R1-Distill-Llama-8B,LoRA-v2,3510,0.5023255813953489,1.4435,9.86243691796328e-05,trainer_state_deepseekv2.json
DeepSeek-R1-Distill-Llama-8B · LoRA-v2,DeepSeek-R1-Distill-Llama-8B,LoRA-v2,3520,0.5037567084078712,1.4764,9.86049067658682e-05,trainer_state_deepseekv2.json
DeepSeek-R1-Distill-Llama-8B · LoRA-v2,DeepSeek-R1-Distill-Llama-8B,LoRA-v2,3530,0.5051878354203936,1.4972,9.858530958805161e-05,trainer_state_deepseekv2.json
DeepSeek-R1-Distill-Llama-8B · LoRA-v2,DeepSeek-R1-Distill-Llama-8B,LoRA-v2,3540,0.5066189624329159,1.5722,9.856557770051902e-05,trainer_state_deepseekv2.json
DeepSeek-R1-Distill-Llama-8B · LoRA-v2,DeepSeek-R1-Distill-Llama-8B,LoRA-v2,3550,0.5080500894454383,1.5444,9.854571115797989e-05,trainer_state_deepseekv2.json
DeepSeek-R1-Distill-Llama-8B · LoRA-v2,DeepSeek-R1-Distill-Llama-8B,LoRA-v2,3560,0.5094812164579606,1.5194,9.852571001551707e-05,trainer_state_deepseekv2.json
DeepSeek-R1-Distill-Llama-8B · LoRA-v2,DeepSeek-R1-Distill-Llama-8B,LoRA-v2,3570,0.510912343470483,1.534,9.850557432858655e-05,trainer_state_deepseekv2.json
DeepSeek-R1-Distill-Llama-8B · LoRA-v2,DeepSeek-R1-Distill-Llama-8B,LoRA-v2,3580,0.5123434704830053,1.5475,9.848530415301747e-05,trainer_state_deepseekv2.json
DeepSeek-R1-Distill-Llama-8B · LoRA-v2,DeepSeek-R1-Distill-Llama-8B,LoRA-v2,3590,0.5137745974955277,1.5213,9.846489954501172e-05,trainer_state_deepseekv2.json
DeepSeek-R1-Distill-Llama-8B · LoRA-v2,DeepSeek-R1-Distill-Llama-8B,LoRA-v2,3600,0.5152057245080501,1.7787,9.8444360561144e-05,trainer_state_deepseekv2.json
DeepSeek-R1-Distill-Llama-8B · LoRA-v2,DeepSeek-R1-Distill-Llama-8B,LoRA-v2,3610,0.5166368515205725,1.6002,9.842368725836163e-05,trainer_state_deepseekv2.json
DeepSeek-R1-Distill-Llama-8B · LoRA-v2,DeepSeek-R1-Distill-Llama-8B,LoRA-v2,3620,0.5180679785330948,1.3772,9.840287969398425e-05,trainer_state_deepseekv2.json
DeepSeek-R1-Distill-Llama-8B · LoRA-v2,DeepSeek-R1-Distill-Llama-8B,LoRA-v2,3630,0.5194991055456172,1.5666,9.838193792570382e-05,trainer_state_deepseekv2.json
DeepSeek-R1-Distill-Llama-8B · LoRA-v2,DeepSeek-R1-Distill-Llama-8B,LoRA-v2,3640,0.5209302325581395,1.4494,9.83608620115844e-05,trainer_state_deepseekv2.json
DeepSeek-R1-Distill-Llama-8B · LoRA-v2,DeepSeek-R1-Distill-Llama-8B,LoRA-v2,3650,0.5223613595706619,1.6391,9.833965201006194e-05,trainer_state_deepseekv2.json
DeepSeek-R1-Distill-Llama-8B · LoRA-v2,DeepSeek-R1-Distill-Llama-8B,LoRA-v2,3660,0.5237924865831842,1.4972,9.831830797994424e-05,trainer_state_deepseekv2.json
DeepSeek-R1-Distill-Llama-8B · LoRA-v2,DeepSeek-R1-Distill-Llama-8B,LoRA-v2,3670,0.5252236135957066,1.4651,9.829682998041065e-05,trainer_state_deepseekv2.json
DeepSeek-R1-Distill-Llama-8B · LoRA-v2,DeepSeek-R1-Distill-Llama-8B,LoRA-v2,3680,0.526654740608229,1.5823,9.8275218071012e-05,trainer_state_deepseekv2.json
DeepSeek-R1-Distill-Llama-8B · LoRA-v2,DeepSeek-R1-Distill-Llama-8B,LoRA-v2,3690,0.5280858676207514,1.4754,9.825347231167042e-05,trainer_state_deepseekv2.json
DeepSeek-R1-Distill-Llama-8B · LoRA-v2,DeepSeek-R1-Distill-Llama-8B,LoRA-v2,3700,0.5295169946332737,1.5427,9.82315927626791e-05,trainer_state_deepseekv2.json
DeepSeek-R1-Distill-Llama-8B · LoRA-v2,DeepSeek-R1-Distill-Llama-8B,LoRA-v2,3710,0.5309481216457961,1.5734,9.820957948470224e-05,trainer_state_deepseekv2.json
DeepSeek-R1-Distill-Llama-8B · LoRA-v2,DeepSeek-R1-Distill-Llama-8B,LoRA-v2,3720,0.5323792486583184,1.5355,9.818743253877478e-05,trainer_state_deepseekv2.json
DeepSeek-R1-Distill-Llama-8B · LoRA-v2,DeepSeek-R1-Distill-Llama-8B,LoRA-v2,3730,0.5338103756708408,1.4328,9.816515198630232e-05,trainer_state_deepseekv2.json
DeepSeek-R1-Distill-Llama-8B · LoRA-v2,DeepSeek-R1-Distill-Llama-8B,LoRA-v2,3740,0.5352415026833631,1.2749,9.814273788906086e-05,trainer_state_deepseekv2.json
DeepSeek-R1-Distill-Llama-8B · LoRA-v2,DeepSeek-R1-Distill-Llama-8B,LoRA-v2,3750,0.5366726296958855,1.4913,9.812019030919668e-05,trainer_state_deepseekv2.json
DeepSeek-R1-Distill-Llama-8B · LoRA-v2,DeepSeek-R1-Distill-Llama-8B,LoRA-v2,3760,0.5381037567084078,1.6326,9.809750930922619e-05,trainer_state_deepseekv2.json
DeepSeek-R1-Distill-Llama-8B · LoRA-v2,DeepSeek-R1-Distill-Llama-8B,LoRA-v2,3770,0.5395348837209303,1.5369,9.807469495203569e-05,trainer_state_deepseekv2.json
DeepSeek-R1-Distill-Llama-8B · LoRA-v2,DeepSeek-R1-Distill-Llama-8B,LoRA-v2,3780,0.5409660107334526,1.6504,9.805174730088127e-05,trainer_state_deepseekv2.json
DeepSeek-R1-Distill-Llama-8B · LoRA-v2,DeepSeek-R1-Distill-Llama-8B,LoRA-v2,3790,0.542397137745975,1.3716,9.802866641938854e-05,trainer_state_deepseekv2.json
DeepSeek-R1-Distill-Llama-8B · LoRA-v2,DeepSeek-R1-Distill-Llama-8B,LoRA-v2,3800,0.5438282647584973,1.531,9.800545237155255e-05,trainer_state_deepseekv2.json
DeepSeek-R1-Distill-Llama-8B · LoRA-v2,DeepSeek-R1-Distill-Llama-8B,LoRA-v2,3810,0.5452593917710197,1.5437,9.798210522173758e-05,trainer_state_deepseekv2.json
DeepSeek-R1-Distill-Llama-8B · LoRA-v2,DeepSeek-R1-Distill-Llama-8B,LoRA-v2,3820,0.546690518783542,1.5323,9.795862503467694e-05,trainer_state_deepseekv2.json
DeepSeek-R1-Distill-Llama-8B · LoRA-v2,DeepSeek-R1-Distill-Llama-8B,LoRA-v2,3830,0.5481216457960644,1.4728,9.79350118754728e-05,trainer_state_deepseekv2.json
DeepSeek-R1-Distill-Llama-8B · LoRA-v2,DeepSeek-R1-Distill-Llama-8B,LoRA-v2,3840,0.5495527728085867,1.3936,9.791126580959602e-05,trainer_state_deepseekv2.json
DeepSeek-R1-Distill-Llama-8B · LoRA-v2,DeepSeek-R1-Distill-Llama-8B,LoRA-v2,3850,0.5509838998211091,1.4228,9.788738690288594e-05,trainer_state_deepseekv2.json
DeepSeek-R1-Distill-Llama-8B · LoRA-v2,DeepSeek-R1-Distill-Llama-8B,LoRA-v2,3860,0.5524150268336315,1.5262,9.786337522155029e-05,trainer_state_deepseekv2.json
DeepSeek-R1-Distill-Llama-8B · LoRA-v2,DeepSeek-R1-Distill-Llama-8B,LoRA-v2,3870,0.5538461538461539,1.2777,9.783923083216485e-05,trainer_state_deepseekv2.json
DeepSeek-R1-Distill-Llama-8B · LoRA-v2,DeepSeek-R1-Distill-Llama-8B,LoRA-v2,3880,0.5552772808586762,1.6446,9.781495380167341e-05,trainer_state_deepseekv2.json
DeepSeek-R1-Distill-Llama-8B · LoRA-v2,DeepSeek-R1-Distill-Llama-8B,LoRA-v2,3890,0.5567084078711986,1.529,9.77905441973875e-05,trainer_state_deepseekv2.json
DeepSeek-R1-Distill-Llama-8B · LoRA-v2,DeepSeek-R1-Distill-Llama-8B,LoRA-v2,3900,0.5581395348837209,1.6092,9.776600208698624e-05,trainer_state_deepseekv2.json
DeepSeek-R1-Distill-Llama-8B · LoRA-v2,DeepSeek-R1-Distill-Llama-8B,LoRA-v2,3910,0.5595706618962433,1.4819,9.774132753851611e-05,trainer_state_deepseekv2.json
DeepSeek-R1-Distill-Llama-8B · LoRA-v2,DeepSeek-R1-Distill-Llama-8B,LoRA-v2,3920,0.5610017889087656,1.5944,9.771652062039087e-05,trainer_state_deepseekv2.json
DeepSeek-R1-Distill-Llama-8B · LoRA-v2,DeepSeek-R1-Distill-Llama-8B,LoRA-v2,3930,0.562432915921288,1.4983,9.769158140139123e-05,trainer_state_deepseekv2.json
DeepSeek-R1-Distill-Llama-8B · LoRA-v2,DeepSeek-R1-Distill-Llama-8B,LoRA-v2,3940,0.5638640429338104,1.4648,9.766650995066473e-05,trainer_state_deepseekv2.json
DeepSeek-R1-Distill-Llama-8B · LoRA-v2,DeepSeek-R1-Distill-Llama-8B,LoRA-v2,3950,0.5652951699463328,1.5408,9.764130633772555e-05,trainer_state_deepseekv2.json
DeepSeek-R1-Distill-Llama-8B · LoRA-v2,DeepSeek-R1-Distill-Llama-8B,LoRA-v2,3960,0.5667262969588551,1.4042,9.761597063245433e-05,trainer_state_deepseekv2.json
DeepSeek-R1-Distill-Llama-8B · LoRA-v2,DeepSeek-R1-Distill-Llama-8B,LoRA-v2,3970,0.5681574239713775,1.5862,9.759050290509793e-05,trainer_state_deepseekv2.json
DeepSeek-R1-Distill-Llama-8B · LoRA-v2,DeepSeek-R1-Distill-Llama-8B,LoRA-v2,3980,0.5695885509838998,1.5126,9.756490322626924e-05,trainer_state_deepseekv2.json
DeepSeek-R1-Distill-Llama-8B · LoRA-v2,DeepSeek-R1-Distill-Llama-8B,LoRA-v2,3990,0.5710196779964222,1.5871,9.753917166694704e-05,trainer_state_deepseekv2.json
DeepSeek-R1-Distill-Llama-8B · LoRA-v2,DeepSeek-R1-Distill-Llama-8B,LoRA-v2,4000,0.5724508050089445,1.6623,9.751330829847576e-05,trainer_state_deepseekv2.json
DeepSeek-R1-Distill-Llama-8B · LoRA-v2,DeepSeek-R1-Distill-Llama-8B,LoRA-v2,4010,0.5738819320214669,1.5862,9.74873131925653e-05,trainer_state_deepseekv2.json
DeepSeek-R1-Distill-Llama-8B · LoRA-v2,DeepSeek-R1-Distill-Llama-8B,LoRA-v2,4020,0.5753130590339892,1.6581,9.746118642129078e-05,trainer_state_deepseekv2.json
DeepSeek-R1-Distill-Llama-8B · LoRA-v2,DeepSeek-R1-Distill-Llama-8B,LoRA-v2,4030,0.5767441860465117,1.4948,9.743492805709244e-05,trainer_state_deepseekv2.json
DeepSeek-R1-Distill-Llama-8B · LoRA-v2,DeepSeek-R1-Distill-Llama-8B,LoRA-v2,4040,0.578175313059034,1.3572,9.740853817277533e-05,trainer_state_deepseekv2.json
DeepSeek-R1-Distill-Llama-8B · LoRA-v2,DeepSeek-R1-Distill-Llama-8B,LoRA-v2,4050,0.5796064400715564,1.5251,9.738201684150917e-05,trainer_state_deepseekv2.json
DeepSeek-R1-Distill-Llama-8B · LoRA-v2,DeepSeek-R1-Distill-Llama-8B,LoRA-v2,4060,0.5810375670840787,1.5363,9.735536413682816e-05,trainer_state_deepseekv2.json
DeepSeek-R1-Distill-Llama-8B · LoRA-v2,DeepSeek-R1-Distill-Llama-8B,LoRA-v2,4070,0.5824686940966011,1.6291,9.732858013263071e-05,trainer_state_deepseekv2.json
DeepSeek-R1-Distill-Llama-8B · LoRA-v2,DeepSeek-R1-Distill-Llama-8B,LoRA-v2,4080,0.5838998211091234,1.4659,9.730166490317932e-05,trainer_state_deepseekv2.json
DeepSeek-R1-Distill-Llama-8B · LoRA-v2,DeepSeek-R1-Distill-Llama-8B,LoRA-v2,4090,0.5853309481216458,1.5162,9.727461852310031e-05,trainer_state_deepseekv2.json
DeepSeek-R1-Distill-Llama-8B · LoRA-v2,DeepSeek-R1-Distill-Llama-8B,LoRA-v2,4100,0.5867620751341681,1.5107,9.724744106738362e-05,trainer_state_deepseekv2.json
DeepSeek-R1-Distill-Llama-8B · LoRA-v2,DeepSeek-R1-Distill-Llama-8B,LoRA-v2,4110,0.5881932021466905,1.493,9.722013261138266e-05,trainer_state_deepseekv2.json
DeepSeek-R1-Distill-Llama-8B · LoRA-v2,DeepSeek-R1-Distill-Llama-8B,LoRA-v2,4120,0.5896243291592129,1.5881,9.7192693230814e-05,trainer_state_deepseekv2.json
DeepSeek-R1-Distill-Llama-8B · LoRA-v2,DeepSeek-R1-Distill-Llama-8B,LoRA-v2,4130,0.5910554561717353,1.6284,9.716512300175724e-05,trainer_state_deepseekv2.json
DeepSeek-R1-Distill-Llama-8B · LoRA-v2,DeepSeek-R1-Distill-Llama-8B,LoRA-v2,4140,0.5924865831842576,1.4974,9.713742200065481e-05,trainer_state_deepseekv2.json
DeepSeek-R1-Distill-Llama-8B · LoRA-v2,DeepSeek-R1-Distill-Llama-8B,LoRA-v2,4150,0.59391771019678,1.3929,9.710959030431167e-05,trainer_state_deepseekv2.json
DeepSeek-R1-Distill-Llama-8B · LoRA-v2,DeepSeek-R1-Distill-Llama-8B,LoRA-v2,4160,0.5953488372093023,1.5691,9.70816279898952e-05,trainer_state_deepseekv2.json
DeepSeek-R1-Distill-Llama-8B · LoRA-v2,DeepSeek-R1-Distill-Llama-8B,LoRA-v2,4170,0.5967799642218247,1.4923,9.70535351349349e-05,trainer_state_deepseekv2.json
DeepSeek-R1-Distill-Llama-8B · LoRA-v2,DeepSeek-R1-Distill-Llama-8B,LoRA-v2,4180,0.598211091234347,1.5761,9.702531181732221e-05,trainer_state_deepseekv2.json
DeepSeek-R1-Distill-Llama-8B · LoRA-v2,DeepSeek-R1-Distill-Llama-8B,LoRA-v2,4190,0.5996422182468694,1.5706,9.699695811531033e-05,trainer_state_deepseekv2.json
DeepSeek-R1-Distill-Llama-8B · LoRA-v2,DeepSeek-R1-Distill-Llama-8B,LoRA-v2,4200,0.6010733452593918,1.6779,9.696847410751397e-05,trainer_state_deepseekv2.json
DeepSeek-R1-Distill-Llama-8B · LoRA-v2,DeepSeek-R1-Distill-Llama-8B,LoRA-v2,4210,0.6025044722719142,1.5386,9.693985987290908e-05,trainer_state_deepseekv2.json
DeepSeek-R1-Distill-Llama-8B · LoRA-v2,DeepSeek-R1-Distill-Llama-8B,LoRA-v2,4220,0.6039355992844365,1.4094,9.691111549083274e-05,trainer_state_deepseekv2.json
DeepSeek-R1-Distill-Llama-8B · LoRA-v2,DeepSeek-R1-Distill-Llama-8B,LoRA-v2,4230,0.6053667262969589,1.5171,9.688224104098284e-05,trainer_state_deepseekv2.json
DeepSeek-R1-Distill-Llama-8B · LoRA-v2,DeepSeek-R1-Distill-Llama-8B,LoRA-v2,4240,0.6067978533094812,1.514,9.685323660341795e-05,trainer_state_deepseekv2.json
DeepSeek-R1-Distill-Llama-8B · LoRA-v2,DeepSeek-R1-Distill-Llama-8B,LoRA-v2,4250,0.6082289803220036,1.573,9.682410225855698e-05,trainer_state_deepseekv2.json
DeepSeek-R1-Distill-Llama-8B · LoRA-v2,DeepSeek-R1-Distill-Llama-8B,LoRA-v2,4260,0.6096601073345259,1.6261,9.679483808717909e-05,trainer_state_deepseekv2.json
DeepSeek-R1-Distill-Llama-8B · LoRA-v2,DeepSeek-R1-Distill-Llama-8B,LoRA-v2,4270,0.6110912343470483,1.5009,9.676544417042337e-05,trainer_state_deepseekv2.json
DeepSeek-R1-Distill-Llama-8B · LoRA-v2,DeepSeek-R1-Distill-Llama-8B,LoRA-v2,4280,0.6125223613595706,1.4922,9.673592058978866e-05,trainer_state_deepseekv2.json
DeepSeek-R1-Distill-Llama-8B · LoRA-v2,DeepSeek-R1-Distill-Llama-8B,LoRA-v2,4290,0.6139534883720931,1.4549,9.670626742713331e-05,trainer_state_deepseekv2.json
DeepSeek-R1-Distill-Llama-8B · LoRA-v2,DeepSeek-R1-Distill-Llama-8B,LoRA-v2,4300,0.6153846153846154,1.4016,9.667648476467494e-05,trainer_state_deepseekv2.json
DeepSeek-R1-Distill-Llama-8B · LoRA-v2,DeepSeek-R1-Distill-Llama-8B,LoRA-v2,4310,0.6168157423971378,1.6146,9.664657268499025e-05,trainer_state_deepseekv2.json
DeepSeek-R1-Distill-Llama-8B · LoRA-v2,DeepSeek-R1-Distill-Llama-8B,LoRA-v2,4320,0.6182468694096601,1.4226,9.661653127101475e-05,trainer_state_deepseekv2.json
DeepSeek-R1-Distill-Llama-8B · LoRA-v2,DeepSeek-R1-Distill-Llama-8B,LoRA-v2,4330,0.6196779964221825,1.5939,9.658636060604258e-05,trainer_state_deepseekv2.json
DeepSeek-R1-Distill-Llama-8B · LoRA-v2,DeepSeek-R1-Distill-Llama-8B,LoRA-v2,4340,0.6211091234347048,1.525,9.655606077372618e-05,trainer_state_deepseekv2.json
DeepSeek-R1-Distill-Llama-8B · LoRA-v2,DeepSeek-R1-Distill-Llama-8B,LoRA-v2,4350,0.6225402504472272,1.6322,9.65256318580762e-05,trainer_state_deepseekv2.json
DeepSeek-R1-Distill-Llama-8B · LoRA-v2,DeepSeek-R1-Distill-Llama-8B,LoRA-v2,4360,0.6239713774597495,1.4072,9.649507394346113e-05,trainer_state_deepseekv2.json
DeepSeek-R1-Distill-Llama-8B · LoRA-v2,DeepSeek-R1-Distill-Llama-8B,LoRA-v2,4370,0.625402504472272,1.4694,9.646438711460716e-05,trainer_state_deepseekv2.json
DeepSeek-R1-Distill-Llama-8B · LoRA-v2,DeepSeek-R1-Distill-Llama-8B,LoRA-v2,4380,0.6268336314847943,1.5733,9.643357145659795e-05,trainer_state_deepseekv2.json
DeepSeek-R1-Distill-Llama-8B · LoRA-v2,DeepSeek-R1-Distill-Llama-8B,LoRA-v2,4390,0.6282647584973167,1.5289,9.640262705487428e-05,trainer_state_deepseekv2.json
DeepSeek-R1-Distill-Llama-8B · LoRA-v2,DeepSeek-R1-Distill-Llama-8B,LoRA-v2,4400,0.629695885509839,1.4989,9.637155399523393e-05,trainer_state_deepseekv2.json
DeepSeek-R1-Distill-Llama-8B · LoRA-v2,DeepSeek-R1-Distill-Llama-8B,LoRA-v2,4410,0.6311270125223614,1.3938,9.634035236383141e-05,trainer_state_deepseekv2.json
DeepSeek-R1-Distill-Llama-8B · LoRA-v2,DeepSeek-R1-Distill-Llama-8B,LoRA-v2,4420,0.6325581395348837,1.579,9.63090222471777e-05,trainer_state_deepseekv2.json
DeepSeek-R1-Distill-Llama-8B · LoRA-v2,DeepSeek-R1-Distill-Llama-8B,LoRA-v2,4430,0.6339892665474061,1.518,9.627756373214e-05,trainer_state_deepseekv2.json
DeepSeek-R1-Distill-Llama-8B · LoRA-v2,DeepSeek-R1-Distill-Llama-8B,LoRA-v2,4440,0.6354203935599284,1.649,9.62459769059416e-05,trainer_state_deepseekv2.json
DeepSeek-R1-Distill-Llama-8B · LoRA-v2,DeepSeek-R1-Distill-Llama-8B,LoRA-v2,4450,0.6368515205724508,1.5292,9.621426185616145e-05,trainer_state_deepseekv2.json
DeepSeek-R1-Distill-Llama-8B · LoRA-v2,DeepSeek-R1-Distill-Llama-8B,LoRA-v2,4460,0.6382826475849732,1.5589,9.618241867073405e-05,trainer_state_deepseekv2.json
DeepSeek-R1-Distill-Llama-8B · LoRA-v2,DeepSeek-R1-Distill-Llama-8B,LoRA-v2,4470,0.6397137745974956,1.4835,9.61504474379492e-05,trainer_state_deepseekv2.json
DeepSeek-R1-Distill-Llama-8B · LoRA-v2,DeepSeek-R1-Distill-Llama-8B,LoRA-v2,4480,0.6411449016100179,1.4449,9.611834824645171e-05,trainer_state_deepseekv2.json
DeepSeek-R1-Distill-Llama-8B · LoRA-v2,DeepSeek-R1-Distill-Llama-8B,LoRA-v2,4490,0.6425760286225403,1.4352,9.608612118524119e-05,trainer_state_deepseekv2.json
DeepSeek-R1-Distill-Llama-8B · LoRA-v2,DeepSeek-R1-Distill-Llama-8B,LoRA-v2,4500,0.6440071556350626,1.5377,9.605376634367176e-05,trainer_state_deepseekv2.json
DeepSeek-R1-Distill-Llama-8B · LoRA-v2,DeepSeek-R1-Distill-Llama-8B,LoRA-v2,4510,0.645438282647585,1.5646,9.602128381145186e-05,trainer_state_deepseekv2.json
DeepSeek-R1-Distill-Llama-8B · LoRA-v2,DeepSeek-R1-Distill-Llama-8B,LoRA-v2,4520,0.6468694096601073,1.6269,9.598867367864392e-05,trainer_state_deepseekv2.json
DeepSeek-R1-Distill-Llama-8B · LoRA-v2,DeepSeek-R1-Distill-Llama-8B,LoRA-v2,4530,0.6483005366726297,1.5898,9.595593603566422e-05,trainer_state_deepseekv2.json
DeepSeek-R1-Distill-Llama-8B · LoRA-v2,DeepSeek-R1-Distill-Llama-8B,LoRA-v2,4540,0.649731663685152,1.7231,9.592307097328255e-05,trainer_state_deepseekv2.json
DeepSeek-R1-Distill-Llama-8B · LoRA-v2,DeepSeek-R1-Distill-Llama-8B,LoRA-v2,4550,0.6511627906976745,1.449,9.589007858262198e-05,trainer_state_deepseekv2.json
DeepSeek-R1-Distill-Llama-8B · LoRA-v2,DeepSeek-R1-Distill-Llama-8B,LoRA-v2,4560,0.6525939177101968,1.4465,9.585695895515866e-05,trainer_state_deepseekv2.json
DeepSeek-R1-Distill-Llama-8B · LoRA-v2,DeepSeek-R1-Distill-Llama-8B,LoRA-v2,4570,0.6540250447227192,1.5028,9.582371218272145e-05,trainer_state_deepseekv2.json
DeepSeek-R1-Distill-Llama-8B · LoRA-v2,DeepSeek-R1-Distill-Llama-8B,LoRA-v2,4580,0.6554561717352415,1.5561,9.579033835749183e-05,trainer_state_deepseekv2.json
DeepSeek-R1-Distill-Llama-8B · LoRA-v2,DeepSeek-R1-Distill-Llama-8B,LoRA-v2,4590,0.6568872987477639,1.6486,9.575683757200346e-05,trainer_state_deepseekv2.json
DeepSeek-R1-Distill-Llama-8B · LoRA-v2,DeepSeek-R1-Distill-Llama-8B,LoRA-v2,4600,0.6583184257602862,1.7004,9.572320991914209e-05,trainer_state_deepseekv2.json
DeepSeek-R1-Distill-Llama-8B · LoRA-v2,DeepSeek-R1-Distill-Llama-8B,LoRA-v2,4610,0.6597495527728086,1.4772,9.568945549214517e-05,trainer_state_deepseekv2.json
DeepSeek-R1-Distill-Llama-8B · LoRA-v2,DeepSeek-R1-Distill-Llama-8B,LoRA-v2,4620,0.6611806797853309,1.4429,9.565557438460167e-05,trainer_state_deepseekv2.json
DeepSeek-R1-Distill-Llama-8B · LoRA-v2,DeepSeek-R1-Distill-Llama-8B,LoRA-v2,4630,0.6626118067978534,1.3674,9.56215666904518e-05,trainer_state_deepseekv2.json
DeepSeek-R1-Distill-Llama-8B · LoRA-v2,DeepSeek-R1-Distill-Llama-8B,LoRA-v2,4640,0.6640429338103757,1.45,9.558743250398679e-05,trainer_state_deepseekv2.json
DeepSeek-R1-Distill-Llama-8B · LoRA-v2,DeepSeek-R1-Distill-Llama-8B,LoRA-v2,4650,0.6654740608228981,1.5127,9.555317191984851e-05,trainer_state_deepseekv2.json
DeepSeek-R1-Distill-Llama-8B · LoRA-v2,DeepSeek-R1-Distill-Llama-8B,LoRA-v2,4660,0.6669051878354204,1.3789,9.551878503302936e-05,trainer_state_deepseekv2.json
DeepSeek-R1-Distill-Llama-8B · LoRA-v2,DeepSeek-R1-Distill-Llama-8B,LoRA-v2,4670,0.6683363148479428,1.6026,9.548427193887189e-05,trainer_state_deepseekv2.json
DeepSeek-R1-Distill-Llama-8B · LoRA-v2,DeepSeek-R1-Distill-Llama-8B,LoRA-v2,4680,0.6697674418604651,1.4713,9.544963273306856e-05,trainer_state_deepseekv2.json
DeepSeek-R1-Distill-Llama-8B · LoRA-v2,DeepSeek-R1-Distill-Llama-8B,LoRA-v2,4690,0.6711985688729875,1.3654,9.541486751166155e-05,trainer_state_deepseekv2.json
DeepSeek-R1-Distill-Llama-8B · LoRA-v2,DeepSeek-R1-Distill-Llama-8B,LoRA-v2,4700,0.6726296958855098,1.4289,9.537997637104239e-05,trainer_state_deepseekv2.json
DeepSeek-R1-Distill-Llama-8B · LoRA-v2,DeepSeek-R1-Distill-Llama-8B,LoRA-v2,4710,0.6740608228980322,1.4788,9.534495940795178e-05,trainer_state_deepseekv2.json
DeepSeek-R1-Distill-Llama-8B · LoRA-v2,DeepSeek-R1-Distill-Llama-8B,LoRA-v2,4720,0.6754919499105546,1.4325,9.530981671947923e-05,trainer_state_deepseekv2.json
DeepSeek-R1-Distill-Llama-8B · LoRA-v2,DeepSeek-R1-Distill-Llama-8B,LoRA-v2,4730,0.676923076923077,1.6242,9.527454840306287e-05,trainer_state_deepseekv2.json
DeepSeek-R1-Distill-Llama-8B · LoRA-v2,DeepSeek-R1-Distill-Llama-8B,LoRA-v2,4740,0.6783542039355993,1.6067,9.523915455648915e-05,trainer_state_deepseekv2.json
DeepSeek-R1-Distill-Llama-8B · LoRA-v2,DeepSeek-R1-Distill-Llama-8B,LoRA-v2,4750,0.6797853309481217,1.5922,9.520363527789259e-05,trainer_state_deepseekv2.json
DeepSeek-R1-Distill-Llama-8B · LoRA-v2,DeepSeek-R1-Distill-Llama-8B,LoRA-v2,4760,0.681216457960644,1.5203,9.516799066575544e-05,trainer_state_deepseekv2.json
DeepSeek-R1-Distill-Llama-8B · LoRA-v2,DeepSeek-R1-Distill-Llama-8B,LoRA-v2,4770,0.6826475849731664,1.5405,9.51322208189075e-05,trainer_state_deepseekv2.json
DeepSeek-R1-Distill-Llama-8B · LoRA-v2,DeepSeek-R1-Distill-Llama-8B,LoRA-v2,4780,0.6840787119856887,1.4093,9.509632583652577e-05,trainer_state_deepseekv2.json
DeepSeek-R1-Distill-Llama-8B · LoRA-v2,DeepSeek-R1-Distill-Llama-8B,LoRA-v2,4790,0.685509838998211,1.5331,9.506030581813422e-05,trainer_state_deepseekv2.json
DeepSeek-R1-Distill-Llama-8B · LoRA-v2,DeepSeek-R1-Distill-Llama-8B,LoRA-v2,4800,0.6869409660107334,1.6085,9.50241608636035e-05,trainer_state_deepseekv2.json
DeepSeek-R1-Distill-Llama-8B · LoRA-v2,DeepSeek-R1-Distill-Llama-8B,LoRA-v2,4810,0.6883720930232559,1.4874,9.49878910731507e-05,trainer_state_deepseekv2.json
DeepSeek-R1-Distill-Llama-8B · LoRA-v2,DeepSeek-R1-Distill-Llama-8B,LoRA-v2,4820,0.6898032200357782,1.5416,9.495149654733895e-05,trainer_state_deepseekv2.json
DeepSeek-R1-Distill-Llama-8B · LoRA-v2,DeepSeek-R1-Distill-Llama-8B,LoRA-v2,4830,0.6912343470483006,1.4482,9.491497738707728e-05,trainer_state_deepseekv2.json
DeepSeek-R1-Distill-Llama-8B · LoRA-v2,DeepSeek-R1-Distill-Llama-8B,LoRA-v2,4840,0.6926654740608229,1.5372,9.487833369362032e-05,trainer_state_deepseekv2.json
DeepSeek-R1-Distill-Llama-8B · LoRA-v2,DeepSeek-R1-Distill-Llama-8B,LoRA-v2,4850,0.6940966010733453,1.6402,9.484156556856791e-05,trainer_state_deepseekv2.json
DeepSeek-R1-Distill-Llama-8B · LoRA-v2,DeepSeek-R1-Distill-Llama-8B,LoRA-v2,4860,0.6955277280858676,1.5795,9.480467311386496e-05,trainer_state_deepseekv2.json
DeepSeek-R1-Distill-Llama-8B · LoRA-v2,DeepSeek-R1-Distill-Llama-8B,LoRA-v2,4870,0.69695885509839,1.4902,9.476765643180106e-05,trainer_state_deepseekv2.json
DeepSeek-R1-Distill-Llama-8B · LoRA-v2,DeepSeek-R1-Distill-Llama-8B,LoRA-v2,4880,0.6983899821109123,1.4846,9.473051562501023e-05,trainer_state_deepseekv2.json
DeepSeek-R1-Distill-Llama-8B · LoRA-v2,DeepSeek-R1-Distill-Llama-8B,LoRA-v2,4890,0.6998211091234348,1.5518,9.469325079647072e-05,trainer_state_deepseekv2.json
DeepSeek-R1-Distill-Llama-8B · LoRA-v2,DeepSeek-R1-Distill-Llama-8B,LoRA-v2,4900,0.7012522361359571,1.5197,9.465586204950454e-05,trainer_state_deepseekv2.json
DeepSeek-R1-Distill-Llama-8B · LoRA-v2,DeepSeek-R1-Distill-Llama-8B,LoRA-v2,4910,0.7026833631484795,1.5442,9.461834948777736e-05,trainer_state_deepseekv2.json
DeepSeek-R1-Distill-Llama-8B · LoRA-v2,DeepSeek-R1-Distill-Llama-8B,LoRA-v2,4920,0.7041144901610018,1.6025,9.458071321529813e-05,trainer_state_deepseekv2.json
DeepSeek-R1-Distill-Llama-8B · LoRA-v2,DeepSeek-R1-Distill-Llama-8B,LoRA-v2,4930,0.7055456171735242,1.418,9.454295333641879e-05,trainer_state_deepseekv2.json
DeepSeek-R1-Distill-Llama-8B · LoRA-v2,DeepSeek-R1-Distill-Llama-8B,LoRA-v2,4940,0.7069767441860465,1.4889,9.450506995583399e-05,trainer_state_deepseekv2.json
DeepSeek-R1-Distill-Llama-8B · LoRA-v2,DeepSeek-R1-Distill-Llama-8B,LoRA-v2,4950,0.7084078711985689,1.6232,9.446706317858083e-05,trainer_state_deepseekv2.json
DeepSeek-R1-Distill-Llama-8B · LoRA-v2,DeepSeek-R1-Distill-Llama-8B,LoRA-v2,4960,0.7098389982110912,1.5946,9.442893311003851e-05,trainer_state_deepseekv2.json
DeepSeek-R1-Distill-Llama-8B · LoRA-v2,DeepSeek-R1-Distill-Llama-8B,LoRA-v2,4970,0.7112701252236135,1.6429,9.439067985592813e-05,trainer_state_deepseekv2.json
DeepSeek-R1-Distill-Llama-8B · LoRA-v2,DeepSeek-R1-Distill-Llama-8B,LoRA-v2,4980,0.712701252236136,1.4901,9.435230352231229e-05,trainer_state_deepseekv2.json
DeepSeek-R1-Distill-Llama-8B · LoRA-v2,DeepSeek-R1-Distill-Llama-8B,LoRA-v2,4990,0.7141323792486584,1.5277,9.431380421559484e-05,trainer_state_deepseekv2.json
DeepSeek-R1-Distill-Llama-8B · LoRA-v2,DeepSeek-R1-Distill-Llama-8B,LoRA-v2,5000,0.7155635062611807,1.5024,9.427518204252064e-05,trainer_state_deepseekv2.json
DeepSeek-R1-Distill-Llama-8B · LoRA-v2,DeepSeek-R1-Distill-Llama-8B,LoRA-v2,5010,0.716994633273703,1.5154,9.423643711017517e-05,trainer_state_deepseekv2.json
DeepSeek-R1-Distill-Llama-8B · LoRA-v2,DeepSeek-R1-Distill-Llama-8B,LoRA-v2,5020,0.7184257602862254,1.513,9.419756952598431e-05,trainer_state_deepseekv2.json
DeepSeek-R1-Distill-Llama-8B · LoRA-v2,DeepSeek-R1-Distill-Llama-8B,LoRA-v2,5030,0.7198568872987477,1.5225,9.415857939771399e-05,trainer_state_deepseekv2.json
DeepSeek-R1-Distill-Llama-8B · LoRA-v2,DeepSeek-R1-Distill-Llama-8B,LoRA-v2,5040,0.7212880143112701,1.5788,9.41194668334699e-05,trainer_state_deepseekv2.json
DeepSeek-R1-Distill-Llama-8B · LoRA-v2,DeepSeek-R1-Distill-Llama-8B,LoRA-v2,5050,0.7227191413237924,1.4603,9.408023194169722e-05,trainer_state_deepseekv2.json
DeepSeek-R1-Distill-Llama-8B · LoRA-v2,DeepSeek-R1-Distill-Llama-8B,LoRA-v2,5060,0.7241502683363148,1.5235,9.404087483118029e-05,trainer_state_deepseekv2.json
DeepSeek-R1-Distill-Llama-8B · LoRA-v2,DeepSeek-R1-Distill-Llama-8B,LoRA-v2,5070,0.7255813953488373,1.562,9.400139561104234e-05,trainer_state_deepseekv2.json
DeepSeek-R1-Distill-Llama-8B · LoRA-v2,DeepSeek-R1-Distill-Llama-8B,LoRA-v2,5080,0.7270125223613596,1.5071,9.396179439074515e-05,trainer_state_deepseekv2.json
DeepSeek-R1-Distill-Llama-8B · LoRA-v2,DeepSeek-R1-Distill-Llama-8B,LoRA-v2,5090,0.728443649373882,1.5602,9.392207128008874e-05,trainer_state_deepseekv2.json
DeepSeek-R1-Distill-Llama-8B · LoRA-v2,DeepSeek-R1-Distill-Llama-8B,LoRA-v2,5100,0.7298747763864043,1.4157,9.388222638921116e-05,trainer_state_deepseekv2.json
DeepSeek-R1-Distill-Llama-8B · LoRA-v2,DeepSeek-R1-Distill-Llama-8B,LoRA-v2,5110,0.7313059033989266,1.4439,9.384225982858801e-05,trainer_state_deepseekv2.json
DeepSeek-R1-Distill-Llama-8B · LoRA-v2,DeepSeek-R1-Distill-Llama-8B,LoRA-v2,5120,0.732737030411449,1.5224,9.380217170903234e-05,trainer_state_deepseekv2.json
DeepSeek-R1-Distill-Llama-8B · LoRA-v2,DeepSeek-R1-Distill-Llama-8B,LoRA-v2,5130,0.7341681574239713,1.4283,9.376196214169417e-05,trainer_state_deepseekv2.json
DeepSeek-R1-Distill-Llama-8B · LoRA-v2,DeepSeek-R1-Distill-Llama-8B,LoRA-v2,5140,0.7355992844364937,1.4666,9.372163123806026e-05,trainer_state_deepseekv2.json
DeepSeek-R1-Distill-Llama-8B · LoRA-v2,DeepSeek-R1-Distill-Llama-8B,LoRA-v2,5150,0.7370304114490162,1.5303,9.368117910995384e-05,trainer_state_deepseekv2.json
DeepSeek-R1-Distill-Llama-8B · LoRA-v2,DeepSeek-R1-Distill-Llama-8B,LoRA-v2,5160,0.7384615384615385,1.6485,9.364060586953418e-05,trainer_state_deepseekv2.json
DeepSeek-R1-Distill-Llama-8B · LoRA-v2,DeepSeek-R1-Distill-Llama-8B,LoRA-v2,5170,0.7398926654740609,1.5254,9.359991162929641e-05,trainer_state_deepseekv2.json
DeepSeek-R1-Distill-Llama-8B · LoRA-v2,DeepSeek-R1-Distill-Llama-8B,LoRA-v2,5180,0.7413237924865832,1.535,9.355909650207114e-05,trainer_state_deepseekv2.json
DeepSeek-R1-Distill-Llama-8B · LoRA-v2,DeepSeek-R1-Distill-Llama-8B,LoRA-v2,5190,0.7427549194991055,1.5211,9.351816060102412e-05,trainer_state_deepseekv2.json
DeepSeek-R1-Distill-Llama-8B · LoRA-v2,DeepSeek-R1-Distill-Llama-8B,LoRA-v2,5200,0.7441860465116279,1.3421,9.3477104039656e-05,trainer_state_deepseekv2.json
DeepSeek-R1-Distill-Llama-8B · LoRA-v2,DeepSeek-R1-Distill-Llama-8B,LoRA-v2,5210,0.7456171735241502,1.6115,9.343592693180196e-05,trainer_state_deepseekv2.json
DeepSeek-R1-Distill-Llama-8B · LoRA-v2,DeepSeek-R1-Distill-Llama-8B,LoRA-v2,5220,0.7470483005366726,1.4703,9.339462939163142e-05,trainer_state_deepseekv2.json
DeepSeek-R1-Distill-Llama-8B · LoRA-v2,DeepSeek-R1-Distill-Llama-8B,LoRA-v2,5230,0.7484794275491949,1.5434,9.335321153364771e-05,trainer_state_deepseekv2.json
DeepSeek-R1-Distill-Llama-8B · LoRA-v2,DeepSeek-R1-Distill-Llama-8B,LoRA-v2,5240,0.7499105545617174,1.6071,9.331167347268776e-05,trainer_state_deepseekv2.json
DeepSeek-R1-Distill-Llama-8B · LoRA-v2,DeepSeek-R1-Distill-Llama-8B,LoRA-v2,5250,0.7513416815742398,1.3862,9.327001532392181e-05,trainer_state_deepseekv2.json
DeepSeek-R1-Distill-Llama-8B · LoRA-v2,DeepSeek-R1-Distill-Llama-8B,LoRA-v2,5260,0.7527728085867621,1.3976,9.322823720285299e-05,trainer_state_deepseekv2.json
DeepSeek-R1-Distill-Llama-8B · LoRA-v2,DeepSeek-R1-Distill-Llama-8B,LoRA-v2,5270,0.7542039355992844,1.5692,9.318633922531715e-05,trainer_state_deepseekv2.json
DeepSeek-R1-Distill-Llama-8B · LoRA-v2,DeepSeek-R1-Distill-Llama-8B,LoRA-v2,5280,0.7556350626118068,1.5049,9.31443215074824e-05,trainer_state_deepseekv2.json
DeepSeek-R1-Distill-Llama-8B · LoRA-v2,DeepSeek-R1-Distill-Llama-8B,LoRA-v2,5290,0.7570661896243291,1.6683,9.310218416584886e-05,trainer_state_deepseekv2.json
DeepSeek-R1-Distill-Llama-8B · LoRA-v2,DeepSeek-R1-Distill-Llama-8B,LoRA-v2,5300,0.7584973166368515,1.6222,9.305992731724836e-05,trainer_state_deepseekv2.json
DeepSeek-R1-Distill-Llama-8B · LoRA-v2,DeepSeek-R1-Distill-Llama-8B,LoRA-v2,5310,0.7599284436493738,1.5614,9.301755107884404e-05,trainer_state_deepseekv2.json
DeepSeek-R1-Distill-Llama-8B · LoRA-v2,DeepSeek-R1-Distill-Llama-8B,LoRA-v2,5320,0.7613595706618962,1.6343,9.297505556813006e-05,trainer_state_deepseekv2.json
DeepSeek-R1-Distill-Llama-8B · LoRA-v2,DeepSeek-R1-Distill-Llama-8B,LoRA-v2,5330,0.7627906976744186,1.5737,9.293244090293134e-05,trainer_state_deepseekv2.json
DeepSeek-R1-Distill-Llama-8B · LoRA-v2,DeepSeek-R1-Distill-Llama-8B,LoRA-v2,5340,0.764221824686941,1.5604,9.288970720140311e-05,trainer_state_deepseekv2.json
DeepSeek-R1-Distill-Llama-8B · LoRA-v2,DeepSeek-R1-Distill-Llama-8B,LoRA-v2,5350,0.7656529516994633,1.4083,9.284685458203065e-05,trainer_state_deepseekv2.json
DeepSeek-R1-Distill-Llama-8B · LoRA-v2,DeepSeek-R1-Distill-Llama-8B,LoRA-v2,5360,0.7670840787119857,1.4218,9.280388316362899e-05,trainer_state_deepseekv2.json
DeepSeek-R1-Distill-Llama-8B · LoRA-v2,DeepSeek-R1-Distill-Llama-8B,LoRA-v2,5370,0.768515205724508,1.461,9.276079306534254e-05,trainer_state_deepseekv2.json
DeepSeek-R1-Distill-Llama-8B · LoRA-v2,DeepSeek-R1-Distill-Llama-8B,LoRA-v2,5380,0.7699463327370304,1.5003,9.271758440664471e-05,trainer_state_deepseekv2.json
DeepSeek-R1-Distill-Llama-8B · LoRA-v2,DeepSeek-R1-Distill-Llama-8B,LoRA-v2,5390,0.7713774597495527,1.6039,9.267425730733775e-05,trainer_state_deepseekv2.json
DeepSeek-R1-Distill-Llama-8B · LoRA-v2,DeepSeek-R1-Distill-Llama-8B,LoRA-v2,5400,0.7728085867620751,1.4777,9.26308118875522e-05,trainer_state_deepseekv2.json
DeepSeek-R1-Distill-Llama-8B · LoRA-v2,DeepSeek-R1-Distill-Llama-8B,LoRA-v2,5410,0.7742397137745975,1.4051,9.258724826774669e-05,trainer_state_deepseekv2.json
DeepSeek-R1-Distill-Llama-8B · LoRA-v2,DeepSeek-R1-Distill-Llama-8B,LoRA-v2,5420,0.7756708407871199,1.4253,9.25435665687076e-05,trainer_state_deepseekv2.json
DeepSeek-R1-Distill-Llama-8B · LoRA-v2,DeepSeek-R1-Distill-Llama-8B,LoRA-v2,5430,0.7771019677996422,1.3518,9.249976691154867e-05,trainer_state_deepseekv2.json
DeepSeek-R1-Distill-Llama-8B · LoRA-v2,DeepSeek-R1-Distill-Llama-8B,LoRA-v2,5440,0.7785330948121646,1.334,9.245584941771072e-05,trainer_state_deepseekv2.json
DeepSeek-R1-Distill-Llama-8B · LoRA-v2,DeepSeek-R1-Distill-Llama-8B,LoRA-v2,5450,0.7799642218246869,1.5819,9.241181420896129e-05,trainer_state_deepseekv2.json
DeepSeek-R1-Distill-Llama-8B · LoRA-v2,DeepSeek-R1-Distill-Llama-8B,LoRA-v2,5460,0.7813953488372093,1.5536,9.236766140739429e-05,trainer_state_deepseekv2.json
DeepSeek-R1-Distill-Llama-8B · LoRA-v2,DeepSeek-R1-Distill-Llama-8B,LoRA-v2,5470,0.7828264758497316,1.4303,9.232339113542963e-05,trainer_state_deepseekv2.json
DeepSeek-R1-Distill-Llama-8B · LoRA-v2,DeepSeek-R1-Distill-Llama-8B,LoRA-v2,5480,0.784257602862254,1.6234,9.227900351581302e-05,trainer_state_deepseekv2.json
DeepSeek-R1-Distill-Llama-8B · LoRA-v2,DeepSeek-R1-Distill-Llama-8B,LoRA-v2,5490,0.7856887298747763,1.5984,9.223449867161546e-05,trainer_state_deepseekv2.json
DeepSeek-R1-Distill-Llama-8B · LoRA-v2,DeepSeek-R1-Distill-Llama-8B,LoRA-v2,5500,0.7871198568872988,1.5018,9.218987672623299e-05,trainer_state_deepseekv2.json
DeepSeek-R1-Distill-Llama-8B · LoRA-v2,DeepSeek-R1-Distill-Llama-8B,LoRA-v2,5510,0.7885509838998211,1.3594,9.214513780338634e-05,trainer_state_deepseekv2.json
DeepSeek-R1-Distill-Llama-8B · LoRA-v2,DeepSeek-R1-Distill-Llama-8B,LoRA-v2,5520,0.7899821109123435,1.4816,9.210028202712056e-05,trainer_state_deepseekv2.json
DeepSeek-R1-Distill-Llama-8B · LoRA-v2,DeepSeek-R1-Distill-Llama-8B,LoRA-v2,5530,0.7914132379248658,1.5233,9.20553095218047e-05,trainer_state_deepseekv2.json
DeepSeek-R1-Distill-Llama-8B · LoRA-v2,DeepSeek-R1-Distill-Llama-8B,LoRA-v2,5540,0.7928443649373882,1.5323,9.201022041213148e-05,trainer_state_deepseekv2.json
DeepSeek-R1-Distill-Llama-8B · LoRA-v2,DeepSeek-R1-Distill-Llama-8B,LoRA-v2,5550,0.7942754919499105,1.4361,9.196501482311687e-05,trainer_state_deepseekv2.json
DeepSeek-R1-Distill-Llama-8B · LoRA-v2,DeepSeek-R1-Distill-Llama-8B,LoRA-v2,5560,0.7957066189624329,1.4734,9.191969288009988e-05,trainer_state_deepseekv2.json
DeepSeek-R1-Distill-Llama-8B · LoRA-v2,DeepSeek-R1-Distill-Llama-8B,LoRA-v2,5570,0.7971377459749552,1.3787,9.187425470874201e-05,trainer_state_deepseekv2.json
DeepSeek-R1-Distill-Llama-8B · LoRA-v2,DeepSeek-R1-Distill-Llama-8B,LoRA-v2,5580,0.7985688729874776,1.5855,9.182870043502713e-05,trainer_state_deepseekv2.json
DeepSeek-R1-Distill-Llama-8B · LoRA-v2,DeepSeek-R1-Distill-Llama-8B,LoRA-v2,5590,0.8,1.5407,9.178303018526096e-05,trainer_state_deepseekv2.json
DeepSeek-R1-Distill-Llama-8B · LoRA-v2,DeepSeek-R1-Distill-Llama-8B,LoRA-v2,5600,0.8014311270125224,1.3775,9.17372440860708e-05,trainer_state_deepseekv2.json
DeepSeek-R1-Distill-Llama-8B · LoRA-v2,DeepSeek-R1-Distill-Llama-8B,LoRA-v2,5610,0.8028622540250447,1.5099,9.169134226440515e-05,trainer_state_deepseekv2.json
DeepSeek-R1-Distill-Llama-8B · LoRA-v2,DeepSeek-R1-Distill-Llama-8B,LoRA-v2,5620,0.8042933810375671,1.3651,9.164532484753337e-05,trainer_state_deepseekv2.json
DeepSeek-R1-Distill-Llama-8B · LoRA-v2,DeepSeek-R1-Distill-Llama-8B,LoRA-v2,5630,0.8057245080500894,1.4139,9.159919196304536e-05,trainer_state_deepseekv2.json
DeepSeek-R1-Distill-Llama-8B · LoRA-v2,DeepSeek-R1-Distill-Llama-8B,LoRA-v2,5640,0.8071556350626118,1.512,9.155294373885108e-05,trainer_state_deepseekv2.json
DeepSeek-R1-Distill-Llama-8B · LoRA-v2,DeepSeek-R1-Distill-Llama-8B,LoRA-v2,5650,0.8085867620751341,1.4104,9.150658030318037e-05,trainer_state_deepseekv2.json
DeepSeek-R1-Distill-Llama-8B · LoRA-v2,DeepSeek-R1-Distill-Llama-8B,LoRA-v2,5660,0.8100178890876565,1.5129,9.146010178458251e-05,trainer_state_deepseekv2.json
DeepSeek-R1-Distill-Llama-8B · LoRA-v2,DeepSeek-R1-Distill-Llama-8B,LoRA-v2,5670,0.8114490161001789,1.4536,9.14135083119258e-05,trainer_state_deepseekv2.json
DeepSeek-R1-Distill-Llama-8B · LoRA-v2,DeepSeek-R1-Distill-Llama-8B,LoRA-v2,5680,0.8128801431127013,1.5703,9.13668000143973e-05,trainer_state_deepseekv2.json
DeepSeek-R1-Distill-Llama-8B · LoRA-v2,DeepSeek-R1-Distill-Llama-8B,LoRA-v2,5690,0.8143112701252236,1.5266,9.131997702150248e-05,trainer_state_deepseekv2.json
DeepSeek-R1-Distill-Llama-8B · LoRA-v2,DeepSeek-R1-Distill-Llama-8B,LoRA-v2,5700,0.815742397137746,1.3386,9.127303946306474e-05,trainer_state_deepseekv2.json
DeepSeek-R1-Distill-Llama-8B · LoRA-v2,DeepSeek-R1-Distill-Llama-8B,LoRA-v2,5710,0.8171735241502683,1.556,9.12259874692252e-05,trainer_state_deepseekv2.json
DeepSeek-R1-Distill-Llama-8B · LoRA-v2,DeepSeek-R1-Distill-Llama-8B,LoRA-v2,5720,0.8186046511627907,1.4769,9.117882117044222e-05,trainer_state_deepseekv2.json
DeepSeek-R1-Distill-Llama-8B · LoRA-v2,DeepSeek-R1-Distill-Llama-8B,LoRA-v2,5730,0.820035778175313,1.635,9.113154069749111e-05,trainer_state_deepseekv2.json
DeepSeek-R1-Distill-Llama-8B · LoRA-v2,DeepSeek-R1-Distill-Llama-8B,LoRA-v2,5740,0.8214669051878354,1.5787,9.108414618146374e-05,trainer_state_deepseekv2.json
DeepSeek-R1-Distill-Llama-8B · LoRA-v2,DeepSeek-R1-Distill-Llama-8B,LoRA-v2,5750,0.8228980322003577,1.56,9.103663775376821e-05,trainer_state_deepseekv2.json
DeepSeek-R1-Distill-Llama-8B · LoRA-v2,DeepSeek-R1-Distill-Llama-8B,LoRA-v2,5760,0.8243291592128802,1.5548,9.098901554612837e-05,trainer_state_deepseekv2.json
DeepSeek-R1-Distill-Llama-8B · LoRA-v2,DeepSeek-R1-Distill-Llama-8B,LoRA-v2,5770,0.8257602862254025,1.6097,9.094127969058364e-05,trainer_state_deepseekv2.json
DeepSeek-R1-Distill-Llama-8B · LoRA-v2,DeepSeek-R1-Distill-Llama-8B,LoRA-v2,5780,0.8271914132379249,1.5523,9.08934303194885e-05,trainer_state_deepseekv2.json
DeepSeek-R1-Distill-Llama-8B · LoRA-v2,DeepSeek-R1-Distill-Llama-8B,LoRA-v2,5790,0.8286225402504472,1.6172,9.084546756551215e-05,trainer_state_deepseekv2.json
DeepSeek-R1-Distill-Llama-8B · LoRA-v2,DeepSeek-R1-Distill-Llama-8B,LoRA-v2,5800,0.8300536672629696,1.4958,9.07973915616382e-05,trainer_state_deepseekv2.json
DeepSeek-R1-Distill-Llama-8B · LoRA-v2,DeepSeek-R1-Distill-Llama-8B,LoRA-v2,5810,0.8314847942754919,1.6098,9.074920244116422e-05,trainer_state_deepseekv2.json
DeepSeek-R1-Distill-Llama-8B · LoRA-v2,DeepSeek-R1-Distill-Llama-8B,LoRA-v2,5820,0.8329159212880143,1.6191,9.070090033770148e-05,trainer_state_deepseekv2.json
DeepSeek-R1-Distill-Llama-8B · LoRA-v2,DeepSeek-R1-Distill-Llama-8B,LoRA-v2,5830,0.8343470483005366,1.5642,9.065248538517442e-05,trainer_state_deepseekv2.json
DeepSeek-R1-Distill-Llama-8B · LoRA-v2,DeepSeek-R1-Distill-Llama-8B,LoRA-v2,5840,0.835778175313059,1.2821,9.060395771782044e-05,trainer_state_deepseekv2.json
DeepSeek-R1-Distill-Llama-8B · LoRA-v2,DeepSeek-R1-Distill-Llama-8B,LoRA-v2,5850,0.8372093023255814,1.3762,9.055531747018944e-05,trainer_state_deepseekv2.json
DeepSeek-R1-Distill-Llama-8B · LoRA-v2,DeepSeek-R1-Distill-Llama-8B,LoRA-v2,5860,0.8386404293381038,1.5142,9.050656477714346e-05,trainer_state_deepseekv2.json
DeepSeek-R1-Distill-Llama-8B · LoRA-v2,DeepSeek-R1-Distill-Llama-8B,LoRA-v2,5870,0.8400715563506261,1.499,9.045769977385627e-05,trainer_state_deepseekv2.json
DeepSeek-R1-Distill-Llama-8B · LoRA-v2,DeepSeek-R1-Distill-Llama-8B,LoRA-v2,5880,0.8415026833631485,1.4165,9.040872259581312e-05,trainer_state_deepseekv2.json
DeepSeek-R1-Distill-Llama-8B · LoRA-v2,DeepSeek-R1-Distill-Llama-8B,LoRA-v2,5890,0.8429338103756708,1.5233,9.035963337881024e-05,trainer_state_deepseekv2.json
DeepSeek-R1-Distill-Llama-8B · LoRA-v2,DeepSeek-R1-Distill-Llama-8B,LoRA-v2,5900,0.8443649373881932,1.4853,9.031043225895447e-05,trainer_state_deepseekv2.json
DeepSeek-R1-Distill-Llama-8B · LoRA-v2,DeepSeek-R1-Distill-Llama-8B,LoRA-v2,5910,0.8457960644007155,1.3723,9.026111937266297e-05,trainer_state_deepseekv2.json
DeepSeek-R1-Distill-Llama-8B · LoRA-v2,DeepSeek-R1-Distill-Llama-8B,LoRA-v2,5920,0.8472271914132379,1.4331,9.021169485666276e-05,trainer_state_deepseekv2.json
DeepSeek-R1-Distill-Llama-8B · LoRA-v2,DeepSeek-R1-Distill-Llama-8B,LoRA-v2,5930,0.8486583184257603,1.5208,9.016215884799038e-05,trainer_state_deepseekv2.json
DeepSeek-R1-Distill-Llama-8B · LoRA-v2,DeepSeek-R1-Distill-Llama-8B,LoRA-v2,5940,0.8500894454382827,1.4563,9.01125114839915e-05,trainer_state_deepseekv2.json
DeepSeek-R1-Distill-Llama-8B · LoRA-v2,DeepSeek-R1-Distill-Llama-8B,LoRA-v2,5950,0.851520572450805,1.6076,9.006275290232049e-05,trainer_state_deepseekv2.json
DeepSeek-R1-Distill-Llama-8B · LoRA-v2,DeepSeek-R1-Distill-Llama-8B,LoRA-v2,5960,0.8529516994633274,1.471,9.001288324094019e-05,trainer_state_deepseekv2.json
DeepSeek-R1-Distill-Llama-8B · LoRA-v2,DeepSeek-R1-Distill-Llama-8B,LoRA-v2,5970,0.8543828264758497,1.4678,8.996290263812136e-05,trainer_state_deepseekv2.json
DeepSeek-R1-Distill-Llama-8B · LoRA-v2,DeepSeek-R1-Distill-Llama-8B,LoRA-v2,5980,0.8558139534883721,1.5002,8.991281123244232e-05,trainer_state_deepseekv2.json
DeepSeek-R1-Distill-Llama-8B · LoRA-v2,DeepSeek-R1-Distill-Llama-8B,LoRA-v2,5990,0.8572450805008944,1.3991,8.986260916278868e-05,trainer_state_deepseekv2.json
DeepSeek-R1-Distill-Llama-8B · LoRA-v2,DeepSeek-R1-Distill-Llama-8B,LoRA-v2,6000,0.8586762075134168,1.511,8.981229656835286e-05,trainer_state_deepseekv2.json
DeepSeek-R1-Distill-Llama-8B · LoRA-v2,DeepSeek-R1-Distill-Llama-8B,LoRA-v2,6010,0.8601073345259391,1.4549,8.976187358863372e-05,trainer_state_deepseekv2.json
DeepSeek-R1-Distill-Llama-8B · LoRA-v2,DeepSeek-R1-Distill-Llama-8B,LoRA-v2,6020,0.8615384615384616,1.5692,8.971134036343616e-05,trainer_state_deepseekv2.json
DeepSeek-R1-Distill-Llama-8B · LoRA-v2,DeepSeek-R1-Distill-Llama-8B,LoRA-v2,6030,0.8629695885509839,1.5089,8.966069703287079e-05,trainer_state_deepseekv2.json
DeepSeek-R1-Distill-Llama-8B · LoRA-v2,DeepSeek-R1-Distill-Llama-8B,LoRA-v2,6040,0.8644007155635063,1.5601,8.960994373735349e-05,trainer_state_deepseekv2.json
DeepSeek-R1-Distill-Llama-8B · LoRA-v2,DeepSeek-R1-Distill-Llama-8B,LoRA-v2,6050,0.8658318425760286,1.4389,8.9559080617605e-05,trainer_state_deepseekv2.json
DeepSeek-R1-Distill-Llama-8B · LoRA-v2,DeepSeek-R1-Distill-Llama-8B,LoRA-v2,6060,0.867262969588551,1.2813,8.95081078146506e-05,trainer_state_deepseekv2.json
DeepSeek-R1-Distill-Llama-8B · LoRA-v2,DeepSeek-R1-Distill-Llama-8B,LoRA-v2,6070,0.8686940966010733,1.4209,8.945702546981969e-05,trainer_state_deepseekv2.json
DeepSeek-R1-Distill-Llama-8B · LoRA-v2,DeepSeek-R1-Distill-Llama-8B,LoRA-v2,6080,0.8701252236135957,1.5182,8.940583372474534e-05,trainer_state_deepseekv2.json
DeepSeek-R1-Distill-Llama-8B · LoRA-v2,DeepSeek-R1-Distill-Llama-8B,LoRA-v2,6090,0.871556350626118,1.4517,8.935453272136402e-05,trainer_state_deepseekv2.json
DeepSeek-R1-Distill-Llama-8B · LoRA-v2,DeepSeek-R1-Distill-Llama-8B,LoRA-v2,6100,0.8729874776386404,1.4808,8.930312260191507e-05,trainer_state_deepseekv2.json
DeepSeek-R1-Distill-Llama-8B · LoRA-v2,DeepSeek-R1-Distill-Llama-8B,LoRA-v2,6110,0.8744186046511628,1.4504,8.92516035089404e-05,trainer_state_deepseekv2.json
DeepSeek-R1-Distill-Llama-8B · LoRA-v2,DeepSeek-R1-Distill-Llama-8B,LoRA-v2,6120,0.8758497316636852,1.4566,8.919997558528406e-05,trainer_state_deepseekv2.json
DeepSeek-R1-Distill-Llama-8B · LoRA-v2,DeepSeek-R1-Distill-Llama-8B,LoRA-v2,6130,0.8772808586762075,1.5843,8.914823897409185e-05,trainer_state_deepseekv2.json
DeepSeek-R1-Distill-Llama-8B · LoRA-v2,DeepSeek-R1-Distill-Llama-8B,LoRA-v2,6140,0.8787119856887299,1.5513,8.909639381881092e-05,trainer_state_deepseekv2.json
DeepSeek-R1-Distill-Llama-8B · LoRA-v2,DeepSeek-R1-Distill-Llama-8B,LoRA-v2,6150,0.8801431127012522,1.7608,8.904444026318939e-05,trainer_state_deepseekv2.json
DeepSeek-R1-Distill-Llama-8B · LoRA-v2,DeepSeek-R1-Distill-Llama-8B,LoRA-v2,6160,0.8815742397137746,1.5449,8.899237845127588e-05,trainer_state_deepseekv2.json
DeepSeek-R1-Distill-Llama-8B · LoRA-v2,DeepSeek-R1-Distill-Llama-8B,LoRA-v2,6170,0.8830053667262969,1.3075,8.894020852741925e-05,trainer_state_deepseekv2.json
DeepSeek-R1-Distill-Llama-8B · LoRA-v2,DeepSeek-R1-Distill-Llama-8B,LoRA-v2,6180,0.8844364937388193,1.4834,8.888793063626803e-05,trainer_state_deepseekv2.json
DeepSeek-R1-Distill-Llama-8B · LoRA-v2,DeepSeek-R1-Distill-Llama-8B,LoRA-v2,6190,0.8858676207513417,1.5599,8.883554492277018e-05,trainer_state_deepseekv2.json
DeepSeek-R1-Distill-Llama-8B · LoRA-v2,DeepSeek-R1-Distill-Llama-8B,LoRA-v2,6200,0.8872987477638641,1.4722,8.878305153217257e-05,trainer_state_deepseekv2.json
DeepSeek-R1-Distill-Llama-8B · LoRA-v2,DeepSeek-R1-Distill-Llama-8B,LoRA-v2,6210,0.8887298747763864,1.5767,8.873045061002061e-05,trainer_state_deepseekv2.json
DeepSeek-R1-Distill-Llama-8B · LoRA-v2,DeepSeek-R1-Distill-Llama-8B,LoRA-v2,6220,0.8901610017889088,1.4887,8.867774230215791e-05,trainer_state_deepseekv2.json
DeepSeek-R1-Distill-Llama-8B · LoRA-v2,DeepSeek-R1-Distill-Llama-8B,LoRA-v2,6230,0.8915921288014311,1.4445,8.862492675472576e-05,trainer_state_deepseekv2.json
DeepSeek-R1-Distill-Llama-8B · LoRA-v2,DeepSeek-R1-Distill-Llama-8B,LoRA-v2,6240,0.8930232558139535,1.4778,8.857200411416282e-05,trainer_state_deepseekv2.json
DeepSeek-R1-Distill-Llama-8B · LoRA-v2,DeepSeek-R1-Distill-Llama-8B,LoRA-v2,6250,0.8944543828264758,1.6544,8.851897452720468e-05,trainer_state_deepseekv2.json
DeepSeek-R1-Distill-Llama-8B · LoRA-v2,DeepSeek-R1-Distill-Llama-8B,LoRA-v2,6260,0.8958855098389982,1.5876,8.846583814088347e-05,trainer_state_deepseekv2.json
DeepSeek-R1-Distill-Llama-8B · LoRA-v2,DeepSeek-R1-Distill-Llama-8B,LoRA-v2,6270,0.8973166368515205,1.488,8.841259510252738e-05,trainer_state_deepseekv2.json
DeepSeek-R1-Distill-Llama-8B · LoRA-v2,DeepSeek-R1-Distill-Llama-8B,LoRA-v2,6280,0.898747763864043,1.5784,8.835924555976036e-05,trainer_state_deepseekv2.json
DeepSeek-R1-Distill-Llama-8B · LoRA-v2,DeepSeek-R1-Distill-Llama-8B,LoRA-v2,6290,0.9001788908765653,1.5492,8.830578966050166e-05,trainer_state_deepseekv2.json
DeepSeek-R1-Distill-Llama-8B · LoRA-v2,DeepSeek-R1-Distill-Llama-8B,LoRA-v2,6300,0.9016100178890877,1.4249,8.825222755296538e-05,trainer_state_deepseekv2.json
DeepSeek-R1-Distill-Llama-8B · LoRA-v2,DeepSeek-R1-Distill-Llama-8B,LoRA-v2,6310,0.90304114490161,1.4752,8.819855938566013e-05,trainer_state_deepseekv2.json
DeepSeek-R1-Distill-Llama-8B · LoRA-v2,DeepSeek-R1-Distill-Llama-8B,LoRA-v2,6320,0.9044722719141324,1.5087,8.814478530738856e-05,trainer_state_deepseekv2.json
DeepSeek-R1-Distill-Llama-8B · LoRA-v2,DeepSeek-R1-Distill-Llama-8B,LoRA-v2,6330,0.9059033989266547,1.4727,8.809090546724702e-05,trainer_state_deepseekv2.json
DeepSeek-R1-Distill-Llama-8B · LoRA-v2,DeepSeek-R1-Distill-Llama-8B,LoRA-v2,6340,0.9073345259391771,1.3868,8.803692001462505e-05,trainer_state_deepseekv2.json
DeepSeek-R1-Distill-Llama-8B · LoRA-v2,DeepSeek-R1-Distill-Llama-8B,LoRA-v2,6350,0.9087656529516994,1.6594,8.798282909920503e-05,trainer_state_deepseekv2.json
DeepSeek-R1-Distill-Llama-8B · LoRA-v2,DeepSeek-R1-Distill-Llama-8B,LoRA-v2,6360,0.9101967799642218,1.3863,8.792863287096176e-05,trainer_state_deepseekv2.json
DeepSeek-R1-Distill-Llama-8B · LoRA-v2,DeepSeek-R1-Distill-Llama-8B,LoRA-v2,6370,0.9116279069767442,1.3628,8.787433148016204e-05,trainer_state_deepseekv2.json
DeepSeek-R1-Distill-Llama-8B · LoRA-v2,DeepSeek-R1-Distill-Llama-8B,LoRA-v2,6380,0.9130590339892666,1.5388,8.781992507736422e-05,trainer_state_deepseekv2.json
DeepSeek-R1-Distill-Llama-8B · LoRA-v2,DeepSeek-R1-Distill-Llama-8B,LoRA-v2,6390,0.9144901610017889,1.43,8.776541381341784e-05,trainer_state_deepseekv2.json
DeepSeek-R1-Distill-Llama-8B · LoRA-v2,DeepSeek-R1-Distill-Llama-8B,LoRA-v2,6400,0.9159212880143113,1.4959,8.771079783946317e-05,trainer_state_deepseekv2.json
DeepSeek-R1-Distill-Llama-8B · LoRA-v2,DeepSeek-R1-Distill-Llama-8B,LoRA-v2,6410,0.9173524150268336,1.506,8.765607730693081e-05,trainer_state_deepseekv2.json
DeepSeek-R1-Distill-Llama-8B · LoRA-v2,DeepSeek-R1-Distill-Llama-8B,LoRA-v2,6420,0.918783542039356,1.5367,8.760125236754126e-05,trainer_state_deepseekv2.json
DeepSeek-R1-Distill-Llama-8B · LoRA-v2,DeepSeek-R1-Distill-Llama-8B,LoRA-v2,6430,0.9202146690518783,1.452,8.754632317330447e-05,trainer_state_deepseekv2.json
DeepSeek-R1-Distill-Llama-8B · LoRA-v2,DeepSeek-R1-Distill-Llama-8B,LoRA-v2,6440,0.9216457960644007,1.4858,8.749128987651954e-05,trainer_state_deepseekv2.json
DeepSeek-R1-Distill-Llama-8B · LoRA-v2,DeepSeek-R1-Distill-Llama-8B,LoRA-v2,6450,0.9230769230769231,1.4374,8.743615262977409e-05,trainer_state_deepseekv2.json
DeepSeek-R1-Distill-Llama-8B · LoRA-v2,DeepSeek-R1-Distill-Llama-8B,LoRA-v2,6460,0.9245080500894455,1.5577,8.738091158594407e-05,trainer_state_deepseekv2.json
DeepSeek-R1-Distill-Llama-8B · LoRA-v2,DeepSeek-R1-Distill-Llama-8B,LoRA-v2,6470,0.9259391771019678,1.5212,8.732556689819315e-05,trainer_state_deepseekv2.json
DeepSeek-R1-Distill-Llama-8B · LoRA-v2,DeepSeek-R1-Distill-Llama-8B,LoRA-v2,6480,0.9273703041144902,1.5109,8.727011871997237e-05,trainer_state_deepseekv2.json
DeepSeek-R1-Distill-Llama-8B · LoRA-v2,DeepSeek-R1-Distill-Llama-8B,LoRA-v2,6490,0.9288014311270125,1.4773,8.721456720501976e-05,trainer_state_deepseekv2.json
DeepSeek-R1-Distill-Llama-8B · LoRA-v2,DeepSeek-R1-Distill-Llama-8B,LoRA-v2,6500,0.9302325581395349,1.3797,8.715891250735983e-05,trainer_state_deepseekv2.json
DeepSeek-R1-Distill-Llama-8B · LoRA-v2,DeepSeek-R1-Distill-Llama-8B,LoRA-v2,6510,0.9316636851520572,1.539,8.710315478130317e-05,trainer_state_deepseekv2.json
DeepSeek-R1-Distill-Llama-8B · LoRA-v2,DeepSeek-R1-Distill-Llama-8B,LoRA-v2,6520,0.9330948121645796,1.4449,8.704729418144606e-05,trainer_state_deepseekv2.json
DeepSeek-R1-Distill-Llama-8B · LoRA-v2,DeepSeek-R1-Distill-Llama-8B,LoRA-v2,6530,0.9345259391771019,1.5513,8.699133086266999e-05,trainer_state_deepseekv2.json
DeepSeek-R1-Distill-Llama-8B · LoRA-v2,DeepSeek-R1-Distill-Llama-8B,LoRA-v2,6540,0.9359570661896244,1.4804,8.693526498014126e-05,trainer_state_deepseekv2.json
DeepSeek-R1-Distill-Llama-8B · LoRA-v2,DeepSeek-R1-Distill-Llama-8B,LoRA-v2,6550,0.9373881932021467,1.5358,8.687909668931056e-05,trainer_state_deepseekv2.json
DeepSeek-R1-Distill-Llama-8B · LoRA-v2,DeepSeek-R1-Distill-Llama-8B,LoRA-v2,6560,0.9388193202146691,1.3508,8.682282614591248e-05,trainer_state_deepseekv2.json
DeepSeek-R1-Distill-Llama-8B · LoRA-v2,DeepSeek-R1-Distill-Llama-8B,LoRA-v2,6570,0.9402504472271914,1.4003,8.676645350596518e-05,trainer_state_deepseekv2.json
DeepSeek-R1-Distill-Llama-8B · LoRA-v2,DeepSeek-R1-Distill-Llama-8B,LoRA-v2,6580,0.9416815742397138,1.5486,8.670997892576982e-05,trainer_state_deepseekv2.json
DeepSeek-R1-Distill-Llama-8B · LoRA-v2,DeepSeek-R1-Distill-Llama-8B,LoRA-v2,6590,0.9431127012522361,1.4431,8.665340256191028e-05,trainer_state_deepseekv2.json
DeepSeek-R1-Distill-Llama-8B · LoRA-v2,DeepSeek-R1-Distill-Llama-8B,LoRA-v2,6600,0.9445438282647585,1.5488,8.65967245712526e-05,trainer_state_deepseekv2.json
DeepSeek-R1-Distill-Llama-8B · LoRA-v2,DeepSeek-R1-Distill-Llama-8B,LoRA-v2,6610,0.9459749552772808,1.6145,8.65399451109446e-05,trainer_state_deepseekv2.json
DeepSeek-R1-Distill-Llama-8B · LoRA-v2,DeepSeek-R1-Distill-Llama-8B,LoRA-v2,6620,0.9474060822898033,1.3921,8.64830643384155e-05,trainer_state_deepseekv2.json
DeepSeek-R1-Distill-Llama-8B · LoRA-v2,DeepSeek-R1-Distill-Llama-8B,LoRA-v2,6630,0.9488372093023256,1.4692,8.642608241137533e-05,trainer_state_deepseekv2.json
DeepSeek-R1-Distill-Llama-8B · LoRA-v2,DeepSeek-R1-Distill-Llama-8B,LoRA-v2,6640,0.950268336314848,1.6024,8.636899948781463e-05,trainer_state_deepseekv2.json
DeepSeek-R1-Distill-Llama-8B · LoRA-v2,DeepSeek-R1-Distill-Llama-8B,LoRA-v2,6650,0.9516994633273703,1.4552,8.631181572600396e-05,trainer_state_deepseekv2.json
DeepSeek-R1-Distill-Llama-8B · LoRA-v2,DeepSeek-R1-Distill-Llama-8B,LoRA-v2,6660,0.9531305903398927,1.3905,8.62545312844935e-05,trainer_state_deepseekv2.json
DeepSeek-R1-Distill-Llama-8B · LoRA-v2,DeepSeek-R1-Distill-Llama-8B,LoRA-v2,6670,0.954561717352415,1.5963,8.619714632211254e-05,trainer_state_deepseekv2.json
DeepSeek-R1-Distill-Llama-8B · LoRA-v2,DeepSeek-R1-Distill-Llama-8B,LoRA-v2,6680,0.9559928443649374,1.5116,8.613966099796908e-05,trainer_state_deepseekv2.json
DeepSeek-R1-Distill-Llama-8B · LoRA-v2,DeepSeek-R1-Distill-Llama-8B,LoRA-v2,6690,0.9574239713774597,1.4673,8.608207547144942e-05,trainer_state_deepseekv2.json
DeepSeek-R1-Distill-Llama-8B · LoRA-v2,DeepSeek-R1-Distill-Llama-8B,LoRA-v2,6700,0.9588550983899821,1.5202,8.602438990221766e-05,trainer_state_deepseekv2.json
DeepSeek-R1-Distill-Llama-8B · LoRA-v2,DeepSeek-R1-Distill-Llama-8B,LoRA-v2,6710,0.9602862254025045,1.5509,8.596660445021526e-05,trainer_state_deepseekv2.json
DeepSeek-R1-Distill-Llama-8B · LoRA-v2,DeepSeek-R1-Distill-Llama-8B,LoRA-v2,6720,0.9617173524150269,1.6309,8.590871927566067e-05,trainer_state_deepseekv2.json
DeepSeek-R1-Distill-Llama-8B · LoRA-v2,DeepSeek-R1-Distill-Llama-8B,LoRA-v2,6730,0.9631484794275492,1.573,8.585073453904882e-05,trainer_state_deepseekv2.json
DeepSeek-R1-Distill-Llama-8B · LoRA-v2,DeepSeek-R1-Distill-Llama-8B,LoRA-v2,6740,0.9645796064400716,1.4117,8.579265040115066e-05,trainer_state_deepseekv2.json
DeepSeek-R1-Distill-Llama-8B · LoRA-v2,DeepSeek-R1-Distill-Llama-8B,LoRA-v2,6750,0.9660107334525939,1.4882,8.573446702301278e-05,trainer_state_deepseekv2.json
DeepSeek-R1-Distill-Llama-8B · LoRA-v2,DeepSeek-R1-Distill-Llama-8B,LoRA-v2,6760,0.9674418604651163,1.4169,8.56761845659569e-05,trainer_state_deepseekv2.json
DeepSeek-R1-Distill-Llama-8B · LoRA-v2,DeepSeek-R1-Distill-Llama-8B,LoRA-v2,6770,0.9688729874776386,1.6174,8.561780319157947e-05,trainer_state_deepseekv2.json
DeepSeek-R1-Distill-Llama-8B · LoRA-v2,DeepSeek-R1-Distill-Llama-8B,LoRA-v2,6780,0.970304114490161,1.4686,8.555932306175119e-05,trainer_state_deepseekv2.json
DeepSeek-R1-Distill-Llama-8B · LoRA-v2,DeepSeek-R1-Distill-Llama-8B,LoRA-v2,6790,0.9717352415026833,1.5565,8.550074433861659e-05,trainer_state_deepseekv2.json
DeepSeek-R1-Distill-Llama-8B · LoRA-v2,DeepSeek-R1-Distill-Llama-8B,LoRA-v2,6800,0.9731663685152058,1.4168,8.544206718459354e-05,trainer_state_deepseekv2.json
DeepSeek-R1-Distill-Llama-8B · LoRA-v2,DeepSeek-R1-Distill-Llama-8B,LoRA-v2,6810,0.9745974955277281,1.4577,8.538329176237287e-05,trainer_state_deepseekv2.json
DeepSeek-R1-Distill-Llama-8B · LoRA-v2,DeepSeek-R1-Distill-Llama-8B,LoRA-v2,6820,0.9760286225402505,1.545,8.532441823491779e-05,trainer_state_deepseekv2.json
DeepSeek-R1-Distill-Llama-8B · LoRA-v2,DeepSeek-R1-Distill-Llama-8B,LoRA-v2,6830,0.9774597495527728,1.4644,8.52654467654636e-05,trainer_state_deepseekv2.json
DeepSeek-R1-Distill-Llama-8B · LoRA-v2,DeepSeek-R1-Distill-Llama-8B,LoRA-v2,6840,0.9788908765652952,1.517,8.520637751751715e-05,trainer_state_deepseekv2.json
DeepSeek-R1-Distill-Llama-8B · LoRA-v2,DeepSeek-R1-Distill-Llama-8B,LoRA-v2,6850,0.9803220035778175,1.4941,8.514721065485634e-05,trainer_state_deepseekv2.json
DeepSeek-R1-Distill-Llama-8B · LoRA-v2,DeepSeek-R1-Distill-Llama-8B,LoRA-v2,6860,0.9817531305903399,1.4081,8.508794634152975e-05,trainer_state_deepseekv2.json
DeepSeek-R1-Distill-Llama-8B · LoRA-v2,DeepSeek-R1-Distill-Llama-8B,LoRA-v2,6870,0.9831842576028622,1.5941,8.502858474185617e-05,trainer_state_deepseekv2.json
DeepSeek-R1-Distill-Llama-8B · LoRA-v2,DeepSeek-R1-Distill-Llama-8B,LoRA-v2,6880,0.9846153846153847,1.4342,8.496912602042415e-05,trainer_state_deepseekv2.json
DeepSeek-R1-Distill-Llama-8B · LoRA-v2,DeepSeek-R1-Distill-Llama-8B,LoRA-v2,6890,0.986046511627907,1.5507,8.490957034209146e-05,trainer_state_deepseekv2.json
DeepSeek-R1-Distill-Llama-8B · LoRA-v2,DeepSeek-R1-Distill-Llama-8B,LoRA-v2,6900,0.9874776386404294,1.4026,8.484991787198473e-05,trainer_state_deepseekv2.json
DeepSeek-R1-Distill-Llama-8B · LoRA-v2,DeepSeek-R1-Distill-Llama-8B,LoRA-v2,6910,0.9889087656529517,1.5482,8.4790168775499e-05,trainer_state_deepseekv2.json
DeepSeek-R1-Distill-Llama-8B · LoRA-v2,DeepSeek-R1-Distill-Llama-8B,LoRA-v2,6920,0.9903398926654741,1.507,8.473032321829712e-05,trainer_state_deepseekv2.json
DeepSeek-R1-Distill-Llama-8B · LoRA-v2,DeepSeek-R1-Distill-Llama-8B,LoRA-v2,6930,0.9917710196779964,1.4676,8.46703813663095e-05,trainer_state_deepseekv2.json
DeepSeek-R1-Distill-Llama-8B · LoRA-v2,DeepSeek-R1-Distill-Llama-8B,LoRA-v2,6940,0.9932021466905188,1.6147,8.461034338573348e-05,trainer_state_deepseekv2.json
DeepSeek-R1-Distill-Llama-8B · LoRA-v2,DeepSeek-R1-Distill-Llama-8B,LoRA-v2,6950,0.9946332737030411,1.6706,8.455020944303294e-05,trainer_state_deepseekv2.json
DeepSeek-R1-Distill-Llama-8B · LoRA-v2,DeepSeek-R1-Distill-Llama-8B,LoRA-v2,6960,0.9960644007155635,1.4535,8.448997970493783e-05,trainer_state_deepseekv2.json
DeepSeek-R1-Distill-Llama-8B · LoRA-v2,DeepSeek-R1-Distill-Llama-8B,LoRA-v2,6970,0.9974955277280859,1.4859,8.442965433844373e-05,trainer_state_deepseekv2.json
DeepSeek-R1-Distill-Llama-8B · LoRA-v2,DeepSeek-R1-Distill-Llama-8B,LoRA-v2,6980,0.9989266547406083,1.5308,8.436923351081129e-05,trainer_state_deepseekv2.json
DeepSeek-R1-Distill-Llama-8B · LoRA-v2,DeepSeek-R1-Distill-Llama-8B,LoRA-v2,6990,1.0002862254025044,1.4676,8.430871738956596e-05,trainer_state_deepseekv2.json
DeepSeek-R1-Distill-Llama-8B · LoRA-v2,DeepSeek-R1-Distill-Llama-8B,LoRA-v2,7000,1.001717352415027,1.5384,8.42481061424973e-05,trainer_state_deepseekv2.json
DeepSeek-R1-Distill-Llama-8B · LoRA-v2,DeepSeek-R1-Distill-Llama-8B,LoRA-v2,7010,1.0031484794275491,1.2251,8.418739993765865e-05,trainer_state_deepseekv2.json
DeepSeek-R1-Distill-Llama-8B · LoRA-v2,DeepSeek-R1-Distill-Llama-8B,LoRA-v2,7020,1.0045796064400716,1.3553,8.412659894336665e-05,trainer_state_deepseekv2.json
DeepSeek-R1-Distill-Llama-8B · LoRA-v2,DeepSeek-R1-Distill-Llama-8B,LoRA-v2,7030,1.0060107334525938,1.3792,8.406570332820075e-05,trainer_state_deepseekv2.json
DeepSeek-R1-Distill-Llama-8B · LoRA-v2,DeepSeek-R1-Distill-Llama-8B,LoRA-v2,7040,1.0074418604651163,1.4739,8.400471326100274e-05,trainer_state_deepseekv2.json
DeepSeek-R1-Distill-Llama-8B · LoRA-v2,DeepSeek-R1-Distill-Llama-8B,LoRA-v2,7050,1.0088729874776385,1.4156,8.394362891087632e-05,trainer_state_deepseekv2.json
DeepSeek-R1-Distill-Llama-8B · LoRA-v2,DeepSeek-R1-Distill-Llama-8B,LoRA-v2,7060,1.010304114490161,1.392,8.388245044718657e-05,trainer_state_deepseekv2.json
DeepSeek-R1-Distill-Llama-8B · LoRA-v2,DeepSeek-R1-Distill-Llama-8B,LoRA-v2,7070,1.0117352415026835,1.3622,8.382117803955952e-05,trainer_state_deepseekv2.json
DeepSeek-R1-Distill-Llama-8B · LoRA-v2,DeepSeek-R1-Distill-Llama-8B,LoRA-v2,7080,1.0131663685152057,1.3683,8.375981185788167e-05,trainer_state_deepseekv2.json
DeepSeek-R1-Distill-Llama-8B · LoRA-v2,DeepSeek-R1-Distill-Llama-8B,LoRA-v2,7090,1.0145974955277282,1.3511,8.369835207229955e-05,trainer_state_deepseekv2.json
DeepSeek-R1-Distill-Llama-8B · LoRA-v2,DeepSeek-R1-Distill-Llama-8B,LoRA-v2,7100,1.0160286225402504,1.3599,8.363679885321921e-05,trainer_state_deepseekv2.json
DeepSeek-R1-Distill-Llama-8B · LoRA-v2,DeepSeek-R1-Distill-Llama-8B,LoRA-v2,7110,1.0174597495527729,1.3653,8.357515237130573e-05,trainer_state_deepseekv2.json
DeepSeek-R1-Distill-Llama-8B · LoRA-v2,DeepSeek-R1-Distill-Llama-8B,LoRA-v2,7120,1.018890876565295,1.2538,8.35134127974828e-05,trainer_state_deepseekv2.json
DeepSeek-R1-Distill-Llama-8B · LoRA-v2,DeepSeek-R1-Distill-Llama-8B,LoRA-v2,7130,1.0203220035778175,1.2407,8.34515803029322e-05,trainer_state_deepseekv2.json
DeepSeek-R1-Distill-Llama-8B · LoRA-v2,DeepSeek-R1-Distill-Llama-8B,LoRA-v2,7140,1.0217531305903398,1.3538,8.338965505909338e-05,trainer_state_deepseekv2.json
DeepSeek-R1-Distill-Llama-8B · LoRA-v2,DeepSeek-R1-Distill-Llama-8B,LoRA-v2,7150,1.0231842576028622,1.4314,8.332763723766292e-05,trainer_state_deepseekv2.json
DeepSeek-R1-Distill-Llama-8B · LoRA-v2,DeepSeek-R1-Distill-Llama-8B,LoRA-v2,7160,1.0246153846153847,1.1903,8.32655270105941e-05,trainer_state_deepseekv2.json
DeepSeek-R1-Distill-Llama-8B · LoRA-v2,DeepSeek-R1-Distill-Llama-8B,LoRA-v2,7170,1.026046511627907,1.2831,8.32033245500964e-05,trainer_state_deepseekv2.json
DeepSeek-R1-Distill-Llama-8B · LoRA-v2,DeepSeek-R1-Distill-Llama-8B,LoRA-v2,7180,1.0274776386404294,1.3397,8.314103002863502e-05,trainer_state_deepseekv2.json
DeepSeek-R1-Distill-Llama-8B · LoRA-v2,DeepSeek-R1-Distill-Llama-8B,LoRA-v2,7190,1.0289087656529516,1.3118,8.307864361893046e-05,trainer_state_deepseekv2.json
DeepSeek-R1-Distill-Llama-8B · LoRA-v2,DeepSeek-R1-Distill-Llama-8B,LoRA-v2,7200,1.030339892665474,1.3187,8.301616549395793e-05,trainer_state_deepseekv2.json
DeepSeek-R1-Distill-Llama-8B · LoRA-v2,DeepSeek-R1-Distill-Llama-8B,LoRA-v2,7210,1.0317710196779963,1.2905,8.295359582694697e-05,trainer_state_deepseekv2.json
DeepSeek-R1-Distill-Llama-8B · LoRA-v2,DeepSeek-R1-Distill-Llama-8B,LoRA-v2,7220,1.0332021466905188,1.3177,8.289093479138094e-05,trainer_state_deepseekv2.json
DeepSeek-R1-Distill-Llama-8B · LoRA-v2,DeepSeek-R1-Distill-Llama-8B,LoRA-v2,7230,1.034633273703041,1.4312,8.28281825609965e-05,trainer_state_deepseekv2.json
DeepSeek-R1-Distill-Llama-8B · LoRA-v2,DeepSeek-R1-Distill-Llama-8B,LoRA-v2,7240,1.0360644007155635,1.3595,8.276533930978319e-05,trainer_state_deepseekv2.json
DeepSeek-R1-Distill-Llama-8B · LoRA-v2,DeepSeek-R1-Distill-Llama-8B,LoRA-v2,7250,1.037495527728086,1.3271,8.270240521198289e-05,trainer_state_deepseekv2.json
DeepSeek-R1-Distill-Llama-8B · LoRA-v2,DeepSeek-R1-Distill-Llama-8B,LoRA-v2,7260,1.0389266547406082,1.2229,8.263938044208939e-05,trainer_state_deepseekv2.json
DeepSeek-R1-Distill-Llama-8B · LoRA-v2,DeepSeek-R1-Distill-Llama-8B,LoRA-v2,7270,1.0403577817531307,1.2294,8.257626517484789e-05,trainer_state_deepseekv2.json
DeepSeek-R1-Distill-Llama-8B · LoRA-v2,DeepSeek-R1-Distill-Llama-8B,LoRA-v2,7280,1.0417889087656529,1.3288,8.251305958525448e-05,trainer_state_deepseekv2.json
DeepSeek-R1-Distill-Llama-8B · LoRA-v2,DeepSeek-R1-Distill-Llama-8B,LoRA-v2,7290,1.0432200357781753,1.2915,8.244976384855568e-05,trainer_state_deepseekv2.json
DeepSeek-R1-Distill-Llama-8B · LoRA-v2,DeepSeek-R1-Distill-Llama-8B,LoRA-v2,7300,1.0446511627906976,1.4314,8.238637814024799e-05,trainer_state_deepseekv2.json
DeepSeek-R1-Distill-Llama-8B · LoRA-v2,DeepSeek-R1-Distill-Llama-8B,LoRA-v2,7310,1.04608228980322,1.2948,8.232290263607733e-05,trainer_state_deepseekv2.json
DeepSeek-R1-Distill-Llama-8B · LoRA-v2,DeepSeek-R1-Distill-Llama-8B,LoRA-v2,7320,1.0475134168157425,1.2373,8.225933751203862e-05,trainer_state_deepseekv2.json
DeepSeek-R1-Distill-Llama-8B · LoRA-v2,DeepSeek-R1-Distill-Llama-8B,LoRA-v2,7330,1.0489445438282647,1.2855,8.219568294437525e-05,trainer_state_deepseekv2.json
DeepSeek-R1-Distill-Llama-8B · LoRA-v2,DeepSeek-R1-Distill-Llama-8B,LoRA-v2,7340,1.0503756708407872,1.3458,8.21319391095786e-05,trainer_state_deepseekv2.json
DeepSeek-R1-Distill-Llama-8B · LoRA-v2,DeepSeek-R1-Distill-Llama-8B,LoRA-v2,7350,1.0518067978533094,1.4348,8.206810618438758e-05,trainer_state_deepseekv2.json
DeepSeek-R1-Distill-Llama-8B · LoRA-v2,DeepSeek-R1-Distill-Llama-8B,LoRA-v2,7360,1.053237924865832,1.2684,8.200418434578809e-05,trainer_state_deepseekv2.json
DeepSeek-R1-Distill-Llama-8B · LoRA-v2,DeepSeek-R1-Distill-Llama-8B,LoRA-v2,7370,1.0546690518783541,1.3041,8.194017377101256e-05,trainer_state_deepseekv2.json
DeepSeek-R1-Distill-Llama-8B · LoRA-v2,DeepSeek-R1-Distill-Llama-8B,LoRA-v2,7380,1.0561001788908766,1.3676,8.187607463753946e-05,trainer_state_deepseekv2.json
DeepSeek-R1-Distill-Llama-8B · LoRA-v2,DeepSeek-R1-Distill-Llama-8B,LoRA-v2,7390,1.0575313059033988,1.3145,8.181188712309282e-05,trainer_state_deepseekv2.json
DeepSeek-R1-Distill-Llama-8B · LoRA-v2,DeepSeek-R1-Distill-Llama-8B,LoRA-v2,7400,1.0589624329159213,1.4303,8.174761140564167e-05,trainer_state_deepseekv2.json
DeepSeek-R1-Distill-Llama-8B · LoRA-v2,DeepSeek-R1-Distill-Llama-8B,LoRA-v2,7410,1.0603935599284438,1.2169,8.168324766339963e-05,trainer_state_deepseekv2.json
DeepSeek-R1-Distill-Llama-8B · LoRA-v2,DeepSeek-R1-Distill-Llama-8B,LoRA-v2,7420,1.061824686940966,1.4103,8.16187960748244e-05,trainer_state_deepseekv2.json
DeepSeek-R1-Distill-Llama-8B · LoRA-v2,DeepSeek-R1-Distill-Llama-8B,LoRA-v2,7430,1.0632558139534884,1.3316,8.155425681861722e-05,trainer_state_deepseekv2.json
DeepSeek-R1-Distill-Llama-8B · LoRA-v2,DeepSeek-R1-Distill-Llama-8B,LoRA-v2,7440,1.0646869409660107,1.2805,8.148963007372237e-05,trainer_state_deepseekv2.json
DeepSeek-R1-Distill-Llama-8B · LoRA-v2,DeepSeek-R1-Distill-Llama-8B,LoRA-v2,7450,1.0661180679785331,1.2611,8.142491601932675e-05,trainer_state_deepseekv2.json
DeepSeek-R1-Distill-Llama-8B · LoRA-v2,DeepSeek-R1-Distill-Llama-8B,LoRA-v2,7460,1.0675491949910554,1.3995,8.136011483485937e-05,trainer_state_deepseekv2.json
DeepSeek-R1-Distill-Llama-8B · LoRA-v2,DeepSeek-R1-Distill-Llama-8B,LoRA-v2,7470,1.0689803220035778,1.2569,8.129522669999073e-05,trainer_state_deepseekv2.json
DeepSeek-R1-Distill-Llama-8B · LoRA-v2,DeepSeek-R1-Distill-Llama-8B,LoRA-v2,7480,1.0704114490161,1.3198,8.123025179463245e-05,trainer_state_deepseekv2.json
DeepSeek-R1-Distill-Llama-8B · LoRA-v2,DeepSeek-R1-Distill-Llama-8B,LoRA-v2,7490,1.0718425760286225,1.4756,8.116519029893679e-05,trainer_state_deepseekv2.json
DeepSeek-R1-Distill-Llama-8B · LoRA-v2,DeepSeek-R1-Distill-Llama-8B,LoRA-v2,7500,1.073273703041145,1.4083,8.110004239329602e-05,trainer_state_deepseekv2.json
DeepSeek-R1-Distill-Llama-8B · LoRA-v2,DeepSeek-R1-Distill-Llama-8B,LoRA-v2,7510,1.0747048300536672,1.3149,8.103480825834201e-05,trainer_state_deepseekv2.json
DeepSeek-R1-Distill-Llama-8B · LoRA-v2,DeepSeek-R1-Distill-Llama-8B,LoRA-v2,7520,1.0761359570661897,1.4157,8.096948807494575e-05,trainer_state_deepseekv2.json
DeepSeek-R1-Distill-Llama-8B · LoRA-v2,DeepSeek-R1-Distill-Llama-8B,LoRA-v2,7530,1.077567084078712,1.3199,8.090408202421676e-05,trainer_state_deepseekv2.json
DeepSeek-R1-Distill-Llama-8B · LoRA-v2,DeepSeek-R1-Distill-Llama-8B,LoRA-v2,7540,1.0789982110912344,1.424,8.08385902875027e-05,trainer_state_deepseekv2.json
DeepSeek-R1-Distill-Llama-8B · LoRA-v2,DeepSeek-R1-Distill-Llama-8B,LoRA-v2,7550,1.0804293381037566,1.3448,8.077301304638875e-05,trainer_state_deepseekv2.json
DeepSeek-R1-Distill-Llama-8B · LoRA-v2,DeepSeek-R1-Distill-Llama-8B,LoRA-v2,7560,1.081860465116279,1.3048,8.070735048269717e-05,trainer_state_deepseekv2.json
DeepSeek-R1-Distill-Llama-8B · LoRA-v2,DeepSeek-R1-Distill-Llama-8B,LoRA-v2,7570,1.0832915921288013,1.3305,8.064160277848682e-05,trainer_state_deepseekv2.json
DeepSeek-R1-Distill-Llama-8B · LoRA-v2,DeepSeek-R1-Distill-Llama-8B,LoRA-v2,7580,1.0847227191413238,1.2594,8.057577011605264e-05,trainer_state_deepseekv2.json
DeepSeek-R1-Distill-Llama-8B · LoRA-v2,DeepSeek-R1-Distill-Llama-8B,LoRA-v2,7590,1.0861538461538462,1.2155,8.050985267792504e-05,trainer_state_deepseekv2.json
DeepSeek-R1-Distill-Llama-8B · LoRA-v2,DeepSeek-R1-Distill-Llama-8B,LoRA-v2,7600,1.0875849731663685,1.2327,8.044385064686957e-05,trainer_state_deepseekv2.json
DeepSeek-R1-Distill-Llama-8B · LoRA-v2,DeepSeek-R1-Distill-Llama-8B,LoRA-v2,7610,1.089016100178891,1.4093,8.03777642058863e-05,trainer_state_deepseekv2.json
DeepSeek-R1-Distill-Llama-8B · LoRA-v2,DeepSeek-R1-Distill-Llama-8B,LoRA-v2,7620,1.0904472271914132,1.3685,8.031159353820931e-05,trainer_state_deepseekv2.json
DeepSeek-R1-Distill-Llama-8B · LoRA-v2,DeepSeek-R1-Distill-Llama-8B,LoRA-v2,7630,1.0918783542039356,1.2495,8.024533882730627e-05,trainer_state_deepseekv2.json
DeepSeek-R1-Distill-Llama-8B · LoRA-v2,DeepSeek-R1-Distill-Llama-8B,LoRA-v2,7640,1.0933094812164579,1.3357,8.017900025687782e-05,trainer_state_deepseekv2.json
DeepSeek-R1-Distill-Llama-8B · LoRA-v2,DeepSeek-R1-Distill-Llama-8B,LoRA-v2,7650,1.0947406082289803,1.3934,8.011257801085712e-05,trainer_state_deepseekv2.json
DeepSeek-R1-Distill-Llama-8B · LoRA-v2,DeepSeek-R1-Distill-Llama-8B,LoRA-v2,7660,1.0961717352415028,1.3332,8.004607227340934e-05,trainer_state_deepseekv2.json
DeepSeek-R1-Distill-Llama-8B · LoRA-v2,DeepSeek-R1-Distill-Llama-8B,LoRA-v2,7670,1.097602862254025,1.3292,7.997948322893118e-05,trainer_state_deepseekv2.json
DeepSeek-R1-Distill-Llama-8B · LoRA-v2,DeepSeek-R1-Distill-Llama-8B,LoRA-v2,7680,1.0990339892665475,1.4055,7.991281106205025e-05,trainer_state_deepseekv2.json
DeepSeek-R1-Distill-Llama-8B · LoRA-v2,DeepSeek-R1-Distill-Llama-8B,LoRA-v2,7690,1.1004651162790697,1.3001,7.984605595762466e-05,trainer_state_deepseekv2.json
DeepSeek-R1-Distill-Llama-8B · LoRA-v2,DeepSeek-R1-Distill-Llama-8B,LoRA-v2,7700,1.1018962432915922,1.3057,7.97792181007425e-05,trainer_state_deepseekv2.json
DeepSeek-R1-Distill-Llama-8B · LoRA-v2,DeepSeek-R1-Distill-Llama-8B,LoRA-v2,7710,1.1033273703041144,1.134,7.971229767672128e-05,trainer_state_deepseekv2.json
DeepSeek-R1-Distill-Llama-8B · LoRA-v2,DeepSeek-R1-Distill-Llama-8B,LoRA-v2,7720,1.104758497316637,1.1529,7.964529487110743e-05,trainer_state_deepseekv2.json
DeepSeek-R1-Distill-Llama-8B · LoRA-v2,DeepSeek-R1-Distill-Llama-8B,LoRA-v2,7730,1.1061896243291591,1.3543,7.957820986967581e-05,trainer_state_deepseekv2.json
DeepSeek-R1-Distill-Llama-8B · LoRA-v2,DeepSeek-R1-Distill-Llama-8B,LoRA-v2,7740,1.1076207513416816,1.3486,7.951104285842919e-05,trainer_state_deepseekv2.json
DeepSeek-R1-Distill-Llama-8B · LoRA-v2,DeepSeek-R1-Distill-Llama-8B,LoRA-v2,7750,1.109051878354204,1.3183,7.944379402359768e-05,trainer_state_deepseekv2.json
DeepSeek-R1-Distill-Llama-8B · LoRA-v2,DeepSeek-R1-Distill-Llama-8B,LoRA-v2,7760,1.1104830053667263,1.295,7.937646355163833e-05,trainer_state_deepseekv2.json
DeepSeek-R1-Distill-Llama-8B · LoRA-v2,DeepSeek-R1-Distill-Llama-8B,LoRA-v2,7770,1.1119141323792487,1.3249,7.930905162923445e-05,trainer_state_deepseekv2.json
DeepSeek-R1-Distill-Llama-8B · LoRA-v2,DeepSeek-R1-Distill-Llama-8B,LoRA-v2,7780,1.113345259391771,1.3927,7.924155844329528e-05,trainer_state_deepseekv2.json
DeepSeek-R1-Distill-Llama-8B · LoRA-v2,DeepSeek-R1-Distill-Llama-8B,LoRA-v2,7790,1.1147763864042934,1.2023,7.917398418095529e-05,trainer_state_deepseekv2.json
DeepSeek-R1-Distill-Llama-8B · LoRA-v2,DeepSeek-R1-Distill-Llama-8B,LoRA-v2,7800,1.1162075134168157,1.4269,7.91063290295738e-05,trainer_state_deepseekv2.json
DeepSeek-R1-Distill-Llama-8B · LoRA-v2,DeepSeek-R1-Distill-Llama-8B,LoRA-v2,7810,1.1176386404293381,1.22,7.903859317673436e-05,trainer_state_deepseekv2.json
DeepSeek-R1-Distill-Llama-8B · LoRA-v2,DeepSeek-R1-Distill-Llama-8B,LoRA-v2,7820,1.1190697674418604,1.3762,7.897077681024437e-05,trainer_state_deepseekv2.json
DeepSeek-R1-Distill-Llama-8B · LoRA-v2,DeepSeek-R1-Distill-Llama-8B,LoRA-v2,7830,1.1205008944543828,1.451,7.890288011813432e-05,trainer_state_deepseekv2.json
DeepSeek-R1-Distill-Llama-8B · LoRA-v2,DeepSeek-R1-Distill-Llama-8B,LoRA-v2,7840,1.1219320214669053,1.388,7.883490328865755e-05,trainer_state_deepseekv2.json
DeepSeek-R1-Distill-Llama-8B · LoRA-v2,DeepSeek-R1-Distill-Llama-8B,LoRA-v2,7850,1.1233631484794275,1.4088,7.87668465102895e-05,trainer_state_deepseekv2.json
DeepSeek-R1-Distill-Llama-8B · LoRA-v2,DeepSeek-R1-Distill-Llama-8B,LoRA-v2,7860,1.12479427549195,1.3229,7.869870997172735e-05,trainer_state_deepseekv2.json
DeepSeek-R1-Distill-Llama-8B · LoRA-v2,DeepSeek-R1-Distill-Llama-8B,LoRA-v2,7870,1.1262254025044722,1.3733,7.863049386188938e-05,trainer_state_deepseekv2.json
DeepSeek-R1-Distill-Llama-8B · LoRA-v2,DeepSeek-R1-Distill-Llama-8B,LoRA-v2,7880,1.1276565295169947,1.3014,7.856219836991451e-05,trainer_state_deepseekv2.json
DeepSeek-R1-Distill-Llama-8B · LoRA-v2,DeepSeek-R1-Distill-Llama-8B,LoRA-v2,7890,1.129087656529517,1.3571,7.849382368516174e-05,trainer_state_deepseekv2.json
DeepSeek-R1-Distill-Llama-8B · LoRA-v2,DeepSeek-R1-Distill-Llama-8B,LoRA-v2,7900,1.1305187835420394,1.39,7.842536999720966e-05,trainer_state_deepseekv2.json
DeepSeek-R1-Distill-Llama-8B · LoRA-v2,DeepSeek-R1-Distill-Llama-8B,LoRA-v2,7910,1.1319499105545616,1.3544,7.835683749585593e-05,trainer_state_deepseekv2.json
DeepSeek-R1-Distill-Llama-8B · LoRA-v2,DeepSeek-R1-Distill-Llama-8B,LoRA-v2,7920,1.133381037567084,1.2395,7.828822637111668e-05,trainer_state_deepseekv2.json
DeepSeek-R1-Distill-Llama-8B · LoRA-v2,DeepSeek-R1-Distill-Llama-8B,LoRA-v2,7930,1.1348121645796065,1.3178,7.821953681322606e-05,trainer_state_deepseekv2.json
DeepSeek-R1-Distill-Llama-8B · LoRA-v2,DeepSeek-R1-Distill-Llama-8B,LoRA-v2,7940,1.1362432915921288,1.1446,7.815076901263572e-05,trainer_state_deepseekv2.json
DeepSeek-R1-Distill-Llama-8B · LoRA-v2,DeepSeek-R1-Distill-Llama-8B,LoRA-v2,7950,1.1376744186046512,1.1785,7.808192316001417e-05,trainer_state_deepseekv2.json
DeepSeek-R1-Distill-Llama-8B · LoRA-v2,DeepSeek-R1-Distill-Llama-8B,LoRA-v2,7960,1.1391055456171735,1.2719,7.801299944624641e-05,trainer_state_deepseekv2.json
DeepSeek-R1-Distill-Llama-8B · LoRA-v2,DeepSeek-R1-Distill-Llama-8B,LoRA-v2,7970,1.140536672629696,1.4112,7.794399806243327e-05,trainer_state_deepseekv2.json
DeepSeek-R1-Distill-Llama-8B · LoRA-v2,DeepSeek-R1-Distill-Llama-8B,LoRA-v2,7980,1.1419677996422182,1.1665,7.787491919989099e-05,trainer_state_deepseekv2.json
DeepSeek-R1-Distill-Llama-8B · LoRA-v2,DeepSeek-R1-Distill-Llama-8B,LoRA-v2,7990,1.1433989266547406,1.2451,7.780576305015055e-05,trainer_state_deepseekv2.json
DeepSeek-R1-Distill-Llama-8B · LoRA-v2,DeepSeek-R1-Distill-Llama-8B,LoRA-v2,8000,1.1448300536672629,1.368,7.773652980495726e-05,trainer_state_deepseekv2.json
DeepSeek-R1-Distill-Llama-8B · LoRA-v2,DeepSeek-R1-Distill-Llama-8B,LoRA-v2,8010,1.1462611806797853,1.2228,7.766721965627022e-05,trainer_state_deepseekv2.json
DeepSeek-R1-Distill-Llama-8B · LoRA-v2,DeepSeek-R1-Distill-Llama-8B,LoRA-v2,8020,1.1476923076923078,1.3283,7.75978327962617e-05,trainer_state_deepseekv2.json
DeepSeek-R1-Distill-Llama-8B · LoRA-v2,DeepSeek-R1-Distill-Llama-8B,LoRA-v2,8030,1.14912343470483,1.3598,7.752836941731669e-05,trainer_state_deepseekv2.json
DeepSeek-R1-Distill-Llama-8B · LoRA-v2,DeepSeek-R1-Distill-Llama-8B,LoRA-v2,8040,1.1505545617173525,1.3072,7.745882971203236e-05,trainer_state_deepseekv2.json
DeepSeek-R1-Distill-Llama-8B · LoRA-v2,DeepSeek-R1-Distill-Llama-8B,LoRA-v2,8050,1.1519856887298747,1.2615,7.738921387321748e-05,trainer_state_deepseekv2.json
DeepSeek-R1-Distill-Llama-8B · LoRA-v2,DeepSeek-R1-Distill-Llama-8B,LoRA-v2,8060,1.1534168157423972,1.288,7.731952209389186e-05,trainer_state_deepseekv2.json
DeepSeek-R1-Distill-Llama-8B · LoRA-v2,DeepSeek-R1-Distill-Llama-8B,LoRA-v2,8070,1.1548479427549194,1.4328,7.724975456728598e-05,trainer_state_deepseekv2.json
DeepSeek-R1-Distill-Llama-8B · LoRA-v2,DeepSeek-R1-Distill-Llama-8B,LoRA-v2,8080,1.1562790697674419,1.4032,7.717991148684027e-05,trainer_state_deepseekv2.json
DeepSeek-R1-Distill-Llama-8B · LoRA-v2,DeepSeek-R1-Distill-Llama-8B,LoRA-v2,8090,1.1577101967799641,1.3004,7.710999304620466e-05,trainer_state_deepseekv2.json
DeepSeek-R1-Distill-Llama-8B · LoRA-v2,DeepSeek-R1-Distill-Llama-8B,LoRA-v2,8100,1.1591413237924866,1.3372,7.703999943923797e-05,trainer_state_deepseekv2.json
DeepSeek-R1-Distill-Llama-8B · LoRA-v2,DeepSeek-R1-Distill-Llama-8B,LoRA-v2,8110,1.160572450805009,1.2774,7.696993086000754e-05,trainer_state_deepseekv2.json
DeepSeek-R1-Distill-Llama-8B · LoRA-v2,DeepSeek-R1-Distill-Llama-8B,LoRA-v2,8120,1.1620035778175313,1.3143,7.68997875027885e-05,trainer_state_deepseekv2.json
DeepSeek-R1-Distill-Llama-8B · LoRA-v2,DeepSeek-R1-Distill-Llama-8B,LoRA-v2,8130,1.1634347048300537,1.3584,7.682956956206336e-05,trainer_state_deepseekv2.json
DeepSeek-R1-Distill-Llama-8B · LoRA-v2,DeepSeek-R1-Distill-Llama-8B,LoRA-v2,8140,1.164865831842576,1.313,7.675927723252134e-05,trainer_state_deepseekv2.json
DeepSeek-R1-Distill-Llama-8B · LoRA-v2,DeepSeek-R1-Distill-Llama-8B,LoRA-v2,8150,1.1662969588550984,1.2952,7.668891070905803e-05,trainer_state_deepseekv2.json
DeepSeek-R1-Distill-Llama-8B · LoRA-v2,DeepSeek-R1-Distill-Llama-8B,LoRA-v2,8160,1.1677280858676207,1.3255,7.661847018677464e-05,trainer_state_deepseekv2.json
DeepSeek-R1-Distill-Llama-8B · LoRA-v2,DeepSeek-R1-Distill-Llama-8B,LoRA-v2,8170,1.1691592128801431,1.4459,7.65479558609776e-05,trainer_state_deepseekv2.json
DeepSeek-R1-Distill-Llama-8B · LoRA-v2,DeepSeek-R1-Distill-Llama-8B,LoRA-v2,8180,1.1705903398926654,1.3329,7.647736792717796e-05,trainer_state_deepseekv2.json
DeepSeek-R1-Distill-Llama-8B · LoRA-v2,DeepSeek-R1-Distill-Llama-8B,LoRA-v2,8190,1.1720214669051878,1.2202,7.640670658109085e-05,trainer_state_deepseekv2.json
DeepSeek-R1-Distill-Llama-8B · LoRA-v2,DeepSeek-R1-Distill-Llama-8B,LoRA-v2,8200,1.1734525939177103,1.1828,7.633597201863495e-05,trainer_state_deepseekv2.json
DeepSeek-R1-Distill-Llama-8B · LoRA-v2,DeepSeek-R1-Distill-Llama-8B,LoRA-v2,8210,1.1748837209302325,1.4576,7.626516443593197e-05,trainer_state_deepseekv2.json
DeepSeek-R1-Distill-Llama-8B · LoRA-v2,DeepSeek-R1-Distill-Llama-8B,LoRA-v2,8220,1.176314847942755,1.303,7.619428402930601e-05,trainer_state_deepseekv2.json
DeepSeek-R1-Distill-Llama-8B · LoRA-v2,DeepSeek-R1-Distill-Llama-8B,LoRA-v2,8230,1.1777459749552772,1.2818,7.612333099528319e-05,trainer_state_deepseekv2.json
DeepSeek-R1-Distill-Llama-8B · LoRA-v2,DeepSeek-R1-Distill-Llama-8B,LoRA-v2,8240,1.1791771019677997,1.4556,7.60523055305909e-05,trainer_state_deepseekv2.json
DeepSeek-R1-Distill-Llama-8B · LoRA-v2,DeepSeek-R1-Distill-Llama-8B,LoRA-v2,8250,1.180608228980322,1.4331,7.598120783215738e-05,trainer_state_deepseekv2.json
DeepSeek-R1-Distill-Llama-8B · LoRA-v2,DeepSeek-R1-Distill-Llama-8B,LoRA-v2,8260,1.1820393559928444,1.2861,7.59100380971112e-05,trainer_state_deepseekv2.json
DeepSeek-R1-Distill-Llama-8B · LoRA-v2,DeepSeek-R1-Distill-Llama-8B,LoRA-v2,8270,1.1834704830053666,1.2869,7.583879652278058e-05,trainer_state_deepseekv2.json
DeepSeek-R1-Distill-Llama-8B · LoRA-v2,DeepSeek-R1-Distill-Llama-8B,LoRA-v2,8280,1.184901610017889,1.4836,7.576748330669303e-05,trainer_state_deepseekv2.json
DeepSeek-R1-Distill-Llama-8B · LoRA-v2,DeepSeek-R1-Distill-Llama-8B,LoRA-v2,8290,1.1863327370304115,1.2457,7.569609864657458e-05,trainer_state_deepseekv2.json
DeepSeek-R1-Distill-Llama-8B · LoRA-v2,DeepSeek-R1-Distill-Llama-8B,LoRA-v2,8300,1.1877638640429338,1.3145,7.562464274034943e-05,trainer_state_deepseekv2.json
DeepSeek-R1-Distill-Llama-8B · LoRA-v2,DeepSeek-R1-Distill-Llama-8B,LoRA-v2,8310,1.1891949910554562,1.302,7.55531157861393e-05,trainer_state_deepseekv2.json
DeepSeek-R1-Distill-Llama-8B · LoRA-v2,DeepSeek-R1-Distill-Llama-8B,LoRA-v2,8320,1.1906261180679785,1.4196,7.548151798226287e-05,trainer_state_deepseekv2.json
DeepSeek-R1-Distill-Llama-8B · LoRA-v2,DeepSeek-R1-Distill-Llama-8B,LoRA-v2,8330,1.192057245080501,1.2975,7.540984952723531e-05,trainer_state_deepseekv2.json
DeepSeek-R1-Distill-Llama-8B · LoRA-v2,DeepSeek-R1-Distill-Llama-8B,LoRA-v2,8340,1.1934883720930232,1.3643,7.533811061976763e-05,trainer_state_deepseekv2.json
DeepSeek-R1-Distill-Llama-8B · LoRA-v2,DeepSeek-R1-Distill-Llama-8B,LoRA-v2,8350,1.1949194991055456,1.3004,7.526630145876626e-05,trainer_state_deepseekv2.json
DeepSeek-R1-Distill-Llama-8B · LoRA-v2,DeepSeek-R1-Distill-Llama-8B,LoRA-v2,8360,1.1963506261180679,1.3448,7.519442224333228e-05,trainer_state_deepseekv2.json
DeepSeek-R1-Distill-Llama-8B · LoRA-v2,DeepSeek-R1-Distill-Llama-8B,LoRA-v2,8370,1.1977817531305903,1.2738,7.512247317276118e-05,trainer_state_deepseekv2.json
DeepSeek-R1-Distill-Llama-8B · LoRA-v2,DeepSeek-R1-Distill-Llama-8B,LoRA-v2,8380,1.1992128801431128,1.505,7.505045444654196e-05,trainer_state_deepseekv2.json
DeepSeek-R1-Distill-Llama-8B · LoRA-v2,DeepSeek-R1-Distill-Llama-8B,LoRA-v2,8390,1.200644007155635,1.3653,7.49783662643569e-05,trainer_state_deepseekv2.json
DeepSeek-R1-Distill-Llama-8B · LoRA-v2,DeepSeek-R1-Distill-Llama-8B,LoRA-v2,8400,1.2020751341681575,1.3949,7.490620882608075e-05,trainer_state_deepseekv2.json
DeepSeek-R1-Distill-Llama-8B · LoRA-v2,DeepSeek-R1-Distill-Llama-8B,LoRA-v2,8410,1.2035062611806797,1.3924,7.483398233178035e-05,trainer_state_deepseekv2.json
DeepSeek-R1-Distill-Llama-8B · LoRA-v2,DeepSeek-R1-Distill-Llama-8B,LoRA-v2,8420,1.2049373881932022,1.286,7.476168698171396e-05,trainer_state_deepseekv2.json
DeepSeek-R1-Distill-Llama-8B · LoRA-v2,DeepSeek-R1-Distill-Llama-8B,LoRA-v2,8430,1.2063685152057244,1.2752,7.468932297633078e-05,trainer_state_deepseekv2.json
DeepSeek-R1-Distill-Llama-8B · LoRA-v2,DeepSeek-R1-Distill-Llama-8B,LoRA-v2,8440,1.2077996422182469,1.2879,7.461689051627035e-05,trainer_state_deepseekv2.json
DeepSeek-R1-Distill-Llama-8B · LoRA-v2,DeepSeek-R1-Distill-Llama-8B,LoRA-v2,8450,1.209230769230769,1.2827,7.454438980236203e-05,trainer_state_deepseekv2.json
DeepSeek-R1-Distill-Llama-8B · LoRA-v2,DeepSeek-R1-Distill-Llama-8B,LoRA-v2,8460,1.2106618962432916,1.1593,7.447182103562441e-05,trainer_state_deepseekv2.json
DeepSeek-R1-Distill-Llama-8B · LoRA-v2,DeepSeek-R1-Distill-Llama-8B,LoRA-v2,8470,1.212093023255814,1.2965,7.439918441726477e-05,trainer_state_deepseekv2.json
DeepSeek-R1-Distill-Llama-8B · LoRA-v2,DeepSeek-R1-Distill-Llama-8B,LoRA-v2,8480,1.2135241502683363,1.4101,7.432648014867851e-05,trainer_state_deepseekv2.json
DeepSeek-R1-Distill-Llama-8B · LoRA-v2,DeepSeek-R1-Distill-Llama-8B,LoRA-v2,8490,1.2149552772808587,1.3307,7.425370843144863e-05,trainer_state_deepseekv2.json
DeepSeek-R1-Distill-Llama-8B · LoRA-v2,DeepSeek-R1-Distill-Llama-8B,LoRA-v2,8500,1.216386404293381,1.5484,7.418086946734511e-05,trainer_state_deepseekv2.json
DeepSeek-R1-Distill-Llama-8B · LoRA-v2,DeepSeek-R1-Distill-Llama-8B,LoRA-v2,8510,1.2178175313059034,1.3103,7.410796345832435e-05,trainer_state_deepseekv2.json
DeepSeek-R1-Distill-Llama-8B · LoRA-v2,DeepSeek-R1-Distill-Llama-8B,LoRA-v2,8520,1.2192486583184259,1.2901,7.403499060652875e-05,trainer_state_deepseekv2.json
DeepSeek-R1-Distill-Llama-8B · LoRA-v2,DeepSeek-R1-Distill-Llama-8B,LoRA-v2,8530,1.2206797853309481,1.2682,7.396195111428593e-05,trainer_state_deepseekv2.json
DeepSeek-R1-Distill-Llama-8B · LoRA-v2,DeepSeek-R1-Distill-Llama-8B,LoRA-v2,8540,1.2221109123434706,1.3642,7.388884518410831e-05,trainer_state_deepseekv2.json
DeepSeek-R1-Distill-Llama-8B · LoRA-v2,DeepSeek-R1-Distill-Llama-8B,LoRA-v2,8550,1.2235420393559928,1.3728,7.381567301869257e-05,trainer_state_deepseekv2.json
DeepSeek-R1-Distill-Llama-8B · LoRA-v2,DeepSeek-R1-Distill-Llama-8B,LoRA-v2,8560,1.2249731663685153,1.3071,7.374243482091898e-05,trainer_state_deepseekv2.json
DeepSeek-R1-Distill-Llama-8B · LoRA-v2,DeepSeek-R1-Distill-Llama-8B,LoRA-v2,8570,1.2264042933810375,1.387,7.366913079385092e-05,trainer_state_deepseekv2.json
DeepSeek-R1-Distill-Llama-8B · LoRA-v2,DeepSeek-R1-Distill-Llama-8B,LoRA-v2,8580,1.22783542039356,1.2541,7.359576114073426e-05,trainer_state_deepseekv2.json
DeepSeek-R1-Distill-Llama-8B · LoRA-v2,DeepSeek-R1-Distill-Llama-8B,LoRA-v2,8590,1.2292665474060822,1.207,7.35223260649969e-05,trainer_state_deepseekv2.json
DeepSeek-R1-Distill-Llama-8B · LoRA-v2,DeepSeek-R1-Distill-Llama-8B,LoRA-v2,8600,1.2306976744186047,1.2679,7.344882577024802e-05,trainer_state_deepseekv2.json
DeepSeek-R1-Distill-Llama-8B · LoRA-v2,DeepSeek-R1-Distill-Llama-8B,LoRA-v2,8610,1.2321288014311271,1.1492,7.337526046027776e-05,trainer_state_deepseekv2.json
DeepSeek-R1-Distill-Llama-8B · LoRA-v2,DeepSeek-R1-Distill-Llama-8B,LoRA-v2,8620,1.2335599284436494,1.3549,7.330163033905639e-05,trainer_state_deepseekv2.json
DeepSeek-R1-Distill-Llama-8B · LoRA-v2,DeepSeek-R1-Distill-Llama-8B,LoRA-v2,8630,1.2349910554561718,1.385,7.322793561073401e-05,trainer_state_deepseekv2.json
DeepSeek-R1-Distill-Llama-8B · LoRA-v2,DeepSeek-R1-Distill-Llama-8B,LoRA-v2,8640,1.236422182468694,1.3061,7.315417647963975e-05,trainer_state_deepseekv2.json
DeepSeek-R1-Distill-Llama-8B · LoRA-v2,DeepSeek-R1-Distill-Llama-8B,LoRA-v2,8650,1.2378533094812165,1.4252,7.308035315028137e-05,trainer_state_deepseekv2.json
DeepSeek-R1-Distill-Llama-8B · LoRA-v2,DeepSeek-R1-Distill-Llama-8B,LoRA-v2,8660,1.2392844364937388,1.4541,7.300646582734456e-05,trainer_state_deepseekv2.json
DeepSeek-R1-Distill-Llama-8B · LoRA-v2,DeepSeek-R1-Distill-Llama-8B,LoRA-v2,8670,1.2407155635062612,1.3408,7.293251471569254e-05,trainer_state_deepseekv2.json
DeepSeek-R1-Distill-Llama-8B · LoRA-v2,DeepSeek-R1-Distill-Llama-8B,LoRA-v2,8680,1.2421466905187835,1.3857,7.285850002036531e-05,trainer_state_deepseekv2.json
DeepSeek-R1-Distill-Llama-8B · LoRA-v2,DeepSeek-R1-Distill-Llama-8B,LoRA-v2,8690,1.243577817531306,1.2371,7.27844219465792e-05,trainer_state_deepseekv2.json
DeepSeek-R1-Distill-Llama-8B · LoRA-v2,DeepSeek-R1-Distill-Llama-8B,LoRA-v2,8700,1.2450089445438284,1.4071,7.271028069972623e-05,trainer_state_deepseekv2.json
DeepSeek-R1-Distill-Llama-8B · LoRA-v2,DeepSeek-R1-Distill-Llama-8B,LoRA-v2,8710,1.2464400715563506,1.2579,7.263607648537364e-05,trainer_state_deepseekv2.json
DeepSeek-R1-Distill-Llama-8B · LoRA-v2,DeepSeek-R1-Distill-Llama-8B,LoRA-v2,8720,1.247871198568873,1.4411,7.256180950926322e-05,trainer_state_deepseekv2.json
DeepSeek-R1-Distill-Llama-8B · LoRA-v2,DeepSeek-R1-Distill-Llama-8B,LoRA-v2,8730,1.2493023255813953,1.3954,7.248747997731077e-05,trainer_state_deepseekv2.json
DeepSeek-R1-Distill-Llama-8B · LoRA-v2,DeepSeek-R1-Distill-Llama-8B,LoRA-v2,8740,1.2507334525939178,1.3074,7.241308809560552e-05,trainer_state_deepseekv2.json
DeepSeek-R1-Distill-Llama-8B · LoRA-v2,DeepSeek-R1-Distill-Llama-8B,LoRA-v2,8750,1.25216457960644,1.3044,7.233863407040965e-05,trainer_state_deepseekv2.json
DeepSeek-R1-Distill-Llama-8B · LoRA-v2,DeepSeek-R1-Distill-Llama-8B,LoRA-v2,8760,1.2535957066189625,1.4088,7.226411810815753e-05,trainer_state_deepseekv2.json
DeepSeek-R1-Distill-Llama-8B · LoRA-v2,DeepSeek-R1-Distill-Llama-8B,LoRA-v2,8770,1.2550268336314847,1.3682,7.218954041545536e-05,trainer_state_deepseekv2.json
DeepSeek-R1-Distill-Llama-8B · LoRA-v2,DeepSeek-R1-Distill-Llama-8B,LoRA-v2,8780,1.2564579606440072,1.3756,7.211490119908042e-05,trainer_state_deepseekv2.json
DeepSeek-R1-Distill-Llama-8B · LoRA-v2,DeepSeek-R1-Distill-Llama-8B,LoRA-v2,8790,1.2578890876565296,1.3428,7.204020066598064e-05,trainer_state_deepseekv2.json
DeepSeek-R1-Distill-Llama-8B · LoRA-v2,DeepSeek-R1-Distill-Llama-8B,LoRA-v2,8800,1.2593202146690519,1.1475,7.196543902327389e-05,trainer_state_deepseekv2.json
DeepSeek-R1-Distill-Llama-8B · LoRA-v2,DeepSeek-R1-Distill-Llama-8B,LoRA-v2,8810,1.2607513416815743,1.3944,7.189061647824755e-05,trainer_state_deepseekv2.json
DeepSeek-R1-Distill-Llama-8B · LoRA-v2,DeepSeek-R1-Distill-Llama-8B,LoRA-v2,8820,1.2621824686940966,1.3512,7.181573323835778e-05,trainer_state_deepseekv2.json
DeepSeek-R1-Distill-Llama-8B · LoRA-v2,DeepSeek-R1-Distill-Llama-8B,LoRA-v2,8830,1.263613595706619,1.2826,7.174078951122914e-05,trainer_state_deepseekv2.json
DeepSeek-R1-Distill-Llama-8B · LoRA-v2,DeepSeek-R1-Distill-Llama-8B,LoRA-v2,8840,1.2650447227191413,1.2174,7.166578550465373e-05,trainer_state_deepseekv2.json
DeepSeek-R1-Distill-Llama-8B · LoRA-v2,DeepSeek-R1-Distill-Llama-8B,LoRA-v2,8850,1.2664758497316637,1.3147,7.159072142659094e-05,trainer_state_deepseekv2.json
DeepSeek-R1-Distill-Llama-8B · LoRA-v2,DeepSeek-R1-Distill-Llama-8B,LoRA-v2,8860,1.267906976744186,1.1736,7.151559748516664e-05,trainer_state_deepseekv2.json
DeepSeek-R1-Distill-Llama-8B · LoRA-v2,DeepSeek-R1-Distill-Llama-8B,LoRA-v2,8870,1.2693381037567084,1.4271,7.14404138886727e-05,trainer_state_deepseekv2.json
DeepSeek-R1-Distill-Llama-8B · LoRA-v2,DeepSeek-R1-Distill-Llama-8B,LoRA-v2,8880,1.2707692307692309,1.1866,7.136517084556639e-05,trainer_state_deepseekv2.json
DeepSeek-R1-Distill-Llama-8B · LoRA-v2,DeepSeek-R1-Distill-Llama-8B,LoRA-v2,8890,1.272200357781753,1.2765,7.128986856446979e-05,trainer_state_deepseekv2.json
DeepSeek-R1-Distill-Llama-8B · LoRA-v2,DeepSeek-R1-Distill-Llama-8B,LoRA-v2,8900,1.2736314847942756,1.2759,7.121450725416928e-05,trainer_state_deepseekv2.json
DeepSeek-R1-Distill-Llama-8B · LoRA-v2,DeepSeek-R1-Distill-Llama-8B,LoRA-v2,8910,1.2750626118067978,1.2239,7.113908712361481e-05,trainer_state_deepseekv2.json
DeepSeek-R1-Distill-Llama-8B · LoRA-v2,DeepSeek-R1-Distill-Llama-8B,LoRA-v2,8920,1.2764937388193203,1.2663,7.10636083819195e-05,trainer_state_deepseekv2.json
DeepSeek-R1-Distill-Llama-8B · LoRA-v2,DeepSeek-R1-Distill-Llama-8B,LoRA-v2,8930,1.2779248658318425,1.2216,7.098807123835895e-05,trainer_state_deepseekv2.json
DeepSeek-R1-Distill-Llama-8B · LoRA-v2,DeepSeek-R1-Distill-Llama-8B,LoRA-v2,8940,1.279355992844365,1.2683,7.09124759023707e-05,trainer_state_deepseekv2.json
DeepSeek-R1-Distill-Llama-8B · LoRA-v2,DeepSeek-R1-Distill-Llama-8B,LoRA-v2,8950,1.2807871198568872,1.1681,7.083682258355361e-05,trainer_state_deepseekv2.json
DeepSeek-R1-Distill-Llama-8B · LoRA-v2,DeepSeek-R1-Distill-Llama-8B,LoRA-v2,8960,1.2822182468694097,1.3082,7.076111149166731e-05,trainer_state_deepseekv2.json
DeepSeek-R1-Distill-Llama-8B · LoRA-v2,DeepSeek-R1-Distill-Llama-8B,LoRA-v2,8970,1.2836493738819321,1.3035,7.068534283663165e-05,trainer_state_deepseekv2.json
DeepSeek-R1-Distill-Llama-8B · LoRA-v2,DeepSeek-R1-Distill-Llama-8B,LoRA-v2,8980,1.2850805008944544,1.2757,7.060951682852605e-05,trainer_state_deepseekv2.json
DeepSeek-R1-Distill-Llama-8B · LoRA-v2,DeepSeek-R1-Distill-Llama-8B,LoRA-v2,8990,1.2865116279069768,1.2596,7.053363367758895e-05,trainer_state_deepseekv2.json
DeepSeek-R1-Distill-Llama-8B · LoRA-v2,DeepSeek-R1-Distill-Llama-8B,LoRA-v2,9000,1.287942754919499,1.2698,7.045769359421722e-05,trainer_state_deepseekv2.json
DeepSeek-R1-Distill-Llama-8B · LoRA-v2,DeepSeek-R1-Distill-Llama-8B,LoRA-v2,9010,1.2893738819320215,1.2121,7.038169678896564e-05,trainer_state_deepseekv2.json
DeepSeek-R1-Distill-Llama-8B · LoRA-v2,DeepSeek-R1-Distill-Llama-8B,LoRA-v2,9020,1.2908050089445438,1.3102,7.030564347254617e-05,trainer_state_deepseekv2.json
DeepSeek-R1-Distill-Llama-8B · LoRA-v2,DeepSeek-R1-Distill-Llama-8B,LoRA-v2,9030,1.2922361359570662,1.4114,7.022953385582753e-05,trainer_state_deepseekv2.json
DeepSeek-R1-Distill-Llama-8B · LoRA-v2,DeepSeek-R1-Distill-Llama-8B,LoRA-v2,9040,1.2936672629695884,1.2934,7.015336814983449e-05,trainer_state_deepseekv2.json
DeepSeek-R1-Distill-Llama-8B · LoRA-v2,DeepSeek-R1-Distill-Llama-8B,LoRA-v2,9050,1.295098389982111,1.1917,7.007714656574739e-05,trainer_state_deepseekv2.json
DeepSeek-R1-Distill-Llama-8B · LoRA-v2,DeepSeek-R1-Distill-Llama-8B,LoRA-v2,9060,1.2965295169946334,1.3981,7.000086931490142e-05,trainer_state_deepseekv2.json
DeepSeek-R1-Distill-Llama-8B · LoRA-v2,DeepSeek-R1-Distill-Llama-8B,LoRA-v2,9070,1.2979606440071556,1.3233,6.99245366087862e-05,trainer_state_deepseekv2.json
DeepSeek-R1-Distill-Llama-8B · LoRA-v2,DeepSeek-R1-Distill-Llama-8B,LoRA-v2,9080,1.299391771019678,1.1513,6.984814865904505e-05,trainer_state_deepseekv2.json
DeepSeek-R1-Distill-Llama-8B · LoRA-v2,DeepSeek-R1-Distill-Llama-8B,LoRA-v2,9090,1.3008228980322003,1.3177,6.977170567747452e-05,trainer_state_deepseekv2.json
DeepSeek-R1-Distill-Llama-8B · LoRA-v2,DeepSeek-R1-Distill-Llama-8B,LoRA-v2,9100,1.3022540250447228,1.3217,6.969520787602365e-05,trainer_state_deepseekv2.json
DeepSeek-R1-Distill-Llama-8B · LoRA-v2,DeepSeek-R1-Distill-Llama-8B,LoRA-v2,9110,1.303685152057245,1.3193,6.961865546679356e-05,trainer_state_deepseekv2.json
DeepSeek-R1-Distill-Llama-8B · LoRA-v2,DeepSeek-R1-Distill-Llama-8B,LoRA-v2,9120,1.3051162790697675,1.3098,6.954204866203673e-05,trainer_state_deepseekv2.json
DeepSeek-R1-Distill-Llama-8B · LoRA-v2,DeepSeek-R1-Distill-Llama-8B,LoRA-v2,9130,1.3065474060822897,1.3893,6.946538767415649e-05,trainer_state_deepseekv2.json
DeepSeek-R1-Distill-Llama-8B · LoRA-v2,DeepSeek-R1-Distill-Llama-8B,LoRA-v2,9140,1.3079785330948122,1.2059,6.938867271570638e-05,trainer_state_deepseekv2.json
DeepSeek-R1-Distill-Llama-8B · LoRA-v2,DeepSeek-R1-Distill-Llama-8B,LoRA-v2,9150,1.3094096601073346,1.291,6.93119039993896e-05,trainer_state_deepseekv2.json
DeepSeek-R1-Distill-Llama-8B · LoRA-v2,DeepSeek-R1-Distill-Llama-8B,LoRA-v2,9160,1.3108407871198569,1.344,6.923508173805838e-05,trainer_state_deepseekv2.json
DeepSeek-R1-Distill-Llama-8B · LoRA-v2,DeepSeek-R1-Distill-Llama-8B,LoRA-v2,9170,1.3122719141323793,1.2704,6.915820614471343e-05,trainer_state_deepseekv2.json
DeepSeek-R1-Distill-Llama-8B · LoRA-v2,DeepSeek-R1-Distill-Llama-8B,LoRA-v2,9180,1.3137030411449016,1.316,6.90812774325033e-05,trainer_state_deepseekv2.json
DeepSeek-R1-Distill-Llama-8B · LoRA-v2,DeepSeek-R1-Distill-Llama-8B,LoRA-v2,9190,1.315134168157424,1.396,6.900429581472388e-05,trainer_state_deepseekv2.json
DeepSeek-R1-Distill-Llama-8B · LoRA-v2,DeepSeek-R1-Distill-Llama-8B,LoRA-v2,9200,1.3165652951699465,1.2826,6.892726150481768e-05,trainer_state_deepseekv2.json
DeepSeek-R1-Distill-Llama-8B · LoRA-v2,DeepSeek-R1-Distill-Llama-8B,LoRA-v2,9210,1.3179964221824687,1.3721,6.885017471637333e-05,trainer_state_deepseekv2.json
DeepSeek-R1-Distill-Llama-8B · LoRA-v2,DeepSeek-R1-Distill-Llama-8B,LoRA-v2,9220,1.319427549194991,1.3476,6.877303566312499e-05,trainer_state_deepseekv2.json
DeepSeek-R1-Distill-Llama-8B · LoRA-v2,DeepSeek-R1-Distill-Llama-8B,LoRA-v2,9230,1.3208586762075134,1.3415,6.869584455895171e-05,trainer_state_deepseekv2.json
DeepSeek-R1-Distill-Llama-8B · LoRA-v2,DeepSeek-R1-Distill-Llama-8B,LoRA-v2,9240,1.3222898032200359,1.3755,6.861860161787684e-05,trainer_state_deepseekv2.json
DeepSeek-R1-Distill-Llama-8B · LoRA-v2,DeepSeek-R1-Distill-Llama-8B,LoRA-v2,9250,1.323720930232558,1.2567,6.854130705406751e-05,trainer_state_deepseekv2.json
DeepSeek-R1-Distill-Llama-8B · LoRA-v2,DeepSeek-R1-Distill-Llama-8B,LoRA-v2,9260,1.3251520572450806,1.2042,6.84639610818339e-05,trainer_state_deepseekv2.json
DeepSeek-R1-Distill-Llama-8B · LoRA-v2,DeepSeek-R1-Distill-Llama-8B,LoRA-v2,9270,1.3265831842576028,1.289,6.838656391562884e-05,trainer_state_deepseekv2.json
DeepSeek-R1-Distill-Llama-8B · LoRA-v2,DeepSeek-R1-Distill-Llama-8B,LoRA-v2,9280,1.3280143112701253,1.2494,6.830911577004698e-05,trainer_state_deepseekv2.json
DeepSeek-R1-Distill-Llama-8B · LoRA-v2,DeepSeek-R1-Distill-Llama-8B,LoRA-v2,9290,1.3294454382826477,1.3567,6.82316168598244e-05,trainer_state_deepseekv2.json
DeepSeek-R1-Distill-Llama-8B · LoRA-v2,DeepSeek-R1-Distill-Llama-8B,LoRA-v2,9300,1.33087656529517,1.4312,6.815406739983789e-05,trainer_state_deepseekv2.json
DeepSeek-R1-Distill-Llama-8B · LoRA-v2,DeepSeek-R1-Distill-Llama-8B,LoRA-v2,9310,1.3323076923076922,1.4844,6.807646760510446e-05,trainer_state_deepseekv2.json
DeepSeek-R1-Distill-Llama-8B · LoRA-v2,DeepSeek-R1-Distill-Llama-8B,LoRA-v2,9320,1.3337388193202147,1.3559,6.799881769078057e-05,trainer_state_deepseekv2.json
DeepSeek-R1-Distill-Llama-8B · LoRA-v2,DeepSeek-R1-Distill-Llama-8B,LoRA-v2,9330,1.3351699463327371,1.3331,6.792111787216174e-05,trainer_state_deepseekv2.json
DeepSeek-R1-Distill-Llama-8B · LoRA-v2,DeepSeek-R1-Distill-Llama-8B,LoRA-v2,9340,1.3366010733452593,1.2492,6.784336836468182e-05,trainer_state_deepseekv2.json
DeepSeek-R1-Distill-Llama-8B · LoRA-v2,DeepSeek-R1-Distill-Llama-8B,LoRA-v2,9350,1.3380322003577818,1.2586,6.776556938391245e-05,trainer_state_deepseekv2.json
DeepSeek-R1-Distill-Llama-8B · LoRA-v2,DeepSeek-R1-Distill-Llama-8B,LoRA-v2,9360,1.339463327370304,1.3562,6.768772114556239e-05,trainer_state_deepseekv2.json
DeepSeek-R1-Distill-Llama-8B · LoRA-v2,DeepSeek-R1-Distill-Llama-8B,LoRA-v2,9370,1.3408944543828265,1.339,6.760982386547703e-05,trainer_state_deepseekv2.json
DeepSeek-R1-Distill-Llama-8B · LoRA-v2,DeepSeek-R1-Distill-Llama-8B,LoRA-v2,9380,1.342325581395349,1.3363,6.753187775963773e-05,trainer_state_deepseekv2.json
DeepSeek-R1-Distill-Llama-8B · LoRA-v2,DeepSeek-R1-Distill-Llama-8B,LoRA-v2,9390,1.3437567084078712,1.2853,6.745388304416118e-05,trainer_state_deepseekv2.json
DeepSeek-R1-Distill-Llama-8B · LoRA-v2,DeepSeek-R1-Distill-Llama-8B,LoRA-v2,9400,1.3451878354203934,1.3087,6.73758399352989e-05,trainer_state_deepseekv2.json
DeepSeek-R1-Distill-Llama-8B · LoRA-v2,DeepSeek-R1-Distill-Llama-8B,LoRA-v2,9410,1.346618962432916,1.3043,6.729774864943654e-05,trainer_state_deepseekv2.json
DeepSeek-R1-Distill-Llama-8B · LoRA-v2,DeepSeek-R1-Distill-Llama-8B,LoRA-v2,9420,1.3480500894454384,1.3128,6.721960940309338e-05,trainer_state_deepseekv2.json
DeepSeek-R1-Distill-Llama-8B · LoRA-v2,DeepSeek-R1-Distill-Llama-8B,LoRA-v2,9430,1.3494812164579606,1.3983,6.714142241292164e-05,trainer_state_deepseekv2.json
DeepSeek-R1-Distill-Llama-8B · LoRA-v2,DeepSeek-R1-Distill-Llama-8B,LoRA-v2,9440,1.350912343470483,1.3891,6.706318789570593e-05,trainer_state_deepseekv2.json
DeepSeek-R1-Distill-Llama-8B · LoRA-v2,DeepSeek-R1-Distill-Llama-8B,LoRA-v2,9450,1.3523434704830053,1.2868,6.698490606836264e-05,trainer_state_deepseekv2.json
DeepSeek-R1-Distill-Llama-8B · LoRA-v2,DeepSeek-R1-Distill-Llama-8B,LoRA-v2,9460,1.3537745974955278,1.2639,6.69065771479393e-05,trainer_state_deepseekv2.json
DeepSeek-R1-Distill-Llama-8B · LoRA-v2,DeepSeek-R1-Distill-Llama-8B,LoRA-v2,9470,1.3552057245080502,1.2669,6.682820135161406e-05,trainer_state_deepseekv2.json
DeepSeek-R1-Distill-Llama-8B · LoRA-v2,DeepSeek-R1-Distill-Llama-8B,LoRA-v2,9480,1.3566368515205725,1.3999,6.6749778896695e-05,trainer_state_deepseekv2.json
DeepSeek-R1-Distill-Llama-8B · LoRA-v2,DeepSeek-R1-Distill-Llama-8B,LoRA-v2,9490,1.3580679785330947,1.1676,6.667131000061963e-05,trainer_state_deepseekv2.json
DeepSeek-R1-Distill-Llama-8B · LoRA-v2,DeepSeek-R1-Distill-Llama-8B,LoRA-v2,9500,1.3594991055456171,1.3783,6.659279488095412e-05,trainer_state_deepseekv2.json
DeepSeek-R1-Distill-Llama-8B · LoRA-v2,DeepSeek-R1-Distill-Llama-8B,LoRA-v2,9510,1.3609302325581396,1.291,6.651423375539292e-05,trainer_state_deepseekv2.json
DeepSeek-R1-Distill-Llama-8B · LoRA-v2,DeepSeek-R1-Distill-Llama-8B,LoRA-v2,9520,1.3623613595706618,1.282,6.643562684175794e-05,trainer_state_deepseekv2.json
DeepSeek-R1-Distill-Llama-8B · LoRA-v2,DeepSeek-R1-Distill-Llama-8B,LoRA-v2,9530,1.3637924865831843,1.347,6.635697435799812e-05,trainer_state_deepseekv2.json
DeepSeek-R1-Distill-Llama-8B · LoRA-v2,DeepSeek-R1-Distill-Llama-8B,LoRA-v2,9540,1.3652236135957065,1.3434,6.627827652218867e-05,trainer_state_deepseekv2.json
DeepSeek-R1-Distill-Llama-8B · LoRA-v2,DeepSeek-R1-Distill-Llama-8B,LoRA-v2,9550,1.366654740608229,1.284,6.619953355253063e-05,trainer_state_deepseekv2.json
DeepSeek-R1-Distill-Llama-8B · LoRA-v2,DeepSeek-R1-Distill-Llama-8B,LoRA-v2,9560,1.3680858676207515,1.2879,6.612074566735012e-05,trainer_state_deepseekv2.json
DeepSeek-R1-Distill-Llama-8B · LoRA-v2,DeepSeek-R1-Distill-Llama-8B,LoRA-v2,9570,1.3695169946332737,1.4036,6.604191308509782e-05,trainer_state_deepseekv2.json
DeepSeek-R1-Distill-Llama-8B · LoRA-v2,DeepSeek-R1-Distill-Llama-8B,LoRA-v2,9580,1.370948121645796,1.3501,6.596303602434832e-05,trainer_state_deepseekv2.json
DeepSeek-R1-Distill-Llama-8B · LoRA-v2,DeepSeek-R1-Distill-Llama-8B,LoRA-v2,9590,1.3723792486583184,1.1922,6.588411470379957e-05,trainer_state_deepseekv2.json
DeepSeek-R1-Distill-Llama-8B · LoRA-v2,DeepSeek-R1-Distill-Llama-8B,LoRA-v2,9600,1.3738103756708409,1.273,6.58051493422722e-05,trainer_state_deepseekv2.json
DeepSeek-R1-Distill-Llama-8B · LoRA-v2,DeepSeek-R1-Distill-Llama-8B,LoRA-v2,9610,1.375241502683363,1.3414,6.572614015870897e-05,trainer_state_deepseekv2.json
DeepSeek-R1-Distill-Llama-8B · LoRA-v2,DeepSeek-R1-Distill-Llama-8B,LoRA-v2,9620,1.3766726296958856,1.4039,6.564708737217412e-05,trainer_state_deepseekv2.json
DeepSeek-R1-Distill-Llama-8B · LoRA-v2,DeepSeek-R1-Distill-Llama-8B,LoRA-v2,9630,1.3781037567084078,1.2493,6.556799120185279e-05,trainer_state_deepseekv2.json
DeepSeek-R1-Distill-Llama-8B · LoRA-v2,DeepSeek-R1-Distill-Llama-8B,LoRA-v2,9640,1.3795348837209302,1.2819,6.548885186705047e-05,trainer_state_deepseekv2.json
DeepSeek-R1-Distill-Llama-8B · LoRA-v2,DeepSeek-R1-Distill-Llama-8B,LoRA-v2,9650,1.3809660107334527,1.4142,6.540966958719223e-05,trainer_state_deepseekv2.json
DeepSeek-R1-Distill-Llama-8B · LoRA-v2,DeepSeek-R1-Distill-Llama-8B,LoRA-v2,9660,1.382397137745975,1.2113,6.53304445818223e-05,trainer_state_deepseekv2.json
DeepSeek-R1-Distill-Llama-8B · LoRA-v2,DeepSeek-R1-Distill-Llama-8B,LoRA-v2,9670,1.3838282647584972,1.3531,6.525117707060329e-05,trainer_state_deepseekv2.json
DeepSeek-R1-Distill-Llama-8B · LoRA-v2,DeepSeek-R1-Distill-Llama-8B,LoRA-v2,9680,1.3852593917710196,1.3903,6.517186727331572e-05,trainer_state_deepseekv2.json
DeepSeek-R1-Distill-Llama-8B · LoRA-v2,DeepSeek-R1-Distill-Llama-8B,LoRA-v2,9690,1.386690518783542,1.4386,6.509251540985736e-05,trainer_state_deepseekv2.json
DeepSeek-R1-Distill-Llama-8B · LoRA-v2,DeepSeek-R1-Distill-Llama-8B,LoRA-v2,9700,1.3881216457960643,1.3949,6.501312170024256e-05,trainer_state_deepseekv2.json
DeepSeek-R1-Distill-Llama-8B · LoRA-v2,DeepSeek-R1-Distill-Llama-8B,LoRA-v2,9710,1.3895527728085868,1.2969,6.493368636460179e-05,trainer_state_deepseekv2.json
DeepSeek-R1-Distill-Llama-8B · LoRA-v2,DeepSeek-R1-Distill-Llama-8B,LoRA-v2,9720,1.390983899821109,1.3616,6.485420962318079e-05,trainer_state_deepseekv2.json
DeepSeek-R1-Distill-Llama-8B · LoRA-v2,DeepSeek-R1-Distill-Llama-8B,LoRA-v2,9730,1.3924150268336315,1.2233,6.477469169634025e-05,trainer_state_deepseekv2.json
DeepSeek-R1-Distill-Llama-8B · LoRA-v2,DeepSeek-R1-Distill-Llama-8B,LoRA-v2,9740,1.393846153846154,1.3527,6.469513280455495e-05,trainer_state_deepseekv2.json
DeepSeek-R1-Distill-Llama-8B · LoRA-v2,DeepSeek-R1-Distill-Llama-8B,LoRA-v2,9750,1.3952772808586762,1.3949,6.461553316841334e-05,trainer_state_deepseekv2.json
DeepSeek-R1-Distill-Llama-8B · LoRA-v2,DeepSeek-R1-Distill-Llama-8B,LoRA-v2,9760,1.3967084078711984,1.4032,6.453589300861674e-05,trainer_state_deepseekv2.json
DeepSeek-R1-Distill-Llama-8B · LoRA-v2,DeepSeek-R1-Distill-Llama-8B,LoRA-v2,9770,1.398139534883721,1.3612,6.44562125459789e-05,trainer_state_deepseekv2.json
DeepSeek-R1-Distill-Llama-8B · LoRA-v2,DeepSeek-R1-Distill-Llama-8B,LoRA-v2,9780,1.3995706618962434,1.306,6.437649200142529e-05,trainer_state_deepseekv2.json
DeepSeek-R1-Distill-Llama-8B · LoRA-v2,DeepSeek-R1-Distill-Llama-8B,LoRA-v2,9790,1.4010017889087656,1.3583,6.429673159599252e-05,trainer_state_deepseekv2.json
DeepSeek-R1-Distill-Llama-8B · LoRA-v2,DeepSeek-R1-Distill-Llama-8B,LoRA-v2,9800,1.402432915921288,1.3836,6.421693155082768e-05,trainer_state_deepseekv2.json
DeepSeek-R1-Distill-Llama-8B · LoRA-v2,DeepSeek-R1-Distill-Llama-8B,LoRA-v2,9810,1.4038640429338103,1.4137,6.413709208718786e-05,trainer_state_deepseekv2.json
DeepSeek-R1-Distill-Llama-8B · LoRA-v2,DeepSeek-R1-Distill-Llama-8B,LoRA-v2,9820,1.4052951699463327,1.3335,6.405721342643936e-05,trainer_state_deepseekv2.json
DeepSeek-R1-Distill-Llama-8B · LoRA-v2,DeepSeek-R1-Distill-Llama-8B,LoRA-v2,9830,1.4067262969588552,1.3075,6.397729579005718e-05,trainer_state_deepseekv2.json
DeepSeek-R1-Distill-Llama-8B · LoRA-v2,DeepSeek-R1-Distill-Llama-8B,LoRA-v2,9840,1.4081574239713774,1.3815,6.389733939962439e-05,trainer_state_deepseekv2.json
DeepSeek-R1-Distill-Llama-8B · LoRA-v2,DeepSeek-R1-Distill-Llama-8B,LoRA-v2,9850,1.4095885509839,1.44,6.381734447683152e-05,trainer_state_deepseekv2.json
DeepSeek-R1-Distill-Llama-8B · LoRA-v2,DeepSeek-R1-Distill-Llama-8B,LoRA-v2,9860,1.4110196779964221,1.3708,6.373731124347593e-05,trainer_state_deepseekv2.json
DeepSeek-R1-Distill-Llama-8B · LoRA-v2,DeepSeek-R1-Distill-Llama-8B,LoRA-v2,9870,1.4124508050089446,1.3134,6.365723992146119e-05,trainer_state_deepseekv2.json
DeepSeek-R1-Distill-Llama-8B · LoRA-v2,DeepSeek-R1-Distill-Llama-8B,LoRA-v2,9880,1.4138819320214668,1.2935,6.357713073279649e-05,trainer_state_deepseekv2.json
DeepSeek-R1-Distill-Llama-8B · LoRA-v2,DeepSeek-R1-Distill-Llama-8B,LoRA-v2,9890,1.4153130590339893,1.3956,6.349698389959601e-05,trainer_state_deepseekv2.json
DeepSeek-R1-Distill-Llama-8B · LoRA-v2,DeepSeek-R1-Distill-Llama-8B,LoRA-v2,9900,1.4167441860465115,1.3776,6.341679964407829e-05,trainer_state_deepseekv2.json
DeepSeek-R1-Distill-Llama-8B · LoRA-v2,DeepSeek-R1-Distill-Llama-8B,LoRA-v2,9910,1.418175313059034,1.3476,6.333657818856567e-05,trainer_state_deepseekv2.json
DeepSeek-R1-Distill-Llama-8B · LoRA-v2,DeepSeek-R1-Distill-Llama-8B,LoRA-v2,9920,1.4196064400715565,1.3621,6.325631975548357e-05,trainer_state_deepseekv2.json
DeepSeek-R1-Distill-Llama-8B · LoRA-v2,DeepSeek-R1-Distill-Llama-8B,LoRA-v2,9930,1.4210375670840787,1.3745,6.317602456736001e-05,trainer_state_deepseekv2.json
DeepSeek-R1-Distill-Llama-8B · LoRA-v2,DeepSeek-R1-Distill-Llama-8B,LoRA-v2,9940,1.4224686940966011,1.4114,6.309569284682481e-05,trainer_state_deepseekv2.json
DeepSeek-R1-Distill-Llama-8B · LoRA-v2,DeepSeek-R1-Distill-Llama-8B,LoRA-v2,9950,1.4238998211091234,1.3667,6.301532481660922e-05,trainer_state_deepseekv2.json
DeepSeek-R1-Distill-Llama-8B · LoRA-v2,DeepSeek-R1-Distill-Llama-8B,LoRA-v2,9960,1.4253309481216458,1.44,6.293492069954505e-05,trainer_state_deepseekv2.json
DeepSeek-R1-Distill-Llama-8B · LoRA-v2,DeepSeek-R1-Distill-Llama-8B,LoRA-v2,9970,1.426762075134168,1.2872,6.285448071856422e-05,trainer_state_deepseekv2.json
DeepSeek-R1-Distill-Llama-8B · LoRA-v2,DeepSeek-R1-Distill-Llama-8B,LoRA-v2,9980,1.4281932021466905,1.2402,6.277400509669808e-05,trainer_state_deepseekv2.json
DeepSeek-R1-Distill-Llama-8B · LoRA-v2,DeepSeek-R1-Distill-Llama-8B,LoRA-v2,9990,1.4296243291592128,1.3141,6.269349405707679e-05,trainer_state_deepseekv2.json
DeepSeek-R1-Distill-Llama-8B · LoRA-v2,DeepSeek-R1-Distill-Llama-8B,LoRA-v2,10000,1.4310554561717352,1.4519,6.26129478229287e-05,trainer_state_deepseekv2.json
DeepSeek-R1-Distill-Llama-8B · LoRA-v2,DeepSeek-R1-Distill-Llama-8B,LoRA-v2,10010,1.4324865831842577,1.4114,6.253236661757979e-05,trainer_state_deepseekv2.json
DeepSeek-R1-Distill-Llama-8B · LoRA-v2,DeepSeek-R1-Distill-Llama-8B,LoRA-v2,10020,1.43391771019678,1.4284,6.245175066445294e-05,trainer_state_deepseekv2.json
DeepSeek-R1-Distill-Llama-8B · LoRA-v2,DeepSeek-R1-Distill-Llama-8B,LoRA-v2,10030,1.4353488372093024,1.3709,6.237110018706743e-05,trainer_state_deepseekv2.json
DeepSeek-R1-Distill-Llama-8B · LoRA-v2,DeepSeek-R1-Distill-Llama-8B,LoRA-v2,10040,1.4367799642218246,1.3327,6.229041540903822e-05,trainer_state_deepseekv2.json
DeepSeek-R1-Distill-Llama-8B · LoRA-v2,DeepSeek-R1-Distill-Llama-8B,LoRA-v2,10050,1.438211091234347,1.402,6.220969655407542e-05,trainer_state_deepseekv2.json
DeepSeek-R1-Distill-Llama-8B · LoRA-v2,DeepSeek-R1-Distill-Llama-8B,LoRA-v2,10060,1.4396422182468693,1.3094,6.212894384598355e-05,trainer_state_deepseekv2.json
DeepSeek-R1-Distill-Llama-8B · LoRA-v2,DeepSeek-R1-Distill-Llama-8B,LoRA-v2,10070,1.4410733452593918,1.3614,6.204815750866106e-05,trainer_state_deepseekv2.json
DeepSeek-R1-Distill-Llama-8B · LoRA-v2,DeepSeek-R1-Distill-Llama-8B,LoRA-v2,10080,1.442504472271914,1.2699,6.196733776609962e-05,trainer_state_deepseekv2.json
DeepSeek-R1-Distill-Llama-8B · LoRA-v2,DeepSeek-R1-Distill-Llama-8B,LoRA-v2,10090,1.4439355992844365,1.3925,6.188648484238352e-05,trainer_state_deepseekv2.json
DeepSeek-R1-Distill-Llama-8B · LoRA-v2,DeepSeek-R1-Distill-Llama-8B,LoRA-v2,10100,1.445366726296959,1.3701,6.180559896168903e-05,trainer_state_deepseekv2.json
DeepSeek-R1-Distill-Llama-8B · LoRA-v2,DeepSeek-R1-Distill-Llama-8B,LoRA-v2,10110,1.4467978533094812,1.3616,6.172468034828385e-05,trainer_state_deepseekv2.json
DeepSeek-R1-Distill-Llama-8B · LoRA-v2,DeepSeek-R1-Distill-Llama-8B,LoRA-v2,10120,1.4482289803220036,1.2364,6.164372922652636e-05,trainer_state_deepseekv2.json
DeepSeek-R1-Distill-Llama-8B · LoRA-v2,DeepSeek-R1-Distill-Llama-8B,LoRA-v2,10130,1.4496601073345259,1.2845,6.156274582086518e-05,trainer_state_deepseekv2.json
DeepSeek-R1-Distill-Llama-8B · LoRA-v2,DeepSeek-R1-Distill-Llama-8B,LoRA-v2,10140,1.4510912343470483,1.3836,6.14817303558383e-05,trainer_state_deepseekv2.json
DeepSeek-R1-Distill-Llama-8B · LoRA-v2,DeepSeek-R1-Distill-Llama-8B,LoRA-v2,10150,1.4525223613595706,1.2092,6.140068305607275e-05,trainer_state_deepseekv2.json
DeepSeek-R1-Distill-Llama-8B · LoRA-v2,DeepSeek-R1-Distill-Llama-8B,LoRA-v2,10160,1.453953488372093,1.3494,6.131960414628369e-05,trainer_state_deepseekv2.json
DeepSeek-R1-Distill-Llama-8B · LoRA-v2,DeepSeek-R1-Distill-Llama-8B,LoRA-v2,10170,1.4553846153846153,1.3201,6.123849385127404e-05,trainer_state_deepseekv2.json
DeepSeek-R1-Distill-Llama-8B · LoRA-v2,DeepSeek-R1-Distill-Llama-8B,LoRA-v2,10180,1.4568157423971377,1.3858,6.115735239593365e-05,trainer_state_deepseekv2.json
DeepSeek-R1-Distill-Llama-8B · LoRA-v2,DeepSeek-R1-Distill-Llama-8B,LoRA-v2,10190,1.4582468694096602,1.27,6.107618000523885e-05,trainer_state_deepseekv2.json
DeepSeek-R1-Distill-Llama-8B · LoRA-v2,DeepSeek-R1-Distill-Llama-8B,LoRA-v2,10200,1.4596779964221824,1.2943,6.0994976904251645e-05,trainer_state_deepseekv2.json
DeepSeek-R1-Distill-Llama-8B · LoRA-v2,DeepSeek-R1-Distill-Llama-8B,LoRA-v2,10210,1.461109123434705,1.3771,6.0913743318119266e-05,trainer_state_deepseekv2.json
DeepSeek-R1-Distill-Llama-8B · LoRA-v2,DeepSeek-R1-Distill-Llama-8B,LoRA-v2,10220,1.4625402504472271,1.1807,6.083247947207344e-05,trainer_state_deepseekv2.json
DeepSeek-R1-Distill-Llama-8B · LoRA-v2,DeepSeek-R1-Distill-Llama-8B,LoRA-v2,10230,1.4639713774597496,1.1631,6.075118559142979e-05,trainer_state_deepseekv2.json
DeepSeek-R1-Distill-Llama-8B · LoRA-v2,DeepSeek-R1-Distill-Llama-8B,LoRA-v2,10240,1.465402504472272,1.3937,6.0669861901587236e-05,trainer_state_deepseekv2.json
DeepSeek-R1-Distill-Llama-8B · LoRA-v2,DeepSeek-R1-Distill-Llama-8B,LoRA-v2,10250,1.4668336314847943,1.2233,6.058850862802732e-05,trainer_state_deepseekv2.json
DeepSeek-R1-Distill-Llama-8B · LoRA-v2,DeepSeek-R1-Distill-Llama-8B,LoRA-v2,10260,1.4682647584973165,1.2632,6.050712599631362e-05,trainer_state_deepseekv2.json
DeepSeek-R1-Distill-Llama-8B · LoRA-v2,DeepSeek-R1-Distill-Llama-8B,LoRA-v2,10270,1.469695885509839,1.3893,6.042571423209113e-05,trainer_state_deepseekv2.json
DeepSeek-R1-Distill-Llama-8B · LoRA-v2,DeepSeek-R1-Distill-Llama-8B,LoRA-v2,10280,1.4711270125223614,1.4671,6.03442735610856e-05,trainer_state_deepseekv2.json
DeepSeek-R1-Distill-Llama-8B · LoRA-v2,DeepSeek-R1-Distill-Llama-8B,LoRA-v2,10290,1.4725581395348837,1.2558,6.026280420910292e-05,trainer_state_deepseekv2.json
DeepSeek-R1-Distill-Llama-8B · LoRA-v2,DeepSeek-R1-Distill-Llama-8B,LoRA-v2,10300,1.4739892665474061,1.4189,6.0181306402028524e-05,trainer_state_deepseekv2.json
DeepSeek-R1-Distill-Llama-8B · LoRA-v2,DeepSeek-R1-Distill-Llama-8B,LoRA-v2,10310,1.4754203935599284,1.3774,6.009978036582673e-05,trainer_state_deepseekv2.json
DeepSeek-R1-Distill-Llama-8B · LoRA-v2,DeepSeek-R1-Distill-Llama-8B,LoRA-v2,10320,1.4768515205724508,1.3141,6.001822632654013e-05,trainer_state_deepseekv2.json
DeepSeek-R1-Distill-Llama-8B · LoRA-v2,DeepSeek-R1-Distill-Llama-8B,LoRA-v2,10330,1.4782826475849733,1.4311,5.993664451028895e-05,trainer_state_deepseekv2.json
DeepSeek-R1-Distill-Llama-8B · LoRA-v2,DeepSeek-R1-Distill-Llama-8B,LoRA-v2,10340,1.4797137745974955,1.318,5.9855035143270444e-05,trainer_state_deepseekv2.json
DeepSeek-R1-Distill-Llama-8B · LoRA-v2,DeepSeek-R1-Distill-Llama-8B,LoRA-v2,10350,1.4811449016100178,1.431,5.977339845175825e-05,trainer_state_deepseekv2.json
DeepSeek-R1-Distill-Llama-8B · LoRA-v2,DeepSeek-R1-Distill-Llama-8B,LoRA-v2,10360,1.4825760286225402,1.3488,5.969173466210175e-05,trainer_state_deepseekv2.json
DeepSeek-R1-Distill-Llama-8B · LoRA-v2,DeepSeek-R1-Distill-Llama-8B,LoRA-v2,10370,1.4840071556350627,1.4571,5.9610044000725494e-05,trainer_state_deepseekv2.json
DeepSeek-R1-Distill-Llama-8B · LoRA-v2,DeepSeek-R1-Distill-Llama-8B,LoRA-v2,10380,1.485438282647585,1.2578,5.95283266941285e-05,trainer_state_deepseekv2.json
DeepSeek-R1-Distill-Llama-8B · LoRA-v2,DeepSeek-R1-Distill-Llama-8B,LoRA-v2,10390,1.4868694096601074,1.2832,5.9446582968883704e-05,trainer_state_deepseekv2.json
DeepSeek-R1-Distill-Llama-8B · LoRA-v2,DeepSeek-R1-Distill-Llama-8B,LoRA-v2,10400,1.4883005366726296,1.4314,5.9364813051637236e-05,trainer_state_deepseekv2.json
DeepSeek-R1-Distill-Llama-8B · LoRA-v2,DeepSeek-R1-Distill-Llama-8B,LoRA-v2,10410,1.489731663685152,1.316,5.928301716910793e-05,trainer_state_deepseekv2.json
DeepSeek-R1-Distill-Llama-8B · LoRA-v2,DeepSeek-R1-Distill-Llama-8B,LoRA-v2,10420,1.4911627906976745,1.3103,5.920119554808651e-05,trainer_state_deepseekv2.json
DeepSeek-R1-Distill-Llama-8B · LoRA-v2,DeepSeek-R1-Distill-Llama-8B,LoRA-v2,10430,1.4925939177101968,1.3911,5.9119348415435135e-05,trainer_state_deepseekv2.json
DeepSeek-R1-Distill-Llama-8B · LoRA-v2,DeepSeek-R1-Distill-Llama-8B,LoRA-v2,10440,1.494025044722719,1.4648,5.90374759980867e-05,trainer_state_deepseekv2.json
DeepSeek-R1-Distill-Llama-8B · LoRA-v2,DeepSeek-R1-Distill-Llama-8B,LoRA-v2,10450,1.4954561717352415,1.3523,5.8955578523044175e-05,trainer_state_deepseekv2.json
DeepSeek-R1-Distill-Llama-8B · LoRA-v2,DeepSeek-R1-Distill-Llama-8B,LoRA-v2,10460,1.496887298747764,1.3524,5.887365621737999e-05,trainer_state_deepseekv2.json
DeepSeek-R1-Distill-Llama-8B · LoRA-v2,DeepSeek-R1-Distill-Llama-8B,LoRA-v2,10470,1.4983184257602862,1.2798,5.87917093082355e-05,trainer_state_deepseekv2.json
DeepSeek-R1-Distill-Llama-8B · LoRA-v2,DeepSeek-R1-Distill-Llama-8B,LoRA-v2,10480,1.4997495527728086,1.2989,5.870973802282016e-05,trainer_state_deepseekv2.json
DeepSeek-R1-Distill-Llama-8B · LoRA-v2,DeepSeek-R1-Distill-Llama-8B,LoRA-v2,10490,1.5011806797853309,1.3093,5.862774258841115e-05,trainer_state_deepseekv2.json
DeepSeek-R1-Distill-Llama-8B · LoRA-v2,DeepSeek-R1-Distill-Llama-8B,LoRA-v2,10500,1.5026118067978533,1.3167,5.854572323235247e-05,trainer_state_deepseekv2.json
DeepSeek-R1-Distill-Llama-8B · LoRA-v2,DeepSeek-R1-Distill-Llama-8B,LoRA-v2,10510,1.5040429338103758,1.3705,5.846368018205454e-05,trainer_state_deepseekv2.json
DeepSeek-R1-Distill-Llama-8B · LoRA-v2,DeepSeek-R1-Distill-Llama-8B,LoRA-v2,10520,1.505474060822898,1.3317,5.8381613664993436e-05,trainer_state_deepseekv2.json
DeepSeek-R1-Distill-Llama-8B · LoRA-v2,DeepSeek-R1-Distill-Llama-8B,LoRA-v2,10530,1.5069051878354203,1.2975,5.829952390871032e-05,trainer_state_deepseekv2.json
DeepSeek-R1-Distill-Llama-8B · LoRA-v2,DeepSeek-R1-Distill-Llama-8B,LoRA-v2,10540,1.5083363148479427,1.2388,5.821741114081075e-05,trainer_state_deepseekv2.json
DeepSeek-R1-Distill-Llama-8B · LoRA-v2,DeepSeek-R1-Distill-Llama-8B,LoRA-v2,10550,1.5097674418604652,1.3482,5.8135275588964143e-05,trainer_state_deepseekv2.json
DeepSeek-R1-Distill-Llama-8B · LoRA-v2,DeepSeek-R1-Distill-Llama-8B,LoRA-v2,10560,1.5111985688729874,1.2998,5.805311748090304e-05,trainer_state_deepseekv2.json
DeepSeek-R1-Distill-Llama-8B · LoRA-v2,DeepSeek-R1-Distill-Llama-8B,LoRA-v2,10570,1.5126296958855099,1.2626,5.797093704442255e-05,trainer_state_deepseekv2.json
DeepSeek-R1-Distill-Llama-8B · LoRA-v2,DeepSeek-R1-Distill-Llama-8B,LoRA-v2,10580,1.5140608228980321,1.2747,5.788873450737966e-05,trainer_state_deepseekv2.json
DeepSeek-R1-Distill-Llama-8B · LoRA-v2,DeepSeek-R1-Distill-Llama-8B,LoRA-v2,10590,1.5154919499105546,1.4216,5.780651009769268e-05,trainer_state_deepseekv2.json
DeepSeek-R1-Distill-Llama-8B · LoRA-v2,DeepSeek-R1-Distill-Llama-8B,LoRA-v2,10600,1.516923076923077,1.3073,5.772426404334053e-05,trainer_state_deepseekv2.json
DeepSeek-R1-Distill-Llama-8B · LoRA-v2,DeepSeek-R1-Distill-Llama-8B,LoRA-v2,10610,1.5183542039355993,1.3373,5.764199657236214e-05,trainer_state_deepseekv2.json
DeepSeek-R1-Distill-Llama-8B · LoRA-v2,DeepSeek-R1-Distill-Llama-8B,LoRA-v2,10620,1.5197853309481215,1.2668,5.755970791285584e-05,trainer_state_deepseekv2.json
DeepSeek-R1-Distill-Llama-8B · LoRA-v2,DeepSeek-R1-Distill-Llama-8B,LoRA-v2,10630,1.521216457960644,1.3773,5.7477398292978736e-05,trainer_state_deepseekv2.json
DeepSeek-R1-Distill-Llama-8B · LoRA-v2,DeepSeek-R1-Distill-Llama-8B,LoRA-v2,10640,1.5226475849731664,1.4233,5.7395067940945955e-05,trainer_state_deepseekv2.json
DeepSeek-R1-Distill-Llama-8B · LoRA-v2,DeepSeek-R1-Distill-Llama-8B,LoRA-v2,10650,1.524078711985689,1.2982,5.731271708503021e-05,trainer_state_deepseekv2.json
DeepSeek-R1-Distill-Llama-8B · LoRA-v2,DeepSeek-R1-Distill-Llama-8B,LoRA-v2,10660,1.5255098389982111,1.2049,5.7230345953561004e-05,trainer_state_deepseekv2.json
DeepSeek-R1-Distill-Llama-8B · LoRA-v2,DeepSeek-R1-Distill-Llama-8B,LoRA-v2,10670,1.5269409660107334,1.4023,5.7147954774924094e-05,trainer_state_deepseekv2.json
DeepSeek-R1-Distill-Llama-8B · LoRA-v2,DeepSeek-R1-Distill-Llama-8B,LoRA-v2,10680,1.5283720930232558,1.3176,5.706554377756076e-05,trainer_state_deepseekv2.json
DeepSeek-R1-Distill-Llama-8B · LoRA-v2,DeepSeek-R1-Distill-Llama-8B,LoRA-v2,10690,1.5298032200357783,1.3342,5.698311318996731e-05,trainer_state_deepseekv2.json
DeepSeek-R1-Distill-Llama-8B · LoRA-v2,DeepSeek-R1-Distill-Llama-8B,LoRA-v2,10700,1.5312343470483005,1.3734,5.6900663240694306e-05,trainer_state_deepseekv2.json
DeepSeek-R1-Distill-Llama-8B · LoRA-v2,DeepSeek-R1-Distill-Llama-8B,LoRA-v2,10710,1.5326654740608228,1.313,5.681819415834606e-05,trainer_state_deepseekv2.json
DeepSeek-R1-Distill-Llama-8B · LoRA-v2,DeepSeek-R1-Distill-Llama-8B,LoRA-v2,10720,1.5340966010733452,1.3613,5.673570617157984e-05,trainer_state_deepseekv2.json
DeepSeek-R1-Distill-Llama-8B · LoRA-v2,DeepSeek-R1-Distill-Llama-8B,LoRA-v2,10730,1.5355277280858677,1.4569,5.6653199509105405e-05,trainer_state_deepseekv2.json
DeepSeek-R1-Distill-Llama-8B · LoRA-v2,DeepSeek-R1-Distill-Llama-8B,LoRA-v2,10740,1.5369588550983901,1.3023,5.657067439968427e-05,trainer_state_deepseekv2.json
DeepSeek-R1-Distill-Llama-8B · LoRA-v2,DeepSeek-R1-Distill-Llama-8B,LoRA-v2,10750,1.5383899821109124,1.2019,5.64881310721291e-05,trainer_state_deepseekv2.json
DeepSeek-R1-Distill-Llama-8B · LoRA-v2,DeepSeek-R1-Distill-Llama-8B,LoRA-v2,10760,1.5398211091234346,1.2426,5.6405569755303056e-05,trainer_state_deepseekv2.json
DeepSeek-R1-Distill-Llama-8B · LoRA-v2,DeepSeek-R1-Distill-Llama-8B,LoRA-v2,10770,1.541252236135957,1.4089,5.632299067811921e-05,trainer_state_deepseekv2.json
DeepSeek-R1-Distill-Llama-8B · LoRA-v2,DeepSeek-R1-Distill-Llama-8B,LoRA-v2,10780,1.5426833631484795,1.3619,5.624039406953986e-05,trainer_state_deepseekv2.json
DeepSeek-R1-Distill-Llama-8B · LoRA-v2,DeepSeek-R1-Distill-Llama-8B,LoRA-v2,10790,1.5441144901610018,1.3239,5.615778015857589e-05,trainer_state_deepseekv2.json
DeepSeek-R1-Distill-Llama-8B · LoRA-v2,DeepSeek-R1-Distill-Llama-8B,LoRA-v2,10800,1.545545617173524,1.2973,5.607514917428618e-05,trainer_state_deepseekv2.json
DeepSeek-R1-Distill-Llama-8B · LoRA-v2,DeepSeek-R1-Distill-Llama-8B,LoRA-v2,10810,1.5469767441860465,1.3257,5.599250134577696e-05,trainer_state_deepseekv2.json
DeepSeek-R1-Distill-Llama-8B · LoRA-v2,DeepSeek-R1-Distill-Llama-8B,LoRA-v2,10820,1.548407871198569,1.2818,5.590983690220115e-05,trainer_state_deepseekv2.json
DeepSeek-R1-Distill-Llama-8B · LoRA-v2,DeepSeek-R1-Distill-Llama-8B,LoRA-v2,10830,1.5498389982110914,1.3842,5.5827156072757724e-05,trainer_state_deepseekv2.json
DeepSeek-R1-Distill-Llama-8B · LoRA-v2,DeepSeek-R1-Distill-Llama-8B,LoRA-v2,10840,1.5512701252236136,1.2199,5.5744459086691094e-05,trainer_state_deepseekv2.json
DeepSeek-R1-Distill-Llama-8B · LoRA-v2,DeepSeek-R1-Distill-Llama-8B,LoRA-v2,10850,1.5527012522361359,1.335,5.566174617329051e-05,trainer_state_deepseekv2.json
DeepSeek-R1-Distill-Llama-8B · LoRA-v2,DeepSeek-R1-Distill-Llama-8B,LoRA-v2,10860,1.5541323792486583,1.388,5.5579017561889305e-05,trainer_state_deepseekv2.json
DeepSeek-R1-Distill-Llama-8B · LoRA-v2,DeepSeek-R1-Distill-Llama-8B,LoRA-v2,10870,1.5555635062611808,1.2684,5.549627348186441e-05,trainer_state_deepseekv2.json
DeepSeek-R1-Distill-Llama-8B · LoRA-v2,DeepSeek-R1-Distill-Llama-8B,LoRA-v2,10880,1.556994633273703,1.3405,5.54135141626356e-05,trainer_state_deepseekv2.json
DeepSeek-R1-Distill-Llama-8B · LoRA-v2,DeepSeek-R1-Distill-Llama-8B,LoRA-v2,10890,1.5584257602862253,1.4066,5.533073983366493e-05,trainer_state_deepseekv2.json
DeepSeek-R1-Distill-Llama-8B · LoRA-v2,DeepSeek-R1-Distill-Llama-8B,LoRA-v2,10900,1.5598568872987477,1.3527,5.5247950724456045e-05,trainer_state_deepseekv2.json
DeepSeek-R1-Distill-Llama-8B · LoRA-v2,DeepSeek-R1-Distill-Llama-8B,LoRA-v2,10910,1.5612880143112702,1.331,5.5165147064553594e-05,trainer_state_deepseekv2.json
DeepSeek-R1-Distill-Llama-8B · LoRA-v2,DeepSeek-R1-Distill-Llama-8B,LoRA-v2,10920,1.5627191413237926,1.2938,5.508232908354255e-05,trainer_state_deepseekv2.json
DeepSeek-R1-Distill-Llama-8B · LoRA-v2,DeepSeek-R1-Distill-Llama-8B,LoRA-v2,10930,1.5641502683363149,1.3052,5.499949701104764e-05,trainer_state_deepseekv2.json
DeepSeek-R1-Distill-Llama-8B · LoRA-v2,DeepSeek-R1-Distill-Llama-8B,LoRA-v2,10940,1.5655813953488371,1.3338,5.4916651076732574e-05,trainer_state_deepseekv2.json
DeepSeek-R1-Distill-Llama-8B · LoRA-v2,DeepSeek-R1-Distill-Llama-8B,LoRA-v2,10950,1.5670125223613596,1.267,5.483379151029957e-05,trainer_state_deepseekv2.json
DeepSeek-R1-Distill-Llama-8B · LoRA-v2,DeepSeek-R1-Distill-Llama-8B,LoRA-v2,10960,1.568443649373882,1.3325,5.475091854148863e-05,trainer_state_deepseekv2.json
DeepSeek-R1-Distill-Llama-8B · LoRA-v2,DeepSeek-R1-Distill-Llama-8B,LoRA-v2,10970,1.5698747763864043,1.1767,5.466803240007691e-05,trainer_state_deepseekv2.json
DeepSeek-R1-Distill-Llama-8B · LoRA-v2,DeepSeek-R1-Distill-Llama-8B,LoRA-v2,10980,1.5713059033989265,1.3441,5.458513331587806e-05,trainer_state_deepseekv2.json
DeepSeek-R1-Distill-Llama-8B · LoRA-v2,DeepSeek-R1-Distill-Llama-8B,LoRA-v2,10990,1.572737030411449,1.4028,5.450222151874166e-05,trainer_state_deepseekv2.json
DeepSeek-R1-Distill-Llama-8B · LoRA-v2,DeepSeek-R1-Distill-Llama-8B,LoRA-v2,11000,1.5741681574239714,1.2792,5.4419297238552526e-05,trainer_state_deepseekv2.json
DeepSeek-R1-Distill-Llama-8B · LoRA-v2,DeepSeek-R1-Distill-Llama-8B,LoRA-v2,11010,1.5755992844364939,1.3351,5.433636070523006e-05,trainer_state_deepseekv2.json
DeepSeek-R1-Distill-Llama-8B · LoRA-v2,DeepSeek-R1-Distill-Llama-8B,LoRA-v2,11020,1.5770304114490161,1.3512,5.425341214872765e-05,trainer_state_deepseekv2.json
DeepSeek-R1-Distill-Llama-8B · LoRA-v2,DeepSeek-R1-Distill-Llama-8B,LoRA-v2,11030,1.5784615384615384,1.359,5.417045179903206e-05,trainer_state_deepseekv2.json
DeepSeek-R1-Distill-Llama-8B · LoRA-v2,DeepSeek-R1-Distill-Llama-8B,LoRA-v2,11040,1.5798926654740608,1.3965,5.4087479886162694e-05,trainer_state_deepseekv2.json
DeepSeek-R1-Distill-Llama-8B · LoRA-v2,DeepSeek-R1-Distill-Llama-8B,LoRA-v2,11050,1.5813237924865833,1.4554,5.4004496640171045e-05,trainer_state_deepseekv2.json
DeepSeek-R1-Distill-Llama-8B · LoRA-v2,DeepSeek-R1-Distill-Llama-8B,LoRA-v2,11060,1.5827549194991055,1.3376,5.392150229114001e-05,trainer_state_deepseekv2.json
DeepSeek-R1-Distill-Llama-8B · LoRA-v2,DeepSeek-R1-Distill-Llama-8B,LoRA-v2,11070,1.5841860465116278,1.3909,5.3838497069183335e-05,trainer_state_deepseekv2.json
DeepSeek-R1-Distill-Llama-8B · LoRA-v2,DeepSeek-R1-Distill-Llama-8B,LoRA-v2,11080,1.5856171735241502,1.3623,5.375548120444481e-05,trainer_state_deepseekv2.json
DeepSeek-R1-Distill-Llama-8B · LoRA-v2,DeepSeek-R1-Distill-Llama-8B,LoRA-v2,11090,1.5870483005366727,1.1723,5.3672454927097814e-05,trainer_state_deepseekv2.json
DeepSeek-R1-Distill-Llama-8B · LoRA-v2,DeepSeek-R1-Distill-Llama-8B,LoRA-v2,11100,1.5884794275491951,1.3697,5.3589418467344555e-05,trainer_state_deepseekv2.json
DeepSeek-R1-Distill-Llama-8B · LoRA-v2,DeepSeek-R1-Distill-Llama-8B,LoRA-v2,11110,1.5899105545617174,1.4042,5.350637205541551e-05,trainer_state_deepseekv2.json
DeepSeek-R1-Distill-Llama-8B · LoRA-v2,DeepSeek-R1-Distill-Llama-8B,LoRA-v2,11120,1.5913416815742396,1.3852,5.3423315921568684e-05,trainer_state_deepseekv2.json
DeepSeek-R1-Distill-Llama-8B · LoRA-v2,DeepSeek-R1-Distill-Llama-8B,LoRA-v2,11130,1.592772808586762,1.4355,5.334025029608913e-05,trainer_state_deepseekv2.json
DeepSeek-R1-Distill-Llama-8B · LoRA-v2,DeepSeek-R1-Distill-Llama-8B,LoRA-v2,11140,1.5942039355992845,1.2099,5.3257175409288143e-05,trainer_state_deepseekv2.json
DeepSeek-R1-Distill-Llama-8B · LoRA-v2,DeepSeek-R1-Distill-Llama-8B,LoRA-v2,11150,1.5956350626118068,1.2059,5.317409149150273e-05,trainer_state_deepseekv2.json
DeepSeek-R1-Distill-Llama-8B · LoRA-v2,DeepSeek-R1-Distill-Llama-8B,LoRA-v2,11160,1.597066189624329,1.2173,5.3090998773094925e-05,trainer_state_deepseekv2.json
DeepSeek-R1-Distill-Llama-8B · LoRA-v2,DeepSeek-R1-Distill-Llama-8B,LoRA-v2,11170,1.5984973166368515,1.3026,5.3007897484451166e-05,trainer_state_deepseekv2.json
DeepSeek-R1-Distill-Llama-8B · LoRA-v2,DeepSeek-R1-Distill-Llama-8B,LoRA-v2,11180,1.599928443649374,1.2199,5.292478785598165e-05,trainer_state_deepseekv2.json
DeepSeek-R1-Distill-Llama-8B · LoRA-v2,DeepSeek-R1-Distill-Llama-8B,LoRA-v2,11190,1.6013595706618964,1.3929,5.284167011811974e-05,trainer_state_deepseekv2.json
DeepSeek-R1-Distill-Llama-8B · LoRA-v2,DeepSeek-R1-Distill-Llama-8B,LoRA-v2,11200,1.6027906976744186,1.1512,5.275854450132118e-05,trainer_state_deepseekv2.json
DeepSeek-R1-Distill-Llama-8B · LoRA-v2,DeepSeek-R1-Distill-Llama-8B,LoRA-v2,11210,1.6042218246869409,1.4302,5.267541123606369e-05,trainer_state_deepseekv2.json
DeepSeek-R1-Distill-Llama-8B · LoRA-v2,DeepSeek-R1-Distill-Llama-8B,LoRA-v2,11220,1.6056529516994633,1.2932,5.259227055284609e-05,trainer_state_deepseekv2.json
DeepSeek-R1-Distill-Llama-8B · LoRA-v2,DeepSeek-R1-Distill-Llama-8B,LoRA-v2,11230,1.6070840787119858,1.3609,5.250912268218783e-05,trainer_state_deepseekv2.json
DeepSeek-R1-Distill-Llama-8B · LoRA-v2,DeepSeek-R1-Distill-Llama-8B,LoRA-v2,11240,1.608515205724508,1.3668,5.242596785462824e-05,trainer_state_deepseekv2.json
DeepSeek-R1-Distill-Llama-8B · LoRA-v2,DeepSeek-R1-Distill-Llama-8B,LoRA-v2,11250,1.6099463327370303,1.2216,5.234280630072601e-05,trainer_state_deepseekv2.json
DeepSeek-R1-Distill-Llama-8B · LoRA-v2,DeepSeek-R1-Distill-Llama-8B,LoRA-v2,11260,1.6113774597495527,1.2647,5.2259638251058405e-05,trainer_state_deepseekv2.json
DeepSeek-R1-Distill-Llama-8B · LoRA-v2,DeepSeek-R1-Distill-Llama-8B,LoRA-v2,11270,1.6128085867620752,1.2319,5.217646393622073e-05,trainer_state_deepseekv2.json
DeepSeek-R1-Distill-Llama-8B · LoRA-v2,DeepSeek-R1-Distill-Llama-8B,LoRA-v2,11280,1.6142397137745976,1.2888,5.209328358682567e-05,trainer_state_deepseekv2.json
DeepSeek-R1-Distill-Llama-8B · LoRA-v2,DeepSeek-R1-Distill-Llama-8B,LoRA-v2,11290,1.6156708407871199,1.3244,5.201009743350265e-05,trainer_state_deepseekv2.json
DeepSeek-R1-Distill-Llama-8B · LoRA-v2,DeepSeek-R1-Distill-Llama-8B,LoRA-v2,11300,1.617101967799642,1.389,5.1926905706897146e-05,trainer_state_deepseekv2.json
DeepSeek-R1-Distill-Llama-8B · LoRA-v2,DeepSeek-R1-Distill-Llama-8B,LoRA-v2,11310,1.6185330948121646,1.3162,5.184370863767012e-05,trainer_state_deepseekv2.json
DeepSeek-R1-Distill-Llama-8B · LoRA-v2,DeepSeek-R1-Distill-Llama-8B,LoRA-v2,11320,1.619964221824687,1.2748,5.176050645649734e-05,trainer_state_deepseekv2.json
DeepSeek-R1-Distill-Llama-8B · LoRA-v2,DeepSeek-R1-Distill-Llama-8B,LoRA-v2,11330,1.6213953488372093,1.3637,5.1677299394068755e-05,trainer_state_deepseekv2.json
DeepSeek-R1-Distill-Llama-8B · LoRA-v2,DeepSeek-R1-Distill-Llama-8B,LoRA-v2,11340,1.6228264758497315,1.3057,5.159408768108782e-05,trainer_state_deepseekv2.json
DeepSeek-R1-Distill-Llama-8B · LoRA-v2,DeepSeek-R1-Distill-Llama-8B,LoRA-v2,11350,1.624257602862254,1.4195,5.151087154827093e-05,trainer_state_deepseekv2.json
DeepSeek-R1-Distill-Llama-8B · LoRA-v2,DeepSeek-R1-Distill-Llama-8B,LoRA-v2,11360,1.6256887298747764,1.3335,5.1427651226346694e-05,trainer_state_deepseekv2.json
DeepSeek-R1-Distill-Llama-8B · LoRA-v2,DeepSeek-R1-Distill-Llama-8B,LoRA-v2,11370,1.6271198568872989,1.4111,5.134442694605537e-05,trainer_state_deepseekv2.json
DeepSeek-R1-Distill-Llama-8B · LoRA-v2,DeepSeek-R1-Distill-Llama-8B,LoRA-v2,11380,1.6285509838998211,1.1532,5.126119893814812e-05,trainer_state_deepseekv2.json
DeepSeek-R1-Distill-Llama-8B · LoRA-v2,DeepSeek-R1-Distill-Llama-8B,LoRA-v2,11390,1.6299821109123434,1.4416,5.1177967433386556e-05,trainer_state_deepseekv2.json
DeepSeek-R1-Distill-Llama-8B · LoRA-v2,DeepSeek-R1-Distill-Llama-8B,LoRA-v2,11400,1.6314132379248658,1.3302,5.1094732662541865e-05,trainer_state_deepseekv2.json
DeepSeek-R1-Distill-Llama-8B · LoRA-v2,DeepSeek-R1-Distill-Llama-8B,LoRA-v2,11410,1.6328443649373883,1.3618,5.101149485639442e-05,trainer_state_deepseekv2.json
DeepSeek-R1-Distill-Llama-8B · LoRA-v2,DeepSeek-R1-Distill-Llama-8B,LoRA-v2,11420,1.6342754919499105,1.2786,5.0928254245732856e-05,trainer_state_deepseekv2.json
DeepSeek-R1-Distill-Llama-8B · LoRA-v2,DeepSeek-R1-Distill-Llama-8B,LoRA-v2,11430,1.635706618962433,1.2992,5.084501106135372e-05,trainer_state_deepseekv2.json
DeepSeek-R1-Distill-Llama-8B · LoRA-v2,DeepSeek-R1-Distill-Llama-8B,LoRA-v2,11440,1.6371377459749552,1.2496,5.0761765534060626e-05,trainer_state_deepseekv2.json
DeepSeek-R1-Distill-Llama-8B · LoRA-v2,DeepSeek-R1-Distill-Llama-8B,LoRA-v2,11450,1.6385688729874777,1.1894,5.06785178946637e-05,trainer_state_deepseekv2.json
DeepSeek-R1-Distill-Llama-8B · LoRA-v2,DeepSeek-R1-Distill-Llama-8B,LoRA-v2,11460,1.6400000000000001,1.2194,5.0595268373978896e-05,trainer_state_deepseekv2.json
DeepSeek-R1-Distill-Llama-8B · LoRA-v2,DeepSeek-R1-Distill-Llama-8B,LoRA-v2,11470,1.6414311270125224,1.3118,5.0512017202827453e-05,trainer_state_deepseekv2.json
DeepSeek-R1-Distill-Llama-8B · LoRA-v2,DeepSeek-R1-Distill-Llama-8B,LoRA-v2,11480,1.6428622540250446,1.34,5.042876461203512e-05,trainer_state_deepseekv2.json
DeepSeek-R1-Distill-Llama-8B · LoRA-v2,DeepSeek-R1-Distill-Llama-8B,LoRA-v2,11490,1.644293381037567,1.2725,5.0345510832431605e-05,trainer_state_deepseekv2.json
DeepSeek-R1-Distill-Llama-8B · LoRA-v2,DeepSeek-R1-Distill-Llama-8B,LoRA-v2,11500,1.6457245080500895,1.3845,5.026225609484991e-05,trainer_state_deepseekv2.json
DeepSeek-R1-Distill-Llama-8B · LoRA-v2,DeepSeek-R1-Distill-Llama-8B,LoRA-v2,11510,1.6471556350626118,1.3098,5.0179000630125714e-05,trainer_state_deepseekv2.json
DeepSeek-R1-Distill-Llama-8B · LoRA-v2,DeepSeek-R1-Distill-Llama-8B,LoRA-v2,11520,1.6485867620751342,1.1713,5.009574466909669e-05,trainer_state_deepseekv2.json
DeepSeek-R1-Distill-Llama-8B · LoRA-v2,DeepSeek-R1-Distill-Llama-8B,LoRA-v2,11530,1.6500178890876565,1.2709,5.001248844260188e-05,trainer_state_deepseekv2.json
DeepSeek-R1-Distill-Llama-8B · LoRA-v2,DeepSeek-R1-Distill-Llama-8B,LoRA-v2,11540,1.651449016100179,1.3988,4.992923218148106e-05,trainer_state_deepseekv2.json
DeepSeek-R1-Distill-Llama-8B · LoRA-v2,DeepSeek-R1-Distill-Llama-8B,LoRA-v2,11550,1.6528801431127014,1.513,4.984597611657415e-05,trainer_state_deepseekv2.json
DeepSeek-R1-Distill-Llama-8B · LoRA-v2,DeepSeek-R1-Distill-Llama-8B,LoRA-v2,11560,1.6543112701252236,1.3298,4.976272047872046e-05,trainer_state_deepseekv2.json
DeepSeek-R1-Distill-Llama-8B · LoRA-v2,DeepSeek-R1-Distill-Llama-8B,LoRA-v2,11570,1.6557423971377458,1.3989,4.967946549875818e-05,trainer_state_deepseekv2.json
DeepSeek-R1-Distill-Llama-8B · LoRA-v2,DeepSeek-R1-Distill-Llama-8B,LoRA-v2,11580,1.6571735241502683,1.2519,4.9596211407523626e-05,trainer_state_deepseekv2.json
DeepSeek-R1-Distill-Llama-8B · LoRA-v2,DeepSeek-R1-Distill-Llama-8B,LoRA-v2,11590,1.6586046511627908,1.324,4.951295843585065e-05,trainer_state_deepseekv2.json
DeepSeek-R1-Distill-Llama-8B · LoRA-v2,DeepSeek-R1-Distill-Llama-8B,LoRA-v2,11600,1.660035778175313,1.5014,4.942970681457003e-05,trainer_state_deepseekv2.json
DeepSeek-R1-Distill-Llama-8B · LoRA-v2,DeepSeek-R1-Distill-Llama-8B,LoRA-v2,11610,1.6614669051878355,1.317,4.9346456774508806e-05,trainer_state_deepseekv2.json
DeepSeek-R1-Distill-Llama-8B · LoRA-v2,DeepSeek-R1-Distill-Llama-8B,LoRA-v2,11620,1.6628980322003577,1.2452,4.926320854648957e-05,trainer_state_deepseekv2.json
DeepSeek-R1-Distill-Llama-8B · LoRA-v2,DeepSeek-R1-Distill-Llama-8B,LoRA-v2,11630,1.6643291592128802,1.2995,4.917996236132999e-05,trainer_state_deepseekv2.json
DeepSeek-R1-Distill-Llama-8B · LoRA-v2,DeepSeek-R1-Distill-Llama-8B,LoRA-v2,11640,1.6657602862254026,1.3036,4.909671844984197e-05,trainer_state_deepseekv2.json
DeepSeek-R1-Distill-Llama-8B · LoRA-v2,DeepSeek-R1-Distill-Llama-8B,LoRA-v2,11650,1.6671914132379249,1.309,4.9013477042831195e-05,trainer_state_deepseekv2.json
DeepSeek-R1-Distill-Llama-8B · LoRA-v2,DeepSeek-R1-Distill-Llama-8B,LoRA-v2,11660,1.668622540250447,1.4927,4.8930238371096313e-05,trainer_state_deepseekv2.json
DeepSeek-R1-Distill-Llama-8B · LoRA-v2,DeepSeek-R1-Distill-Llama-8B,LoRA-v2,11670,1.6700536672629696,1.3435,4.8847002665428474e-05,trainer_state_deepseekv2.json
DeepSeek-R1-Distill-Llama-8B · LoRA-v2,DeepSeek-R1-Distill-Llama-8B,LoRA-v2,11680,1.671484794275492,1.3567,4.876377015661056e-05,trainer_state_deepseekv2.json
DeepSeek-R1-Distill-Llama-8B · LoRA-v2,DeepSeek-R1-Distill-Llama-8B,LoRA-v2,11690,1.6729159212880145,1.3542,4.8680541075416617e-05,trainer_state_deepseekv2.json
DeepSeek-R1-Distill-Llama-8B · LoRA-v2,DeepSeek-R1-Distill-Llama-8B,LoRA-v2,11700,1.6743470483005367,1.3069,4.8597315652611134e-05,trainer_state_deepseekv2.json
DeepSeek-R1-Distill-Llama-8B · LoRA-v2,DeepSeek-R1-Distill-Llama-8B,LoRA-v2,11710,1.675778175313059,1.4191,4.851409411894853e-05,trainer_state_deepseekv2.json
DeepSeek-R1-Distill-Llama-8B · LoRA-v2,DeepSeek-R1-Distill-Llama-8B,LoRA-v2,11720,1.6772093023255814,1.2602,4.843087670517241e-05,trainer_state_deepseekv2.json
DeepSeek-R1-Distill-Llama-8B · LoRA-v2,DeepSeek-R1-Distill-Llama-8B,LoRA-v2,11730,1.6786404293381039,1.3361,4.834766364201491e-05,trainer_state_deepseekv2.json
DeepSeek-R1-Distill-Llama-8B · LoRA-v2,DeepSeek-R1-Distill-Llama-8B,LoRA-v2,11740,1.680071556350626,1.2599,4.8264455160196145e-05,trainer_state_deepseekv2.json
DeepSeek-R1-Distill-Llama-8B · LoRA-v2,DeepSeek-R1-Distill-Llama-8B,LoRA-v2,11750,1.6815026833631483,1.3264,4.818125149042355e-05,trainer_state_deepseekv2.json
DeepSeek-R1-Distill-Llama-8B · LoRA-v2,DeepSeek-R1-Distill-Llama-8B,LoRA-v2,11760,1.6829338103756708,1.255,4.809805286339118e-05,trainer_state_deepseekv2.json
DeepSeek-R1-Distill-Llama-8B · LoRA-v2,DeepSeek-R1-Distill-Llama-8B,LoRA-v2,11770,1.6843649373881933,1.1748,4.801485950977914e-05,trainer_state_deepseekv2.json
DeepSeek-R1-Distill-Llama-8B · LoRA-v2,DeepSeek-R1-Distill-Llama-8B,LoRA-v2,11780,1.6857960644007157,1.4947,4.7931671660252866e-05,trainer_state_deepseekv2.json
DeepSeek-R1-Distill-Llama-8B · LoRA-v2,DeepSeek-R1-Distill-Llama-8B,LoRA-v2,11790,1.687227191413238,1.1796,4.784848954546259e-05,trainer_state_deepseekv2.json
DeepSeek-R1-Distill-Llama-8B · LoRA-v2,DeepSeek-R1-Distill-Llama-8B,LoRA-v2,11800,1.6886583184257602,1.3178,4.776531339604261e-05,trainer_state_deepseekv2.json
DeepSeek-R1-Distill-Llama-8B · LoRA-v2,DeepSeek-R1-Distill-Llama-8B,LoRA-v2,11810,1.6900894454382827,1.2523,4.768214344261067e-05,trainer_state_deepseekv2.json
DeepSeek-R1-Distill-Llama-8B · LoRA-v2,DeepSeek-R1-Distill-Llama-8B,LoRA-v2,11820,1.6915205724508051,1.4389,4.7598979915767366e-05,trainer_state_deepseekv2.json
DeepSeek-R1-Distill-Llama-8B · LoRA-v2,DeepSeek-R1-Distill-Llama-8B,LoRA-v2,11830,1.6929516994633274,1.278,4.751582304609548e-05,trainer_state_deepseekv2.json
DeepSeek-R1-Distill-Llama-8B · LoRA-v2,DeepSeek-R1-Distill-Llama-8B,LoRA-v2,11840,1.6943828264758496,1.3987,4.743267306415928e-05,trainer_state_deepseekv2.json
DeepSeek-R1-Distill-Llama-8B · LoRA-v2,DeepSeek-R1-Distill-Llama-8B,LoRA-v2,11850,1.695813953488372,1.2693,4.734953020050403e-05,trainer_state_deepseekv2.json
DeepSeek-R1-Distill-Llama-8B · LoRA-v2,DeepSeek-R1-Distill-Llama-8B,LoRA-v2,11860,1.6972450805008945,1.3042,4.726639468565516e-05,trainer_state_deepseekv2.json
DeepSeek-R1-Distill-Llama-8B · LoRA-v2,DeepSeek-R1-Distill-Llama-8B,LoRA-v2,11870,1.698676207513417,1.2899,4.718326675011783e-05,trainer_state_deepseekv2.json
DeepSeek-R1-Distill-Llama-8B · LoRA-v2,DeepSeek-R1-Distill-Llama-8B,LoRA-v2,11880,1.7001073345259392,1.3213,4.710014662437604e-05,trainer_state_deepseekv2.json
DeepSeek-R1-Distill-Llama-8B · LoRA-v2,DeepSeek-R1-Distill-Llama-8B,LoRA-v2,11890,1.7015384615384614,1.3727,4.7017034538892275e-05,trainer_state_deepseekv2.json
DeepSeek-R1-Distill-Llama-8B · LoRA-v2,DeepSeek-R1-Distill-Llama-8B,LoRA-v2,11900,1.702969588550984,1.4124,4.693393072410665e-05,trainer_state_deepseekv2.json
DeepSeek-R1-Distill-Llama-8B · LoRA-v2,DeepSeek-R1-Distill-Llama-8B,LoRA-v2,11910,1.7044007155635064,1.3095,4.685083541043639e-05,trainer_state_deepseekv2.json
DeepSeek-R1-Distill-Llama-8B · LoRA-v2,DeepSeek-R1-Distill-Llama-8B,LoRA-v2,11920,1.7058318425760286,1.1599,4.676774882827511e-05,trainer_state_deepseekv2.json
DeepSeek-R1-Distill-Llama-8B · LoRA-v2,DeepSeek-R1-Distill-Llama-8B,LoRA-v2,11930,1.7072629695885508,1.2944,4.6684671207992265e-05,trainer_state_deepseekv2.json
DeepSeek-R1-Distill-Llama-8B · LoRA-v2,DeepSeek-R1-Distill-Llama-8B,LoRA-v2,11940,1.7086940966010733,1.278,4.660160277993242e-05,trainer_state_deepseekv2.json
DeepSeek-R1-Distill-Llama-8B · LoRA-v2,DeepSeek-R1-Distill-Llama-8B,LoRA-v2,11950,1.7101252236135958,1.4135,4.6518543774414654e-05,trainer_state_deepseekv2.json
DeepSeek-R1-Distill-Llama-8B · LoRA-v2,DeepSeek-R1-Distill-Llama-8B,LoRA-v2,11960,1.7115563506261182,1.4136,4.643549442173193e-05,trainer_state_deepseekv2.json
DeepSeek-R1-Distill-Llama-8B · LoRA-v2,DeepSeek-R1-Distill-Llama-8B,LoRA-v2,11970,1.7129874776386405,1.3176,4.635245495215047e-05,trainer_state_deepseekv2.json
DeepSeek-R1-Distill-Llama-8B · LoRA-v2,DeepSeek-R1-Distill-Llama-8B,LoRA-v2,11980,1.7144186046511627,1.3371,4.6269425595909054e-05,trainer_state_deepseekv2.json
DeepSeek-R1-Distill-Llama-8B · LoRA-v2,DeepSeek-R1-Distill-Llama-8B,LoRA-v2,11990,1.7158497316636852,1.3777,4.618640658321847e-05,trainer_state_deepseekv2.json
DeepSeek-R1-Distill-Llama-8B · LoRA-v2,DeepSeek-R1-Distill-Llama-8B,LoRA-v2,12000,1.7172808586762076,1.3785,4.6103398144260754e-05,trainer_state_deepseekv2.json
DeepSeek-R1-Distill-Llama-8B · LoRA-v2,DeepSeek-R1-Distill-Llama-8B,LoRA-v2,12010,1.7187119856887298,1.3588,4.602040050918872e-05,trainer_state_deepseekv2.json
DeepSeek-R1-Distill-Llama-8B · LoRA-v2,DeepSeek-R1-Distill-Llama-8B,LoRA-v2,12020,1.720143112701252,1.4254,4.593741390812515e-05,trainer_state_deepseekv2.json
DeepSeek-R1-Distill-Llama-8B · LoRA-v2,DeepSeek-R1-Distill-Llama-8B,LoRA-v2,12030,1.7215742397137745,1.3978,4.5854438571162255e-05,trainer_state_deepseekv2.json
DeepSeek-R1-Distill-Llama-8B · LoRA-v2,DeepSeek-R1-Distill-Llama-8B,LoRA-v2,12040,1.723005366726297,1.3273,4.5771474728361005e-05,trainer_state_deepseekv2.json
DeepSeek-R1-Distill-Llama-8B · LoRA-v2,DeepSeek-R1-Distill-Llama-8B,LoRA-v2,12050,1.7244364937388195,1.3339,4.5688522609750546e-05,trainer_state_deepseekv2.json
DeepSeek-R1-Distill-Llama-8B · LoRA-v2,DeepSeek-R1-Distill-Llama-8B,LoRA-v2,12060,1.7258676207513417,1.3005,4.560558244532746e-05,trainer_state_deepseekv2.json
DeepSeek-R1-Distill-Llama-8B · LoRA-v2,DeepSeek-R1-Distill-Llama-8B,LoRA-v2,12070,1.727298747763864,1.3233,4.552265446505522e-05,trainer_state_deepseekv2.json
DeepSeek-R1-Distill-Llama-8B · LoRA-v2,DeepSeek-R1-Distill-Llama-8B,LoRA-v2,12080,1.7287298747763864,1.2548,4.54397388988635e-05,trainer_state_deepseekv2.json
DeepSeek-R1-Distill-Llama-8B · LoRA-v2,DeepSeek-R1-Distill-Llama-8B,LoRA-v2,12090,1.7301610017889089,1.2723,4.5356835976647584e-05,trainer_state_deepseekv2.json
DeepSeek-R1-Distill-Llama-8B · LoRA-v2,DeepSeek-R1-Distill-Llama-8B,LoRA-v2,12100,1.731592128801431,1.3042,4.527394592826764e-05,trainer_state_deepseekv2.json
DeepSeek-R1-Distill-Llama-8B · LoRA-v2,DeepSeek-R1-Distill-Llama-8B,LoRA-v2,12110,1.7330232558139533,1.2735,4.519106898354819e-05,trainer_state_deepseekv2.json
DeepSeek-R1-Distill-Llama-8B · LoRA-v2,DeepSeek-R1-Distill-Llama-8B,LoRA-v2,12120,1.7344543828264758,1.2098,4.51082053722774e-05,trainer_state_deepseekv2.json
DeepSeek-R1-Distill-Llama-8B · LoRA-v2,DeepSeek-R1-Distill-Llama-8B,LoRA-v2,12130,1.7358855098389983,1.382,4.50253553242065e-05,trainer_state_deepseekv2.json
DeepSeek-R1-Distill-Llama-8B · LoRA-v2,DeepSeek-R1-Distill-Llama-8B,LoRA-v2,12140,1.7373166368515207,1.1598,4.4942519069049066e-05,trainer_state_deepseekv2.json
DeepSeek-R1-Distill-Llama-8B · LoRA-v2,DeepSeek-R1-Distill-Llama-8B,LoRA-v2,12150,1.738747763864043,1.2711,4.4859696836480485e-05,trainer_state_deepseekv2.json
DeepSeek-R1-Distill-Llama-8B · LoRA-v2,DeepSeek-R1-Distill-Llama-8B,LoRA-v2,12160,1.7401788908765652,1.3402,4.4776888856137225e-05,trainer_state_deepseekv2.json
DeepSeek-R1-Distill-Llama-8B · LoRA-v2,DeepSeek-R1-Distill-Llama-8B,LoRA-v2,12170,1.7416100178890876,1.305,4.469409535761624e-05,trainer_state_deepseekv2.json
DeepSeek-R1-Distill-Llama-8B · LoRA-v2,DeepSeek-R1-Distill-Llama-8B,LoRA-v2,12180,1.74304114490161,1.2709,4.461131657047434e-05,trainer_state_deepseekv2.json
DeepSeek-R1-Distill-Llama-8B · LoRA-v2,DeepSeek-R1-Distill-Llama-8B,LoRA-v2,12190,1.7444722719141323,1.2799,4.452855272422755e-05,trainer_state_deepseekv2.json
DeepSeek-R1-Distill-Llama-8B · LoRA-v2,DeepSeek-R1-Distill-Llama-8B,LoRA-v2,12200,1.7459033989266546,1.2697,4.444580404835046e-05,trainer_state_deepseekv2.json
DeepSeek-R1-Distill-Llama-8B · LoRA-v2,DeepSeek-R1-Distill-Llama-8B,LoRA-v2,12210,1.747334525939177,1.3321,4.4363070772275615e-05,trainer_state_deepseekv2.json
DeepSeek-R1-Distill-Llama-8B · LoRA-v2,DeepSeek-R1-Distill-Llama-8B,LoRA-v2,12220,1.7487656529516995,1.1986,4.4280353125392835e-05,trainer_state_deepseekv2.json
DeepSeek-R1-Distill-Llama-8B · LoRA-v2,DeepSeek-R1-Distill-Llama-8B,LoRA-v2,12230,1.750196779964222,1.3345,4.419765133704864e-05,trainer_state_deepseekv2.json
DeepSeek-R1-Distill-Llama-8B · LoRA-v2,DeepSeek-R1-Distill-Llama-8B,LoRA-v2,12240,1.7516279069767442,1.4257,4.411496563654555e-05,trainer_state_deepseekv2.json
DeepSeek-R1-Distill-Llama-8B · LoRA-v2,DeepSeek-R1-Distill-Llama-8B,LoRA-v2,12250,1.7530590339892664,1.2776,4.403229625314147e-05,trainer_state_deepseekv2.json
DeepSeek-R1-Distill-Llama-8B · LoRA-v2,DeepSeek-R1-Distill-Llama-8B,LoRA-v2,12260,1.754490161001789,1.3504,4.394964341604911e-05,trainer_state_deepseekv2.json
DeepSeek-R1-Distill-Llama-8B · LoRA-v2,DeepSeek-R1-Distill-Llama-8B,LoRA-v2,12270,1.7559212880143114,1.2311,4.386700735443526e-05,trainer_state_deepseekv2.json
DeepSeek-R1-Distill-Llama-8B · LoRA-v2,DeepSeek-R1-Distill-Llama-8B,LoRA-v2,12280,1.7573524150268336,1.2851,4.378438829742022e-05,trainer_state_deepseekv2.json
DeepSeek-R1-Distill-Llama-8B · LoRA-v2,DeepSeek-R1-Distill-Llama-8B,LoRA-v2,12290,1.7587835420393558,1.2114,4.3701786474077135e-05,trainer_state_deepseekv2.json
DeepSeek-R1-Distill-Llama-8B · LoRA-v2,DeepSeek-R1-Distill-Llama-8B,LoRA-v2,12300,1.7602146690518783,1.4605,4.361920211343136e-05,trainer_state_deepseekv2.json
DeepSeek-R1-Distill-Llama-8B · LoRA-v2,DeepSeek-R1-Distill-Llama-8B,LoRA-v2,12310,1.7616457960644007,1.3241,4.353663544445987e-05,trainer_state_deepseekv2.json
DeepSeek-R1-Distill-Llama-8B · LoRA-v2,DeepSeek-R1-Distill-Llama-8B,LoRA-v2,12320,1.7630769230769232,1.3318,4.345408669609053e-05,trainer_state_deepseekv2.json
DeepSeek-R1-Distill-Llama-8B · LoRA-v2,DeepSeek-R1-Distill-Llama-8B,LoRA-v2,12330,1.7645080500894454,1.3589,4.337155609720155e-05,trainer_state_deepseekv2.json
DeepSeek-R1-Distill-Llama-8B · LoRA-v2,DeepSeek-R1-Distill-Llama-8B,LoRA-v2,12340,1.7659391771019677,1.429,4.3289043876620793e-05,trainer_state_deepseekv2.json
DeepSeek-R1-Distill-Llama-8B · LoRA-v2,DeepSeek-R1-Distill-Llama-8B,LoRA-v2,12350,1.7673703041144901,1.3963,4.3206550263125226e-05,trainer_state_deepseekv2.json
DeepSeek-R1-Distill-Llama-8B · LoRA-v2,DeepSeek-R1-Distill-Llama-8B,LoRA-v2,12360,1.7688014311270126,1.297,4.312407548544015e-05,trainer_state_deepseekv2.json
DeepSeek-R1-Distill-Llama-8B · LoRA-v2,DeepSeek-R1-Distill-Llama-8B,LoRA-v2,12370,1.7702325581395348,1.1882,4.304161977223871e-05,trainer_state_deepseekv2.json
DeepSeek-R1-Distill-Llama-8B · LoRA-v2,DeepSeek-R1-Distill-Llama-8B,LoRA-v2,12380,1.7716636851520573,1.3536,4.2959183352141134e-05,trainer_state_deepseekv2.json
DeepSeek-R1-Distill-Llama-8B · LoRA-v2,DeepSeek-R1-Distill-Llama-8B,LoRA-v2,12390,1.7730948121645795,1.3452,4.2876766453714184e-05,trainer_state_deepseekv2.json
DeepSeek-R1-Distill-Llama-8B · LoRA-v2,DeepSeek-R1-Distill-Llama-8B,LoRA-v2,12400,1.774525939177102,1.2581,4.2794369305470486e-05,trainer_state_deepseekv2.json
DeepSeek-R1-Distill-Llama-8B · LoRA-v2,DeepSeek-R1-Distill-Llama-8B,LoRA-v2,12410,1.7759570661896245,1.2307,4.2711992135867925e-05,trainer_state_deepseekv2.json
DeepSeek-R1-Distill-Llama-8B · LoRA-v2,DeepSeek-R1-Distill-Llama-8B,LoRA-v2,12420,1.7773881932021467,1.359,4.2629635173308963e-05,trainer_state_deepseekv2.json
DeepSeek-R1-Distill-Llama-8B · LoRA-v2,DeepSeek-R1-Distill-Llama-8B,LoRA-v2,12430,1.778819320214669,1.3346,4.254729864614007e-05,trainer_state_deepseekv2.json
DeepSeek-R1-Distill-Llama-8B · LoRA-v2,DeepSeek-R1-Distill-Llama-8B,LoRA-v2,12440,1.7802504472271914,1.3525,4.246498278265103e-05,trainer_state_deepseekv2.json
DeepSeek-R1-Distill-Llama-8B · LoRA-v2,DeepSeek-R1-Distill-Llama-8B,LoRA-v2,12450,1.7816815742397139,1.2897,4.238268781107434e-05,trainer_state_deepseekv2.json
DeepSeek-R1-Distill-Llama-8B · LoRA-v2,DeepSeek-R1-Distill-Llama-8B,LoRA-v2,12460,1.783112701252236,1.2119,4.230041395958459e-05,trainer_state_deepseekv2.json
DeepSeek-R1-Distill-Llama-8B · LoRA-v2,DeepSeek-R1-Distill-Llama-8B,LoRA-v2,12470,1.7845438282647585,1.264,4.221816145629777e-05,trainer_state_deepseekv2.json
DeepSeek-R1-Distill-Llama-8B · LoRA-v2,DeepSeek-R1-Distill-Llama-8B,LoRA-v2,12480,1.7859749552772808,1.2317,4.213593052927069e-05,trainer_state_deepseekv2.json
DeepSeek-R1-Distill-Llama-8B · LoRA-v2,DeepSeek-R1-Distill-Llama-8B,LoRA-v2,12490,1.7874060822898032,1.2488,4.205372140650039e-05,trainer_state_deepseekv2.json
DeepSeek-R1-Distill-Llama-8B · LoRA-v2,DeepSeek-R1-Distill-Llama-8B,LoRA-v2,12500,1.7888372093023257,1.3783,4.197153431592338e-05,trainer_state_deepseekv2.json
DeepSeek-R1-Distill-Llama-8B · LoRA-v2,DeepSeek-R1-Distill-Llama-8B,LoRA-v2,12510,1.790268336314848,1.3022,4.188936948541515e-05,trainer_state_deepseekv2.json
DeepSeek-R1-Distill-Llama-8B · LoRA-v2,DeepSeek-R1-Distill-Llama-8B,LoRA-v2,12520,1.7916994633273702,1.3289,4.180722714278941e-05,trainer_state_deepseekv2.json
DeepSeek-R1-Distill-Llama-8B · LoRA-v2,DeepSeek-R1-Distill-Llama-8B,LoRA-v2,12530,1.7931305903398926,1.2836,4.1725107515797566e-05,trainer_state_deepseekv2.json
DeepSeek-R1-Distill-Llama-8B · LoRA-v2,DeepSeek-R1-Distill-Llama-8B,LoRA-v2,12540,1.794561717352415,1.31,4.1643010832128015e-05,trainer_state_deepseekv2.json
DeepSeek-R1-Distill-Llama-8B · LoRA-v2,DeepSeek-R1-Distill-Llama-8B,LoRA-v2,12550,1.7959928443649373,1.3226,4.1560937319405545e-05,trainer_state_deepseekv2.json
DeepSeek-R1-Distill-Llama-8B · LoRA-v2,DeepSeek-R1-Distill-Llama-8B,LoRA-v2,12560,1.7974239713774598,1.3607,4.14788872051907e-05,trainer_state_deepseekv2.json
DeepSeek-R1-Distill-Llama-8B · LoRA-v2,DeepSeek-R1-Distill-Llama-8B,LoRA-v2,12570,1.798855098389982,1.192,4.139686071697916e-05,trainer_state_deepseekv2.json
DeepSeek-R1-Distill-Llama-8B · LoRA-v2,DeepSeek-R1-Distill-Llama-8B,LoRA-v2,12580,1.8002862254025045,1.3509,4.131485808220107e-05,trainer_state_deepseekv2.json
DeepSeek-R1-Distill-Llama-8B · LoRA-v2,DeepSeek-R1-Distill-Llama-8B,LoRA-v2,12590,1.801717352415027,1.2742,4.123287952822048e-05,trainer_state_deepseekv2.json
DeepSeek-R1-Distill-Llama-8B · LoRA-v2,DeepSeek-R1-Distill-Llama-8B,LoRA-v2,12600,1.8031484794275492,1.2668,4.1150925282334636e-05,trainer_state_deepseekv2.json
DeepSeek-R1-Distill-Llama-8B · LoRA-v2,DeepSeek-R1-Distill-Llama-8B,LoRA-v2,12610,1.8045796064400714,1.2718,4.106899557177344e-05,trainer_state_deepseekv2.json
DeepSeek-R1-Distill-Llama-8B · LoRA-v2,DeepSeek-R1-Distill-Llama-8B,LoRA-v2,12620,1.8060107334525939,1.36,4.0987090623698655e-05,trainer_state_deepseekv2.json
DeepSeek-R1-Distill-Llama-8B · LoRA-v2,DeepSeek-R1-Distill-Llama-8B,LoRA-v2,12630,1.8074418604651163,1.3845,4.09052106652035e-05,trainer_state_deepseekv2.json
DeepSeek-R1-Distill-Llama-8B · LoRA-v2,DeepSeek-R1-Distill-Llama-8B,LoRA-v2,12640,1.8088729874776388,1.3129,4.082335592331185e-05,trainer_state_deepseekv2.json
DeepSeek-R1-Distill-Llama-8B · LoRA-v2,DeepSeek-R1-Distill-Llama-8B,LoRA-v2,12650,1.810304114490161,1.2671,4.07415266249777e-05,trainer_state_deepseekv2.json
DeepSeek-R1-Distill-Llama-8B · LoRA-v2,DeepSeek-R1-Distill-Llama-8B,LoRA-v2,12660,1.8117352415026833,1.3402,4.065972299708445e-05,trainer_state_deepseekv2.json
DeepSeek-R1-Distill-Llama-8B · LoRA-v2,DeepSeek-R1-Distill-Llama-8B,LoRA-v2,12670,1.8131663685152057,1.3305,4.057794526644437e-05,trainer_state_deepseekv2.json
DeepSeek-R1-Distill-Llama-8B · LoRA-v2,DeepSeek-R1-Distill-Llama-8B,LoRA-v2,12680,1.8145974955277282,1.2612,4.049619365979793e-05,trainer_state_deepseekv2.json
DeepSeek-R1-Distill-Llama-8B · LoRA-v2,DeepSeek-R1-Distill-Llama-8B,LoRA-v2,12690,1.8160286225402504,1.328,4.0414468403813095e-05,trainer_state_deepseekv2.json
DeepSeek-R1-Distill-Llama-8B · LoRA-v2,DeepSeek-R1-Distill-Llama-8B,LoRA-v2,12700,1.8174597495527727,1.4658,4.033276972508484e-05,trainer_state_deepseekv2.json
DeepSeek-R1-Distill-Llama-8B · LoRA-v2,DeepSeek-R1-Distill-Llama-8B,LoRA-v2,12710,1.8188908765652951,1.321,4.025109785013443e-05,trainer_state_deepseekv2.json
DeepSeek-R1-Distill-Llama-8B · LoRA-v2,DeepSeek-R1-Distill-Llama-8B,LoRA-v2,12720,1.8203220035778176,1.3688,4.016945300540882e-05,trainer_state_deepseekv2.json
DeepSeek-R1-Distill-Llama-8B · LoRA-v2,DeepSeek-R1-Distill-Llama-8B,LoRA-v2,12730,1.82175313059034,1.3019,4.0087835417280016e-05,trainer_state_deepseekv2.json
DeepSeek-R1-Distill-Llama-8B · LoRA-v2,DeepSeek-R1-Distill-Llama-8B,LoRA-v2,12740,1.8231842576028623,1.3018,4.000624531204443e-05,trainer_state_deepseekv2.json
DeepSeek-R1-Distill-Llama-8B · LoRA-v2,DeepSeek-R1-Distill-Llama-8B,LoRA-v2,12750,1.8246153846153845,1.4183,3.992468291592233e-05,trainer_state_deepseekv2.json
DeepSeek-R1-Distill-Llama-8B · LoRA-v2,DeepSeek-R1-Distill-Llama-8B,LoRA-v2,12760,1.826046511627907,1.5338,3.984314845505708e-05,trainer_state_deepseekv2.json
DeepSeek-R1-Distill-Llama-8B · LoRA-v2,DeepSeek-R1-Distill-Llama-8B,LoRA-v2,12770,1.8274776386404294,1.2915,3.976164215551464e-05,trainer_state_deepseekv2.json
DeepSeek-R1-Distill-Llama-8B · LoRA-v2,DeepSeek-R1-Distill-Llama-8B,LoRA-v2,12780,1.8289087656529517,1.3695,3.9680164243282873e-05,trainer_state_deepseekv2.json
DeepSeek-R1-Distill-Llama-8B · LoRA-v2,DeepSeek-R1-Distill-Llama-8B,LoRA-v2,12790,1.830339892665474,1.3462,3.959871494427095e-05,trainer_state_deepseekv2.json
DeepSeek-R1-Distill-Llama-8B · LoRA-v2,DeepSeek-R1-Distill-Llama-8B,LoRA-v2,12800,1.8317710196779964,1.3579,3.951729448430867e-05,trainer_state_deepseekv2.json
DeepSeek-R1-Distill-Llama-8B · LoRA-v2,DeepSeek-R1-Distill-Llama-8B,LoRA-v2,12810,1.8332021466905188,1.3003,3.943590308914593e-05,trainer_state_deepseekv2.json
DeepSeek-R1-Distill-Llama-8B · LoRA-v2,DeepSeek-R1-Distill-Llama-8B,LoRA-v2,12820,1.8346332737030413,1.3368,3.935454098445198e-05,trainer_state_deepseekv2.json
DeepSeek-R1-Distill-Llama-8B · LoRA-v2,DeepSeek-R1-Distill-Llama-8B,LoRA-v2,12830,1.8360644007155635,1.3008,3.927320839581493e-05,trainer_state_deepseekv2.json
DeepSeek-R1-Distill-Llama-8B · LoRA-v2,DeepSeek-R1-Distill-Llama-8B,LoRA-v2,12840,1.8374955277280858,1.207,3.919190554874095e-05,trainer_state_deepseekv2.json
DeepSeek-R1-Distill-Llama-8B · LoRA-v2,DeepSeek-R1-Distill-Llama-8B,LoRA-v2,12850,1.8389266547406082,1.0842,3.911063266865384e-05,trainer_state_deepseekv2.json
DeepSeek-R1-Distill-Llama-8B · LoRA-v2,DeepSeek-R1-Distill-Llama-8B,LoRA-v2,12860,1.8403577817531307,1.2751,3.9029389980894246e-05,trainer_state_deepseekv2.json
DeepSeek-R1-Distill-Llama-8B · LoRA-v2,DeepSeek-R1-Distill-Llama-8B,LoRA-v2,12870,1.841788908765653,1.4086,3.894817771071919e-05,trainer_state_deepseekv2.json
DeepSeek-R1-Distill-Llama-8B · LoRA-v2,DeepSeek-R1-Distill-Llama-8B,LoRA-v2,12880,1.8432200357781752,1.2946,3.8866996083301247e-05,trainer_state_deepseekv2.json
DeepSeek-R1-Distill-Llama-8B · LoRA-v2,DeepSeek-R1-Distill-Llama-8B,LoRA-v2,12890,1.8446511627906976,1.2792,3.878584532372811e-05,trainer_state_deepseekv2.json
DeepSeek-R1-Distill-Llama-8B · LoRA-v2,DeepSeek-R1-Distill-Llama-8B,LoRA-v2,12900,1.84608228980322,1.2826,3.870472565700187e-05,trainer_state_deepseekv2.json
DeepSeek-R1-Distill-Llama-8B · LoRA-v2,DeepSeek-R1-Distill-Llama-8B,LoRA-v2,12910,1.8475134168157425,1.1801,3.862363730803837e-05,trainer_state_deepseekv2.json
DeepSeek-R1-Distill-Llama-8B · LoRA-v2,DeepSeek-R1-Distill-Llama-8B,LoRA-v2,12920,1.8489445438282648,1.195,3.854258050166665e-05,trainer_state_deepseekv2.json
DeepSeek-R1-Distill-Llama-8B · LoRA-v2,DeepSeek-R1-Distill-Llama-8B,LoRA-v2,12930,1.850375670840787,1.393,3.846155546262832e-05,trainer_state_deepseekv2.json
DeepSeek-R1-Distill-Llama-8B · LoRA-v2,DeepSeek-R1-Distill-Llama-8B,LoRA-v2,12940,1.8518067978533095,1.2694,3.838056241557686e-05,trainer_state_deepseekv2.json
DeepSeek-R1-Distill-Llama-8B · LoRA-v2,DeepSeek-R1-Distill-Llama-8B,LoRA-v2,12950,1.853237924865832,1.2359,3.829960158507709e-05,trainer_state_deepseekv2.json
DeepSeek-R1-Distill-Llama-8B · LoRA-v2,DeepSeek-R1-Distill-Llama-8B,LoRA-v2,12960,1.8546690518783542,1.3295,3.821867319560446e-05,trainer_state_deepseekv2.json
DeepSeek-R1-Distill-Llama-8B · LoRA-v2,DeepSeek-R1-Distill-Llama-8B,LoRA-v2,12970,1.8561001788908764,1.237,3.813777747154453e-05,trainer_state_deepseekv2.json
DeepSeek-R1-Distill-Llama-8B · LoRA-v2,DeepSeek-R1-Distill-Llama-8B,LoRA-v2,12980,1.8575313059033989,1.2601,3.8056914637192234e-05,trainer_state_deepseekv2.json
DeepSeek-R1-Distill-Llama-8B · LoRA-v2,DeepSeek-R1-Distill-Llama-8B,LoRA-v2,12990,1.8589624329159213,1.3181,3.7976084916751355e-05,trainer_state_deepseekv2.json
DeepSeek-R1-Distill-Llama-8B · LoRA-v2,DeepSeek-R1-Distill-Llama-8B,LoRA-v2,13000,1.8603935599284438,1.4449,3.789528853433382e-05,trainer_state_deepseekv2.json
DeepSeek-R1-Distill-Llama-8B · LoRA-v2,DeepSeek-R1-Distill-Llama-8B,LoRA-v2,13010,1.861824686940966,1.3546,3.781452571395918e-05,trainer_state_deepseekv2.json
DeepSeek-R1-Distill-Llama-8B · LoRA-v2,DeepSeek-R1-Distill-Llama-8B,LoRA-v2,13020,1.8632558139534883,1.202,3.7733796679553876e-05,trainer_state_deepseekv2.json
DeepSeek-R1-Distill-Llama-8B · LoRA-v2,DeepSeek-R1-Distill-Llama-8B,LoRA-v2,13030,1.8646869409660107,1.3503,3.7653101654950727e-05,trainer_state_deepseekv2.json
DeepSeek-R1-Distill-Llama-8B · LoRA-v2,DeepSeek-R1-Distill-Llama-8B,LoRA-v2,13040,1.8661180679785332,1.2152,3.757244086388819e-05,trainer_state_deepseekv2.json
DeepSeek-R1-Distill-Llama-8B · LoRA-v2,DeepSeek-R1-Distill-Llama-8B,LoRA-v2,13050,1.8675491949910554,1.3685,3.7491814530009885e-05,trainer_state_deepseekv2.json
DeepSeek-R1-Distill-Llama-8B · LoRA-v2,DeepSeek-R1-Distill-Llama-8B,LoRA-v2,13060,1.8689803220035777,1.2844,3.741122287686378e-05,trainer_state_deepseekv2.json
DeepSeek-R1-Distill-Llama-8B · LoRA-v2,DeepSeek-R1-Distill-Llama-8B,LoRA-v2,13070,1.8704114490161001,1.3301,3.7330666127901804e-05,trainer_state_deepseekv2.json
DeepSeek-R1-Distill-Llama-8B · LoRA-v2,DeepSeek-R1-Distill-Llama-8B,LoRA-v2,13080,1.8718425760286226,1.2213,3.725014450647903e-05,trainer_state_deepseekv2.json
DeepSeek-R1-Distill-Llama-8B · LoRA-v2,DeepSeek-R1-Distill-Llama-8B,LoRA-v2,13090,1.873273703041145,1.322,3.7169658235853196e-05,trainer_state_deepseekv2.json
DeepSeek-R1-Distill-Llama-8B · LoRA-v2,DeepSeek-R1-Distill-Llama-8B,LoRA-v2,13100,1.8747048300536673,1.3695,3.7089207539183955e-05,trainer_state_deepseekv2.json
DeepSeek-R1-Distill-Llama-8B · LoRA-v2,DeepSeek-R1-Distill-Llama-8B,LoRA-v2,13110,1.8761359570661895,1.3118,3.700879263953241e-05,trainer_state_deepseekv2.json
DeepSeek-R1-Distill-Llama-8B · LoRA-v2,DeepSeek-R1-Distill-Llama-8B,LoRA-v2,13120,1.877567084078712,1.2652,3.6928413759860334e-05,trainer_state_deepseekv2.json
DeepSeek-R1-Distill-Llama-8B · LoRA-v2,DeepSeek-R1-Distill-Llama-8B,LoRA-v2,13130,1.8789982110912344,1.3908,3.684807112302967e-05,trainer_state_deepseekv2.json
DeepSeek-R1-Distill-Llama-8B · LoRA-v2,DeepSeek-R1-Distill-Llama-8B,LoRA-v2,13140,1.8804293381037567,1.3009,3.676776495180184e-05,trainer_state_deepseekv2.json
DeepSeek-R1-Distill-Llama-8B · LoRA-v2,DeepSeek-R1-Distill-Llama-8B,LoRA-v2,13150,1.881860465116279,1.3231,3.668749546883722e-05,trainer_state_deepseekv2.json
DeepSeek-R1-Distill-Llama-8B · LoRA-v2,DeepSeek-R1-Distill-Llama-8B,LoRA-v2,13160,1.8832915921288014,1.4204,3.6607262896694394e-05,trainer_state_deepseekv2.json
DeepSeek-R1-Distill-Llama-8B · LoRA-v2,DeepSeek-R1-Distill-Llama-8B,LoRA-v2,13170,1.8847227191413238,1.3198,3.6527067457829664e-05,trainer_state_deepseekv2.json
DeepSeek-R1-Distill-Llama-8B · LoRA-v2,DeepSeek-R1-Distill-Llama-8B,LoRA-v2,13180,1.8861538461538463,1.2651,3.644690937459633e-05,trainer_state_deepseekv2.json
DeepSeek-R1-Distill-Llama-8B · LoRA-v2,DeepSeek-R1-Distill-Llama-8B,LoRA-v2,13190,1.8875849731663685,1.3361,3.636678886924416e-05,trainer_state_deepseekv2.json
DeepSeek-R1-Distill-Llama-8B · LoRA-v2,DeepSeek-R1-Distill-Llama-8B,LoRA-v2,13200,1.8890161001788908,1.2839,3.628670616391868e-05,trainer_state_deepseekv2.json
DeepSeek-R1-Distill-Llama-8B · LoRA-v2,DeepSeek-R1-Distill-Llama-8B,LoRA-v2,13210,1.8904472271914132,1.4417,3.620666148066065e-05,trainer_state_deepseekv2.json
DeepSeek-R1-Distill-Llama-8B · LoRA-v2,DeepSeek-R1-Distill-Llama-8B,LoRA-v2,13220,1.8918783542039357,1.3647,3.612665504140539e-05,trainer_state_deepseekv2.json
DeepSeek-R1-Distill-Llama-8B · LoRA-v2,DeepSeek-R1-Distill-Llama-8B,LoRA-v2,13230,1.893309481216458,1.3834,3.6046687067982206e-05,trainer_state_deepseekv2.json
DeepSeek-R1-Distill-Llama-8B · LoRA-v2,DeepSeek-R1-Distill-Llama-8B,LoRA-v2,13240,1.8947406082289802,1.4776,3.596675778211371e-05,trainer_state_deepseekv2.json
DeepSeek-R1-Distill-Llama-8B · LoRA-v2,DeepSeek-R1-Distill-Llama-8B,LoRA-v2,13250,1.8961717352415026,1.4562,3.58868674054153e-05,trainer_state_deepseekv2.json
DeepSeek-R1-Distill-Llama-8B · LoRA-v2,DeepSeek-R1-Distill-Llama-8B,LoRA-v2,13260,1.897602862254025,1.2399,3.580701615939444e-05,trainer_state_deepseekv2.json
DeepSeek-R1-Distill-Llama-8B · LoRA-v2,DeepSeek-R1-Distill-Llama-8B,LoRA-v2,13270,1.8990339892665475,1.3144,3.572720426545017e-05,trainer_state_deepseekv2.json
DeepSeek-R1-Distill-Llama-8B · LoRA-v2,DeepSeek-R1-Distill-Llama-8B,LoRA-v2,13280,1.9004651162790698,1.2688,3.564743194487231e-05,trainer_state_deepseekv2.json
DeepSeek-R1-Distill-Llama-8B · LoRA-v2,DeepSeek-R1-Distill-Llama-8B,LoRA-v2,13290,1.901896243291592,1.3059,3.556769941884107e-05,trainer_state_deepseekv2.json
DeepSeek-R1-Distill-Llama-8B · LoRA-v2,DeepSeek-R1-Distill-Llama-8B,LoRA-v2,13300,1.9033273703041145,1.2385,3.548800690842624e-05,trainer_state_deepseekv2.json
DeepSeek-R1-Distill-Llama-8B · LoRA-v2,DeepSeek-R1-Distill-Llama-8B,LoRA-v2,13310,1.904758497316637,1.1159,3.5408354634586736e-05,trainer_state_deepseekv2.json
DeepSeek-R1-Distill-Llama-8B · LoRA-v2,DeepSeek-R1-Distill-Llama-8B,LoRA-v2,13320,1.9061896243291592,1.2957,3.5328742818169847e-05,trainer_state_deepseekv2.json
DeepSeek-R1-Distill-Llama-8B · LoRA-v2,DeepSeek-R1-Distill-Llama-8B,LoRA-v2,13330,1.9076207513416814,1.3085,3.5249171679910726e-05,trainer_state_deepseekv2.json
DeepSeek-R1-Distill-Llama-8B · LoRA-v2,DeepSeek-R1-Distill-Llama-8B,LoRA-v2,13340,1.9090518783542039,1.3473,3.516964144043173e-05,trainer_state_deepseekv2.json
DeepSeek-R1-Distill-Llama-8B · LoRA-v2,DeepSeek-R1-Distill-Llama-8B,LoRA-v2,13350,1.9104830053667263,1.3241,3.509015232024181e-05,trainer_state_deepseekv2.json
DeepSeek-R1-Distill-Llama-8B · LoRA-v2,DeepSeek-R1-Distill-Llama-8B,LoRA-v2,13360,1.9119141323792488,1.3056,3.5010704539735904e-05,trainer_state_deepseekv2.json
DeepSeek-R1-Distill-Llama-8B · LoRA-v2,DeepSeek-R1-Distill-Llama-8B,LoRA-v2,13370,1.913345259391771,1.3311,3.493129831919437e-05,trainer_state_deepseekv2.json
DeepSeek-R1-Distill-Llama-8B · LoRA-v2,DeepSeek-R1-Distill-Llama-8B,LoRA-v2,13380,1.9147763864042933,1.368,3.4851933878782264e-05,trainer_state_deepseekv2.json
DeepSeek-R1-Distill-Llama-8B · LoRA-v2,DeepSeek-R1-Distill-Llama-8B,LoRA-v2,13390,1.9162075134168157,1.1221,3.4772611438548886e-05,trainer_state_deepseekv2.json
DeepSeek-R1-Distill-Llama-8B · LoRA-v2,DeepSeek-R1-Distill-Llama-8B,LoRA-v2,13400,1.9176386404293382,1.1916,3.469333121842701e-05,trainer_state_deepseekv2.json
DeepSeek-R1-Distill-Llama-8B · LoRA-v2,DeepSeek-R1-Distill-Llama-8B,LoRA-v2,13410,1.9190697674418604,1.3276,3.461409343823239e-05,trainer_state_deepseekv2.json
DeepSeek-R1-Distill-Llama-8B · LoRA-v2,DeepSeek-R1-Distill-Llama-8B,LoRA-v2,13420,1.9205008944543829,1.2005,3.453489831766311e-05,trainer_state_deepseekv2.json
DeepSeek-R1-Distill-Llama-8B · LoRA-v2,DeepSeek-R1-Distill-Llama-8B,LoRA-v2,13430,1.9219320214669051,1.4416,3.445574607629895e-05,trainer_state_deepseekv2.json
DeepSeek-R1-Distill-Llama-8B · LoRA-v2,DeepSeek-R1-Distill-Llama-8B,LoRA-v2,13440,1.9233631484794276,1.3399,3.437663693360079e-05,trainer_state_deepseekv2.json
DeepSeek-R1-Distill-Llama-8B · LoRA-v2,DeepSeek-R1-Distill-Llama-8B,LoRA-v2,13450,1.92479427549195,1.2132,3.4297571108910076e-05,trainer_state_deepseekv2.json
DeepSeek-R1-Distill-Llama-8B · LoRA-v2,DeepSeek-R1-Distill-Llama-8B,LoRA-v2,13460,1.9262254025044723,1.3097,3.421854882144809e-05,trainer_state_deepseekv2.json
DeepSeek-R1-Distill-Llama-8B · LoRA-v2,DeepSeek-R1-Distill-Llama-8B,LoRA-v2,13470,1.9276565295169945,1.3031,3.4139570290315425e-05,trainer_state_deepseekv2.json
DeepSeek-R1-Distill-Llama-8B · LoRA-v2,DeepSeek-R1-Distill-Llama-8B,LoRA-v2,13480,1.929087656529517,1.4481,3.4060635734491345e-05,trainer_state_deepseekv2.json
DeepSeek-R1-Distill-Llama-8B · LoRA-v2,DeepSeek-R1-Distill-Llama-8B,LoRA-v2,13490,1.9305187835420394,1.265,3.3981745372833224e-05,trainer_state_deepseekv2.json
DeepSeek-R1-Distill-Llama-8B · LoRA-v2,DeepSeek-R1-Distill-Llama-8B,LoRA-v2,13500,1.9319499105545617,1.394,3.39028994240758e-05,trainer_state_deepseekv2.json
DeepSeek-R1-Distill-Llama-8B · LoRA-v2,DeepSeek-R1-Distill-Llama-8B,LoRA-v2,13510,1.9333810375670841,1.2851,3.382409810683078e-05,trainer_state_deepseekv2.json
DeepSeek-R1-Distill-Llama-8B · LoRA-v2,DeepSeek-R1-Distill-Llama-8B,LoRA-v2,13520,1.9348121645796064,1.1941,3.374534163958607e-05,trainer_state_deepseekv2.json
DeepSeek-R1-Distill-Llama-8B · LoRA-v2,DeepSeek-R1-Distill-Llama-8B,LoRA-v2,13530,1.9362432915921288,1.3924,3.3666630240705245e-05,trainer_state_deepseekv2.json
DeepSeek-R1-Distill-Llama-8B · LoRA-v2,DeepSeek-R1-Distill-Llama-8B,LoRA-v2,13540,1.9376744186046513,1.2243,3.3587964128426884e-05,trainer_state_deepseekv2.json
DeepSeek-R1-Distill-Llama-8B · LoRA-v2,DeepSeek-R1-Distill-Llama-8B,LoRA-v2,13550,1.9391055456171735,1.2097,3.350934352086406e-05,trainer_state_deepseekv2.json
DeepSeek-R1-Distill-Llama-8B · LoRA-v2,DeepSeek-R1-Distill-Llama-8B,LoRA-v2,13560,1.9405366726296958,1.1971,3.343076863600364e-05,trainer_state_deepseekv2.json
DeepSeek-R1-Distill-Llama-8B · LoRA-v2,DeepSeek-R1-Distill-Llama-8B,LoRA-v2,13570,1.9419677996422182,1.4027,3.335223969170571e-05,trainer_state_deepseekv2.json
DeepSeek-R1-Distill-Llama-8B · LoRA-v2,DeepSeek-R1-Distill-Llama-8B,LoRA-v2,13580,1.9433989266547407,1.3125,3.327375690570298e-05,trainer_state_deepseekv2.json
DeepSeek-R1-Distill-Llama-8B · LoRA-v2,DeepSeek-R1-Distill-Llama-8B,LoRA-v2,13590,1.944830053667263,1.2559,3.3195320495600236e-05,trainer_state_deepseekv2.json
DeepSeek-R1-Distill-Llama-8B · LoRA-v2,DeepSeek-R1-Distill-Llama-8B,LoRA-v2,13600,1.9462611806797854,1.4051,3.3116930678873594e-05,trainer_state_deepseekv2.json
DeepSeek-R1-Distill-Llama-8B · LoRA-v2,DeepSeek-R1-Distill-Llama-8B,LoRA-v2,13610,1.9476923076923076,1.2935,3.303858767287006e-05,trainer_state_deepseekv2.json
DeepSeek-R1-Distill-Llama-8B · LoRA-v2,DeepSeek-R1-Distill-Llama-8B,LoRA-v2,13620,1.94912343470483,1.2841,3.29602916948068e-05,trainer_state_deepseekv2.json
DeepSeek-R1-Distill-Llama-8B · LoRA-v2,DeepSeek-R1-Distill-Llama-8B,LoRA-v2,13630,1.9505545617173525,1.2964,3.288204296177061e-05,trainer_state_deepseekv2.json
DeepSeek-R1-Distill-Llama-8B · LoRA-v2,DeepSeek-R1-Distill-Llama-8B,LoRA-v2,13640,1.9519856887298748,1.3694,3.2803841690717304e-05,trainer_state_deepseekv2.json
DeepSeek-R1-Distill-Llama-8B · LoRA-v2,DeepSeek-R1-Distill-Llama-8B,LoRA-v2,13650,1.953416815742397,1.2648,3.2725688098471054e-05,trainer_state_deepseekv2.json
DeepSeek-R1-Distill-Llama-8B · LoRA-v2,DeepSeek-R1-Distill-Llama-8B,LoRA-v2,13660,1.9548479427549195,1.3563,3.264758240172387e-05,trainer_state_deepseekv2.json
DeepSeek-R1-Distill-Llama-8B · LoRA-v2,DeepSeek-R1-Distill-Llama-8B,LoRA-v2,13670,1.956279069767442,1.2778,3.256952481703498e-05,trainer_state_deepseekv2.json
DeepSeek-R1-Distill-Llama-8B · LoRA-v2,DeepSeek-R1-Distill-Llama-8B,LoRA-v2,13680,1.9577101967799644,1.3,3.249151556083018e-05,trainer_state_deepseekv2.json
DeepSeek-R1-Distill-Llama-8B · LoRA-v2,DeepSeek-R1-Distill-Llama-8B,LoRA-v2,13690,1.9591413237924866,1.3826,3.24135548494013e-05,trainer_state_deepseekv2.json
DeepSeek-R1-Distill-Llama-8B · LoRA-v2,DeepSeek-R1-Distill-Llama-8B,LoRA-v2,13700,1.9605724508050089,1.207,3.233564289890554e-05,trainer_state_deepseekv2.json
DeepSeek-R1-Distill-Llama-8B · LoRA-v2,DeepSeek-R1-Distill-Llama-8B,LoRA-v2,13710,1.9620035778175313,1.3264,3.225777992536495e-05,trainer_state_deepseekv2.json
DeepSeek-R1-Distill-Llama-8B · LoRA-v2,DeepSeek-R1-Distill-Llama-8B,LoRA-v2,13720,1.9634347048300538,1.4479,3.217996614466571e-05,trainer_state_deepseekv2.json
DeepSeek-R1-Distill-Llama-8B · LoRA-v2,DeepSeek-R1-Distill-Llama-8B,LoRA-v2,13730,1.964865831842576,1.2619,3.2102201772557686e-05,trainer_state_deepseekv2.json
DeepSeek-R1-Distill-Llama-8B · LoRA-v2,DeepSeek-R1-Distill-Llama-8B,LoRA-v2,13740,1.9662969588550983,1.2958,3.2024487024653696e-05,trainer_state_deepseekv2.json
DeepSeek-R1-Distill-Llama-8B · LoRA-v2,DeepSeek-R1-Distill-Llama-8B,LoRA-v2,13750,1.9677280858676207,1.278,3.194682211642899e-05,trainer_state_deepseekv2.json
DeepSeek-R1-Distill-Llama-8B · LoRA-v2,DeepSeek-R1-Distill-Llama-8B,LoRA-v2,13760,1.9691592128801432,1.3225,3.1869207263220634e-05,trainer_state_deepseekv2.json
DeepSeek-R1-Distill-Llama-8B · LoRA-v2,DeepSeek-R1-Distill-Llama-8B,LoRA-v2,13770,1.9705903398926656,1.2435,3.179164268022691e-05,trainer_state_deepseekv2.json
DeepSeek-R1-Distill-Llama-8B · LoRA-v2,DeepSeek-R1-Distill-Llama-8B,LoRA-v2,13780,1.9720214669051879,1.3075,3.171412858250671e-05,trainer_state_deepseekv2.json
DeepSeek-R1-Distill-Llama-8B · LoRA-v2,DeepSeek-R1-Distill-Llama-8B,LoRA-v2,13790,1.97345259391771,1.3874,3.1636665184978944e-05,trainer_state_deepseekv2.json
DeepSeek-R1-Distill-Llama-8B · LoRA-v2,DeepSeek-R1-Distill-Llama-8B,LoRA-v2,13800,1.9748837209302326,1.2612,3.1559252702421936e-05,trainer_state_deepseekv2.json
DeepSeek-R1-Distill-Llama-8B · LoRA-v2,DeepSeek-R1-Distill-Llama-8B,LoRA-v2,13810,1.976314847942755,1.392,3.1481891349472895e-05,trainer_state_deepseekv2.json
DeepSeek-R1-Distill-Llama-8B · LoRA-v2,DeepSeek-R1-Distill-Llama-8B,LoRA-v2,13820,1.9777459749552773,1.3127,3.14045813406272e-05,trainer_state_deepseekv2.json
DeepSeek-R1-Distill-Llama-8B · LoRA-v2,DeepSeek-R1-Distill-Llama-8B,LoRA-v2,13830,1.9791771019677995,1.2969,3.132732289023793e-05,trainer_state_deepseekv2.json
DeepSeek-R1-Distill-Llama-8B · LoRA-v2,DeepSeek-R1-Distill-Llama-8B,LoRA-v2,13840,1.980608228980322,1.3411,3.125011621251516e-05,trainer_state_deepseekv2.json
DeepSeek-R1-Distill-Llama-8B · LoRA-v2,DeepSeek-R1-Distill-Llama-8B,LoRA-v2,13850,1.9820393559928444,1.4947,3.117296152152546e-05,trainer_state_deepseekv2.json
DeepSeek-R1-Distill-Llama-8B · LoRA-v2,DeepSeek-R1-Distill-Llama-8B,LoRA-v2,13860,1.9834704830053669,1.1965,3.1095859031191246e-05,trainer_state_deepseekv2.json
DeepSeek-R1-Distill-Llama-8B · LoRA-v2,DeepSeek-R1-Distill-Llama-8B,LoRA-v2,13870,1.9849016100178891,1.2919,3.101880895529016e-05,trainer_state_deepseekv2.json
DeepSeek-R1-Distill-Llama-8B · LoRA-v2,DeepSeek-R1-Distill-Llama-8B,LoRA-v2,13880,1.9863327370304114,1.1571,3.094181150745456e-05,trainer_state_deepseekv2.json
DeepSeek-R1-Distill-Llama-8B · LoRA-v2,DeepSeek-R1-Distill-Llama-8B,LoRA-v2,13890,1.9877638640429338,1.3108,3.08648669011709e-05,trainer_state_deepseekv2.json
DeepSeek-R1-Distill-Llama-8B · LoRA-v2,DeepSeek-R1-Distill-Llama-8B,LoRA-v2,13900,1.9891949910554563,1.4186,3.078797534977907e-05,trainer_state_deepseekv2.json
DeepSeek-R1-Distill-Llama-8B · LoRA-v2,DeepSeek-R1-Distill-Llama-8B,LoRA-v2,13910,1.9906261180679785,1.3496,3.071113706647192e-05,trainer_state_deepseekv2.json
DeepSeek-R1-Distill-Llama-8B · LoRA-v2,DeepSeek-R1-Distill-Llama-8B,LoRA-v2,13920,1.9920572450805007,1.3769,3.0634352264294555e-05,trainer_state_deepseekv2.json
DeepSeek-R1-Distill-Llama-8B · LoRA-v2,DeepSeek-R1-Distill-Llama-8B,LoRA-v2,13930,1.9934883720930232,1.3594,3.055762115614382e-05,trainer_state_deepseekv2.json
DeepSeek-R1-Distill-Llama-8B · LoRA-v2,DeepSeek-R1-Distill-Llama-8B,LoRA-v2,13940,1.9949194991055457,1.3114,3.0480943954767687e-05,trainer_state_deepseekv2.json
DeepSeek-R1-Distill-Llama-8B · LoRA-v2,DeepSeek-R1-Distill-Llama-8B,LoRA-v2,13950,1.9963506261180681,1.2819,3.0404320872764647e-05,trainer_state_deepseekv2.json
DeepSeek-R1-Distill-Llama-8B · LoRA-v2,DeepSeek-R1-Distill-Llama-8B,LoRA-v2,13960,1.9977817531305904,1.2604,3.0327752122583137e-05,trainer_state_deepseekv2.json
DeepSeek-R1-Distill-Llama-8B · LoRA-v2,DeepSeek-R1-Distill-Llama-8B,LoRA-v2,13970,1.9992128801431126,1.3277,3.025123791652099e-05,trainer_state_deepseekv2.json
DeepSeek-R1-Distill-Llama-8B · LoRA-v2,DeepSeek-R1-Distill-Llama-8B,LoRA-v2,13980,2.000572450805009,1.3558,3.017477846672475e-05,trainer_state_deepseekv2.json
DeepSeek-R1-Distill-Llama-8B · LoRA-v2,DeepSeek-R1-Distill-Llama-8B,LoRA-v2,13990,2.0020035778175314,1.0929,3.009837398518921e-05,trainer_state_deepseekv2.json
DeepSeek-R1-Distill-Llama-8B · LoRA-v2,DeepSeek-R1-Distill-Llama-8B,LoRA-v2,14000,2.003434704830054,1.0672,3.0022024683756678e-05,trainer_state_deepseekv2.json
DeepSeek-R1-Distill-Llama-8B · LoRA-v2,DeepSeek-R1-Distill-Llama-8B,LoRA-v2,14010,2.004865831842576,1.1559,2.9945730774116555e-05,trainer_state_deepseekv2.json
DeepSeek-R1-Distill-Llama-8B · LoRA-v2,DeepSeek-R1-Distill-Llama-8B,LoRA-v2,14020,2.0062969588550983,1.1444,2.9869492467804537e-05,trainer_state_deepseekv2.json
DeepSeek-R1-Distill-Llama-8B · LoRA-v2,DeepSeek-R1-Distill-Llama-8B,LoRA-v2,14030,2.0077280858676207,0.9763,2.9793309976202293e-05,trainer_state_deepseekv2.json
DeepSeek-R1-Distill-Llama-8B · LoRA-v2,DeepSeek-R1-Distill-Llama-8B,LoRA-v2,14040,2.009159212880143,1.0365,2.9717183510536635e-05,trainer_state_deepseekv2.json
DeepSeek-R1-Distill-Llama-8B · LoRA-v2,DeepSeek-R1-Distill-Llama-8B,LoRA-v2,14050,2.0105903398926657,1.1844,2.964111328187909e-05,trainer_state_deepseekv2.json
DeepSeek-R1-Distill-Llama-8B · LoRA-v2,DeepSeek-R1-Distill-Llama-8B,LoRA-v2,14060,2.0120214669051877,1.1758,2.956509950114522e-05,trainer_state_deepseekv2.json
DeepSeek-R1-Distill-Llama-8B · LoRA-v2,DeepSeek-R1-Distill-Llama-8B,LoRA-v2,14070,2.01345259391771,1.1511,2.9489142379094136e-05,trainer_state_deepseekv2.json
DeepSeek-R1-Distill-Llama-8B · LoRA-v2,DeepSeek-R1-Distill-Llama-8B,LoRA-v2,14080,2.0148837209302326,1.0442,2.9413242126327788e-05,trainer_state_deepseekv2.json
DeepSeek-R1-Distill-Llama-8B · LoRA-v2,DeepSeek-R1-Distill-Llama-8B,LoRA-v2,14090,2.016314847942755,1.0528,2.9337398953290485e-05,trainer_state_deepseekv2.json
DeepSeek-R1-Distill-Llama-8B · LoRA-v2,DeepSeek-R1-Distill-Llama-8B,LoRA-v2,14100,2.017745974955277,1.0039,2.9261613070268244e-05,trainer_state_deepseekv2.json
DeepSeek-R1-Distill-Llama-8B · LoRA-v2,DeepSeek-R1-Distill-Llama-8B,LoRA-v2,14110,2.0191771019677995,1.1973,2.9185884687388278e-05,trainer_state_deepseekv2.json
DeepSeek-R1-Distill-Llama-8B · LoRA-v2,DeepSeek-R1-Distill-Llama-8B,LoRA-v2,14120,2.020608228980322,1.138,2.9110214014618365e-05,trainer_state_deepseekv2.json
DeepSeek-R1-Distill-Llama-8B · LoRA-v2,DeepSeek-R1-Distill-Llama-8B,LoRA-v2,14130,2.0220393559928445,1.1659,2.9034601261766246e-05,trainer_state_deepseekv2.json
DeepSeek-R1-Distill-Llama-8B · LoRA-v2,DeepSeek-R1-Distill-Llama-8B,LoRA-v2,14140,2.023470483005367,1.0675,2.8959046638479105e-05,trainer_state_deepseekv2.json
DeepSeek-R1-Distill-Llama-8B · LoRA-v2,DeepSeek-R1-Distill-Llama-8B,LoRA-v2,14150,2.024901610017889,0.9837,2.8883550354242906e-05,trainer_state_deepseekv2.json
DeepSeek-R1-Distill-Llama-8B · LoRA-v2,DeepSeek-R1-Distill-Llama-8B,LoRA-v2,14160,2.0263327370304114,1.172,2.8808112618381915e-05,trainer_state_deepseekv2.json
DeepSeek-R1-Distill-Llama-8B · LoRA-v2,DeepSeek-R1-Distill-Llama-8B,LoRA-v2,14170,2.027763864042934,1.0353,2.8732733640058028e-05,trainer_state_deepseekv2.json
DeepSeek-R1-Distill-Llama-8B · LoRA-v2,DeepSeek-R1-Distill-Llama-8B,LoRA-v2,14180,2.0291949910554563,1.0175,2.8657413628270236e-05,trainer_state_deepseekv2.json
DeepSeek-R1-Distill-Llama-8B · LoRA-v2,DeepSeek-R1-Distill-Llama-8B,LoRA-v2,14190,2.0306261180679783,1.0522,2.8582152791854024e-05,trainer_state_deepseekv2.json
DeepSeek-R1-Distill-Llama-8B · LoRA-v2,DeepSeek-R1-Distill-Llama-8B,LoRA-v2,14200,2.032057245080501,1.1799,2.8506951339480847e-05,trainer_state_deepseekv2.json
DeepSeek-R1-Distill-Llama-8B · LoRA-v2,DeepSeek-R1-Distill-Llama-8B,LoRA-v2,14210,2.0334883720930232,1.0602,2.8431809479657478e-05,trainer_state_deepseekv2.json
DeepSeek-R1-Distill-Llama-8B · LoRA-v2,DeepSeek-R1-Distill-Llama-8B,LoRA-v2,14220,2.0349194991055457,1.2065,2.835672742072546e-05,trainer_state_deepseekv2.json
DeepSeek-R1-Distill-Llama-8B · LoRA-v2,DeepSeek-R1-Distill-Llama-8B,LoRA-v2,14230,2.036350626118068,1.0581,2.8281705370860522e-05,trainer_state_deepseekv2.json
DeepSeek-R1-Distill-Llama-8B · LoRA-v2,DeepSeek-R1-Distill-Llama-8B,LoRA-v2,14240,2.03778175313059,1.0256,2.8206743538072045e-05,trainer_state_deepseekv2.json
DeepSeek-R1-Distill-Llama-8B · LoRA-v2,DeepSeek-R1-Distill-Llama-8B,LoRA-v2,14250,2.0392128801431126,1.08,2.81318421302024e-05,trainer_state_deepseekv2.json
DeepSeek-R1-Distill-Llama-8B · LoRA-v2,DeepSeek-R1-Distill-Llama-8B,LoRA-v2,14260,2.040644007155635,1.2104,2.8057001354926465e-05,trainer_state_deepseekv2.json
DeepSeek-R1-Distill-Llama-8B · LoRA-v2,DeepSeek-R1-Distill-Llama-8B,LoRA-v2,14270,2.0420751341681576,1.1352,2.7982221419750964e-05,trainer_state_deepseekv2.json
DeepSeek-R1-Distill-Llama-8B · LoRA-v2,DeepSeek-R1-Distill-Llama-8B,LoRA-v2,14280,2.0435062611806796,1.2646,2.790750253201399e-05,trainer_state_deepseekv2.json
DeepSeek-R1-Distill-Llama-8B · LoRA-v2,DeepSeek-R1-Distill-Llama-8B,LoRA-v2,14290,2.044937388193202,1.1394,2.7832844898884326e-05,trainer_state_deepseekv2.json
DeepSeek-R1-Distill-Llama-8B · LoRA-v2,DeepSeek-R1-Distill-Llama-8B,LoRA-v2,14300,2.0463685152057245,1.056,2.7758248727360957e-05,trainer_state_deepseekv2.json
DeepSeek-R1-Distill-Llama-8B · LoRA-v2,DeepSeek-R1-Distill-Llama-8B,LoRA-v2,14310,2.047799642218247,1.084,2.768371422427236e-05,trainer_state_deepseekv2.json
DeepSeek-R1-Distill-Llama-8B · LoRA-v2,DeepSeek-R1-Distill-Llama-8B,LoRA-v2,14320,2.0492307692307694,1.1623,2.760924159627617e-05,trainer_state_deepseekv2.json
DeepSeek-R1-Distill-Llama-8B · LoRA-v2,DeepSeek-R1-Distill-Llama-8B,LoRA-v2,14330,2.0506618962432914,1.1006,2.7534831049858366e-05,trainer_state_deepseekv2.json
DeepSeek-R1-Distill-Llama-8B · LoRA-v2,DeepSeek-R1-Distill-Llama-8B,LoRA-v2,14340,2.052093023255814,1.1056,2.746048279133283e-05,trainer_state_deepseekv2.json
DeepSeek-R1-Distill-Llama-8B · LoRA-v2,DeepSeek-R1-Distill-Llama-8B,LoRA-v2,14350,2.0535241502683363,1.2474,2.738619702684072e-05,trainer_state_deepseekv2.json
DeepSeek-R1-Distill-Llama-8B · LoRA-v2,DeepSeek-R1-Distill-Llama-8B,LoRA-v2,14360,2.054955277280859,1.1507,2.731197396234997e-05,trainer_state_deepseekv2.json
DeepSeek-R1-Distill-Llama-8B · LoRA-v2,DeepSeek-R1-Distill-Llama-8B,LoRA-v2,14370,2.056386404293381,1.0459,2.7237813803654632e-05,trainer_state_deepseekv2.json
DeepSeek-R1-Distill-Llama-8B · LoRA-v2,DeepSeek-R1-Distill-Llama-8B,LoRA-v2,14380,2.0578175313059033,1.1344,2.716371675637432e-05,trainer_state_deepseekv2.json
DeepSeek-R1-Distill-Llama-8B · LoRA-v2,DeepSeek-R1-Distill-Llama-8B,LoRA-v2,14390,2.0592486583184257,1.0346,2.7089683025953682e-05,trainer_state_deepseekv2.json
DeepSeek-R1-Distill-Llama-8B · LoRA-v2,DeepSeek-R1-Distill-Llama-8B,LoRA-v2,14400,2.060679785330948,1.1212,2.7015712817661852e-05,trainer_state_deepseekv2.json
DeepSeek-R1-Distill-Llama-8B · LoRA-v2,DeepSeek-R1-Distill-Llama-8B,LoRA-v2,14410,2.0621109123434707,0.995,2.6941806336591808e-05,trainer_state_deepseekv2.json
DeepSeek-R1-Distill-Llama-8B · LoRA-v2,DeepSeek-R1-Distill-Llama-8B,LoRA-v2,14420,2.0635420393559927,1.08,2.686796378765981e-05,trainer_state_deepseekv2.json
DeepSeek-R1-Distill-Llama-8B · LoRA-v2,DeepSeek-R1-Distill-Llama-8B,LoRA-v2,14430,2.064973166368515,0.8999,2.6794185375604876e-05,trainer_state_deepseekv2.json
DeepSeek-R1-Distill-Llama-8B · LoRA-v2,DeepSeek-R1-Distill-Llama-8B,LoRA-v2,14440,2.0664042933810376,1.1901,2.6720471304988226e-05,trainer_state_deepseekv2.json
DeepSeek-R1-Distill-Llama-8B · LoRA-v2,DeepSeek-R1-Distill-Llama-8B,LoRA-v2,14450,2.06783542039356,0.9098,2.6646821780192677e-05,trainer_state_deepseekv2.json
DeepSeek-R1-Distill-Llama-8B · LoRA-v2,DeepSeek-R1-Distill-Llama-8B,LoRA-v2,14460,2.069266547406082,1.0497,2.6573237005422003e-05,trainer_state_deepseekv2.json
DeepSeek-R1-Distill-Llama-8B · LoRA-v2,DeepSeek-R1-Distill-Llama-8B,LoRA-v2,14470,2.0706976744186045,1.055,2.6499717184700528e-05,trainer_state_deepseekv2.json
DeepSeek-R1-Distill-Llama-8B · LoRA-v2,DeepSeek-R1-Distill-Llama-8B,LoRA-v2,14480,2.072128801431127,1.0714,2.6426262521872497e-05,trainer_state_deepseekv2.json
DeepSeek-R1-Distill-Llama-8B · LoRA-v2,DeepSeek-R1-Distill-Llama-8B,LoRA-v2,14490,2.0735599284436494,1.0802,2.6352873220601443e-05,trainer_state_deepseekv2.json
DeepSeek-R1-Distill-Llama-8B · LoRA-v2,DeepSeek-R1-Distill-Llama-8B,LoRA-v2,14500,2.074991055456172,1.0766,2.627954948436969e-05,trainer_state_deepseekv2.json
DeepSeek-R1-Distill-Llama-8B · LoRA-v2,DeepSeek-R1-Distill-Llama-8B,LoRA-v2,14510,2.076422182468694,1.1532,2.6206291516477776e-05,trainer_state_deepseekv2.json
DeepSeek-R1-Distill-Llama-8B · LoRA-v2,DeepSeek-R1-Distill-Llama-8B,LoRA-v2,14520,2.0778533094812164,1.1484,2.613309952004393e-05,trainer_state_deepseekv2.json
DeepSeek-R1-Distill-Llama-8B · LoRA-v2,DeepSeek-R1-Distill-Llama-8B,LoRA-v2,14530,2.079284436493739,0.8746,2.605997369800337e-05,trainer_state_deepseekv2.json
DeepSeek-R1-Distill-Llama-8B · LoRA-v2,DeepSeek-R1-Distill-Llama-8B,LoRA-v2,14540,2.0807155635062613,1.0048,2.598691425310792e-05,trainer_state_deepseekv2.json
DeepSeek-R1-Distill-Llama-8B · LoRA-v2,DeepSeek-R1-Distill-Llama-8B,LoRA-v2,14550,2.0821466905187833,1.1327,2.5913921387925298e-05,trainer_state_deepseekv2.json
DeepSeek-R1-Distill-Llama-8B · LoRA-v2,DeepSeek-R1-Distill-Llama-8B,LoRA-v2,14560,2.0835778175313058,1.0911,2.584099530483871e-05,trainer_state_deepseekv2.json
DeepSeek-R1-Distill-Llama-8B · LoRA-v2,DeepSeek-R1-Distill-Llama-8B,LoRA-v2,14570,2.0850089445438282,0.9442,2.5768136206046124e-05,trainer_state_deepseekv2.json
DeepSeek-R1-Distill-Llama-8B · LoRA-v2,DeepSeek-R1-Distill-Llama-8B,LoRA-v2,14580,2.0864400715563507,1.187,2.5695344293559798e-05,trainer_state_deepseekv2.json
DeepSeek-R1-Distill-Llama-8B · LoRA-v2,DeepSeek-R1-Distill-Llama-8B,LoRA-v2,14590,2.087871198568873,1.0385,2.5622619769205706e-05,trainer_state_deepseekv2.json
DeepSeek-R1-Distill-Llama-8B · LoRA-v2,DeepSeek-R1-Distill-Llama-8B,LoRA-v2,14600,2.089302325581395,1.0834,2.554996283462304e-05,trainer_state_deepseekv2.json
DeepSeek-R1-Distill-Llama-8B · LoRA-v2,DeepSeek-R1-Distill-Llama-8B,LoRA-v2,14610,2.0907334525939176,1.1382,2.5477373691263484e-05,trainer_state_deepseekv2.json
DeepSeek-R1-Distill-Llama-8B · LoRA-v2,DeepSeek-R1-Distill-Llama-8B,LoRA-v2,14620,2.09216457960644,1.1657,2.5404852540390832e-05,trainer_state_deepseekv2.json
DeepSeek-R1-Distill-Llama-8B · LoRA-v2,DeepSeek-R1-Distill-Llama-8B,LoRA-v2,14630,2.0935957066189625,1.2618,2.5332399583080312e-05,trainer_state_deepseekv2.json
DeepSeek-R1-Distill-Llama-8B · LoRA-v2,DeepSeek-R1-Distill-Llama-8B,LoRA-v2,14640,2.095026833631485,1.1337,2.5260015020218165e-05,trainer_state_deepseekv2.json
DeepSeek-R1-Distill-Llama-8B · LoRA-v2,DeepSeek-R1-Distill-Llama-8B,LoRA-v2,14650,2.096457960644007,1.0538,2.51876990525009e-05,trainer_state_deepseekv2.json
DeepSeek-R1-Distill-Llama-8B · LoRA-v2,DeepSeek-R1-Distill-Llama-8B,LoRA-v2,14660,2.0978890876565295,1.1658,2.511545188043488e-05,trainer_state_deepseekv2.json
DeepSeek-R1-Distill-Llama-8B · LoRA-v2,DeepSeek-R1-Distill-Llama-8B,LoRA-v2,14670,2.099320214669052,0.9871,2.5043273704335723e-05,trainer_state_deepseekv2.json
DeepSeek-R1-Distill-Llama-8B · LoRA-v2,DeepSeek-R1-Distill-Llama-8B,LoRA-v2,14680,2.1007513416815744,1.11,2.4971164724327733e-05,trainer_state_deepseekv2.json
DeepSeek-R1-Distill-Llama-8B · LoRA-v2,DeepSeek-R1-Distill-Llama-8B,LoRA-v2,14690,2.1021824686940964,1.1276,2.489912514034337e-05,trainer_state_deepseekv2.json
DeepSeek-R1-Distill-Llama-8B · LoRA-v2,DeepSeek-R1-Distill-Llama-8B,LoRA-v2,14700,2.103613595706619,1.1657,2.4827155152122677e-05,trainer_state_deepseekv2.json
DeepSeek-R1-Distill-Llama-8B · LoRA-v2,DeepSeek-R1-Distill-Llama-8B,LoRA-v2,14710,2.1050447227191413,1.1374,2.4755254959212714e-05,trainer_state_deepseekv2.json
DeepSeek-R1-Distill-Llama-8B · LoRA-v2,DeepSeek-R1-Distill-Llama-8B,LoRA-v2,14720,2.106475849731664,1.0207,2.4683424760967082e-05,trainer_state_deepseekv2.json
DeepSeek-R1-Distill-Llama-8B · LoRA-v2,DeepSeek-R1-Distill-Llama-8B,LoRA-v2,14730,2.1079069767441863,1.0521,2.4611664756545256e-05,trainer_state_deepseekv2.json
DeepSeek-R1-Distill-Llama-8B · LoRA-v2,DeepSeek-R1-Distill-Llama-8B,LoRA-v2,14740,2.1093381037567083,0.9761,2.4539975144912125e-05,trainer_state_deepseekv2.json
DeepSeek-R1-Distill-Llama-8B · LoRA-v2,DeepSeek-R1-Distill-Llama-8B,LoRA-v2,14750,2.1107692307692307,1.0995,2.4468356124837326e-05,trainer_state_deepseekv2.json
DeepSeek-R1-Distill-Llama-8B · LoRA-v2,DeepSeek-R1-Distill-Llama-8B,LoRA-v2,14760,2.112200357781753,1.0769,2.4396807894894892e-05,trainer_state_deepseekv2.json
DeepSeek-R1-Distill-Llama-8B · LoRA-v2,DeepSeek-R1-Distill-Llama-8B,LoRA-v2,14770,2.1136314847942757,1.0214,2.432533065346249e-05,trainer_state_deepseekv2.json
DeepSeek-R1-Distill-Llama-8B · LoRA-v2,DeepSeek-R1-Distill-Llama-8B,LoRA-v2,14780,2.1150626118067977,1.0263,2.4253924598721e-05,trainer_state_deepseekv2.json
DeepSeek-R1-Distill-Llama-8B · LoRA-v2,DeepSeek-R1-Distill-Llama-8B,LoRA-v2,14790,2.11649373881932,1.09,2.4182589928653894e-05,trainer_state_deepseekv2.json
DeepSeek-R1-Distill-Llama-8B · LoRA-v2,DeepSeek-R1-Distill-Llama-8B,LoRA-v2,14800,2.1179248658318426,1.176,2.4111326841046778e-05,trainer_state_deepseekv2.json
DeepSeek-R1-Distill-Llama-8B · LoRA-v2,DeepSeek-R1-Distill-Llama-8B,LoRA-v2,14810,2.119355992844365,1.1842,2.4040135533486723e-05,trainer_state_deepseekv2.json
DeepSeek-R1-Distill-Llama-8B · LoRA-v2,DeepSeek-R1-Distill-Llama-8B,LoRA-v2,14820,2.1207871198568875,1.078,2.3969016203361837e-05,trainer_state_deepseekv2.json
DeepSeek-R1-Distill-Llama-8B · LoRA-v2,DeepSeek-R1-Distill-Llama-8B,LoRA-v2,14830,2.1222182468694095,1.0721,2.389796904786057e-05,trainer_state_deepseekv2.json
DeepSeek-R1-Distill-Llama-8B · LoRA-v2,DeepSeek-R1-Distill-Llama-8B,LoRA-v2,14840,2.123649373881932,1.1008,2.3826994263971368e-05,trainer_state_deepseekv2.json
DeepSeek-R1-Distill-Llama-8B · LoRA-v2,DeepSeek-R1-Distill-Llama-8B,LoRA-v2,14850,2.1250805008944544,1.1767,2.3756092048481953e-05,trainer_state_deepseekv2.json
DeepSeek-R1-Distill-Llama-8B · LoRA-v2,DeepSeek-R1-Distill-Llama-8B,LoRA-v2,14860,2.126511627906977,1.1136,2.3685262597978848e-05,trainer_state_deepseekv2.json
DeepSeek-R1-Distill-Llama-8B · LoRA-v2,DeepSeek-R1-Distill-Llama-8B,LoRA-v2,14870,2.127942754919499,1.1251,2.3614506108846812e-05,trainer_state_deepseekv2.json
DeepSeek-R1-Distill-Llama-8B · LoRA-v2,DeepSeek-R1-Distill-Llama-8B,LoRA-v2,14880,2.1293738819320214,1.1734,2.354382277726836e-05,trainer_state_deepseekv2.json
DeepSeek-R1-Distill-Llama-8B · LoRA-v2,DeepSeek-R1-Distill-Llama-8B,LoRA-v2,14890,2.130805008944544,1.0633,2.347321279922314e-05,trainer_state_deepseekv2.json
DeepSeek-R1-Distill-Llama-8B · LoRA-v2,DeepSeek-R1-Distill-Llama-8B,LoRA-v2,14900,2.1322361359570663,1.0826,2.3402676370487366e-05,trainer_state_deepseekv2.json
DeepSeek-R1-Distill-Llama-8B · LoRA-v2,DeepSeek-R1-Distill-Llama-8B,LoRA-v2,14910,2.1336672629695888,1.1567,2.333221368663337e-05,trainer_state_deepseekv2.json
DeepSeek-R1-Distill-Llama-8B · LoRA-v2,DeepSeek-R1-Distill-Llama-8B,LoRA-v2,14920,2.1350983899821108,1.0313,2.3261824943029055e-05,trainer_state_deepseekv2.json
DeepSeek-R1-Distill-Llama-8B · LoRA-v2,DeepSeek-R1-Distill-Llama-8B,LoRA-v2,14930,2.1365295169946332,1.0033,2.319151033483725e-05,trainer_state_deepseekv2.json
DeepSeek-R1-Distill-Llama-8B · LoRA-v2,DeepSeek-R1-Distill-Llama-8B,LoRA-v2,14940,2.1379606440071557,1.0588,2.312127005701527e-05,trainer_state_deepseekv2.json
DeepSeek-R1-Distill-Llama-8B · LoRA-v2,DeepSeek-R1-Distill-Llama-8B,LoRA-v2,14950,2.139391771019678,1.0212,2.3051104304314304e-05,trainer_state_deepseekv2.json
DeepSeek-R1-Distill-Llama-8B · LoRA-v2,DeepSeek-R1-Distill-Llama-8B,LoRA-v2,14960,2.1408228980322,1.031,2.298101327127898e-05,trainer_state_deepseekv2.json
DeepSeek-R1-Distill-Llama-8B · LoRA-v2,DeepSeek-R1-Distill-Llama-8B,LoRA-v2,14970,2.1422540250447226,1.0539,2.291099715224665e-05,trainer_state_deepseekv2.json
DeepSeek-R1-Distill-Llama-8B · LoRA-v2,DeepSeek-R1-Distill-Llama-8B,LoRA-v2,14980,2.143685152057245,1.2286,2.2841056141347038e-05,trainer_state_deepseekv2.json
DeepSeek-R1-Distill-Llama-8B · LoRA-v2,DeepSeek-R1-Distill-Llama-8B,LoRA-v2,14990,2.1451162790697675,1.2492,2.2771190432501578e-05,trainer_state_deepseekv2.json
DeepSeek-R1-Distill-Llama-8B · LoRA-v2,DeepSeek-R1-Distill-Llama-8B,LoRA-v2,15000,2.14654740608229,1.0261,2.2701400219422963e-05,trainer_state_deepseekv2.json
DeepSeek-R1-Distill-Llama-8B · LoRA-v2,DeepSeek-R1-Distill-Llama-8B,LoRA-v2,15010,2.147978533094812,1.1508,2.2631685695614523e-05,trainer_state_deepseekv2.json
DeepSeek-R1-Distill-Llama-8B · LoRA-v2,DeepSeek-R1-Distill-Llama-8B,LoRA-v2,15020,2.1494096601073345,1.0634,2.256204705436974e-05,trainer_state_deepseekv2.json
DeepSeek-R1-Distill-Llama-8B · LoRA-v2,DeepSeek-R1-Distill-Llama-8B,LoRA-v2,15030,2.150840787119857,1.058,2.2492484488771677e-05,trainer_state_deepseekv2.json
DeepSeek-R1-Distill-Llama-8B · LoRA-v2,DeepSeek-R1-Distill-Llama-8B,LoRA-v2,15040,2.1522719141323794,1.0659,2.2422998191692558e-05,trainer_state_deepseekv2.json
DeepSeek-R1-Distill-Llama-8B · LoRA-v2,DeepSeek-R1-Distill-Llama-8B,LoRA-v2,15050,2.1537030411449014,1.2392,2.235358835579301e-05,trainer_state_deepseekv2.json
DeepSeek-R1-Distill-Llama-8B · LoRA-v2,DeepSeek-R1-Distill-Llama-8B,LoRA-v2,15060,2.155134168157424,1.1379,2.2284255173521746e-05,trainer_state_deepseekv2.json
DeepSeek-R1-Distill-Llama-8B · LoRA-v2,DeepSeek-R1-Distill-Llama-8B,LoRA-v2,15070,2.1565652951699463,1.1073,2.2214998837114904e-05,trainer_state_deepseekv2.json
DeepSeek-R1-Distill-Llama-8B · LoRA-v2,DeepSeek-R1-Distill-Llama-8B,LoRA-v2,15080,2.157996422182469,1.1813,2.214581953859562e-05,trainer_state_deepseekv2.json
DeepSeek-R1-Distill-Llama-8B · LoRA-v2,DeepSeek-R1-Distill-Llama-8B,LoRA-v2,15090,2.1594275491949912,1.086,2.2076717469773368e-05,trainer_state_deepseekv2.json
DeepSeek-R1-Distill-Llama-8B · LoRA-v2,DeepSeek-R1-Distill-Llama-8B,LoRA-v2,15100,2.1608586762075133,1.0056,2.2007692822243502e-05,trainer_state_deepseekv2.json
DeepSeek-R1-Distill-Llama-8B · LoRA-v2,DeepSeek-R1-Distill-Llama-8B,LoRA-v2,15110,2.1622898032200357,0.9687,2.1938745787386737e-05,trainer_state_deepseekv2.json
DeepSeek-R1-Distill-Llama-8B · LoRA-v2,DeepSeek-R1-Distill-Llama-8B,LoRA-v2,15120,2.163720930232558,1.0537,2.1869876556368584e-05,trainer_state_deepseekv2.json
DeepSeek-R1-Distill-Llama-8B · LoRA-v2,DeepSeek-R1-Distill-Llama-8B,LoRA-v2,15130,2.1651520572450806,1.1715,2.180108532013882e-05,trainer_state_deepseekv2.json
DeepSeek-R1-Distill-Llama-8B · LoRA-v2,DeepSeek-R1-Distill-Llama-8B,LoRA-v2,15140,2.1665831842576027,1.1077,2.1732372269430985e-05,trainer_state_deepseekv2.json
DeepSeek-R1-Distill-Llama-8B · LoRA-v2,DeepSeek-R1-Distill-Llama-8B,LoRA-v2,15150,2.168014311270125,1.1018,2.1663737594761814e-05,trainer_state_deepseekv2.json
DeepSeek-R1-Distill-Llama-8B · LoRA-v2,DeepSeek-R1-Distill-Llama-8B,LoRA-v2,15160,2.1694454382826476,1.1553,2.15951814864308e-05,trainer_state_deepseekv2.json
DeepSeek-R1-Distill-Llama-8B · LoRA-v2,DeepSeek-R1-Distill-Llama-8B,LoRA-v2,15170,2.17087656529517,0.9876,2.152670413451952e-05,trainer_state_deepseekv2.json
DeepSeek-R1-Distill-Llama-8B · LoRA-v2,DeepSeek-R1-Distill-Llama-8B,LoRA-v2,15180,2.1723076923076925,1.1464,2.1458305728891236e-05,trainer_state_deepseekv2.json
DeepSeek-R1-Distill-Llama-8B · LoRA-v2,DeepSeek-R1-Distill-Llama-8B,LoRA-v2,15190,2.1737388193202145,1.3171,2.1389986459190298e-05,trainer_state_deepseekv2.json
DeepSeek-R1-Distill-Llama-8B · LoRA-v2,DeepSeek-R1-Distill-Llama-8B,LoRA-v2,15200,2.175169946332737,0.9978,2.1321746514841644e-05,trainer_state_deepseekv2.json
DeepSeek-R1-Distill-Llama-8B · LoRA-v2,DeepSeek-R1-Distill-Llama-8B,LoRA-v2,15210,2.1766010733452594,1.202,2.125358608505028e-05,trainer_state_deepseekv2.json
DeepSeek-R1-Distill-Llama-8B · LoRA-v2,DeepSeek-R1-Distill-Llama-8B,LoRA-v2,15220,2.178032200357782,1.2198,2.118550535880074e-05,trainer_state_deepseekv2.json
DeepSeek-R1-Distill-Llama-8B · LoRA-v2,DeepSeek-R1-Distill-Llama-8B,LoRA-v2,15230,2.1794633273703043,1.1657,2.1117504524856546e-05,trainer_state_deepseekv2.json
DeepSeek-R1-Distill-Llama-8B · LoRA-v2,DeepSeek-R1-Distill-Llama-8B,LoRA-v2,15240,2.1808944543828264,1.1451,2.1049583771759775e-05,trainer_state_deepseekv2.json
DeepSeek-R1-Distill-Llama-8B · LoRA-v2,DeepSeek-R1-Distill-Llama-8B,LoRA-v2,15250,2.182325581395349,1.2004,2.09817432878304e-05,trainer_state_deepseekv2.json
DeepSeek-R1-Distill-Llama-8B · LoRA-v2,DeepSeek-R1-Distill-Llama-8B,LoRA-v2,15260,2.1837567084078713,1.0675,2.0913983261165886e-05,trainer_state_deepseekv2.json
DeepSeek-R1-Distill-Llama-8B · LoRA-v2,DeepSeek-R1-Distill-Llama-8B,LoRA-v2,15270,2.1851878354203937,1.1272,2.0846303879640526e-05,trainer_state_deepseekv2.json
DeepSeek-R1-Distill-Llama-8B · LoRA-v2,DeepSeek-R1-Distill-Llama-8B,LoRA-v2,15280,2.1866189624329158,0.9868,2.0778705330905152e-05,trainer_state_deepseekv2.json
DeepSeek-R1-Distill-Llama-8B · LoRA-v2,DeepSeek-R1-Distill-Llama-8B,LoRA-v2,15290,2.188050089445438,0.9891,2.0711187802386366e-05,trainer_state_deepseekv2.json
DeepSeek-R1-Distill-Llama-8B · LoRA-v2,DeepSeek-R1-Distill-Llama-8B,LoRA-v2,15300,2.1894812164579607,1.1284,2.0643751481286184e-05,trainer_state_deepseekv2.json
DeepSeek-R1-Distill-Llama-8B · LoRA-v2,DeepSeek-R1-Distill-Llama-8B,LoRA-v2,15310,2.190912343470483,1.1299,2.0576396554581413e-05,trainer_state_deepseekv2.json
DeepSeek-R1-Distill-Llama-8B · LoRA-v2,DeepSeek-R1-Distill-Llama-8B,LoRA-v2,15320,2.1923434704830056,1.1458,2.0509123209023262e-05,trainer_state_deepseekv2.json
DeepSeek-R1-Distill-Llama-8B · LoRA-v2,DeepSeek-R1-Distill-Llama-8B,LoRA-v2,15330,2.1937745974955276,1.0935,2.0441931631136697e-05,trainer_state_deepseekv2.json
DeepSeek-R1-Distill-Llama-8B · LoRA-v2,DeepSeek-R1-Distill-Llama-8B,LoRA-v2,15340,2.19520572450805,1.0832,2.0374822007219936e-05,trainer_state_deepseekv2.json
DeepSeek-R1-Distill-Llama-8B · LoRA-v2,DeepSeek-R1-Distill-Llama-8B,LoRA-v2,15350,2.1966368515205725,1.0772,2.0307794523343998e-05,trainer_state_deepseekv2.json
DeepSeek-R1-Distill-Llama-8B · LoRA-v2,DeepSeek-R1-Distill-Llama-8B,LoRA-v2,15360,2.198067978533095,1.1558,2.024084936535221e-05,trainer_state_deepseekv2.json
DeepSeek-R1-Distill-Llama-8B · LoRA-v2,DeepSeek-R1-Distill-Llama-8B,LoRA-v2,15370,2.199499105545617,1.2442,2.0173986718859568e-05,trainer_state_deepseekv2.json
DeepSeek-R1-Distill-Llama-8B · LoRA-v2,DeepSeek-R1-Distill-Llama-8B,LoRA-v2,15380,2.2009302325581395,1.0596,2.0107206769252317e-05,trainer_state_deepseekv2.json
DeepSeek-R1-Distill-Llama-8B · LoRA-v2,DeepSeek-R1-Distill-Llama-8B,LoRA-v2,15390,2.202361359570662,1.0794,2.00405097016874e-05,trainer_state_deepseekv2.json
DeepSeek-R1-Distill-Llama-8B · LoRA-v2,DeepSeek-R1-Distill-Llama-8B,LoRA-v2,15400,2.2037924865831844,1.143,1.9973895701091998e-05,trainer_state_deepseekv2.json
DeepSeek-R1-Distill-Llama-8B · LoRA-v2,DeepSeek-R1-Distill-Llama-8B,LoRA-v2,15410,2.205223613595707,1.0937,1.990736495216296e-05,trainer_state_deepseekv2.json
DeepSeek-R1-Distill-Llama-8B · LoRA-v2,DeepSeek-R1-Distill-Llama-8B,LoRA-v2,15420,2.206654740608229,1.0343,1.9840917639366257e-05,trainer_state_deepseekv2.json
DeepSeek-R1-Distill-Llama-8B · LoRA-v2,DeepSeek-R1-Distill-Llama-8B,LoRA-v2,15430,2.2080858676207513,1.0755,1.9774553946936563e-05,trainer_state_deepseekv2.json
DeepSeek-R1-Distill-Llama-8B · LoRA-v2,DeepSeek-R1-Distill-Llama-8B,LoRA-v2,15440,2.209516994633274,1.1163,1.970827405887674e-05,trainer_state_deepseekv2.json
DeepSeek-R1-Distill-Llama-8B · LoRA-v2,DeepSeek-R1-Distill-Llama-8B,LoRA-v2,15450,2.2109481216457962,1.1543,1.9642078158957228e-05,trainer_state_deepseekv2.json
DeepSeek-R1-Distill-Llama-8B · LoRA-v2,DeepSeek-R1-Distill-Llama-8B,LoRA-v2,15460,2.2123792486583183,1.1214,1.957596643071563e-05,trainer_state_deepseekv2.json
DeepSeek-R1-Distill-Llama-8B · LoRA-v2,DeepSeek-R1-Distill-Llama-8B,LoRA-v2,15470,2.2138103756708407,1.1171,1.950993905745614e-05,trainer_state_deepseekv2.json
DeepSeek-R1-Distill-Llama-8B · LoRA-v2,DeepSeek-R1-Distill-Llama-8B,LoRA-v2,15480,2.215241502683363,1.0061,1.9443996222249144e-05,trainer_state_deepseekv2.json
DeepSeek-R1-Distill-Llama-8B · LoRA-v2,DeepSeek-R1-Distill-Llama-8B,LoRA-v2,15490,2.2166726296958856,1.0543,1.937813810793052e-05,trainer_state_deepseekv2.json
DeepSeek-R1-Distill-Llama-8B · LoRA-v2,DeepSeek-R1-Distill-Llama-8B,LoRA-v2,15500,2.218103756708408,1.1071,1.9312364897101332e-05,trainer_state_deepseekv2.json
DeepSeek-R1-Distill-Llama-8B · LoRA-v2,DeepSeek-R1-Distill-Llama-8B,LoRA-v2,15510,2.21953488372093,1.0978,1.9246676772127185e-05,trainer_state_deepseekv2.json
DeepSeek-R1-Distill-Llama-8B · LoRA-v2,DeepSeek-R1-Distill-Llama-8B,LoRA-v2,15520,2.2209660107334526,1.0742,1.9181073915137836e-05,trainer_state_deepseekv2.json
DeepSeek-R1-Distill-Llama-8B · LoRA-v2,DeepSeek-R1-Distill-Llama-8B,LoRA-v2,15530,2.222397137745975,1.0937,1.911555650802656e-05,trainer_state_deepseekv2.json
DeepSeek-R1-Distill-Llama-8B · LoRA-v2,DeepSeek-R1-Distill-Llama-8B,LoRA-v2,15540,2.2238282647584975,1.2355,1.9050124732449737e-05,trainer_state_deepseekv2.json
DeepSeek-R1-Distill-Llama-8B · LoRA-v2,DeepSeek-R1-Distill-Llama-8B,LoRA-v2,15550,2.2252593917710195,1.1817,1.8984778769826316e-05,trainer_state_deepseekv2.json
DeepSeek-R1-Distill-Llama-8B · LoRA-v2,DeepSeek-R1-Distill-Llama-8B,LoRA-v2,15560,2.226690518783542,1.1727,1.8919518801337322e-05,trainer_state_deepseekv2.json
DeepSeek-R1-Distill-Llama-8B · LoRA-v2,DeepSeek-R1-Distill-Llama-8B,LoRA-v2,15570,2.2281216457960644,1.0576,1.8854345007925345e-05,trainer_state_deepseekv2.json
DeepSeek-R1-Distill-Llama-8B · LoRA-v2,DeepSeek-R1-Distill-Llama-8B,LoRA-v2,15580,2.229552772808587,1.0659,1.8789257570294048e-05,trainer_state_deepseekv2.json
DeepSeek-R1-Distill-Llama-8B · LoRA-v2,DeepSeek-R1-Distill-Llama-8B,LoRA-v2,15590,2.2309838998211093,0.9355,1.872425666890763e-05,trainer_state_deepseekv2.json
DeepSeek-R1-Distill-Llama-8B · LoRA-v2,DeepSeek-R1-Distill-Llama-8B,LoRA-v2,15600,2.2324150268336314,1.1696,1.8659342483990426e-05,trainer_state_deepseekv2.json
DeepSeek-R1-Distill-Llama-8B · LoRA-v2,DeepSeek-R1-Distill-Llama-8B,LoRA-v2,15610,2.233846153846154,1.1193,1.8594515195526267e-05,trainer_state_deepseekv2.json
DeepSeek-R1-Distill-Llama-8B · LoRA-v2,DeepSeek-R1-Distill-Llama-8B,LoRA-v2,15620,2.2352772808586763,1.0994,1.852977498325808e-05,trainer_state_deepseekv2.json
DeepSeek-R1-Distill-Llama-8B · LoRA-v2,DeepSeek-R1-Distill-Llama-8B,LoRA-v2,15630,2.2367084078711987,1.1335,1.8465122026687366e-05,trainer_state_deepseekv2.json
DeepSeek-R1-Distill-Llama-8B · LoRA-v2,DeepSeek-R1-Distill-Llama-8B,LoRA-v2,15640,2.2381395348837207,0.9634,1.840055650507368e-05,trainer_state_deepseekv2.json
DeepSeek-R1-Distill-Llama-8B · LoRA-v2,DeepSeek-R1-Distill-Llama-8B,LoRA-v2,15650,2.239570661896243,0.9809,1.833607859743416e-05,trainer_state_deepseekv2.json
DeepSeek-R1-Distill-Llama-8B · LoRA-v2,DeepSeek-R1-Distill-Llama-8B,LoRA-v2,15660,2.2410017889087657,1.1744,1.8271688482543025e-05,trainer_state_deepseekv2.json
DeepSeek-R1-Distill-Llama-8B · LoRA-v2,DeepSeek-R1-Distill-Llama-8B,LoRA-v2,15670,2.242432915921288,0.9836,1.8207386338931055e-05,trainer_state_deepseekv2.json
DeepSeek-R1-Distill-Llama-8B · LoRA-v2,DeepSeek-R1-Distill-Llama-8B,LoRA-v2,15680,2.2438640429338106,0.9544,1.8143172344885168e-05,trainer_state_deepseekv2.json
DeepSeek-R1-Distill-Llama-8B · LoRA-v2,DeepSeek-R1-Distill-Llama-8B,LoRA-v2,15690,2.2452951699463326,1.0654,1.807904667844783e-05,trainer_state_deepseekv2.json
DeepSeek-R1-Distill-Llama-8B · LoRA-v2,DeepSeek-R1-Distill-Llama-8B,LoRA-v2,15700,2.246726296958855,1.0818,1.8015009517416633e-05,trainer_state_deepseekv2.json
DeepSeek-R1-Distill-Llama-8B · LoRA-v2,DeepSeek-R1-Distill-Llama-8B,LoRA-v2,15710,2.2481574239713775,1.2355,1.7951061039343696e-05,trainer_state_deepseekv2.json
DeepSeek-R1-Distill-Llama-8B · LoRA-v2,DeepSeek-R1-Distill-Llama-8B,LoRA-v2,15720,2.2495885509839,1.2354,1.788720142153539e-05,trainer_state_deepseekv2.json
DeepSeek-R1-Distill-Llama-8B · LoRA-v2,DeepSeek-R1-Distill-Llama-8B,LoRA-v2,15730,2.251019677996422,1.0052,1.78234308410516e-05,trainer_state_deepseekv2.json
DeepSeek-R1-Distill-Llama-8B · LoRA-v2,DeepSeek-R1-Distill-Llama-8B,LoRA-v2,15740,2.2524508050089445,1.1381,1.7759749474705378e-05,trainer_state_deepseekv2.json
DeepSeek-R1-Distill-Llama-8B · LoRA-v2,DeepSeek-R1-Distill-Llama-8B,LoRA-v2,15750,2.253881932021467,1.1078,1.7696157499062404e-05,trainer_state_deepseekv2.json
DeepSeek-R1-Distill-Llama-8B · LoRA-v2,DeepSeek-R1-Distill-Llama-8B,LoRA-v2,15760,2.2553130590339894,1.0827,1.7632655090440552e-05,trainer_state_deepseekv2.json
DeepSeek-R1-Distill-Llama-8B · LoRA-v2,DeepSeek-R1-Distill-Llama-8B,LoRA-v2,15770,2.256744186046512,1.0932,1.7569242424909334e-05,trainer_state_deepseekv2.json
DeepSeek-R1-Distill-Llama-8B · LoRA-v2,DeepSeek-R1-Distill-Llama-8B,LoRA-v2,15780,2.258175313059034,1.102,1.7505919678289378e-05,trainer_state_deepseekv2.json
DeepSeek-R1-Distill-Llama-8B · LoRA-v2,DeepSeek-R1-Distill-Llama-8B,LoRA-v2,15790,2.2596064400715563,1.1789,1.744268702615207e-05,trainer_state_deepseekv2.json
DeepSeek-R1-Distill-Llama-8B · LoRA-v2,DeepSeek-R1-Distill-Llama-8B,LoRA-v2,15800,2.2610375670840788,1.1812,1.7379544643819002e-05,trainer_state_deepseekv2.json
DeepSeek-R1-Distill-Llama-8B · LoRA-v2,DeepSeek-R1-Distill-Llama-8B,LoRA-v2,15810,2.2624686940966012,1.1297,1.7316492706361443e-05,trainer_state_deepseekv2.json
DeepSeek-R1-Distill-Llama-8B · LoRA-v2,DeepSeek-R1-Distill-Llama-8B,LoRA-v2,15820,2.2638998211091232,1.0722,1.7253531388599893e-05,trainer_state_deepseekv2.json
DeepSeek-R1-Distill-Llama-8B · LoRA-v2,DeepSeek-R1-Distill-Llama-8B,LoRA-v2,15830,2.2653309481216457,0.9887,1.7190660865103597e-05,trainer_state_deepseekv2.json
DeepSeek-R1-Distill-Llama-8B · LoRA-v2,DeepSeek-R1-Distill-Llama-8B,LoRA-v2,15840,2.266762075134168,1.1135,1.7127881310190103e-05,trainer_state_deepseekv2.json
DeepSeek-R1-Distill-Llama-8B · LoRA-v2,DeepSeek-R1-Distill-Llama-8B,LoRA-v2,15850,2.2681932021466906,1.0595,1.7065192897924698e-05,trainer_state_deepseekv2.json
DeepSeek-R1-Distill-Llama-8B · LoRA-v2,DeepSeek-R1-Distill-Llama-8B,LoRA-v2,15860,2.269624329159213,1.1536,1.700259580211993e-05,trainer_state_deepseekv2.json
DeepSeek-R1-Distill-Llama-8B · LoRA-v2,DeepSeek-R1-Distill-Llama-8B,LoRA-v2,15870,2.271055456171735,1.1403,1.69400901963352e-05,trainer_state_deepseekv2.json
DeepSeek-R1-Distill-Llama-8B · LoRA-v2,DeepSeek-R1-Distill-Llama-8B,LoRA-v2,15880,2.2724865831842576,1.1117,1.687767625387627e-05,trainer_state_deepseekv2.json
DeepSeek-R1-Distill-Llama-8B · LoRA-v2,DeepSeek-R1-Distill-Llama-8B,LoRA-v2,15890,2.27391771019678,0.9585,1.6815354147794692e-05,trainer_state_deepseekv2.json
DeepSeek-R1-Distill-Llama-8B · LoRA-v2,DeepSeek-R1-Distill-Llama-8B,LoRA-v2,15900,2.2753488372093025,1.0497,1.6753124050887425e-05,trainer_state_deepseekv2.json
DeepSeek-R1-Distill-Llama-8B · LoRA-v2,DeepSeek-R1-Distill-Llama-8B,LoRA-v2,15910,2.2767799642218245,1.0606,1.669098613569628e-05,trainer_state_deepseekv2.json
DeepSeek-R1-Distill-Llama-8B · LoRA-v2,DeepSeek-R1-Distill-Llama-8B,LoRA-v2,15920,2.278211091234347,1.1705,1.6628940574507573e-05,trainer_state_deepseekv2.json
DeepSeek-R1-Distill-Llama-8B · LoRA-v2,DeepSeek-R1-Distill-Llama-8B,LoRA-v2,15930,2.2796422182468694,1.1696,1.656698753935143e-05,trainer_state_deepseekv2.json
DeepSeek-R1-Distill-Llama-8B · LoRA-v2,DeepSeek-R1-Distill-Llama-8B,LoRA-v2,15940,2.281073345259392,1.2048,1.6505127202001518e-05,trainer_state_deepseekv2.json
DeepSeek-R1-Distill-Llama-8B · LoRA-v2,DeepSeek-R1-Distill-Llama-8B,LoRA-v2,15950,2.2825044722719143,1.1111,1.644335973397445e-05,trainer_state_deepseekv2.json
DeepSeek-R1-Distill-Llama-8B · LoRA-v2,DeepSeek-R1-Distill-Llama-8B,LoRA-v2,15960,2.2839355992844363,1.0951,1.6381685306529394e-05,trainer_state_deepseekv2.json
DeepSeek-R1-Distill-Llama-8B · LoRA-v2,DeepSeek-R1-Distill-Llama-8B,LoRA-v2,15970,2.285366726296959,0.9168,1.63201040906675e-05,trainer_state_deepseekv2.json
DeepSeek-R1-Distill-Llama-8B · LoRA-v2,DeepSeek-R1-Distill-Llama-8B,LoRA-v2,15980,2.2867978533094813,1.127,1.6258616257131485e-05,trainer_state_deepseekv2.json
DeepSeek-R1-Distill-Llama-8B · LoRA-v2,DeepSeek-R1-Distill-Llama-8B,LoRA-v2,15990,2.2882289803220037,0.9893,1.6197221976405147e-05,trainer_state_deepseekv2.json
DeepSeek-R1-Distill-Llama-8B · LoRA-v2,DeepSeek-R1-Distill-Llama-8B,LoRA-v2,16000,2.2896601073345257,1.1586,1.6135921418712956e-05,trainer_state_deepseekv2.json
DeepSeek-R1-Distill-Llama-8B · LoRA-v2,DeepSeek-R1-Distill-Llama-8B,LoRA-v2,16010,2.291091234347048,1.0576,1.6074714754019414e-05,trainer_state_deepseekv2.json
DeepSeek-R1-Distill-Llama-8B · LoRA-v2,DeepSeek-R1-Distill-Llama-8B,LoRA-v2,16020,2.2925223613595707,1.0592,1.6013602152028774e-05,trainer_state_deepseekv2.json
DeepSeek-R1-Distill-Llama-8B · LoRA-v2,DeepSeek-R1-Distill-Llama-8B,LoRA-v2,16030,2.293953488372093,1.0617,1.5952583782184444e-05,trainer_state_deepseekv2.json
DeepSeek-R1-Distill-Llama-8B · LoRA-v2,DeepSeek-R1-Distill-Llama-8B,LoRA-v2,16040,2.2953846153846156,1.1042,1.5891659813668597e-05,trainer_state_deepseekv2.json
DeepSeek-R1-Distill-Llama-8B · LoRA-v2,DeepSeek-R1-Distill-Llama-8B,LoRA-v2,16050,2.2968157423971376,1.1018,1.5830830415401644e-05,trainer_state_deepseekv2.json
DeepSeek-R1-Distill-Llama-8B · LoRA-v2,DeepSeek-R1-Distill-Llama-8B,LoRA-v2,16060,2.29824686940966,1.0356,1.577009575604178e-05,trainer_state_deepseekv2.json
DeepSeek-R1-Distill-Llama-8B · LoRA-v2,DeepSeek-R1-Distill-Llama-8B,LoRA-v2,16070,2.2996779964221825,1.1037,1.570945600398453e-05,trainer_state_deepseekv2.json
DeepSeek-R1-Distill-Llama-8B · LoRA-v2,DeepSeek-R1-Distill-Llama-8B,LoRA-v2,16080,2.301109123434705,1.0537,1.5648911327362275e-05,trainer_state_deepseekv2.json
DeepSeek-R1-Distill-Llama-8B · LoRA-v2,DeepSeek-R1-Distill-Llama-8B,LoRA-v2,16090,2.302540250447227,0.9787,1.5588461894043782e-05,trainer_state_deepseekv2.json
DeepSeek-R1-Distill-Llama-8B · LoRA-v2,DeepSeek-R1-Distill-Llama-8B,LoRA-v2,16100,2.3039713774597494,1.1041,1.5528107871633756e-05,trainer_state_deepseekv2.json
DeepSeek-R1-Distill-Llama-8B · LoRA-v2,DeepSeek-R1-Distill-Llama-8B,LoRA-v2,16110,2.305402504472272,1.0249,1.5467849427472326e-05,trainer_state_deepseekv2.json
DeepSeek-R1-Distill-Llama-8B · LoRA-v2,DeepSeek-R1-Distill-Llama-8B,LoRA-v2,16120,2.3068336314847944,1.1903,1.540768672863468e-05,trainer_state_deepseekv2.json
DeepSeek-R1-Distill-Llama-8B · LoRA-v2,DeepSeek-R1-Distill-Llama-8B,LoRA-v2,16130,2.308264758497317,1.051,1.534761994193048e-05,trainer_state_deepseekv2.json
DeepSeek-R1-Distill-Llama-8B · LoRA-v2,DeepSeek-R1-Distill-Llama-8B,LoRA-v2,16140,2.309695885509839,1.0509,1.52876492339035e-05,trainer_state_deepseekv2.json
DeepSeek-R1-Distill-Llama-8B · LoRA-v2,DeepSeek-R1-Distill-Llama-8B,LoRA-v2,16150,2.3111270125223613,1.0827,1.5227774770831048e-05,trainer_state_deepseekv2.json
DeepSeek-R1-Distill-Llama-8B · LoRA-v2,DeepSeek-R1-Distill-Llama-8B,LoRA-v2,16160,2.3125581395348838,1.0683,1.5167996718723687e-05,trainer_state_deepseekv2.json
DeepSeek-R1-Distill-Llama-8B · LoRA-v2,DeepSeek-R1-Distill-Llama-8B,LoRA-v2,16170,2.313989266547406,0.9784,1.5108315243324583e-05,trainer_state_deepseekv2.json
DeepSeek-R1-Distill-Llama-8B · LoRA-v2,DeepSeek-R1-Distill-Llama-8B,LoRA-v2,16180,2.3154203935599282,1.1253,1.5048730510109171e-05,trainer_state_deepseekv2.json
DeepSeek-R1-Distill-Llama-8B · LoRA-v2,DeepSeek-R1-Distill-Llama-8B,LoRA-v2,16190,2.3168515205724507,1.0703,1.4989242684284616e-05,trainer_state_deepseekv2.json
DeepSeek-R1-Distill-Llama-8B · LoRA-v2,DeepSeek-R1-Distill-Llama-8B,LoRA-v2,16200,2.318282647584973,1.0796,1.4929851930789457e-05,trainer_state_deepseekv2.json
DeepSeek-R1-Distill-Llama-8B · LoRA-v2,DeepSeek-R1-Distill-Llama-8B,LoRA-v2,16210,2.3197137745974956,1.1401,1.4870558414293023e-05,trainer_state_deepseekv2.json
DeepSeek-R1-Distill-Llama-8B · LoRA-v2,DeepSeek-R1-Distill-Llama-8B,LoRA-v2,16220,2.321144901610018,1.058,1.4811362299195091e-05,trainer_state_deepseekv2.json
DeepSeek-R1-Distill-Llama-8B · LoRA-v2,DeepSeek-R1-Distill-Llama-8B,LoRA-v2,16230,2.32257602862254,1.0717,1.47522637496253e-05,trainer_state_deepseekv2.json
DeepSeek-R1-Distill-Llama-8B · LoRA-v2,DeepSeek-R1-Distill-Llama-8B,LoRA-v2,16240,2.3240071556350625,1.0688,1.4693262929442875e-05,trainer_state_deepseekv2.json
DeepSeek-R1-Distill-Llama-8B · LoRA-v2,DeepSeek-R1-Distill-Llama-8B,LoRA-v2,16250,2.325438282647585,1.1487,1.4634360002236008e-05,trainer_state_deepseekv2.json
DeepSeek-R1-Distill-Llama-8B · LoRA-v2,DeepSeek-R1-Distill-Llama-8B,LoRA-v2,16260,2.3268694096601075,1.0622,1.4575555131321483e-05,trainer_state_deepseekv2.json
DeepSeek-R1-Distill-Llama-8B · LoRA-v2,DeepSeek-R1-Distill-Llama-8B,LoRA-v2,16270,2.3283005366726295,1.1628,1.4516848479744194e-05,trainer_state_deepseekv2.json
DeepSeek-R1-Distill-Llama-8B · LoRA-v2,DeepSeek-R1-Distill-Llama-8B,LoRA-v2,16280,2.329731663685152,1.0829,1.4458240210276764e-05,trainer_state_deepseekv2.json
DeepSeek-R1-Distill-Llama-8B · LoRA-v2,DeepSeek-R1-Distill-Llama-8B,LoRA-v2,16290,2.3311627906976744,1.033,1.4399730485418982e-05,trainer_state_deepseekv2.json
DeepSeek-R1-Distill-Llama-8B · LoRA-v2,DeepSeek-R1-Distill-Llama-8B,LoRA-v2,16300,2.332593917710197,1.0404,1.4341319467397413e-05,trainer_state_deepseekv2.json
DeepSeek-R1-Distill-Llama-8B · LoRA-v2,DeepSeek-R1-Distill-Llama-8B,LoRA-v2,16310,2.3340250447227193,1.1549,1.4283007318164938e-05,trainer_state_deepseekv2.json
DeepSeek-R1-Distill-Llama-8B · LoRA-v2,DeepSeek-R1-Distill-Llama-8B,LoRA-v2,16320,2.3354561717352413,1.1436,1.4224794199400365e-05,trainer_state_deepseekv2.json
DeepSeek-R1-Distill-Llama-8B · LoRA-v2,DeepSeek-R1-Distill-Llama-8B,LoRA-v2,16330,2.336887298747764,0.9927,1.4166680272507871e-05,trainer_state_deepseekv2.json
DeepSeek-R1-Distill-Llama-8B · LoRA-v2,DeepSeek-R1-Distill-Llama-8B,LoRA-v2,16340,2.3383184257602863,1.0574,1.4108665698616624e-05,trainer_state_deepseekv2.json
DeepSeek-R1-Distill-Llama-8B · LoRA-v2,DeepSeek-R1-Distill-Llama-8B,LoRA-v2,16350,2.3397495527728087,1.2084,1.4050750638580307e-05,trainer_state_deepseekv2.json
DeepSeek-R1-Distill-Llama-8B · LoRA-v2,DeepSeek-R1-Distill-Llama-8B,LoRA-v2,16360,2.3411806797853307,1.0517,1.3992935252976753e-05,trainer_state_deepseekv2.json
DeepSeek-R1-Distill-Llama-8B · LoRA-v2,DeepSeek-R1-Distill-Llama-8B,LoRA-v2,16370,2.342611806797853,1.0366,1.3935219702107333e-05,trainer_state_deepseekv2.json
DeepSeek-R1-Distill-Llama-8B · LoRA-v2,DeepSeek-R1-Distill-Llama-8B,LoRA-v2,16380,2.3440429338103757,1.0882,1.3877604145996676e-05,trainer_state_deepseekv2.json
DeepSeek-R1-Distill-Llama-8B · LoRA-v2,DeepSeek-R1-Distill-Llama-8B,LoRA-v2,16390,2.345474060822898,1.096,1.382008874439214e-05,trainer_state_deepseekv2.json
DeepSeek-R1-Distill-Llama-8B · LoRA-v2,DeepSeek-R1-Distill-Llama-8B,LoRA-v2,16400,2.3469051878354206,1.1295,1.376267365676342e-05,trainer_state_deepseekv2.json
DeepSeek-R1-Distill-Llama-8B · LoRA-v2,DeepSeek-R1-Distill-Llama-8B,LoRA-v2,16410,2.3483363148479426,1.0528,1.370535904230204e-05,trainer_state_deepseekv2.json
DeepSeek-R1-Distill-Llama-8B · LoRA-v2,DeepSeek-R1-Distill-Llama-8B,LoRA-v2,16420,2.349767441860465,1.0175,1.364814505992097e-05,trainer_state_deepseekv2.json
DeepSeek-R1-Distill-Llama-8B · LoRA-v2,DeepSeek-R1-Distill-Llama-8B,LoRA-v2,16430,2.3511985688729875,1.2118,1.3591031868254128e-05,trainer_state_deepseekv2.json
DeepSeek-R1-Distill-Llama-8B · LoRA-v2,DeepSeek-R1-Distill-Llama-8B,LoRA-v2,16440,2.35262969588551,1.108,1.3534019625656053e-05,trainer_state_deepseekv2.json
DeepSeek-R1-Distill-Llama-8B · LoRA-v2,DeepSeek-R1-Distill-Llama-8B,LoRA-v2,16450,2.354060822898032,1.0187,1.3477108490201296e-05,trainer_state_deepseekv2.json
DeepSeek-R1-Distill-Llama-8B · LoRA-v2,DeepSeek-R1-Distill-Llama-8B,LoRA-v2,16460,2.3554919499105544,1.1168,1.3420298619684119e-05,trainer_state_deepseekv2.json
DeepSeek-R1-Distill-Llama-8B · LoRA-v2,DeepSeek-R1-Distill-Llama-8B,LoRA-v2,16470,2.356923076923077,1.1035,1.3363590171618007e-05,trainer_state_deepseekv2.json
DeepSeek-R1-Distill-Llama-8B · LoRA-v2,DeepSeek-R1-Distill-Llama-8B,LoRA-v2,16480,2.3583542039355994,1.1263,1.3306983303235259e-05,trainer_state_deepseekv2.json
DeepSeek-R1-Distill-Llama-8B · LoRA-v2,DeepSeek-R1-Distill-Llama-8B,LoRA-v2,16490,2.359785330948122,1.1756,1.3250478171486497e-05,trainer_state_deepseekv2.json
DeepSeek-R1-Distill-Llama-8B · LoRA-v2,DeepSeek-R1-Distill-Llama-8B,LoRA-v2,16500,2.361216457960644,1.1974,1.319407493304028e-05,trainer_state_deepseekv2.json
DeepSeek-R1-Distill-Llama-8B · LoRA-v2,DeepSeek-R1-Distill-Llama-8B,LoRA-v2,16510,2.3626475849731663,1.0822,1.313777374428265e-05,trainer_state_deepseekv2.json
DeepSeek-R1-Distill-Llama-8B · LoRA-v2,DeepSeek-R1-Distill-Llama-8B,LoRA-v2,16520,2.3640787119856888,1.0792,1.308157476131669e-05,trainer_state_deepseekv2.json
DeepSeek-R1-Distill-Llama-8B · LoRA-v2,DeepSeek-R1-Distill-Llama-8B,LoRA-v2,16530,2.365509838998211,1.0523,1.3025478139962122e-05,trainer_state_deepseekv2.json
DeepSeek-R1-Distill-Llama-8B · LoRA-v2,DeepSeek-R1-Distill-Llama-8B,LoRA-v2,16540,2.3669409660107332,1.1149,1.2969484035754853e-05,trainer_state_deepseekv2.json
DeepSeek-R1-Distill-Llama-8B · LoRA-v2,DeepSeek-R1-Distill-Llama-8B,LoRA-v2,16550,2.3683720930232557,1.1614,1.2913592603946517e-05,trainer_state_deepseekv2.json
DeepSeek-R1-Distill-Llama-8B · LoRA-v2,DeepSeek-R1-Distill-Llama-8B,LoRA-v2,16560,2.369803220035778,1.1085,1.2857803999504125e-05,trainer_state_deepseekv2.json
DeepSeek-R1-Distill-Llama-8B · LoRA-v2,DeepSeek-R1-Distill-Llama-8B,LoRA-v2,16570,2.3712343470483006,1.0293,1.2802118377109556e-05,trainer_state_deepseekv2.json
DeepSeek-R1-Distill-Llama-8B · LoRA-v2,DeepSeek-R1-Distill-Llama-8B,LoRA-v2,16580,2.372665474060823,1.051,1.2746535891159167e-05,trainer_state_deepseekv2.json
DeepSeek-R1-Distill-Llama-8B · LoRA-v2,DeepSeek-R1-Distill-Llama-8B,LoRA-v2,16590,2.374096601073345,1.1149,1.2691056695763297e-05,trainer_state_deepseekv2.json
DeepSeek-R1-Distill-Llama-8B · LoRA-v2,DeepSeek-R1-Distill-Llama-8B,LoRA-v2,16600,2.3755277280858675,1.032,1.2635680944745992e-05,trainer_state_deepseekv2.json
DeepSeek-R1-Distill-Llama-8B · LoRA-v2,DeepSeek-R1-Distill-Llama-8B,LoRA-v2,16610,2.37695885509839,1.0665,1.2580408791644427e-05,trainer_state_deepseekv2.json
DeepSeek-R1-Distill-Llama-8B · LoRA-v2,DeepSeek-R1-Distill-Llama-8B,LoRA-v2,16620,2.3783899821109125,0.9786,1.2525240389708542e-05,trainer_state_deepseekv2.json
DeepSeek-R1-Distill-Llama-8B · LoRA-v2,DeepSeek-R1-Distill-Llama-8B,LoRA-v2,16630,2.3798211091234345,1.0399,1.2470175891900609e-05,trainer_state_deepseekv2.json
DeepSeek-R1-Distill-Llama-8B · LoRA-v2,DeepSeek-R1-Distill-Llama-8B,LoRA-v2,16640,2.381252236135957,1.2539,1.2415215450894846e-05,trainer_state_deepseekv2.json
DeepSeek-R1-Distill-Llama-8B · LoRA-v2,DeepSeek-R1-Distill-Llama-8B,LoRA-v2,16650,2.3826833631484794,1.1862,1.2360359219076912e-05,trainer_state_deepseekv2.json
DeepSeek-R1-Distill-Llama-8B · LoRA-v2,DeepSeek-R1-Distill-Llama-8B,LoRA-v2,16660,2.384114490161002,1.1905,1.2305607348543574e-05,trainer_state_deepseekv2.json
DeepSeek-R1-Distill-Llama-8B · LoRA-v2,DeepSeek-R1-Distill-Llama-8B,LoRA-v2,16670,2.3855456171735243,1.0781,1.2250959991102174e-05,trainer_state_deepseekv2.json
DeepSeek-R1-Distill-Llama-8B · LoRA-v2,DeepSeek-R1-Distill-Llama-8B,LoRA-v2,16680,2.3869767441860463,1.0965,1.219641729827037e-05,trainer_state_deepseekv2.json
DeepSeek-R1-Distill-Llama-8B · LoRA-v2,DeepSeek-R1-Distill-Llama-8B,LoRA-v2,16690,2.388407871198569,1.2347,1.2141979421275545e-05,trainer_state_deepseekv2.json
DeepSeek-R1-Distill-Llama-8B · LoRA-v2,DeepSeek-R1-Distill-Llama-8B,LoRA-v2,16700,2.3898389982110912,0.9854,1.2087646511054507e-05,trainer_state_deepseekv2.json
DeepSeek-R1-Distill-Llama-8B · LoRA-v2,DeepSeek-R1-Distill-Llama-8B,LoRA-v2,16710,2.3912701252236137,1.0229,1.2033418718253004e-05,trainer_state_deepseekv2.json
DeepSeek-R1-Distill-Llama-8B · LoRA-v2,DeepSeek-R1-Distill-Llama-8B,LoRA-v2,16720,2.3927012522361357,1.0698,1.1979296193225364e-05,trainer_state_deepseekv2.json
DeepSeek-R1-Distill-Llama-8B · LoRA-v2,DeepSeek-R1-Distill-Llama-8B,LoRA-v2,16730,2.394132379248658,1.1051,1.1925279086034031e-05,trainer_state_deepseekv2.json
DeepSeek-R1-Distill-Llama-8B · LoRA-v2,DeepSeek-R1-Distill-Llama-8B,LoRA-v2,16740,2.3955635062611806,1.1421,1.1871367546449124e-05,trainer_state_deepseekv2.json
DeepSeek-R1-Distill-Llama-8B · LoRA-v2,DeepSeek-R1-Distill-Llama-8B,LoRA-v2,16750,2.396994633273703,0.9629,1.1817561723948094e-05,trainer_state_deepseekv2.json
DeepSeek-R1-Distill-Llama-8B · LoRA-v2,DeepSeek-R1-Distill-Llama-8B,LoRA-v2,16760,2.3984257602862256,1.1054,1.17638617677153e-05,trainer_state_deepseekv2.json
DeepSeek-R1-Distill-Llama-8B · LoRA-v2,DeepSeek-R1-Distill-Llama-8B,LoRA-v2,16770,2.3998568872987476,1.0876,1.171026782664154e-05,trainer_state_deepseekv2.json
DeepSeek-R1-Distill-Llama-8B · LoRA-v2,DeepSeek-R1-Distill-Llama-8B,LoRA-v2,16780,2.40128801431127,0.9964,1.1656780049323674e-05,trainer_state_deepseekv2.json
DeepSeek-R1-Distill-Llama-8B · LoRA-v2,DeepSeek-R1-Distill-Llama-8B,LoRA-v2,16790,2.4027191413237925,1.1434,1.1603398584064195e-05,trainer_state_deepseekv2.json
DeepSeek-R1-Distill-Llama-8B · LoRA-v2,DeepSeek-R1-Distill-Llama-8B,LoRA-v2,16800,2.404150268336315,0.9908,1.1550123578870876e-05,trainer_state_deepseekv2.json
DeepSeek-R1-Distill-Llama-8B · LoRA-v2,DeepSeek-R1-Distill-Llama-8B,LoRA-v2,16810,2.405581395348837,1.1095,1.149695518145628e-05,trainer_state_deepseekv2.json
DeepSeek-R1-Distill-Llama-8B · LoRA-v2,DeepSeek-R1-Distill-Llama-8B,LoRA-v2,16820,2.4070125223613594,1.13,1.1443893539237371e-05,trainer_state_deepseekv2.json
DeepSeek-R1-Distill-Llama-8B · LoRA-v2,DeepSeek-R1-Distill-Llama-8B,LoRA-v2,16830,2.408443649373882,0.9906,1.1390938799335126e-05,trainer_state_deepseekv2.json
DeepSeek-R1-Distill-Llama-8B · LoRA-v2,DeepSeek-R1-Distill-Llama-8B,LoRA-v2,16840,2.4098747763864043,1.0665,1.1338091108574162e-05,trainer_state_deepseekv2.json
DeepSeek-R1-Distill-Llama-8B · LoRA-v2,DeepSeek-R1-Distill-Llama-8B,LoRA-v2,16850,2.411305903398927,1.0178,1.1285350613482249e-05,trainer_state_deepseekv2.json
DeepSeek-R1-Distill-Llama-8B · LoRA-v2,DeepSeek-R1-Distill-Llama-8B,LoRA-v2,16860,2.412737030411449,1.1401,1.1232717460289943e-05,trainer_state_deepseekv2.json
DeepSeek-R1-Distill-Llama-8B · LoRA-v2,DeepSeek-R1-Distill-Llama-8B,LoRA-v2,16870,2.4141681574239713,1.0924,1.1180191794930167e-05,trainer_state_deepseekv2.json
DeepSeek-R1-Distill-Llama-8B · LoRA-v2,DeepSeek-R1-Distill-Llama-8B,LoRA-v2,16880,2.4155992844364937,1.1191,1.1127773763037885e-05,trainer_state_deepseekv2.json
DeepSeek-R1-Distill-Llama-8B · LoRA-v2,DeepSeek-R1-Distill-Llama-8B,LoRA-v2,16890,2.417030411449016,1.0591,1.1075463509949547e-05,trainer_state_deepseekv2.json
DeepSeek-R1-Distill-Llama-8B · LoRA-v2,DeepSeek-R1-Distill-Llama-8B,LoRA-v2,16900,2.418461538461538,1.1068,1.1023261180702804e-05,trainer_state_deepseekv2.json
DeepSeek-R1-Distill-Llama-8B · LoRA-v2,DeepSeek-R1-Distill-Llama-8B,LoRA-v2,16910,2.4198926654740607,1.1537,1.097116692003608e-05,trainer_state_deepseekv2.json
DeepSeek-R1-Distill-Llama-8B · LoRA-v2,DeepSeek-R1-Distill-Llama-8B,LoRA-v2,16920,2.421323792486583,1.0188,1.091918087238818e-05,trainer_state_deepseekv2.json
DeepSeek-R1-Distill-Llama-8B · LoRA-v2,DeepSeek-R1-Distill-Llama-8B,LoRA-v2,16930,2.4227549194991056,1.0408,1.0867303181897832e-05,trainer_state_deepseekv2.json
DeepSeek-R1-Distill-Llama-8B · LoRA-v2,DeepSeek-R1-Distill-Llama-8B,LoRA-v2,16940,2.424186046511628,1.1478,1.081553399240336e-05,trainer_state_deepseekv2.json
DeepSeek-R1-Distill-Llama-8B · LoRA-v2,DeepSeek-R1-Distill-Llama-8B,LoRA-v2,16950,2.4256171735241505,1.1229,1.0763873447442235e-05,trainer_state_deepseekv2.json
DeepSeek-R1-Distill-Llama-8B · LoRA-v2,DeepSeek-R1-Distill-Llama-8B,LoRA-v2,16960,2.4270483005366725,1.1738,1.0712321690250704e-05,trainer_state_deepseekv2.json
DeepSeek-R1-Distill-Llama-8B · LoRA-v2,DeepSeek-R1-Distill-Llama-8B,LoRA-v2,16970,2.428479427549195,1.0517,1.0660878863763384e-05,trainer_state_deepseekv2.json
DeepSeek-R1-Distill-Llama-8B · LoRA-v2,DeepSeek-R1-Distill-Llama-8B,LoRA-v2,16980,2.4299105545617175,1.0667,1.0609545110612867e-05,trainer_state_deepseekv2.json
DeepSeek-R1-Distill-Llama-8B · LoRA-v2,DeepSeek-R1-Distill-Llama-8B,LoRA-v2,16990,2.4313416815742395,1.1606,1.0558320573129304e-05,trainer_state_deepseekv2.json
DeepSeek-R1-Distill-Llama-8B · LoRA-v2,DeepSeek-R1-Distill-Llama-8B,LoRA-v2,17000,2.432772808586762,1.108,1.050720539334008e-05,trainer_state_deepseekv2.json
DeepSeek-R1-Distill-Llama-8B · LoRA-v2,DeepSeek-R1-Distill-Llama-8B,LoRA-v2,17010,2.4342039355992844,0.9688,1.0456199712969316e-05,trainer_state_deepseekv2.json
DeepSeek-R1-Distill-Llama-8B · LoRA-v2,DeepSeek-R1-Distill-Llama-8B,LoRA-v2,17020,2.435635062611807,1.077,1.0405303673437561e-05,trainer_state_deepseekv2.json
DeepSeek-R1-Distill-Llama-8B · LoRA-v2,DeepSeek-R1-Distill-Llama-8B,LoRA-v2,17030,2.4370661896243293,1.0343,1.0354517415861353e-05,trainer_state_deepseekv2.json
DeepSeek-R1-Distill-Llama-8B · LoRA-v2,DeepSeek-R1-Distill-Llama-8B,LoRA-v2,17040,2.4384973166368518,0.9127,1.0303841081052855e-05,trainer_state_deepseekv2.json
DeepSeek-R1-Distill-Llama-8B · LoRA-v2,DeepSeek-R1-Distill-Llama-8B,LoRA-v2,17050,2.439928443649374,1.0978,1.0253274809519453e-05,trainer_state_deepseekv2.json
DeepSeek-R1-Distill-Llama-8B · LoRA-v2,DeepSeek-R1-Distill-Llama-8B,LoRA-v2,17060,2.4413595706618962,1.033,1.0202818741463354e-05,trainer_state_deepseekv2.json
DeepSeek-R1-Distill-Llama-8B · LoRA-v2,DeepSeek-R1-Distill-Llama-8B,LoRA-v2,17070,2.4427906976744187,1.1808,1.0152473016781211e-05,trainer_state_deepseekv2.json
DeepSeek-R1-Distill-Llama-8B · LoRA-v2,DeepSeek-R1-Distill-Llama-8B,LoRA-v2,17080,2.444221824686941,0.9891,1.0102237775063767e-05,trainer_state_deepseekv2.json
DeepSeek-R1-Distill-Llama-8B · LoRA-v2,DeepSeek-R1-Distill-Llama-8B,LoRA-v2,17090,2.445652951699463,1.1267,1.0052113155595404e-05,trainer_state_deepseekv2.json
DeepSeek-R1-Distill-Llama-8B · LoRA-v2,DeepSeek-R1-Distill-Llama-8B,LoRA-v2,17100,2.4470840787119856,0.9817,1.00020992973538e-05,trainer_state_deepseekv2.json
DeepSeek-R1-Distill-Llama-8B · LoRA-v2,DeepSeek-R1-Distill-Llama-8B,LoRA-v2,17110,2.448515205724508,1.0843,9.952196339009489e-06,trainer_state_deepseekv2.json
DeepSeek-R1-Distill-Llama-8B · LoRA-v2,DeepSeek-R1-Distill-Llama-8B,LoRA-v2,17120,2.4499463327370306,1.0636,9.902404418925599e-06,trainer_state_deepseekv2.json
DeepSeek-R1-Distill-Llama-8B · LoRA-v2,DeepSeek-R1-Distill-Llama-8B,LoRA-v2,17130,2.451377459749553,1.0158,9.852723675157327e-06,trainer_state_deepseekv2.json
DeepSeek-R1-Distill-Llama-8B · LoRA-v2,DeepSeek-R1-Distill-Llama-8B,LoRA-v2,17140,2.452808586762075,1.138,9.803154245451641e-06,trainer_state_deepseekv2.json
DeepSeek-R1-Distill-Llama-8B · LoRA-v2,DeepSeek-R1-Distill-Llama-8B,LoRA-v2,17150,2.4542397137745975,1.0484,9.753696267246859e-06,trainer_state_deepseekv2.json
DeepSeek-R1-Distill-Llama-8B · LoRA-v2,DeepSeek-R1-Distill-Llama-8B,LoRA-v2,17160,2.45567084078712,0.9499,9.70434987767232e-06,trainer_state_deepseekv2.json
DeepSeek-R1-Distill-Llama-8B · LoRA-v2,DeepSeek-R1-Distill-Llama-8B,LoRA-v2,17170,2.4571019677996424,1.1481,9.655115213547939e-06,trainer_state_deepseekv2.json
DeepSeek-R1-Distill-Llama-8B · LoRA-v2,DeepSeek-R1-Distill-Llama-8B,LoRA-v2,17180,2.4585330948121644,1.081,9.60599241138384e-06,trainer_state_deepseekv2.json
DeepSeek-R1-Distill-Llama-8B · LoRA-v2,DeepSeek-R1-Distill-Llama-8B,LoRA-v2,17190,2.459964221824687,0.9847,9.556981607380016e-06,trainer_state_deepseekv2.json
DeepSeek-R1-Distill-Llama-8B · LoRA-v2,DeepSeek-R1-Distill-Llama-8B,LoRA-v2,17200,2.4613953488372093,1.0739,9.508082937425944e-06,trainer_state_deepseekv2.json
DeepSeek-R1-Distill-Llama-8B · LoRA-v2,DeepSeek-R1-Distill-Llama-8B,LoRA-v2,17210,2.462826475849732,1.0983,9.45929653710017e-06,trainer_state_deepseekv2.json
DeepSeek-R1-Distill-Llama-8B · LoRA-v2,DeepSeek-R1-Distill-Llama-8B,LoRA-v2,17220,2.4642576028622543,1.0972,9.410622541669966e-06,trainer_state_deepseekv2.json
DeepSeek-R1-Distill-Llama-8B · LoRA-v2,DeepSeek-R1-Distill-Llama-8B,LoRA-v2,17230,2.4656887298747763,1.107,9.362061086090922e-06,trainer_state_deepseekv2.json
DeepSeek-R1-Distill-Llama-8B · LoRA-v2,DeepSeek-R1-Distill-Llama-8B,LoRA-v2,17240,2.4671198568872987,1.0344,9.313612305006642e-06,trainer_state_deepseekv2.json
DeepSeek-R1-Distill-Llama-8B · LoRA-v2,DeepSeek-R1-Distill-Llama-8B,LoRA-v2,17250,2.468550983899821,1.1264,9.265276332748301e-06,trainer_state_deepseekv2.json
DeepSeek-R1-Distill-Llama-8B · LoRA-v2,DeepSeek-R1-Distill-Llama-8B,LoRA-v2,17260,2.4699821109123437,1.1035,9.21705330333426e-06,trainer_state_deepseekv2.json
DeepSeek-R1-Distill-Llama-8B · LoRA-v2,DeepSeek-R1-Distill-Llama-8B,LoRA-v2,17270,2.4714132379248657,1.2269,9.168943350469772e-06,trainer_state_deepseekv2.json
DeepSeek-R1-Distill-Llama-8B · LoRA-v2,DeepSeek-R1-Distill-Llama-8B,LoRA-v2,17280,2.472844364937388,1.1631,9.12094660754657e-06,trainer_state_deepseekv2.json
DeepSeek-R1-Distill-Llama-8B · LoRA-v2,DeepSeek-R1-Distill-Llama-8B,LoRA-v2,17290,2.4742754919499106,0.9243,9.073063207642485e-06,trainer_state_deepseekv2.json
DeepSeek-R1-Distill-Llama-8B · LoRA-v2,DeepSeek-R1-Distill-Llama-8B,LoRA-v2,17300,2.475706618962433,1.1574,9.025293283521086e-06,trainer_state_deepseekv2.json
DeepSeek-R1-Distill-Llama-8B · LoRA-v2,DeepSeek-R1-Distill-Llama-8B,LoRA-v2,17310,2.4771377459749555,1.1564,8.977636967631291e-06,trainer_state_deepseekv2.json
DeepSeek-R1-Distill-Llama-8B · LoRA-v2,DeepSeek-R1-Distill-Llama-8B,LoRA-v2,17320,2.4785688729874775,1.1318,8.930094392107102e-06,trainer_state_deepseekv2.json
DeepSeek-R1-Distill-Llama-8B · LoRA-v2,DeepSeek-R1-Distill-Llama-8B,LoRA-v2,17330,2.48,1.0565,8.882665688767062e-06,trainer_state_deepseekv2.json
DeepSeek-R1-Distill-Llama-8B · LoRA-v2,DeepSeek-R1-Distill-Llama-8B,LoRA-v2,17340,2.4814311270125224,1.141,8.835350989114039e-06,trainer_state_deepseekv2.json
DeepSeek-R1-Distill-Llama-8B · LoRA-v2,DeepSeek-R1-Distill-Llama-8B,LoRA-v2,17350,2.482862254025045,1.0601,8.78815042433479e-06,trainer_state_deepseekv2.json
DeepSeek-R1-Distill-Llama-8B · LoRA-v2,DeepSeek-R1-Distill-Llama-8B,LoRA-v2,17360,2.484293381037567,1.0861,8.741064125299664e-06,trainer_state_deepseekv2.json
DeepSeek-R1-Distill-Llama-8B · LoRA-v2,DeepSeek-R1-Distill-Llama-8B,LoRA-v2,17370,2.4857245080500894,1.0009,8.694092222562129e-06,trainer_state_deepseekv2.json
DeepSeek-R1-Distill-Llama-8B · LoRA-v2,DeepSeek-R1-Distill-Llama-8B,LoRA-v2,17380,2.487155635062612,1.0685,8.647234846358505e-06,trainer_state_deepseekv2.json
DeepSeek-R1-Distill-Llama-8B · LoRA-v2,DeepSeek-R1-Distill-Llama-8B,LoRA-v2,17390,2.4885867620751343,1.0979,8.600492126607556e-06,trainer_state_deepseekv2.json
DeepSeek-R1-Distill-Llama-8B · LoRA-v2,DeepSeek-R1-Distill-Llama-8B,LoRA-v2,17400,2.4900178890876568,1.0756,8.553864192910193e-06,trainer_state_deepseekv2.json
DeepSeek-R1-Distill-Llama-8B · LoRA-v2,DeepSeek-R1-Distill-Llama-8B,LoRA-v2,17410,2.4914490161001788,1.0551,8.507351174548983e-06,trainer_state_deepseekv2.json
DeepSeek-R1-Distill-Llama-8B · LoRA-v2,DeepSeek-R1-Distill-Llama-8B,LoRA-v2,17420,2.4928801431127012,1.0722,8.460953200487937e-06,trainer_state_deepseekv2.json
DeepSeek-R1-Distill-Llama-8B · LoRA-v2,DeepSeek-R1-Distill-Llama-8B,LoRA-v2,17430,2.4943112701252237,1.1325,8.414670399372054e-06,trainer_state_deepseekv2.json
DeepSeek-R1-Distill-Llama-8B · LoRA-v2,DeepSeek-R1-Distill-Llama-8B,LoRA-v2,17440,2.495742397137746,1.097,8.368502899527047e-06,trainer_state_deepseekv2.json
DeepSeek-R1-Distill-Llama-8B · LoRA-v2,DeepSeek-R1-Distill-Llama-8B,LoRA-v2,17450,2.497173524150268,1.1273,8.322450828958889e-06,trainer_state_deepseekv2.json
DeepSeek-R1-Distill-Llama-8B · LoRA-v2,DeepSeek-R1-Distill-Llama-8B,LoRA-v2,17460,2.4986046511627906,1.161,8.276514315353534e-06,trainer_state_deepseekv2.json
DeepSeek-R1-Distill-Llama-8B · LoRA-v2,DeepSeek-R1-Distill-Llama-8B,LoRA-v2,17470,2.500035778175313,1.0605,8.23069348607653e-06,trainer_state_deepseekv2.json
DeepSeek-R1-Distill-Llama-8B · LoRA-v2,DeepSeek-R1-Distill-Llama-8B,LoRA-v2,17480,2.5014669051878355,1.029,8.184988468172672e-06,trainer_state_deepseekv2.json
DeepSeek-R1-Distill-Llama-8B · LoRA-v2,DeepSeek-R1-Distill-Llama-8B,LoRA-v2,17490,2.502898032200358,1.0982,8.139399388365664e-06,trainer_state_deepseekv2.json
DeepSeek-R1-Distill-Llama-8B · LoRA-v2,DeepSeek-R1-Distill-Llama-8B,LoRA-v2,17500,2.50432915921288,1.1769,8.093926373057747e-06,trainer_state_deepseekv2.json
DeepSeek-R1-Distill-Llama-8B · LoRA-v2,DeepSeek-R1-Distill-Llama-8B,LoRA-v2,17510,2.5057602862254025,1.0337,8.048569548329338e-06,trainer_state_deepseekv2.json
DeepSeek-R1-Distill-Llama-8B · LoRA-v2,DeepSeek-R1-Distill-Llama-8B,LoRA-v2,17520,2.507191413237925,1.0534,8.00332903993874e-06,trainer_state_deepseekv2.json
DeepSeek-R1-Distill-Llama-8B · LoRA-v2,DeepSeek-R1-Distill-Llama-8B,LoRA-v2,17530,2.508622540250447,0.9443,7.958204973321726e-06,trainer_state_deepseekv2.json
DeepSeek-R1-Distill-Llama-8B · LoRA-v2,DeepSeek-R1-Distill-Llama-8B,LoRA-v2,17540,2.5100536672629694,1.0356,7.913197473591223e-06,trainer_state_deepseekv2.json
DeepSeek-R1-Distill-Llama-8B · LoRA-v2,DeepSeek-R1-Distill-Llama-8B,LoRA-v2,17550,2.511484794275492,1.2042,7.868306665536928e-06,trainer_state_deepseekv2.json
DeepSeek-R1-Distill-Llama-8B · LoRA-v2,DeepSeek-R1-Distill-Llama-8B,LoRA-v2,17560,2.5129159212880143,1.0929,7.823532673625062e-06,trainer_state_deepseekv2.json
DeepSeek-R1-Distill-Llama-8B · LoRA-v2,DeepSeek-R1-Distill-Llama-8B,LoRA-v2,17570,2.514347048300537,1.1315,7.7788756219979e-06,trainer_state_deepseekv2.json
DeepSeek-R1-Distill-Llama-8B · LoRA-v2,DeepSeek-R1-Distill-Llama-8B,LoRA-v2,17580,2.5157781753130593,1.0391,7.734335634473499e-06,trainer_state_deepseekv2.json
DeepSeek-R1-Distill-Llama-8B · LoRA-v2,DeepSeek-R1-Distill-Llama-8B,LoRA-v2,17590,2.5172093023255813,1.0623,7.689912834545342e-06,trainer_state_deepseekv2.json
DeepSeek-R1-Distill-Llama-8B · LoRA-v2,DeepSeek-R1-Distill-Llama-8B,LoRA-v2,17600,2.5186404293381037,1.0877,7.645607345382005e-06,trainer_state_deepseekv2.json
DeepSeek-R1-Distill-Llama-8B · LoRA-v2,DeepSeek-R1-Distill-Llama-8B,LoRA-v2,17610,2.520071556350626,1.1341,7.601419289826778e-06,trainer_state_deepseekv2.json
DeepSeek-R1-Distill-Llama-8B · LoRA-v2,DeepSeek-R1-Distill-Llama-8B,LoRA-v2,17620,2.5215026833631486,1.0795,7.5573487903973785e-06,trainer_state_deepseekv2.json
DeepSeek-R1-Distill-Llama-8B · LoRA-v2,DeepSeek-R1-Distill-Llama-8B,LoRA-v2,17630,2.5229338103756707,1.0643,7.513395969285525e-06,trainer_state_deepseekv2.json
DeepSeek-R1-Distill-Llama-8B · LoRA-v2,DeepSeek-R1-Distill-Llama-8B,LoRA-v2,17640,2.524364937388193,1.1283,7.4695609483567404e-06,trainer_state_deepseekv2.json
DeepSeek-R1-Distill-Llama-8B · LoRA-v2,DeepSeek-R1-Distill-Llama-8B,LoRA-v2,17650,2.5257960644007156,1.0162,7.425843849149866e-06,trainer_state_deepseekv2.json
DeepSeek-R1-Distill-Llama-8B · LoRA-v2,DeepSeek-R1-Distill-Llama-8B,LoRA-v2,17660,2.527227191413238,0.9817,7.382244792876819e-06,trainer_state_deepseekv2.json
DeepSeek-R1-Distill-Llama-8B · LoRA-v2,DeepSeek-R1-Distill-Llama-8B,LoRA-v2,17670,2.5286583184257605,1.1299,7.338763900422191e-06,trainer_state_deepseekv2.json
DeepSeek-R1-Distill-Llama-8B · LoRA-v2,DeepSeek-R1-Distill-Llama-8B,LoRA-v2,17680,2.5300894454382825,1.1152,7.2954012923430014e-06,trainer_state_deepseekv2.json
DeepSeek-R1-Distill-Llama-8B · LoRA-v2,DeepSeek-R1-Distill-Llama-8B,LoRA-v2,17690,2.531520572450805,1.1331,7.252157088868283e-06,trainer_state_deepseekv2.json
DeepSeek-R1-Distill-Llama-8B · LoRA-v2,DeepSeek-R1-Distill-Llama-8B,LoRA-v2,17700,2.5329516994633274,1.1104,7.2090314098987424e-06,trainer_state_deepseekv2.json
DeepSeek-R1-Distill-Llama-8B · LoRA-v2,DeepSeek-R1-Distill-Llama-8B,LoRA-v2,17710,2.53438282647585,1.1234,7.166024375006491e-06,trainer_state_deepseekv2.json
DeepSeek-R1-Distill-Llama-8B · LoRA-v2,DeepSeek-R1-Distill-Llama-8B,LoRA-v2,17720,2.535813953488372,1.1732,7.123136103434708e-06,trainer_state_deepseekv2.json
DeepSeek-R1-Distill-Llama-8B · LoRA-v2,DeepSeek-R1-Distill-Llama-8B,LoRA-v2,17730,2.5372450805008944,1.1607,7.080366714097236e-06,trainer_state_deepseekv2.json
DeepSeek-R1-Distill-Llama-8B · LoRA-v2,DeepSeek-R1-Distill-Llama-8B,LoRA-v2,17740,2.538676207513417,1.0655,7.0377163255783365e-06,trainer_state_deepseekv2.json
DeepSeek-R1-Distill-Llama-8B · LoRA-v2,DeepSeek-R1-Distill-Llama-8B,LoRA-v2,17750,2.5401073345259393,1.0908,6.995185056132281e-06,trainer_state_deepseekv2.json
DeepSeek-R1-Distill-Llama-8B · LoRA-v2,DeepSeek-R1-Distill-Llama-8B,LoRA-v2,17760,2.5415384615384617,1.1063,6.9527730236831344e-06,trainer_state_deepseekv2.json
DeepSeek-R1-Distill-Llama-8B · LoRA-v2,DeepSeek-R1-Distill-Llama-8B,LoRA-v2,17770,2.5429695885509838,1.0206,6.910480345824289e-06,trainer_state_deepseekv2.json
DeepSeek-R1-Distill-Llama-8B · LoRA-v2,DeepSeek-R1-Distill-Llama-8B,LoRA-v2,17780,2.544400715563506,1.1101,6.868307139818247e-06,trainer_state_deepseekv2.json
DeepSeek-R1-Distill-Llama-8B · LoRA-v2,DeepSeek-R1-Distill-Llama-8B,LoRA-v2,17790,2.5458318425760287,1.1228,6.8262535225962374e-06,trainer_state_deepseekv2.json
DeepSeek-R1-Distill-Llama-8B · LoRA-v2,DeepSeek-R1-Distill-Llama-8B,LoRA-v2,17800,2.547262969588551,1.0307,6.784319610757956e-06,trainer_state_deepseekv2.json
DeepSeek-R1-Distill-Llama-8B · LoRA-v2,DeepSeek-R1-Distill-Llama-8B,LoRA-v2,17810,2.548694096601073,0.9762,6.742505520571147e-06,trainer_state_deepseekv2.json
DeepSeek-R1-Distill-Llama-8B · LoRA-v2,DeepSeek-R1-Distill-Llama-8B,LoRA-v2,17820,2.5501252236135956,1.0044,6.700811367971355e-06,trainer_state_deepseekv2.json
DeepSeek-R1-Distill-Llama-8B · LoRA-v2,DeepSeek-R1-Distill-Llama-8B,LoRA-v2,17830,2.551556350626118,1.2189,6.659237268561569e-06,trainer_state_deepseekv2.json
DeepSeek-R1-Distill-Llama-8B · LoRA-v2,DeepSeek-R1-Distill-Llama-8B,LoRA-v2,17840,2.5529874776386405,1.0154,6.6177833376119605e-06,trainer_state_deepseekv2.json
DeepSeek-R1-Distill-Llama-8B · LoRA-v2,DeepSeek-R1-Distill-Llama-8B,LoRA-v2,17850,2.554418604651163,1.1029,6.576449690059439e-06,trainer_state_deepseekv2.json
DeepSeek-R1-Distill-Llama-8B · LoRA-v2,DeepSeek-R1-Distill-Llama-8B,LoRA-v2,17860,2.555849731663685,1.1122,6.535236440507458e-06,trainer_state_deepseekv2.json
DeepSeek-R1-Distill-Llama-8B · LoRA-v2,DeepSeek-R1-Distill-Llama-8B,LoRA-v2,17870,2.5572808586762075,1.1342,6.494143703225647e-06,trainer_state_deepseekv2.json
DeepSeek-R1-Distill-Llama-8B · LoRA-v2,DeepSeek-R1-Distill-Llama-8B,LoRA-v2,17880,2.55871198568873,1.1686,6.4531715921494985e-06,trainer_state_deepseekv2.json
DeepSeek-R1-Distill-Llama-8B · LoRA-v2,DeepSeek-R1-Distill-Llama-8B,LoRA-v2,17890,2.5601431127012524,1.0299,6.4123202208800525e-06,trainer_state_deepseekv2.json
DeepSeek-R1-Distill-Llama-8B · LoRA-v2,DeepSeek-R1-Distill-Llama-8B,LoRA-v2,17900,2.5615742397137744,1.1118,6.371589702683562e-06,trainer_state_deepseekv2.json
DeepSeek-R1-Distill-Llama-8B · LoRA-v2,DeepSeek-R1-Distill-Llama-8B,LoRA-v2,17910,2.563005366726297,0.9826,6.330980150491223e-06,trainer_state_deepseekv2.json
DeepSeek-R1-Distill-Llama-8B · LoRA-v2,DeepSeek-R1-Distill-Llama-8B,LoRA-v2,17920,2.5644364937388193,1.0107,6.290491676898813e-06,trainer_state_deepseekv2.json
DeepSeek-R1-Distill-Llama-8B · LoRA-v2,DeepSeek-R1-Distill-Llama-8B,LoRA-v2,17930,2.565867620751342,1.0204,6.250124394166418e-06,trainer_state_deepseekv2.json
DeepSeek-R1-Distill-Llama-8B · LoRA-v2,DeepSeek-R1-Distill-Llama-8B,LoRA-v2,17940,2.5672987477638642,1.0443,6.209878414218101e-06,trainer_state_deepseekv2.json
DeepSeek-R1-Distill-Llama-8B · LoRA-v2,DeepSeek-R1-Distill-Llama-8B,LoRA-v2,17950,2.5687298747763863,1.1556,6.169753848641585e-06,trainer_state_deepseekv2.json
DeepSeek-R1-Distill-Llama-8B · LoRA-v2,DeepSeek-R1-Distill-Llama-8B,LoRA-v2,17960,2.5701610017889087,0.8898,6.129750808687978e-06,trainer_state_deepseekv2.json
DeepSeek-R1-Distill-Llama-8B · LoRA-v2,DeepSeek-R1-Distill-Llama-8B,LoRA-v2,17970,2.571592128801431,1.0699,6.0898694052714256e-06,trainer_state_deepseekv2.json
DeepSeek-R1-Distill-Llama-8B · LoRA-v2,DeepSeek-R1-Distill-Llama-8B,LoRA-v2,17980,2.5730232558139536,1.0414,6.050109748968813e-06,trainer_state_deepseekv2.json
DeepSeek-R1-Distill-Llama-8B · LoRA-v2,DeepSeek-R1-Distill-Llama-8B,LoRA-v2,17990,2.5744543828264757,1.094,6.0104719500194695e-06,trainer_state_deepseekv2.json
DeepSeek-R1-Distill-Llama-8B · LoRA-v2,DeepSeek-R1-Distill-Llama-8B,LoRA-v2,18000,2.575885509838998,0.9814,5.970956118324866e-06,trainer_state_deepseekv2.json
DeepSeek-R1-Distill-Llama-8B · LoRA-v2,DeepSeek-R1-Distill-Llama-8B,LoRA-v2,18010,2.5773166368515206,1.1099,5.931562363448285e-06,trainer_state_deepseekv2.json
DeepSeek-R1-Distill-Llama-8B · LoRA-v2,DeepSeek-R1-Distill-Llama-8B,LoRA-v2,18020,2.578747763864043,1.0854,5.892290794614553e-06,trainer_state_deepseekv2.json
DeepSeek-R1-Distill-Llama-8B · LoRA-v2,DeepSeek-R1-Distill-Llama-8B,LoRA-v2,18030,2.5801788908765655,1.0142,5.853141520709693e-06,trainer_state_deepseekv2.json
DeepSeek-R1-Distill-Llama-8B · LoRA-v2,DeepSeek-R1-Distill-Llama-8B,LoRA-v2,18040,2.5816100178890875,1.2016,5.814114650280683e-06,trainer_state_deepseekv2.json
DeepSeek-R1-Distill-Llama-8B · LoRA-v2,DeepSeek-R1-Distill-Llama-8B,LoRA-v2,18050,2.58304114490161,1.0532,5.775210291535094e-06,trainer_state_deepseekv2.json
DeepSeek-R1-Distill-Llama-8B · LoRA-v2,DeepSeek-R1-Distill-Llama-8B,LoRA-v2,18060,2.5844722719141324,1.0777,5.7364285523408275e-06,trainer_state_deepseekv2.json
DeepSeek-R1-Distill-Llama-8B · LoRA-v2,DeepSeek-R1-Distill-Llama-8B,LoRA-v2,18070,2.585903398926655,0.9887,5.697769540225772e-06,trainer_state_deepseekv2.json
DeepSeek-R1-Distill-Llama-8B · LoRA-v2,DeepSeek-R1-Distill-Llama-8B,LoRA-v2,18080,2.587334525939177,1.097,5.659233362377592e-06,trainer_state_deepseekv2.json
DeepSeek-R1-Distill-Llama-8B · LoRA-v2,DeepSeek-R1-Distill-Llama-8B,LoRA-v2,18090,2.5887656529516994,1.0256,5.620820125643339e-06,trainer_state_deepseekv2.json
DeepSeek-R1-Distill-Llama-8B · LoRA-v2,DeepSeek-R1-Distill-Llama-8B,LoRA-v2,18100,2.590196779964222,0.9874,5.582529936529213e-06,trainer_state_deepseekv2.json
DeepSeek-R1-Distill-Llama-8B · LoRA-v2,DeepSeek-R1-Distill-Llama-8B,LoRA-v2,18110,2.5916279069767443,1.0331,5.544362901200212e-06,trainer_state_deepseekv2.json
DeepSeek-R1-Distill-Llama-8B · LoRA-v2,DeepSeek-R1-Distill-Llama-8B,LoRA-v2,18120,2.5930590339892667,0.9977,5.506319125479925e-06,trainer_state_deepseekv2.json
DeepSeek-R1-Distill-Llama-8B · LoRA-v2,DeepSeek-R1-Distill-Llama-8B,LoRA-v2,18130,2.5944901610017888,1.0391,5.4683987148501596e-06,trainer_state_deepseekv2.json
DeepSeek-R1-Distill-Llama-8B · LoRA-v2,DeepSeek-R1-Distill-Llama-8B,LoRA-v2,18140,2.595921288014311,1.2221,5.4306017744506495e-06,trainer_state_deepseekv2.json
DeepSeek-R1-Distill-Llama-8B · LoRA-v2,DeepSeek-R1-Distill-Llama-8B,LoRA-v2,18150,2.5973524150268337,1.0266,5.392928409078818e-06,trainer_state_deepseekv2.json
DeepSeek-R1-Distill-Llama-8B · LoRA-v2,DeepSeek-R1-Distill-Llama-8B,LoRA-v2,18160,2.598783542039356,1.1585,5.35537872318948e-06,trainer_state_deepseekv2.json
DeepSeek-R1-Distill-Llama-8B · LoRA-v2,DeepSeek-R1-Distill-Llama-8B,LoRA-v2,18170,2.600214669051878,1.0457,5.317952820894495e-06,trainer_state_deepseekv2.json
DeepSeek-R1-Distill-Llama-8B · LoRA-v2,DeepSeek-R1-Distill-Llama-8B,LoRA-v2,18180,2.6016457960644006,1.1318,5.280650805962523e-06,trainer_state_deepseekv2.json
DeepSeek-R1-Distill-Llama-8B · LoRA-v2,DeepSeek-R1-Distill-Llama-8B,LoRA-v2,18190,2.603076923076923,1.2007,5.243472781818726e-06,trainer_state_deepseekv2.json
DeepSeek-R1-Distill-Llama-8B · LoRA-v2,DeepSeek-R1-Distill-Llama-8B,LoRA-v2,18200,2.6045080500894455,0.9981,5.206418851544503e-06,trainer_state_deepseekv2.json
DeepSeek-R1-Distill-Llama-8B · LoRA-v2,DeepSeek-R1-Distill-Llama-8B,LoRA-v2,18210,2.605939177101968,1.1707,5.169489117877185e-06,trainer_state_deepseekv2.json
DeepSeek-R1-Distill-Llama-8B · LoRA-v2,DeepSeek-R1-Distill-Llama-8B,LoRA-v2,18220,2.60737030411449,1.1459,5.132683683209715e-06,trainer_state_deepseekv2.json
DeepSeek-R1-Distill-Llama-8B · LoRA-v2,DeepSeek-R1-Distill-Llama-8B,LoRA-v2,18230,2.6088014311270125,1.1367,5.096002649590415e-06,trainer_state_deepseekv2.json
DeepSeek-R1-Distill-Llama-8B · LoRA-v2,DeepSeek-R1-Distill-Llama-8B,LoRA-v2,18240,2.610232558139535,1.1441,5.0594461187227215e-06,trainer_state_deepseekv2.json
DeepSeek-R1-Distill-Llama-8B · LoRA-v2,DeepSeek-R1-Distill-Llama-8B,LoRA-v2,18250,2.6116636851520574,1.1206,5.023014191964825e-06,trainer_state_deepseekv2.json
DeepSeek-R1-Distill-Llama-8B · LoRA-v2,DeepSeek-R1-Distill-Llama-8B,LoRA-v2,18260,2.6130948121645794,1.1146,4.986706970329452e-06,trainer_state_deepseekv2.json
DeepSeek-R1-Distill-Llama-8B · LoRA-v2,DeepSeek-R1-Distill-Llama-8B,LoRA-v2,18270,2.614525939177102,1.1892,4.95052455448356e-06,trainer_state_deepseekv2.json
DeepSeek-R1-Distill-Llama-8B · LoRA-v2,DeepSeek-R1-Distill-Llama-8B,LoRA-v2,18280,2.6159570661896243,1.0964,4.914467044748095e-06,trainer_state_deepseekv2.json
DeepSeek-R1-Distill-Llama-8B · LoRA-v2,DeepSeek-R1-Distill-Llama-8B,LoRA-v2,18290,2.6173881932021468,1.0816,4.878534541097624e-06,trainer_state_deepseekv2.json
DeepSeek-R1-Distill-Llama-8B · LoRA-v2,DeepSeek-R1-Distill-Llama-8B,LoRA-v2,18300,2.6188193202146692,1.0556,4.842727143160164e-06,trainer_state_deepseekv2.json
DeepSeek-R1-Distill-Llama-8B · LoRA-v2,DeepSeek-R1-Distill-Llama-8B,LoRA-v2,18310,2.6202504472271912,1.1561,4.8070449502168376e-06,trainer_state_deepseekv2.json
DeepSeek-R1-Distill-Llama-8B · LoRA-v2,DeepSeek-R1-Distill-Llama-8B,LoRA-v2,18320,2.6216815742397137,1.0615,4.77148806120164e-06,trainer_state_deepseekv2.json
DeepSeek-R1-Distill-Llama-8B · LoRA-v2,DeepSeek-R1-Distill-Llama-8B,LoRA-v2,18330,2.623112701252236,1.0164,4.73605657470112e-06,trainer_state_deepseekv2.json
DeepSeek-R1-Distill-Llama-8B · LoRA-v2,DeepSeek-R1-Distill-Llama-8B,LoRA-v2,18340,2.6245438282647586,0.9682,4.700750588954139e-06,trainer_state_deepseekv2.json
DeepSeek-R1-Distill-Llama-8B · LoRA-v2,DeepSeek-R1-Distill-Llama-8B,LoRA-v2,18350,2.6259749552772806,1.1839,4.665570201851588e-06,trainer_state_deepseekv2.json
DeepSeek-R1-Distill-Llama-8B · LoRA-v2,DeepSeek-R1-Distill-Llama-8B,LoRA-v2,18360,2.627406082289803,1.086,4.630515510936123e-06,trainer_state_deepseekv2.json
DeepSeek-R1-Distill-Llama-8B · LoRA-v2,DeepSeek-R1-Distill-Llama-8B,LoRA-v2,18370,2.6288372093023256,1.1281,4.595586613401881e-06,trainer_state_deepseekv2.json
DeepSeek-R1-Distill-Llama-8B · LoRA-v2,DeepSeek-R1-Distill-Llama-8B,LoRA-v2,18380,2.630268336314848,1.272,4.560783606094232e-06,trainer_state_deepseekv2.json
DeepSeek-R1-Distill-Llama-8B · LoRA-v2,DeepSeek-R1-Distill-Llama-8B,LoRA-v2,18390,2.6316994633273705,1.1254,4.526106585509465e-06,trainer_state_deepseekv2.json
DeepSeek-R1-Distill-Llama-8B · LoRA-v2,DeepSeek-R1-Distill-Llama-8B,LoRA-v2,18400,2.633130590339893,1.1305,4.491555647794609e-06,trainer_state_deepseekv2.json
DeepSeek-R1-Distill-Llama-8B · LoRA-v2,DeepSeek-R1-Distill-Llama-8B,LoRA-v2,18410,2.634561717352415,1.1209,4.457130888747063e-06,trainer_state_deepseekv2.json
DeepSeek-R1-Distill-Llama-8B · LoRA-v2,DeepSeek-R1-Distill-Llama-8B,LoRA-v2,18420,2.6359928443649374,1.0991,4.422832403814387e-06,trainer_state_deepseekv2.json
DeepSeek-R1-Distill-Llama-8B · LoRA-v2,DeepSeek-R1-Distill-Llama-8B,LoRA-v2,18430,2.63742397137746,1.0674,4.3886602880940435e-06,trainer_state_deepseekv2.json
DeepSeek-R1-Distill-Llama-8B · LoRA-v2,DeepSeek-R1-Distill-Llama-8B,LoRA-v2,18440,2.638855098389982,1.1589,4.354614636333099e-06,trainer_state_deepseekv2.json
DeepSeek-R1-Distill-Llama-8B · LoRA-v2,DeepSeek-R1-Distill-Llama-8B,LoRA-v2,18450,2.6402862254025043,1.1765,4.320695542927999e-06,trainer_state_deepseekv2.json
DeepSeek-R1-Distill-Llama-8B · LoRA-v2,DeepSeek-R1-Distill-Llama-8B,LoRA-v2,18460,2.641717352415027,1.1527,4.286903101924272e-06,trainer_state_deepseekv2.json
DeepSeek-R1-Distill-Llama-8B · LoRA-v2,DeepSeek-R1-Distill-Llama-8B,LoRA-v2,18470,2.6431484794275493,1.1337,4.253237407016286e-06,trainer_state_deepseekv2.json
DeepSeek-R1-Distill-Llama-8B · LoRA-v2,DeepSeek-R1-Distill-Llama-8B,LoRA-v2,18480,2.6445796064400717,1.0373,4.219698551547002e-06,trainer_state_deepseekv2.json
DeepSeek-R1-Distill-Llama-8B · LoRA-v2,DeepSeek-R1-Distill-Llama-8B,LoRA-v2,18490,2.646010733452594,1.1441,4.1862866285076966e-06,trainer_state_deepseekv2.json
DeepSeek-R1-Distill-Llama-8B · LoRA-v2,DeepSeek-R1-Distill-Llama-8B,LoRA-v2,18500,2.647441860465116,1.0607,4.153001730537698e-06,trainer_state_deepseekv2.json
DeepSeek-R1-Distill-Llama-8B · LoRA-v2,DeepSeek-R1-Distill-Llama-8B,LoRA-v2,18510,2.6488729874776387,1.0455,4.119843949924124e-06,trainer_state_deepseekv2.json
DeepSeek-R1-Distill-Llama-8B · LoRA-v2,DeepSeek-R1-Distill-Llama-8B,LoRA-v2,18520,2.650304114490161,1.1735,4.0868133786016895e-06,trainer_state_deepseekv2.json
DeepSeek-R1-Distill-Llama-8B · LoRA-v2,DeepSeek-R1-Distill-Llama-8B,LoRA-v2,18530,2.651735241502683,1.0726,4.053910108152359e-06,trainer_state_deepseekv2.json
DeepSeek-R1-Distill-Llama-8B · LoRA-v2,DeepSeek-R1-Distill-Llama-8B,LoRA-v2,18540,2.6531663685152056,1.2495,4.021134229805162e-06,trainer_state_deepseekv2.json
DeepSeek-R1-Distill-Llama-8B · LoRA-v2,DeepSeek-R1-Distill-Llama-8B,LoRA-v2,18550,2.654597495527728,1.1484,3.98848583443589e-06,trainer_state_deepseekv2.json
DeepSeek-R1-Distill-Llama-8B · LoRA-v2,DeepSeek-R1-Distill-Llama-8B,LoRA-v2,18560,2.6560286225402505,1.0162,3.955965012566909e-06,trainer_state_deepseekv2.json
DeepSeek-R1-Distill-Llama-8B · LoRA-v2,DeepSeek-R1-Distill-Llama-8B,LoRA-v2,18570,2.657459749552773,1.0005,3.923571854366847e-06,trainer_state_deepseekv2.json
DeepSeek-R1-Distill-Llama-8B · LoRA-v2,DeepSeek-R1-Distill-Llama-8B,LoRA-v2,18580,2.6588908765652954,1.1191,3.8913064496503395e-06,trainer_state_deepseekv2.json
DeepSeek-R1-Distill-Llama-8B · LoRA-v2,DeepSeek-R1-Distill-Llama-8B,LoRA-v2,18590,2.6603220035778175,1.0372,3.859168887877845e-06,trainer_state_deepseekv2.json
DeepSeek-R1-Distill-Llama-8B · LoRA-v2,DeepSeek-R1-Distill-Llama-8B,LoRA-v2,18600,2.66175313059034,1.1518,3.827159258155355e-06,trainer_state_deepseekv2.json
DeepSeek-R1-Distill-Llama-8B · LoRA-v2,DeepSeek-R1-Distill-Llama-8B,LoRA-v2,18610,2.6631842576028624,1.1453,3.795277649234141e-06,trainer_state_deepseekv2.json
DeepSeek-R1-Distill-Llama-8B · LoRA-v2,DeepSeek-R1-Distill-Llama-8B,LoRA-v2,18620,2.6646153846153844,1.1295,3.7635241495105223e-06,trainer_state_deepseekv2.json
DeepSeek-R1-Distill-Llama-8B · LoRA-v2,DeepSeek-R1-Distill-Llama-8B,LoRA-v2,18630,2.666046511627907,1.1466,3.7318988470256e-06,trainer_state_deepseekv2.json
DeepSeek-R1-Distill-Llama-8B · LoRA-v2,DeepSeek-R1-Distill-Llama-8B,LoRA-v2,18640,2.6674776386404293,1.0513,3.7004018294650723e-06,trainer_state_deepseekv2.json
DeepSeek-R1-Distill-Llama-8B · LoRA-v2,DeepSeek-R1-Distill-Llama-8B,LoRA-v2,18650,2.6689087656529518,0.9929,3.6690331841589153e-06,trainer_state_deepseekv2.json
DeepSeek-R1-Distill-Llama-8B · LoRA-v2,DeepSeek-R1-Distill-Llama-8B,LoRA-v2,18660,2.6703398926654742,1.0731,3.6377929980811686e-06,trainer_state_deepseekv2.json
DeepSeek-R1-Distill-Llama-8B · LoRA-v2,DeepSeek-R1-Distill-Llama-8B,LoRA-v2,18670,2.6717710196779967,1.0341,3.6066813578497174e-06,trainer_state_deepseekv2.json
DeepSeek-R1-Distill-Llama-8B · LoRA-v2,DeepSeek-R1-Distill-Llama-8B,LoRA-v2,18680,2.6732021466905187,1.0063,3.5756983497260366e-06,trainer_state_deepseekv2.json
DeepSeek-R1-Distill-Llama-8B · LoRA-v2,DeepSeek-R1-Distill-Llama-8B,LoRA-v2,18690,2.674633273703041,1.0525,3.544844059614949e-06,trainer_state_deepseekv2.json
DeepSeek-R1-Distill-Llama-8B · LoRA-v2,DeepSeek-R1-Distill-Llama-8B,LoRA-v2,18700,2.6760644007155636,1.1057,3.514118573064379e-06,trainer_state_deepseekv2.json
DeepSeek-R1-Distill-Llama-8B · LoRA-v2,DeepSeek-R1-Distill-Llama-8B,LoRA-v2,18710,2.6774955277280856,0.9903,3.483521975265125e-06,trainer_state_deepseekv2.json
DeepSeek-R1-Distill-Llama-8B · LoRA-v2,DeepSeek-R1-Distill-Llama-8B,LoRA-v2,18720,2.678926654740608,1.0653,3.4530543510506497e-06,trainer_state_deepseekv2.json
DeepSeek-R1-Distill-Llama-8B · LoRA-v2,DeepSeek-R1-Distill-Llama-8B,LoRA-v2,18730,2.6803577817531306,1.1486,3.422715784896774e-06,trainer_state_deepseekv2.json
DeepSeek-R1-Distill-Llama-8B · LoRA-v2,DeepSeek-R1-Distill-Llama-8B,LoRA-v2,18740,2.681788908765653,1.2086,3.392506360921516e-06,trainer_state_deepseekv2.json
DeepSeek-R1-Distill-Llama-8B · LoRA-v2,DeepSeek-R1-Distill-Llama-8B,LoRA-v2,18750,2.6832200357781755,1.0242,3.362426162884813e-06,trainer_state_deepseekv2.json
DeepSeek-R1-Distill-Llama-8B · LoRA-v2,DeepSeek-R1-Distill-Llama-8B,LoRA-v2,18760,2.684651162790698,0.9854,3.3324752741883345e-06,trainer_state_deepseekv2.json
DeepSeek-R1-Distill-Llama-8B · LoRA-v2,DeepSeek-R1-Distill-Llama-8B,LoRA-v2,18770,2.68608228980322,1.0285,3.3026537778751922e-06,trainer_state_deepseekv2.json
DeepSeek-R1-Distill-Llama-8B · LoRA-v2,DeepSeek-R1-Distill-Llama-8B,LoRA-v2,18780,2.6875134168157424,1.1635,3.272961756629739e-06,trainer_state_deepseekv2.json
DeepSeek-R1-Distill-Llama-8B · LoRA-v2,DeepSeek-R1-Distill-Llama-8B,LoRA-v2,18790,2.688944543828265,1.0164,3.2433992927773494e-06,trainer_state_deepseekv2.json
DeepSeek-R1-Distill-Llama-8B · LoRA-v2,DeepSeek-R1-Distill-Llama-8B,LoRA-v2,18800,2.690375670840787,1.1629,3.213966468284202e-06,trainer_state_deepseekv2.json
DeepSeek-R1-Distill-Llama-8B · LoRA-v2,DeepSeek-R1-Distill-Llama-8B,LoRA-v2,18810,2.6918067978533093,1.023,3.1846633647569847e-06,trainer_state_deepseekv2.json
DeepSeek-R1-Distill-Llama-8B · LoRA-v2,DeepSeek-R1-Distill-Llama-8B,LoRA-v2,18820,2.693237924865832,1.1992,3.155490063442751e-06,trainer_state_deepseekv2.json
DeepSeek-R1-Distill-Llama-8B · LoRA-v2,DeepSeek-R1-Distill-Llama-8B,LoRA-v2,18830,2.6946690518783543,1.0242,3.126446645228642e-06,trainer_state_deepseekv2.json
DeepSeek-R1-Distill-Llama-8B · LoRA-v2,DeepSeek-R1-Distill-Llama-8B,LoRA-v2,18840,2.6961001788908767,1.1281,3.0975331906416994e-06,trainer_state_deepseekv2.json
DeepSeek-R1-Distill-Llama-8B · LoRA-v2,DeepSeek-R1-Distill-Llama-8B,LoRA-v2,18850,2.697531305903399,1.0411,3.0687497798485955e-06,trainer_state_deepseekv2.json
DeepSeek-R1-Distill-Llama-8B · LoRA-v2,DeepSeek-R1-Distill-Llama-8B,LoRA-v2,18860,2.698962432915921,1.2109,3.040096492655464e-06,trainer_state_deepseekv2.json
DeepSeek-R1-Distill-Llama-8B · LoRA-v2,DeepSeek-R1-Distill-Llama-8B,LoRA-v2,18870,2.7003935599284437,1.1825,3.0115734085076342e-06,trainer_state_deepseekv2.json
DeepSeek-R1-Distill-Llama-8B · LoRA-v2,DeepSeek-R1-Distill-Llama-8B,LoRA-v2,18880,2.701824686940966,1.0826,2.9831806064894273e-06,trainer_state_deepseekv2.json
DeepSeek-R1-Distill-Llama-8B · LoRA-v2,DeepSeek-R1-Distill-Llama-8B,LoRA-v2,18890,2.703255813953488,1.2098,2.9549181653239554e-06,trainer_state_deepseekv2.json
DeepSeek-R1-Distill-Llama-8B · LoRA-v2,DeepSeek-R1-Distill-Llama-8B,LoRA-v2,18900,2.7046869409660106,1.0643,2.9267861633728745e-06,trainer_state_deepseekv2.json
DeepSeek-R1-Distill-Llama-8B · LoRA-v2,DeepSeek-R1-Distill-Llama-8B,LoRA-v2,18910,2.706118067978533,1.0422,2.898784678636168e-06,trainer_state_deepseekv2.json
DeepSeek-R1-Distill-Llama-8B · LoRA-v2,DeepSeek-R1-Distill-Llama-8B,LoRA-v2,18920,2.7075491949910555,1.1715,2.8709137887519776e-06,trainer_state_deepseekv2.json
DeepSeek-R1-Distill-Llama-8B · LoRA-v2,DeepSeek-R1-Distill-Llama-8B,LoRA-v2,18930,2.708980322003578,1.0541,2.843173570996316e-06,trainer_state_deepseekv2.json
DeepSeek-R1-Distill-Llama-8B · LoRA-v2,DeepSeek-R1-Distill-Llama-8B,LoRA-v2,18940,2.7104114490161004,1.1414,2.8155641022829194e-06,trainer_state_deepseekv2.json
DeepSeek-R1-Distill-Llama-8B · LoRA-v2,DeepSeek-R1-Distill-Llama-8B,LoRA-v2,18950,2.7118425760286224,1.039,2.788085459162948e-06,trainer_state_deepseekv2.json
DeepSeek-R1-Distill-Llama-8B · LoRA-v2,DeepSeek-R1-Distill-Llama-8B,LoRA-v2,18960,2.713273703041145,1.0457,2.760737717824907e-06,trainer_state_deepseekv2.json
DeepSeek-R1-Distill-Llama-8B · LoRA-v2,DeepSeek-R1-Distill-Llama-8B,LoRA-v2,18970,2.7147048300536674,1.1277,2.733520954094304e-06,trainer_state_deepseekv2.json
DeepSeek-R1-Distill-Llama-8B · LoRA-v2,DeepSeek-R1-Distill-Llama-8B,LoRA-v2,18980,2.7161359570661894,1.1331,2.7064352434335027e-06,trainer_state_deepseekv2.json
DeepSeek-R1-Distill-Llama-8B · LoRA-v2,DeepSeek-R1-Distill-Llama-8B,LoRA-v2,18990,2.717567084078712,1.1141,2.679480660941508e-06,trainer_state_deepseekv2.json
DeepSeek-R1-Distill-Llama-8B · LoRA-v2,DeepSeek-R1-Distill-Llama-8B,LoRA-v2,19000,2.7189982110912343,1.1334,2.65265728135376e-06,trainer_state_deepseekv2.json
DeepSeek-R1-Distill-Llama-8B · LoRA-v2,DeepSeek-R1-Distill-Llama-8B,LoRA-v2,19010,2.7204293381037568,1.0359,2.6259651790419115e-06,trainer_state_deepseekv2.json
DeepSeek-R1-Distill-Llama-8B · LoRA-v2,DeepSeek-R1-Distill-Llama-8B,LoRA-v2,19020,2.721860465116279,0.9762,2.5994044280136356e-06,trainer_state_deepseekv2.json
DeepSeek-R1-Distill-Llama-8B · LoRA-v2,DeepSeek-R1-Distill-Llama-8B,LoRA-v2,19030,2.7232915921288017,1.0413,2.572975101912395e-06,trainer_state_deepseekv2.json
DeepSeek-R1-Distill-Llama-8B · LoRA-v2,DeepSeek-R1-Distill-Llama-8B,LoRA-v2,19040,2.7247227191413237,1.1326,2.546677274017295e-06,trainer_state_deepseekv2.json
DeepSeek-R1-Distill-Llama-8B · LoRA-v2,DeepSeek-R1-Distill-Llama-8B,LoRA-v2,19050,2.726153846153846,1.1021,2.520511017242805e-06,trainer_state_deepseekv2.json
DeepSeek-R1-Distill-Llama-8B · LoRA-v2,DeepSeek-R1-Distill-Llama-8B,LoRA-v2,19060,2.7275849731663686,1.1617,2.4944764041386237e-06,trainer_state_deepseekv2.json
DeepSeek-R1-Distill-Llama-8B · LoRA-v2,DeepSeek-R1-Distill-Llama-8B,LoRA-v2,19070,2.7290161001788906,1.0749,2.4685735068894267e-06,trainer_state_deepseekv2.json
DeepSeek-R1-Distill-Llama-8B · LoRA-v2,DeepSeek-R1-Distill-Llama-8B,LoRA-v2,19080,2.730447227191413,1.0153,2.442802397314714e-06,trainer_state_deepseekv2.json
DeepSeek-R1-Distill-Llama-8B · LoRA-v2,DeepSeek-R1-Distill-Llama-8B,LoRA-v2,19090,2.7318783542039355,1.1512,2.417163146868573e-06,trainer_state_deepseekv2.json
DeepSeek-R1-Distill-Llama-8B · LoRA-v2,DeepSeek-R1-Distill-Llama-8B,LoRA-v2,19100,2.733309481216458,1.063,2.3916558266394717e-06,trainer_state_deepseekv2.json
DeepSeek-R1-Distill-Llama-8B · LoRA-v2,DeepSeek-R1-Distill-Llama-8B,LoRA-v2,19110,2.7347406082289805,0.9494,2.3662805073501048e-06,trainer_state_deepseekv2.json
DeepSeek-R1-Distill-Llama-8B · LoRA-v2,DeepSeek-R1-Distill-Llama-8B,LoRA-v2,19120,2.736171735241503,0.9998,2.341037259357182e-06,trainer_state_deepseekv2.json
DeepSeek-R1-Distill-Llama-8B · LoRA-v2,DeepSeek-R1-Distill-Llama-8B,LoRA-v2,19130,2.737602862254025,1.1003,2.3159261526512156e-06,trainer_state_deepseekv2.json
DeepSeek-R1-Distill-Llama-8B · LoRA-v2,DeepSeek-R1-Distill-Llama-8B,LoRA-v2,19140,2.7390339892665474,1.2071,2.2909472568563404e-06,trainer_state_deepseekv2.json
DeepSeek-R1-Distill-Llama-8B · LoRA-v2,DeepSeek-R1-Distill-Llama-8B,LoRA-v2,19150,2.74046511627907,1.2181,2.266100641230101e-06,trainer_state_deepseekv2.json
DeepSeek-R1-Distill-Llama-8B · LoRA-v2,DeepSeek-R1-Distill-Llama-8B,LoRA-v2,19160,2.741896243291592,1.0732,2.241386374663318e-06,trainer_state_deepseekv2.json
DeepSeek-R1-Distill-Llama-8B · LoRA-v2,DeepSeek-R1-Distill-Llama-8B,LoRA-v2,19170,2.7433273703041143,1.1826,2.2168045256797997e-06,trainer_state_deepseekv2.json
DeepSeek-R1-Distill-Llama-8B · LoRA-v2,DeepSeek-R1-Distill-Llama-8B,LoRA-v2,19180,2.744758497316637,1.1501,2.1923551624362547e-06,trainer_state_deepseekv2.json
DeepSeek-R1-Distill-Llama-8B · LoRA-v2,DeepSeek-R1-Distill-Llama-8B,LoRA-v2,19190,2.7461896243291593,0.9373,2.168038352722018e-06,trainer_state_deepseekv2.json
DeepSeek-R1-Distill-Llama-8B · LoRA-v2,DeepSeek-R1-Distill-Llama-8B,LoRA-v2,19200,2.7476207513416817,1.2034,2.143854163958947e-06,trainer_state_deepseekv2.json
DeepSeek-R1-Distill-Llama-8B · LoRA-v2,DeepSeek-R1-Distill-Llama-8B,LoRA-v2,19210,2.749051878354204,1.1776,2.119802663201148e-06,trainer_state_deepseekv2.json
DeepSeek-R1-Distill-Llama-8B · LoRA-v2,DeepSeek-R1-Distill-Llama-8B,LoRA-v2,19220,2.750483005366726,1.1401,2.0958839171348444e-06,trainer_state_deepseekv2.json
DeepSeek-R1-Distill-Llama-8B · LoRA-v2,DeepSeek-R1-Distill-Llama-8B,LoRA-v2,19230,2.7519141323792486,1.035,2.0720979920781756e-06,trainer_state_deepseekv2.json
DeepSeek-R1-Distill-Llama-8B · LoRA-v2,DeepSeek-R1-Distill-Llama-8B,LoRA-v2,19240,2.753345259391771,1.0187,2.048444953981038e-06,trainer_state_deepseekv2.json
DeepSeek-R1-Distill-Llama-8B · LoRA-v2,DeepSeek-R1-Distill-Llama-8B,LoRA-v2,19250,2.754776386404293,1.078,2.0249248684248377e-06,trainer_state_deepseekv2.json
DeepSeek-R1-Distill-Llama-8B · LoRA-v2,DeepSeek-R1-Distill-Llama-8B,LoRA-v2,19260,2.7562075134168156,1.028,2.001537800622383e-06,trainer_state_deepseekv2.json
DeepSeek-R1-Distill-Llama-8B · LoRA-v2,DeepSeek-R1-Distill-Llama-8B,LoRA-v2,19270,2.757638640429338,1.0299,1.9782838154176584e-06,trainer_state_deepseekv2.json
DeepSeek-R1-Distill-Llama-8B · LoRA-v2,DeepSeek-R1-Distill-Llama-8B,LoRA-v2,19280,2.7590697674418605,1.0075,1.9551629772856684e-06,trainer_state_deepseekv2.json
DeepSeek-R1-Distill-Llama-8B · LoRA-v2,DeepSeek-R1-Distill-Llama-8B,LoRA-v2,19290,2.760500894454383,1.1099,1.9321753503322436e-06,trainer_state_deepseekv2.json
DeepSeek-R1-Distill-Llama-8B · LoRA-v2,DeepSeek-R1-Distill-Llama-8B,LoRA-v2,19300,2.7619320214669054,1.0492,1.9093209982938622e-06,trainer_state_deepseekv2.json
DeepSeek-R1-Distill-Llama-8B · LoRA-v2,DeepSeek-R1-Distill-Llama-8B,LoRA-v2,19310,2.7633631484794274,1.1062,1.8865999845374793e-06,trainer_state_deepseekv2.json
DeepSeek-R1-Distill-Llama-8B · LoRA-v2,DeepSeek-R1-Distill-Llama-8B,LoRA-v2,19320,2.76479427549195,1.1228,1.8640123720603586e-06,trainer_state_deepseekv2.json
DeepSeek-R1-Distill-Llama-8B · LoRA-v2,DeepSeek-R1-Distill-Llama-8B,LoRA-v2,19330,2.7662254025044724,1.099,1.841558223489881e-06,trainer_state_deepseekv2.json
DeepSeek-R1-Distill-Llama-8B · LoRA-v2,DeepSeek-R1-Distill-Llama-8B,LoRA-v2,19340,2.7676565295169944,1.1423,1.8192376010833845e-06,trainer_state_deepseekv2.json
DeepSeek-R1-Distill-Llama-8B · LoRA-v2,DeepSeek-R1-Distill-Llama-8B,LoRA-v2,19350,2.769087656529517,1.0412,1.7970505667279814e-06,trainer_state_deepseekv2.json
DeepSeek-R1-Distill-Llama-8B · LoRA-v2,DeepSeek-R1-Distill-Llama-8B,LoRA-v2,19360,2.7705187835420393,1.1212,1.774997181940402e-06,trainer_state_deepseekv2.json
DeepSeek-R1-Distill-Llama-8B · LoRA-v2,DeepSeek-R1-Distill-Llama-8B,LoRA-v2,19370,2.7719499105545617,1.0244,1.7530775078668072e-06,trainer_state_deepseekv2.json
DeepSeek-R1-Distill-Llama-8B · LoRA-v2,DeepSeek-R1-Distill-Llama-8B,LoRA-v2,19380,2.773381037567084,1.1696,1.7312916052826257e-06,trainer_state_deepseekv2.json
DeepSeek-R1-Distill-Llama-8B · LoRA-v2,DeepSeek-R1-Distill-Llama-8B,LoRA-v2,19390,2.7748121645796067,1.0439,1.7096395345923832e-06,trainer_state_deepseekv2.json
DeepSeek-R1-Distill-Llama-8B · LoRA-v2,DeepSeek-R1-Distill-Llama-8B,LoRA-v2,19400,2.7762432915921287,1.0499,1.6881213558295473e-06,trainer_state_deepseekv2.json
DeepSeek-R1-Distill-Llama-8B · LoRA-v2,DeepSeek-R1-Distill-Llama-8B,LoRA-v2,19410,2.777674418604651,0.9573,1.6667371286563426e-06,trainer_state_deepseekv2.json
DeepSeek-R1-Distill-Llama-8B · LoRA-v2,DeepSeek-R1-Distill-Llama-8B,LoRA-v2,19420,2.7791055456171736,1.1832,1.6454869123635918e-06,trainer_state_deepseekv2.json
DeepSeek-R1-Distill-Llama-8B · LoRA-v2,DeepSeek-R1-Distill-Llama-8B,LoRA-v2,19430,2.7805366726296956,1.1344,1.6243707658705531e-06,trainer_state_deepseekv2.json
DeepSeek-R1-Distill-Llama-8B · LoRA-v2,DeepSeek-R1-Distill-Llama-8B,LoRA-v2,19440,2.781967799642218,1.1882,1.6033887477247766e-06,trainer_state_deepseekv2.json
DeepSeek-R1-Distill-Llama-8B · LoRA-v2,DeepSeek-R1-Distill-Llama-8B,LoRA-v2,19450,2.7833989266547405,1.0484,1.582540916101899e-06,trainer_state_deepseekv2.json
DeepSeek-R1-Distill-Llama-8B · LoRA-v2,DeepSeek-R1-Distill-Llama-8B,LoRA-v2,19460,2.784830053667263,1.0772,1.5618273288055153e-06,trainer_state_deepseekv2.json
DeepSeek-R1-Distill-Llama-8B · LoRA-v2,DeepSeek-R1-Distill-Llama-8B,LoRA-v2,19470,2.7862611806797855,1.1143,1.5412480432669963e-06,trainer_state_deepseekv2.json
DeepSeek-R1-Distill-Llama-8B · LoRA-v2,DeepSeek-R1-Distill-Llama-8B,LoRA-v2,19480,2.787692307692308,1.0384,1.5208031165453662e-06,trainer_state_deepseekv2.json
DeepSeek-R1-Distill-Llama-8B · LoRA-v2,DeepSeek-R1-Distill-Llama-8B,LoRA-v2,19490,2.78912343470483,0.9453,1.5004926053270973e-06,trainer_state_deepseekv2.json
DeepSeek-R1-Distill-Llama-8B · LoRA-v2,DeepSeek-R1-Distill-Llama-8B,LoRA-v2,19500,2.7905545617173524,1.0398,1.4803165659259987e-06,trainer_state_deepseekv2.json
DeepSeek-R1-Distill-Llama-8B · LoRA-v2,DeepSeek-R1-Distill-Llama-8B,LoRA-v2,19510,2.791985688729875,1.0963,1.4602750542830057e-06,trainer_state_deepseekv2.json
DeepSeek-R1-Distill-Llama-8B · LoRA-v2,DeepSeek-R1-Distill-Llama-8B,LoRA-v2,19520,2.793416815742397,1.0445,1.440368125966085e-06,trainer_state_deepseekv2.json
DeepSeek-R1-Distill-Llama-8B · LoRA-v2,DeepSeek-R1-Distill-Llama-8B,LoRA-v2,19530,2.7948479427549193,1.1323,1.4205958361700522e-06,trainer_state_deepseekv2.json
DeepSeek-R1-Distill-Llama-8B · LoRA-v2,DeepSeek-R1-Distill-Llama-8B,LoRA-v2,19540,2.796279069767442,1.0457,1.4009582397163879e-06,trainer_state_deepseekv2.json
DeepSeek-R1-Distill-Llama-8B · LoRA-v2,DeepSeek-R1-Distill-Llama-8B,LoRA-v2,19550,2.7977101967799642,1.1805,1.3814553910531326e-06,trainer_state_deepseekv2.json
DeepSeek-R1-Distill-Llama-8B · LoRA-v2,DeepSeek-R1-Distill-Llama-8B,LoRA-v2,19560,2.7991413237924867,1.2441,1.362087344254742e-06,trainer_state_deepseekv2.json
DeepSeek-R1-Distill-Llama-8B · LoRA-v2,DeepSeek-R1-Distill-Llama-8B,LoRA-v2,19570,2.800572450805009,1.0259,1.342854153021883e-06,trainer_state_deepseekv2.json
DeepSeek-R1-Distill-Llama-8B · LoRA-v2,DeepSeek-R1-Distill-Llama-8B,LoRA-v2,19580,2.802003577817531,1.1413,1.3237558706813257e-06,trainer_state_deepseekv2.json
DeepSeek-R1-Distill-Llama-8B · LoRA-v2,DeepSeek-R1-Distill-Llama-8B,LoRA-v2,19590,2.8034347048300536,1.0967,1.3047925501857906e-06,trainer_state_deepseekv2.json
DeepSeek-R1-Distill-Llama-8B · LoRA-v2,DeepSeek-R1-Distill-Llama-8B,LoRA-v2,19600,2.804865831842576,1.1238,1.2859642441137965e-06,trainer_state_deepseekv2.json
DeepSeek-R1-Distill-Llama-8B · LoRA-v2,DeepSeek-R1-Distill-Llama-8B,LoRA-v2,19610,2.8062969588550986,0.9976,1.2672710046695236e-06,trainer_state_deepseekv2.json
DeepSeek-R1-Distill-Llama-8B · LoRA-v2,DeepSeek-R1-Distill-Llama-8B,LoRA-v2,19620,2.8077280858676206,1.0314,1.248712883682629e-06,trainer_state_deepseekv2.json
DeepSeek-R1-Distill-Llama-8B · LoRA-v2,DeepSeek-R1-Distill-Llama-8B,LoRA-v2,19630,2.809159212880143,1.0004,1.2302899326081584e-06,trainer_state_deepseekv2.json
DeepSeek-R1-Distill-Llama-8B · LoRA-v2,DeepSeek-R1-Distill-Llama-8B,LoRA-v2,19640,2.8105903398926655,1.1046,1.2120022025263911e-06,trainer_state_deepseekv2.json
DeepSeek-R1-Distill-Llama-8B · LoRA-v2,DeepSeek-R1-Distill-Llama-8B,LoRA-v2,19650,2.812021466905188,1.0244,1.193849744142672e-06,trainer_state_deepseekv2.json
DeepSeek-R1-Distill-Llama-8B · LoRA-v2,DeepSeek-R1-Distill-Llama-8B,LoRA-v2,19660,2.8134525939177104,1.1005,1.175832607787275e-06,trainer_state_deepseekv2.json
DeepSeek-R1-Distill-Llama-8B · LoRA-v2,DeepSeek-R1-Distill-Llama-8B,LoRA-v2,19670,2.8148837209302324,1.1893,1.1579508434152897e-06,trainer_state_deepseekv2.json
DeepSeek-R1-Distill-Llama-8B · LoRA-v2,DeepSeek-R1-Distill-Llama-8B,LoRA-v2,19680,2.816314847942755,1.0118,1.1402045006064787e-06,trainer_state_deepseekv2.json
DeepSeek-R1-Distill-Llama-8B · LoRA-v2,DeepSeek-R1-Distill-Llama-8B,LoRA-v2,19690,2.8177459749552773,1.0329,1.122593628565094e-06,trainer_state_deepseekv2.json
DeepSeek-R1-Distill-Llama-8B · LoRA-v2,DeepSeek-R1-Distill-Llama-8B,LoRA-v2,19700,2.8191771019678,1.0278,1.1051182761198042e-06,trainer_state_deepseekv2.json
DeepSeek-R1-Distill-Llama-8B · LoRA-v2,DeepSeek-R1-Distill-Llama-8B,LoRA-v2,19710,2.820608228980322,1.0128,1.087778491723518e-06,trainer_state_deepseekv2.json
DeepSeek-R1-Distill-Llama-8B · LoRA-v2,DeepSeek-R1-Distill-Llama-8B,LoRA-v2,19720,2.8220393559928443,1.0882,1.0705743234532773e-06,trainer_state_deepseekv2.json
DeepSeek-R1-Distill-Llama-8B · LoRA-v2,DeepSeek-R1-Distill-Llama-8B,LoRA-v2,19730,2.8234704830053667,1.0116,1.0535058190100867e-06,trainer_state_deepseekv2.json
DeepSeek-R1-Distill-Llama-8B · LoRA-v2,DeepSeek-R1-Distill-Llama-8B,LoRA-v2,19740,2.824901610017889,1.0,1.0365730257188233e-06,trainer_state_deepseekv2.json
DeepSeek-R1-Distill-Llama-8B · LoRA-v2,DeepSeek-R1-Distill-Llama-8B,LoRA-v2,19750,2.8263327370304117,1.1665,1.0197759905280714e-06,trainer_state_deepseekv2.json
DeepSeek-R1-Distill-Llama-8B · LoRA-v2,DeepSeek-R1-Distill-Llama-8B,LoRA-v2,19760,2.8277638640429337,1.0073,1.00311476001001e-06,trainer_state_deepseekv2.json
DeepSeek-R1-Distill-Llama-8B · LoRA-v2,DeepSeek-R1-Distill-Llama-8B,LoRA-v2,19770,2.829194991055456,1.0708,9.865893803602865e-07,trainer_state_deepseekv2.json
DeepSeek-R1-Distill-Llama-8B · LoRA-v2,DeepSeek-R1-Distill-Llama-8B,LoRA-v2,19780,2.8306261180679786,1.1479,9.701998973978831e-07,trainer_state_deepseekv2.json
DeepSeek-R1-Distill-Llama-8B · LoRA-v2,DeepSeek-R1-Distill-Llama-8B,LoRA-v2,19790,2.832057245080501,1.1191,9.539463565649664e-07,trainer_state_deepseekv2.json
DeepSeek-R1-Distill-Llama-8B · LoRA-v2,DeepSeek-R1-Distill-Llama-8B,LoRA-v2,19800,2.833488372093023,1.0992,9.378288029268211e-07,trainer_state_deepseekv2.json
DeepSeek-R1-Distill-Llama-8B · LoRA-v2,DeepSeek-R1-Distill-Llama-8B,LoRA-v2,19810,2.8349194991055455,1.0819,9.218472811716672e-07,trainer_state_deepseekv2.json
DeepSeek-R1-Distill-Llama-8B · LoRA-v2,DeepSeek-R1-Distill-Llama-8B,LoRA-v2,19820,2.836350626118068,1.1608,9.060018356105426e-07,trainer_state_deepseekv2.json
DeepSeek-R1-Distill-Llama-8B · LoRA-v2,DeepSeek-R1-Distill-Llama-8B,LoRA-v2,19830,2.8377817531305904,0.9226,8.902925101772264e-07,trainer_state_deepseekv2.json
DeepSeek-R1-Distill-Llama-8B · LoRA-v2,DeepSeek-R1-Distill-Llama-8B,LoRA-v2,19840,2.839212880143113,1.1835,8.747193484280658e-07,trainer_state_deepseekv2.json
DeepSeek-R1-Distill-Llama-8B · LoRA-v2,DeepSeek-R1-Distill-Llama-8B,LoRA-v2,19850,2.840644007155635,1.0385,8.592823935418659e-07,trainer_state_deepseekv2.json
DeepSeek-R1-Distill-Llama-8B · LoRA-v2,DeepSeek-R1-Distill-Llama-8B,LoRA-v2,19860,2.8420751341681574,1.1451,8.439816883198059e-07,trainer_state_deepseekv2.json
DeepSeek-R1-Distill-Llama-8B · LoRA-v2,DeepSeek-R1-Distill-Llama-8B,LoRA-v2,19870,2.84350626118068,1.1103,8.288172751852674e-07,trainer_state_deepseekv2.json
DeepSeek-R1-Distill-Llama-8B · LoRA-v2,DeepSeek-R1-Distill-Llama-8B,LoRA-v2,19880,2.8449373881932023,1.0972,8.137891961837618e-07,trainer_state_deepseekv2.json
DeepSeek-R1-Distill-Llama-8B · LoRA-v2,DeepSeek-R1-Distill-Llama-8B,LoRA-v2,19890,2.8463685152057243,1.1633,7.988974929827809e-07,trainer_state_deepseekv2.json
DeepSeek-R1-Distill-Llama-8B · LoRA-v2,DeepSeek-R1-Distill-Llama-8B,LoRA-v2,19900,2.8477996422182468,1.1189,7.841422068717075e-07,trainer_state_deepseekv2.json
DeepSeek-R1-Distill-Llama-8B · LoRA-v2,DeepSeek-R1-Distill-Llama-8B,LoRA-v2,19910,2.8492307692307692,1.1827,7.695233787616718e-07,trainer_state_deepseekv2.json
DeepSeek-R1-Distill-Llama-8B · LoRA-v2,DeepSeek-R1-Distill-Llama-8B,LoRA-v2,19920,2.8506618962432917,1.1209,7.550410491854676e-07,trainer_state_deepseekv2.json
DeepSeek-R1-Distill-Llama-8B · LoRA-v2,DeepSeek-R1-Distill-Llama-8B,LoRA-v2,19930,2.852093023255814,1.1141,7.406952582974302e-07,trainer_state_deepseekv2.json
DeepSeek-R1-Distill-Llama-8B · LoRA-v2,DeepSeek-R1-Distill-Llama-8B,LoRA-v2,19940,2.853524150268336,1.0855,7.264860458733036e-07,trainer_state_deepseekv2.json
DeepSeek-R1-Distill-Llama-8B · LoRA-v2,DeepSeek-R1-Distill-Llama-8B,LoRA-v2,19950,2.8549552772808586,1.1572,7.124134513101732e-07,trainer_state_deepseekv2.json
DeepSeek-R1-Distill-Llama-8B · LoRA-v2,DeepSeek-R1-Distill-Llama-8B,LoRA-v2,19960,2.856386404293381,1.198,6.984775136263111e-07,trainer_state_deepseekv2.json
DeepSeek-R1-Distill-Llama-8B · LoRA-v2,DeepSeek-R1-Distill-Llama-8B,LoRA-v2,19970,2.8578175313059035,1.1632,6.846782714611033e-07,trainer_state_deepseekv2.json
DeepSeek-R1-Distill-Llama-8B · LoRA-v2,DeepSeek-R1-Distill-Llama-8B,LoRA-v2,19980,2.8592486583184256,1.0563,6.71015763074917e-07,trainer_state_deepseekv2.json
DeepSeek-R1-Distill-Llama-8B · LoRA-v2,DeepSeek-R1-Distill-Llama-8B,LoRA-v2,19990,2.860679785330948,0.9665,6.574900263490002e-07,trainer_state_deepseekv2.json
DeepSeek-R1-Distill-Llama-8B · LoRA-v2,DeepSeek-R1-Distill-Llama-8B,LoRA-v2,20000,2.8621109123434705,1.0089,6.441010987854101e-07,trainer_state_deepseekv2.json
DeepSeek-R1-Distill-Llama-8B · LoRA-v2,DeepSeek-R1-Distill-Llama-8B,LoRA-v2,20010,2.863542039355993,1.0413,6.308490175068516e-07,trainer_state_deepseekv2.json
DeepSeek-R1-Distill-Llama-8B · LoRA-v2,DeepSeek-R1-Distill-Llama-8B,LoRA-v2,20020,2.8649731663685154,1.0794,6.177338192566163e-07,trainer_state_deepseekv2.json
DeepSeek-R1-Distill-Llama-8B · LoRA-v2,DeepSeek-R1-Distill-Llama-8B,LoRA-v2,20030,2.8664042933810374,1.1279,6.047555403984606e-07,trainer_state_deepseekv2.json
DeepSeek-R1-Distill-Llama-8B · LoRA-v2,DeepSeek-R1-Distill-Llama-8B,LoRA-v2,20040,2.86783542039356,1.156,5.919142169165282e-07,trainer_state_deepseekv2.json
DeepSeek-R1-Distill-Llama-8B · LoRA-v2,DeepSeek-R1-Distill-Llama-8B,LoRA-v2,20050,2.8692665474060823,0.9959,5.792098844152217e-07,trainer_state_deepseekv2.json
DeepSeek-R1-Distill-Llama-8B · LoRA-v2,DeepSeek-R1-Distill-Llama-8B,LoRA-v2,20060,2.870697674418605,1.0916,5.666425781191143e-07,trainer_state_deepseekv2.json
DeepSeek-R1-Distill-Llama-8B · LoRA-v2,DeepSeek-R1-Distill-Llama-8B,LoRA-v2,20070,2.872128801431127,1.121,5.542123328728555e-07,trainer_state_deepseekv2.json
DeepSeek-R1-Distill-Llama-8B · LoRA-v2,DeepSeek-R1-Distill-Llama-8B,LoRA-v2,20080,2.8735599284436493,1.099,5.419191831410875e-07,trainer_state_deepseekv2.json
DeepSeek-R1-Distill-Llama-8B · LoRA-v2,DeepSeek-R1-Distill-Llama-8B,LoRA-v2,20090,2.8749910554561717,1.1093,5.297631630083177e-07,trainer_state_deepseekv2.json
DeepSeek-R1-Distill-Llama-8B · LoRA-v2,DeepSeek-R1-Distill-Llama-8B,LoRA-v2,20100,2.876422182468694,1.075,5.177443061788523e-07,trainer_state_deepseekv2.json
DeepSeek-R1-Distill-Llama-8B · LoRA-v2,DeepSeek-R1-Distill-Llama-8B,LoRA-v2,20110,2.8778533094812166,0.9983,5.058626459766902e-07,trainer_state_deepseekv2.json
DeepSeek-R1-Distill-Llama-8B · LoRA-v2,DeepSeek-R1-Distill-Llama-8B,LoRA-v2,20120,2.8792844364937387,1.0566,4.941182153454404e-07,trainer_state_deepseekv2.json
DeepSeek-R1-Distill-Llama-8B · LoRA-v2,DeepSeek-R1-Distill-Llama-8B,LoRA-v2,20130,2.880715563506261,1.0354,4.825110468481997e-07,trainer_state_deepseekv2.json
DeepSeek-R1-Distill-Llama-8B · LoRA-v2,DeepSeek-R1-Distill-Llama-8B,LoRA-v2,20140,2.8821466905187836,1.0523,4.7104117266751345e-07,trainer_state_deepseekv2.json
DeepSeek-R1-Distill-Llama-8B · LoRA-v2,DeepSeek-R1-Distill-Llama-8B,LoRA-v2,20150,2.883577817531306,1.1121,4.597086246052429e-07,trainer_state_deepseekv2.json
DeepSeek-R1-Distill-Llama-8B · LoRA-v2,DeepSeek-R1-Distill-Llama-8B,LoRA-v2,20160,2.885008944543828,0.9625,4.4851343408249815e-07,trainer_state_deepseekv2.json
DeepSeek-R1-Distill-Llama-8B · LoRA-v2,DeepSeek-R1-Distill-Llama-8B,LoRA-v2,20170,2.8864400715563505,1.0949,4.3745563213954956e-07,trainer_state_deepseekv2.json
DeepSeek-R1-Distill-Llama-8B · LoRA-v2,DeepSeek-R1-Distill-Llama-8B,LoRA-v2,20180,2.887871198568873,1.156,4.265352494357222e-07,trainer_state_deepseekv2.json
DeepSeek-R1-Distill-Llama-8B · LoRA-v2,DeepSeek-R1-Distill-Llama-8B,LoRA-v2,20190,2.8893023255813954,1.0945,4.157523162493515e-07,trainer_state_deepseekv2.json
DeepSeek-R1-Distill-Llama-8B · LoRA-v2,DeepSeek-R1-Distill-Llama-8B,LoRA-v2,20200,2.890733452593918,0.972,4.051068624776555e-07,trainer_state_deepseekv2.json
DeepSeek-R1-Distill-Llama-8B · LoRA-v2,DeepSeek-R1-Distill-Llama-8B,LoRA-v2,20210,2.89216457960644,1.1468,3.9459891763667934e-07,trainer_state_deepseekv2.json
DeepSeek-R1-Distill-Llama-8B · LoRA-v2,DeepSeek-R1-Distill-Llama-8B,LoRA-v2,20220,2.8935957066189624,1.1486,3.842285108611954e-07,trainer_state_deepseekv2.json
DeepSeek-R1-Distill-Llama-8B · LoRA-v2,DeepSeek-R1-Distill-Llama-8B,LoRA-v2,20230,2.895026833631485,1.0814,3.7399567090464215e-07,trainer_state_deepseekv2.json
DeepSeek-R1-Distill-Llama-8B · LoRA-v2,DeepSeek-R1-Distill-Llama-8B,LoRA-v2,20240,2.8964579606440073,0.8978,3.639004261390355e-07,trainer_state_deepseekv2.json
DeepSeek-R1-Distill-Llama-8B · LoRA-v2,DeepSeek-R1-Distill-Llama-8B,LoRA-v2,20250,2.8978890876565293,1.2038,3.5394280455487425e-07,trainer_state_deepseekv2.json
DeepSeek-R1-Distill-Llama-8B · LoRA-v2,DeepSeek-R1-Distill-Llama-8B,LoRA-v2,20260,2.8993202146690518,1.057,3.4412283376110134e-07,trainer_state_deepseekv2.json
DeepSeek-R1-Distill-Llama-8B · LoRA-v2,DeepSeek-R1-Distill-Llama-8B,LoRA-v2,20270,2.9007513416815742,1.2143,3.3444054098498155e-07,trainer_state_deepseekv2.json
DeepSeek-R1-Distill-Llama-8B · LoRA-v2,DeepSeek-R1-Distill-Llama-8B,LoRA-v2,20280,2.9021824686940967,0.9801,3.2489595307205745e-07,trainer_state_deepseekv2.json
DeepSeek-R1-Distill-Llama-8B · LoRA-v2,DeepSeek-R1-Distill-Llama-8B,LoRA-v2,20290,2.903613595706619,1.1829,3.154890964860602e-07,trainer_state_deepseekv2.json
DeepSeek-R1-Distill-Llama-8B · LoRA-v2,DeepSeek-R1-Distill-Llama-8B,LoRA-v2,20300,2.905044722719141,1.0885,3.0621999730884863e-07,trainer_state_deepseekv2.json
DeepSeek-R1-Distill-Llama-8B · LoRA-v2,DeepSeek-R1-Distill-Llama-8B,LoRA-v2,20310,2.9064758497316636,1.2084,2.970886812403206e-07,trainer_state_deepseekv2.json
DeepSeek-R1-Distill-Llama-8B · LoRA-v2,DeepSeek-R1-Distill-Llama-8B,LoRA-v2,20320,2.907906976744186,1.1266,2.880951735983628e-07,trainer_state_deepseekv2.json
DeepSeek-R1-Distill-Llama-8B · LoRA-v2,DeepSeek-R1-Distill-Llama-8B,LoRA-v2,20330,2.9093381037567085,1.1057,2.792394993187508e-07,trainer_state_deepseekv2.json
DeepSeek-R1-Distill-Llama-8B · LoRA-v2,DeepSeek-R1-Distill-Llama-8B,LoRA-v2,20340,2.9107692307692306,1.1223,2.705216829551216e-07,trainer_state_deepseekv2.json
DeepSeek-R1-Distill-Llama-8B · LoRA-v2,DeepSeek-R1-Distill-Llama-8B,LoRA-v2,20350,2.912200357781753,1.0037,2.6194174867885113e-07,trainer_state_deepseekv2.json
DeepSeek-R1-Distill-Llama-8B · LoRA-v2,DeepSeek-R1-Distill-Llama-8B,LoRA-v2,20360,2.9136314847942755,1.0648,2.534997202790379e-07,trainer_state_deepseekv2.json
DeepSeek-R1-Distill-Llama-8B · LoRA-v2,DeepSeek-R1-Distill-Llama-8B,LoRA-v2,20370,2.915062611806798,0.9404,2.4519562116242513e-07,trainer_state_deepseekv2.json
DeepSeek-R1-Distill-Llama-8B · LoRA-v2,DeepSeek-R1-Distill-Llama-8B,LoRA-v2,20380,2.9164937388193204,1.1248,2.3702947435329527e-07,trainer_state_deepseekv2.json
DeepSeek-R1-Distill-Llama-8B · LoRA-v2,DeepSeek-R1-Distill-Llama-8B,LoRA-v2,20390,2.917924865831843,1.0809,2.2900130249347008e-07,trainer_state_deepseekv2.json
DeepSeek-R1-Distill-Llama-8B · LoRA-v2,DeepSeek-R1-Distill-Llama-8B,LoRA-v2,20400,2.919355992844365,0.9564,2.211111278422051e-07,trainer_state_deepseekv2.json
DeepSeek-R1-Distill-Llama-8B · LoRA-v2,DeepSeek-R1-Distill-Llama-8B,LoRA-v2,20410,2.9207871198568873,1.1307,2.1335897227613423e-07,trainer_state_deepseekv2.json
DeepSeek-R1-Distill-Llama-8B · LoRA-v2,DeepSeek-R1-Distill-Llama-8B,LoRA-v2,20420,2.92221824686941,1.2037,2.05744857289214e-07,trainer_state_deepseekv2.json
DeepSeek-R1-Distill-Llama-8B · LoRA-v2,DeepSeek-R1-Distill-Llama-8B,LoRA-v2,20430,2.923649373881932,1.1648,1.9826880399266278e-07,trainer_state_deepseekv2.json
DeepSeek-R1-Distill-Llama-8B · LoRA-v2,DeepSeek-R1-Distill-Llama-8B,LoRA-v2,20440,2.9250805008944543,1.0514,1.9093083311492176e-07,trainer_state_deepseekv2.json
DeepSeek-R1-Distill-Llama-8B · LoRA-v2,DeepSeek-R1-Distill-Llama-8B,LoRA-v2,20450,2.9265116279069767,1.028,1.837309650015495e-07,trainer_state_deepseekv2.json
DeepSeek-R1-Distill-Llama-8B · LoRA-v2,DeepSeek-R1-Distill-Llama-8B,LoRA-v2,20460,2.927942754919499,1.0861,1.7666921961521642e-07,trainer_state_deepseekv2.json
DeepSeek-R1-Distill-Llama-8B · LoRA-v2,DeepSeek-R1-Distill-Llama-8B,LoRA-v2,20470,2.9293738819320216,1.0732,1.697456165356215e-07,trainer_state_deepseekv2.json
DeepSeek-R1-Distill-Llama-8B · LoRA-v2,DeepSeek-R1-Distill-Llama-8B,LoRA-v2,20480,2.930805008944544,1.2067,1.6296017495944226e-07,trainer_state_deepseekv2.json
DeepSeek-R1-Distill-Llama-8B · LoRA-v2,DeepSeek-R1-Distill-Llama-8B,LoRA-v2,20490,2.932236135957066,1.0126,1.56312913700285e-07,trainer_state_deepseekv2.json
DeepSeek-R1-Distill-Llama-8B · LoRA-v2,DeepSeek-R1-Distill-Llama-8B,LoRA-v2,20500,2.9336672629695886,1.0307,1.498038511886346e-07,trainer_state_deepseekv2.json
DeepSeek-R1-Distill-Llama-8B · LoRA-v2,DeepSeek-R1-Distill-Llama-8B,LoRA-v2,20510,2.935098389982111,1.1021,1.4343300547179362e-07,trainer_state_deepseekv2.json
DeepSeek-R1-Distill-Llama-8B · LoRA-v2,DeepSeek-R1-Distill-Llama-8B,LoRA-v2,20520,2.936529516994633,1.1205,1.3720039421384335e-07,trainer_state_deepseekv2.json
DeepSeek-R1-Distill-Llama-8B · LoRA-v2,DeepSeek-R1-Distill-Llama-8B,LoRA-v2,20530,2.9379606440071555,1.1784,1.3110603469558835e-07,trainer_state_deepseekv2.json
DeepSeek-R1-Distill-Llama-8B · LoRA-v2,DeepSeek-R1-Distill-Llama-8B,LoRA-v2,20540,2.939391771019678,1.176,1.251499438145176e-07,trainer_state_deepseekv2.json
DeepSeek-R1-Distill-Llama-8B · LoRA-v2,DeepSeek-R1-Distill-Llama-8B,LoRA-v2,20550,2.9408228980322004,1.0784,1.193321380847323e-07,trainer_state_deepseekv2.json
DeepSeek-R1-Distill-Llama-8B · LoRA-v2,DeepSeek-R1-Distill-Llama-8B,LoRA-v2,20560,2.942254025044723,0.9824,1.1365263363694589e-07,trainer_state_deepseekv2.json
DeepSeek-R1-Distill-Llama-8B · LoRA-v2,DeepSeek-R1-Distill-Llama-8B,LoRA-v2,20570,2.9436851520572453,1.068,1.0811144621838964e-07,trainer_state_deepseekv2.json
DeepSeek-R1-Distill-Llama-8B · LoRA-v2,DeepSeek-R1-Distill-Llama-8B,LoRA-v2,20580,2.9451162790697674,1.0867,1.0270859119279608e-07,trainer_state_deepseekv2.json
DeepSeek-R1-Distill-Llama-8B · LoRA-v2,DeepSeek-R1-Distill-Llama-8B,LoRA-v2,20590,2.94654740608229,1.0891,9.744408354034895e-08,trainer_state_deepseekv2.json
DeepSeek-R1-Distill-Llama-8B · LoRA-v2,DeepSeek-R1-Distill-Llama-8B,LoRA-v2,20600,2.9479785330948123,1.0063,9.231793785765552e-08,trainer_state_deepseekv2.json
DeepSeek-R1-Distill-Llama-8B · LoRA-v2,DeepSeek-R1-Distill-Llama-8B,LoRA-v2,20610,2.9494096601073343,1.1669,8.733016835769103e-08,trainer_state_deepseekv2.json
DeepSeek-R1-Distill-Llama-8B · LoRA-v2,DeepSeek-R1-Distill-Llama-8B,LoRA-v2,20620,2.9508407871198568,1.0575,8.248078886974875e-08,trainer_state_deepseekv2.json
DeepSeek-R1-Distill-Llama-8B · LoRA-v2,DeepSeek-R1-Distill-Llama-8B,LoRA-v2,20630,2.952271914132379,1.1097,7.776981283942886e-08,trainer_state_deepseekv2.json
DeepSeek-R1-Distill-Llama-8B · LoRA-v2,DeepSeek-R1-Distill-Llama-8B,LoRA-v2,20640,2.9537030411449017,1.1833,7.319725332859407e-08,trainer_state_deepseekv2.json
DeepSeek-R1-Distill-Llama-8B · LoRA-v2,DeepSeek-R1-Distill-Llama-8B,LoRA-v2,20650,2.955134168157424,1.2086,6.876312301530852e-08,trainer_state_deepseekv2.json
DeepSeek-R1-Distill-Llama-8B · LoRA-v2,DeepSeek-R1-Distill-Llama-8B,LoRA-v2,20660,2.9565652951699466,1.1387,6.446743419384337e-08,trainer_state_deepseekv2.json
DeepSeek-R1-Distill-Llama-8B · LoRA-v2,DeepSeek-R1-Distill-Llama-8B,LoRA-v2,20670,2.9579964221824686,1.1909,6.031019877459909e-08,trainer_state_deepseekv2.json
DeepSeek-R1-Distill-Llama-8B · LoRA-v2,DeepSeek-R1-Distill-Llama-8B,LoRA-v2,20680,2.959427549194991,1.1458,5.629142828411094e-08,trainer_state_deepseekv2.json
DeepSeek-R1-Distill-Llama-8B · LoRA-v2,DeepSeek-R1-Distill-Llama-8B,LoRA-v2,20690,2.9608586762075135,1.172,5.2411133864993525e-08,trainer_state_deepseekv2.json
DeepSeek-R1-Distill-Llama-8B · LoRA-v2,DeepSeek-R1-Distill-Llama-8B,LoRA-v2,20700,2.9622898032200355,1.126,4.866932627591858e-08,trainer_state_deepseekv2.json
DeepSeek-R1-Distill-Llama-8B · LoRA-v2,DeepSeek-R1-Distill-Llama-8B,LoRA-v2,20710,2.963720930232558,1.1326,4.506601589158166e-08,trainer_state_deepseekv2.json
DeepSeek-R1-Distill-Llama-8B · LoRA-v2,DeepSeek-R1-Distill-Llama-8B,LoRA-v2,20720,2.9651520572450805,1.1185,4.1601212702679916e-08,trainer_state_deepseekv2.json
DeepSeek-R1-Distill-Llama-8B · LoRA-v2,DeepSeek-R1-Distill-Llama-8B,LoRA-v2,20730,2.966583184257603,1.0648,3.827492631586771e-08,trainer_state_deepseekv2.json
DeepSeek-R1-Distill-Llama-8B · LoRA-v2,DeepSeek-R1-Distill-Llama-8B,LoRA-v2,20740,2.9680143112701254,0.9924,3.5087165953751057e-08,trainer_state_deepseekv2.json
DeepSeek-R1-Distill-Llama-8B · LoRA-v2,DeepSeek-R1-Distill-Llama-8B,LoRA-v2,20750,2.969445438282648,1.1124,3.203794045485986e-08,trainer_state_deepseekv2.json
DeepSeek-R1-Distill-Llama-8B · LoRA-v2,DeepSeek-R1-Distill-Llama-8B,LoRA-v2,20760,2.97087656529517,1.1207,2.9127258273597968e-08,trainer_state_deepseekv2.json
DeepSeek-R1-Distill-Llama-8B · LoRA-v2,DeepSeek-R1-Distill-Llama-8B,LoRA-v2,20770,2.9723076923076923,1.1923,2.635512748024871e-08,trainer_state_deepseekv2.json
DeepSeek-R1-Distill-Llama-8B · LoRA-v2,DeepSeek-R1-Distill-Llama-8B,LoRA-v2,20780,2.9737388193202148,1.0706,2.3721555760947145e-08,trainer_state_deepseekv2.json
DeepSeek-R1-Distill-Llama-8B · LoRA-v2,DeepSeek-R1-Distill-Llama-8B,LoRA-v2,20790,2.975169946332737,1.1149,2.122655041764676e-08,trainer_state_deepseekv2.json
DeepSeek-R1-Distill-Llama-8B · LoRA-v2,DeepSeek-R1-Distill-Llama-8B,LoRA-v2,20800,2.9766010733452593,1.1096,1.8870118368097266e-08,trainer_state_deepseekv2.json
DeepSeek-R1-Distill-Llama-8B · LoRA-v2,DeepSeek-R1-Distill-Llama-8B,LoRA-v2,20810,2.9780322003577817,1.1715,1.665226614585569e-08,trainer_state_deepseekv2.json
DeepSeek-R1-Distill-Llama-8B · LoRA-v2,DeepSeek-R1-Distill-Llama-8B,LoRA-v2,20820,2.979463327370304,1.1212,1.4572999900225315e-08,trainer_state_deepseekv2.json
DeepSeek-R1-Distill-Llama-8B · LoRA-v2,DeepSeek-R1-Distill-Llama-8B,LoRA-v2,20830,2.9808944543828266,1.0019,1.2632325396272348e-08,trainer_state_deepseekv2.json
DeepSeek-R1-Distill-Llama-8B · LoRA-v2,DeepSeek-R1-Distill-Llama-8B,LoRA-v2,20840,2.982325581395349,1.1902,1.08302480147926e-08,trainer_state_deepseekv2.json
DeepSeek-R1-Distill-Llama-8B · LoRA-v2,DeepSeek-R1-Distill-Llama-8B,LoRA-v2,20850,2.983756708407871,1.0601,9.16677275230593e-09,trainer_state_deepseekv2.json
DeepSeek-R1-Distill-Llama-8B · LoRA-v2,DeepSeek-R1-Distill-Llama-8B,LoRA-v2,20860,2.9851878354203936,1.2917,7.641904221034057e-09,trainer_state_deepseekv2.json
DeepSeek-R1-Distill-Llama-8B · LoRA-v2,DeepSeek-R1-Distill-Llama-8B,LoRA-v2,20870,2.986618962432916,1.1177,6.255646648889446e-09,trainer_state_deepseekv2.json
DeepSeek-R1-Distill-Llama-8B · LoRA-v2,DeepSeek-R1-Distill-Llama-8B,LoRA-v2,20880,2.988050089445438,1.1754,5.008003879480861e-09,trainer_state_deepseekv2.json
DeepSeek-R1-Distill-Llama-8B · LoRA-v2,DeepSeek-R1-Distill-Llama-8B,LoRA-v2,20890,2.9894812164579605,1.079,3.898979372063405e-09,trainer_state_deepseekv2.json
DeepSeek-R1-Distill-Llama-8B · LoRA-v2,DeepSeek-R1-Distill-Llama-8B,LoRA-v2,20900,2.990912343470483,1.2576,2.92857620156628e-09,trainer_state_deepseekv2.json
DeepSeek-R1-Distill-Llama-8B · LoRA-v2,DeepSeek-R1-Distill-Llama-8B,LoRA-v2,20910,2.9923434704830054,1.1131,2.0967970585816787e-09,trainer_state_deepseekv2.json
DeepSeek-R1-Distill-Llama-8B · LoRA-v2,DeepSeek-R1-Distill-Llama-8B,LoRA-v2,20920,2.993774597495528,1.0811,1.4036442493314816e-09,trainer_state_deepseekv2.json
DeepSeek-R1-Distill-Llama-8B · LoRA-v2,DeepSeek-R1-Distill-Llama-8B,LoRA-v2,20930,2.9952057245080503,0.9941,8.491196956728064e-10,trainer_state_deepseekv2.json
DeepSeek-R1-Distill-Llama-8B · LoRA-v2,DeepSeek-R1-Distill-Llama-8B,LoRA-v2,20940,2.9966368515205724,1.0811,4.332249351146622e-10,trainer_state_deepseekv2.json
DeepSeek-R1-Distill-Llama-8B · LoRA-v2,DeepSeek-R1-Distill-Llama-8B,LoRA-v2,20950,2.998067978533095,1.1315,1.559611207846423e-10,trainer_state_deepseekv2.json
DeepSeek-R1-Distill-Llama-8B · LoRA-v2,DeepSeek-R1-Distill-Llama-8B,LoRA-v2,20960,2.9994991055456173,1.0545,1.7329021428924564e-11,trainer_state_deepseekv2.json
